iteration,game_nr,division,date,home,away,home_goals,away_goals
1,1,1,2025-09-09,Poland,Turkey,88.678534,106.70046
1,2,1,2025-09-09,Lithuania,Greece,90.071591,68.799734
1,3,1,2025-09-10,Finland,Georgia,104.61052,65.864956
1,4,1,2025-09-10,Germany,Slovenia,110.0377,87.299812
2,1,1,2025-09-09,Poland,Turkey,75.06387,104.87293
2,2,1,2025-09-09,Lithuania,Greece,57.933977,87.855739
2,3,1,2025-09-10,Finland,Georgia,120.65538,84.30484
2,4,1,2025-09-10,Germany,Slovenia,102.2484,104.96187
3,1,1,2025-09-09,Poland,Turkey,82.137231,89.737351
3,2,1,2025-09-09,Lithuania,Greece,76.408802,78.380208
3,3,1,2025-09-10,Finland,Georgia,67.845995,68.233547
3,4,1,2025-09-10,Germany,Slovenia,101.7014,90.163081
4,1,1,2025-09-09,Poland,Turkey,81.298947,79.907043
4,2,1,2025-09-09,Lithuania,Greece,104.5558,72.231629
4,3,1,2025-09-10,Finland,Georgia,88.155711,75.407398
4,4,1,2025-09-10,Germany,Slovenia,104.25326,118.18878
5,1,1,2025-09-09,Poland,Turkey,61.683339,87.444563
5,2,1,2025-09-09,Lithuania,Greece,100.20852,81.352931
5,3,1,2025-09-10,Finland,Georgia,101.47982,83.058725
5,4,1,2025-09-10,Germany,Slovenia,114.63317,84.915707
6,1,1,2025-09-09,Poland,Turkey,82.649467,96.350289
6,2,1,2025-09-09,Lithuania,Greece,70.751409,72.063136
6,3,1,2025-09-10,Finland,Georgia,83.752676,73.700348
6,4,1,2025-09-10,Germany,Slovenia,102.55408,80.505503
7,1,1,2025-09-09,Poland,Turkey,73.319278,92.556967
7,2,1,2025-09-09,Lithuania,Greece,82.123931,78.794456
7,3,1,2025-09-10,Finland,Georgia,99.787195,77.404099
7,4,1,2025-09-10,Germany,Slovenia,83.347625,81.001818
8,1,1,2025-09-09,Poland,Turkey,79.613473,92.128579
8,2,1,2025-09-09,Lithuania,Greece,99.639813,81.179966
8,3,1,2025-09-10,Finland,Georgia,106.83,85.917334
8,4,1,2025-09-10,Germany,Slovenia,93.590319,91.951339
9,1,1,2025-09-09,Poland,Turkey,64.338856,86.955911
9,2,1,2025-09-09,Lithuania,Greece,103.98439,74.987869
9,3,1,2025-09-10,Finland,Georgia,89.16722,87.244649
9,4,1,2025-09-10,Germany,Slovenia,113.99349,100.97579
10,1,1,2025-09-09,Poland,Turkey,72.194894,91.807381
10,2,1,2025-09-09,Lithuania,Greece,76.261437,70.372799
10,3,1,2025-09-10,Finland,Georgia,83.423037,78.470056
10,4,1,2025-09-10,Germany,Slovenia,96.851898,81.412239
11,1,1,2025-09-09,Poland,Turkey,77.349728,83.118024
11,2,1,2025-09-09,Lithuania,Greece,87.866611,73.386193
11,3,1,2025-09-10,Finland,Georgia,96.789098,63.34853
11,4,1,2025-09-10,Germany,Slovenia,110.75519,99.4823
12,1,1,2025-09-09,Poland,Turkey,80.987559,108.50064
12,2,1,2025-09-09,Lithuania,Greece,93.727163,63.74991
12,3,1,2025-09-10,Finland,Georgia,79.664053,62.653948
12,4,1,2025-09-10,Germany,Slovenia,76.986873,88.352937
13,1,1,2025-09-09,Poland,Turkey,68.749755,91.9051
13,2,1,2025-09-09,Lithuania,Greece,83.948558,79.589099
13,3,1,2025-09-10,Finland,Georgia,100.22303,77.301728
13,4,1,2025-09-10,Germany,Slovenia,96.924697,68.763984
14,1,1,2025-09-09,Poland,Turkey,93.615885,92.60968
14,2,1,2025-09-09,Lithuania,Greece,103.4025,51.863415
14,3,1,2025-09-10,Finland,Georgia,88.583715,76.862981
14,4,1,2025-09-10,Germany,Slovenia,109.43463,109.92191
15,1,1,2025-09-09,Poland,Turkey,77.772338,102.23488
15,2,1,2025-09-09,Lithuania,Greece,100.99735,76.383388
15,3,1,2025-09-10,Finland,Georgia,89.609249,59.677384000000004
15,4,1,2025-09-10,Germany,Slovenia,99.885036,90.570097
16,1,1,2025-09-09,Poland,Turkey,69.639429,100.39765
16,2,1,2025-09-09,Lithuania,Greece,85.10149,81.862429
16,3,1,2025-09-10,Finland,Georgia,94.964466,53.394402
16,4,1,2025-09-10,Germany,Slovenia,88.936635,71.718772
17,1,1,2025-09-09,Poland,Turkey,69.887337,97.387998
17,2,1,2025-09-09,Lithuania,Greece,91.196358,65.01626
17,3,1,2025-09-10,Finland,Georgia,92.148427,65.844041
17,4,1,2025-09-10,Germany,Slovenia,94.444453,82.569447
18,1,1,2025-09-09,Poland,Turkey,73.63447,86.876611
18,2,1,2025-09-09,Lithuania,Greece,85.149698,72.382417
18,3,1,2025-09-10,Finland,Georgia,72.773603,68.448166
18,4,1,2025-09-10,Germany,Slovenia,103.55335,78.459891
19,1,1,2025-09-09,Poland,Turkey,74.418181,94.469762
19,2,1,2025-09-09,Lithuania,Greece,71.344234,77.772001
19,3,1,2025-09-10,Finland,Georgia,111.58724,73.187503
19,4,1,2025-09-10,Germany,Slovenia,111.79923,82.121735
20,1,1,2025-09-09,Poland,Turkey,79.143731,94.596167
20,2,1,2025-09-09,Lithuania,Greece,79.96536,63.283228
20,3,1,2025-09-10,Finland,Georgia,110.0505,81.172171
20,4,1,2025-09-10,Germany,Slovenia,94.943752,100.08108
21,1,1,2025-09-09,Poland,Turkey,85.759771,93.923692
21,2,1,2025-09-09,Lithuania,Greece,88.646395,62.747749
21,3,1,2025-09-10,Finland,Georgia,95.932337,77.542969
21,4,1,2025-09-10,Germany,Slovenia,97.420983,71.430735
22,1,1,2025-09-09,Poland,Turkey,82.136179,84.417519
22,2,1,2025-09-09,Lithuania,Greece,105.84582,54.549898
22,3,1,2025-09-10,Finland,Georgia,90.912486,94.235554
22,4,1,2025-09-10,Germany,Slovenia,113.89971,78.218167
23,1,1,2025-09-09,Poland,Turkey,71.798208,98.8783
23,2,1,2025-09-09,Lithuania,Greece,71.455849,55.13627
23,3,1,2025-09-10,Finland,Georgia,102.5077,76.964468
23,4,1,2025-09-10,Germany,Slovenia,90.96853,80.178783
24,1,1,2025-09-09,Poland,Turkey,92.527636,74.190777
24,2,1,2025-09-09,Lithuania,Greece,82.786469,64.440694
24,3,1,2025-09-10,Finland,Georgia,93.456107,70.695717
24,4,1,2025-09-10,Germany,Slovenia,109.31653,86.850987
25,1,1,2025-09-09,Poland,Turkey,68.144111,94.182146
25,2,1,2025-09-09,Lithuania,Greece,69.58115,83.704194
25,3,1,2025-09-10,Finland,Georgia,80.073656,74.832561
25,4,1,2025-09-10,Germany,Slovenia,97.630899,77.258647
26,1,1,2025-09-09,Poland,Turkey,77.712818,73.860993
26,2,1,2025-09-09,Lithuania,Greece,77.045695,84.764286
26,3,1,2025-09-10,Finland,Georgia,89.216672,80.800376
26,4,1,2025-09-10,Germany,Slovenia,99.699938,73.918157
27,1,1,2025-09-09,Poland,Turkey,79.95773,91.856816
27,2,1,2025-09-09,Lithuania,Greece,70.273407,76.285981
27,3,1,2025-09-10,Finland,Georgia,85.395448,52.607686
27,4,1,2025-09-10,Germany,Slovenia,106.63268,81.278156
28,1,1,2025-09-09,Poland,Turkey,69.340279,87.809924
28,2,1,2025-09-09,Lithuania,Greece,94.377964,72.238231
28,3,1,2025-09-10,Finland,Georgia,106.69278,86.611324
28,4,1,2025-09-10,Germany,Slovenia,83.950054,72.812101
29,1,1,2025-09-09,Poland,Turkey,72.304883,79.178458
29,2,1,2025-09-09,Lithuania,Greece,84.484363,71.32063
29,3,1,2025-09-10,Finland,Georgia,75.327493,69.127464
29,4,1,2025-09-10,Germany,Slovenia,115.3814,95.007833
30,1,1,2025-09-09,Poland,Turkey,74.510816,78.687524
30,2,1,2025-09-09,Lithuania,Greece,99.460972,67.11523
30,3,1,2025-09-10,Finland,Georgia,97.017807,76.020673
30,4,1,2025-09-10,Germany,Slovenia,98.723703,90.907168
31,1,1,2025-09-09,Poland,Turkey,83.592067,103.78367
31,2,1,2025-09-09,Lithuania,Greece,79.089063,71.801695
31,3,1,2025-09-10,Finland,Georgia,86.116672,71.66736
31,4,1,2025-09-10,Germany,Slovenia,119.36028,69.373004
32,1,1,2025-09-09,Poland,Turkey,77.702868,96.293061
32,2,1,2025-09-09,Lithuania,Greece,79.545544,80.199759
32,3,1,2025-09-10,Finland,Georgia,91.257918,58.391962
32,4,1,2025-09-10,Germany,Slovenia,114.01344,84.959523
33,1,1,2025-09-09,Poland,Turkey,91.696542,90.514785
33,2,1,2025-09-09,Lithuania,Greece,84.862742,85.943383
33,3,1,2025-09-10,Finland,Georgia,104.74568,99.987755
33,4,1,2025-09-10,Germany,Slovenia,106.06126,88.334479
34,1,1,2025-09-09,Poland,Turkey,89.249507,102.83914
34,2,1,2025-09-09,Lithuania,Greece,82.003261,76.672255
34,3,1,2025-09-10,Finland,Georgia,85.125552,81.978557
34,4,1,2025-09-10,Germany,Slovenia,100.75098,89.977754
35,1,1,2025-09-09,Poland,Turkey,79.433549,101.75251
35,2,1,2025-09-09,Lithuania,Greece,93.26123,64.472231
35,3,1,2025-09-10,Finland,Georgia,120.92519,89.187645
35,4,1,2025-09-10,Germany,Slovenia,94.335533,101.34478
36,1,1,2025-09-09,Poland,Turkey,93.53784,80.788532
36,2,1,2025-09-09,Lithuania,Greece,81.358901,66.985566
36,3,1,2025-09-10,Finland,Georgia,96.14088,59.204641
36,4,1,2025-09-10,Germany,Slovenia,100.36049,62.915506
37,1,1,2025-09-09,Poland,Turkey,85.417911,97.337701
37,2,1,2025-09-09,Lithuania,Greece,84.024094,77.491682
37,3,1,2025-09-10,Finland,Georgia,110.03975,81.540664
37,4,1,2025-09-10,Germany,Slovenia,115.33725,90.702532
38,1,1,2025-09-09,Poland,Turkey,101.97658,91.654637
38,2,1,2025-09-09,Lithuania,Greece,90.247117,76.092386
38,3,1,2025-09-10,Finland,Georgia,105.91163,86.847587
38,4,1,2025-09-10,Germany,Slovenia,113.73904,94.477611
39,1,1,2025-09-09,Poland,Turkey,85.993286,101.45824
39,2,1,2025-09-09,Lithuania,Greece,74.184289,92.911214
39,3,1,2025-09-10,Finland,Georgia,105.34544,84.149633
39,4,1,2025-09-10,Germany,Slovenia,103.56545,100.81192
40,1,1,2025-09-09,Poland,Turkey,79.977605,90.41234
40,2,1,2025-09-09,Lithuania,Greece,78.14568,66.943285
40,3,1,2025-09-10,Finland,Georgia,98.6018,89.936897
40,4,1,2025-09-10,Germany,Slovenia,91.412607,77.822159
41,1,1,2025-09-09,Poland,Turkey,95.744529,60.926143
41,2,1,2025-09-09,Lithuania,Greece,88.4435,80.839116
41,3,1,2025-09-10,Finland,Georgia,104.07534,92.487492
41,4,1,2025-09-10,Germany,Slovenia,114.58728,72.545335
42,1,1,2025-09-09,Poland,Turkey,68.89653,88.612916
42,2,1,2025-09-09,Lithuania,Greece,105.12333,43.882234
42,3,1,2025-09-10,Finland,Georgia,100.84718,88.037605
42,4,1,2025-09-10,Germany,Slovenia,89.178745,87.951941
43,1,1,2025-09-09,Poland,Turkey,71.371791,88.485059
43,2,1,2025-09-09,Lithuania,Greece,90.992747,64.132006
43,3,1,2025-09-10,Finland,Georgia,85.71735,70.269991
43,4,1,2025-09-10,Germany,Slovenia,101.58029,90.220417
44,1,1,2025-09-09,Poland,Turkey,76.385258,81.970962
44,2,1,2025-09-09,Lithuania,Greece,81.67717,90.989995
44,3,1,2025-09-10,Finland,Georgia,90.01836,89.893401
44,4,1,2025-09-10,Germany,Slovenia,92.847811,76.768041
45,1,1,2025-09-09,Poland,Turkey,75.559873,97.906515
45,2,1,2025-09-09,Lithuania,Greece,91.0296,73.274913
45,3,1,2025-09-10,Finland,Georgia,66.500566,71.907947
45,4,1,2025-09-10,Germany,Slovenia,99.276602,73.702695
46,1,1,2025-09-09,Poland,Turkey,72.259903,87.536722
46,2,1,2025-09-09,Lithuania,Greece,99.088599,63.106904
46,3,1,2025-09-10,Finland,Georgia,91.375327,61.726822
46,4,1,2025-09-10,Germany,Slovenia,111.21629,98.089931000000007
47,1,1,2025-09-09,Poland,Turkey,77.625271,87.721418
47,2,1,2025-09-09,Lithuania,Greece,94.863787,77.796431
47,3,1,2025-09-10,Finland,Georgia,100.8924,85.977781
47,4,1,2025-09-10,Germany,Slovenia,100.95918,74.462558
48,1,1,2025-09-09,Poland,Turkey,62.380007,91.820635
48,2,1,2025-09-09,Lithuania,Greece,95.892714,77.091941
48,3,1,2025-09-10,Finland,Georgia,99.051355,89.247422
48,4,1,2025-09-10,Germany,Slovenia,98.062029,96.323706
49,1,1,2025-09-09,Poland,Turkey,79.354728,89.997438
49,2,1,2025-09-09,Lithuania,Greece,81.959926,80.958846
49,3,1,2025-09-10,Finland,Georgia,82.785794,91.077168
49,4,1,2025-09-10,Germany,Slovenia,102.65518,75.355513
50,1,1,2025-09-09,Poland,Turkey,67.049169,101.33021
50,2,1,2025-09-09,Lithuania,Greece,78.148702,73.924866
50,3,1,2025-09-10,Finland,Georgia,74.263768,74.023234
50,4,1,2025-09-10,Germany,Slovenia,89.42981,85.177965
51,1,1,2025-09-09,Poland,Turkey,62.73836,100.02705
51,2,1,2025-09-09,Lithuania,Greece,83.744082,66.394395
51,3,1,2025-09-10,Finland,Georgia,116.63906,81.572563
51,4,1,2025-09-10,Germany,Slovenia,98.342629,111.87662
52,1,1,2025-09-09,Poland,Turkey,76.876364,86.264747
52,2,1,2025-09-09,Lithuania,Greece,58.951387,73.95397
52,3,1,2025-09-10,Finland,Georgia,118.01061,93.024851
52,4,1,2025-09-10,Germany,Slovenia,91.972497,84.678684
53,1,1,2025-09-09,Poland,Turkey,79.183554,92.129205
53,2,1,2025-09-09,Lithuania,Greece,93.089995,84.636937
53,3,1,2025-09-10,Finland,Georgia,107.77287,78.882815
53,4,1,2025-09-10,Germany,Slovenia,105.78131,83.872724
54,1,1,2025-09-09,Poland,Turkey,77.03807,88.695066
54,2,1,2025-09-09,Lithuania,Greece,89.810568,60.79895
54,3,1,2025-09-10,Finland,Georgia,104.16452,73.736337
54,4,1,2025-09-10,Germany,Slovenia,109.24471,90.957895
55,1,1,2025-09-09,Poland,Turkey,82.059332,96.171959
55,2,1,2025-09-09,Lithuania,Greece,100.02795,93.575672
55,3,1,2025-09-10,Finland,Georgia,101.12977,80.347556
55,4,1,2025-09-10,Germany,Slovenia,129.33366,98.17285
56,1,1,2025-09-09,Poland,Turkey,81.937354,67.32349
56,2,1,2025-09-09,Lithuania,Greece,87.272282,69.004054
56,3,1,2025-09-10,Finland,Georgia,102.61842,77.542258
56,4,1,2025-09-10,Germany,Slovenia,129.82742,80.739273
57,1,1,2025-09-09,Poland,Turkey,73.02662,94.471021
57,2,1,2025-09-09,Lithuania,Greece,90.856511,96.932097
57,3,1,2025-09-10,Finland,Georgia,124.51512,85.452655
57,4,1,2025-09-10,Germany,Slovenia,111.3981,86.802274
58,1,1,2025-09-09,Poland,Turkey,66.485988,89.443967
58,2,1,2025-09-09,Lithuania,Greece,87.58802,77.88768
58,3,1,2025-09-10,Finland,Georgia,111.01083,74.328137
58,4,1,2025-09-10,Germany,Slovenia,109.19714,71.048122
59,1,1,2025-09-09,Poland,Turkey,81.953599,76.471349
59,2,1,2025-09-09,Lithuania,Greece,67.929547,63.984129
59,3,1,2025-09-10,Finland,Georgia,110.6845,82.220076
59,4,1,2025-09-10,Germany,Slovenia,100.57513,75.798209
60,1,1,2025-09-09,Poland,Turkey,73.514982,86.909556
60,2,1,2025-09-09,Lithuania,Greece,112.6507,64.828225
60,3,1,2025-09-10,Finland,Georgia,85.123007,69.720614
60,4,1,2025-09-10,Germany,Slovenia,105.62406,80.635878
61,1,1,2025-09-09,Poland,Turkey,68.333988,104.89395
61,2,1,2025-09-09,Lithuania,Greece,83.291059,52.520288
61,3,1,2025-09-10,Finland,Georgia,83.385584,68.100172
61,4,1,2025-09-10,Germany,Slovenia,101.75782,85.998664
62,1,1,2025-09-09,Poland,Turkey,75.099822,84.292697
62,2,1,2025-09-09,Lithuania,Greece,84.807584,88.015319
62,3,1,2025-09-10,Finland,Georgia,90.423338,79.234655
62,4,1,2025-09-10,Germany,Slovenia,103.98179,80.051891
63,1,1,2025-09-09,Poland,Turkey,95.227785,73.770792
63,2,1,2025-09-09,Lithuania,Greece,96.503193,86.874354
63,3,1,2025-09-10,Finland,Georgia,94.08089,87.29074
63,4,1,2025-09-10,Germany,Slovenia,94.605773,92.915066
64,1,1,2025-09-09,Poland,Turkey,94.962889,100.99338
64,2,1,2025-09-09,Lithuania,Greece,90.105435,87.472188
64,3,1,2025-09-10,Finland,Georgia,104.56991,75.816847
64,4,1,2025-09-10,Germany,Slovenia,113.85119,86.184832
65,1,1,2025-09-09,Poland,Turkey,64.354535,81.06513
65,2,1,2025-09-09,Lithuania,Greece,83.331602,81.665688
65,3,1,2025-09-10,Finland,Georgia,117.3004,72.904508
65,4,1,2025-09-10,Germany,Slovenia,123.50001,87.029307
66,1,1,2025-09-09,Poland,Turkey,71.638051,90.631836
66,2,1,2025-09-09,Lithuania,Greece,94.651018,72.240438
66,3,1,2025-09-10,Finland,Georgia,111.5043,75.538289
66,4,1,2025-09-10,Germany,Slovenia,102.43402,85.918031
67,1,1,2025-09-09,Poland,Turkey,80.221091,92.52193
67,2,1,2025-09-09,Lithuania,Greece,84.213526,77.82141
67,3,1,2025-09-10,Finland,Georgia,96.790061,99.333415
67,4,1,2025-09-10,Germany,Slovenia,93.868949,93.646567
68,1,1,2025-09-09,Poland,Turkey,70.545472,60.309729
68,2,1,2025-09-09,Lithuania,Greece,92.380782,68.607323
68,3,1,2025-09-10,Finland,Georgia,82.531943,83.669643
68,4,1,2025-09-10,Germany,Slovenia,81.6961,82.061114
69,1,1,2025-09-09,Poland,Turkey,65.684068,71.836863
69,2,1,2025-09-09,Lithuania,Greece,92.115435,101.96834
69,3,1,2025-09-10,Finland,Georgia,116.76015,59.941416
69,4,1,2025-09-10,Germany,Slovenia,105.51662,99.008595
70,1,1,2025-09-09,Poland,Turkey,86.423408,81.863456
70,2,1,2025-09-09,Lithuania,Greece,78.422968,80.294506
70,3,1,2025-09-10,Finland,Georgia,80.656946,86.614913
70,4,1,2025-09-10,Germany,Slovenia,100.98069,97.169711
71,1,1,2025-09-09,Poland,Turkey,76.828921,82.228537
71,2,1,2025-09-09,Lithuania,Greece,87.803732,95.816476
71,3,1,2025-09-10,Finland,Georgia,84.894208,93.535703
71,4,1,2025-09-10,Germany,Slovenia,103.14681,95.27753
72,1,1,2025-09-09,Poland,Turkey,67.17741,99.507092
72,2,1,2025-09-09,Lithuania,Greece,79.422366,87.812715
72,3,1,2025-09-10,Finland,Georgia,99.293427,86.374204
72,4,1,2025-09-10,Germany,Slovenia,96.64649,74.339416
73,1,1,2025-09-09,Poland,Turkey,69.589606,98.04738
73,2,1,2025-09-09,Lithuania,Greece,92.170855,83.588722
73,3,1,2025-09-10,Finland,Georgia,97.827896,83.116297
73,4,1,2025-09-10,Germany,Slovenia,89.096072,98.375541
74,1,1,2025-09-09,Poland,Turkey,72.97633,96.655442
74,2,1,2025-09-09,Lithuania,Greece,93.282483,91.454334
74,3,1,2025-09-10,Finland,Georgia,103.89853,73.762412
74,4,1,2025-09-10,Germany,Slovenia,101.18533,92.359462
75,1,1,2025-09-09,Poland,Turkey,70.304941,83.176814
75,2,1,2025-09-09,Lithuania,Greece,88.971965,77.458025
75,3,1,2025-09-10,Finland,Georgia,88.353649,69.914646
75,4,1,2025-09-10,Germany,Slovenia,112.5431,80.2037
76,1,1,2025-09-09,Poland,Turkey,68.39869,61.879847
76,2,1,2025-09-09,Lithuania,Greece,93.205843,90.542243
76,3,1,2025-09-10,Finland,Georgia,114.80495,73.411238
76,4,1,2025-09-10,Germany,Slovenia,108.49843,94.732136
77,1,1,2025-09-09,Poland,Turkey,71.191016,83.706163
77,2,1,2025-09-09,Lithuania,Greece,87.221608,73.394216
77,3,1,2025-09-10,Finland,Georgia,92.877978,95.486056
77,4,1,2025-09-10,Germany,Slovenia,106.71206,88.656247
78,1,1,2025-09-09,Poland,Turkey,95.039034,92.624773
78,2,1,2025-09-09,Lithuania,Greece,89.690743,97.73548
78,3,1,2025-09-10,Finland,Georgia,109.62485,78.185759
78,4,1,2025-09-10,Germany,Slovenia,89.485418,95.345073
79,1,1,2025-09-09,Poland,Turkey,73.203074,89.194206
79,2,1,2025-09-09,Lithuania,Greece,83.586987,74.94714
79,3,1,2025-09-10,Finland,Georgia,96.822838,90.91043
79,4,1,2025-09-10,Germany,Slovenia,98.088212,92.050247
80,1,1,2025-09-09,Poland,Turkey,59.624071,95.010462
80,2,1,2025-09-09,Lithuania,Greece,74.666822,77.295612
80,3,1,2025-09-10,Finland,Georgia,99.960815,91.792054
80,4,1,2025-09-10,Germany,Slovenia,82.655878,77.013609
81,1,1,2025-09-09,Poland,Turkey,93.790165,86.522638
81,2,1,2025-09-09,Lithuania,Greece,82.050073,92.729026
81,3,1,2025-09-10,Finland,Georgia,87.883022,78.814807
81,4,1,2025-09-10,Germany,Slovenia,101.07665,71.69878
82,1,1,2025-09-09,Poland,Turkey,82.136874,75.739871
82,2,1,2025-09-09,Lithuania,Greece,108.2829,62.457017
82,3,1,2025-09-10,Finland,Georgia,100.87789,68.83022
82,4,1,2025-09-10,Germany,Slovenia,91.891846,115.47061
83,1,1,2025-09-09,Poland,Turkey,78.818603,56.411704
83,2,1,2025-09-09,Lithuania,Greece,87.266382,84.490795
83,3,1,2025-09-10,Finland,Georgia,107.4189,87.789051
83,4,1,2025-09-10,Germany,Slovenia,103.4516,85.163356
84,1,1,2025-09-09,Poland,Turkey,82.355542,94.15066
84,2,1,2025-09-09,Lithuania,Greece,80.329255,78.051393
84,3,1,2025-09-10,Finland,Georgia,93.618246,61.615616
84,4,1,2025-09-10,Germany,Slovenia,100.23268,71.422554
85,1,1,2025-09-09,Poland,Turkey,76.58601,88.310943
85,2,1,2025-09-09,Lithuania,Greece,81.927602,85.888723
85,3,1,2025-09-10,Finland,Georgia,83.294466,99.215922
85,4,1,2025-09-10,Germany,Slovenia,122.77122,99.579262
86,1,1,2025-09-09,Poland,Turkey,89.435062,72.016637
86,2,1,2025-09-09,Lithuania,Greece,75.011238,73.309299
86,3,1,2025-09-10,Finland,Georgia,62.31027,46.643923
86,4,1,2025-09-10,Germany,Slovenia,89.560935,70.980507
87,1,1,2025-09-09,Poland,Turkey,78.786206,71.671819
87,2,1,2025-09-09,Lithuania,Greece,66.460596,76.851218
87,3,1,2025-09-10,Finland,Georgia,78.437008,61.467971
87,4,1,2025-09-10,Germany,Slovenia,100.20826,85.023399
88,1,1,2025-09-09,Poland,Turkey,69.706718,96.158981
88,2,1,2025-09-09,Lithuania,Greece,97.010079,71.627182
88,3,1,2025-09-10,Finland,Georgia,129.90632,79.517427
88,4,1,2025-09-10,Germany,Slovenia,95.995995,85.306899
89,1,1,2025-09-09,Poland,Turkey,85.919065,104.01442
89,2,1,2025-09-09,Lithuania,Greece,70.941165,70.391846
89,3,1,2025-09-10,Finland,Georgia,87.285631,84.834855
89,4,1,2025-09-10,Germany,Slovenia,111.6107,87.25822
90,1,1,2025-09-09,Poland,Turkey,90.90678,86.640366
90,2,1,2025-09-09,Lithuania,Greece,76.792314,79.971827
90,3,1,2025-09-10,Finland,Georgia,98.652369,69.278459
90,4,1,2025-09-10,Germany,Slovenia,98.491301000000007,84.707438
91,1,1,2025-09-09,Poland,Turkey,90.246466,60.143493
91,2,1,2025-09-09,Lithuania,Greece,112.2192,75.262259
91,3,1,2025-09-10,Finland,Georgia,66.488981,67.764744
91,4,1,2025-09-10,Germany,Slovenia,101.10949,94.671028
92,1,1,2025-09-09,Poland,Turkey,79.198507,101.35346
92,2,1,2025-09-09,Lithuania,Greece,83.310682,72.808579
92,3,1,2025-09-10,Finland,Georgia,97.339273,67.284958
92,4,1,2025-09-10,Germany,Slovenia,111.69269,91.324413
93,1,1,2025-09-09,Poland,Turkey,63.64672,83.748839
93,2,1,2025-09-09,Lithuania,Greece,86.316282,79.808721
93,3,1,2025-09-10,Finland,Georgia,94.249072,63.496456
93,4,1,2025-09-10,Germany,Slovenia,101.21404,85.48514
94,1,1,2025-09-09,Poland,Turkey,68.684328,72.959256
94,2,1,2025-09-09,Lithuania,Greece,91.635918,73.788136
94,3,1,2025-09-10,Finland,Georgia,91.448868,84.187694
94,4,1,2025-09-10,Germany,Slovenia,123.54037,88.822522
95,1,1,2025-09-09,Poland,Turkey,74.925392,80.285363
95,2,1,2025-09-09,Lithuania,Greece,101.63355,69.096792
95,3,1,2025-09-10,Finland,Georgia,95.419062,69.41163
95,4,1,2025-09-10,Germany,Slovenia,109.75098,87.631152
96,1,1,2025-09-09,Poland,Turkey,82.481906,86.828422
96,2,1,2025-09-09,Lithuania,Greece,69.398756,93.191241
96,3,1,2025-09-10,Finland,Georgia,93.622773,78.954532
96,4,1,2025-09-10,Germany,Slovenia,124.77416,114.27092
97,1,1,2025-09-09,Poland,Turkey,77.851412,93.62849
97,2,1,2025-09-09,Lithuania,Greece,95.072889,65.968681
97,3,1,2025-09-10,Finland,Georgia,90.27076,68.000612
97,4,1,2025-09-10,Germany,Slovenia,104.28311,69.928766
98,1,1,2025-09-09,Poland,Turkey,76.260455,84.934615
98,2,1,2025-09-09,Lithuania,Greece,76.921036,85.619805
98,3,1,2025-09-10,Finland,Georgia,102.53758,79.418817
98,4,1,2025-09-10,Germany,Slovenia,98.642325,84.632228
99,1,1,2025-09-09,Poland,Turkey,78.433891,97.967697
99,2,1,2025-09-09,Lithuania,Greece,83.086452,66.192116
99,3,1,2025-09-10,Finland,Georgia,110.1823,93.877102
99,4,1,2025-09-10,Germany,Slovenia,93.30448,61.496533
100,1,1,2025-09-09,Poland,Turkey,74.214577,84.838324
100,2,1,2025-09-09,Lithuania,Greece,75.9049,75.236908
100,3,1,2025-09-10,Finland,Georgia,98.104222,77.460658
100,4,1,2025-09-10,Germany,Slovenia,89.785791,81.002065
101,1,1,2025-09-09,Poland,Turkey,65.007827,91.644011
101,2,1,2025-09-09,Lithuania,Greece,70.147181,61.61574
101,3,1,2025-09-10,Finland,Georgia,107.42468,78.283367
101,4,1,2025-09-10,Germany,Slovenia,75.933045,78.57236
102,1,1,2025-09-09,Poland,Turkey,92.12459,82.581268
102,2,1,2025-09-09,Lithuania,Greece,85.161104,58.093696
102,3,1,2025-09-10,Finland,Georgia,90.634295,75.689439
102,4,1,2025-09-10,Germany,Slovenia,108.80378,92.731835
103,1,1,2025-09-09,Poland,Turkey,91.583598,102.46005
103,2,1,2025-09-09,Lithuania,Greece,77.270208,78.233905
103,3,1,2025-09-10,Finland,Georgia,100.61224,75.261382
103,4,1,2025-09-10,Germany,Slovenia,84.974835,67.225848
104,1,1,2025-09-09,Poland,Turkey,91.122546,80.530738
104,2,1,2025-09-09,Lithuania,Greece,82.850599,64.409042
104,3,1,2025-09-10,Finland,Georgia,108.43788,94.614284
104,4,1,2025-09-10,Germany,Slovenia,103.11264,75.747789
105,1,1,2025-09-09,Poland,Turkey,99.186837,95.035694
105,2,1,2025-09-09,Lithuania,Greece,82.68298,59.553077
105,3,1,2025-09-10,Finland,Georgia,83.74725,82.215769
105,4,1,2025-09-10,Germany,Slovenia,109.0304,89.153154
106,1,1,2025-09-09,Poland,Turkey,83.259623,86.087422
106,2,1,2025-09-09,Lithuania,Greece,86.582236,68.266739
106,3,1,2025-09-10,Finland,Georgia,72.985048,70.470249
106,4,1,2025-09-10,Germany,Slovenia,103.26001,82.336293
107,1,1,2025-09-09,Poland,Turkey,76.783966,96.681789
107,2,1,2025-09-09,Lithuania,Greece,63.699014,73.924546
107,3,1,2025-09-10,Finland,Georgia,106.02848,95.83734
107,4,1,2025-09-10,Germany,Slovenia,113.66462,97.462276
108,1,1,2025-09-09,Poland,Turkey,81.826419,81.27454
108,2,1,2025-09-09,Lithuania,Greece,92.539448,63.817585
108,3,1,2025-09-10,Finland,Georgia,97.445341,82.782846
108,4,1,2025-09-10,Germany,Slovenia,94.236291,58.04854
109,1,1,2025-09-09,Poland,Turkey,88.424053,93.781894
109,2,1,2025-09-09,Lithuania,Greece,89.420772,78.402406
109,3,1,2025-09-10,Finland,Georgia,92.403718,81.124794
109,4,1,2025-09-10,Germany,Slovenia,90.586948,88.750097
110,1,1,2025-09-09,Poland,Turkey,80.443093,81.527175
110,2,1,2025-09-09,Lithuania,Greece,96.445745,73.91281
110,3,1,2025-09-10,Finland,Georgia,112.44946,65.814755
110,4,1,2025-09-10,Germany,Slovenia,109.12241,79.059051
111,1,1,2025-09-09,Poland,Turkey,73.344325,82.336352
111,2,1,2025-09-09,Lithuania,Greece,91.550115,96.688314
111,3,1,2025-09-10,Finland,Georgia,86.186805,68.411966
111,4,1,2025-09-10,Germany,Slovenia,114.77671,95.389564
112,1,1,2025-09-09,Poland,Turkey,72.761075,74.7733
112,2,1,2025-09-09,Lithuania,Greece,69.643486,51.694753
112,3,1,2025-09-10,Finland,Georgia,95.49112,61.921415
112,4,1,2025-09-10,Germany,Slovenia,104.701,80.976846
113,1,1,2025-09-09,Poland,Turkey,75.034244,83.241616
113,2,1,2025-09-09,Lithuania,Greece,80.315934,77.453689
113,3,1,2025-09-10,Finland,Georgia,65.244879,82.21981
113,4,1,2025-09-10,Germany,Slovenia,114.99503,80.951593
114,1,1,2025-09-09,Poland,Turkey,68.624452,80.318574
114,2,1,2025-09-09,Lithuania,Greece,78.376076,68.161219
114,3,1,2025-09-10,Finland,Georgia,83.413964000000007,68.69728
114,4,1,2025-09-10,Germany,Slovenia,97.040288,82.496817
115,1,1,2025-09-09,Poland,Turkey,76.56397,103.23915
115,2,1,2025-09-09,Lithuania,Greece,88.252511,72.712604
115,3,1,2025-09-10,Finland,Georgia,72.747368,54.513188
115,4,1,2025-09-10,Germany,Slovenia,110.32026,93.559979
116,1,1,2025-09-09,Poland,Turkey,81.130456,98.44152
116,2,1,2025-09-09,Lithuania,Greece,80.694487,91.694446
116,3,1,2025-09-10,Finland,Georgia,87.653603,87.62102
116,4,1,2025-09-10,Germany,Slovenia,85.181423,73.541981
117,1,1,2025-09-09,Poland,Turkey,79.363425,87.999514
117,2,1,2025-09-09,Lithuania,Greece,83.191501,75.729405
117,3,1,2025-09-10,Finland,Georgia,68.212425,56.763205
117,4,1,2025-09-10,Germany,Slovenia,93.059423,79.375483
118,1,1,2025-09-09,Poland,Turkey,98.916018,89.221985
118,2,1,2025-09-09,Lithuania,Greece,92.439604,75.156256
118,3,1,2025-09-10,Finland,Georgia,85.211028,82.624686
118,4,1,2025-09-10,Germany,Slovenia,116.85612,88.709332
119,1,1,2025-09-09,Poland,Turkey,81.121033,93.601619
119,2,1,2025-09-09,Lithuania,Greece,97.339346,77.371406
119,3,1,2025-09-10,Finland,Georgia,99.5017,72.24698
119,4,1,2025-09-10,Germany,Slovenia,114.82929,110.27296
120,1,1,2025-09-09,Poland,Turkey,67.997995,68.120877
120,2,1,2025-09-09,Lithuania,Greece,89.565787,61.912803
120,3,1,2025-09-10,Finland,Georgia,106.28524,74.535875
120,4,1,2025-09-10,Germany,Slovenia,114.28502,107.42288
121,1,1,2025-09-09,Poland,Turkey,69.650991,91.724368
121,2,1,2025-09-09,Lithuania,Greece,93.299917,86.712929
121,3,1,2025-09-10,Finland,Georgia,110.84866,57.491128
121,4,1,2025-09-10,Germany,Slovenia,98.11796,101.86899
122,1,1,2025-09-09,Poland,Turkey,75.892487,98.136175
122,2,1,2025-09-09,Lithuania,Greece,93.585237,68.190939
122,3,1,2025-09-10,Finland,Georgia,97.388528,91.073641
122,4,1,2025-09-10,Germany,Slovenia,98.674776,109.48998
123,1,1,2025-09-09,Poland,Turkey,72.094052,76.39041
123,2,1,2025-09-09,Lithuania,Greece,87.397695,92.071989
123,3,1,2025-09-10,Finland,Georgia,74.806186,70.722632
123,4,1,2025-09-10,Germany,Slovenia,98.889891,87.533033
124,1,1,2025-09-09,Poland,Turkey,79.204079,96.125003
124,2,1,2025-09-09,Lithuania,Greece,84.24131,76.695319
124,3,1,2025-09-10,Finland,Georgia,79.701474,70.049766
124,4,1,2025-09-10,Germany,Slovenia,125.87181,97.484446
125,1,1,2025-09-09,Poland,Turkey,93.806733,81.057413
125,2,1,2025-09-09,Lithuania,Greece,81.797734,69.359798
125,3,1,2025-09-10,Finland,Georgia,101.62059000000001,80.682487
125,4,1,2025-09-10,Germany,Slovenia,94.217632,102.27505
126,1,1,2025-09-09,Poland,Turkey,75.181023,86.036058
126,2,1,2025-09-09,Lithuania,Greece,102.77637,85.958106
126,3,1,2025-09-10,Finland,Georgia,108.93449,84.458941
126,4,1,2025-09-10,Germany,Slovenia,98.751525,83.619363
127,1,1,2025-09-09,Poland,Turkey,100.22352,101.17438
127,2,1,2025-09-09,Lithuania,Greece,66.425323,59.626821
127,3,1,2025-09-10,Finland,Georgia,93.032973,70.428
127,4,1,2025-09-10,Germany,Slovenia,110.97433,94.259963
128,1,1,2025-09-09,Poland,Turkey,63.76408,90.220204
128,2,1,2025-09-09,Lithuania,Greece,65.259399,84.380785
128,3,1,2025-09-10,Finland,Georgia,97.377018,84.154456
128,4,1,2025-09-10,Germany,Slovenia,88.87927,85.499083
129,1,1,2025-09-09,Poland,Turkey,89.480253,94.478627
129,2,1,2025-09-09,Lithuania,Greece,89.576086,69.74665
129,3,1,2025-09-10,Finland,Georgia,61.507732,78.250964
129,4,1,2025-09-10,Germany,Slovenia,93.4241,53.523277
130,1,1,2025-09-09,Poland,Turkey,57.621259,84.654093
130,2,1,2025-09-09,Lithuania,Greece,101.41358,72.959897
130,3,1,2025-09-10,Finland,Georgia,105.58514,77.761241
130,4,1,2025-09-10,Germany,Slovenia,108.8471,96.207612
131,1,1,2025-09-09,Poland,Turkey,81.087288,67.761889
131,2,1,2025-09-09,Lithuania,Greece,107.67469,91.742486
131,3,1,2025-09-10,Finland,Georgia,106.34717,80.219944
131,4,1,2025-09-10,Germany,Slovenia,113.83945,76.043306
132,1,1,2025-09-09,Poland,Turkey,92.622751,107.08359
132,2,1,2025-09-09,Lithuania,Greece,83.748003,80.487967
132,3,1,2025-09-10,Finland,Georgia,92.395173,65.210463
132,4,1,2025-09-10,Germany,Slovenia,100.04017,92.718219
133,1,1,2025-09-09,Poland,Turkey,87.620826,83.125705
133,2,1,2025-09-09,Lithuania,Greece,85.105399,82.551644
133,3,1,2025-09-10,Finland,Georgia,71.222407,62.871583
133,4,1,2025-09-10,Germany,Slovenia,99.256792,105.83347
134,1,1,2025-09-09,Poland,Turkey,88.783208,92.715647
134,2,1,2025-09-09,Lithuania,Greece,98.275606,85.937115
134,3,1,2025-09-10,Finland,Georgia,94.603806,87.205197
134,4,1,2025-09-10,Germany,Slovenia,98.84416,91.004684
135,1,1,2025-09-09,Poland,Turkey,76.989867,92.016598
135,2,1,2025-09-09,Lithuania,Greece,95.529485,62.42434
135,3,1,2025-09-10,Finland,Georgia,114.71481,83.314848
135,4,1,2025-09-10,Germany,Slovenia,106.98099,88.909011
136,1,1,2025-09-09,Poland,Turkey,64.000513,83.706165
136,2,1,2025-09-09,Lithuania,Greece,89.383462,74.420502
136,3,1,2025-09-10,Finland,Georgia,104.7965,91.449245
136,4,1,2025-09-10,Germany,Slovenia,105.8948,91.63881
137,1,1,2025-09-09,Poland,Turkey,80.700263,96.241651
137,2,1,2025-09-09,Lithuania,Greece,85.006225,65.862546
137,3,1,2025-09-10,Finland,Georgia,103.18987,78.261135
137,4,1,2025-09-10,Germany,Slovenia,105.18004,96.615758
138,1,1,2025-09-09,Poland,Turkey,82.762874,91.74549
138,2,1,2025-09-09,Lithuania,Greece,88.789168,57.207213
138,3,1,2025-09-10,Finland,Georgia,97.061203,77.82777
138,4,1,2025-09-10,Germany,Slovenia,122.35809,78.800616
139,1,1,2025-09-09,Poland,Turkey,71.350006,81.704298
139,2,1,2025-09-09,Lithuania,Greece,91.940192,84.757805
139,3,1,2025-09-10,Finland,Georgia,95.991671,65.347794
139,4,1,2025-09-10,Germany,Slovenia,105.10778,72.607554
140,1,1,2025-09-09,Poland,Turkey,76.630979,81.857572
140,2,1,2025-09-09,Lithuania,Greece,105.88179,82.529103
140,3,1,2025-09-10,Finland,Georgia,96.784239,82.514769
140,4,1,2025-09-10,Germany,Slovenia,99.492844,82.684934
141,1,1,2025-09-09,Poland,Turkey,83.885112,97.380804
141,2,1,2025-09-09,Lithuania,Greece,90.720501,71.580831
141,3,1,2025-09-10,Finland,Georgia,92.567874,91.77454
141,4,1,2025-09-10,Germany,Slovenia,78.661266,89.979423
142,1,1,2025-09-09,Poland,Turkey,81.422457,91.588043
142,2,1,2025-09-09,Lithuania,Greece,98.848297,73.084728
142,3,1,2025-09-10,Finland,Georgia,94.577349,62.086024
142,4,1,2025-09-10,Germany,Slovenia,89.576593,86.64847
143,1,1,2025-09-09,Poland,Turkey,76.181489,76.791079
143,2,1,2025-09-09,Lithuania,Greece,91.147274,84.642697
143,3,1,2025-09-10,Finland,Georgia,86.221082,66.948343
143,4,1,2025-09-10,Germany,Slovenia,87.900727,81.779935
144,1,1,2025-09-09,Poland,Turkey,75.83952,89.372707
144,2,1,2025-09-09,Lithuania,Greece,81.500462,61.251938
144,3,1,2025-09-10,Finland,Georgia,87.806284,70.946366
144,4,1,2025-09-10,Germany,Slovenia,91.582755,80.351518
145,1,1,2025-09-09,Poland,Turkey,78.584744,83.312563
145,2,1,2025-09-09,Lithuania,Greece,98.562276,85.364668
145,3,1,2025-09-10,Finland,Georgia,81.905583,66.323728
145,4,1,2025-09-10,Germany,Slovenia,85.578695,68.781065
146,1,1,2025-09-09,Poland,Turkey,68.237137,85.500464
146,2,1,2025-09-09,Lithuania,Greece,96.888662,78.430964
146,3,1,2025-09-10,Finland,Georgia,76.875726,86.526847
146,4,1,2025-09-10,Germany,Slovenia,105.16142,93.751294
147,1,1,2025-09-09,Poland,Turkey,60.720239,81.696185
147,2,1,2025-09-09,Lithuania,Greece,89.235457,83.448796
147,3,1,2025-09-10,Finland,Georgia,100.45235,72.209514
147,4,1,2025-09-10,Germany,Slovenia,100.43081,92.086766
148,1,1,2025-09-09,Poland,Turkey,83.712185,92.648381
148,2,1,2025-09-09,Lithuania,Greece,90.116248,89.289892
148,3,1,2025-09-10,Finland,Georgia,84.423825,67.286313
148,4,1,2025-09-10,Germany,Slovenia,112.05146,103.6225
149,1,1,2025-09-09,Poland,Turkey,76.76152,85.736599
149,2,1,2025-09-09,Lithuania,Greece,63.56251,55.453203
149,3,1,2025-09-10,Finland,Georgia,72.848708,50.187248
149,4,1,2025-09-10,Germany,Slovenia,120.63709,96.298958
150,1,1,2025-09-09,Poland,Turkey,73.477914,82.882887
150,2,1,2025-09-09,Lithuania,Greece,68.987405,69.332393
150,3,1,2025-09-10,Finland,Georgia,95.499845,73.383115
150,4,1,2025-09-10,Germany,Slovenia,98.156255,96.290266
151,1,1,2025-09-09,Poland,Turkey,70.961711,95.844694
151,2,1,2025-09-09,Lithuania,Greece,88.869469,87.251615
151,3,1,2025-09-10,Finland,Georgia,106.96764,64.582228
151,4,1,2025-09-10,Germany,Slovenia,105.72296,85.334995
152,1,1,2025-09-09,Poland,Turkey,80.764858,84.521641
152,2,1,2025-09-09,Lithuania,Greece,90.692267,60.853161
152,3,1,2025-09-10,Finland,Georgia,100.60639,74.46554
152,4,1,2025-09-10,Germany,Slovenia,93.980397,74.760575
153,1,1,2025-09-09,Poland,Turkey,82.723249,107.88105
153,2,1,2025-09-09,Lithuania,Greece,94.788834,81.453922
153,3,1,2025-09-10,Finland,Georgia,70.421937,69.230824
153,4,1,2025-09-10,Germany,Slovenia,72.476804,80.751451
154,1,1,2025-09-09,Poland,Turkey,75.669472,92.25417
154,2,1,2025-09-09,Lithuania,Greece,85.753956,83.465794
154,3,1,2025-09-10,Finland,Georgia,90.709245,61.826454
154,4,1,2025-09-10,Germany,Slovenia,123.81263,79.450648
155,1,1,2025-09-09,Poland,Turkey,101.33146,91.241651
155,2,1,2025-09-09,Lithuania,Greece,105.70622,83.329801
155,3,1,2025-09-10,Finland,Georgia,96.594081,66.677727
155,4,1,2025-09-10,Germany,Slovenia,78.10869,72.736828
156,1,1,2025-09-09,Poland,Turkey,82.043284,101.1226
156,2,1,2025-09-09,Lithuania,Greece,83.908635,83.158228
156,3,1,2025-09-10,Finland,Georgia,74.358267,68.406578
156,4,1,2025-09-10,Germany,Slovenia,103.60327,91.047934
157,1,1,2025-09-09,Poland,Turkey,76.554105,99.530139
157,2,1,2025-09-09,Lithuania,Greece,93.999822,50.086587
157,3,1,2025-09-10,Finland,Georgia,108.52327,66.20096
157,4,1,2025-09-10,Germany,Slovenia,111.99468,90.973034
158,1,1,2025-09-09,Poland,Turkey,74.782112,104.61565
158,2,1,2025-09-09,Lithuania,Greece,68.102043,69.428721
158,3,1,2025-09-10,Finland,Georgia,89.617814,80.227447
158,4,1,2025-09-10,Germany,Slovenia,109.94751,102.63606
159,1,1,2025-09-09,Poland,Turkey,49.983626,88.342565
159,2,1,2025-09-09,Lithuania,Greece,80.67072,69.72887
159,3,1,2025-09-10,Finland,Georgia,110.47038,75.661749
159,4,1,2025-09-10,Germany,Slovenia,101.39672,81.177242
160,1,1,2025-09-09,Poland,Turkey,81.18291,80.310762
160,2,1,2025-09-09,Lithuania,Greece,105.15612,92.740338
160,3,1,2025-09-10,Finland,Georgia,106.26073,68.325857
160,4,1,2025-09-10,Germany,Slovenia,97.046644,79.820423
161,1,1,2025-09-09,Poland,Turkey,59.160653,58.571782
161,2,1,2025-09-09,Lithuania,Greece,95.802988,68.729839
161,3,1,2025-09-10,Finland,Georgia,88.215298,71.154835
161,4,1,2025-09-10,Germany,Slovenia,88.151013,86.997212
162,1,1,2025-09-09,Poland,Turkey,72.986941,75.821191
162,2,1,2025-09-09,Lithuania,Greece,81.810023,90.07627
162,3,1,2025-09-10,Finland,Georgia,110.3554,85.931938
162,4,1,2025-09-10,Germany,Slovenia,76.122329,75.696652
163,1,1,2025-09-09,Poland,Turkey,87.307639,97.235253
163,2,1,2025-09-09,Lithuania,Greece,85.810067,72.63534
163,3,1,2025-09-10,Finland,Georgia,97.645108,76.07854
163,4,1,2025-09-10,Germany,Slovenia,99.179509,71.874438
164,1,1,2025-09-09,Poland,Turkey,70.138777,97.986226
164,2,1,2025-09-09,Lithuania,Greece,97.682488,96.817996
164,3,1,2025-09-10,Finland,Georgia,97.73876,70.145879
164,4,1,2025-09-10,Germany,Slovenia,97.815876,101.9826
165,1,1,2025-09-09,Poland,Turkey,99.634082,100.11313
165,2,1,2025-09-09,Lithuania,Greece,80.301376,75.808534
165,3,1,2025-09-10,Finland,Georgia,111.45327,85.193055
165,4,1,2025-09-10,Germany,Slovenia,121.46105,55.27925
166,1,1,2025-09-09,Poland,Turkey,75.934606,103.99715
166,2,1,2025-09-09,Lithuania,Greece,82.342179,75.916568
166,3,1,2025-09-10,Finland,Georgia,110.71939,77.21784
166,4,1,2025-09-10,Germany,Slovenia,108.69268,80.309758
167,1,1,2025-09-09,Poland,Turkey,81.716913,105.13144
167,2,1,2025-09-09,Lithuania,Greece,94.508801,77.436474
167,3,1,2025-09-10,Finland,Georgia,103.02522,80.518851
167,4,1,2025-09-10,Germany,Slovenia,112.49278,78.616659
168,1,1,2025-09-09,Poland,Turkey,83.932295,78.241878
168,2,1,2025-09-09,Lithuania,Greece,87.945406,76.569897
168,3,1,2025-09-10,Finland,Georgia,93.793494,90.148994
168,4,1,2025-09-10,Germany,Slovenia,106.2842,71.823285
169,1,1,2025-09-09,Poland,Turkey,73.171454,85.486416
169,2,1,2025-09-09,Lithuania,Greece,85.132988,82.501995
169,3,1,2025-09-10,Finland,Georgia,71.186056,67.997326
169,4,1,2025-09-10,Germany,Slovenia,105.15164,62.791345
170,1,1,2025-09-09,Poland,Turkey,91.905178,55.902096
170,2,1,2025-09-09,Lithuania,Greece,80.402272,71.885716
170,3,1,2025-09-10,Finland,Georgia,91.273687,77.042651
170,4,1,2025-09-10,Germany,Slovenia,88.938479,93.647107
171,1,1,2025-09-09,Poland,Turkey,61.104762,73.56643
171,2,1,2025-09-09,Lithuania,Greece,74.75022,82.242967
171,3,1,2025-09-10,Finland,Georgia,112.60021,87.834606
171,4,1,2025-09-10,Germany,Slovenia,108.95202,83.34726
172,1,1,2025-09-09,Poland,Turkey,81.138263,110.70224
172,2,1,2025-09-09,Lithuania,Greece,78.928013000000007,67.629125
172,3,1,2025-09-10,Finland,Georgia,101.58637,81.575511
172,4,1,2025-09-10,Germany,Slovenia,109.16911,76.395665
173,1,1,2025-09-09,Poland,Turkey,55.413257,74.35997
173,2,1,2025-09-09,Lithuania,Greece,101.63011,75.877838
173,3,1,2025-09-10,Finland,Georgia,106.0719,79.679797
173,4,1,2025-09-10,Germany,Slovenia,96.473147,89.885401
174,1,1,2025-09-09,Poland,Turkey,87.823795,81.633437
174,2,1,2025-09-09,Lithuania,Greece,87.924123,70.255263
174,3,1,2025-09-10,Finland,Georgia,89.369454,79.836702
174,4,1,2025-09-10,Germany,Slovenia,114.73759,105.36669
175,1,1,2025-09-09,Poland,Turkey,75.539031,93.577458
175,2,1,2025-09-09,Lithuania,Greece,75.349297000000007,86.149447
175,3,1,2025-09-10,Finland,Georgia,95.853039,70.800232
175,4,1,2025-09-10,Germany,Slovenia,87.455433,88.182872
176,1,1,2025-09-09,Poland,Turkey,91.874132,92.723417
176,2,1,2025-09-09,Lithuania,Greece,90.552593,86.434756
176,3,1,2025-09-10,Finland,Georgia,111.92981,85.232337
176,4,1,2025-09-10,Germany,Slovenia,117.40556,104.08715
177,1,1,2025-09-09,Poland,Turkey,76.953699,78.620952
177,2,1,2025-09-09,Lithuania,Greece,99.350047,82.097322
177,3,1,2025-09-10,Finland,Georgia,99.377347,89.178978
177,4,1,2025-09-10,Germany,Slovenia,102.30649,103.61099
178,1,1,2025-09-09,Poland,Turkey,77.875629,91.108809
178,2,1,2025-09-09,Lithuania,Greece,104.43694,86.160784
178,3,1,2025-09-10,Finland,Georgia,108.50887,80.876405
178,4,1,2025-09-10,Germany,Slovenia,107.17672,88.169602
179,1,1,2025-09-09,Poland,Turkey,70.291134,88.664901
179,2,1,2025-09-09,Lithuania,Greece,86.064033,92.956264
179,3,1,2025-09-10,Finland,Georgia,118.76239,87.673189
179,4,1,2025-09-10,Germany,Slovenia,116.74047,69.176849
180,1,1,2025-09-09,Poland,Turkey,71.235308,86.074743
180,2,1,2025-09-09,Lithuania,Greece,88.962845,73.253879
180,3,1,2025-09-10,Finland,Georgia,100.83802,76.902508
180,4,1,2025-09-10,Germany,Slovenia,117.49378,88.214803
181,1,1,2025-09-09,Poland,Turkey,89.384508,72.903027
181,2,1,2025-09-09,Lithuania,Greece,76.410172,74.650874
181,3,1,2025-09-10,Finland,Georgia,90.410087,69.679602
181,4,1,2025-09-10,Germany,Slovenia,103.83198,72.187346
182,1,1,2025-09-09,Poland,Turkey,56.132209,74.207266
182,2,1,2025-09-09,Lithuania,Greece,60.853307,63.480381
182,3,1,2025-09-10,Finland,Georgia,112.01307,64.63501
182,4,1,2025-09-10,Germany,Slovenia,97.626816,77.155242
183,1,1,2025-09-09,Poland,Turkey,75.151872,96.159827
183,2,1,2025-09-09,Lithuania,Greece,103.33613,65.367311
183,3,1,2025-09-10,Finland,Georgia,98.073687,66.762672
183,4,1,2025-09-10,Germany,Slovenia,93.623705,93.379455
184,1,1,2025-09-09,Poland,Turkey,82.768017,72.41075
184,2,1,2025-09-09,Lithuania,Greece,76.139896,74.318205
184,3,1,2025-09-10,Finland,Georgia,95.496404,68.844075
184,4,1,2025-09-10,Germany,Slovenia,98.071226,84.237247
185,1,1,2025-09-09,Poland,Turkey,94.64927,79.704571
185,2,1,2025-09-09,Lithuania,Greece,83.339665,64.407807
185,3,1,2025-09-10,Finland,Georgia,102.5272,87.957391
185,4,1,2025-09-10,Germany,Slovenia,96.607125,83.380798
186,1,1,2025-09-09,Poland,Turkey,73.441207,78.454458
186,2,1,2025-09-09,Lithuania,Greece,81.186871,80.12762
186,3,1,2025-09-10,Finland,Georgia,87.159019,73.098639
186,4,1,2025-09-10,Germany,Slovenia,94.712177,93.277136
187,1,1,2025-09-09,Poland,Turkey,73.782476,84.986931
187,2,1,2025-09-09,Lithuania,Greece,109.20055,78.195067
187,3,1,2025-09-10,Finland,Georgia,127.41222,98.09342
187,4,1,2025-09-10,Germany,Slovenia,88.607813,89.499765
188,1,1,2025-09-09,Poland,Turkey,90.109391,90.167322
188,2,1,2025-09-09,Lithuania,Greece,99.608216,82.009936
188,3,1,2025-09-10,Finland,Georgia,95.4917,56.142374
188,4,1,2025-09-10,Germany,Slovenia,116.49501,102.59324
189,1,1,2025-09-09,Poland,Turkey,81.943715,79.932429
189,2,1,2025-09-09,Lithuania,Greece,90.058907,70.050136
189,3,1,2025-09-10,Finland,Georgia,113.37013,73.166795
189,4,1,2025-09-10,Germany,Slovenia,116.93112,93.65957
190,1,1,2025-09-09,Poland,Turkey,56.290977,79.418886
190,2,1,2025-09-09,Lithuania,Greece,81.700503,85.745328
190,3,1,2025-09-10,Finland,Georgia,88.726756,56.833018
190,4,1,2025-09-10,Germany,Slovenia,99.299936,94.193617
191,1,1,2025-09-09,Poland,Turkey,80.87138,79.770912
191,2,1,2025-09-09,Lithuania,Greece,89.408509,79.695069
191,3,1,2025-09-10,Finland,Georgia,69.768913,56.747322
191,4,1,2025-09-10,Germany,Slovenia,121.59775,86.654577
192,1,1,2025-09-09,Poland,Turkey,79.772204,108.60149
192,2,1,2025-09-09,Lithuania,Greece,82.536897,78.141016
192,3,1,2025-09-10,Finland,Georgia,95.311407,79.866797
192,4,1,2025-09-10,Germany,Slovenia,113.81008,80.164872
193,1,1,2025-09-09,Poland,Turkey,69.68251,81.344091
193,2,1,2025-09-09,Lithuania,Greece,76.081284,64.615519
193,3,1,2025-09-10,Finland,Georgia,103.54923,53.527824
193,4,1,2025-09-10,Germany,Slovenia,81.37361,93.469918
194,1,1,2025-09-09,Poland,Turkey,87.055277,90.357206
194,2,1,2025-09-09,Lithuania,Greece,80.276189,56.654147
194,3,1,2025-09-10,Finland,Georgia,109.8643,86.645122
194,4,1,2025-09-10,Germany,Slovenia,106.94569,85.884784
195,1,1,2025-09-09,Poland,Turkey,69.406437,89.754357
195,2,1,2025-09-09,Lithuania,Greece,88.669275,60.38068
195,3,1,2025-09-10,Finland,Georgia,101.75248,68.442528
195,4,1,2025-09-10,Germany,Slovenia,85.386412000000007,85.402501
196,1,1,2025-09-09,Poland,Turkey,74.848996,96.027408
196,2,1,2025-09-09,Lithuania,Greece,89.131442,76.908681
196,3,1,2025-09-10,Finland,Georgia,93.167892,76.849749
196,4,1,2025-09-10,Germany,Slovenia,115.01831,96.21437
197,1,1,2025-09-09,Poland,Turkey,79.977049,101.83735
197,2,1,2025-09-09,Lithuania,Greece,85.496552,98.66833
197,3,1,2025-09-10,Finland,Georgia,96.742789,80.347432
197,4,1,2025-09-10,Germany,Slovenia,102.22761,69.598415
198,1,1,2025-09-09,Poland,Turkey,78.925993,86.079664
198,2,1,2025-09-09,Lithuania,Greece,107.41353,102.19265
198,3,1,2025-09-10,Finland,Georgia,93.957118,72.835609
198,4,1,2025-09-10,Germany,Slovenia,116.59575,88.741379
199,1,1,2025-09-09,Poland,Turkey,64.505664,99.182055
199,2,1,2025-09-09,Lithuania,Greece,86.867985,66.435973
199,3,1,2025-09-10,Finland,Georgia,108.66696,84.044551
199,4,1,2025-09-10,Germany,Slovenia,117.10937,100.921
200,1,1,2025-09-09,Poland,Turkey,80.457888,88.185178
200,2,1,2025-09-09,Lithuania,Greece,70.249648,56.529387
200,3,1,2025-09-10,Finland,Georgia,101.48907,70.756035
200,4,1,2025-09-10,Germany,Slovenia,98.662422,72.60308
201,1,1,2025-09-09,Poland,Turkey,66.550127,83.473495
201,2,1,2025-09-09,Lithuania,Greece,74.320394,57.200056
201,3,1,2025-09-10,Finland,Georgia,104.19735,102.8911
201,4,1,2025-09-10,Germany,Slovenia,113.96931,75.586323
202,1,1,2025-09-09,Poland,Turkey,76.157048,103.41779
202,2,1,2025-09-09,Lithuania,Greece,71.796876,69.733095
202,3,1,2025-09-10,Finland,Georgia,101.43493,75.826509
202,4,1,2025-09-10,Germany,Slovenia,103.79927,85.756355
203,1,1,2025-09-09,Poland,Turkey,90.514888,91.95948
203,2,1,2025-09-09,Lithuania,Greece,52.479008,81.615963
203,3,1,2025-09-10,Finland,Georgia,92.125331,84.735099
203,4,1,2025-09-10,Germany,Slovenia,115.0488,95.656239
204,1,1,2025-09-09,Poland,Turkey,85.330974,86.67965
204,2,1,2025-09-09,Lithuania,Greece,91.052278,110.40345
204,3,1,2025-09-10,Finland,Georgia,98.0954,66.812438
204,4,1,2025-09-10,Germany,Slovenia,96.581305,80.756277
205,1,1,2025-09-09,Poland,Turkey,59.684071,87.216464
205,2,1,2025-09-09,Lithuania,Greece,110.02046,84.455203
205,3,1,2025-09-10,Finland,Georgia,103.06261,85.932335
205,4,1,2025-09-10,Germany,Slovenia,87.543618,105.91087
206,1,1,2025-09-09,Poland,Turkey,57.094114,84.516725
206,2,1,2025-09-09,Lithuania,Greece,101.56408,77.033289
206,3,1,2025-09-10,Finland,Georgia,100.42935,78.850683
206,4,1,2025-09-10,Germany,Slovenia,101.63932,77.240656
207,1,1,2025-09-09,Poland,Turkey,77.997942,83.606865
207,2,1,2025-09-09,Lithuania,Greece,85.689677,80.909106
207,3,1,2025-09-10,Finland,Georgia,70.605279,63.745458
207,4,1,2025-09-10,Germany,Slovenia,90.201754,95.00645
208,1,1,2025-09-09,Poland,Turkey,73.731222,89.018456
208,2,1,2025-09-09,Lithuania,Greece,91.201235,82.356479
208,3,1,2025-09-10,Finland,Georgia,116.48858,82.678377
208,4,1,2025-09-10,Germany,Slovenia,96.710959,84.535911
209,1,1,2025-09-09,Poland,Turkey,82.120603,90.954428
209,2,1,2025-09-09,Lithuania,Greece,85.441493,75.243433
209,3,1,2025-09-10,Finland,Georgia,104.55622,87.373148
209,4,1,2025-09-10,Germany,Slovenia,100.58521,87.518554
210,1,1,2025-09-09,Poland,Turkey,65.147752,83.395518
210,2,1,2025-09-09,Lithuania,Greece,87.072631,81.907887
210,3,1,2025-09-10,Finland,Georgia,77.863298,66.551268
210,4,1,2025-09-10,Germany,Slovenia,101.17998,83.425723
211,1,1,2025-09-09,Poland,Turkey,91.463064,63.852811
211,2,1,2025-09-09,Lithuania,Greece,82.942663,74.450988
211,3,1,2025-09-10,Finland,Georgia,93.988981,73.452811
211,4,1,2025-09-10,Germany,Slovenia,105.12755,98.228812
212,1,1,2025-09-09,Poland,Turkey,87.598724,89.270206
212,2,1,2025-09-09,Lithuania,Greece,92.567254,82.325959
212,3,1,2025-09-10,Finland,Georgia,90.492938,64.00155
212,4,1,2025-09-10,Germany,Slovenia,109.28518,92.229877
213,1,1,2025-09-09,Poland,Turkey,49.276282,81.176825
213,2,1,2025-09-09,Lithuania,Greece,79.467892,71.306012
213,3,1,2025-09-10,Finland,Georgia,110.37228,56.331869
213,4,1,2025-09-10,Germany,Slovenia,88.958486,110.44127
214,1,1,2025-09-09,Poland,Turkey,77.671971,71.42673
214,2,1,2025-09-09,Lithuania,Greece,95.8649,66.215299
214,3,1,2025-09-10,Finland,Georgia,78.544354,76.077278
214,4,1,2025-09-10,Germany,Slovenia,95.346555,89.629171
215,1,1,2025-09-09,Poland,Turkey,77.732878,88.132086
215,2,1,2025-09-09,Lithuania,Greece,90.953681,75.784822
215,3,1,2025-09-10,Finland,Georgia,94.987452,79.982379
215,4,1,2025-09-10,Germany,Slovenia,114.23032,96.910529
216,1,1,2025-09-09,Poland,Turkey,90.852495,94.89967
216,2,1,2025-09-09,Lithuania,Greece,96.342212,93.300546
216,3,1,2025-09-10,Finland,Georgia,71.347024,39.578978
216,4,1,2025-09-10,Germany,Slovenia,108.70223,76.16563
217,1,1,2025-09-09,Poland,Turkey,84.465806,84.180736
217,2,1,2025-09-09,Lithuania,Greece,91.368153,88.843274
217,3,1,2025-09-10,Finland,Georgia,110.68446,86.500701
217,4,1,2025-09-10,Germany,Slovenia,126.38181,97.951078999999993
218,1,1,2025-09-09,Poland,Turkey,88.203699,85.63997
218,2,1,2025-09-09,Lithuania,Greece,95.727998,81.589721
218,3,1,2025-09-10,Finland,Georgia,86.377111,64.581243
218,4,1,2025-09-10,Germany,Slovenia,110.88288,85.319631
219,1,1,2025-09-09,Poland,Turkey,66.913811,93.203599
219,2,1,2025-09-09,Lithuania,Greece,79.442393,82.927218
219,3,1,2025-09-10,Finland,Georgia,98.081106,61.740518
219,4,1,2025-09-10,Germany,Slovenia,99.049937,79.921832
220,1,1,2025-09-09,Poland,Turkey,90.033615,79.741013
220,2,1,2025-09-09,Lithuania,Greece,68.737383,55.779465
220,3,1,2025-09-10,Finland,Georgia,95.132218,78.876516
220,4,1,2025-09-10,Germany,Slovenia,88.075343,89.835989
221,1,1,2025-09-09,Poland,Turkey,83.345334,123.10702
221,2,1,2025-09-09,Lithuania,Greece,95.457878,74.353344
221,3,1,2025-09-10,Finland,Georgia,89.906417,74.382397
221,4,1,2025-09-10,Germany,Slovenia,87.779832,82.443861
222,1,1,2025-09-09,Poland,Turkey,56.124993,51.416799
222,2,1,2025-09-09,Lithuania,Greece,83.358957,69.890465
222,3,1,2025-09-10,Finland,Georgia,88.323755,83.097344
222,4,1,2025-09-10,Germany,Slovenia,107.65825,91.834863
223,1,1,2025-09-09,Poland,Turkey,60.91112,83.988417
223,2,1,2025-09-09,Lithuania,Greece,98.585021,73.078001
223,3,1,2025-09-10,Finland,Georgia,93.443613,59.238179
223,4,1,2025-09-10,Germany,Slovenia,113.09049,65.182107
224,1,1,2025-09-09,Poland,Turkey,90.121647,91.650166
224,2,1,2025-09-09,Lithuania,Greece,97.634557,114.88006
224,3,1,2025-09-10,Finland,Georgia,87.792424,80.537773
224,4,1,2025-09-10,Germany,Slovenia,111.95523,90.681771
225,1,1,2025-09-09,Poland,Turkey,84.622091,89.127585
225,2,1,2025-09-09,Lithuania,Greece,94.508377,80.461926
225,3,1,2025-09-10,Finland,Georgia,84.207884,64.439623
225,4,1,2025-09-10,Germany,Slovenia,84.088379,89.677994
226,1,1,2025-09-09,Poland,Turkey,68.27473,101.13075
226,2,1,2025-09-09,Lithuania,Greece,75.832643,75.989122
226,3,1,2025-09-10,Finland,Georgia,87.753296,85.949199
226,4,1,2025-09-10,Germany,Slovenia,111.68947,75.238611
227,1,1,2025-09-09,Poland,Turkey,91.225911,94.070121
227,2,1,2025-09-09,Lithuania,Greece,98.712175,93.179192
227,3,1,2025-09-10,Finland,Georgia,90.299793,77.600698
227,4,1,2025-09-10,Germany,Slovenia,109.72678,90.588824
228,1,1,2025-09-09,Poland,Turkey,76.659374,103.00172
228,2,1,2025-09-09,Lithuania,Greece,90.095884,81.231861
228,3,1,2025-09-10,Finland,Georgia,93.359046,73.969663
228,4,1,2025-09-10,Germany,Slovenia,85.374314,78.046516
229,1,1,2025-09-09,Poland,Turkey,80.666184,83.20056
229,2,1,2025-09-09,Lithuania,Greece,88.922937,86.016227
229,3,1,2025-09-10,Finland,Georgia,88.933769,72.400614
229,4,1,2025-09-10,Germany,Slovenia,96.092222,86.964439
230,1,1,2025-09-09,Poland,Turkey,90.111999,90.112471
230,2,1,2025-09-09,Lithuania,Greece,79.383513,78.446532
230,3,1,2025-09-10,Finland,Georgia,99.876737,82.202165
230,4,1,2025-09-10,Germany,Slovenia,107.11853,93.945107
231,1,1,2025-09-09,Poland,Turkey,54.366199,105.92921
231,2,1,2025-09-09,Lithuania,Greece,93.683261,68.151948
231,3,1,2025-09-10,Finland,Georgia,81.863396,81.831972
231,4,1,2025-09-10,Germany,Slovenia,106.92266,101.78497
232,1,1,2025-09-09,Poland,Turkey,94.910378,87.144943
232,2,1,2025-09-09,Lithuania,Greece,92.691066,81.673526
232,3,1,2025-09-10,Finland,Georgia,87.924555,98.201811
232,4,1,2025-09-10,Germany,Slovenia,87.780423,80.584396
233,1,1,2025-09-09,Poland,Turkey,87.404414,86.709482
233,2,1,2025-09-09,Lithuania,Greece,75.688447,80.870466
233,3,1,2025-09-10,Finland,Georgia,76.123976,63.563544
233,4,1,2025-09-10,Germany,Slovenia,94.451264,86.967424
234,1,1,2025-09-09,Poland,Turkey,86.474619,84.847778
234,2,1,2025-09-09,Lithuania,Greece,86.308736,77.346983
234,3,1,2025-09-10,Finland,Georgia,108.67723,90.848828
234,4,1,2025-09-10,Germany,Slovenia,115.63412,98.550711
235,1,1,2025-09-09,Poland,Turkey,73.894211,89.1847
235,2,1,2025-09-09,Lithuania,Greece,81.390286,81.016904
235,3,1,2025-09-10,Finland,Georgia,82.643974,84.712905
235,4,1,2025-09-10,Germany,Slovenia,67.160567,49.534935
236,1,1,2025-09-09,Poland,Turkey,78.587796,101.98511
236,2,1,2025-09-09,Lithuania,Greece,89.810659,84.092381
236,3,1,2025-09-10,Finland,Georgia,94.596795,83.135126
236,4,1,2025-09-10,Germany,Slovenia,92.443008,82.230606
237,1,1,2025-09-09,Poland,Turkey,90.411109,90.647282
237,2,1,2025-09-09,Lithuania,Greece,100.18067,61.516144
237,3,1,2025-09-10,Finland,Georgia,106.10595000000001,70.838405
237,4,1,2025-09-10,Germany,Slovenia,98.612902,84.745733
238,1,1,2025-09-09,Poland,Turkey,72.897633,88.675487
238,2,1,2025-09-09,Lithuania,Greece,79.356609,80.242489
238,3,1,2025-09-10,Finland,Georgia,77.413266,70.283895
238,4,1,2025-09-10,Germany,Slovenia,94.108879,67.897367
239,1,1,2025-09-09,Poland,Turkey,68.138502,79.332871
239,2,1,2025-09-09,Lithuania,Greece,61.635632,78.750291
239,3,1,2025-09-10,Finland,Georgia,99.81553,68.57973
239,4,1,2025-09-10,Germany,Slovenia,121.27193,92.242361
240,1,1,2025-09-09,Poland,Turkey,51.159082,84.506572
240,2,1,2025-09-09,Lithuania,Greece,91.804686,78.947881
240,3,1,2025-09-10,Finland,Georgia,87.917289,68.384447
240,4,1,2025-09-10,Germany,Slovenia,96.706017,86.707368
241,1,1,2025-09-09,Poland,Turkey,70.258166,87.614277
241,2,1,2025-09-09,Lithuania,Greece,79.402678,73.07238
241,3,1,2025-09-10,Finland,Georgia,82.645443,61.077556
241,4,1,2025-09-10,Germany,Slovenia,106.88669,89.876203
242,1,1,2025-09-09,Poland,Turkey,64.18279,99.710456
242,2,1,2025-09-09,Lithuania,Greece,84.91613,90.725814
242,3,1,2025-09-10,Finland,Georgia,95.490712,68.64085
242,4,1,2025-09-10,Germany,Slovenia,106.86557,72.404216
243,1,1,2025-09-09,Poland,Turkey,73.305386,82.195878
243,2,1,2025-09-09,Lithuania,Greece,75.435644,76.097415
243,3,1,2025-09-10,Finland,Georgia,99.366964,91.615971
243,4,1,2025-09-10,Germany,Slovenia,109.88473,78.050519
244,1,1,2025-09-09,Poland,Turkey,77.594362,87.039982
244,2,1,2025-09-09,Lithuania,Greece,91.522644,79.086022
244,3,1,2025-09-10,Finland,Georgia,92.261826,71.069029
244,4,1,2025-09-10,Germany,Slovenia,92.375512,104.9575
245,1,1,2025-09-09,Poland,Turkey,81.641882,97.433137
245,2,1,2025-09-09,Lithuania,Greece,91.129502,76.702907
245,3,1,2025-09-10,Finland,Georgia,111.9423,77.883745
245,4,1,2025-09-10,Germany,Slovenia,93.074574,77.462472
246,1,1,2025-09-09,Poland,Turkey,76.039778,92.034233
246,2,1,2025-09-09,Lithuania,Greece,87.753229,77.62653
246,3,1,2025-09-10,Finland,Georgia,97.707076,66.33309
246,4,1,2025-09-10,Germany,Slovenia,109.04157,86.390536
247,1,1,2025-09-09,Poland,Turkey,86.097099,89.734741
247,2,1,2025-09-09,Lithuania,Greece,82.856575,76.606578
247,3,1,2025-09-10,Finland,Georgia,94.439367,85.329244
247,4,1,2025-09-10,Germany,Slovenia,88.248354,87.558282
248,1,1,2025-09-09,Poland,Turkey,74.340254,76.316355
248,2,1,2025-09-09,Lithuania,Greece,80.292113,67.866708
248,3,1,2025-09-10,Finland,Georgia,95.757498,73.394289
248,4,1,2025-09-10,Germany,Slovenia,100.10201,102.25904
249,1,1,2025-09-09,Poland,Turkey,66.238968,81.273185
249,2,1,2025-09-09,Lithuania,Greece,96.21101,72.547377
249,3,1,2025-09-10,Finland,Georgia,108.89087,85.818553
249,4,1,2025-09-10,Germany,Slovenia,103.37843,97.494119
250,1,1,2025-09-09,Poland,Turkey,82.894038,99.123996
250,2,1,2025-09-09,Lithuania,Greece,88.363922,78.618998
250,3,1,2025-09-10,Finland,Georgia,97.31248,66.016728
250,4,1,2025-09-10,Germany,Slovenia,88.18745,76.924668
251,1,1,2025-09-09,Poland,Turkey,66.561492,85.876808
251,2,1,2025-09-09,Lithuania,Greece,95.501153,66.754696
251,3,1,2025-09-10,Finland,Georgia,86.29205,67.921766
251,4,1,2025-09-10,Germany,Slovenia,87.792867,83.288644
252,1,1,2025-09-09,Poland,Turkey,71.582075,92.774924
252,2,1,2025-09-09,Lithuania,Greece,88.320137,82.252452
252,3,1,2025-09-10,Finland,Georgia,80.598928,81.163307
252,4,1,2025-09-10,Germany,Slovenia,85.854146,71.78425
253,1,1,2025-09-09,Poland,Turkey,80.523721,81.198229
253,2,1,2025-09-09,Lithuania,Greece,88.837264,62.231711
253,3,1,2025-09-10,Finland,Georgia,112.14901,75.685468
253,4,1,2025-09-10,Germany,Slovenia,88.317775,89.897963
254,1,1,2025-09-09,Poland,Turkey,80.40091,83.856293
254,2,1,2025-09-09,Lithuania,Greece,71.412857,77.310952
254,3,1,2025-09-10,Finland,Georgia,93.219122,62.057291
254,4,1,2025-09-10,Germany,Slovenia,102.77751,85.777325
255,1,1,2025-09-09,Poland,Turkey,100.30378,100.27887
255,2,1,2025-09-09,Lithuania,Greece,78.999496,84.891996
255,3,1,2025-09-10,Finland,Georgia,86.299656,61.259365
255,4,1,2025-09-10,Germany,Slovenia,102.12455,82.133235
256,1,1,2025-09-09,Poland,Turkey,92.407727,79.863637
256,2,1,2025-09-09,Lithuania,Greece,98.764226,73.985596
256,3,1,2025-09-10,Finland,Georgia,76.65738,89.573676
256,4,1,2025-09-10,Germany,Slovenia,104.26681,72.406274
257,1,1,2025-09-09,Poland,Turkey,94.050329,94.568809
257,2,1,2025-09-09,Lithuania,Greece,86.243209,78.90087
257,3,1,2025-09-10,Finland,Georgia,85.475556,89.546411
257,4,1,2025-09-10,Germany,Slovenia,113.0688,96.936283
258,1,1,2025-09-09,Poland,Turkey,72.555179,81.942491
258,2,1,2025-09-09,Lithuania,Greece,76.123841,72.372128
258,3,1,2025-09-10,Finland,Georgia,87.867094,90.151827
258,4,1,2025-09-10,Germany,Slovenia,88.520391,60.679847
259,1,1,2025-09-09,Poland,Turkey,57.367331,109.79653
259,2,1,2025-09-09,Lithuania,Greece,81.603492,81.036554
259,3,1,2025-09-10,Finland,Georgia,89.355534,72.580739
259,4,1,2025-09-10,Germany,Slovenia,119.31271,86.80621
260,1,1,2025-09-09,Poland,Turkey,55.413697,87.389511
260,2,1,2025-09-09,Lithuania,Greece,94.121195,85.56668
260,3,1,2025-09-10,Finland,Georgia,78.663095,58.881727
260,4,1,2025-09-10,Germany,Slovenia,98.277208,67.678801000000007
261,1,1,2025-09-09,Poland,Turkey,53.879661,75.781016
261,2,1,2025-09-09,Lithuania,Greece,91.512253,73.295318
261,3,1,2025-09-10,Finland,Georgia,80.505722,74.282654
261,4,1,2025-09-10,Germany,Slovenia,89.419522,84.529813
262,1,1,2025-09-09,Poland,Turkey,81.327485,111.24007
262,2,1,2025-09-09,Lithuania,Greece,97.817881,81.207004
262,3,1,2025-09-10,Finland,Georgia,99.305301,81.61803
262,4,1,2025-09-10,Germany,Slovenia,134.93143,90.856594
263,1,1,2025-09-09,Poland,Turkey,76.944685,74.046517
263,2,1,2025-09-09,Lithuania,Greece,98.796763,89.001612
263,3,1,2025-09-10,Finland,Georgia,82.730207,67.780533
263,4,1,2025-09-10,Germany,Slovenia,109.51783,77.555493
264,1,1,2025-09-09,Poland,Turkey,66.557555,90.878465
264,2,1,2025-09-09,Lithuania,Greece,87.362005,84.902479
264,3,1,2025-09-10,Finland,Georgia,95.355071,95.03865
264,4,1,2025-09-10,Germany,Slovenia,110.25522,88.290226
265,1,1,2025-09-09,Poland,Turkey,78.610407,72.054898
265,2,1,2025-09-09,Lithuania,Greece,103.14647,81.067408
265,3,1,2025-09-10,Finland,Georgia,99.441535,64.785765
265,4,1,2025-09-10,Germany,Slovenia,92.470244,92.28556
266,1,1,2025-09-09,Poland,Turkey,73.563522,85.107115
266,2,1,2025-09-09,Lithuania,Greece,73.621229,78.135985
266,3,1,2025-09-10,Finland,Georgia,111.68881,94.483285
266,4,1,2025-09-10,Germany,Slovenia,92.85014,69.16899
267,1,1,2025-09-09,Poland,Turkey,79.450794,104.80168
267,2,1,2025-09-09,Lithuania,Greece,80.635908,74.014612
267,3,1,2025-09-10,Finland,Georgia,100.58018,77.871939
267,4,1,2025-09-10,Germany,Slovenia,102.7442,90.831433
268,1,1,2025-09-09,Poland,Turkey,82.896568,99.016928
268,2,1,2025-09-09,Lithuania,Greece,92.802335,95.681952
268,3,1,2025-09-10,Finland,Georgia,88.123921,66.482105
268,4,1,2025-09-10,Germany,Slovenia,129.27473,71.108019
269,1,1,2025-09-09,Poland,Turkey,66.055882,72.955772
269,2,1,2025-09-09,Lithuania,Greece,92.25892,86.093553
269,3,1,2025-09-10,Finland,Georgia,96.674857,64.826726
269,4,1,2025-09-10,Germany,Slovenia,102.77203,80.595004
270,1,1,2025-09-09,Poland,Turkey,69.851758,78.587114
270,2,1,2025-09-09,Lithuania,Greece,81.195663,78.814149
270,3,1,2025-09-10,Finland,Georgia,89.893254,77.658754
270,4,1,2025-09-10,Germany,Slovenia,96.732684,105.99261
271,1,1,2025-09-09,Poland,Turkey,76.503921,86.7613
271,2,1,2025-09-09,Lithuania,Greece,83.78837,66.792059
271,3,1,2025-09-10,Finland,Georgia,75.674659,58.97104
271,4,1,2025-09-10,Germany,Slovenia,99.246815,77.868279
272,1,1,2025-09-09,Poland,Turkey,88.074736,109.12917
272,2,1,2025-09-09,Lithuania,Greece,96.228603,70.296211
272,3,1,2025-09-10,Finland,Georgia,100.26343,56.068929
272,4,1,2025-09-10,Germany,Slovenia,92.675025,97.029098
273,1,1,2025-09-09,Poland,Turkey,83.935593,107.10489
273,2,1,2025-09-09,Lithuania,Greece,76.080074,82.950735
273,3,1,2025-09-10,Finland,Georgia,110.39436,64.677911
273,4,1,2025-09-10,Germany,Slovenia,92.03035,80.16205
274,1,1,2025-09-09,Poland,Turkey,74.648192,86.777789
274,2,1,2025-09-09,Lithuania,Greece,84.414798,55.454845
274,3,1,2025-09-10,Finland,Georgia,96.007502,102.14369
274,4,1,2025-09-10,Germany,Slovenia,109.54522,64.708503
275,1,1,2025-09-09,Poland,Turkey,83.713541,99.463686
275,2,1,2025-09-09,Lithuania,Greece,86.682759,76.680269
275,3,1,2025-09-10,Finland,Georgia,101.50641,78.236841
275,4,1,2025-09-10,Germany,Slovenia,112.2595,66.038482
276,1,1,2025-09-09,Poland,Turkey,73.671542,94.284952
276,2,1,2025-09-09,Lithuania,Greece,79.640874,77.477461
276,3,1,2025-09-10,Finland,Georgia,93.848936,78.011068
276,4,1,2025-09-10,Germany,Slovenia,106.39921,72.477225
277,1,1,2025-09-09,Poland,Turkey,80.765203,91.351399
277,2,1,2025-09-09,Lithuania,Greece,105.55058,72.725341
277,3,1,2025-09-10,Finland,Georgia,90.092079,49.658431
277,4,1,2025-09-10,Germany,Slovenia,103.38587,96.947382
278,1,1,2025-09-09,Poland,Turkey,78.218441,92.003465
278,2,1,2025-09-09,Lithuania,Greece,84.954286,75.930388
278,3,1,2025-09-10,Finland,Georgia,90.5651,82.890764
278,4,1,2025-09-10,Germany,Slovenia,81.440324,78.103842
279,1,1,2025-09-09,Poland,Turkey,91.053308,102.20656
279,2,1,2025-09-09,Lithuania,Greece,94.759753,86.797596
279,3,1,2025-09-10,Finland,Georgia,78.079902,80.175507
279,4,1,2025-09-10,Germany,Slovenia,106.4576,100.44153
280,1,1,2025-09-09,Poland,Turkey,85.596426,83.794155
280,2,1,2025-09-09,Lithuania,Greece,105.0145,113.86465
280,3,1,2025-09-10,Finland,Georgia,96.130409,77.20766
280,4,1,2025-09-10,Germany,Slovenia,120.42737,65.463282
281,1,1,2025-09-09,Poland,Turkey,83.159845,103.49112
281,2,1,2025-09-09,Lithuania,Greece,75.877017,79.069135
281,3,1,2025-09-10,Finland,Georgia,94.492331,66.546401
281,4,1,2025-09-10,Germany,Slovenia,102.46097,83.048719
282,1,1,2025-09-09,Poland,Turkey,57.393294,76.245494
282,2,1,2025-09-09,Lithuania,Greece,88.400783,60.778235
282,3,1,2025-09-10,Finland,Georgia,88.61415,70.221278
282,4,1,2025-09-10,Germany,Slovenia,97.76185,111.68253
283,1,1,2025-09-09,Poland,Turkey,84.968318,96.826357
283,2,1,2025-09-09,Lithuania,Greece,86.226471,61.540523
283,3,1,2025-09-10,Finland,Georgia,84.478434,55.505553
283,4,1,2025-09-10,Germany,Slovenia,82.742675,80.741054
284,1,1,2025-09-09,Poland,Turkey,64.129323,78.159982
284,2,1,2025-09-09,Lithuania,Greece,85.639307,88.003865
284,3,1,2025-09-10,Finland,Georgia,111.88183,78.506532000000007
284,4,1,2025-09-10,Germany,Slovenia,104.59831,79.493481
285,1,1,2025-09-09,Poland,Turkey,52.71864,82.32668
285,2,1,2025-09-09,Lithuania,Greece,90.555389,87.092328
285,3,1,2025-09-10,Finland,Georgia,97.181022,82.230062
285,4,1,2025-09-10,Germany,Slovenia,100.1735,79.047177
286,1,1,2025-09-09,Poland,Turkey,91.435725,83.537212
286,2,1,2025-09-09,Lithuania,Greece,76.918272,71.517438
286,3,1,2025-09-10,Finland,Georgia,102.10266,81.97299
286,4,1,2025-09-10,Germany,Slovenia,104.76079,78.76709
287,1,1,2025-09-09,Poland,Turkey,95.520616,110.18679
287,2,1,2025-09-09,Lithuania,Greece,94.949964,80.363777
287,3,1,2025-09-10,Finland,Georgia,81.190271,82.035123
287,4,1,2025-09-10,Germany,Slovenia,110.34818,68.541637
288,1,1,2025-09-09,Poland,Turkey,88.065755,93.31962
288,2,1,2025-09-09,Lithuania,Greece,100.54607,92.555434
288,3,1,2025-09-10,Finland,Georgia,112.35796,78.260704
288,4,1,2025-09-10,Germany,Slovenia,80.432148,85.103666
289,1,1,2025-09-09,Poland,Turkey,69.228985,63.471578
289,2,1,2025-09-09,Lithuania,Greece,83.733966,79.039854
289,3,1,2025-09-10,Finland,Georgia,100.70045,67.968315
289,4,1,2025-09-10,Germany,Slovenia,89.055555,82.010522
290,1,1,2025-09-09,Poland,Turkey,78.781245,88.461035999999993
290,2,1,2025-09-09,Lithuania,Greece,82.338641,67.862554
290,3,1,2025-09-10,Finland,Georgia,89.546527,71.225098
290,4,1,2025-09-10,Germany,Slovenia,112.97799,86.671435
291,1,1,2025-09-09,Poland,Turkey,74.427749,91.388508
291,2,1,2025-09-09,Lithuania,Greece,89.266421,68.687464
291,3,1,2025-09-10,Finland,Georgia,121.44081,78.180485
291,4,1,2025-09-10,Germany,Slovenia,107.53364,94.920282
292,1,1,2025-09-09,Poland,Turkey,62.218004,107.11119
292,2,1,2025-09-09,Lithuania,Greece,106.71905,50.373856
292,3,1,2025-09-10,Finland,Georgia,99.512438,72.355143
292,4,1,2025-09-10,Germany,Slovenia,102.88521,96.226216
293,1,1,2025-09-09,Poland,Turkey,76.858111,84.796806
293,2,1,2025-09-09,Lithuania,Greece,84.873503,85.33771
293,3,1,2025-09-10,Finland,Georgia,110.96816,78.410868
293,4,1,2025-09-10,Germany,Slovenia,98.137758,73.491273
294,1,1,2025-09-09,Poland,Turkey,83.299111,92.484249
294,2,1,2025-09-09,Lithuania,Greece,77.354674,72.588594
294,3,1,2025-09-10,Finland,Georgia,78.147565,76.20768
294,4,1,2025-09-10,Germany,Slovenia,96.572011,83.983908
295,1,1,2025-09-09,Poland,Turkey,73.594999,83.032433
295,2,1,2025-09-09,Lithuania,Greece,88.990185,91.67282
295,3,1,2025-09-10,Finland,Georgia,84.879666,76.240031
295,4,1,2025-09-10,Germany,Slovenia,104.89028,89.564993
296,1,1,2025-09-09,Poland,Turkey,66.727326,93.122324
296,2,1,2025-09-09,Lithuania,Greece,58.439962,92.788429
296,3,1,2025-09-10,Finland,Georgia,71.014035,77.279105
296,4,1,2025-09-10,Germany,Slovenia,96.857104,71.452276
297,1,1,2025-09-09,Poland,Turkey,89.101606,74.881541
297,2,1,2025-09-09,Lithuania,Greece,76.622002,80.844159
297,3,1,2025-09-10,Finland,Georgia,105.68906,85.005869
297,4,1,2025-09-10,Germany,Slovenia,91.339381,91.037573
298,1,1,2025-09-09,Poland,Turkey,67.35045,74.78809
298,2,1,2025-09-09,Lithuania,Greece,84.621749,71.364769
298,3,1,2025-09-10,Finland,Georgia,80.148996,69.628505
298,4,1,2025-09-10,Germany,Slovenia,106.59104,99.158726
299,1,1,2025-09-09,Poland,Turkey,81.85177,92.389878
299,2,1,2025-09-09,Lithuania,Greece,92.352471,63.383157
299,3,1,2025-09-10,Finland,Georgia,103.90643,68.555931
299,4,1,2025-09-10,Germany,Slovenia,90.231596,91.033656
300,1,1,2025-09-09,Poland,Turkey,70.104372,81.235907
300,2,1,2025-09-09,Lithuania,Greece,86.893456,73.999453
300,3,1,2025-09-10,Finland,Georgia,101.9162,73.876415
300,4,1,2025-09-10,Germany,Slovenia,117.22896,84.605539
301,1,1,2025-09-09,Poland,Turkey,74.427798,90.510656
301,2,1,2025-09-09,Lithuania,Greece,95.297027,77.10186
301,3,1,2025-09-10,Finland,Georgia,65.172994,71.092916
301,4,1,2025-09-10,Germany,Slovenia,104.32994,80.438708
302,1,1,2025-09-09,Poland,Turkey,76.882887,74.186549
302,2,1,2025-09-09,Lithuania,Greece,77.750516,72.372674
302,3,1,2025-09-10,Finland,Georgia,106.45096,79.69244
302,4,1,2025-09-10,Germany,Slovenia,91.928525,90.766317
303,1,1,2025-09-09,Poland,Turkey,57.951284,98.843051
303,2,1,2025-09-09,Lithuania,Greece,72.442773,87.503663
303,3,1,2025-09-10,Finland,Georgia,84.967891,85.916345
303,4,1,2025-09-10,Germany,Slovenia,96.305982,88.180853
304,1,1,2025-09-09,Poland,Turkey,70.490346,77.049161
304,2,1,2025-09-09,Lithuania,Greece,81.78968,83.486335
304,3,1,2025-09-10,Finland,Georgia,80.011607,76.744553
304,4,1,2025-09-10,Germany,Slovenia,100.87369,96.966779
305,1,1,2025-09-09,Poland,Turkey,57.954846,94.630068
305,2,1,2025-09-09,Lithuania,Greece,87.606801,76.009234
305,3,1,2025-09-10,Finland,Georgia,99.562387,59.164521
305,4,1,2025-09-10,Germany,Slovenia,99.733877,77.977081
306,1,1,2025-09-09,Poland,Turkey,86.20212,79.52405
306,2,1,2025-09-09,Lithuania,Greece,64.400591,74.688937
306,3,1,2025-09-10,Finland,Georgia,98.500186,100.16713
306,4,1,2025-09-10,Germany,Slovenia,122.11054,91.737523
307,1,1,2025-09-09,Poland,Turkey,86.60618,82.302597
307,2,1,2025-09-09,Lithuania,Greece,91.78525,67.285823
307,3,1,2025-09-10,Finland,Georgia,108.66135,73.516151
307,4,1,2025-09-10,Germany,Slovenia,98.587057,86.871846
308,1,1,2025-09-09,Poland,Turkey,75.142721,86.178255
308,2,1,2025-09-09,Lithuania,Greece,96.836705,90.95417
308,3,1,2025-09-10,Finland,Georgia,70.309136,77.889745
308,4,1,2025-09-10,Germany,Slovenia,107.94235,97.739568
309,1,1,2025-09-09,Poland,Turkey,74.884627,96.177571
309,2,1,2025-09-09,Lithuania,Greece,84.113293,82.337165
309,3,1,2025-09-10,Finland,Georgia,89.289624,80.244487
309,4,1,2025-09-10,Germany,Slovenia,85.249294,85.861302
310,1,1,2025-09-09,Poland,Turkey,77.537222,82.190685
310,2,1,2025-09-09,Lithuania,Greece,94.770149,48.813161
310,3,1,2025-09-10,Finland,Georgia,87.060087,82.668941
310,4,1,2025-09-10,Germany,Slovenia,95.010604,89.387521
311,1,1,2025-09-09,Poland,Turkey,70.744222,103.89782
311,2,1,2025-09-09,Lithuania,Greece,93.671021,93.369176
311,3,1,2025-09-10,Finland,Georgia,84.776483,83.697163
311,4,1,2025-09-10,Germany,Slovenia,111.7586,107.37528
312,1,1,2025-09-09,Poland,Turkey,88.928603,96.734585
312,2,1,2025-09-09,Lithuania,Greece,100.42211,81.015896
312,3,1,2025-09-10,Finland,Georgia,91.004499,65.759273
312,4,1,2025-09-10,Germany,Slovenia,115.43827,82.572517
313,1,1,2025-09-09,Poland,Turkey,82.237728,85.080423
313,2,1,2025-09-09,Lithuania,Greece,91.689155,87.882344
313,3,1,2025-09-10,Finland,Georgia,98.227698,58.550089
313,4,1,2025-09-10,Germany,Slovenia,107.96135,97.919646
314,1,1,2025-09-09,Poland,Turkey,85.05248,78.143313
314,2,1,2025-09-09,Lithuania,Greece,80.733628,85.374827
314,3,1,2025-09-10,Finland,Georgia,95.601113,91.628663
314,4,1,2025-09-10,Germany,Slovenia,100.60517,85.17302
315,1,1,2025-09-09,Poland,Turkey,65.325654,86.843516
315,2,1,2025-09-09,Lithuania,Greece,92.467284,87.106845
315,3,1,2025-09-10,Finland,Georgia,93.705899,64.569931
315,4,1,2025-09-10,Germany,Slovenia,82.140379,85.886682
316,1,1,2025-09-09,Poland,Turkey,92.507961,86.990261
316,2,1,2025-09-09,Lithuania,Greece,78.897184,77.510824
316,3,1,2025-09-10,Finland,Georgia,64.162768,56.553489
316,4,1,2025-09-10,Germany,Slovenia,125.55045,90.66432
317,1,1,2025-09-09,Poland,Turkey,71.194343,80.438209
317,2,1,2025-09-09,Lithuania,Greece,68.562647,74.612653
317,3,1,2025-09-10,Finland,Georgia,104.88589,74.998246
317,4,1,2025-09-10,Germany,Slovenia,110.69214,86.103556
318,1,1,2025-09-09,Poland,Turkey,92.056773,103.50708
318,2,1,2025-09-09,Lithuania,Greece,78.247622,64.521421
318,3,1,2025-09-10,Finland,Georgia,89.76007,72.029613
318,4,1,2025-09-10,Germany,Slovenia,124.10746,89.171708
319,1,1,2025-09-09,Poland,Turkey,66.79595,84.593811
319,2,1,2025-09-09,Lithuania,Greece,78.537763,72.668496
319,3,1,2025-09-10,Finland,Georgia,88.529529,73.388061
319,4,1,2025-09-10,Germany,Slovenia,89.90061,96.323745
320,1,1,2025-09-09,Poland,Turkey,87.519565,75.353803
320,2,1,2025-09-09,Lithuania,Greece,90.887427,79.827123
320,3,1,2025-09-10,Finland,Georgia,101.57013,83.009681
320,4,1,2025-09-10,Germany,Slovenia,110.88958,99.709042
321,1,1,2025-09-09,Poland,Turkey,63.830559,99.053406
321,2,1,2025-09-09,Lithuania,Greece,68.472699,46.120995
321,3,1,2025-09-10,Finland,Georgia,91.058821,71.243519
321,4,1,2025-09-10,Germany,Slovenia,116.86303,95.479927
322,1,1,2025-09-09,Poland,Turkey,67.354008,80.522756
322,2,1,2025-09-09,Lithuania,Greece,74.059728,87.952333
322,3,1,2025-09-10,Finland,Georgia,88.048808,88.758639
322,4,1,2025-09-10,Germany,Slovenia,121.7246,85.97183
323,1,1,2025-09-09,Poland,Turkey,78.040145,102.59634
323,2,1,2025-09-09,Lithuania,Greece,86.126146,69.306432
323,3,1,2025-09-10,Finland,Georgia,99.363115,72.674849
323,4,1,2025-09-10,Germany,Slovenia,102.8671,104.98081
324,1,1,2025-09-09,Poland,Turkey,91.803891,112.32138
324,2,1,2025-09-09,Lithuania,Greece,79.258852,64.792111
324,3,1,2025-09-10,Finland,Georgia,84.924785,77.054938
324,4,1,2025-09-10,Germany,Slovenia,117.73186,82.782533
325,1,1,2025-09-09,Poland,Turkey,62.567095,99.838708
325,2,1,2025-09-09,Lithuania,Greece,80.74831,52.150984
325,3,1,2025-09-10,Finland,Georgia,89.71336,71.990934
325,4,1,2025-09-10,Germany,Slovenia,103.15054,68.108489
326,1,1,2025-09-09,Poland,Turkey,67.830522,96.695461
326,2,1,2025-09-09,Lithuania,Greece,98.039329,78.043679
326,3,1,2025-09-10,Finland,Georgia,92.328247,67.921608
326,4,1,2025-09-10,Germany,Slovenia,108.11483,60.53283
327,1,1,2025-09-09,Poland,Turkey,88.150443,97.081697
327,2,1,2025-09-09,Lithuania,Greece,81.60659,76.977711
327,3,1,2025-09-10,Finland,Georgia,103.13441,87.309746
327,4,1,2025-09-10,Germany,Slovenia,110.84331,100.17428
328,1,1,2025-09-09,Poland,Turkey,67.360474,84.69319
328,2,1,2025-09-09,Lithuania,Greece,88.77424,73.877721
328,3,1,2025-09-10,Finland,Georgia,84.077427,65.452816
328,4,1,2025-09-10,Germany,Slovenia,94.317271,81.081147
329,1,1,2025-09-09,Poland,Turkey,79.236038,78.530339
329,2,1,2025-09-09,Lithuania,Greece,66.650637,83.636783
329,3,1,2025-09-10,Finland,Georgia,94.552684,69.600966
329,4,1,2025-09-10,Germany,Slovenia,93.509961,97.397836
330,1,1,2025-09-09,Poland,Turkey,73.51539,97.986338
330,2,1,2025-09-09,Lithuania,Greece,72.550431,70.323333
330,3,1,2025-09-10,Finland,Georgia,99.155371,82.604565
330,4,1,2025-09-10,Germany,Slovenia,131.38227,77.711366
331,1,1,2025-09-09,Poland,Turkey,66.041568,73.563116
331,2,1,2025-09-09,Lithuania,Greece,86.07689,82.632563
331,3,1,2025-09-10,Finland,Georgia,92.217825,55.581693
331,4,1,2025-09-10,Germany,Slovenia,110.00561,84.974274
332,1,1,2025-09-09,Poland,Turkey,82.686352,70.104806
332,2,1,2025-09-09,Lithuania,Greece,85.937671,81.616818
332,3,1,2025-09-10,Finland,Georgia,109.29441,98.855903
332,4,1,2025-09-10,Germany,Slovenia,110.44285,97.281718
333,1,1,2025-09-09,Poland,Turkey,75.068968,89.221221
333,2,1,2025-09-09,Lithuania,Greece,86.78927,82.567275
333,3,1,2025-09-10,Finland,Georgia,86.516157,55.903359
333,4,1,2025-09-10,Germany,Slovenia,82.523714,100.60167
334,1,1,2025-09-09,Poland,Turkey,78.28769,68.608615
334,2,1,2025-09-09,Lithuania,Greece,54.012115,38.178351
334,3,1,2025-09-10,Finland,Georgia,103.31267,89.985823
334,4,1,2025-09-10,Germany,Slovenia,104.84872,76.125524
335,1,1,2025-09-09,Poland,Turkey,52.687813,84.481459
335,2,1,2025-09-09,Lithuania,Greece,75.002072,97.818391
335,3,1,2025-09-10,Finland,Georgia,109.07615,87.810182
335,4,1,2025-09-10,Germany,Slovenia,98.34556,81.924075
336,1,1,2025-09-09,Poland,Turkey,88.537409,124.26372
336,2,1,2025-09-09,Lithuania,Greece,78.029565,85.805788
336,3,1,2025-09-10,Finland,Georgia,97.502005,77.871456
336,4,1,2025-09-10,Germany,Slovenia,87.458239,67.342991
337,1,1,2025-09-09,Poland,Turkey,60.379543,98.572513
337,2,1,2025-09-09,Lithuania,Greece,73.188043,57.054275
337,3,1,2025-09-10,Finland,Georgia,110.11222,78.279106
337,4,1,2025-09-10,Germany,Slovenia,95.018712,71.126628
338,1,1,2025-09-09,Poland,Turkey,90.328047,94.089786
338,2,1,2025-09-09,Lithuania,Greece,59.679704,48.302708
338,3,1,2025-09-10,Finland,Georgia,101.72703,70.873379
338,4,1,2025-09-10,Germany,Slovenia,96.464372,81.363009
339,1,1,2025-09-09,Poland,Turkey,71.258565,79.30704
339,2,1,2025-09-09,Lithuania,Greece,104.17026,77.720769
339,3,1,2025-09-10,Finland,Georgia,78.179547,67.245203
339,4,1,2025-09-10,Germany,Slovenia,90.958797,84.187863
340,1,1,2025-09-09,Poland,Turkey,92.782357,87.743396
340,2,1,2025-09-09,Lithuania,Greece,96.395396,89.225992
340,3,1,2025-09-10,Finland,Georgia,101.38618,72.55296
340,4,1,2025-09-10,Germany,Slovenia,105.73691,80.964302
341,1,1,2025-09-09,Poland,Turkey,73.122953,89.087926
341,2,1,2025-09-09,Lithuania,Greece,83.364769,74.700558
341,3,1,2025-09-10,Finland,Georgia,109.66234,64.166874000000007
341,4,1,2025-09-10,Germany,Slovenia,96.607682,93.943459
342,1,1,2025-09-09,Poland,Turkey,69.588865,96.898318
342,2,1,2025-09-09,Lithuania,Greece,66.589793,71.682009
342,3,1,2025-09-10,Finland,Georgia,87.914181,79.625795
342,4,1,2025-09-10,Germany,Slovenia,97.828081,85.278381
343,1,1,2025-09-09,Poland,Turkey,86.460525,67.685011
343,2,1,2025-09-09,Lithuania,Greece,84.855566,69.78749
343,3,1,2025-09-10,Finland,Georgia,98.947066,72.714605
343,4,1,2025-09-10,Germany,Slovenia,106.93745,89.217555
344,1,1,2025-09-09,Poland,Turkey,47.267012,89.623543
344,2,1,2025-09-09,Lithuania,Greece,97.152718,67.287838
344,3,1,2025-09-10,Finland,Georgia,92.412317,72.818831
344,4,1,2025-09-10,Germany,Slovenia,91.798614,106.43914
345,1,1,2025-09-09,Poland,Turkey,72.34083,90.761052
345,2,1,2025-09-09,Lithuania,Greece,88.838389,79.348237
345,3,1,2025-09-10,Finland,Georgia,97.171482,77.695278
345,4,1,2025-09-10,Germany,Slovenia,106.24205,71.804019
346,1,1,2025-09-09,Poland,Turkey,72.462241,73.150929
346,2,1,2025-09-09,Lithuania,Greece,90.243083,74.374505
346,3,1,2025-09-10,Finland,Georgia,99.237533,54.263566
346,4,1,2025-09-10,Germany,Slovenia,81.160037,87.065991
347,1,1,2025-09-09,Poland,Turkey,88.226983,79.28016
347,2,1,2025-09-09,Lithuania,Greece,79.009915,73.171777
347,3,1,2025-09-10,Finland,Georgia,88.939069,71.128574
347,4,1,2025-09-10,Germany,Slovenia,112.45972,67.942892
348,1,1,2025-09-09,Poland,Turkey,82.989896,108.71514
348,2,1,2025-09-09,Lithuania,Greece,113.0065,72.375948
348,3,1,2025-09-10,Finland,Georgia,80.516213,71.755853
348,4,1,2025-09-10,Germany,Slovenia,104.40507,87.911701
349,1,1,2025-09-09,Poland,Turkey,82.083026,91.562058
349,2,1,2025-09-09,Lithuania,Greece,101.45564,88.730627
349,3,1,2025-09-10,Finland,Georgia,95.691576,73.874202
349,4,1,2025-09-10,Germany,Slovenia,100.50102,93.273152
350,1,1,2025-09-09,Poland,Turkey,57.172053,89.740344
350,2,1,2025-09-09,Lithuania,Greece,94.184106,71.108982
350,3,1,2025-09-10,Finland,Georgia,112.4268,87.228838
350,4,1,2025-09-10,Germany,Slovenia,109.05284,107.34325
351,1,1,2025-09-09,Poland,Turkey,88.15995,77.950352
351,2,1,2025-09-09,Lithuania,Greece,97.604681,89.736368
351,3,1,2025-09-10,Finland,Georgia,103.24267,77.989968
351,4,1,2025-09-10,Germany,Slovenia,114.94353,112.60731
352,1,1,2025-09-09,Poland,Turkey,90.549922,82.425479
352,2,1,2025-09-09,Lithuania,Greece,94.267043,104.37168
352,3,1,2025-09-10,Finland,Georgia,79.666215,56.666656
352,4,1,2025-09-10,Germany,Slovenia,92.946138,87.689746
353,1,1,2025-09-09,Poland,Turkey,89.571366,86.132285
353,2,1,2025-09-09,Lithuania,Greece,72.981871,71.396785
353,3,1,2025-09-10,Finland,Georgia,101.51262,67.133475
353,4,1,2025-09-10,Germany,Slovenia,118.72893,86.912935
354,1,1,2025-09-09,Poland,Turkey,57.453758,91.624402
354,2,1,2025-09-09,Lithuania,Greece,84.896078,74.401649
354,3,1,2025-09-10,Finland,Georgia,85.615949,58.42939
354,4,1,2025-09-10,Germany,Slovenia,107.19124,88.683278
355,1,1,2025-09-09,Poland,Turkey,88.546836,84.883401
355,2,1,2025-09-09,Lithuania,Greece,86.138888,65.303177
355,3,1,2025-09-10,Finland,Georgia,95.910003,78.556627
355,4,1,2025-09-10,Germany,Slovenia,87.131293,93.659197
356,1,1,2025-09-09,Poland,Turkey,80.747739,104.84441
356,2,1,2025-09-09,Lithuania,Greece,86.44753,75.203569
356,3,1,2025-09-10,Finland,Georgia,88.424141,75.90477
356,4,1,2025-09-10,Germany,Slovenia,101.46269,77.961873
357,1,1,2025-09-09,Poland,Turkey,71.667451,62.241663
357,2,1,2025-09-09,Lithuania,Greece,99.563522,77.588615
357,3,1,2025-09-10,Finland,Georgia,122.40431,86.821207
357,4,1,2025-09-10,Germany,Slovenia,96.791102,103.41962
358,1,1,2025-09-09,Poland,Turkey,89.210576,107.22389
358,2,1,2025-09-09,Lithuania,Greece,69.547323,78.735279
358,3,1,2025-09-10,Finland,Georgia,102.90453,72.699457
358,4,1,2025-09-10,Germany,Slovenia,82.730155,91.867964
359,1,1,2025-09-09,Poland,Turkey,67.546257,85.260407
359,2,1,2025-09-09,Lithuania,Greece,72.730011,64.969772
359,3,1,2025-09-10,Finland,Georgia,88.276902,81.480287
359,4,1,2025-09-10,Germany,Slovenia,88.234985,98.653303
360,1,1,2025-09-09,Poland,Turkey,76.867554,94.698655
360,2,1,2025-09-09,Lithuania,Greece,126.8804,47.658772
360,3,1,2025-09-10,Finland,Georgia,89.694255,71.834811
360,4,1,2025-09-10,Germany,Slovenia,102.75451,80.027662
361,1,1,2025-09-09,Poland,Turkey,64.88464,89.699209
361,2,1,2025-09-09,Lithuania,Greece,77.899016,74.329673
361,3,1,2025-09-10,Finland,Georgia,81.566973,78.723821
361,4,1,2025-09-10,Germany,Slovenia,113.66263,78.761011
362,1,1,2025-09-09,Poland,Turkey,88.748657,84.043107
362,2,1,2025-09-09,Lithuania,Greece,91.066354,65.568871
362,3,1,2025-09-10,Finland,Georgia,96.121849,71.505272
362,4,1,2025-09-10,Germany,Slovenia,105.39493,93.149562
363,1,1,2025-09-09,Poland,Turkey,55.556875,75.267986
363,2,1,2025-09-09,Lithuania,Greece,79.227802,74.459124
363,3,1,2025-09-10,Finland,Georgia,93.853953,78.452896
363,4,1,2025-09-10,Germany,Slovenia,117.55003,87.317766
364,1,1,2025-09-09,Poland,Turkey,96.653117,92.429693
364,2,1,2025-09-09,Lithuania,Greece,100.39193,61.973282
364,3,1,2025-09-10,Finland,Georgia,92.60132,87.72297
364,4,1,2025-09-10,Germany,Slovenia,92.402617,89.179253
365,1,1,2025-09-09,Poland,Turkey,76.345569,80.526178
365,2,1,2025-09-09,Lithuania,Greece,72.58819,79.904804
365,3,1,2025-09-10,Finland,Georgia,90.290567,72.307725
365,4,1,2025-09-10,Germany,Slovenia,98.545484,64.824188
366,1,1,2025-09-09,Poland,Turkey,69.274636,98.776185
366,2,1,2025-09-09,Lithuania,Greece,99.274855,76.766363
366,3,1,2025-09-10,Finland,Georgia,83.694473,61.003719
366,4,1,2025-09-10,Germany,Slovenia,105.34424,64.634526
367,1,1,2025-09-09,Poland,Turkey,83.067437,89.296277
367,2,1,2025-09-09,Lithuania,Greece,98.668714,92.850029
367,3,1,2025-09-10,Finland,Georgia,112.11622,85.963892
367,4,1,2025-09-10,Germany,Slovenia,103.29927,89.567263
368,1,1,2025-09-09,Poland,Turkey,93.034647,105.24593
368,2,1,2025-09-09,Lithuania,Greece,103.70793,71.563534
368,3,1,2025-09-10,Finland,Georgia,102.86679,79.471251
368,4,1,2025-09-10,Germany,Slovenia,108.46751,92.976442
369,1,1,2025-09-09,Poland,Turkey,83.155059,84.851596
369,2,1,2025-09-09,Lithuania,Greece,98.21934,92.665802
369,3,1,2025-09-10,Finland,Georgia,108.64221,75.227413
369,4,1,2025-09-10,Germany,Slovenia,97.258783,66.680638
370,1,1,2025-09-09,Poland,Turkey,72.966928,98.733654
370,2,1,2025-09-09,Lithuania,Greece,95.949221,80.288601
370,3,1,2025-09-10,Finland,Georgia,92.048621,68.293447
370,4,1,2025-09-10,Germany,Slovenia,83.627469,75.002186
371,1,1,2025-09-09,Poland,Turkey,74.418157,90.756399
371,2,1,2025-09-09,Lithuania,Greece,100.0063,86.563069
371,3,1,2025-09-10,Finland,Georgia,104.14973,80.876122
371,4,1,2025-09-10,Germany,Slovenia,101.95755,83.381661
372,1,1,2025-09-09,Poland,Turkey,83.668841,102.8151
372,2,1,2025-09-09,Lithuania,Greece,78.034404,81.192539
372,3,1,2025-09-10,Finland,Georgia,104.62432,70.678951
372,4,1,2025-09-10,Germany,Slovenia,104.2742,93.097529
373,1,1,2025-09-09,Poland,Turkey,75.304881,88.068379
373,2,1,2025-09-09,Lithuania,Greece,73.730608,92.099786
373,3,1,2025-09-10,Finland,Georgia,99.765777,99.597935
373,4,1,2025-09-10,Germany,Slovenia,118.6194,84.532591
374,1,1,2025-09-09,Poland,Turkey,53.051166,96.866855
374,2,1,2025-09-09,Lithuania,Greece,98.046689,67.243377
374,3,1,2025-09-10,Finland,Georgia,97.941634,95.426694
374,4,1,2025-09-10,Germany,Slovenia,103.67466,84.142783
375,1,1,2025-09-09,Poland,Turkey,65.034974,89.552319
375,2,1,2025-09-09,Lithuania,Greece,77.294467,60.209038
375,3,1,2025-09-10,Finland,Georgia,81.875617,74.761326
375,4,1,2025-09-10,Germany,Slovenia,90.879297,92.444286
376,1,1,2025-09-09,Poland,Turkey,105.95589,70.154344
376,2,1,2025-09-09,Lithuania,Greece,71.428179,82.789482
376,3,1,2025-09-10,Finland,Georgia,72.122626,75.935477
376,4,1,2025-09-10,Germany,Slovenia,86.011325,73.076707
377,1,1,2025-09-09,Poland,Turkey,84.34283,82.285034
377,2,1,2025-09-09,Lithuania,Greece,50.976438,54.022812
377,3,1,2025-09-10,Finland,Georgia,92.033653,75.929146
377,4,1,2025-09-10,Germany,Slovenia,76.594573,95.92225
378,1,1,2025-09-09,Poland,Turkey,95.693759,88.51044
378,2,1,2025-09-09,Lithuania,Greece,102.74938,76.263341
378,3,1,2025-09-10,Finland,Georgia,114.00175,80.641018
378,4,1,2025-09-10,Germany,Slovenia,88.239444,86.725955
379,1,1,2025-09-09,Poland,Turkey,82.944219,67.696208
379,2,1,2025-09-09,Lithuania,Greece,88.762648,79.328949
379,3,1,2025-09-10,Finland,Georgia,80.250494,76.688663
379,4,1,2025-09-10,Germany,Slovenia,100.46403,96.240676
380,1,1,2025-09-09,Poland,Turkey,76.511869,75.515461
380,2,1,2025-09-09,Lithuania,Greece,100.75801,71.707508
380,3,1,2025-09-10,Finland,Georgia,92.330462,78.797427
380,4,1,2025-09-10,Germany,Slovenia,104.7227,74.421347
381,1,1,2025-09-09,Poland,Turkey,94.566601,98.441442
381,2,1,2025-09-09,Lithuania,Greece,115.34238,64.64454
381,3,1,2025-09-10,Finland,Georgia,106.32471,75.372658
381,4,1,2025-09-10,Germany,Slovenia,80.644093,64.858841
382,1,1,2025-09-09,Poland,Turkey,82.280816,100.99397
382,2,1,2025-09-09,Lithuania,Greece,84.609216,70.465945
382,3,1,2025-09-10,Finland,Georgia,88.968278,96.974074
382,4,1,2025-09-10,Germany,Slovenia,93.039532,81.125981
383,1,1,2025-09-09,Poland,Turkey,86.133146,102.00118
383,2,1,2025-09-09,Lithuania,Greece,82.500239,80.223763
383,3,1,2025-09-10,Finland,Georgia,119.84775,92.201257
383,4,1,2025-09-10,Germany,Slovenia,108.6294,81.05372
384,1,1,2025-09-09,Poland,Turkey,73.97727,91.555201
384,2,1,2025-09-09,Lithuania,Greece,91.004106,79.721968
384,3,1,2025-09-10,Finland,Georgia,108.94883,85.432909
384,4,1,2025-09-10,Germany,Slovenia,95.904592,93.407749
385,1,1,2025-09-09,Poland,Turkey,73.095167,102.12148
385,2,1,2025-09-09,Lithuania,Greece,104.10017,69.674695
385,3,1,2025-09-10,Finland,Georgia,98.251615,64.235924
385,4,1,2025-09-10,Germany,Slovenia,103.92054,89.359422
386,1,1,2025-09-09,Poland,Turkey,65.231058,76.666356
386,2,1,2025-09-09,Lithuania,Greece,106.47235,85.515329
386,3,1,2025-09-10,Finland,Georgia,94.812554,89.287763
386,4,1,2025-09-10,Germany,Slovenia,90.569777,83.547494
387,1,1,2025-09-09,Poland,Turkey,60.856661,93.244948
387,2,1,2025-09-09,Lithuania,Greece,63.426476,88.890627
387,3,1,2025-09-10,Finland,Georgia,83.971487,73.901854
387,4,1,2025-09-10,Germany,Slovenia,98.328892,73.56147
388,1,1,2025-09-09,Poland,Turkey,73.276238,97.293005
388,2,1,2025-09-09,Lithuania,Greece,93.235802,68.653183
388,3,1,2025-09-10,Finland,Georgia,95.765511,77.406991
388,4,1,2025-09-10,Germany,Slovenia,111.40353,86.079741
389,1,1,2025-09-09,Poland,Turkey,76.20638,90.17501
389,2,1,2025-09-09,Lithuania,Greece,83.52277,73.503947
389,3,1,2025-09-10,Finland,Georgia,93.17825,61.832178
389,4,1,2025-09-10,Germany,Slovenia,111.43248,87.558502
390,1,1,2025-09-09,Poland,Turkey,53.774906,89.005813
390,2,1,2025-09-09,Lithuania,Greece,86.708082,82.375713
390,3,1,2025-09-10,Finland,Georgia,96.254641,75.230382
390,4,1,2025-09-10,Germany,Slovenia,101.50817,91.738646
391,1,1,2025-09-09,Poland,Turkey,69.36127,67.22126
391,2,1,2025-09-09,Lithuania,Greece,103.50227,83.543804
391,3,1,2025-09-10,Finland,Georgia,87.390281,84.37768
391,4,1,2025-09-10,Germany,Slovenia,96.234279,90.531164
392,1,1,2025-09-09,Poland,Turkey,49.702353,69.201331
392,2,1,2025-09-09,Lithuania,Greece,108.25184,75.254975
392,3,1,2025-09-10,Finland,Georgia,76.540688,74.301389
392,4,1,2025-09-10,Germany,Slovenia,106.98424,88.66891
393,1,1,2025-09-09,Poland,Turkey,89.70664,83.346696
393,2,1,2025-09-09,Lithuania,Greece,88.078597,75.504615
393,3,1,2025-09-10,Finland,Georgia,94.096876,76.778619
393,4,1,2025-09-10,Germany,Slovenia,103.59208,92.449448
394,1,1,2025-09-09,Poland,Turkey,59.905195,94.76722
394,2,1,2025-09-09,Lithuania,Greece,102.15094,76.709323
394,3,1,2025-09-10,Finland,Georgia,96.599628,68.226753
394,4,1,2025-09-10,Germany,Slovenia,97.140027,80.347966
395,1,1,2025-09-09,Poland,Turkey,73.577094,66.446863
395,2,1,2025-09-09,Lithuania,Greece,78.788385,80.780757
395,3,1,2025-09-10,Finland,Georgia,100.17649,73.472847
395,4,1,2025-09-10,Germany,Slovenia,104.99147,99.007431
396,1,1,2025-09-09,Poland,Turkey,78.454902,90.522657
396,2,1,2025-09-09,Lithuania,Greece,99.258003,73.699811
396,3,1,2025-09-10,Finland,Georgia,97.272368,77.376906
396,4,1,2025-09-10,Germany,Slovenia,95.644809,96.332786
397,1,1,2025-09-09,Poland,Turkey,84.311447,90.542957
397,2,1,2025-09-09,Lithuania,Greece,72.596108,74.648423
397,3,1,2025-09-10,Finland,Georgia,99.261749,62.626504
397,4,1,2025-09-10,Germany,Slovenia,112.95218,82.553675
398,1,1,2025-09-09,Poland,Turkey,72.140925,79.151446000000007
398,2,1,2025-09-09,Lithuania,Greece,106.37155,73.015673
398,3,1,2025-09-10,Finland,Georgia,107.69015,91.240941
398,4,1,2025-09-10,Germany,Slovenia,114.66881,88.187578
399,1,1,2025-09-09,Poland,Turkey,74.881133,84.908178
399,2,1,2025-09-09,Lithuania,Greece,88.062951,90.712791
399,3,1,2025-09-10,Finland,Georgia,82.583946,79.857305
399,4,1,2025-09-10,Germany,Slovenia,111.76399,85.6436
400,1,1,2025-09-09,Poland,Turkey,50.10115,91.53902
400,2,1,2025-09-09,Lithuania,Greece,84.084939,87.586507
400,3,1,2025-09-10,Finland,Georgia,85.307942,77.544645
400,4,1,2025-09-10,Germany,Slovenia,80.844638,75.495288
401,1,1,2025-09-09,Poland,Turkey,69.648519,84.160261
401,2,1,2025-09-09,Lithuania,Greece,82.233416,82.251751
401,3,1,2025-09-10,Finland,Georgia,90.897508,80.192369
401,4,1,2025-09-10,Germany,Slovenia,96.76823,96.305117
402,1,1,2025-09-09,Poland,Turkey,77.988423,90.115149
402,2,1,2025-09-09,Lithuania,Greece,83.980704,79.183095
402,3,1,2025-09-10,Finland,Georgia,85.754827,74.252741
402,4,1,2025-09-10,Germany,Slovenia,100.51787,80.518562
403,1,1,2025-09-09,Poland,Turkey,72.626559,75.024744
403,2,1,2025-09-09,Lithuania,Greece,85.595455,94.07847
403,3,1,2025-09-10,Finland,Georgia,96.876018,82.3251
403,4,1,2025-09-10,Germany,Slovenia,84.240545,55.975024
404,1,1,2025-09-09,Poland,Turkey,95.568299,102.69934
404,2,1,2025-09-09,Lithuania,Greece,62.315405,88.443929
404,3,1,2025-09-10,Finland,Georgia,93.771019,80.44638
404,4,1,2025-09-10,Germany,Slovenia,86.935742,91.228974
405,1,1,2025-09-09,Poland,Turkey,61.97119,78.933036
405,2,1,2025-09-09,Lithuania,Greece,100.26577,74.640594
405,3,1,2025-09-10,Finland,Georgia,100.14275,89.770594
405,4,1,2025-09-10,Germany,Slovenia,108.72051,87.097258
406,1,1,2025-09-09,Poland,Turkey,74.026103,99.125111
406,2,1,2025-09-09,Lithuania,Greece,70.227058,92.251387
406,3,1,2025-09-10,Finland,Georgia,77.910954,63.716634
406,4,1,2025-09-10,Germany,Slovenia,106.62921,101.20923
407,1,1,2025-09-09,Poland,Turkey,69.396798,87.394341
407,2,1,2025-09-09,Lithuania,Greece,74.639431,60.992285
407,3,1,2025-09-10,Finland,Georgia,99.984369,62.396465
407,4,1,2025-09-10,Germany,Slovenia,109.95141,95.918479
408,1,1,2025-09-09,Poland,Turkey,91.581105,105.73807
408,2,1,2025-09-09,Lithuania,Greece,103.55242,80.111931
408,3,1,2025-09-10,Finland,Georgia,95.704048,63.716851
408,4,1,2025-09-10,Germany,Slovenia,121.99296,90.973047
409,1,1,2025-09-09,Poland,Turkey,67.891043,88.877454
409,2,1,2025-09-09,Lithuania,Greece,83.118961,65.024762
409,3,1,2025-09-10,Finland,Georgia,108.556,60.356351
409,4,1,2025-09-10,Germany,Slovenia,83.104894,80.50078
410,1,1,2025-09-09,Poland,Turkey,104.24626,127.0479
410,2,1,2025-09-09,Lithuania,Greece,97.897082,87.526712
410,3,1,2025-09-10,Finland,Georgia,100.69321,93.203705
410,4,1,2025-09-10,Germany,Slovenia,109.1523,77.793206
411,1,1,2025-09-09,Poland,Turkey,55.136672,61.083309
411,2,1,2025-09-09,Lithuania,Greece,92.592457,88.759236
411,3,1,2025-09-10,Finland,Georgia,87.113249,73.962069
411,4,1,2025-09-10,Germany,Slovenia,94.835151,89.546369
412,1,1,2025-09-09,Poland,Turkey,89.253792,97.699333
412,2,1,2025-09-09,Lithuania,Greece,86.505307,93.707184
412,3,1,2025-09-10,Finland,Georgia,61.824081,91.049592
412,4,1,2025-09-10,Germany,Slovenia,117.29353,81.887111
413,1,1,2025-09-09,Poland,Turkey,78.905941,107.82197
413,2,1,2025-09-09,Lithuania,Greece,107.93054,98.679842
413,3,1,2025-09-10,Finland,Georgia,90.904456,73.981545
413,4,1,2025-09-10,Germany,Slovenia,114.52473,85.72139
414,1,1,2025-09-09,Poland,Turkey,87.881423,92.189912
414,2,1,2025-09-09,Lithuania,Greece,91.849099,83.454792
414,3,1,2025-09-10,Finland,Georgia,113.30594,87.488023
414,4,1,2025-09-10,Germany,Slovenia,78.969376,75.64008
415,1,1,2025-09-09,Poland,Turkey,89.079674,108.15264
415,2,1,2025-09-09,Lithuania,Greece,77.439882,78.290913
415,3,1,2025-09-10,Finland,Georgia,101.68945,79.764196
415,4,1,2025-09-10,Germany,Slovenia,110.80845,93.791794
416,1,1,2025-09-09,Poland,Turkey,75.70778,86.42609
416,2,1,2025-09-09,Lithuania,Greece,74.096797,66.679147
416,3,1,2025-09-10,Finland,Georgia,109.38077,77.027448
416,4,1,2025-09-10,Germany,Slovenia,102.04373,83.883771
417,1,1,2025-09-09,Poland,Turkey,87.880755,94.993432
417,2,1,2025-09-09,Lithuania,Greece,81.82509,81.000454
417,3,1,2025-09-10,Finland,Georgia,92.981204,83.817968
417,4,1,2025-09-10,Germany,Slovenia,109.07683,87.834509
418,1,1,2025-09-09,Poland,Turkey,61.686579,86.585982
418,2,1,2025-09-09,Lithuania,Greece,76.286194,77.944019
418,3,1,2025-09-10,Finland,Georgia,100.42278,76.607421
418,4,1,2025-09-10,Germany,Slovenia,96.335217,74.554083
419,1,1,2025-09-09,Poland,Turkey,80.291789,90.359595
419,2,1,2025-09-09,Lithuania,Greece,88.334916,67.825667
419,3,1,2025-09-10,Finland,Georgia,79.97831,63.72468
419,4,1,2025-09-10,Germany,Slovenia,113.62218,74.702937
420,1,1,2025-09-09,Poland,Turkey,83.801805,90.093683
420,2,1,2025-09-09,Lithuania,Greece,101.20567,84.752882
420,3,1,2025-09-10,Finland,Georgia,76.253798,70.081364
420,4,1,2025-09-10,Germany,Slovenia,109.88004,82.389478
421,1,1,2025-09-09,Poland,Turkey,78.934375,92.243396
421,2,1,2025-09-09,Lithuania,Greece,81.961469,75.51405
421,3,1,2025-09-10,Finland,Georgia,100.16607,87.17534
421,4,1,2025-09-10,Germany,Slovenia,114.7278,93.676244
422,1,1,2025-09-09,Poland,Turkey,72.491984,84.305257
422,2,1,2025-09-09,Lithuania,Greece,95.618448,80.63277
422,3,1,2025-09-10,Finland,Georgia,84.997601,83.686935
422,4,1,2025-09-10,Germany,Slovenia,86.081837,98.059165
423,1,1,2025-09-09,Poland,Turkey,70.90129,81.142085
423,2,1,2025-09-09,Lithuania,Greece,89.521408,77.775482
423,3,1,2025-09-10,Finland,Georgia,89.548747,83.817712
423,4,1,2025-09-10,Germany,Slovenia,99.121615,82.74723
424,1,1,2025-09-09,Poland,Turkey,75.908592,95.477303
424,2,1,2025-09-09,Lithuania,Greece,79.549092,67.080127
424,3,1,2025-09-10,Finland,Georgia,91.348673,88.088346
424,4,1,2025-09-10,Germany,Slovenia,99.263604,91.989343
425,1,1,2025-09-09,Poland,Turkey,75.551497,79.403287
425,2,1,2025-09-09,Lithuania,Greece,69.731035,52.770137
425,3,1,2025-09-10,Finland,Georgia,102.0968,78.570273
425,4,1,2025-09-10,Germany,Slovenia,107.87627,74.507068
426,1,1,2025-09-09,Poland,Turkey,67.198547,83.6105
426,2,1,2025-09-09,Lithuania,Greece,77.549623,75.092744
426,3,1,2025-09-10,Finland,Georgia,98.43191,67.319028
426,4,1,2025-09-10,Germany,Slovenia,102.77264,86.392237
427,1,1,2025-09-09,Poland,Turkey,81.845692,79.235668
427,2,1,2025-09-09,Lithuania,Greece,88.131977,71.018842
427,3,1,2025-09-10,Finland,Georgia,101.88705,68.801168
427,4,1,2025-09-10,Germany,Slovenia,107.72348,90.452501
428,1,1,2025-09-09,Poland,Turkey,99.251598,90.428404
428,2,1,2025-09-09,Lithuania,Greece,78.70164,68.900782
428,3,1,2025-09-10,Finland,Georgia,99.302773,94.981934999999993
428,4,1,2025-09-10,Germany,Slovenia,125.28902,81.399942
429,1,1,2025-09-09,Poland,Turkey,63.626489,94.355168
429,2,1,2025-09-09,Lithuania,Greece,92.418381,94.408027
429,3,1,2025-09-10,Finland,Georgia,103.71122,79.210217
429,4,1,2025-09-10,Germany,Slovenia,111.90831,87.128309
430,1,1,2025-09-09,Poland,Turkey,62.320446,96.132025
430,2,1,2025-09-09,Lithuania,Greece,89.910706,74.262017
430,3,1,2025-09-10,Finland,Georgia,97.013771,87.764189
430,4,1,2025-09-10,Germany,Slovenia,100.43919,92.705427
431,1,1,2025-09-09,Poland,Turkey,96.811704,80.641475
431,2,1,2025-09-09,Lithuania,Greece,105.62867,85.174452
431,3,1,2025-09-10,Finland,Georgia,95.699131,85.102546
431,4,1,2025-09-10,Germany,Slovenia,86.057881,67.545574
432,1,1,2025-09-09,Poland,Turkey,89.86598,78.838185
432,2,1,2025-09-09,Lithuania,Greece,86.029897,51.392998
432,3,1,2025-09-10,Finland,Georgia,71.793233,70.916188
432,4,1,2025-09-10,Germany,Slovenia,112.78115,93.344917
433,1,1,2025-09-09,Poland,Turkey,76.936542,76.166369
433,2,1,2025-09-09,Lithuania,Greece,94.438544,82.581134
433,3,1,2025-09-10,Finland,Georgia,98.184235,78.580758
433,4,1,2025-09-10,Germany,Slovenia,115.90122,76.148805
434,1,1,2025-09-09,Poland,Turkey,86.863337,95.513604
434,2,1,2025-09-09,Lithuania,Greece,98.266891,93.230234
434,3,1,2025-09-10,Finland,Georgia,97.831906,64.6911
434,4,1,2025-09-10,Germany,Slovenia,113.98485,95.478602
435,1,1,2025-09-09,Poland,Turkey,70.336428,90.595697
435,2,1,2025-09-09,Lithuania,Greece,89.319249,64.31161
435,3,1,2025-09-10,Finland,Georgia,93.664057,75.790974
435,4,1,2025-09-10,Germany,Slovenia,90.839818,72.191986
436,1,1,2025-09-09,Poland,Turkey,65.443743,91.77628
436,2,1,2025-09-09,Lithuania,Greece,95.211096,82.556643
436,3,1,2025-09-10,Finland,Georgia,103.46432,84.376561
436,4,1,2025-09-10,Germany,Slovenia,108.99332,78.503413
437,1,1,2025-09-09,Poland,Turkey,82.442632,83.157584
437,2,1,2025-09-09,Lithuania,Greece,102.96461,71.38491
437,3,1,2025-09-10,Finland,Georgia,109.2802,92.676233
437,4,1,2025-09-10,Germany,Slovenia,97.857598,76.522847
438,1,1,2025-09-09,Poland,Turkey,86.951534,92.196583
438,2,1,2025-09-09,Lithuania,Greece,89.693955,66.125345
438,3,1,2025-09-10,Finland,Georgia,91.929506,70.801461
438,4,1,2025-09-10,Germany,Slovenia,106.68931,103.8278
439,1,1,2025-09-09,Poland,Turkey,84.141348,94.770072
439,2,1,2025-09-09,Lithuania,Greece,95.140866,99.41542
439,3,1,2025-09-10,Finland,Georgia,89.370758,68.995578
439,4,1,2025-09-10,Germany,Slovenia,117.17533,82.788211
440,1,1,2025-09-09,Poland,Turkey,84.453265,101.98717
440,2,1,2025-09-09,Lithuania,Greece,78.140932,84.002157
440,3,1,2025-09-10,Finland,Georgia,80.208323,59.686443
440,4,1,2025-09-10,Germany,Slovenia,99.555149,88.69881
441,1,1,2025-09-09,Poland,Turkey,76.40197,92.517797
441,2,1,2025-09-09,Lithuania,Greece,71.977344,63.301193
441,3,1,2025-09-10,Finland,Georgia,106.97027,83.249698
441,4,1,2025-09-10,Germany,Slovenia,120.97678,96.631734
442,1,1,2025-09-09,Poland,Turkey,64.67277,105.0246
442,2,1,2025-09-09,Lithuania,Greece,96.665514,86.500245
442,3,1,2025-09-10,Finland,Georgia,84.245066,67.066065
442,4,1,2025-09-10,Germany,Slovenia,103.84729,83.363783
443,1,1,2025-09-09,Poland,Turkey,72.247496,108.8108
443,2,1,2025-09-09,Lithuania,Greece,91.792504,81.999783
443,3,1,2025-09-10,Finland,Georgia,111.89392,59.208547
443,4,1,2025-09-10,Germany,Slovenia,91.648056,100.01759
444,1,1,2025-09-09,Poland,Turkey,67.458225,94.982741
444,2,1,2025-09-09,Lithuania,Greece,82.217882,72.309003
444,3,1,2025-09-10,Finland,Georgia,88.617672,72.907361
444,4,1,2025-09-10,Germany,Slovenia,80.588537,109.56203
445,1,1,2025-09-09,Poland,Turkey,73.212414,86.131731
445,2,1,2025-09-09,Lithuania,Greece,107.69239,101.22674
445,3,1,2025-09-10,Finland,Georgia,101.28632,72.435478
445,4,1,2025-09-10,Germany,Slovenia,115.96764,76.680746
446,1,1,2025-09-09,Poland,Turkey,77.55558,98.09982
446,2,1,2025-09-09,Lithuania,Greece,72.47259,65.87356
446,3,1,2025-09-10,Finland,Georgia,88.475671,71.506844
446,4,1,2025-09-10,Germany,Slovenia,97.903893,72.219741
447,1,1,2025-09-09,Poland,Turkey,85.15739,69.564408
447,2,1,2025-09-09,Lithuania,Greece,76.118483,81.826992
447,3,1,2025-09-10,Finland,Georgia,92.638219,85.730806
447,4,1,2025-09-10,Germany,Slovenia,104.28137,101.45723
448,1,1,2025-09-09,Poland,Turkey,72.624428,84.053805
448,2,1,2025-09-09,Lithuania,Greece,81.563868,79.254277
448,3,1,2025-09-10,Finland,Georgia,102.95554,82.611005
448,4,1,2025-09-10,Germany,Slovenia,80.627365,72.581701
449,1,1,2025-09-09,Poland,Turkey,66.823896,88.319283
449,2,1,2025-09-09,Lithuania,Greece,87.856986,75.049138
449,3,1,2025-09-10,Finland,Georgia,68.908716,84.392814
449,4,1,2025-09-10,Germany,Slovenia,103.79592,78.08024
450,1,1,2025-09-09,Poland,Turkey,73.035615,99.295618
450,2,1,2025-09-09,Lithuania,Greece,83.703368,69.069064
450,3,1,2025-09-10,Finland,Georgia,79.691994,75.544021
450,4,1,2025-09-10,Germany,Slovenia,95.014644,96.898452
451,1,1,2025-09-09,Poland,Turkey,76.251394,85.373846
451,2,1,2025-09-09,Lithuania,Greece,61.787940999999996,65.68625
451,3,1,2025-09-10,Finland,Georgia,89.219547,61.428654
451,4,1,2025-09-10,Germany,Slovenia,98.510218,92.976863
452,1,1,2025-09-09,Poland,Turkey,87.382473,71.190219
452,2,1,2025-09-09,Lithuania,Greece,86.01557,68.943396
452,3,1,2025-09-10,Finland,Georgia,101.54746,72.898857
452,4,1,2025-09-10,Germany,Slovenia,95.117405,85.371161
453,1,1,2025-09-09,Poland,Turkey,72.72287,88.414775
453,2,1,2025-09-09,Lithuania,Greece,72.938963,60.297738
453,3,1,2025-09-10,Finland,Georgia,87.905275,78.515036
453,4,1,2025-09-10,Germany,Slovenia,94.362429,68.185136
454,1,1,2025-09-09,Poland,Turkey,95.194407,76.659222
454,2,1,2025-09-09,Lithuania,Greece,95.124784,66.409205
454,3,1,2025-09-10,Finland,Georgia,90.596409,59.535899
454,4,1,2025-09-10,Germany,Slovenia,101.79187,89.626622
455,1,1,2025-09-09,Poland,Turkey,96.544793,87.197731
455,2,1,2025-09-09,Lithuania,Greece,83.367746,78.443837
455,3,1,2025-09-10,Finland,Georgia,85.860113,90.593485
455,4,1,2025-09-10,Germany,Slovenia,104.70858,97.429103
456,1,1,2025-09-09,Poland,Turkey,82.908497,83.325592
456,2,1,2025-09-09,Lithuania,Greece,85.227931,100.60135
456,3,1,2025-09-10,Finland,Georgia,85.044967,79.431346
456,4,1,2025-09-10,Germany,Slovenia,113.66314,87.026059
457,1,1,2025-09-09,Poland,Turkey,98.019401,108.52813
457,2,1,2025-09-09,Lithuania,Greece,72.453771,59.214712
457,3,1,2025-09-10,Finland,Georgia,90.587168,86.558122
457,4,1,2025-09-10,Germany,Slovenia,95.458137,88.235359
458,1,1,2025-09-09,Poland,Turkey,68.783797,68.729642
458,2,1,2025-09-09,Lithuania,Greece,88.718069,97.819820000000007
458,3,1,2025-09-10,Finland,Georgia,102.86629,65.718448
458,4,1,2025-09-10,Germany,Slovenia,81.32445,88.113827
459,1,1,2025-09-09,Poland,Turkey,82.078728,88.130995
459,2,1,2025-09-09,Lithuania,Greece,87.866746,78.638575
459,3,1,2025-09-10,Finland,Georgia,107.53637,85.450757
459,4,1,2025-09-10,Germany,Slovenia,109.74048,93.4207
460,1,1,2025-09-09,Poland,Turkey,75.495837,92.62027
460,2,1,2025-09-09,Lithuania,Greece,72.456417,72.758306
460,3,1,2025-09-10,Finland,Georgia,84.755145,109.249
460,4,1,2025-09-10,Germany,Slovenia,101.02091,68.105109
461,1,1,2025-09-09,Poland,Turkey,79.621879,90.047484
461,2,1,2025-09-09,Lithuania,Greece,86.761801,79.535255
461,3,1,2025-09-10,Finland,Georgia,95.061569,73.169976
461,4,1,2025-09-10,Germany,Slovenia,99.358571,99.081653
462,1,1,2025-09-09,Poland,Turkey,64.115161,94.937355
462,2,1,2025-09-09,Lithuania,Greece,70.498987,60.417963
462,3,1,2025-09-10,Finland,Georgia,91.355971,84.356361
462,4,1,2025-09-10,Germany,Slovenia,86.063144,87.644194
463,1,1,2025-09-09,Poland,Turkey,102.40348,84.911914
463,2,1,2025-09-09,Lithuania,Greece,95.20507,81.434662
463,3,1,2025-09-10,Finland,Georgia,95.646714,71.146145
463,4,1,2025-09-10,Germany,Slovenia,111.08284,84.704022
464,1,1,2025-09-09,Poland,Turkey,81.724242,123.24257
464,2,1,2025-09-09,Lithuania,Greece,91.86116,73.84354
464,3,1,2025-09-10,Finland,Georgia,81.875736,60.756653
464,4,1,2025-09-10,Germany,Slovenia,97.196097,80.19819
465,1,1,2025-09-09,Poland,Turkey,92.067336,88.756484
465,2,1,2025-09-09,Lithuania,Greece,95.045167,75.251831
465,3,1,2025-09-10,Finland,Georgia,99.99617,72.861615
465,4,1,2025-09-10,Germany,Slovenia,112.706,96.835813
466,1,1,2025-09-09,Poland,Turkey,76.689896,86.804591
466,2,1,2025-09-09,Lithuania,Greece,81.75171,62.682392
466,3,1,2025-09-10,Finland,Georgia,101.92781,92.982729
466,4,1,2025-09-10,Germany,Slovenia,100.3565,92.479047
467,1,1,2025-09-09,Poland,Turkey,105.63103,94.951642
467,2,1,2025-09-09,Lithuania,Greece,79.143851,73.637807
467,3,1,2025-09-10,Finland,Georgia,124.64704,80.19142
467,4,1,2025-09-10,Germany,Slovenia,106.50419,77.300375
468,1,1,2025-09-09,Poland,Turkey,73.077055,105.23049
468,2,1,2025-09-09,Lithuania,Greece,99.101196,79.757391
468,3,1,2025-09-10,Finland,Georgia,101.05805,72.053239
468,4,1,2025-09-10,Germany,Slovenia,81.015957,83.593776
469,1,1,2025-09-09,Poland,Turkey,96.2887,84.129108
469,2,1,2025-09-09,Lithuania,Greece,82.247639,88.842136
469,3,1,2025-09-10,Finland,Georgia,92.118516,88.346976
469,4,1,2025-09-10,Germany,Slovenia,126.53873,100.37586
470,1,1,2025-09-09,Poland,Turkey,83.807473,96.080945
470,2,1,2025-09-09,Lithuania,Greece,90.418345,70.287145
470,3,1,2025-09-10,Finland,Georgia,97.654769,68.603555
470,4,1,2025-09-10,Germany,Slovenia,103.3323,82.227299
471,1,1,2025-09-09,Poland,Turkey,69.501668,84.672949
471,2,1,2025-09-09,Lithuania,Greece,91.755551,73.482503
471,3,1,2025-09-10,Finland,Georgia,96.101553,100.71761
471,4,1,2025-09-10,Germany,Slovenia,103.963,75.719134
472,1,1,2025-09-09,Poland,Turkey,73.430569,71.515659
472,2,1,2025-09-09,Lithuania,Greece,104.15966,74.789915
472,3,1,2025-09-10,Finland,Georgia,102.12188,65.599121
472,4,1,2025-09-10,Germany,Slovenia,93.479901,80.730455
473,1,1,2025-09-09,Poland,Turkey,79.657994,72.676526
473,2,1,2025-09-09,Lithuania,Greece,79.294535,70.947218
473,3,1,2025-09-10,Finland,Georgia,94.709262,60.577392
473,4,1,2025-09-10,Germany,Slovenia,100.83044,91.307142
474,1,1,2025-09-09,Poland,Turkey,54.345864,67.434574
474,2,1,2025-09-09,Lithuania,Greece,78.338444,56.049379
474,3,1,2025-09-10,Finland,Georgia,105.17732,97.392392
474,4,1,2025-09-10,Germany,Slovenia,103.4664,83.979682
475,1,1,2025-09-09,Poland,Turkey,85.38911,84.759083
475,2,1,2025-09-09,Lithuania,Greece,84.1841,74.571994
475,3,1,2025-09-10,Finland,Georgia,88.883414,73.701013
475,4,1,2025-09-10,Germany,Slovenia,106.33519,86.886026
476,1,1,2025-09-09,Poland,Turkey,63.324556,73.991171
476,2,1,2025-09-09,Lithuania,Greece,98.193792,82.404541
476,3,1,2025-09-10,Finland,Georgia,114.30389,77.305624
476,4,1,2025-09-10,Germany,Slovenia,90.796244,74.533691
477,1,1,2025-09-09,Poland,Turkey,82.055679,92.905933
477,2,1,2025-09-09,Lithuania,Greece,89.53066,77.548578
477,3,1,2025-09-10,Finland,Georgia,90.298748,67.783131
477,4,1,2025-09-10,Germany,Slovenia,115.81716,92.41291
478,1,1,2025-09-09,Poland,Turkey,76.114431,80.512166
478,2,1,2025-09-09,Lithuania,Greece,63.487489,57.099048
478,3,1,2025-09-10,Finland,Georgia,91.146994,78.75846
478,4,1,2025-09-10,Germany,Slovenia,114.56587,77.639078
479,1,1,2025-09-09,Poland,Turkey,75.001878,98.547019
479,2,1,2025-09-09,Lithuania,Greece,78.389884,74.74052
479,3,1,2025-09-10,Finland,Georgia,100.80893,80.910952
479,4,1,2025-09-10,Germany,Slovenia,106.19112,88.735729
480,1,1,2025-09-09,Poland,Turkey,75.450875,91.725833
480,2,1,2025-09-09,Lithuania,Greece,101.53917,83.812303
480,3,1,2025-09-10,Finland,Georgia,116.49682,76.973626
480,4,1,2025-09-10,Germany,Slovenia,104.97929,93.606018
481,1,1,2025-09-09,Poland,Turkey,82.277843,112.519
481,2,1,2025-09-09,Lithuania,Greece,71.930309,79.141657
481,3,1,2025-09-10,Finland,Georgia,90.719501,89.767761
481,4,1,2025-09-10,Germany,Slovenia,120.1322,110.54011
482,1,1,2025-09-09,Poland,Turkey,68.795476,74.557375
482,2,1,2025-09-09,Lithuania,Greece,90.87351,86.819794
482,3,1,2025-09-10,Finland,Georgia,96.464348,70.100274
482,4,1,2025-09-10,Germany,Slovenia,124.6453,89.009981
483,1,1,2025-09-09,Poland,Turkey,74.513432,72.68919
483,2,1,2025-09-09,Lithuania,Greece,92.531832,84.906909
483,3,1,2025-09-10,Finland,Georgia,85.842356,75.495794
483,4,1,2025-09-10,Germany,Slovenia,100.50918,88.780711
484,1,1,2025-09-09,Poland,Turkey,70.407667,86.319461
484,2,1,2025-09-09,Lithuania,Greece,79.51388,84.502921
484,3,1,2025-09-10,Finland,Georgia,97.326144,74.355813
484,4,1,2025-09-10,Germany,Slovenia,105.13776,95.21204
485,1,1,2025-09-09,Poland,Turkey,69.400836,82.024867
485,2,1,2025-09-09,Lithuania,Greece,81.304557,88.364988
485,3,1,2025-09-10,Finland,Georgia,99.250793,73.549821
485,4,1,2025-09-10,Germany,Slovenia,101.93223,77.862189
486,1,1,2025-09-09,Poland,Turkey,68.717048,85.245455
486,2,1,2025-09-09,Lithuania,Greece,71.03644,64.855753000000007
486,3,1,2025-09-10,Finland,Georgia,87.873705,83.191784
486,4,1,2025-09-10,Germany,Slovenia,101.67981,89.912253
487,1,1,2025-09-09,Poland,Turkey,61.608909,101.94844
487,2,1,2025-09-09,Lithuania,Greece,85.808257,78.354536
487,3,1,2025-09-10,Finland,Georgia,108.3723,81.958563
487,4,1,2025-09-10,Germany,Slovenia,93.25715,84.498773
488,1,1,2025-09-09,Poland,Turkey,78.491695000000007,90.980678
488,2,1,2025-09-09,Lithuania,Greece,74.784957,60.853681
488,3,1,2025-09-10,Finland,Georgia,93.72142,88.982642
488,4,1,2025-09-10,Germany,Slovenia,117.38662,86.245013
489,1,1,2025-09-09,Poland,Turkey,97.708581,83.482946
489,2,1,2025-09-09,Lithuania,Greece,98.351461,63.478208
489,3,1,2025-09-10,Finland,Georgia,104.17193,66.458635
489,4,1,2025-09-10,Germany,Slovenia,105.6521,92.875039
490,1,1,2025-09-09,Poland,Turkey,67.315371,66.626326
490,2,1,2025-09-09,Lithuania,Greece,83.79356,93.921259
490,3,1,2025-09-10,Finland,Georgia,95.631943,88.510022
490,4,1,2025-09-10,Germany,Slovenia,89.42743,89.940818
491,1,1,2025-09-09,Poland,Turkey,69.134453,87.875077
491,2,1,2025-09-09,Lithuania,Greece,79.911865,68.632658
491,3,1,2025-09-10,Finland,Georgia,92.442027,66.325596
491,4,1,2025-09-10,Germany,Slovenia,103.03848,85.318218
492,1,1,2025-09-09,Poland,Turkey,80.974669,101.45111
492,2,1,2025-09-09,Lithuania,Greece,66.483296,73.168229
492,3,1,2025-09-10,Finland,Georgia,90.275686,72.852194
492,4,1,2025-09-10,Germany,Slovenia,119.75728,91.891617
493,1,1,2025-09-09,Poland,Turkey,55.420678,76.577053
493,2,1,2025-09-09,Lithuania,Greece,97.705044,66.893345
493,3,1,2025-09-10,Finland,Georgia,91.74419,67.84681
493,4,1,2025-09-10,Germany,Slovenia,85.997866,74.605235
494,1,1,2025-09-09,Poland,Turkey,76.190202,89.664739
494,2,1,2025-09-09,Lithuania,Greece,88.623868,80.525872
494,3,1,2025-09-10,Finland,Georgia,92.392089,69.237061
494,4,1,2025-09-10,Germany,Slovenia,99.005446,108.25067
495,1,1,2025-09-09,Poland,Turkey,71.152344,85.271793
495,2,1,2025-09-09,Lithuania,Greece,84.202253,62.488841
495,3,1,2025-09-10,Finland,Georgia,96.136218,79.582801
495,4,1,2025-09-10,Germany,Slovenia,104.16103,69.720443
496,1,1,2025-09-09,Poland,Turkey,81.794225,64.074934
496,2,1,2025-09-09,Lithuania,Greece,90.963902,80.535946
496,3,1,2025-09-10,Finland,Georgia,88.982502,63.550613
496,4,1,2025-09-10,Germany,Slovenia,102.69528,91.449484
497,1,1,2025-09-09,Poland,Turkey,83.075163,92.050592
497,2,1,2025-09-09,Lithuania,Greece,98.489854,87.038624
497,3,1,2025-09-10,Finland,Georgia,106.35279,82.443099
497,4,1,2025-09-10,Germany,Slovenia,101.09696,97.544981
498,1,1,2025-09-09,Poland,Turkey,67.186899,86.848688
498,2,1,2025-09-09,Lithuania,Greece,86.547653,94.06792
498,3,1,2025-09-10,Finland,Georgia,96.703964,61.343371
498,4,1,2025-09-10,Germany,Slovenia,106.15506,99.97447
499,1,1,2025-09-09,Poland,Turkey,79.127568,81.018372
499,2,1,2025-09-09,Lithuania,Greece,79.202204,60.93674
499,3,1,2025-09-10,Finland,Georgia,96.838267,84.807301
499,4,1,2025-09-10,Germany,Slovenia,83.194111,85.962509
500,1,1,2025-09-09,Poland,Turkey,81.942049,83.842782
500,2,1,2025-09-09,Lithuania,Greece,90.434789,80.537278
500,3,1,2025-09-10,Finland,Georgia,105.56289,59.187855
500,4,1,2025-09-10,Germany,Slovenia,123.44946,93.452245
501,1,1,2025-09-09,Poland,Turkey,68.078566,77.468387
501,2,1,2025-09-09,Lithuania,Greece,76.528152,79.63046
501,3,1,2025-09-10,Finland,Georgia,76.205297,76.365302
501,4,1,2025-09-10,Germany,Slovenia,101.77631,92.071921
502,1,1,2025-09-09,Poland,Turkey,77.12025,90.810765
502,2,1,2025-09-09,Lithuania,Greece,88.837079,88.96148
502,3,1,2025-09-10,Finland,Georgia,101.39777,90.18131
502,4,1,2025-09-10,Germany,Slovenia,102.26889,80.761461
503,1,1,2025-09-09,Poland,Turkey,75.655712,107.93625
503,2,1,2025-09-09,Lithuania,Greece,79.609976,84.762339
503,3,1,2025-09-10,Finland,Georgia,92.317107,83.42134
503,4,1,2025-09-10,Germany,Slovenia,101.18651,76.848334
504,1,1,2025-09-09,Poland,Turkey,80.988688,94.242066
504,2,1,2025-09-09,Lithuania,Greece,92.565301,81.201772
504,3,1,2025-09-10,Finland,Georgia,88.476514,68.43459
504,4,1,2025-09-10,Germany,Slovenia,120.4593,70.369535
505,1,1,2025-09-09,Poland,Turkey,75.111785,81.325557
505,2,1,2025-09-09,Lithuania,Greece,67.689132,60.376348
505,3,1,2025-09-10,Finland,Georgia,93.752112,69.453582
505,4,1,2025-09-10,Germany,Slovenia,128.69748,91.052274
506,1,1,2025-09-09,Poland,Turkey,80.541446,99.15795
506,2,1,2025-09-09,Lithuania,Greece,90.676798,83.378975
506,3,1,2025-09-10,Finland,Georgia,109.68975,53.617163
506,4,1,2025-09-10,Germany,Slovenia,108.42735,75.641391
507,1,1,2025-09-09,Poland,Turkey,88.812806,89.345686
507,2,1,2025-09-09,Lithuania,Greece,81.087214,70.512527
507,3,1,2025-09-10,Finland,Georgia,87.48691,75.751147
507,4,1,2025-09-10,Germany,Slovenia,101.26696,77.237974
508,1,1,2025-09-09,Poland,Turkey,74.087644,115.64089
508,2,1,2025-09-09,Lithuania,Greece,66.021262,64.655134
508,3,1,2025-09-10,Finland,Georgia,74.192412,59.435201
508,4,1,2025-09-10,Germany,Slovenia,114.04799,79.202314
509,1,1,2025-09-09,Poland,Turkey,73.937978,75.497499
509,2,1,2025-09-09,Lithuania,Greece,82.321672,85.428762
509,3,1,2025-09-10,Finland,Georgia,80.662435,70.277953
509,4,1,2025-09-10,Germany,Slovenia,114.79355,78.035648
510,1,1,2025-09-09,Poland,Turkey,82.479548,87.582832
510,2,1,2025-09-09,Lithuania,Greece,80.571754,76.689076
510,3,1,2025-09-10,Finland,Georgia,104.98765,82.049475
510,4,1,2025-09-10,Germany,Slovenia,111.99928,86.305648
511,1,1,2025-09-09,Poland,Turkey,72.156514,98.172846
511,2,1,2025-09-09,Lithuania,Greece,95.066099,94.022156
511,3,1,2025-09-10,Finland,Georgia,94.337188,79.870905
511,4,1,2025-09-10,Germany,Slovenia,105.18827,75.309245
512,1,1,2025-09-09,Poland,Turkey,82.175361,77.010276
512,2,1,2025-09-09,Lithuania,Greece,78.479133,64.482464
512,3,1,2025-09-10,Finland,Georgia,113.69329,80.464387
512,4,1,2025-09-10,Germany,Slovenia,121.44579,93.342346
513,1,1,2025-09-09,Poland,Turkey,67.640692,88.406108
513,2,1,2025-09-09,Lithuania,Greece,94.196139,81.469512
513,3,1,2025-09-10,Finland,Georgia,105.29468,100.07386
513,4,1,2025-09-10,Germany,Slovenia,100.51869,84.953048
514,1,1,2025-09-09,Poland,Turkey,89.539832,91.9963
514,2,1,2025-09-09,Lithuania,Greece,83.654799,90.025937
514,3,1,2025-09-10,Finland,Georgia,95.349878,79.707734
514,4,1,2025-09-10,Germany,Slovenia,104.17974,80.695369
515,1,1,2025-09-09,Poland,Turkey,73.566121,85.695016
515,2,1,2025-09-09,Lithuania,Greece,83.108653,86.667604
515,3,1,2025-09-10,Finland,Georgia,80.728203,55.221996
515,4,1,2025-09-10,Germany,Slovenia,112.07515,79.444316
516,1,1,2025-09-09,Poland,Turkey,69.338202,105.42072
516,2,1,2025-09-09,Lithuania,Greece,96.147703,89.48153
516,3,1,2025-09-10,Finland,Georgia,74.501904,72.392986
516,4,1,2025-09-10,Germany,Slovenia,117.23311,97.974725
517,1,1,2025-09-09,Poland,Turkey,79.58562,78.273489
517,2,1,2025-09-09,Lithuania,Greece,89.18008,99.943012
517,3,1,2025-09-10,Finland,Georgia,90.808744,91.908343
517,4,1,2025-09-10,Germany,Slovenia,84.601285,71.05128
518,1,1,2025-09-09,Poland,Turkey,78.380547000000007,79.135524
518,2,1,2025-09-09,Lithuania,Greece,70.793813,73.207407
518,3,1,2025-09-10,Finland,Georgia,80.905475,57.149477
518,4,1,2025-09-10,Germany,Slovenia,111.77551,107.49063
519,1,1,2025-09-09,Poland,Turkey,71.038653,89.704067
519,2,1,2025-09-09,Lithuania,Greece,87.181933,84.263345
519,3,1,2025-09-10,Finland,Georgia,88.098638,77.296288
519,4,1,2025-09-10,Germany,Slovenia,116.67195,75.818333
520,1,1,2025-09-09,Poland,Turkey,79.482139,71.577625
520,2,1,2025-09-09,Lithuania,Greece,93.331332,107.30053
520,3,1,2025-09-10,Finland,Georgia,84.819236,78.316636
520,4,1,2025-09-10,Germany,Slovenia,105.6647,114.24548
521,1,1,2025-09-09,Poland,Turkey,78.531869,83.454636
521,2,1,2025-09-09,Lithuania,Greece,108.70487,69.24048
521,3,1,2025-09-10,Finland,Georgia,81.744623,68.50441
521,4,1,2025-09-10,Germany,Slovenia,110.43136,92.831882
522,1,1,2025-09-09,Poland,Turkey,107.74371,96.204939
522,2,1,2025-09-09,Lithuania,Greece,93.223899,55.647794
522,3,1,2025-09-10,Finland,Georgia,90.682455,87.170562
522,4,1,2025-09-10,Germany,Slovenia,118.88492,93.524248
523,1,1,2025-09-09,Poland,Turkey,72.667501,78.871925
523,2,1,2025-09-09,Lithuania,Greece,95.858359,65.8392
523,3,1,2025-09-10,Finland,Georgia,101.53721,86.491461
523,4,1,2025-09-10,Germany,Slovenia,119.80724,84.21089
524,1,1,2025-09-09,Poland,Turkey,66.992497,76.212098
524,2,1,2025-09-09,Lithuania,Greece,88.409033,62.956706
524,3,1,2025-09-10,Finland,Georgia,107.50241,79.692615
524,4,1,2025-09-10,Germany,Slovenia,92.466081,85.398813
525,1,1,2025-09-09,Poland,Turkey,87.186736,85.972004
525,2,1,2025-09-09,Lithuania,Greece,98.897602,71.222133
525,3,1,2025-09-10,Finland,Georgia,95.400185,81.186732
525,4,1,2025-09-10,Germany,Slovenia,90.477904,87.624813
526,1,1,2025-09-09,Poland,Turkey,82.866314,77.845844
526,2,1,2025-09-09,Lithuania,Greece,80.695601,67.648908
526,3,1,2025-09-10,Finland,Georgia,118.17948,79.388258
526,4,1,2025-09-10,Germany,Slovenia,124.5395,98.575872
527,1,1,2025-09-09,Poland,Turkey,70.759423,78.630079
527,2,1,2025-09-09,Lithuania,Greece,85.783828,76.974743
527,3,1,2025-09-10,Finland,Georgia,101.31635,75.981142
527,4,1,2025-09-10,Germany,Slovenia,102.65502,90.591472
528,1,1,2025-09-09,Poland,Turkey,65.069119,82.967179
528,2,1,2025-09-09,Lithuania,Greece,77.690491,59.845186
528,3,1,2025-09-10,Finland,Georgia,110.70887,80.193386
528,4,1,2025-09-10,Germany,Slovenia,89.61335,54.887291
529,1,1,2025-09-09,Poland,Turkey,69.01954,69.714822
529,2,1,2025-09-09,Lithuania,Greece,102.15833,80.440005
529,3,1,2025-09-10,Finland,Georgia,111.11845,106.04997
529,4,1,2025-09-10,Germany,Slovenia,102.29129,93.594672
530,1,1,2025-09-09,Poland,Turkey,98.100231,69.673309
530,2,1,2025-09-09,Lithuania,Greece,72.173147,50.789742
530,3,1,2025-09-10,Finland,Georgia,93.503419,78.108895
530,4,1,2025-09-10,Germany,Slovenia,105.70928,84.122279
531,1,1,2025-09-09,Poland,Turkey,79.622887,92.727436
531,2,1,2025-09-09,Lithuania,Greece,99.252107,92.631112
531,3,1,2025-09-10,Finland,Georgia,97.041138,76.89856
531,4,1,2025-09-10,Germany,Slovenia,97.295781,89.896342
532,1,1,2025-09-09,Poland,Turkey,82.120997,87.846041
532,2,1,2025-09-09,Lithuania,Greece,87.223671,76.014275
532,3,1,2025-09-10,Finland,Georgia,108.81373,62.653456
532,4,1,2025-09-10,Germany,Slovenia,103.16437,75.88126
533,1,1,2025-09-09,Poland,Turkey,83.764476,82.182721
533,2,1,2025-09-09,Lithuania,Greece,58.76477,60.048374
533,3,1,2025-09-10,Finland,Georgia,98.018412,91.456552
533,4,1,2025-09-10,Germany,Slovenia,103.69779,85.548467
534,1,1,2025-09-09,Poland,Turkey,75.75016,95.938227
534,2,1,2025-09-09,Lithuania,Greece,80.168215,86.109458
534,3,1,2025-09-10,Finland,Georgia,94.661042,68.97757
534,4,1,2025-09-10,Germany,Slovenia,108.37805,94.671247
535,1,1,2025-09-09,Poland,Turkey,46.588378,72.411386
535,2,1,2025-09-09,Lithuania,Greece,82.24829,89.612829
535,3,1,2025-09-10,Finland,Georgia,107.69652,89.668511
535,4,1,2025-09-10,Germany,Slovenia,103.45535,74.358291
536,1,1,2025-09-09,Poland,Turkey,77.373465,78.326808
536,2,1,2025-09-09,Lithuania,Greece,92.707475,73.857556
536,3,1,2025-09-10,Finland,Georgia,90.973903,72.841621
536,4,1,2025-09-10,Germany,Slovenia,96.870307,69.64104
537,1,1,2025-09-09,Poland,Turkey,63.262763,85.783505
537,2,1,2025-09-09,Lithuania,Greece,86.017444,78.20076
537,3,1,2025-09-10,Finland,Georgia,109.7323,94.281552
537,4,1,2025-09-10,Germany,Slovenia,84.45845,64.739285
538,1,1,2025-09-09,Poland,Turkey,72.468582,86.487748
538,2,1,2025-09-09,Lithuania,Greece,101.3661,86.394835
538,3,1,2025-09-10,Finland,Georgia,85.203605,76.03333
538,4,1,2025-09-10,Germany,Slovenia,81.502238,80.485796
539,1,1,2025-09-09,Poland,Turkey,73.789117,99.07158
539,2,1,2025-09-09,Lithuania,Greece,87.641812,80.714641
539,3,1,2025-09-10,Finland,Georgia,94.344626,74.59358
539,4,1,2025-09-10,Germany,Slovenia,106.08536,90.502489
540,1,1,2025-09-09,Poland,Turkey,74.316605,105.77132
540,2,1,2025-09-09,Lithuania,Greece,77.744254,77.913979
540,3,1,2025-09-10,Finland,Georgia,90.194257,90.939143
540,4,1,2025-09-10,Germany,Slovenia,101.75029,91.872251
541,1,1,2025-09-09,Poland,Turkey,70.955608,84.640627
541,2,1,2025-09-09,Lithuania,Greece,66.743408,76.738079
541,3,1,2025-09-10,Finland,Georgia,97.082661,55.65806
541,4,1,2025-09-10,Germany,Slovenia,104.90867,86.830853
542,1,1,2025-09-09,Poland,Turkey,79.016541,81.481629
542,2,1,2025-09-09,Lithuania,Greece,90.509394,80.952665
542,3,1,2025-09-10,Finland,Georgia,81.491228,69.932149
542,4,1,2025-09-10,Germany,Slovenia,79.188105,74.865554
543,1,1,2025-09-09,Poland,Turkey,87.148738,95.830769
543,2,1,2025-09-09,Lithuania,Greece,76.618986,88.187932
543,3,1,2025-09-10,Finland,Georgia,102.3398,49.362308
543,4,1,2025-09-10,Germany,Slovenia,112.14497,80.12204
544,1,1,2025-09-09,Poland,Turkey,81.093043,92.530232
544,2,1,2025-09-09,Lithuania,Greece,93.202788,79.106653
544,3,1,2025-09-10,Finland,Georgia,95.434251,80.747397
544,4,1,2025-09-10,Germany,Slovenia,98.291698,102.37108
545,1,1,2025-09-09,Poland,Turkey,60.816893,81.847763
545,2,1,2025-09-09,Lithuania,Greece,76.568548,83.879753
545,3,1,2025-09-10,Finland,Georgia,81.67209,63.292389
545,4,1,2025-09-10,Germany,Slovenia,104.62905,102.09992
546,1,1,2025-09-09,Poland,Turkey,86.272137,108.3399
546,2,1,2025-09-09,Lithuania,Greece,82.752328,60.766486
546,3,1,2025-09-10,Finland,Georgia,97.61823,56.320919
546,4,1,2025-09-10,Germany,Slovenia,110.6715,78.461073
547,1,1,2025-09-09,Poland,Turkey,77.023559,73.789002
547,2,1,2025-09-09,Lithuania,Greece,89.733123,65.747861
547,3,1,2025-09-10,Finland,Georgia,85.503249,69.634025
547,4,1,2025-09-10,Germany,Slovenia,100.10002,86.062197
548,1,1,2025-09-09,Poland,Turkey,74.767882,91.194778
548,2,1,2025-09-09,Lithuania,Greece,80.010959,90.621582
548,3,1,2025-09-10,Finland,Georgia,97.074687,80.083962
548,4,1,2025-09-10,Germany,Slovenia,97.392021,110.93571
549,1,1,2025-09-09,Poland,Turkey,74.732983,104.98259
549,2,1,2025-09-09,Lithuania,Greece,80.132519,78.472524
549,3,1,2025-09-10,Finland,Georgia,85.331177,81.181383
549,4,1,2025-09-10,Germany,Slovenia,97.293005,83.263297
550,1,1,2025-09-09,Poland,Turkey,84.121952,83.137909
550,2,1,2025-09-09,Lithuania,Greece,98.029872,101.87794
550,3,1,2025-09-10,Finland,Georgia,88.898145,70.932089
550,4,1,2025-09-10,Germany,Slovenia,102.20005,92.435916
551,1,1,2025-09-09,Poland,Turkey,53.257811,98.241966
551,2,1,2025-09-09,Lithuania,Greece,85.695554,79.09334
551,3,1,2025-09-10,Finland,Georgia,84.299222,81.307147
551,4,1,2025-09-10,Germany,Slovenia,95.740505,76.279354
552,1,1,2025-09-09,Poland,Turkey,73.635365,95.78723
552,2,1,2025-09-09,Lithuania,Greece,90.186263,80.526123
552,3,1,2025-09-10,Finland,Georgia,73.380944,66.453404
552,4,1,2025-09-10,Germany,Slovenia,102.60523,79.425771
553,1,1,2025-09-09,Poland,Turkey,64.323364,64.924205
553,2,1,2025-09-09,Lithuania,Greece,90.9078,87.791606
553,3,1,2025-09-10,Finland,Georgia,86.612173,74.773927
553,4,1,2025-09-10,Germany,Slovenia,113.92852,113.89486
554,1,1,2025-09-09,Poland,Turkey,56.499136,80.623069
554,2,1,2025-09-09,Lithuania,Greece,88.599147,82.073833
554,3,1,2025-09-10,Finland,Georgia,102.97881,87.571807
554,4,1,2025-09-10,Germany,Slovenia,116.95909,79.845998
555,1,1,2025-09-09,Poland,Turkey,82.857454,92.89987
555,2,1,2025-09-09,Lithuania,Greece,82.882213,79.175022
555,3,1,2025-09-10,Finland,Georgia,108.91626,90.625518
555,4,1,2025-09-10,Germany,Slovenia,87.386526,73.203672
556,1,1,2025-09-09,Poland,Turkey,68.031018,94.652528
556,2,1,2025-09-09,Lithuania,Greece,87.982095,91.224791
556,3,1,2025-09-10,Finland,Georgia,67.232976,85.058591
556,4,1,2025-09-10,Germany,Slovenia,96.606198,83.377758
557,1,1,2025-09-09,Poland,Turkey,88.881778,94.060269
557,2,1,2025-09-09,Lithuania,Greece,88.231175,80.625202
557,3,1,2025-09-10,Finland,Georgia,90.032644,83.008513
557,4,1,2025-09-10,Germany,Slovenia,105.6911,84.234659
558,1,1,2025-09-09,Poland,Turkey,70.725561,66.111773
558,2,1,2025-09-09,Lithuania,Greece,87.610257,73.197479
558,3,1,2025-09-10,Finland,Georgia,120.32713,83.745814
558,4,1,2025-09-10,Germany,Slovenia,110.23838,86.115421
559,1,1,2025-09-09,Poland,Turkey,73.499086,90.910743
559,2,1,2025-09-09,Lithuania,Greece,85.931622,88.289771
559,3,1,2025-09-10,Finland,Georgia,92.747027,84.923995
559,4,1,2025-09-10,Germany,Slovenia,94.492514,72.143297
560,1,1,2025-09-09,Poland,Turkey,80.511075,81.448693
560,2,1,2025-09-09,Lithuania,Greece,101.69807,69.029056
560,3,1,2025-09-10,Finland,Georgia,82.386199,76.963506
560,4,1,2025-09-10,Germany,Slovenia,88.388353,73.531361
561,1,1,2025-09-09,Poland,Turkey,76.359351,80.535744
561,2,1,2025-09-09,Lithuania,Greece,90.747831,83.563932
561,3,1,2025-09-10,Finland,Georgia,96.756813,74.839115
561,4,1,2025-09-10,Germany,Slovenia,105.55195,96.763473
562,1,1,2025-09-09,Poland,Turkey,78.317262,87.84693
562,2,1,2025-09-09,Lithuania,Greece,90.475911,80.949972
562,3,1,2025-09-10,Finland,Georgia,89.637226,88.903724
562,4,1,2025-09-10,Germany,Slovenia,97.09923,72.224639
563,1,1,2025-09-09,Poland,Turkey,71.216964,91.68478
563,2,1,2025-09-09,Lithuania,Greece,94.540411,78.625272
563,3,1,2025-09-10,Finland,Georgia,82.319253,73.934878
563,4,1,2025-09-10,Germany,Slovenia,90.981485,92.909693
564,1,1,2025-09-09,Poland,Turkey,75.985315,95.507535
564,2,1,2025-09-09,Lithuania,Greece,67.338715,72.093635
564,3,1,2025-09-10,Finland,Georgia,108.70717,90.894493
564,4,1,2025-09-10,Germany,Slovenia,106.301,87.345342
565,1,1,2025-09-09,Poland,Turkey,78.792869,79.035306
565,2,1,2025-09-09,Lithuania,Greece,73.580739,78.749945
565,3,1,2025-09-10,Finland,Georgia,88.53549,63.202301
565,4,1,2025-09-10,Germany,Slovenia,110.35852,100.99193
566,1,1,2025-09-09,Poland,Turkey,91.328328,91.171484
566,2,1,2025-09-09,Lithuania,Greece,75.831648,61.7927
566,3,1,2025-09-10,Finland,Georgia,101.80047,82.655383
566,4,1,2025-09-10,Germany,Slovenia,100.8911,81.019729
567,1,1,2025-09-09,Poland,Turkey,68.728378,81.047059
567,2,1,2025-09-09,Lithuania,Greece,89.466483,86.490103
567,3,1,2025-09-10,Finland,Georgia,92.529696,79.10681
567,4,1,2025-09-10,Germany,Slovenia,106.64597,85.781214
568,1,1,2025-09-09,Poland,Turkey,58.367173,104.0675
568,2,1,2025-09-09,Lithuania,Greece,72.638078,66.090329
568,3,1,2025-09-10,Finland,Georgia,93.863465,80.497891
568,4,1,2025-09-10,Germany,Slovenia,102.60869,102.78076
569,1,1,2025-09-09,Poland,Turkey,88.631419,80.189436
569,2,1,2025-09-09,Lithuania,Greece,78.926638,69.702503
569,3,1,2025-09-10,Finland,Georgia,93.53766,77.77474
569,4,1,2025-09-10,Germany,Slovenia,81.498779,77.704438
570,1,1,2025-09-09,Poland,Turkey,79.1665,89.90823
570,2,1,2025-09-09,Lithuania,Greece,91.025279,67.196735
570,3,1,2025-09-10,Finland,Georgia,100.72481,76.788127
570,4,1,2025-09-10,Germany,Slovenia,109.74172,85.599751
571,1,1,2025-09-09,Poland,Turkey,80.795046,84.703138
571,2,1,2025-09-09,Lithuania,Greece,78.437045,56.880762
571,3,1,2025-09-10,Finland,Georgia,79.586441,82.984929
571,4,1,2025-09-10,Germany,Slovenia,109.11435,88.307132
572,1,1,2025-09-09,Poland,Turkey,73.500379,67.403248
572,2,1,2025-09-09,Lithuania,Greece,83.789314,64.57387
572,3,1,2025-09-10,Finland,Georgia,105.16529,110.49857
572,4,1,2025-09-10,Germany,Slovenia,102.15025,87.584763
573,1,1,2025-09-09,Poland,Turkey,69.946226,89.922064
573,2,1,2025-09-09,Lithuania,Greece,93.775236,71.429344
573,3,1,2025-09-10,Finland,Georgia,114.95573,93.24107
573,4,1,2025-09-10,Germany,Slovenia,101.86467,74.491183
574,1,1,2025-09-09,Poland,Turkey,54.767277,95.098189
574,2,1,2025-09-09,Lithuania,Greece,87.126694,75.333765
574,3,1,2025-09-10,Finland,Georgia,95.764681,62.463688
574,4,1,2025-09-10,Germany,Slovenia,96.776505,81.627826
575,1,1,2025-09-09,Poland,Turkey,92.466315,81.855453
575,2,1,2025-09-09,Lithuania,Greece,80.116672,74.262554
575,3,1,2025-09-10,Finland,Georgia,101.7702,79.77559
575,4,1,2025-09-10,Germany,Slovenia,97.782707,91.040357
576,1,1,2025-09-09,Poland,Turkey,77.788147,61.703053
576,2,1,2025-09-09,Lithuania,Greece,79.4915,61.871236
576,3,1,2025-09-10,Finland,Georgia,87.219792,77.952234
576,4,1,2025-09-10,Germany,Slovenia,114.12983,93.117403
577,1,1,2025-09-09,Poland,Turkey,79.142752,91.331703
577,2,1,2025-09-09,Lithuania,Greece,73.512646,69.235469
577,3,1,2025-09-10,Finland,Georgia,92.175985,76.63165
577,4,1,2025-09-10,Germany,Slovenia,106.55174,84.726657
578,1,1,2025-09-09,Poland,Turkey,65.161317,91.162415
578,2,1,2025-09-09,Lithuania,Greece,103.21479,67.818656
578,3,1,2025-09-10,Finland,Georgia,113.13522,75.414645
578,4,1,2025-09-10,Germany,Slovenia,104.1262,92.721018
579,1,1,2025-09-09,Poland,Turkey,71.400486,91.555406
579,2,1,2025-09-09,Lithuania,Greece,96.406602,58.668559
579,3,1,2025-09-10,Finland,Georgia,84.882675,76.471102
579,4,1,2025-09-10,Germany,Slovenia,96.499234,100.49126
580,1,1,2025-09-09,Poland,Turkey,58.638232,76.169271
580,2,1,2025-09-09,Lithuania,Greece,91.857197,88.746518
580,3,1,2025-09-10,Finland,Georgia,100.80215,77.049009
580,4,1,2025-09-10,Germany,Slovenia,105.22511,84.884238
581,1,1,2025-09-09,Poland,Turkey,90.32704,104.32322
581,2,1,2025-09-09,Lithuania,Greece,85.723157,92.537782000000007
581,3,1,2025-09-10,Finland,Georgia,81.100432,59.39458
581,4,1,2025-09-10,Germany,Slovenia,100.22855,95.072375
582,1,1,2025-09-09,Poland,Turkey,66.691835,82.778319
582,2,1,2025-09-09,Lithuania,Greece,94.512778,86.417429
582,3,1,2025-09-10,Finland,Georgia,96.819874,90.888119
582,4,1,2025-09-10,Germany,Slovenia,82.805825,88.796568
583,1,1,2025-09-09,Poland,Turkey,74.066544,75.872931
583,2,1,2025-09-09,Lithuania,Greece,91.336126,78.907837
583,3,1,2025-09-10,Finland,Georgia,96.068682,54.098249
583,4,1,2025-09-10,Germany,Slovenia,106.5395,79.358601
584,1,1,2025-09-09,Poland,Turkey,90.679921,97.795511
584,2,1,2025-09-09,Lithuania,Greece,101.2809,86.746771
584,3,1,2025-09-10,Finland,Georgia,100.62875,79.074042
584,4,1,2025-09-10,Germany,Slovenia,112.14504,83.605265
585,1,1,2025-09-09,Poland,Turkey,90.56865,92.073317
585,2,1,2025-09-09,Lithuania,Greece,89.572757,74.024595
585,3,1,2025-09-10,Finland,Georgia,92.013372,78.690101
585,4,1,2025-09-10,Germany,Slovenia,104.73442,105.53541
586,1,1,2025-09-09,Poland,Turkey,72.26911,98.341899
586,2,1,2025-09-09,Lithuania,Greece,92.956944,97.708776
586,3,1,2025-09-10,Finland,Georgia,95.673448,72.028809
586,4,1,2025-09-10,Germany,Slovenia,87.314388,84.050021
587,1,1,2025-09-09,Poland,Turkey,97.848551,81.354199
587,2,1,2025-09-09,Lithuania,Greece,109.07032,88.513476
587,3,1,2025-09-10,Finland,Georgia,101.08971,82.489992
587,4,1,2025-09-10,Germany,Slovenia,111.0154,85.967097
588,1,1,2025-09-09,Poland,Turkey,85.622567,94.569658
588,2,1,2025-09-09,Lithuania,Greece,92.127254,76.960939
588,3,1,2025-09-10,Finland,Georgia,98.739068,59.848934
588,4,1,2025-09-10,Germany,Slovenia,84.084374,87.786082
589,1,1,2025-09-09,Poland,Turkey,82.026538,110.322
589,2,1,2025-09-09,Lithuania,Greece,87.145234,74.936533
589,3,1,2025-09-10,Finland,Georgia,90.053211,105.27626
589,4,1,2025-09-10,Germany,Slovenia,129.42442,95.108118
590,1,1,2025-09-09,Poland,Turkey,74.187339,89.3942
590,2,1,2025-09-09,Lithuania,Greece,77.343585,75.381384
590,3,1,2025-09-10,Finland,Georgia,91.15219,75.965441
590,4,1,2025-09-10,Germany,Slovenia,111.42333000000001,88.792305
591,1,1,2025-09-09,Poland,Turkey,72.782503,95.230458
591,2,1,2025-09-09,Lithuania,Greece,90.314906,86.204052
591,3,1,2025-09-10,Finland,Georgia,105.16063,63.187447
591,4,1,2025-09-10,Germany,Slovenia,98.175128,85.953019
592,1,1,2025-09-09,Poland,Turkey,81.543552,105.23352
592,2,1,2025-09-09,Lithuania,Greece,85.026493,68.474789
592,3,1,2025-09-10,Finland,Georgia,93.46253,72.698753
592,4,1,2025-09-10,Germany,Slovenia,106.15882,96.719868
593,1,1,2025-09-09,Poland,Turkey,76.020071,91.398464
593,2,1,2025-09-09,Lithuania,Greece,103.78238,60.558359
593,3,1,2025-09-10,Finland,Georgia,88.532296,71.225939
593,4,1,2025-09-10,Germany,Slovenia,117.10614,105.52404
594,1,1,2025-09-09,Poland,Turkey,76.046738,91.435654
594,2,1,2025-09-09,Lithuania,Greece,84.880117,71.473662
594,3,1,2025-09-10,Finland,Georgia,79.166979,76.67395
594,4,1,2025-09-10,Germany,Slovenia,109.09517,64.719708
595,1,1,2025-09-09,Poland,Turkey,61.776123,63.520041
595,2,1,2025-09-09,Lithuania,Greece,79.556473,80.988875
595,3,1,2025-09-10,Finland,Georgia,95.125111,85.52455
595,4,1,2025-09-10,Germany,Slovenia,98.382846,91.441953
596,1,1,2025-09-09,Poland,Turkey,89.156639,91.518006
596,2,1,2025-09-09,Lithuania,Greece,84.606877,65.10301
596,3,1,2025-09-10,Finland,Georgia,95.200554,76.639483
596,4,1,2025-09-10,Germany,Slovenia,109.24296,65.905855
597,1,1,2025-09-09,Poland,Turkey,52.003562,88.795417
597,2,1,2025-09-09,Lithuania,Greece,98.762066,70.838104
597,3,1,2025-09-10,Finland,Georgia,106.26253,62.288747
597,4,1,2025-09-10,Germany,Slovenia,83.40774,72.659816
598,1,1,2025-09-09,Poland,Turkey,78.0643,80.962959
598,2,1,2025-09-09,Lithuania,Greece,87.866568,64.681863
598,3,1,2025-09-10,Finland,Georgia,99.870564,102.72197
598,4,1,2025-09-10,Germany,Slovenia,96.509893,81.508479
599,1,1,2025-09-09,Poland,Turkey,81.541227,76.381172
599,2,1,2025-09-09,Lithuania,Greece,90.878097,62.013492
599,3,1,2025-09-10,Finland,Georgia,89.373191,92.665815
599,4,1,2025-09-10,Germany,Slovenia,104.50386,78.345269
600,1,1,2025-09-09,Poland,Turkey,101.33999,96.284028
600,2,1,2025-09-09,Lithuania,Greece,97.198778,67.368219
600,3,1,2025-09-10,Finland,Georgia,95.62849,98.273281
600,4,1,2025-09-10,Germany,Slovenia,128.37301,83.920219
601,1,1,2025-09-09,Poland,Turkey,71.73922,71.973881
601,2,1,2025-09-09,Lithuania,Greece,101.55216,63.773881
601,3,1,2025-09-10,Finland,Georgia,104.21616,102.52094
601,4,1,2025-09-10,Germany,Slovenia,89.204458,89.943499
602,1,1,2025-09-09,Poland,Turkey,64.428725,76.191728
602,2,1,2025-09-09,Lithuania,Greece,90.208102,80.727947
602,3,1,2025-09-10,Finland,Georgia,87.581605,58.698052
602,4,1,2025-09-10,Germany,Slovenia,113.0406,83.392024
603,1,1,2025-09-09,Poland,Turkey,74.404606,75.774758
603,2,1,2025-09-09,Lithuania,Greece,56.931501,75.213313
603,3,1,2025-09-10,Finland,Georgia,113.68266,88.619563
603,4,1,2025-09-10,Germany,Slovenia,103.52528,91.110571
604,1,1,2025-09-09,Poland,Turkey,77.060926,75.866616
604,2,1,2025-09-09,Lithuania,Greece,103.57353,87.700156
604,3,1,2025-09-10,Finland,Georgia,94.287012,74.114997
604,4,1,2025-09-10,Germany,Slovenia,119.62833,89.669701
605,1,1,2025-09-09,Poland,Turkey,74.949314,91.736376
605,2,1,2025-09-09,Lithuania,Greece,85.302009,82.635722
605,3,1,2025-09-10,Finland,Georgia,85.873436,80.701973
605,4,1,2025-09-10,Germany,Slovenia,103.9638,88.189949
606,1,1,2025-09-09,Poland,Turkey,78.309936,77.388412
606,2,1,2025-09-09,Lithuania,Greece,85.867639,75.506473
606,3,1,2025-09-10,Finland,Georgia,92.10872,81.449062
606,4,1,2025-09-10,Germany,Slovenia,101.98043,97.261264
607,1,1,2025-09-09,Poland,Turkey,60.415666,80.909398
607,2,1,2025-09-09,Lithuania,Greece,87.472713,70.089718
607,3,1,2025-09-10,Finland,Georgia,88.888053,74.945509
607,4,1,2025-09-10,Germany,Slovenia,127.2865,70.019208
608,1,1,2025-09-09,Poland,Turkey,75.874476,98.515761
608,2,1,2025-09-09,Lithuania,Greece,85.849443,81.207539
608,3,1,2025-09-10,Finland,Georgia,107.24169,69.18919
608,4,1,2025-09-10,Germany,Slovenia,101.35749,88.866626
609,1,1,2025-09-09,Poland,Turkey,68.096462,70.21396
609,2,1,2025-09-09,Lithuania,Greece,85.297697,74.858625
609,3,1,2025-09-10,Finland,Georgia,114.36029,68.178357
609,4,1,2025-09-10,Germany,Slovenia,101.68526,85.164063
610,1,1,2025-09-09,Poland,Turkey,87.828811,92.328538
610,2,1,2025-09-09,Lithuania,Greece,81.951187,86.346356
610,3,1,2025-09-10,Finland,Georgia,80.845108,67.501864
610,4,1,2025-09-10,Germany,Slovenia,101.12958,96.611937
611,1,1,2025-09-09,Poland,Turkey,79.330608,94.784496
611,2,1,2025-09-09,Lithuania,Greece,96.159712,100.97775
611,3,1,2025-09-10,Finland,Georgia,95.268896,60.954131
611,4,1,2025-09-10,Germany,Slovenia,106.8159,97.589591
612,1,1,2025-09-09,Poland,Turkey,66.24111,85.986691
612,2,1,2025-09-09,Lithuania,Greece,69.106326,103.0113
612,3,1,2025-09-10,Finland,Georgia,86.970781,81.084412
612,4,1,2025-09-10,Germany,Slovenia,111.5822,101.77388
613,1,1,2025-09-09,Poland,Turkey,85.421997,97.197796
613,2,1,2025-09-09,Lithuania,Greece,91.139602,75.813943
613,3,1,2025-09-10,Finland,Georgia,98.258085,61.235861
613,4,1,2025-09-10,Germany,Slovenia,82.107917,83.673943
614,1,1,2025-09-09,Poland,Turkey,81.158257,83.482224
614,2,1,2025-09-09,Lithuania,Greece,88.139497,70.779947
614,3,1,2025-09-10,Finland,Georgia,94.98972,81.386918
614,4,1,2025-09-10,Germany,Slovenia,100.26106,87.250811
615,1,1,2025-09-09,Poland,Turkey,84.593902,73.137914
615,2,1,2025-09-09,Lithuania,Greece,89.746665,77.402607
615,3,1,2025-09-10,Finland,Georgia,107.99388,91.70121
615,4,1,2025-09-10,Germany,Slovenia,96.320559,78.551739
616,1,1,2025-09-09,Poland,Turkey,85.927151,96.527521
616,2,1,2025-09-09,Lithuania,Greece,79.776072,52.431903
616,3,1,2025-09-10,Finland,Georgia,95.689748,62.288757
616,4,1,2025-09-10,Germany,Slovenia,122.19272,96.151117
617,1,1,2025-09-09,Poland,Turkey,55.201264,81.215189
617,2,1,2025-09-09,Lithuania,Greece,96.483419,52.946672
617,3,1,2025-09-10,Finland,Georgia,104.60923,87.570503
617,4,1,2025-09-10,Germany,Slovenia,94.971983,94.884898
618,1,1,2025-09-09,Poland,Turkey,75.46603,74.648807
618,2,1,2025-09-09,Lithuania,Greece,93.081184,66.88402
618,3,1,2025-09-10,Finland,Georgia,96.838989,96.797926
618,4,1,2025-09-10,Germany,Slovenia,103.91272,90.558881
619,1,1,2025-09-09,Poland,Turkey,65.786226,96.862744
619,2,1,2025-09-09,Lithuania,Greece,88.15163,79.23484
619,3,1,2025-09-10,Finland,Georgia,110.16973,78.466256
619,4,1,2025-09-10,Germany,Slovenia,84.322581,87.846053
620,1,1,2025-09-09,Poland,Turkey,97.591047,99.529437
620,2,1,2025-09-09,Lithuania,Greece,83.390011,84.517147
620,3,1,2025-09-10,Finland,Georgia,86.639306,76.592057
620,4,1,2025-09-10,Germany,Slovenia,107.00774,93.763121
621,1,1,2025-09-09,Poland,Turkey,67.909409,75.576211
621,2,1,2025-09-09,Lithuania,Greece,84.012086,81.835809
621,3,1,2025-09-10,Finland,Georgia,88.133424,72.660598
621,4,1,2025-09-10,Germany,Slovenia,106.46165,94.92879
622,1,1,2025-09-09,Poland,Turkey,92.918287,89.742522
622,2,1,2025-09-09,Lithuania,Greece,89.820727,57.809341
622,3,1,2025-09-10,Finland,Georgia,69.955667,80.222961
622,4,1,2025-09-10,Germany,Slovenia,89.335686,64.448475
623,1,1,2025-09-09,Poland,Turkey,79.216435,83.065177
623,2,1,2025-09-09,Lithuania,Greece,74.418668,70.280916
623,3,1,2025-09-10,Finland,Georgia,100.57399,86.697831
623,4,1,2025-09-10,Germany,Slovenia,116.61452,81.735986
624,1,1,2025-09-09,Poland,Turkey,56.15474,80.678549
624,2,1,2025-09-09,Lithuania,Greece,103.88437,98.226551
624,3,1,2025-09-10,Finland,Georgia,96.571343,81.384048
624,4,1,2025-09-10,Germany,Slovenia,97.767828,92.886093
625,1,1,2025-09-09,Poland,Turkey,82.485562,92.140972
625,2,1,2025-09-09,Lithuania,Greece,98.189496,81.460615
625,3,1,2025-09-10,Finland,Georgia,73.348624,58.648907
625,4,1,2025-09-10,Germany,Slovenia,96.608494,79.987829
626,1,1,2025-09-09,Poland,Turkey,81.197406,70.854339
626,2,1,2025-09-09,Lithuania,Greece,83.297649,90.1007
626,3,1,2025-09-10,Finland,Georgia,113.93455,85.140297
626,4,1,2025-09-10,Germany,Slovenia,107.39249,79.948512
627,1,1,2025-09-09,Poland,Turkey,68.704461,88.830963
627,2,1,2025-09-09,Lithuania,Greece,90.247566,75.076807
627,3,1,2025-09-10,Finland,Georgia,103.53774,67.266101
627,4,1,2025-09-10,Germany,Slovenia,94.996416,75.690425
628,1,1,2025-09-09,Poland,Turkey,82.506561,73.943507
628,2,1,2025-09-09,Lithuania,Greece,90.680866,92.295214
628,3,1,2025-09-10,Finland,Georgia,102.74265,62.126345
628,4,1,2025-09-10,Germany,Slovenia,109.12611,86.85421
629,1,1,2025-09-09,Poland,Turkey,66.997734,64.226232
629,2,1,2025-09-09,Lithuania,Greece,71.163547,69.412392
629,3,1,2025-09-10,Finland,Georgia,86.092594,68.799307
629,4,1,2025-09-10,Germany,Slovenia,110.55903,83.072254
630,1,1,2025-09-09,Poland,Turkey,81.838703,98.576994
630,2,1,2025-09-09,Lithuania,Greece,63.204356,85.390642
630,3,1,2025-09-10,Finland,Georgia,66.965181,77.607449
630,4,1,2025-09-10,Germany,Slovenia,87.111927,95.168623
631,1,1,2025-09-09,Poland,Turkey,88.443391,82.997701
631,2,1,2025-09-09,Lithuania,Greece,87.469863,76.602993
631,3,1,2025-09-10,Finland,Georgia,84.944491,74.474635
631,4,1,2025-09-10,Germany,Slovenia,103.93665,84.260767
632,1,1,2025-09-09,Poland,Turkey,71.724962,97.34118
632,2,1,2025-09-09,Lithuania,Greece,82.112147,78.735743
632,3,1,2025-09-10,Finland,Georgia,111.45564,109.58783
632,4,1,2025-09-10,Germany,Slovenia,115.11194,89.898905
633,1,1,2025-09-09,Poland,Turkey,67.645976,79.228657
633,2,1,2025-09-09,Lithuania,Greece,93.990811,66.849519
633,3,1,2025-09-10,Finland,Georgia,95.191736,74.671935
633,4,1,2025-09-10,Germany,Slovenia,87.348019,78.733278
634,1,1,2025-09-09,Poland,Turkey,73.909985,99.424142
634,2,1,2025-09-09,Lithuania,Greece,72.431602,90.070123
634,3,1,2025-09-10,Finland,Georgia,95.321955,63.045969
634,4,1,2025-09-10,Germany,Slovenia,104.50871,80.764226
635,1,1,2025-09-09,Poland,Turkey,83.243902,77.779685
635,2,1,2025-09-09,Lithuania,Greece,99.226444,69.138874
635,3,1,2025-09-10,Finland,Georgia,89.450964,72.49703
635,4,1,2025-09-10,Germany,Slovenia,99.567241,96.803424
636,1,1,2025-09-09,Poland,Turkey,89.426955,85.659254
636,2,1,2025-09-09,Lithuania,Greece,93.483367,93.490191
636,3,1,2025-09-10,Finland,Georgia,95.796362,51.396058
636,4,1,2025-09-10,Germany,Slovenia,104.11175,85.440331
637,1,1,2025-09-09,Poland,Turkey,73.379199,97.753313
637,2,1,2025-09-09,Lithuania,Greece,82.385346,81.205703
637,3,1,2025-09-10,Finland,Georgia,97.908893,82.858314
637,4,1,2025-09-10,Germany,Slovenia,98.043185,96.146964
638,1,1,2025-09-09,Poland,Turkey,69.114115,87.635087
638,2,1,2025-09-09,Lithuania,Greece,101.61766,96.85199
638,3,1,2025-09-10,Finland,Georgia,105.08667,50.240212
638,4,1,2025-09-10,Germany,Slovenia,77.687515,92.133956
639,1,1,2025-09-09,Poland,Turkey,67.632243,91.323743
639,2,1,2025-09-09,Lithuania,Greece,89.66936,73.74243
639,3,1,2025-09-10,Finland,Georgia,94.81116,80.781827
639,4,1,2025-09-10,Germany,Slovenia,99.775479,79.176317
640,1,1,2025-09-09,Poland,Turkey,89.258659,91.402747
640,2,1,2025-09-09,Lithuania,Greece,80.045265,72.23141
640,3,1,2025-09-10,Finland,Georgia,108.24788,72.634406
640,4,1,2025-09-10,Germany,Slovenia,96.104375,78.402582
641,1,1,2025-09-09,Poland,Turkey,78.634831,79.617128
641,2,1,2025-09-09,Lithuania,Greece,95.942278,85.68699
641,3,1,2025-09-10,Finland,Georgia,79.284838,68.709683
641,4,1,2025-09-10,Germany,Slovenia,98.557818,98.558054
642,1,1,2025-09-09,Poland,Turkey,65.890703,81.939684
642,2,1,2025-09-09,Lithuania,Greece,114.26398,93.356621
642,3,1,2025-09-10,Finland,Georgia,92.365351,70.536199
642,4,1,2025-09-10,Germany,Slovenia,92.750526,83.738954
643,1,1,2025-09-09,Poland,Turkey,88.333143,94.325799
643,2,1,2025-09-09,Lithuania,Greece,77.607964,73.997811
643,3,1,2025-09-10,Finland,Georgia,101.88824,77.656598
643,4,1,2025-09-10,Germany,Slovenia,101.26354,78.558289
644,1,1,2025-09-09,Poland,Turkey,88.109344,88.797128
644,2,1,2025-09-09,Lithuania,Greece,81.673184,61.718319
644,3,1,2025-09-10,Finland,Georgia,82.161004,84.465798
644,4,1,2025-09-10,Germany,Slovenia,88.717319,83.011904
645,1,1,2025-09-09,Poland,Turkey,72.039718,68.737257
645,2,1,2025-09-09,Lithuania,Greece,79.832945,69.675332
645,3,1,2025-09-10,Finland,Georgia,72.633815,71.818441000000007
645,4,1,2025-09-10,Germany,Slovenia,88.95422,83.419794
646,1,1,2025-09-09,Poland,Turkey,64.087457,89.866993
646,2,1,2025-09-09,Lithuania,Greece,76.0548,77.305702
646,3,1,2025-09-10,Finland,Georgia,98.762931,65.735761
646,4,1,2025-09-10,Germany,Slovenia,107.66922,96.123738
647,1,1,2025-09-09,Poland,Turkey,76.123334,92.156188
647,2,1,2025-09-09,Lithuania,Greece,86.975977,76.021956
647,3,1,2025-09-10,Finland,Georgia,89.857398,67.319652
647,4,1,2025-09-10,Germany,Slovenia,92.340536,89.54577
648,1,1,2025-09-09,Poland,Turkey,90.66031,93.037433
648,2,1,2025-09-09,Lithuania,Greece,91.651766,79.436706
648,3,1,2025-09-10,Finland,Georgia,104.99302,81.684144
648,4,1,2025-09-10,Germany,Slovenia,101.31237,69.437158
649,1,1,2025-09-09,Poland,Turkey,65.669945,96.772903
649,2,1,2025-09-09,Lithuania,Greece,80.816293,85.020032
649,3,1,2025-09-10,Finland,Georgia,99.441534,85.696771
649,4,1,2025-09-10,Germany,Slovenia,92.744882,82.472461
650,1,1,2025-09-09,Poland,Turkey,88.265701,92.60817
650,2,1,2025-09-09,Lithuania,Greece,98.879553,69.179991
650,3,1,2025-09-10,Finland,Georgia,89.659618,63.252422
650,4,1,2025-09-10,Germany,Slovenia,110.01149,81.777172
651,1,1,2025-09-09,Poland,Turkey,70.912974,85.967713
651,2,1,2025-09-09,Lithuania,Greece,61.740028,66.021268
651,3,1,2025-09-10,Finland,Georgia,103.68967,75.934428
651,4,1,2025-09-10,Germany,Slovenia,118.1873,79.076049
652,1,1,2025-09-09,Poland,Turkey,89.876899,85.275227
652,2,1,2025-09-09,Lithuania,Greece,95.521085,67.182242
652,3,1,2025-09-10,Finland,Georgia,108.9763,80.302472
652,4,1,2025-09-10,Germany,Slovenia,78.028453,78.039337
653,1,1,2025-09-09,Poland,Turkey,52.281958,89.452855
653,2,1,2025-09-09,Lithuania,Greece,87.399168,75.216368
653,3,1,2025-09-10,Finland,Georgia,75.442645,87.585542
653,4,1,2025-09-10,Germany,Slovenia,100.57571,88.83181
654,1,1,2025-09-09,Poland,Turkey,76.092052,90.899329
654,2,1,2025-09-09,Lithuania,Greece,86.632658,72.459407
654,3,1,2025-09-10,Finland,Georgia,110.51098,80.149957
654,4,1,2025-09-10,Germany,Slovenia,106.12344,81.228812
655,1,1,2025-09-09,Poland,Turkey,104.45513,92.58702
655,2,1,2025-09-09,Lithuania,Greece,108.07345,61.259537
655,3,1,2025-09-10,Finland,Georgia,129.07008,107.00126
655,4,1,2025-09-10,Germany,Slovenia,102.78332,83.704239
656,1,1,2025-09-09,Poland,Turkey,58.887555,106.38114
656,2,1,2025-09-09,Lithuania,Greece,91.848187,67.689299
656,3,1,2025-09-10,Finland,Georgia,107.25652,61.694417
656,4,1,2025-09-10,Germany,Slovenia,113.01119,85.910268
657,1,1,2025-09-09,Poland,Turkey,96.208653,84.957743
657,2,1,2025-09-09,Lithuania,Greece,98.282237,77.021837
657,3,1,2025-09-10,Finland,Georgia,104.30389,77.912038
657,4,1,2025-09-10,Germany,Slovenia,107.76033,100.18155
658,1,1,2025-09-09,Poland,Turkey,75.518021,79.883157
658,2,1,2025-09-09,Lithuania,Greece,84.135037,71.811044
658,3,1,2025-09-10,Finland,Georgia,79.19615,96.475353
658,4,1,2025-09-10,Germany,Slovenia,93.680119,89.849271
659,1,1,2025-09-09,Poland,Turkey,82.123736,83.938712
659,2,1,2025-09-09,Lithuania,Greece,99.668201,91.067625
659,3,1,2025-09-10,Finland,Georgia,92.69892,74.521166
659,4,1,2025-09-10,Germany,Slovenia,96.371795,84.822502
660,1,1,2025-09-09,Poland,Turkey,61.749425,78.185059
660,2,1,2025-09-09,Lithuania,Greece,97.718939,86.052854
660,3,1,2025-09-10,Finland,Georgia,96.240417,63.171472
660,4,1,2025-09-10,Germany,Slovenia,107.19485,85.694981
661,1,1,2025-09-09,Poland,Turkey,66.024849,91.505213
661,2,1,2025-09-09,Lithuania,Greece,82.222106,56.192862
661,3,1,2025-09-10,Finland,Georgia,108.43161,86.159598
661,4,1,2025-09-10,Germany,Slovenia,106.36896,71.878727
662,1,1,2025-09-09,Poland,Turkey,87.973945,88.844651
662,2,1,2025-09-09,Lithuania,Greece,72.871417,61.742009
662,3,1,2025-09-10,Finland,Georgia,87.876241,56.846855
662,4,1,2025-09-10,Germany,Slovenia,108.97797,77.795318
663,1,1,2025-09-09,Poland,Turkey,53.755768,90.265086
663,2,1,2025-09-09,Lithuania,Greece,34.304568,19.662864
663,3,1,2025-09-10,Finland,Georgia,95.356869,75.808468
663,4,1,2025-09-10,Germany,Slovenia,125.05373,77.82547
664,1,1,2025-09-09,Poland,Turkey,76.08757,78.312051
664,2,1,2025-09-09,Lithuania,Greece,68.735164,83.351114
664,3,1,2025-09-10,Finland,Georgia,91.195939,69.406817
664,4,1,2025-09-10,Germany,Slovenia,92.600308,70.735158
665,1,1,2025-09-09,Poland,Turkey,86.320075,105.86113
665,2,1,2025-09-09,Lithuania,Greece,109.08477,91.209264
665,3,1,2025-09-10,Finland,Georgia,102.05471,60.918289
665,4,1,2025-09-10,Germany,Slovenia,108.16083,90.14711
666,1,1,2025-09-09,Poland,Turkey,86.212406,90.529172
666,2,1,2025-09-09,Lithuania,Greece,97.838045,91.083231
666,3,1,2025-09-10,Finland,Georgia,92.728597,84.282973
666,4,1,2025-09-10,Germany,Slovenia,130.86308,102.43602
667,1,1,2025-09-09,Poland,Turkey,85.927049,103.41572
667,2,1,2025-09-09,Lithuania,Greece,78.477084,40.919353
667,3,1,2025-09-10,Finland,Georgia,105.90545,55.382676
667,4,1,2025-09-10,Germany,Slovenia,120.27408,81.651274
668,1,1,2025-09-09,Poland,Turkey,71.324211,88.140319
668,2,1,2025-09-09,Lithuania,Greece,91.837183,83.440702
668,3,1,2025-09-10,Finland,Georgia,104.60114,80.774134
668,4,1,2025-09-10,Germany,Slovenia,105.90547,97.660745
669,1,1,2025-09-09,Poland,Turkey,71.786271,99.933524
669,2,1,2025-09-09,Lithuania,Greece,92.228436,84.003006
669,3,1,2025-09-10,Finland,Georgia,106.30761,82.194718
669,4,1,2025-09-10,Germany,Slovenia,84.456425,85.273113
670,1,1,2025-09-09,Poland,Turkey,64.173799,94.089759
670,2,1,2025-09-09,Lithuania,Greece,98.198463,84.723823
670,3,1,2025-09-10,Finland,Georgia,93.977408,78.339043
670,4,1,2025-09-10,Germany,Slovenia,123.94512,85.295325
671,1,1,2025-09-09,Poland,Turkey,73.947511,95.155876
671,2,1,2025-09-09,Lithuania,Greece,78.978514,86.925485
671,3,1,2025-09-10,Finland,Georgia,98.514286,88.997412
671,4,1,2025-09-10,Germany,Slovenia,103.93315,81.756787
672,1,1,2025-09-09,Poland,Turkey,80.00318,76.705066
672,2,1,2025-09-09,Lithuania,Greece,93.619797,80.502746
672,3,1,2025-09-10,Finland,Georgia,87.114504,73.251401
672,4,1,2025-09-10,Germany,Slovenia,93.762627,77.98464
673,1,1,2025-09-09,Poland,Turkey,78.980435,95.623078
673,2,1,2025-09-09,Lithuania,Greece,90.662313,94.363023
673,3,1,2025-09-10,Finland,Georgia,80.418141,56.175848
673,4,1,2025-09-10,Germany,Slovenia,103.13885,84.710857
674,1,1,2025-09-09,Poland,Turkey,52.76916,72.911953
674,2,1,2025-09-09,Lithuania,Greece,79.935357,54.899457
674,3,1,2025-09-10,Finland,Georgia,91.526534,90.414907
674,4,1,2025-09-10,Germany,Slovenia,109.88481,97.256578
675,1,1,2025-09-09,Poland,Turkey,85.423836,77.547896
675,2,1,2025-09-09,Lithuania,Greece,72.138733,74.89335
675,3,1,2025-09-10,Finland,Georgia,99.579157,75.275067
675,4,1,2025-09-10,Germany,Slovenia,70.602663,71.984929
676,1,1,2025-09-09,Poland,Turkey,79.85218,78.48331
676,2,1,2025-09-09,Lithuania,Greece,93.96243,74.062516
676,3,1,2025-09-10,Finland,Georgia,98.79484,79.849649
676,4,1,2025-09-10,Germany,Slovenia,107.02021,86.64285
677,1,1,2025-09-09,Poland,Turkey,83.742461,87.747074
677,2,1,2025-09-09,Lithuania,Greece,83.495388,78.011185
677,3,1,2025-09-10,Finland,Georgia,106.24044,57.276036
677,4,1,2025-09-10,Germany,Slovenia,96.749592,87.864812
678,1,1,2025-09-09,Poland,Turkey,87.940862,101.5216
678,2,1,2025-09-09,Lithuania,Greece,99.109004,73.83444
678,3,1,2025-09-10,Finland,Georgia,81.518037,70.361939
678,4,1,2025-09-10,Germany,Slovenia,101.71172,78.519395
679,1,1,2025-09-09,Poland,Turkey,66.350295,75.034392
679,2,1,2025-09-09,Lithuania,Greece,100.74948,104.60026
679,3,1,2025-09-10,Finland,Georgia,88.37583,79.119932
679,4,1,2025-09-10,Germany,Slovenia,83.962924,81.982062
680,1,1,2025-09-09,Poland,Turkey,73.589501,88.996711
680,2,1,2025-09-09,Lithuania,Greece,96.579868,83.995968
680,3,1,2025-09-10,Finland,Georgia,85.973601,87.222813
680,4,1,2025-09-10,Germany,Slovenia,98.851787,82.402384
681,1,1,2025-09-09,Poland,Turkey,78.956162,77.25528
681,2,1,2025-09-09,Lithuania,Greece,76.784073,77.270734
681,3,1,2025-09-10,Finland,Georgia,86.900234,70.520068
681,4,1,2025-09-10,Germany,Slovenia,103.56837,77.606571
682,1,1,2025-09-09,Poland,Turkey,77.677933,83.859851
682,2,1,2025-09-09,Lithuania,Greece,101.03965,92.432145
682,3,1,2025-09-10,Finland,Georgia,81.645183,76.688322
682,4,1,2025-09-10,Germany,Slovenia,100.27888,87.075172
683,1,1,2025-09-09,Poland,Turkey,68.477185,75.350861
683,2,1,2025-09-09,Lithuania,Greece,93.185967,72.981747
683,3,1,2025-09-10,Finland,Georgia,88.569898,88.757868
683,4,1,2025-09-10,Germany,Slovenia,82.307363,82.683234
684,1,1,2025-09-09,Poland,Turkey,60.417989,86.420635
684,2,1,2025-09-09,Lithuania,Greece,80.714161,62.947093
684,3,1,2025-09-10,Finland,Georgia,86.249586,65.928719
684,4,1,2025-09-10,Germany,Slovenia,111.14522,97.861136
685,1,1,2025-09-09,Poland,Turkey,71.770416,87.56724
685,2,1,2025-09-09,Lithuania,Greece,99.075217,73.414571
685,3,1,2025-09-10,Finland,Georgia,97.065502,51.018348
685,4,1,2025-09-10,Germany,Slovenia,84.610619,74.175387
686,1,1,2025-09-09,Poland,Turkey,88.447776,88.545303
686,2,1,2025-09-09,Lithuania,Greece,72.176273,72.728267
686,3,1,2025-09-10,Finland,Georgia,87.113591,71.040547
686,4,1,2025-09-10,Germany,Slovenia,100.25724,87.013524
687,1,1,2025-09-09,Poland,Turkey,65.792735,80.4373
687,2,1,2025-09-09,Lithuania,Greece,81.123799,84.528101
687,3,1,2025-09-10,Finland,Georgia,85.09357,62.613998
687,4,1,2025-09-10,Germany,Slovenia,112.7653,73.328204
688,1,1,2025-09-09,Poland,Turkey,60.172301,80.597423
688,2,1,2025-09-09,Lithuania,Greece,91.178147,88.851901
688,3,1,2025-09-10,Finland,Georgia,93.044524,91.756222
688,4,1,2025-09-10,Germany,Slovenia,128.93433,93.376944
689,1,1,2025-09-09,Poland,Turkey,60.043313,90.387966
689,2,1,2025-09-09,Lithuania,Greece,101.42997,80.547153
689,3,1,2025-09-10,Finland,Georgia,87.055592,86.438903
689,4,1,2025-09-10,Germany,Slovenia,101.66016,86.837741
690,1,1,2025-09-09,Poland,Turkey,78.818027,77.532129
690,2,1,2025-09-09,Lithuania,Greece,108.11907,83.710997
690,3,1,2025-09-10,Finland,Georgia,103.4333,73.305034
690,4,1,2025-09-10,Germany,Slovenia,95.131033,97.145331
691,1,1,2025-09-09,Poland,Turkey,83.552387,85.680747
691,2,1,2025-09-09,Lithuania,Greece,83.616653,93.344667
691,3,1,2025-09-10,Finland,Georgia,109.76512,78.508375
691,4,1,2025-09-10,Germany,Slovenia,112.91714,88.112782
692,1,1,2025-09-09,Poland,Turkey,65.378502,94.62121
692,2,1,2025-09-09,Lithuania,Greece,78.876015,79.620496
692,3,1,2025-09-10,Finland,Georgia,79.606132,71.689523
692,4,1,2025-09-10,Germany,Slovenia,84.242316,76.064608
693,1,1,2025-09-09,Poland,Turkey,87.915444,82.213756
693,2,1,2025-09-09,Lithuania,Greece,97.654012,65.797809
693,3,1,2025-09-10,Finland,Georgia,116.59736,62.33288
693,4,1,2025-09-10,Germany,Slovenia,107.31988,81.647378
694,1,1,2025-09-09,Poland,Turkey,68.044619,89.366887
694,2,1,2025-09-09,Lithuania,Greece,87.55805,91.993027
694,3,1,2025-09-10,Finland,Georgia,94.864932,61.637932
694,4,1,2025-09-10,Germany,Slovenia,90.608455,65.316397
695,1,1,2025-09-09,Poland,Turkey,68.682109,100.78344
695,2,1,2025-09-09,Lithuania,Greece,84.114617,47.68577
695,3,1,2025-09-10,Finland,Georgia,105.50606,84.292644
695,4,1,2025-09-10,Germany,Slovenia,109.67512,86.006429
696,1,1,2025-09-09,Poland,Turkey,89.248382,93.211194
696,2,1,2025-09-09,Lithuania,Greece,86.104339,83.450136
696,3,1,2025-09-10,Finland,Georgia,80.256655,77.119231
696,4,1,2025-09-10,Germany,Slovenia,103.62908,93.211227
697,1,1,2025-09-09,Poland,Turkey,87.371473,84.900507
697,2,1,2025-09-09,Lithuania,Greece,78.875629,69.359588
697,3,1,2025-09-10,Finland,Georgia,95.934571,75.44029
697,4,1,2025-09-10,Germany,Slovenia,99.548219,88.290406
698,1,1,2025-09-09,Poland,Turkey,66.996899,88.796881
698,2,1,2025-09-09,Lithuania,Greece,72.489543,103.71973
698,3,1,2025-09-10,Finland,Georgia,76.681614,59.50664
698,4,1,2025-09-10,Germany,Slovenia,102.32552,73.238468
699,1,1,2025-09-09,Poland,Turkey,73.0345,96.241662
699,2,1,2025-09-09,Lithuania,Greece,84.399437,66.700347
699,3,1,2025-09-10,Finland,Georgia,81.190852,100.67998
699,4,1,2025-09-10,Germany,Slovenia,119.1198,102.11439
700,1,1,2025-09-09,Poland,Turkey,62.230788,91.710755
700,2,1,2025-09-09,Lithuania,Greece,107.68811,103.58346
700,3,1,2025-09-10,Finland,Georgia,91.802837,81.151101
700,4,1,2025-09-10,Germany,Slovenia,123.85678,80.030119
701,1,1,2025-09-09,Poland,Turkey,78.778005,96.676324
701,2,1,2025-09-09,Lithuania,Greece,90.97189,77.167611
701,3,1,2025-09-10,Finland,Georgia,99.030656,65.12953
701,4,1,2025-09-10,Germany,Slovenia,122.90913,89.916436
702,1,1,2025-09-09,Poland,Turkey,96.615843,101.34638
702,2,1,2025-09-09,Lithuania,Greece,75.580725,43.090902
702,3,1,2025-09-10,Finland,Georgia,86.861825,74.641334
702,4,1,2025-09-10,Germany,Slovenia,118.88186,70.419005
703,1,1,2025-09-09,Poland,Turkey,70.930896,90.164694
703,2,1,2025-09-09,Lithuania,Greece,84.384266,83.793291
703,3,1,2025-09-10,Finland,Georgia,102.28142,79.658478
703,4,1,2025-09-10,Germany,Slovenia,100.78193,89.278826
704,1,1,2025-09-09,Poland,Turkey,82.150871,87.542721
704,2,1,2025-09-09,Lithuania,Greece,86.704036,84.072896
704,3,1,2025-09-10,Finland,Georgia,94.906993,78.614859
704,4,1,2025-09-10,Germany,Slovenia,93.698899,90.73036
705,1,1,2025-09-09,Poland,Turkey,79.419231,83.966611
705,2,1,2025-09-09,Lithuania,Greece,63.98044,58.428547
705,3,1,2025-09-10,Finland,Georgia,103.64983,86.981165
705,4,1,2025-09-10,Germany,Slovenia,97.779347,79.285634
706,1,1,2025-09-09,Poland,Turkey,90.645467,101.7804
706,2,1,2025-09-09,Lithuania,Greece,98.909468,92.386216
706,3,1,2025-09-10,Finland,Georgia,99.95769,66.230295
706,4,1,2025-09-10,Germany,Slovenia,117.03211,88.865257
707,1,1,2025-09-09,Poland,Turkey,58.761532,96.835265
707,2,1,2025-09-09,Lithuania,Greece,118.93132,94.45593
707,3,1,2025-09-10,Finland,Georgia,84.527071,62.925222
707,4,1,2025-09-10,Germany,Slovenia,107.54607,93.157019
708,1,1,2025-09-09,Poland,Turkey,74.184921,79.683246
708,2,1,2025-09-09,Lithuania,Greece,85.561673,81.832941
708,3,1,2025-09-10,Finland,Georgia,79.464852,66.597488
708,4,1,2025-09-10,Germany,Slovenia,113.10236,91.689151
709,1,1,2025-09-09,Poland,Turkey,71.698808,91.851787
709,2,1,2025-09-09,Lithuania,Greece,74.942188,85.718147
709,3,1,2025-09-10,Finland,Georgia,105.74089,79.007446
709,4,1,2025-09-10,Germany,Slovenia,85.373779,88.358344
710,1,1,2025-09-09,Poland,Turkey,84.611168,94.28279
710,2,1,2025-09-09,Lithuania,Greece,129.66907,70.651921
710,3,1,2025-09-10,Finland,Georgia,84.596341,85.614196
710,4,1,2025-09-10,Germany,Slovenia,109.02462,92.242629
711,1,1,2025-09-09,Poland,Turkey,87.408829,95.786282
711,2,1,2025-09-09,Lithuania,Greece,86.56598,75.560098
711,3,1,2025-09-10,Finland,Georgia,105.99439,84.78279
711,4,1,2025-09-10,Germany,Slovenia,85.198706,76.547548
712,1,1,2025-09-09,Poland,Turkey,54.740475000000004,83.172061
712,2,1,2025-09-09,Lithuania,Greece,79.172646,84.779787
712,3,1,2025-09-10,Finland,Georgia,89.746933,76.463938
712,4,1,2025-09-10,Germany,Slovenia,111.65886,84.401368
713,1,1,2025-09-09,Poland,Turkey,78.966949,84.501878
713,2,1,2025-09-09,Lithuania,Greece,99.218145,97.923606
713,3,1,2025-09-10,Finland,Georgia,83.761884,65.660692
713,4,1,2025-09-10,Germany,Slovenia,112.68307,94.170733
714,1,1,2025-09-09,Poland,Turkey,85.775602,87.822128
714,2,1,2025-09-09,Lithuania,Greece,76.947198,72.368064
714,3,1,2025-09-10,Finland,Georgia,106.7828,73.598546
714,4,1,2025-09-10,Germany,Slovenia,79.786555,59.232426
715,1,1,2025-09-09,Poland,Turkey,84.132384,65.50355
715,2,1,2025-09-09,Lithuania,Greece,93.910932,75.737674
715,3,1,2025-09-10,Finland,Georgia,82.271424,68.960213
715,4,1,2025-09-10,Germany,Slovenia,98.573158,81.646181
716,1,1,2025-09-09,Poland,Turkey,84.741593,108.85363
716,2,1,2025-09-09,Lithuania,Greece,80.804026,71.056877
716,3,1,2025-09-10,Finland,Georgia,90.304665,81.666073
716,4,1,2025-09-10,Germany,Slovenia,97.729337,90.605047
717,1,1,2025-09-09,Poland,Turkey,88.719227,96.338799
717,2,1,2025-09-09,Lithuania,Greece,66.8942,71.516452
717,3,1,2025-09-10,Finland,Georgia,102.61718,40.857599
717,4,1,2025-09-10,Germany,Slovenia,112.47802,97.542674
718,1,1,2025-09-09,Poland,Turkey,67.319805,105.8917
718,2,1,2025-09-09,Lithuania,Greece,73.559955,64.655357
718,3,1,2025-09-10,Finland,Georgia,88.108961,81.029206
718,4,1,2025-09-10,Germany,Slovenia,86.686214,83.174827
719,1,1,2025-09-09,Poland,Turkey,72.669592,74.911525
719,2,1,2025-09-09,Lithuania,Greece,77.25585,84.300227
719,3,1,2025-09-10,Finland,Georgia,108.93775,106.47344
719,4,1,2025-09-10,Germany,Slovenia,121.28885,93.486308
720,1,1,2025-09-09,Poland,Turkey,68.122114,76.424736
720,2,1,2025-09-09,Lithuania,Greece,99.034214,72.512429
720,3,1,2025-09-10,Finland,Georgia,98.286071,65.091418
720,4,1,2025-09-10,Germany,Slovenia,95.296922,78.746929
721,1,1,2025-09-09,Poland,Turkey,66.357134,74.6975
721,2,1,2025-09-09,Lithuania,Greece,70.597797,64.374506
721,3,1,2025-09-10,Finland,Georgia,98.046786,64.091836
721,4,1,2025-09-10,Germany,Slovenia,98.065249,89.488928
722,1,1,2025-09-09,Poland,Turkey,82.384718,103.23187
722,2,1,2025-09-09,Lithuania,Greece,100.76603,96.746126
722,3,1,2025-09-10,Finland,Georgia,107.25591,75.335056
722,4,1,2025-09-10,Germany,Slovenia,109.29755,101.96318
723,1,1,2025-09-09,Poland,Turkey,88.13,112.13363
723,2,1,2025-09-09,Lithuania,Greece,92.574887,82.135577
723,3,1,2025-09-10,Finland,Georgia,77.393419,62.296863
723,4,1,2025-09-10,Germany,Slovenia,108.00047000000001,78.870111
724,1,1,2025-09-09,Poland,Turkey,50.362632,99.14345
724,2,1,2025-09-09,Lithuania,Greece,81.862183,81.669364
724,3,1,2025-09-10,Finland,Georgia,105.29379,83.26282
724,4,1,2025-09-10,Germany,Slovenia,101.86533,88.955842
725,1,1,2025-09-09,Poland,Turkey,86.054672,105.5083
725,2,1,2025-09-09,Lithuania,Greece,91.701775,75.363225
725,3,1,2025-09-10,Finland,Georgia,89.988583,58.283124
725,4,1,2025-09-10,Germany,Slovenia,79.745027,85.10293
726,1,1,2025-09-09,Poland,Turkey,51.39852,65.17065
726,2,1,2025-09-09,Lithuania,Greece,81.317355,57.235621
726,3,1,2025-09-10,Finland,Georgia,108.61671,73.479494
726,4,1,2025-09-10,Germany,Slovenia,106.84543,96.881191
727,1,1,2025-09-09,Poland,Turkey,55.29601,53.986053
727,2,1,2025-09-09,Lithuania,Greece,79.227518,86.103097
727,3,1,2025-09-10,Finland,Georgia,80.006177,85.058477
727,4,1,2025-09-10,Germany,Slovenia,85.194277,82.391972
728,1,1,2025-09-09,Poland,Turkey,37.695587,84.015931
728,2,1,2025-09-09,Lithuania,Greece,94.395761,87.117677
728,3,1,2025-09-10,Finland,Georgia,88.591884,62.75339
728,4,1,2025-09-10,Germany,Slovenia,98.419484,100.58378
729,1,1,2025-09-09,Poland,Turkey,61.073148,90.654171
729,2,1,2025-09-09,Lithuania,Greece,86.687743,74.407214
729,3,1,2025-09-10,Finland,Georgia,96.897335,78.484669
729,4,1,2025-09-10,Germany,Slovenia,96.928592,86.27578
730,1,1,2025-09-09,Poland,Turkey,79.938857,91.890664
730,2,1,2025-09-09,Lithuania,Greece,91.851784,69.93813
730,3,1,2025-09-10,Finland,Georgia,84.013886,77.964236
730,4,1,2025-09-10,Germany,Slovenia,99.038259,94.700199
731,1,1,2025-09-09,Poland,Turkey,81.467416,88.986309
731,2,1,2025-09-09,Lithuania,Greece,75.619764,92.047142
731,3,1,2025-09-10,Finland,Georgia,93.978926,91.033751
731,4,1,2025-09-10,Germany,Slovenia,98.462079,86.198289
732,1,1,2025-09-09,Poland,Turkey,87.003772,79.705553
732,2,1,2025-09-09,Lithuania,Greece,92.142237,93.851889
732,3,1,2025-09-10,Finland,Georgia,106.93428,74.224058
732,4,1,2025-09-10,Germany,Slovenia,92.154328,71.117148
733,1,1,2025-09-09,Poland,Turkey,72.318192,84.989572
733,2,1,2025-09-09,Lithuania,Greece,93.008276,74.758373
733,3,1,2025-09-10,Finland,Georgia,92.401604,87.451765
733,4,1,2025-09-10,Germany,Slovenia,88.892688,74.796861
734,1,1,2025-09-09,Poland,Turkey,65.524253,74.339954
734,2,1,2025-09-09,Lithuania,Greece,101.70203,82.369958
734,3,1,2025-09-10,Finland,Georgia,96.459029,81.450183
734,4,1,2025-09-10,Germany,Slovenia,99.187906,77.139793
735,1,1,2025-09-09,Poland,Turkey,68.954496,78.776338
735,2,1,2025-09-09,Lithuania,Greece,103.06835,71.232682
735,3,1,2025-09-10,Finland,Georgia,99.522199,79.133956
735,4,1,2025-09-10,Germany,Slovenia,118.56892,81.141715
736,1,1,2025-09-09,Poland,Turkey,69.407052,79.704739
736,2,1,2025-09-09,Lithuania,Greece,80.299112,81.853469
736,3,1,2025-09-10,Finland,Georgia,83.857221,75.933669
736,4,1,2025-09-10,Germany,Slovenia,105.02788,78.57027
737,1,1,2025-09-09,Poland,Turkey,83.856631,106.31165
737,2,1,2025-09-09,Lithuania,Greece,106.00239,98.072928
737,3,1,2025-09-10,Finland,Georgia,107.01207,80.387532
737,4,1,2025-09-10,Germany,Slovenia,100.01405,70.697066
738,1,1,2025-09-09,Poland,Turkey,85.472981,94.907222
738,2,1,2025-09-09,Lithuania,Greece,86.619231,68.078483
738,3,1,2025-09-10,Finland,Georgia,100.55871,85.089389
738,4,1,2025-09-10,Germany,Slovenia,93.85335,104.35755
739,1,1,2025-09-09,Poland,Turkey,79.692378,74.67727
739,2,1,2025-09-09,Lithuania,Greece,90.016955,78.071404
739,3,1,2025-09-10,Finland,Georgia,108.1881,100.27314
739,4,1,2025-09-10,Germany,Slovenia,98.253797,62.868424
740,1,1,2025-09-09,Poland,Turkey,73.179951,96.438476
740,2,1,2025-09-09,Lithuania,Greece,85.418922,76.928529
740,3,1,2025-09-10,Finland,Georgia,87.755043,82.952418
740,4,1,2025-09-10,Germany,Slovenia,99.376305,71.092866
741,1,1,2025-09-09,Poland,Turkey,70.60478,81.128917
741,2,1,2025-09-09,Lithuania,Greece,90.451124,77.624137
741,3,1,2025-09-10,Finland,Georgia,61.85731,53.097089
741,4,1,2025-09-10,Germany,Slovenia,107.6096,95.435213
742,1,1,2025-09-09,Poland,Turkey,84.962994,95.28238
742,2,1,2025-09-09,Lithuania,Greece,90.371863,78.558402
742,3,1,2025-09-10,Finland,Georgia,89.677128,56.62381
742,4,1,2025-09-10,Germany,Slovenia,91.510287,100.23458
743,1,1,2025-09-09,Poland,Turkey,73.055462,81.663477
743,2,1,2025-09-09,Lithuania,Greece,84.486738,57.632768
743,3,1,2025-09-10,Finland,Georgia,90.515893,80.618349
743,4,1,2025-09-10,Germany,Slovenia,116.05739,103.8274
744,1,1,2025-09-09,Poland,Turkey,76.548963,89.450718
744,2,1,2025-09-09,Lithuania,Greece,43.262165,74.138982
744,3,1,2025-09-10,Finland,Georgia,104.90344,85.870738
744,4,1,2025-09-10,Germany,Slovenia,114.96447,93.689496
745,1,1,2025-09-09,Poland,Turkey,78.105682,122.44147
745,2,1,2025-09-09,Lithuania,Greece,86.154528,91.578655
745,3,1,2025-09-10,Finland,Georgia,102.27243,95.845544
745,4,1,2025-09-10,Germany,Slovenia,108.93564,84.649189
746,1,1,2025-09-09,Poland,Turkey,71.449308,78.476698
746,2,1,2025-09-09,Lithuania,Greece,62.138223000000004,89.653834
746,3,1,2025-09-10,Finland,Georgia,86.112477,84.371302
746,4,1,2025-09-10,Germany,Slovenia,115.56189,112.17333000000001
747,1,1,2025-09-09,Poland,Turkey,89.91314,89.407442
747,2,1,2025-09-09,Lithuania,Greece,75.072989,75.567588
747,3,1,2025-09-10,Finland,Georgia,85.294447,80.16341
747,4,1,2025-09-10,Germany,Slovenia,92.640548,81.545636
748,1,1,2025-09-09,Poland,Turkey,84.53048,81.761951
748,2,1,2025-09-09,Lithuania,Greece,65.414071,119.86062
748,3,1,2025-09-10,Finland,Georgia,102.14491,100.34076
748,4,1,2025-09-10,Germany,Slovenia,103.29174,91.712455
749,1,1,2025-09-09,Poland,Turkey,83.179738,77.225683
749,2,1,2025-09-09,Lithuania,Greece,91.471831,76.065219
749,3,1,2025-09-10,Finland,Georgia,117.08469,93.54565
749,4,1,2025-09-10,Germany,Slovenia,96.564996,91.633303
750,1,1,2025-09-09,Poland,Turkey,74.80094,85.805282
750,2,1,2025-09-09,Lithuania,Greece,89.819131,72.690931
750,3,1,2025-09-10,Finland,Georgia,101.75322,53.145739
750,4,1,2025-09-10,Germany,Slovenia,96.312305,100.24503
751,1,1,2025-09-09,Poland,Turkey,88.740325,101.75763
751,2,1,2025-09-09,Lithuania,Greece,72.94532,77.910272
751,3,1,2025-09-10,Finland,Georgia,85.068067,65.998761
751,4,1,2025-09-10,Germany,Slovenia,87.814689,76.970519
752,1,1,2025-09-09,Poland,Turkey,56.442713,84.264954
752,2,1,2025-09-09,Lithuania,Greece,80.902946,83.172904
752,3,1,2025-09-10,Finland,Georgia,86.533571,63.433151
752,4,1,2025-09-10,Germany,Slovenia,113.1301,81.883467
753,1,1,2025-09-09,Poland,Turkey,82.826376,71.543371
753,2,1,2025-09-09,Lithuania,Greece,66.222902,64.919414
753,3,1,2025-09-10,Finland,Georgia,99.549432,74.89574
753,4,1,2025-09-10,Germany,Slovenia,95.218253,69.957353
754,1,1,2025-09-09,Poland,Turkey,87.501178,98.241222
754,2,1,2025-09-09,Lithuania,Greece,80.882377,75.498797
754,3,1,2025-09-10,Finland,Georgia,98.622199,58.223281
754,4,1,2025-09-10,Germany,Slovenia,115.00793,78.273636
755,1,1,2025-09-09,Poland,Turkey,76.534413,82.890244
755,2,1,2025-09-09,Lithuania,Greece,73.384341,81.116022
755,3,1,2025-09-10,Finland,Georgia,99.184573,72.496333
755,4,1,2025-09-10,Germany,Slovenia,111.21496,93.16269
756,1,1,2025-09-09,Poland,Turkey,101.78028,93.127727
756,2,1,2025-09-09,Lithuania,Greece,92.261555,63.936885
756,3,1,2025-09-10,Finland,Georgia,89.990264,91.318175
756,4,1,2025-09-10,Germany,Slovenia,114.60508,88.191455
757,1,1,2025-09-09,Poland,Turkey,90.704435,85.564651
757,2,1,2025-09-09,Lithuania,Greece,92.618018,49.789588
757,3,1,2025-09-10,Finland,Georgia,114.34829,92.307833
757,4,1,2025-09-10,Germany,Slovenia,79.905407,72.270643
758,1,1,2025-09-09,Poland,Turkey,76.226443,98.747847
758,2,1,2025-09-09,Lithuania,Greece,98.797745,84.050342
758,3,1,2025-09-10,Finland,Georgia,92.241427,73.707444
758,4,1,2025-09-10,Germany,Slovenia,89.888131,89.830288
759,1,1,2025-09-09,Poland,Turkey,69.63537,80.979063
759,2,1,2025-09-09,Lithuania,Greece,84.707101,54.191236
759,3,1,2025-09-10,Finland,Georgia,93.694245,79.690453
759,4,1,2025-09-10,Germany,Slovenia,103.90799,72.802992
760,1,1,2025-09-09,Poland,Turkey,78.090344,80.078618
760,2,1,2025-09-09,Lithuania,Greece,79.237006,82.454465
760,3,1,2025-09-10,Finland,Georgia,92.670797,86.915282
760,4,1,2025-09-10,Germany,Slovenia,127.27414,93.511487
761,1,1,2025-09-09,Poland,Turkey,79.268008,81.327087
761,2,1,2025-09-09,Lithuania,Greece,77.982866,65.757951
761,3,1,2025-09-10,Finland,Georgia,101.88463,78.4473
761,4,1,2025-09-10,Germany,Slovenia,93.247945,104.95862
762,1,1,2025-09-09,Poland,Turkey,78.601017,104.01712
762,2,1,2025-09-09,Lithuania,Greece,106.16807,79.848712
762,3,1,2025-09-10,Finland,Georgia,72.997264,53.952043
762,4,1,2025-09-10,Germany,Slovenia,97.021513,75.879628
763,1,1,2025-09-09,Poland,Turkey,80.610830000000007,97.227115
763,2,1,2025-09-09,Lithuania,Greece,98.66203,96.03209
763,3,1,2025-09-10,Finland,Georgia,106.04247,84.074353
763,4,1,2025-09-10,Germany,Slovenia,91.071246,86.152655
764,1,1,2025-09-09,Poland,Turkey,78.987058,87.149008
764,2,1,2025-09-09,Lithuania,Greece,100.68606,77.896202
764,3,1,2025-09-10,Finland,Georgia,97.142694,67.717105
764,4,1,2025-09-10,Germany,Slovenia,103.38955,98.557962
765,1,1,2025-09-09,Poland,Turkey,77.617306,90.526607
765,2,1,2025-09-09,Lithuania,Greece,54.837641,98.715533
765,3,1,2025-09-10,Finland,Georgia,82.939387,70.000206
765,4,1,2025-09-10,Germany,Slovenia,104.12864,80.33502
766,1,1,2025-09-09,Poland,Turkey,77.065353,78.986536
766,2,1,2025-09-09,Lithuania,Greece,91.297162,78.723518
766,3,1,2025-09-10,Finland,Georgia,85.264112,105.00193
766,4,1,2025-09-10,Germany,Slovenia,106.71159,87.614008
767,1,1,2025-09-09,Poland,Turkey,74.114329,82.407065
767,2,1,2025-09-09,Lithuania,Greece,95.401613,56.24562
767,3,1,2025-09-10,Finland,Georgia,107.60665,78.348872
767,4,1,2025-09-10,Germany,Slovenia,103.72508,84.43013
768,1,1,2025-09-09,Poland,Turkey,58.832302,99.022102
768,2,1,2025-09-09,Lithuania,Greece,83.4749,63.081883
768,3,1,2025-09-10,Finland,Georgia,101.13378,75.668857
768,4,1,2025-09-10,Germany,Slovenia,108.69196,88.492205
769,1,1,2025-09-09,Poland,Turkey,81.170872,93.794165
769,2,1,2025-09-09,Lithuania,Greece,90.230065,73.454315
769,3,1,2025-09-10,Finland,Georgia,95.344148,81.191679
769,4,1,2025-09-10,Germany,Slovenia,100.73329,80.802861
770,1,1,2025-09-09,Poland,Turkey,79.515688,95.903122
770,2,1,2025-09-09,Lithuania,Greece,88.035219,69.000819
770,3,1,2025-09-10,Finland,Georgia,92.246338,67.293307
770,4,1,2025-09-10,Germany,Slovenia,105.7128,98.778778
771,1,1,2025-09-09,Poland,Turkey,101.15164,106.15591
771,2,1,2025-09-09,Lithuania,Greece,92.825106,91.549593
771,3,1,2025-09-10,Finland,Georgia,110.24012,90.670748
771,4,1,2025-09-10,Germany,Slovenia,97.037473,84.838025
772,1,1,2025-09-09,Poland,Turkey,78.556402,89.038101
772,2,1,2025-09-09,Lithuania,Greece,71.691634,52.559535
772,3,1,2025-09-10,Finland,Georgia,104.16724,82.814041
772,4,1,2025-09-10,Germany,Slovenia,101.87182,64.737806
773,1,1,2025-09-09,Poland,Turkey,78.839887,90.507714000000007
773,2,1,2025-09-09,Lithuania,Greece,103.31759,77.23227
773,3,1,2025-09-10,Finland,Georgia,100.07535,83.804193
773,4,1,2025-09-10,Germany,Slovenia,98.915411,76.308498
774,1,1,2025-09-09,Poland,Turkey,76.455703,93.996711
774,2,1,2025-09-09,Lithuania,Greece,77.601449,77.799719
774,3,1,2025-09-10,Finland,Georgia,102.65998,83.96864
774,4,1,2025-09-10,Germany,Slovenia,90.731304,87.292767
775,1,1,2025-09-09,Poland,Turkey,70.953858,93.328837
775,2,1,2025-09-09,Lithuania,Greece,91.54745,65.769863
775,3,1,2025-09-10,Finland,Georgia,114.14767,78.914282
775,4,1,2025-09-10,Germany,Slovenia,106.16936,76.881538
776,1,1,2025-09-09,Poland,Turkey,88.461526,107.77726
776,2,1,2025-09-09,Lithuania,Greece,92.336899,59.608378
776,3,1,2025-09-10,Finland,Georgia,112.56409,68.355547
776,4,1,2025-09-10,Germany,Slovenia,85.528685,82.642329
777,1,1,2025-09-09,Poland,Turkey,69.951196,66.487099
777,2,1,2025-09-09,Lithuania,Greece,78.069708,89.244072
777,3,1,2025-09-10,Finland,Georgia,57.972474,73.088267
777,4,1,2025-09-10,Germany,Slovenia,120.24956,94.517158
778,1,1,2025-09-09,Poland,Turkey,67.424458,85.666475
778,2,1,2025-09-09,Lithuania,Greece,86.663755,60.666693
778,3,1,2025-09-10,Finland,Georgia,95.670269,75.8618
778,4,1,2025-09-10,Germany,Slovenia,100.01358,93.351403
779,1,1,2025-09-09,Poland,Turkey,90.55153,90.166231
779,2,1,2025-09-09,Lithuania,Greece,84.906757,67.720266
779,3,1,2025-09-10,Finland,Georgia,75.068178,74.086846
779,4,1,2025-09-10,Germany,Slovenia,105.04702,92.199409
780,1,1,2025-09-09,Poland,Turkey,67.21738,96.537632
780,2,1,2025-09-09,Lithuania,Greece,81.994546,75.844019
780,3,1,2025-09-10,Finland,Georgia,109.43578,78.053921
780,4,1,2025-09-10,Germany,Slovenia,96.334672,92.867964
781,1,1,2025-09-09,Poland,Turkey,69.995447,89.581999
781,2,1,2025-09-09,Lithuania,Greece,80.879467,63.165475
781,3,1,2025-09-10,Finland,Georgia,92.658518,78.095825
781,4,1,2025-09-10,Germany,Slovenia,106.77247,90.412229
782,1,1,2025-09-09,Poland,Turkey,58.130638,75.46112
782,2,1,2025-09-09,Lithuania,Greece,82.833422,72.382955
782,3,1,2025-09-10,Finland,Georgia,108.57634,112.82356
782,4,1,2025-09-10,Germany,Slovenia,106.68197,96.661365
783,1,1,2025-09-09,Poland,Turkey,84.888361,100.87558
783,2,1,2025-09-09,Lithuania,Greece,89.381089,83.718881
783,3,1,2025-09-10,Finland,Georgia,104.04445,79.130657
783,4,1,2025-09-10,Germany,Slovenia,96.627028,85.17242
784,1,1,2025-09-09,Poland,Turkey,76.747042,111.90157
784,2,1,2025-09-09,Lithuania,Greece,102.51307,60.588006
784,3,1,2025-09-10,Finland,Georgia,104.76527,77.746929
784,4,1,2025-09-10,Germany,Slovenia,99.840476,78.6909
785,1,1,2025-09-09,Poland,Turkey,85.002057,92.329544
785,2,1,2025-09-09,Lithuania,Greece,81.929801,77.058356
785,3,1,2025-09-10,Finland,Georgia,92.099554,66.600896
785,4,1,2025-09-10,Germany,Slovenia,96.629573,71.485407
786,1,1,2025-09-09,Poland,Turkey,75.815019,98.66215
786,2,1,2025-09-09,Lithuania,Greece,69.526548,73.503856
786,3,1,2025-09-10,Finland,Georgia,103.13787,85.966583
786,4,1,2025-09-10,Germany,Slovenia,95.239222,86.899636
787,1,1,2025-09-09,Poland,Turkey,71.243515,75.646678
787,2,1,2025-09-09,Lithuania,Greece,66.378344,72.577649
787,3,1,2025-09-10,Finland,Georgia,105.64669,66.71021
787,4,1,2025-09-10,Germany,Slovenia,92.212306,77.975158
788,1,1,2025-09-09,Poland,Turkey,84.900157,100.7194
788,2,1,2025-09-09,Lithuania,Greece,80.157322,64.425443
788,3,1,2025-09-10,Finland,Georgia,128.00162,79.231694
788,4,1,2025-09-10,Germany,Slovenia,88.989461,84.3216
789,1,1,2025-09-09,Poland,Turkey,73.874462,93.033578
789,2,1,2025-09-09,Lithuania,Greece,84.695548,76.944212
789,3,1,2025-09-10,Finland,Georgia,99.472205,62.941335
789,4,1,2025-09-10,Germany,Slovenia,96.577733,85.261529
790,1,1,2025-09-09,Poland,Turkey,67.570629,79.963176
790,2,1,2025-09-09,Lithuania,Greece,92.011619,85.092692
790,3,1,2025-09-10,Finland,Georgia,104.44663,110.41265
790,4,1,2025-09-10,Germany,Slovenia,105.51626,102.86322
791,1,1,2025-09-09,Poland,Turkey,62.130183,87.33239
791,2,1,2025-09-09,Lithuania,Greece,91.726015,80.44054
791,3,1,2025-09-10,Finland,Georgia,87.398508,71.823129
791,4,1,2025-09-10,Germany,Slovenia,89.413733,106.56557
792,1,1,2025-09-09,Poland,Turkey,66.982123,71.852985
792,2,1,2025-09-09,Lithuania,Greece,90.866407,72.3389
792,3,1,2025-09-10,Finland,Georgia,81.505854,86.617097
792,4,1,2025-09-10,Germany,Slovenia,81.340684,75.384293
793,1,1,2025-09-09,Poland,Turkey,74.243117,83.535647
793,2,1,2025-09-09,Lithuania,Greece,80.889343,59.678621
793,3,1,2025-09-10,Finland,Georgia,112.42954,85.681431
793,4,1,2025-09-10,Germany,Slovenia,91.425746,93.956875
794,1,1,2025-09-09,Poland,Turkey,72.802011,70.097142
794,2,1,2025-09-09,Lithuania,Greece,99.048629,65.037361
794,3,1,2025-09-10,Finland,Georgia,93.941762,91.140528
794,4,1,2025-09-10,Germany,Slovenia,104.19383,87.723006
795,1,1,2025-09-09,Poland,Turkey,72.29045,78.115544
795,2,1,2025-09-09,Lithuania,Greece,83.523848,60.254539
795,3,1,2025-09-10,Finland,Georgia,95.236216,81.356336
795,4,1,2025-09-10,Germany,Slovenia,98.441489,86.890143
796,1,1,2025-09-09,Poland,Turkey,67.637421,79.325421
796,2,1,2025-09-09,Lithuania,Greece,83.970337,77.887232
796,3,1,2025-09-10,Finland,Georgia,86.064753,69.637464
796,4,1,2025-09-10,Germany,Slovenia,102.83893,82.59021
797,1,1,2025-09-09,Poland,Turkey,81.034194,89.212425
797,2,1,2025-09-09,Lithuania,Greece,89.542046,95.009209
797,3,1,2025-09-10,Finland,Georgia,109.59198,85.71138
797,4,1,2025-09-10,Germany,Slovenia,112.69308,82.552693
798,1,1,2025-09-09,Poland,Turkey,72.695032,95.3702
798,2,1,2025-09-09,Lithuania,Greece,92.198479,85.590495
798,3,1,2025-09-10,Finland,Georgia,84.215723,63.601686
798,4,1,2025-09-10,Germany,Slovenia,103.88095,95.201703
799,1,1,2025-09-09,Poland,Turkey,71.334857,74.937457
799,2,1,2025-09-09,Lithuania,Greece,89.443864,72.729947
799,3,1,2025-09-10,Finland,Georgia,105.81208,89.608517
799,4,1,2025-09-10,Germany,Slovenia,92.902917,91.699792
800,1,1,2025-09-09,Poland,Turkey,87.742659,76.362881
800,2,1,2025-09-09,Lithuania,Greece,98.263845,63.49402
800,3,1,2025-09-10,Finland,Georgia,92.871377,70.965121
800,4,1,2025-09-10,Germany,Slovenia,95.634152,82.360074
801,1,1,2025-09-09,Poland,Turkey,78.733267,70.579508
801,2,1,2025-09-09,Lithuania,Greece,92.928994,89.223859
801,3,1,2025-09-10,Finland,Georgia,98.500989,102.81504
801,4,1,2025-09-10,Germany,Slovenia,96.408728,78.559395
802,1,1,2025-09-09,Poland,Turkey,78.004581,84.896885
802,2,1,2025-09-09,Lithuania,Greece,76.594721,83.657033
802,3,1,2025-09-10,Finland,Georgia,93.905605,87.28098
802,4,1,2025-09-10,Germany,Slovenia,108.42785,99.478445
803,1,1,2025-09-09,Poland,Turkey,83.247491,96.888033
803,2,1,2025-09-09,Lithuania,Greece,94.168456,60.288566
803,3,1,2025-09-10,Finland,Georgia,112.20417,72.300331
803,4,1,2025-09-10,Germany,Slovenia,112.59878,90.306567
804,1,1,2025-09-09,Poland,Turkey,79.782377,96.092074
804,2,1,2025-09-09,Lithuania,Greece,75.658777,80.003287
804,3,1,2025-09-10,Finland,Georgia,93.941047,71.819933
804,4,1,2025-09-10,Germany,Slovenia,95.215193,113.50263
805,1,1,2025-09-09,Poland,Turkey,77.007517000000007,80.587097
805,2,1,2025-09-09,Lithuania,Greece,84.657538,83.802997
805,3,1,2025-09-10,Finland,Georgia,97.442095,87.339717
805,4,1,2025-09-10,Germany,Slovenia,125.11585,100.59067
806,1,1,2025-09-09,Poland,Turkey,64.339011,84.229758
806,2,1,2025-09-09,Lithuania,Greece,85.448125,88.463162
806,3,1,2025-09-10,Finland,Georgia,97.532595,68.603084
806,4,1,2025-09-10,Germany,Slovenia,72.931885,85.692629
807,1,1,2025-09-09,Poland,Turkey,83.945743,88.696906
807,2,1,2025-09-09,Lithuania,Greece,89.625298,75.334318
807,3,1,2025-09-10,Finland,Georgia,87.579389,60.549733
807,4,1,2025-09-10,Germany,Slovenia,115.73009,111.23502
808,1,1,2025-09-09,Poland,Turkey,81.798766,81.8748
808,2,1,2025-09-09,Lithuania,Greece,91.123558,91.436333
808,3,1,2025-09-10,Finland,Georgia,102.78808,90.612821
808,4,1,2025-09-10,Germany,Slovenia,113.88038,86.592979
809,1,1,2025-09-09,Poland,Turkey,63.208083,123.12541
809,2,1,2025-09-09,Lithuania,Greece,67.072699,69.596637
809,3,1,2025-09-10,Finland,Georgia,85.052641,56.433566
809,4,1,2025-09-10,Germany,Slovenia,85.371117,87.650013
810,1,1,2025-09-09,Poland,Turkey,81.529792,88.439099
810,2,1,2025-09-09,Lithuania,Greece,81.775066,73.7084
810,3,1,2025-09-10,Finland,Georgia,119.49982,109.53555
810,4,1,2025-09-10,Germany,Slovenia,93.367285,73.687538
811,1,1,2025-09-09,Poland,Turkey,82.384634,80.729217
811,2,1,2025-09-09,Lithuania,Greece,104.19181,73.412846
811,3,1,2025-09-10,Finland,Georgia,73.700148,63.472196
811,4,1,2025-09-10,Germany,Slovenia,97.855558,82.16338
812,1,1,2025-09-09,Poland,Turkey,72.944194,83.66579
812,2,1,2025-09-09,Lithuania,Greece,89.912317,82.624188
812,3,1,2025-09-10,Finland,Georgia,98.000233,87.639329
812,4,1,2025-09-10,Germany,Slovenia,115.63979,97.552383
813,1,1,2025-09-09,Poland,Turkey,75.83312,72.182867
813,2,1,2025-09-09,Lithuania,Greece,95.81848,80.729672
813,3,1,2025-09-10,Finland,Georgia,95.369531,82.020477
813,4,1,2025-09-10,Germany,Slovenia,101.71024,96.823088
814,1,1,2025-09-09,Poland,Turkey,75.976201,92.182377
814,2,1,2025-09-09,Lithuania,Greece,78.213887,91.027407
814,3,1,2025-09-10,Finland,Georgia,88.439021,74.512404
814,4,1,2025-09-10,Germany,Slovenia,103.69808,86.074963
815,1,1,2025-09-09,Poland,Turkey,79.984444,85.083283
815,2,1,2025-09-09,Lithuania,Greece,99.82349,72.141992
815,3,1,2025-09-10,Finland,Georgia,95.228568,70.204183
815,4,1,2025-09-10,Germany,Slovenia,100.62195,89.675357
816,1,1,2025-09-09,Poland,Turkey,74.873278,79.724034
816,2,1,2025-09-09,Lithuania,Greece,81.340064,80.818159
816,3,1,2025-09-10,Finland,Georgia,103.26274,84.63553
816,4,1,2025-09-10,Germany,Slovenia,77.145658,103.83868
817,1,1,2025-09-09,Poland,Turkey,76.188706,84.535137
817,2,1,2025-09-09,Lithuania,Greece,66.691327,53.839667
817,3,1,2025-09-10,Finland,Georgia,85.740174,69.066893
817,4,1,2025-09-10,Germany,Slovenia,89.15216,60.55094
818,1,1,2025-09-09,Poland,Turkey,76.5731,95.161816
818,2,1,2025-09-09,Lithuania,Greece,89.152569,84.53397
818,3,1,2025-09-10,Finland,Georgia,125.3991,94.244359
818,4,1,2025-09-10,Germany,Slovenia,116.6967,89.561114
819,1,1,2025-09-09,Poland,Turkey,69.57623,95.106194
819,2,1,2025-09-09,Lithuania,Greece,87.726626,73.14567
819,3,1,2025-09-10,Finland,Georgia,105.77688,91.308114
819,4,1,2025-09-10,Germany,Slovenia,117.59494,77.375136
820,1,1,2025-09-09,Poland,Turkey,69.639359,67.994933
820,2,1,2025-09-09,Lithuania,Greece,101.08429,85.28794
820,3,1,2025-09-10,Finland,Georgia,97.971378,65.475344
820,4,1,2025-09-10,Germany,Slovenia,105.88335,80.573814
821,1,1,2025-09-09,Poland,Turkey,55.366381,83.147174
821,2,1,2025-09-09,Lithuania,Greece,96.490527,77.27126
821,3,1,2025-09-10,Finland,Georgia,75.528604,58.375713
821,4,1,2025-09-10,Germany,Slovenia,114.33848,102.66583
822,1,1,2025-09-09,Poland,Turkey,63.852468,78.866562
822,2,1,2025-09-09,Lithuania,Greece,92.834167,83.743643
822,3,1,2025-09-10,Finland,Georgia,94.565594,84.348595
822,4,1,2025-09-10,Germany,Slovenia,102.82317,72.785344
823,1,1,2025-09-09,Poland,Turkey,69.978815,85.73447
823,2,1,2025-09-09,Lithuania,Greece,86.570408,67.669644
823,3,1,2025-09-10,Finland,Georgia,96.257774,77.862172
823,4,1,2025-09-10,Germany,Slovenia,93.265993,79.934651
824,1,1,2025-09-09,Poland,Turkey,64.912081,84.192123
824,2,1,2025-09-09,Lithuania,Greece,78.053224,72.435764
824,3,1,2025-09-10,Finland,Georgia,75.70735,73.121141
824,4,1,2025-09-10,Germany,Slovenia,119.45957,74.974081
825,1,1,2025-09-09,Poland,Turkey,74.862405999999993,94.354184
825,2,1,2025-09-09,Lithuania,Greece,84.846492,90.440005
825,3,1,2025-09-10,Finland,Georgia,99.057419,85.087967
825,4,1,2025-09-10,Germany,Slovenia,112.35871,90.897263
826,1,1,2025-09-09,Poland,Turkey,75.133095,93.049843
826,2,1,2025-09-09,Lithuania,Greece,75.909854,79.58943
826,3,1,2025-09-10,Finland,Georgia,98.460927,70.131443
826,4,1,2025-09-10,Germany,Slovenia,86.780368,73.028123
827,1,1,2025-09-09,Poland,Turkey,76.132382,82.5943
827,2,1,2025-09-09,Lithuania,Greece,79.715585,53.330865
827,3,1,2025-09-10,Finland,Georgia,81.059425,68.595388
827,4,1,2025-09-10,Germany,Slovenia,88.753462,80.309642
828,1,1,2025-09-09,Poland,Turkey,111.37946,112.69805
828,2,1,2025-09-09,Lithuania,Greece,94.872977,76.803615
828,3,1,2025-09-10,Finland,Georgia,101.70145,75.745852
828,4,1,2025-09-10,Germany,Slovenia,106.62978,70.430632
829,1,1,2025-09-09,Poland,Turkey,82.809147,83.54893
829,2,1,2025-09-09,Lithuania,Greece,96.134303,79.943937
829,3,1,2025-09-10,Finland,Georgia,86.822313,76.29374
829,4,1,2025-09-10,Germany,Slovenia,87.378143,82.939918
830,1,1,2025-09-09,Poland,Turkey,62.913489,86.039413
830,2,1,2025-09-09,Lithuania,Greece,77.367039,68.255621
830,3,1,2025-09-10,Finland,Georgia,95.006515,62.493811
830,4,1,2025-09-10,Germany,Slovenia,102.10758,107.45225
831,1,1,2025-09-09,Poland,Turkey,91.664919,91.095779
831,2,1,2025-09-09,Lithuania,Greece,81.769689,51.45949
831,3,1,2025-09-10,Finland,Georgia,83.532557,63.317429
831,4,1,2025-09-10,Germany,Slovenia,99.565182,81.04926
832,1,1,2025-09-09,Poland,Turkey,80.393975,87.319711
832,2,1,2025-09-09,Lithuania,Greece,74.470022,71.98171
832,3,1,2025-09-10,Finland,Georgia,107.95682,75.658431
832,4,1,2025-09-10,Germany,Slovenia,114.6615,86.390021
833,1,1,2025-09-09,Poland,Turkey,83.526854,95.063314
833,2,1,2025-09-09,Lithuania,Greece,108.26756,74.939963
833,3,1,2025-09-10,Finland,Georgia,102.00202,65.562511
833,4,1,2025-09-10,Germany,Slovenia,100.78578,90.063284
834,1,1,2025-09-09,Poland,Turkey,78.711424,90.194506
834,2,1,2025-09-09,Lithuania,Greece,85.351285,82.32285
834,3,1,2025-09-10,Finland,Georgia,106.73765,86.41155
834,4,1,2025-09-10,Germany,Slovenia,101.87241,93.649003
835,1,1,2025-09-09,Poland,Turkey,53.867488,88.050749
835,2,1,2025-09-09,Lithuania,Greece,90.995211,78.971234
835,3,1,2025-09-10,Finland,Georgia,88.419219,63.232
835,4,1,2025-09-10,Germany,Slovenia,89.586843,92.098084
836,1,1,2025-09-09,Poland,Turkey,71.867178,101.99632
836,2,1,2025-09-09,Lithuania,Greece,95.035967,93.606476
836,3,1,2025-09-10,Finland,Georgia,88.740735,68.953606
836,4,1,2025-09-10,Germany,Slovenia,82.875428,72.820723
837,1,1,2025-09-09,Poland,Turkey,92.511913,89.538646
837,2,1,2025-09-09,Lithuania,Greece,84.301448,78.480068
837,3,1,2025-09-10,Finland,Georgia,110.10196,89.702405
837,4,1,2025-09-10,Germany,Slovenia,109.66585,80.435401
838,1,1,2025-09-09,Poland,Turkey,81.924371,78.061865
838,2,1,2025-09-09,Lithuania,Greece,92.460612,84.39765
838,3,1,2025-09-10,Finland,Georgia,72.727564,49.955137
838,4,1,2025-09-10,Germany,Slovenia,108.25086,82.758091
839,1,1,2025-09-09,Poland,Turkey,77.508346,85.758403
839,2,1,2025-09-09,Lithuania,Greece,88.93544,71.277233
839,3,1,2025-09-10,Finland,Georgia,101.14493,97.27558
839,4,1,2025-09-10,Germany,Slovenia,111.29606,83.595524
840,1,1,2025-09-09,Poland,Turkey,83.142463,74.433072
840,2,1,2025-09-09,Lithuania,Greece,86.977863,88.689452
840,3,1,2025-09-10,Finland,Georgia,102.4562,93.664851
840,4,1,2025-09-10,Germany,Slovenia,101.53426,86.627988
841,1,1,2025-09-09,Poland,Turkey,67.271528,84.674559
841,2,1,2025-09-09,Lithuania,Greece,73.964272,81.532357
841,3,1,2025-09-10,Finland,Georgia,103.16625,73.615133
841,4,1,2025-09-10,Germany,Slovenia,99.323844,94.570631
842,1,1,2025-09-09,Poland,Turkey,85.379114,88.752284
842,2,1,2025-09-09,Lithuania,Greece,89.728248,72.803682
842,3,1,2025-09-10,Finland,Georgia,76.754315,78.926953
842,4,1,2025-09-10,Germany,Slovenia,94.281015,84.990015
843,1,1,2025-09-09,Poland,Turkey,77.020133,84.432115
843,2,1,2025-09-09,Lithuania,Greece,87.674103,80.810768
843,3,1,2025-09-10,Finland,Georgia,93.485695,90.336177
843,4,1,2025-09-10,Germany,Slovenia,105.715,96.706294
844,1,1,2025-09-09,Poland,Turkey,77.580948,103.45031
844,2,1,2025-09-09,Lithuania,Greece,104.03443,58.506825
844,3,1,2025-09-10,Finland,Georgia,91.021755,86.100379
844,4,1,2025-09-10,Germany,Slovenia,115.52556,87.397278
845,1,1,2025-09-09,Poland,Turkey,59.589973,79.406426
845,2,1,2025-09-09,Lithuania,Greece,93.938252,52.121949
845,3,1,2025-09-10,Finland,Georgia,92.278647,85.786085
845,4,1,2025-09-10,Germany,Slovenia,98.646382,87.98853
846,1,1,2025-09-09,Poland,Turkey,95.683825,117.95799
846,2,1,2025-09-09,Lithuania,Greece,84.149474,64.674585
846,3,1,2025-09-10,Finland,Georgia,107.34174,81.830065
846,4,1,2025-09-10,Germany,Slovenia,87.680752,84.140078
847,1,1,2025-09-09,Poland,Turkey,81.935157,113.1813
847,2,1,2025-09-09,Lithuania,Greece,86.657877,78.82022
847,3,1,2025-09-10,Finland,Georgia,91.537132,86.331345
847,4,1,2025-09-10,Germany,Slovenia,96.188878,84.900444
848,1,1,2025-09-09,Poland,Turkey,79.824294,89.223756
848,2,1,2025-09-09,Lithuania,Greece,77.926568,77.999512
848,3,1,2025-09-10,Finland,Georgia,85.641754,88.002809
848,4,1,2025-09-10,Germany,Slovenia,106.12009,89.315118
849,1,1,2025-09-09,Poland,Turkey,76.195845,90.331813
849,2,1,2025-09-09,Lithuania,Greece,77.635977,60.221439
849,3,1,2025-09-10,Finland,Georgia,97.271727,61.203016
849,4,1,2025-09-10,Germany,Slovenia,98.255851,80.543981
850,1,1,2025-09-09,Poland,Turkey,67.433993,73.971694
850,2,1,2025-09-09,Lithuania,Greece,82.033303,70.076615
850,3,1,2025-09-10,Finland,Georgia,110.70877,70.591001
850,4,1,2025-09-10,Germany,Slovenia,106.90785,69.755873
851,1,1,2025-09-09,Poland,Turkey,70.070921,78.444824
851,2,1,2025-09-09,Lithuania,Greece,111.48868,78.275134
851,3,1,2025-09-10,Finland,Georgia,79.368273,67.334052
851,4,1,2025-09-10,Germany,Slovenia,79.151003,77.918598
852,1,1,2025-09-09,Poland,Turkey,91.191732,94.49848
852,2,1,2025-09-09,Lithuania,Greece,75.78173,82.218663
852,3,1,2025-09-10,Finland,Georgia,108.12611,65.409442
852,4,1,2025-09-10,Germany,Slovenia,96.657988,80.463062
853,1,1,2025-09-09,Poland,Turkey,71.594941,78.645411
853,2,1,2025-09-09,Lithuania,Greece,79.002545,81.353648
853,3,1,2025-09-10,Finland,Georgia,108.937,76.747926
853,4,1,2025-09-10,Germany,Slovenia,89.173197,76.249744
854,1,1,2025-09-09,Poland,Turkey,70.646245,78.515166
854,2,1,2025-09-09,Lithuania,Greece,94.933256,63.617808
854,3,1,2025-09-10,Finland,Georgia,107.31596,68.576881
854,4,1,2025-09-10,Germany,Slovenia,65.887553,54.684175
855,1,1,2025-09-09,Poland,Turkey,82.45061,101.22707
855,2,1,2025-09-09,Lithuania,Greece,94.439894,84.753498
855,3,1,2025-09-10,Finland,Georgia,93.209999,67.364923
855,4,1,2025-09-10,Germany,Slovenia,106.59209,104.30493
856,1,1,2025-09-09,Poland,Turkey,76.958669,80.991199
856,2,1,2025-09-09,Lithuania,Greece,85.372499,72.835961
856,3,1,2025-09-10,Finland,Georgia,87.327403,73.372202
856,4,1,2025-09-10,Germany,Slovenia,89.371194,77.608665
857,1,1,2025-09-09,Poland,Turkey,67.263807,75.138262
857,2,1,2025-09-09,Lithuania,Greece,72.10063,71.105823
857,3,1,2025-09-10,Finland,Georgia,101.13752,59.229562
857,4,1,2025-09-10,Germany,Slovenia,109.45182,91.444032000000007
858,1,1,2025-09-09,Poland,Turkey,75.903182,74.784714
858,2,1,2025-09-09,Lithuania,Greece,96.829634,75.026438
858,3,1,2025-09-10,Finland,Georgia,91.184127,72.214089
858,4,1,2025-09-10,Germany,Slovenia,114.84174,90.269042
859,1,1,2025-09-09,Poland,Turkey,81.420746,87.723103
859,2,1,2025-09-09,Lithuania,Greece,91.599287,84.232967
859,3,1,2025-09-10,Finland,Georgia,98.920347,74.93232
859,4,1,2025-09-10,Germany,Slovenia,107.70774,85.403214
860,1,1,2025-09-09,Poland,Turkey,69.863662,106.0882
860,2,1,2025-09-09,Lithuania,Greece,108.92778,78.031113
860,3,1,2025-09-10,Finland,Georgia,83.611126,81.701182
860,4,1,2025-09-10,Germany,Slovenia,101.03601,75.430716
861,1,1,2025-09-09,Poland,Turkey,85.633026,82.672542000000007
861,2,1,2025-09-09,Lithuania,Greece,80.811919,65.380186
861,3,1,2025-09-10,Finland,Georgia,98.979777,82.111059
861,4,1,2025-09-10,Germany,Slovenia,99.890276,73.048861
862,1,1,2025-09-09,Poland,Turkey,76.952314,90.704068
862,2,1,2025-09-09,Lithuania,Greece,82.708643,90.572122
862,3,1,2025-09-10,Finland,Georgia,89.746151,76.36869
862,4,1,2025-09-10,Germany,Slovenia,112.0845,85.023229
863,1,1,2025-09-09,Poland,Turkey,96.060219,89.17711
863,2,1,2025-09-09,Lithuania,Greece,90.534026,57.493975
863,3,1,2025-09-10,Finland,Georgia,77.337244,67.274468
863,4,1,2025-09-10,Germany,Slovenia,93.244512,104.95123
864,1,1,2025-09-09,Poland,Turkey,77.009349,85.509922
864,2,1,2025-09-09,Lithuania,Greece,85.672892,62.532906
864,3,1,2025-09-10,Finland,Georgia,84.302223,77.050421
864,4,1,2025-09-10,Germany,Slovenia,102.79518,86.599266
865,1,1,2025-09-09,Poland,Turkey,69.398468,84.260445
865,2,1,2025-09-09,Lithuania,Greece,79.341579,71.779329
865,3,1,2025-09-10,Finland,Georgia,92.898352,85.584941
865,4,1,2025-09-10,Germany,Slovenia,116.91684,92.78867
866,1,1,2025-09-09,Poland,Turkey,70.014675,90.027343
866,2,1,2025-09-09,Lithuania,Greece,111.90131,80.07336
866,3,1,2025-09-10,Finland,Georgia,107.08751,64.501199
866,4,1,2025-09-10,Germany,Slovenia,102.7577,80.006133
867,1,1,2025-09-09,Poland,Turkey,81.152584,94.22549
867,2,1,2025-09-09,Lithuania,Greece,77.403862,75.848111
867,3,1,2025-09-10,Finland,Georgia,90.562334,76.236715
867,4,1,2025-09-10,Germany,Slovenia,111.79018,69.364988
868,1,1,2025-09-09,Poland,Turkey,73.537329,94.118129
868,2,1,2025-09-09,Lithuania,Greece,88.109373,90.966194
868,3,1,2025-09-10,Finland,Georgia,99.436055,59.340526
868,4,1,2025-09-10,Germany,Slovenia,81.936186,77.128789
869,1,1,2025-09-09,Poland,Turkey,69.833446,74.736836
869,2,1,2025-09-09,Lithuania,Greece,85.396596,79.179017
869,3,1,2025-09-10,Finland,Georgia,106.98587,84.189506
869,4,1,2025-09-10,Germany,Slovenia,110.60945,69.253351
870,1,1,2025-09-09,Poland,Turkey,76.757251,91.859229
870,2,1,2025-09-09,Lithuania,Greece,106.81047,71.039334
870,3,1,2025-09-10,Finland,Georgia,83.173789,78.180878
870,4,1,2025-09-10,Germany,Slovenia,104.33685,90.866949
871,1,1,2025-09-09,Poland,Turkey,64.125664,75.933053
871,2,1,2025-09-09,Lithuania,Greece,77.973607,61.565774
871,3,1,2025-09-10,Finland,Georgia,89.957926,86.654404
871,4,1,2025-09-10,Germany,Slovenia,103.04896,81.8255
872,1,1,2025-09-09,Poland,Turkey,63.947589,72.303086
872,2,1,2025-09-09,Lithuania,Greece,94.4753,82.29657
872,3,1,2025-09-10,Finland,Georgia,104.95293,82.601158
872,4,1,2025-09-10,Germany,Slovenia,108.41571,92.718415
873,1,1,2025-09-09,Poland,Turkey,77.569449,98.6598
873,2,1,2025-09-09,Lithuania,Greece,79.438682,64.991962
873,3,1,2025-09-10,Finland,Georgia,84.116636,72.894573
873,4,1,2025-09-10,Germany,Slovenia,102.80582,88.256836
874,1,1,2025-09-09,Poland,Turkey,70.941166,98.703806
874,2,1,2025-09-09,Lithuania,Greece,77.435896,74.476015
874,3,1,2025-09-10,Finland,Georgia,107.84915,72.511757
874,4,1,2025-09-10,Germany,Slovenia,92.212699,85.052814
875,1,1,2025-09-09,Poland,Turkey,68.524078,108.63269
875,2,1,2025-09-09,Lithuania,Greece,86.697805,85.13499
875,3,1,2025-09-10,Finland,Georgia,98.917621,78.732749
875,4,1,2025-09-10,Germany,Slovenia,107.27667,75.219074
876,1,1,2025-09-09,Poland,Turkey,78.685987,83.301344
876,2,1,2025-09-09,Lithuania,Greece,83.418146,71.792441
876,3,1,2025-09-10,Finland,Georgia,93.857969,96.641284
876,4,1,2025-09-10,Germany,Slovenia,108.88522,99.393574
877,1,1,2025-09-09,Poland,Turkey,78.218413,92.000682
877,2,1,2025-09-09,Lithuania,Greece,74.780584,60.205326
877,3,1,2025-09-10,Finland,Georgia,92.511271,74.235594
877,4,1,2025-09-10,Germany,Slovenia,91.773204,98.395283
878,1,1,2025-09-09,Poland,Turkey,78.864044,108.23446
878,2,1,2025-09-09,Lithuania,Greece,82.023407,70.364758
878,3,1,2025-09-10,Finland,Georgia,102.25388,78.901237
878,4,1,2025-09-10,Germany,Slovenia,102.00233,92.984312
879,1,1,2025-09-09,Poland,Turkey,58.86381,84.34473
879,2,1,2025-09-09,Lithuania,Greece,84.686422,95.649157
879,3,1,2025-09-10,Finland,Georgia,105.1108,78.033377
879,4,1,2025-09-10,Germany,Slovenia,102.1089,91.244252
880,1,1,2025-09-09,Poland,Turkey,57.118988,63.921031
880,2,1,2025-09-09,Lithuania,Greece,94.030046,66.789951
880,3,1,2025-09-10,Finland,Georgia,94.704283,94.347912
880,4,1,2025-09-10,Germany,Slovenia,104.99227,83.345095
881,1,1,2025-09-09,Poland,Turkey,74.606005,78.020384
881,2,1,2025-09-09,Lithuania,Greece,87.419483,87.3243
881,3,1,2025-09-10,Finland,Georgia,91.671721,72.802799
881,4,1,2025-09-10,Germany,Slovenia,96.320759,82.280775
882,1,1,2025-09-09,Poland,Turkey,75.26921,92.872419
882,2,1,2025-09-09,Lithuania,Greece,81.841529,47.501206
882,3,1,2025-09-10,Finland,Georgia,93.860031,60.860744
882,4,1,2025-09-10,Germany,Slovenia,108.69126,84.773486
883,1,1,2025-09-09,Poland,Turkey,65.706952,87.412139
883,2,1,2025-09-09,Lithuania,Greece,90.348654,82.864026
883,3,1,2025-09-10,Finland,Georgia,83.757128,66.593712
883,4,1,2025-09-10,Germany,Slovenia,88.959768,95.831081
884,1,1,2025-09-09,Poland,Turkey,57.337338,77.406933
884,2,1,2025-09-09,Lithuania,Greece,73.785637,62.22675
884,3,1,2025-09-10,Finland,Georgia,109.78895,54.107308
884,4,1,2025-09-10,Germany,Slovenia,101.24007,80.74175
885,1,1,2025-09-09,Poland,Turkey,81.112831,85.172882
885,2,1,2025-09-09,Lithuania,Greece,97.036039,71.041353
885,3,1,2025-09-10,Finland,Georgia,97.358384,81.533284
885,4,1,2025-09-10,Germany,Slovenia,115.44433,103.66899
886,1,1,2025-09-09,Poland,Turkey,88.501851,55.369047
886,2,1,2025-09-09,Lithuania,Greece,98.762682,101.72576
886,3,1,2025-09-10,Finland,Georgia,87.980881,80.556698
886,4,1,2025-09-10,Germany,Slovenia,101.68318,138.78516
887,1,1,2025-09-09,Poland,Turkey,71.13454,79.810139
887,2,1,2025-09-09,Lithuania,Greece,53.546415,69.026242
887,3,1,2025-09-10,Finland,Georgia,100.23015,68.262048
887,4,1,2025-09-10,Germany,Slovenia,102.85265,94.471134
888,1,1,2025-09-09,Poland,Turkey,68.988132,80.782801
888,2,1,2025-09-09,Lithuania,Greece,80.941342,82.371372
888,3,1,2025-09-10,Finland,Georgia,96.296144,73.778871
888,4,1,2025-09-10,Germany,Slovenia,98.496686,85.548407
889,1,1,2025-09-09,Poland,Turkey,76.65114,86.104953
889,2,1,2025-09-09,Lithuania,Greece,89.640819,82.605424
889,3,1,2025-09-10,Finland,Georgia,109.96847,80.285787
889,4,1,2025-09-10,Germany,Slovenia,116.07416,92.752821
890,1,1,2025-09-09,Poland,Turkey,93.2808,86.319734
890,2,1,2025-09-09,Lithuania,Greece,97.123497,87.858135
890,3,1,2025-09-10,Finland,Georgia,108.85308,79.241043
890,4,1,2025-09-10,Germany,Slovenia,117.40923,95.977655
891,1,1,2025-09-09,Poland,Turkey,83.354382,86.965193
891,2,1,2025-09-09,Lithuania,Greece,83.36386,60.708055
891,3,1,2025-09-10,Finland,Georgia,81.312681,74.785961
891,4,1,2025-09-10,Germany,Slovenia,115.81384,79.28538
892,1,1,2025-09-09,Poland,Turkey,61.321366,82.139479
892,2,1,2025-09-09,Lithuania,Greece,91.410914,85.269248
892,3,1,2025-09-10,Finland,Georgia,99.265329,78.218724
892,4,1,2025-09-10,Germany,Slovenia,107.63061,83.001878
893,1,1,2025-09-09,Poland,Turkey,96.5962,102.68175
893,2,1,2025-09-09,Lithuania,Greece,95.809266,71.12956
893,3,1,2025-09-10,Finland,Georgia,89.156720000000007,71.758362
893,4,1,2025-09-10,Germany,Slovenia,92.719211,79.89954
894,1,1,2025-09-09,Poland,Turkey,78.519332,110.43879
894,2,1,2025-09-09,Lithuania,Greece,85.943666,76.750268
894,3,1,2025-09-10,Finland,Georgia,103.36678,63.970998
894,4,1,2025-09-10,Germany,Slovenia,96.801149,90.094155
895,1,1,2025-09-09,Poland,Turkey,90.817031,98.583784
895,2,1,2025-09-09,Lithuania,Greece,88.026002,88.314282
895,3,1,2025-09-10,Finland,Georgia,86.692459,81.116981
895,4,1,2025-09-10,Germany,Slovenia,80.50314,83.076908
896,1,1,2025-09-09,Poland,Turkey,83.651537,94.839106
896,2,1,2025-09-09,Lithuania,Greece,81.441004,77.08963
896,3,1,2025-09-10,Finland,Georgia,77.764671,71.404761
896,4,1,2025-09-10,Germany,Slovenia,122.81951,84.05589
897,1,1,2025-09-09,Poland,Turkey,101.98067,105.18209
897,2,1,2025-09-09,Lithuania,Greece,85.928652,69.325764
897,3,1,2025-09-10,Finland,Georgia,95.192568,78.592932
897,4,1,2025-09-10,Germany,Slovenia,108.69299,95.408264
898,1,1,2025-09-09,Poland,Turkey,86.424405,88.423233
898,2,1,2025-09-09,Lithuania,Greece,78.01883,78.388855
898,3,1,2025-09-10,Finland,Georgia,114.27655,66.446124
898,4,1,2025-09-10,Germany,Slovenia,83.972671,51.922034
899,1,1,2025-09-09,Poland,Turkey,78.851303,101.59984
899,2,1,2025-09-09,Lithuania,Greece,111.14537,97.908228
899,3,1,2025-09-10,Finland,Georgia,115.23561,85.737035
899,4,1,2025-09-10,Germany,Slovenia,110.59583,104.46134
900,1,1,2025-09-09,Poland,Turkey,69.932513,79.686083
900,2,1,2025-09-09,Lithuania,Greece,71.696417,71.385517
900,3,1,2025-09-10,Finland,Georgia,115.57128,72.791563
900,4,1,2025-09-10,Germany,Slovenia,112.26691,89.433855
901,1,1,2025-09-09,Poland,Turkey,75.251314,97.319068
901,2,1,2025-09-09,Lithuania,Greece,72.913938,86.180804
901,3,1,2025-09-10,Finland,Georgia,101.15825,64.261478
901,4,1,2025-09-10,Germany,Slovenia,102.17078,80.220022
902,1,1,2025-09-09,Poland,Turkey,70.460374,86.695445
902,2,1,2025-09-09,Lithuania,Greece,64.758436,75.328573
902,3,1,2025-09-10,Finland,Georgia,100.77764,78.488077
902,4,1,2025-09-10,Germany,Slovenia,86.959974,101.0289
903,1,1,2025-09-09,Poland,Turkey,68.549695,85.922372
903,2,1,2025-09-09,Lithuania,Greece,77.138337,69.858323
903,3,1,2025-09-10,Finland,Georgia,94.061754,63.185677
903,4,1,2025-09-10,Germany,Slovenia,101.64838,64.429096
904,1,1,2025-09-09,Poland,Turkey,86.612547,84.241012
904,2,1,2025-09-09,Lithuania,Greece,83.136339,80.107456
904,3,1,2025-09-10,Finland,Georgia,96.232657,71.643249
904,4,1,2025-09-10,Germany,Slovenia,97.516553,85.879142
905,1,1,2025-09-09,Poland,Turkey,84.475783,90.7607
905,2,1,2025-09-09,Lithuania,Greece,73.373026,61.844788
905,3,1,2025-09-10,Finland,Georgia,89.41617,70.499203
905,4,1,2025-09-10,Germany,Slovenia,99.376097,94.945363
906,1,1,2025-09-09,Poland,Turkey,80.491345,100.70453
906,2,1,2025-09-09,Lithuania,Greece,97.007607,86.924722
906,3,1,2025-09-10,Finland,Georgia,97.361763,77.238381
906,4,1,2025-09-10,Germany,Slovenia,108.01966,94.371437
907,1,1,2025-09-09,Poland,Turkey,57.081152,71.025523
907,2,1,2025-09-09,Lithuania,Greece,85.795057,49.712736
907,3,1,2025-09-10,Finland,Georgia,99.375503,83.187944
907,4,1,2025-09-10,Germany,Slovenia,91.712264,79.758832
908,1,1,2025-09-09,Poland,Turkey,94.535114,104.7741
908,2,1,2025-09-09,Lithuania,Greece,81.647663,66.476817
908,3,1,2025-09-10,Finland,Georgia,106.74549,74.421738
908,4,1,2025-09-10,Germany,Slovenia,97.20942,68.838078
909,1,1,2025-09-09,Poland,Turkey,71.172223,76.053937
909,2,1,2025-09-09,Lithuania,Greece,89.362593,70.529708
909,3,1,2025-09-10,Finland,Georgia,102.705,69.242822
909,4,1,2025-09-10,Germany,Slovenia,102.2978,86.808875
910,1,1,2025-09-09,Poland,Turkey,60.558575,83.729425
910,2,1,2025-09-09,Lithuania,Greece,95.558717,82.900441
910,3,1,2025-09-10,Finland,Georgia,91.170797,55.081676
910,4,1,2025-09-10,Germany,Slovenia,100.87234,65.131897
911,1,1,2025-09-09,Poland,Turkey,66.108494,77.818786
911,2,1,2025-09-09,Lithuania,Greece,91.812945,83.55106
911,3,1,2025-09-10,Finland,Georgia,109.81218,79.66476
911,4,1,2025-09-10,Germany,Slovenia,100.67967,82.406133
912,1,1,2025-09-09,Poland,Turkey,67.81023,93.20965
912,2,1,2025-09-09,Lithuania,Greece,69.169896,78.441535
912,3,1,2025-09-10,Finland,Georgia,104.30126,78.523996
912,4,1,2025-09-10,Germany,Slovenia,106.48417,90.053303
913,1,1,2025-09-09,Poland,Turkey,78.683833,78.074892
913,2,1,2025-09-09,Lithuania,Greece,96.68685,71.261748
913,3,1,2025-09-10,Finland,Georgia,87.701564,61.933943
913,4,1,2025-09-10,Germany,Slovenia,108.37225,73.057619
914,1,1,2025-09-09,Poland,Turkey,84.939799,78.93608
914,2,1,2025-09-09,Lithuania,Greece,78.36835,81.597579
914,3,1,2025-09-10,Finland,Georgia,112.93035,83.314872
914,4,1,2025-09-10,Germany,Slovenia,120.7471,86.395662
915,1,1,2025-09-09,Poland,Turkey,81.580587,100.08902
915,2,1,2025-09-09,Lithuania,Greece,77.520351,68.851415
915,3,1,2025-09-10,Finland,Georgia,99.066867,90.276274
915,4,1,2025-09-10,Germany,Slovenia,99.505963,77.354221
916,1,1,2025-09-09,Poland,Turkey,69.971294,98.195473
916,2,1,2025-09-09,Lithuania,Greece,88.973452,89.855989
916,3,1,2025-09-10,Finland,Georgia,111.42101,72.786559
916,4,1,2025-09-10,Germany,Slovenia,104.70246,96.487444
917,1,1,2025-09-09,Poland,Turkey,78.194022,111.5944
917,2,1,2025-09-09,Lithuania,Greece,84.695914,75.449687
917,3,1,2025-09-10,Finland,Georgia,89.402458,80.354396
917,4,1,2025-09-10,Germany,Slovenia,121.27602,91.291327
918,1,1,2025-09-09,Poland,Turkey,79.442908,96.127483
918,2,1,2025-09-09,Lithuania,Greece,89.575984,64.075766
918,3,1,2025-09-10,Finland,Georgia,82.783535,55.301469
918,4,1,2025-09-10,Germany,Slovenia,105.14013,92.701293
919,1,1,2025-09-09,Poland,Turkey,92.036584,85.382972
919,2,1,2025-09-09,Lithuania,Greece,85.458766,87.774967
919,3,1,2025-09-10,Finland,Georgia,86.299042,62.09837
919,4,1,2025-09-10,Germany,Slovenia,72.611885,83.265476
920,1,1,2025-09-09,Poland,Turkey,68.878347,84.585137
920,2,1,2025-09-09,Lithuania,Greece,90.236691,72.175686
920,3,1,2025-09-10,Finland,Georgia,96.717512,100.11987
920,4,1,2025-09-10,Germany,Slovenia,109.21634,97.946986
921,1,1,2025-09-09,Poland,Turkey,74.475923,87.629645
921,2,1,2025-09-09,Lithuania,Greece,98.521184,84.708593
921,3,1,2025-09-10,Finland,Georgia,93.695547,71.828435
921,4,1,2025-09-10,Germany,Slovenia,98.720334,98.235832
922,1,1,2025-09-09,Poland,Turkey,71.462285,83.254558
922,2,1,2025-09-09,Lithuania,Greece,95.889398,75.036408
922,3,1,2025-09-10,Finland,Georgia,69.030808,84.133017
922,4,1,2025-09-10,Germany,Slovenia,98.855456,89.348225
923,1,1,2025-09-09,Poland,Turkey,85.746522,82.347136
923,2,1,2025-09-09,Lithuania,Greece,86.327529,76.085777
923,3,1,2025-09-10,Finland,Georgia,80.195195,55.444184
923,4,1,2025-09-10,Germany,Slovenia,109.88775,90.929418
924,1,1,2025-09-09,Poland,Turkey,73.001686,69.103359
924,2,1,2025-09-09,Lithuania,Greece,77.973097,86.007817
924,3,1,2025-09-10,Finland,Georgia,94.758748,79.046482
924,4,1,2025-09-10,Germany,Slovenia,115.343,95.107774
925,1,1,2025-09-09,Poland,Turkey,92.794399,91.43161
925,2,1,2025-09-09,Lithuania,Greece,107.24215,75.436081
925,3,1,2025-09-10,Finland,Georgia,107.56532,90.645579
925,4,1,2025-09-10,Germany,Slovenia,104.11581,64.497535
926,1,1,2025-09-09,Poland,Turkey,75.855098,62.131894
926,2,1,2025-09-09,Lithuania,Greece,98.027966,89.434514
926,3,1,2025-09-10,Finland,Georgia,95.007445,72.387636
926,4,1,2025-09-10,Germany,Slovenia,111.48445,84.861062
927,1,1,2025-09-09,Poland,Turkey,87.99716,101.75381
927,2,1,2025-09-09,Lithuania,Greece,87.419944,85.932436
927,3,1,2025-09-10,Finland,Georgia,105.44432,95.062319
927,4,1,2025-09-10,Germany,Slovenia,124.55681,92.540883
928,1,1,2025-09-09,Poland,Turkey,67.488352,72.442384
928,2,1,2025-09-09,Lithuania,Greece,96.257219,74.211309
928,3,1,2025-09-10,Finland,Georgia,114.62475,87.365386
928,4,1,2025-09-10,Germany,Slovenia,108.99978,89.288956
929,1,1,2025-09-09,Poland,Turkey,59.217269,81.381672
929,2,1,2025-09-09,Lithuania,Greece,88.792997,61.175569
929,3,1,2025-09-10,Finland,Georgia,66.654471,49.547544
929,4,1,2025-09-10,Germany,Slovenia,123.7494,96.149262
930,1,1,2025-09-09,Poland,Turkey,82.812043,78.003429
930,2,1,2025-09-09,Lithuania,Greece,81.777592,73.206215
930,3,1,2025-09-10,Finland,Georgia,89.116087,83.4711
930,4,1,2025-09-10,Germany,Slovenia,107.74229,81.473784
931,1,1,2025-09-09,Poland,Turkey,80.162652,92.341264
931,2,1,2025-09-09,Lithuania,Greece,87.459715,79.821835
931,3,1,2025-09-10,Finland,Georgia,87.905854,53.112313
931,4,1,2025-09-10,Germany,Slovenia,85.829971,80.703179
932,1,1,2025-09-09,Poland,Turkey,108.40489,114.8281
932,2,1,2025-09-09,Lithuania,Greece,75.963699,66.112662
932,3,1,2025-09-10,Finland,Georgia,95.787008,71.924691
932,4,1,2025-09-10,Germany,Slovenia,101.29967,101.25717
933,1,1,2025-09-09,Poland,Turkey,80.340688,96.937406
933,2,1,2025-09-09,Lithuania,Greece,67.661871,68.574458
933,3,1,2025-09-10,Finland,Georgia,102.15741,91.049246
933,4,1,2025-09-10,Germany,Slovenia,95.791631,92.171155
934,1,1,2025-09-09,Poland,Turkey,59.189925,66.610301
934,2,1,2025-09-09,Lithuania,Greece,104.4521,77.307228
934,3,1,2025-09-10,Finland,Georgia,123.34968,98.220253
934,4,1,2025-09-10,Germany,Slovenia,120.83101,96.799123
935,1,1,2025-09-09,Poland,Turkey,65.766963,93.012083
935,2,1,2025-09-09,Lithuania,Greece,86.063899,75.735498
935,3,1,2025-09-10,Finland,Georgia,115.79983,91.334676
935,4,1,2025-09-10,Germany,Slovenia,127.90851,87.071567
936,1,1,2025-09-09,Poland,Turkey,87.659712,95.648175
936,2,1,2025-09-09,Lithuania,Greece,84.995534,66.274457
936,3,1,2025-09-10,Finland,Georgia,111.30024,91.113306
936,4,1,2025-09-10,Germany,Slovenia,90.299572,75.503461
937,1,1,2025-09-09,Poland,Turkey,79.353685,103.06167
937,2,1,2025-09-09,Lithuania,Greece,90.621224,89.311666
937,3,1,2025-09-10,Finland,Georgia,75.990002,52.705975
937,4,1,2025-09-10,Germany,Slovenia,89.603553,75.178625
938,1,1,2025-09-09,Poland,Turkey,78.026761,87.499222
938,2,1,2025-09-09,Lithuania,Greece,94.446454,54.473273
938,3,1,2025-09-10,Finland,Georgia,92.373844,80.163057
938,4,1,2025-09-10,Germany,Slovenia,99.454499,68.777084
939,1,1,2025-09-09,Poland,Turkey,83.424719,108.07082
939,2,1,2025-09-09,Lithuania,Greece,92.316002,70.781654
939,3,1,2025-09-10,Finland,Georgia,72.085349,68.633458
939,4,1,2025-09-10,Germany,Slovenia,123.26446,97.074482
940,1,1,2025-09-09,Poland,Turkey,67.533997,93.520649
940,2,1,2025-09-09,Lithuania,Greece,94.496636,74.043092
940,3,1,2025-09-10,Finland,Georgia,85.583588,59.13902
940,4,1,2025-09-10,Germany,Slovenia,108.31255,73.657296
941,1,1,2025-09-09,Poland,Turkey,71.334911,85.870476
941,2,1,2025-09-09,Lithuania,Greece,94.817272,75.187701
941,3,1,2025-09-10,Finland,Georgia,68.945143,87.134218
941,4,1,2025-09-10,Germany,Slovenia,104.39582,97.472834
942,1,1,2025-09-09,Poland,Turkey,95.445712,90.301542
942,2,1,2025-09-09,Lithuania,Greece,86.563238,112.10114
942,3,1,2025-09-10,Finland,Georgia,97.001494,86.338601
942,4,1,2025-09-10,Germany,Slovenia,91.728677,82.581943
943,1,1,2025-09-09,Poland,Turkey,88.67272,78.34858
943,2,1,2025-09-09,Lithuania,Greece,66.143236,87.882078
943,3,1,2025-09-10,Finland,Georgia,100.51612,56.08498
943,4,1,2025-09-10,Germany,Slovenia,105.02622,90.769532
944,1,1,2025-09-09,Poland,Turkey,72.901711,80.761702
944,2,1,2025-09-09,Lithuania,Greece,91.270362,98.414641
944,3,1,2025-09-10,Finland,Georgia,87.852513,63.65674
944,4,1,2025-09-10,Germany,Slovenia,83.831879,80.686836
945,1,1,2025-09-09,Poland,Turkey,77.381282,69.018749
945,2,1,2025-09-09,Lithuania,Greece,85.908225,79.141423
945,3,1,2025-09-10,Finland,Georgia,93.563058,66.004216
945,4,1,2025-09-10,Germany,Slovenia,85.361332,71.565485
946,1,1,2025-09-09,Poland,Turkey,74.908417,91.145072
946,2,1,2025-09-09,Lithuania,Greece,76.62052,77.666527
946,3,1,2025-09-10,Finland,Georgia,104.87187,75.592169
946,4,1,2025-09-10,Germany,Slovenia,109.31697,98.460956
947,1,1,2025-09-09,Poland,Turkey,77.277317,82.42119
947,2,1,2025-09-09,Lithuania,Greece,74.768569,85.265624
947,3,1,2025-09-10,Finland,Georgia,93.767219,84.676471
947,4,1,2025-09-10,Germany,Slovenia,101.80598,97.401205
948,1,1,2025-09-09,Poland,Turkey,73.233413,91.759034
948,2,1,2025-09-09,Lithuania,Greece,89.792287,65.909697
948,3,1,2025-09-10,Finland,Georgia,83.720574,77.13222
948,4,1,2025-09-10,Germany,Slovenia,83.799281,87.188923
949,1,1,2025-09-09,Poland,Turkey,95.991396,71.762035
949,2,1,2025-09-09,Lithuania,Greece,84.600264,84.683214
949,3,1,2025-09-10,Finland,Georgia,102.22568,81.880601
949,4,1,2025-09-10,Germany,Slovenia,95.885562,77.798306
950,1,1,2025-09-09,Poland,Turkey,86.470768,87.307925
950,2,1,2025-09-09,Lithuania,Greece,87.040966,69.487944
950,3,1,2025-09-10,Finland,Georgia,104.66279,62.395272
950,4,1,2025-09-10,Germany,Slovenia,86.882861,71.624706
951,1,1,2025-09-09,Poland,Turkey,78.74906,87.735992
951,2,1,2025-09-09,Lithuania,Greece,81.226128,60.353758
951,3,1,2025-09-10,Finland,Georgia,99.801676,84.524339
951,4,1,2025-09-10,Germany,Slovenia,94.528606,88.409652
952,1,1,2025-09-09,Poland,Turkey,66.821982,83.438798
952,2,1,2025-09-09,Lithuania,Greece,105.2824,86.979785
952,3,1,2025-09-10,Finland,Georgia,81.987181,78.28865
952,4,1,2025-09-10,Germany,Slovenia,95.71249,84.082597
953,1,1,2025-09-09,Poland,Turkey,73.675912,94.315654
953,2,1,2025-09-09,Lithuania,Greece,82.467867,79.433486
953,3,1,2025-09-10,Finland,Georgia,100.37469,52.271084
953,4,1,2025-09-10,Germany,Slovenia,105.71772,77.888804
954,1,1,2025-09-09,Poland,Turkey,79.921117,81.998792
954,2,1,2025-09-09,Lithuania,Greece,92.511585,69.48127
954,3,1,2025-09-10,Finland,Georgia,107.85124,86.248005
954,4,1,2025-09-10,Germany,Slovenia,128.0661,76.99485
955,1,1,2025-09-09,Poland,Turkey,90.322277,85.625362
955,2,1,2025-09-09,Lithuania,Greece,99.030758,80.37108
955,3,1,2025-09-10,Finland,Georgia,115.58284,81.964083
955,4,1,2025-09-10,Germany,Slovenia,94.361442,88.278366
956,1,1,2025-09-09,Poland,Turkey,82.388763,85.587039
956,2,1,2025-09-09,Lithuania,Greece,78.992791,68.486238
956,3,1,2025-09-10,Finland,Georgia,94.817136,77.215333
956,4,1,2025-09-10,Germany,Slovenia,94.337635,86.783955
957,1,1,2025-09-09,Poland,Turkey,94.851918,95.578674
957,2,1,2025-09-09,Lithuania,Greece,91.017762,94.928975
957,3,1,2025-09-10,Finland,Georgia,66.3738,75.121221
957,4,1,2025-09-10,Germany,Slovenia,105.02549,75.90999
958,1,1,2025-09-09,Poland,Turkey,76.088534,68.936428
958,2,1,2025-09-09,Lithuania,Greece,88.699733,91.239433
958,3,1,2025-09-10,Finland,Georgia,82.745068,61.536763
958,4,1,2025-09-10,Germany,Slovenia,96.540298,82.693787
959,1,1,2025-09-09,Poland,Turkey,75.139398,103.72106
959,2,1,2025-09-09,Lithuania,Greece,95.87483,85.662817
959,3,1,2025-09-10,Finland,Georgia,99.220323,75.328757
959,4,1,2025-09-10,Germany,Slovenia,103.49877,103.68051
960,1,1,2025-09-09,Poland,Turkey,72.735777,70.012748
960,2,1,2025-09-09,Lithuania,Greece,85.799777,83.359468
960,3,1,2025-09-10,Finland,Georgia,104.93936,75.421895
960,4,1,2025-09-10,Germany,Slovenia,85.018222,76.388768
961,1,1,2025-09-09,Poland,Turkey,91.98032,85.729942
961,2,1,2025-09-09,Lithuania,Greece,94.875502,72.653583
961,3,1,2025-09-10,Finland,Georgia,78.3278,64.051302
961,4,1,2025-09-10,Germany,Slovenia,113.73672,92.101227
962,1,1,2025-09-09,Poland,Turkey,78.489713,75.860962
962,2,1,2025-09-09,Lithuania,Greece,77.128931,80.857151
962,3,1,2025-09-10,Finland,Georgia,111.11732,87.604257
962,4,1,2025-09-10,Germany,Slovenia,78.923573,75.156579
963,1,1,2025-09-09,Poland,Turkey,85.368355,87.63145
963,2,1,2025-09-09,Lithuania,Greece,81.664929,72.59186
963,3,1,2025-09-10,Finland,Georgia,84.80236,74.471617
963,4,1,2025-09-10,Germany,Slovenia,93.580235,93.47427
964,1,1,2025-09-09,Poland,Turkey,80.41919,79.784905
964,2,1,2025-09-09,Lithuania,Greece,80.459962,76.426483
964,3,1,2025-09-10,Finland,Georgia,97.319136,79.479485
964,4,1,2025-09-10,Germany,Slovenia,113.76566,75.610631
965,1,1,2025-09-09,Poland,Turkey,65.575183,76.262863
965,2,1,2025-09-09,Lithuania,Greece,74.788324,83.570401
965,3,1,2025-09-10,Finland,Georgia,100.62059000000001,58.09471
965,4,1,2025-09-10,Germany,Slovenia,104.75899,66.138323
966,1,1,2025-09-09,Poland,Turkey,83.634149,75.845066
966,2,1,2025-09-09,Lithuania,Greece,108.53877,72.690219
966,3,1,2025-09-10,Finland,Georgia,71.454864,85.871689
966,4,1,2025-09-10,Germany,Slovenia,90.904718,92.366411
967,1,1,2025-09-09,Poland,Turkey,71.825098,87.79194
967,2,1,2025-09-09,Lithuania,Greece,61.842305,58.149447
967,3,1,2025-09-10,Finland,Georgia,125.20218,84.313294
967,4,1,2025-09-10,Germany,Slovenia,101.70901,80.552979
968,1,1,2025-09-09,Poland,Turkey,72.359958,89.510964
968,2,1,2025-09-09,Lithuania,Greece,76.703473,62.509564
968,3,1,2025-09-10,Finland,Georgia,110.60192,84.986762
968,4,1,2025-09-10,Germany,Slovenia,102.6601,99.714542
969,1,1,2025-09-09,Poland,Turkey,82.005295,80.258427
969,2,1,2025-09-09,Lithuania,Greece,97.759182,83.874407
969,3,1,2025-09-10,Finland,Georgia,113.14852,91.218791
969,4,1,2025-09-10,Germany,Slovenia,93.607911,91.105519
970,1,1,2025-09-09,Poland,Turkey,73.335191,87.36094
970,2,1,2025-09-09,Lithuania,Greece,81.848839,86.726254
970,3,1,2025-09-10,Finland,Georgia,90.404216,77.605207
970,4,1,2025-09-10,Germany,Slovenia,122.14082,75.700572
971,1,1,2025-09-09,Poland,Turkey,81.44746,84.13861
971,2,1,2025-09-09,Lithuania,Greece,73.157227,55.107884
971,3,1,2025-09-10,Finland,Georgia,90.013225,75.538923
971,4,1,2025-09-10,Germany,Slovenia,109.79203,89.331051
972,1,1,2025-09-09,Poland,Turkey,90.587087,84.829283
972,2,1,2025-09-09,Lithuania,Greece,91.70316,89.724848
972,3,1,2025-09-10,Finland,Georgia,96.890089,89.334656
972,4,1,2025-09-10,Germany,Slovenia,106.83343,101.62892
973,1,1,2025-09-09,Poland,Turkey,71.861948,97.711662
973,2,1,2025-09-09,Lithuania,Greece,110.15975,77.744123
973,3,1,2025-09-10,Finland,Georgia,98.883699,62.314698
973,4,1,2025-09-10,Germany,Slovenia,121.43854,93.61881
974,1,1,2025-09-09,Poland,Turkey,86.794156,92.582065
974,2,1,2025-09-09,Lithuania,Greece,76.180199,66.206706
974,3,1,2025-09-10,Finland,Georgia,94.452469,58.868215
974,4,1,2025-09-10,Germany,Slovenia,97.18898,82.892471
975,1,1,2025-09-09,Poland,Turkey,71.803682,64.788814
975,2,1,2025-09-09,Lithuania,Greece,87.081074,87.072494
975,3,1,2025-09-10,Finland,Georgia,78.630012,70.492443
975,4,1,2025-09-10,Germany,Slovenia,98.274209,61.727821
976,1,1,2025-09-09,Poland,Turkey,64.607417,79.531447
976,2,1,2025-09-09,Lithuania,Greece,73.370794,75.448482
976,3,1,2025-09-10,Finland,Georgia,90.259733,71.240234
976,4,1,2025-09-10,Germany,Slovenia,104.84123,74.464168
977,1,1,2025-09-09,Poland,Turkey,78.45674,83.866106
977,2,1,2025-09-09,Lithuania,Greece,94.410962,88.806109
977,3,1,2025-09-10,Finland,Georgia,96.227654,88.089961
977,4,1,2025-09-10,Germany,Slovenia,122.40707,88.475159
978,1,1,2025-09-09,Poland,Turkey,76.791906,77.534029
978,2,1,2025-09-09,Lithuania,Greece,86.318467,82.478479
978,3,1,2025-09-10,Finland,Georgia,123.45048,107.82886
978,4,1,2025-09-10,Germany,Slovenia,102.81485,94.229307
979,1,1,2025-09-09,Poland,Turkey,67.272825,92.428793
979,2,1,2025-09-09,Lithuania,Greece,78.618957,78.454672
979,3,1,2025-09-10,Finland,Georgia,109.39039,67.850849
979,4,1,2025-09-10,Germany,Slovenia,92.508404,83.265117
980,1,1,2025-09-09,Poland,Turkey,60.978347,83.988298
980,2,1,2025-09-09,Lithuania,Greece,76.243004,50.378254
980,3,1,2025-09-10,Finland,Georgia,108.69927,62.907713
980,4,1,2025-09-10,Germany,Slovenia,110.87875,83.094975
981,1,1,2025-09-09,Poland,Turkey,99.589463,92.601137
981,2,1,2025-09-09,Lithuania,Greece,94.654833,69.938805
981,3,1,2025-09-10,Finland,Georgia,105.94012,56.45
981,4,1,2025-09-10,Germany,Slovenia,104.46737,99.222146
982,1,1,2025-09-09,Poland,Turkey,82.204985,67.765112
982,2,1,2025-09-09,Lithuania,Greece,78.048046,68.111336
982,3,1,2025-09-10,Finland,Georgia,100.46447,83.986304
982,4,1,2025-09-10,Germany,Slovenia,115.48899,84.056579
983,1,1,2025-09-09,Poland,Turkey,66.087343,92.053372
983,2,1,2025-09-09,Lithuania,Greece,82.484949,102.19246
983,3,1,2025-09-10,Finland,Georgia,129.9134,81.377305
983,4,1,2025-09-10,Germany,Slovenia,119.77265,97.766214
984,1,1,2025-09-09,Poland,Turkey,47.363988,63.797008
984,2,1,2025-09-09,Lithuania,Greece,66.346563,86.234251
984,3,1,2025-09-10,Finland,Georgia,95.430825,72.07181
984,4,1,2025-09-10,Germany,Slovenia,93.184606,73.644674
985,1,1,2025-09-09,Poland,Turkey,84.429859,84.118121
985,2,1,2025-09-09,Lithuania,Greece,99.332542,80.345757
985,3,1,2025-09-10,Finland,Georgia,55.291426,74.159022
985,4,1,2025-09-10,Germany,Slovenia,96.353776,73.786947
986,1,1,2025-09-09,Poland,Turkey,92.36611,99.881456
986,2,1,2025-09-09,Lithuania,Greece,71.298673,70.818106
986,3,1,2025-09-10,Finland,Georgia,76.970883,68.466988
986,4,1,2025-09-10,Germany,Slovenia,105.51361,91.780471
987,1,1,2025-09-09,Poland,Turkey,70.627359,76.908328
987,2,1,2025-09-09,Lithuania,Greece,86.78114,98.765688
987,3,1,2025-09-10,Finland,Georgia,81.931712,87.279849
987,4,1,2025-09-10,Germany,Slovenia,88.447439,85.202248
988,1,1,2025-09-09,Poland,Turkey,71.118532,106.71284
988,2,1,2025-09-09,Lithuania,Greece,64.005257,77.240283
988,3,1,2025-09-10,Finland,Georgia,104.02858,74.136348
988,4,1,2025-09-10,Germany,Slovenia,69.188974,98.33634
989,1,1,2025-09-09,Poland,Turkey,63.537299,77.757157
989,2,1,2025-09-09,Lithuania,Greece,100.03483,83.805838
989,3,1,2025-09-10,Finland,Georgia,77.095621,77.323043
989,4,1,2025-09-10,Germany,Slovenia,105.45095,96.265016
990,1,1,2025-09-09,Poland,Turkey,74.038826,72.95948
990,2,1,2025-09-09,Lithuania,Greece,87.286228,79.226417
990,3,1,2025-09-10,Finland,Georgia,103.30111,82.980915
990,4,1,2025-09-10,Germany,Slovenia,111.7111,91.965423
991,1,1,2025-09-09,Poland,Turkey,80.2226,87.088254
991,2,1,2025-09-09,Lithuania,Greece,90.702407,67.418542
991,3,1,2025-09-10,Finland,Georgia,87.78097,100.24172
991,4,1,2025-09-10,Germany,Slovenia,98.668553,85.884027
992,1,1,2025-09-09,Poland,Turkey,80.910045,86.253691
992,2,1,2025-09-09,Lithuania,Greece,80.608731,78.783297
992,3,1,2025-09-10,Finland,Georgia,105.54764,72.337625
992,4,1,2025-09-10,Germany,Slovenia,117.05246,101.87972
993,1,1,2025-09-09,Poland,Turkey,75.583891,79.081627
993,2,1,2025-09-09,Lithuania,Greece,80.923954,97.380767
993,3,1,2025-09-10,Finland,Georgia,95.786716,88.73099
993,4,1,2025-09-10,Germany,Slovenia,90.140951,84.309105
994,1,1,2025-09-09,Poland,Turkey,70.624229,82.986016
994,2,1,2025-09-09,Lithuania,Greece,91.558862,72.581634
994,3,1,2025-09-10,Finland,Georgia,109.53224,69.562233
994,4,1,2025-09-10,Germany,Slovenia,101.49443,87.164695
995,1,1,2025-09-09,Poland,Turkey,81.042987,78.134726
995,2,1,2025-09-09,Lithuania,Greece,103.19503,73.129516
995,3,1,2025-09-10,Finland,Georgia,85.156485,63.497392
995,4,1,2025-09-10,Germany,Slovenia,114.57188,84.984531
996,1,1,2025-09-09,Poland,Turkey,78.411184,84.162531
996,2,1,2025-09-09,Lithuania,Greece,82.595746,97.726876
996,3,1,2025-09-10,Finland,Georgia,75.479438,57.000675
996,4,1,2025-09-10,Germany,Slovenia,112.4993,73.128713
997,1,1,2025-09-09,Poland,Turkey,64.900726,92.440971
997,2,1,2025-09-09,Lithuania,Greece,81.62659,88.834311
997,3,1,2025-09-10,Finland,Georgia,93.862944,83.307045
997,4,1,2025-09-10,Germany,Slovenia,85.53156,102.03662
998,1,1,2025-09-09,Poland,Turkey,82.319269,99.00374
998,2,1,2025-09-09,Lithuania,Greece,99.875785,71.055512
998,3,1,2025-09-10,Finland,Georgia,96.282594,89.580396
998,4,1,2025-09-10,Germany,Slovenia,84.648043,68.730366
999,1,1,2025-09-09,Poland,Turkey,85.325361,93.48235
999,2,1,2025-09-09,Lithuania,Greece,84.417494,71.975396
999,3,1,2025-09-10,Finland,Georgia,68.372059,64.827225
999,4,1,2025-09-10,Germany,Slovenia,90.651955,80.173219
1000,1,1,2025-09-09,Poland,Turkey,80.099452,104.36911
1000,2,1,2025-09-09,Lithuania,Greece,91.313689,80.953193
1000,3,1,2025-09-10,Finland,Georgia,91.69339,74.105041
1000,4,1,2025-09-10,Germany,Slovenia,108.33183,88.702827
1001,1,1,2025-09-09,Poland,Turkey,57.125974,86.373237
1001,2,1,2025-09-09,Lithuania,Greece,95.328891,76.214496
1001,3,1,2025-09-10,Finland,Georgia,90.37171,60.632324
1001,4,1,2025-09-10,Germany,Slovenia,107.20894,89.100589
1002,1,1,2025-09-09,Poland,Turkey,88.858927,90.842944
1002,2,1,2025-09-09,Lithuania,Greece,90.976277,78.35049
1002,3,1,2025-09-10,Finland,Georgia,82.31848,58.221085
1002,4,1,2025-09-10,Germany,Slovenia,93.472758,91.02841
1003,1,1,2025-09-09,Poland,Turkey,78.280872,88.823322
1003,2,1,2025-09-09,Lithuania,Greece,96.066292,75.424204
1003,3,1,2025-09-10,Finland,Georgia,106.41635,84.695294
1003,4,1,2025-09-10,Germany,Slovenia,97.731764,69.259762
1004,1,1,2025-09-09,Poland,Turkey,70.692373,111.32524
1004,2,1,2025-09-09,Lithuania,Greece,98.620444,68.504685
1004,3,1,2025-09-10,Finland,Georgia,93.975608,66.929078
1004,4,1,2025-09-10,Germany,Slovenia,99.943476,104.11118
1005,1,1,2025-09-09,Poland,Turkey,80.55921,60.491112
1005,2,1,2025-09-09,Lithuania,Greece,86.511966,71.156292
1005,3,1,2025-09-10,Finland,Georgia,96.745567,93.999089
1005,4,1,2025-09-10,Germany,Slovenia,94.700052,59.677392
1006,1,1,2025-09-09,Poland,Turkey,83.935476,86.67591
1006,2,1,2025-09-09,Lithuania,Greece,97.829325,57.056656
1006,3,1,2025-09-10,Finland,Georgia,105.78499,87.205786
1006,4,1,2025-09-10,Germany,Slovenia,90.059812,70.915743
1007,1,1,2025-09-09,Poland,Turkey,68.824591,77.687663
1007,2,1,2025-09-09,Lithuania,Greece,91.199973,86.803799
1007,3,1,2025-09-10,Finland,Georgia,85.344675,71.166586
1007,4,1,2025-09-10,Germany,Slovenia,98.413163,82.334483
1008,1,1,2025-09-09,Poland,Turkey,73.189141,85.899622
1008,2,1,2025-09-09,Lithuania,Greece,84.863853,83.891572
1008,3,1,2025-09-10,Finland,Georgia,104.63774,72.695047
1008,4,1,2025-09-10,Germany,Slovenia,75.656041,76.827144
1009,1,1,2025-09-09,Poland,Turkey,79.806075,82.600031
1009,2,1,2025-09-09,Lithuania,Greece,89.905154,81.604262
1009,3,1,2025-09-10,Finland,Georgia,91.657163,79.464226
1009,4,1,2025-09-10,Germany,Slovenia,107.64613,89.64021
1010,1,1,2025-09-09,Poland,Turkey,104.70432,93.887827
1010,2,1,2025-09-09,Lithuania,Greece,95.627967,80.102784
1010,3,1,2025-09-10,Finland,Georgia,98.062337,71.357289
1010,4,1,2025-09-10,Germany,Slovenia,111.89451,87.092624
1011,1,1,2025-09-09,Poland,Turkey,74.99388,70.503584
1011,2,1,2025-09-09,Lithuania,Greece,93.964499,73.34887
1011,3,1,2025-09-10,Finland,Georgia,91.254794,86.767862
1011,4,1,2025-09-10,Germany,Slovenia,98.428027,69.79359
1012,1,1,2025-09-09,Poland,Turkey,80.468811,81.17686
1012,2,1,2025-09-09,Lithuania,Greece,102.25411,69.853582
1012,3,1,2025-09-10,Finland,Georgia,113.97083,57.973338
1012,4,1,2025-09-10,Germany,Slovenia,102.98048,88.396424
1013,1,1,2025-09-09,Poland,Turkey,72.936289,92.231942
1013,2,1,2025-09-09,Lithuania,Greece,89.069671,81.128759
1013,3,1,2025-09-10,Finland,Georgia,99.102912,77.921329
1013,4,1,2025-09-10,Germany,Slovenia,119.93139,95.122586
1014,1,1,2025-09-09,Poland,Turkey,80.615061,95.030299
1014,2,1,2025-09-09,Lithuania,Greece,85.084238,59.177987
1014,3,1,2025-09-10,Finland,Georgia,84.422003,80.376591
1014,4,1,2025-09-10,Germany,Slovenia,90.764598,87.028239
1015,1,1,2025-09-09,Poland,Turkey,104.76554,81.564645
1015,2,1,2025-09-09,Lithuania,Greece,83.019833,78.243655
1015,3,1,2025-09-10,Finland,Georgia,120.93038,90.688678
1015,4,1,2025-09-10,Germany,Slovenia,99.830311,71.452745
1016,1,1,2025-09-09,Poland,Turkey,81.527496,87.211548
1016,2,1,2025-09-09,Lithuania,Greece,95.098565,56.831423
1016,3,1,2025-09-10,Finland,Georgia,72.71263,66.269102
1016,4,1,2025-09-10,Germany,Slovenia,90.47456,85.832701
1017,1,1,2025-09-09,Poland,Turkey,97.792557,90.126143
1017,2,1,2025-09-09,Lithuania,Greece,79.963426,90.784393
1017,3,1,2025-09-10,Finland,Georgia,81.0246,72.556197
1017,4,1,2025-09-10,Germany,Slovenia,84.778468,70.839291
1018,1,1,2025-09-09,Poland,Turkey,82.960343,83.870972
1018,2,1,2025-09-09,Lithuania,Greece,92.054516,70.56588
1018,3,1,2025-09-10,Finland,Georgia,97.319415,83.917778
1018,4,1,2025-09-10,Germany,Slovenia,103.06356,81.635931
1019,1,1,2025-09-09,Poland,Turkey,65.676836,70.623499
1019,2,1,2025-09-09,Lithuania,Greece,92.093103,64.556215
1019,3,1,2025-09-10,Finland,Georgia,96.799277,76.984024
1019,4,1,2025-09-10,Germany,Slovenia,119.63024,77.104475
1020,1,1,2025-09-09,Poland,Turkey,89.77899,88.128343
1020,2,1,2025-09-09,Lithuania,Greece,104.26758,81.313602
1020,3,1,2025-09-10,Finland,Georgia,64.882024,52.077733
1020,4,1,2025-09-10,Germany,Slovenia,106.30585,96.845164
1021,1,1,2025-09-09,Poland,Turkey,75.391175,85.761793
1021,2,1,2025-09-09,Lithuania,Greece,87.687719,73.650444
1021,3,1,2025-09-10,Finland,Georgia,105.63884,67.701976
1021,4,1,2025-09-10,Germany,Slovenia,108.01705,95.776351
1022,1,1,2025-09-09,Poland,Turkey,64.088205,83.465519
1022,2,1,2025-09-09,Lithuania,Greece,78.633162,67.527659
1022,3,1,2025-09-10,Finland,Georgia,92.473958,82.390364
1022,4,1,2025-09-10,Germany,Slovenia,123.73925,92.436141
1023,1,1,2025-09-09,Poland,Turkey,69.413805,76.697485
1023,2,1,2025-09-09,Lithuania,Greece,81.368279,69.085776
1023,3,1,2025-09-10,Finland,Georgia,99.620454,84.108907
1023,4,1,2025-09-10,Germany,Slovenia,96.542906,85.669942
1024,1,1,2025-09-09,Poland,Turkey,82.009172,82.312169
1024,2,1,2025-09-09,Lithuania,Greece,78.338251,90.241477
1024,3,1,2025-09-10,Finland,Georgia,77.711695,73.588871
1024,4,1,2025-09-10,Germany,Slovenia,104.57731,89.367468
1025,1,1,2025-09-09,Poland,Turkey,60.861163,79.567002
1025,2,1,2025-09-09,Lithuania,Greece,87.259195,58.172265
1025,3,1,2025-09-10,Finland,Georgia,91.320985,74.143264
1025,4,1,2025-09-10,Germany,Slovenia,110.67669,84.879711
1026,1,1,2025-09-09,Poland,Turkey,89.477977,78.301875
1026,2,1,2025-09-09,Lithuania,Greece,86.597749,65.25364
1026,3,1,2025-09-10,Finland,Georgia,100.21137,75.308551
1026,4,1,2025-09-10,Germany,Slovenia,87.571932,88.795536
1027,1,1,2025-09-09,Poland,Turkey,71.027449,67.21285
1027,2,1,2025-09-09,Lithuania,Greece,95.427204,76.071053
1027,3,1,2025-09-10,Finland,Georgia,85.354052,76.93941
1027,4,1,2025-09-10,Germany,Slovenia,90.378594,79.83413
1028,1,1,2025-09-09,Poland,Turkey,74.447296,81.92712
1028,2,1,2025-09-09,Lithuania,Greece,85.308323,56.985919
1028,3,1,2025-09-10,Finland,Georgia,97.765561,69.389313
1028,4,1,2025-09-10,Germany,Slovenia,100.86859,90.553026
1029,1,1,2025-09-09,Poland,Turkey,80.527,77.023625
1029,2,1,2025-09-09,Lithuania,Greece,86.717622,75.93287
1029,3,1,2025-09-10,Finland,Georgia,92.419196,78.246486
1029,4,1,2025-09-10,Germany,Slovenia,120.82079,105.50127
1030,1,1,2025-09-09,Poland,Turkey,85.687166,88.927657
1030,2,1,2025-09-09,Lithuania,Greece,87.822157,80.461772
1030,3,1,2025-09-10,Finland,Georgia,100.88706,62.524628
1030,4,1,2025-09-10,Germany,Slovenia,94.828517,74.262
1031,1,1,2025-09-09,Poland,Turkey,67.378713,86.404426
1031,2,1,2025-09-09,Lithuania,Greece,88.506037,64.676162
1031,3,1,2025-09-10,Finland,Georgia,106.45322,79.58015
1031,4,1,2025-09-10,Germany,Slovenia,92.441815,97.452431
1032,1,1,2025-09-09,Poland,Turkey,76.681741,84.983002
1032,2,1,2025-09-09,Lithuania,Greece,104.15294,99.265966
1032,3,1,2025-09-10,Finland,Georgia,85.883969,79.457914
1032,4,1,2025-09-10,Germany,Slovenia,77.123095,47.222279
1033,1,1,2025-09-09,Poland,Turkey,89.983376,94.222373
1033,2,1,2025-09-09,Lithuania,Greece,97.120269,83.869371
1033,3,1,2025-09-10,Finland,Georgia,100.60811,85.195991
1033,4,1,2025-09-10,Germany,Slovenia,117.978,80.963676
1034,1,1,2025-09-09,Poland,Turkey,75.859799,94.178607
1034,2,1,2025-09-09,Lithuania,Greece,108.00557,68.853016
1034,3,1,2025-09-10,Finland,Georgia,114.17695,62.41731
1034,4,1,2025-09-10,Germany,Slovenia,99.520262,65.051336
1035,1,1,2025-09-09,Poland,Turkey,66.21666,83.996832
1035,2,1,2025-09-09,Lithuania,Greece,95.797168,86.900162
1035,3,1,2025-09-10,Finland,Georgia,112.70396,61.975226
1035,4,1,2025-09-10,Germany,Slovenia,106.20216,90.448629
1036,1,1,2025-09-09,Poland,Turkey,71.494828,96.370856
1036,2,1,2025-09-09,Lithuania,Greece,80.092433,62.998958
1036,3,1,2025-09-10,Finland,Georgia,110.38024,83.182853
1036,4,1,2025-09-10,Germany,Slovenia,113.85207,95.56694
1037,1,1,2025-09-09,Poland,Turkey,92.997607,93.986344
1037,2,1,2025-09-09,Lithuania,Greece,65.877212,71.150739
1037,3,1,2025-09-10,Finland,Georgia,112.32731,74.816292
1037,4,1,2025-09-10,Germany,Slovenia,100.92095,90.641957
1038,1,1,2025-09-09,Poland,Turkey,92.554561,78.926527
1038,2,1,2025-09-09,Lithuania,Greece,102.06366,70.297242
1038,3,1,2025-09-10,Finland,Georgia,92.696849,63.430606
1038,4,1,2025-09-10,Germany,Slovenia,92.00651,82.104894
1039,1,1,2025-09-09,Poland,Turkey,70.754654,73.747321
1039,2,1,2025-09-09,Lithuania,Greece,94.837874,82.534355
1039,3,1,2025-09-10,Finland,Georgia,94.703644,56.699417
1039,4,1,2025-09-10,Germany,Slovenia,109.1303,95.066676
1040,1,1,2025-09-09,Poland,Turkey,80.299726,81.241191
1040,2,1,2025-09-09,Lithuania,Greece,94.755608,71.12261
1040,3,1,2025-09-10,Finland,Georgia,83.650307,71.161714
1040,4,1,2025-09-10,Germany,Slovenia,99.909419,112.14344
1041,1,1,2025-09-09,Poland,Turkey,76.060881,95.85636
1041,2,1,2025-09-09,Lithuania,Greece,110.28305,71.287772
1041,3,1,2025-09-10,Finland,Georgia,86.15568,65.367324
1041,4,1,2025-09-10,Germany,Slovenia,93.350659,80.881625
1042,1,1,2025-09-09,Poland,Turkey,82.082754,84.662553
1042,2,1,2025-09-09,Lithuania,Greece,80.917461,72.274246
1042,3,1,2025-09-10,Finland,Georgia,95.637772,69.201351
1042,4,1,2025-09-10,Germany,Slovenia,103.14904,94.198019
1043,1,1,2025-09-09,Poland,Turkey,87.094948,81.635287
1043,2,1,2025-09-09,Lithuania,Greece,76.899696,64.272612
1043,3,1,2025-09-10,Finland,Georgia,82.439925,96.312257
1043,4,1,2025-09-10,Germany,Slovenia,95.306234,81.408803
1044,1,1,2025-09-09,Poland,Turkey,61.79626,95.465843
1044,2,1,2025-09-09,Lithuania,Greece,78.332933,59.650253
1044,3,1,2025-09-10,Finland,Georgia,97.977091,65.016245
1044,4,1,2025-09-10,Germany,Slovenia,120.19781,75.454408
1045,1,1,2025-09-09,Poland,Turkey,77.341908,85.634001
1045,2,1,2025-09-09,Lithuania,Greece,75.131423,80.28962
1045,3,1,2025-09-10,Finland,Georgia,97.839689,89.123856
1045,4,1,2025-09-10,Germany,Slovenia,104.67369,91.336065
1046,1,1,2025-09-09,Poland,Turkey,68.778717,87.390838
1046,2,1,2025-09-09,Lithuania,Greece,109.44859,83.168855
1046,3,1,2025-09-10,Finland,Georgia,116.87391,67.16569
1046,4,1,2025-09-10,Germany,Slovenia,134.32453,83.694479
1047,1,1,2025-09-09,Poland,Turkey,89.811207,80.682874
1047,2,1,2025-09-09,Lithuania,Greece,78.862405999999993,93.306716
1047,3,1,2025-09-10,Finland,Georgia,86.661726,73.711775
1047,4,1,2025-09-10,Germany,Slovenia,106.84614,73.097087
1048,1,1,2025-09-09,Poland,Turkey,88.812214,90.867418
1048,2,1,2025-09-09,Lithuania,Greece,78.416557,51.388088
1048,3,1,2025-09-10,Finland,Georgia,106.05153,86.608256
1048,4,1,2025-09-10,Germany,Slovenia,101.00808,84.850788
1049,1,1,2025-09-09,Poland,Turkey,93.776669,87.589705
1049,2,1,2025-09-09,Lithuania,Greece,91.685318,75.535575
1049,3,1,2025-09-10,Finland,Georgia,95.243063,65.608217
1049,4,1,2025-09-10,Germany,Slovenia,103.30396,85.384417
1050,1,1,2025-09-09,Poland,Turkey,89.558179,72.728161
1050,2,1,2025-09-09,Lithuania,Greece,93.365224,83.59082
1050,3,1,2025-09-10,Finland,Georgia,100.75765,69.892367
1050,4,1,2025-09-10,Germany,Slovenia,111.40212,74.307469
1051,1,1,2025-09-09,Poland,Turkey,81.418012,87.493387
1051,2,1,2025-09-09,Lithuania,Greece,63.742947,70.042093
1051,3,1,2025-09-10,Finland,Georgia,94.501831,84.770525
1051,4,1,2025-09-10,Germany,Slovenia,111.18774,73.836365
1052,1,1,2025-09-09,Poland,Turkey,75.333639,106.28178
1052,2,1,2025-09-09,Lithuania,Greece,84.486925,81.716658
1052,3,1,2025-09-10,Finland,Georgia,103.4333,78.808617
1052,4,1,2025-09-10,Germany,Slovenia,110.09949,86.894951
1053,1,1,2025-09-09,Poland,Turkey,72.422467,87.010591
1053,2,1,2025-09-09,Lithuania,Greece,86.294272,79.6532
1053,3,1,2025-09-10,Finland,Georgia,75.819784,72.052505
1053,4,1,2025-09-10,Germany,Slovenia,113.27508,102.63875
1054,1,1,2025-09-09,Poland,Turkey,71.298676,71.974479
1054,2,1,2025-09-09,Lithuania,Greece,87.80335,90.848428
1054,3,1,2025-09-10,Finland,Georgia,78.681792,48.445177
1054,4,1,2025-09-10,Germany,Slovenia,107.12221,84.94306
1055,1,1,2025-09-09,Poland,Turkey,83.757557,75.621132
1055,2,1,2025-09-09,Lithuania,Greece,87.584372,71.978012
1055,3,1,2025-09-10,Finland,Georgia,105.83716,109.28379
1055,4,1,2025-09-10,Germany,Slovenia,110.97692,84.205782
1056,1,1,2025-09-09,Poland,Turkey,70.89636,97.517261
1056,2,1,2025-09-09,Lithuania,Greece,86.213363,58.39098
1056,3,1,2025-09-10,Finland,Georgia,87.587431,74.708817
1056,4,1,2025-09-10,Germany,Slovenia,88.691382,90.876913
1057,1,1,2025-09-09,Poland,Turkey,84.474226,64.590575
1057,2,1,2025-09-09,Lithuania,Greece,100.51245,72.39705
1057,3,1,2025-09-10,Finland,Georgia,74.94327,70.837319
1057,4,1,2025-09-10,Germany,Slovenia,98.300426,87.536318
1058,1,1,2025-09-09,Poland,Turkey,86.557513,99.354818
1058,2,1,2025-09-09,Lithuania,Greece,92.721436,74.230918
1058,3,1,2025-09-10,Finland,Georgia,91.691545,60.225372
1058,4,1,2025-09-10,Germany,Slovenia,101.22954,84.060917
1059,1,1,2025-09-09,Poland,Turkey,90.84953,74.919102
1059,2,1,2025-09-09,Lithuania,Greece,90.48895,78.429923
1059,3,1,2025-09-10,Finland,Georgia,87.574289,88.580316
1059,4,1,2025-09-10,Germany,Slovenia,103.68908,86.834808
1060,1,1,2025-09-09,Poland,Turkey,73.48386,111.03601
1060,2,1,2025-09-09,Lithuania,Greece,109.54889,86.776027
1060,3,1,2025-09-10,Finland,Georgia,109.31735,75.499876
1060,4,1,2025-09-10,Germany,Slovenia,114.93497,86.02976
1061,1,1,2025-09-09,Poland,Turkey,71.916832,82.126464
1061,2,1,2025-09-09,Lithuania,Greece,84.149499,80.548472
1061,3,1,2025-09-10,Finland,Georgia,103.62534,79.243107
1061,4,1,2025-09-10,Germany,Slovenia,93.380757,92.956677
1062,1,1,2025-09-09,Poland,Turkey,79.163654,80.715952
1062,2,1,2025-09-09,Lithuania,Greece,128.02032,95.178325
1062,3,1,2025-09-10,Finland,Georgia,93.811678,91.147828
1062,4,1,2025-09-10,Germany,Slovenia,95.164672,88.212766
1063,1,1,2025-09-09,Poland,Turkey,72.436323,85.592569
1063,2,1,2025-09-09,Lithuania,Greece,95.344586,67.651064
1063,3,1,2025-09-10,Finland,Georgia,90.955109,70.237712
1063,4,1,2025-09-10,Germany,Slovenia,111.48823,78.303215
1064,1,1,2025-09-09,Poland,Turkey,61.762608,78.14014
1064,2,1,2025-09-09,Lithuania,Greece,76.011567,71.401773
1064,3,1,2025-09-10,Finland,Georgia,96.990168,75.239431
1064,4,1,2025-09-10,Germany,Slovenia,98.925558,93.54882
1065,1,1,2025-09-09,Poland,Turkey,62.520469,91.880624
1065,2,1,2025-09-09,Lithuania,Greece,76.246212,96.736636
1065,3,1,2025-09-10,Finland,Georgia,94.227174,63.580527
1065,4,1,2025-09-10,Germany,Slovenia,109.56326,85.071549
1066,1,1,2025-09-09,Poland,Turkey,76.558454,86.640264
1066,2,1,2025-09-09,Lithuania,Greece,85.104639,71.118172
1066,3,1,2025-09-10,Finland,Georgia,92.442885,75.147485
1066,4,1,2025-09-10,Germany,Slovenia,97.650177,76.809572
1067,1,1,2025-09-09,Poland,Turkey,82.46869,84.149988
1067,2,1,2025-09-09,Lithuania,Greece,80.713104,80.141268
1067,3,1,2025-09-10,Finland,Georgia,113.44666,70.258739
1067,4,1,2025-09-10,Germany,Slovenia,103.51287,78.706667
1068,1,1,2025-09-09,Poland,Turkey,83.635647,92.21123
1068,2,1,2025-09-09,Lithuania,Greece,74.245629,74.125507
1068,3,1,2025-09-10,Finland,Georgia,82.281132,67.058261
1068,4,1,2025-09-10,Germany,Slovenia,104.65213,61.158456
1069,1,1,2025-09-09,Poland,Turkey,84.715925,84.131219
1069,2,1,2025-09-09,Lithuania,Greece,93.821699,69.642781
1069,3,1,2025-09-10,Finland,Georgia,95.921613,71.623726
1069,4,1,2025-09-10,Germany,Slovenia,98.752792,91.552319
1070,1,1,2025-09-09,Poland,Turkey,74.685352,100.4
1070,2,1,2025-09-09,Lithuania,Greece,77.138477,82.48406
1070,3,1,2025-09-10,Finland,Georgia,71.735828,46.881039
1070,4,1,2025-09-10,Germany,Slovenia,96.817823,90.271921
1071,1,1,2025-09-09,Poland,Turkey,56.784229,84.241723
1071,2,1,2025-09-09,Lithuania,Greece,87.054601,75.734033
1071,3,1,2025-09-10,Finland,Georgia,84.630871,76.327041
1071,4,1,2025-09-10,Germany,Slovenia,115.17984,95.586629
1072,1,1,2025-09-09,Poland,Turkey,67.749509,78.760448
1072,2,1,2025-09-09,Lithuania,Greece,84.597874,77.789041
1072,3,1,2025-09-10,Finland,Georgia,107.80314,90.961334
1072,4,1,2025-09-10,Germany,Slovenia,80.254891,88.921901
1073,1,1,2025-09-09,Poland,Turkey,83.017583,86.002224
1073,2,1,2025-09-09,Lithuania,Greece,81.562629,51.62466
1073,3,1,2025-09-10,Finland,Georgia,106.49768,98.566824
1073,4,1,2025-09-10,Germany,Slovenia,114.24913,92.586218
1074,1,1,2025-09-09,Poland,Turkey,70.009387,93.888313
1074,2,1,2025-09-09,Lithuania,Greece,87.055077,69.743837
1074,3,1,2025-09-10,Finland,Georgia,90.676983,68.506825
1074,4,1,2025-09-10,Germany,Slovenia,91.691739,84.901012
1075,1,1,2025-09-09,Poland,Turkey,80.02165,79.259122
1075,2,1,2025-09-09,Lithuania,Greece,100.64329,56.671128
1075,3,1,2025-09-10,Finland,Georgia,95.387785,74.078008
1075,4,1,2025-09-10,Germany,Slovenia,103.84189,101.93406
1076,1,1,2025-09-09,Poland,Turkey,88.765751,69.965523
1076,2,1,2025-09-09,Lithuania,Greece,93.56737,82.797792
1076,3,1,2025-09-10,Finland,Georgia,82.117415,79.009751
1076,4,1,2025-09-10,Germany,Slovenia,121.69194,87.803189
1077,1,1,2025-09-09,Poland,Turkey,78.735846,83.074934
1077,2,1,2025-09-09,Lithuania,Greece,68.834489,73.354402
1077,3,1,2025-09-10,Finland,Georgia,94.537379,76.701467
1077,4,1,2025-09-10,Germany,Slovenia,97.649967,80.604953
1078,1,1,2025-09-09,Poland,Turkey,71.092395,95.277687
1078,2,1,2025-09-09,Lithuania,Greece,91.237737,74.992224
1078,3,1,2025-09-10,Finland,Georgia,83.089658,77.858256
1078,4,1,2025-09-10,Germany,Slovenia,105.11341,84.176252
1079,1,1,2025-09-09,Poland,Turkey,79.985869,79.532874
1079,2,1,2025-09-09,Lithuania,Greece,101.01426,74.82611
1079,3,1,2025-09-10,Finland,Georgia,95.806436,71.091335
1079,4,1,2025-09-10,Germany,Slovenia,115.2753,81.656934
1080,1,1,2025-09-09,Poland,Turkey,82.44741,76.132279
1080,2,1,2025-09-09,Lithuania,Greece,79.557978,66.445801
1080,3,1,2025-09-10,Finland,Georgia,110.4558,64.041512
1080,4,1,2025-09-10,Germany,Slovenia,101.41885,76.949078
1081,1,1,2025-09-09,Poland,Turkey,91.379139,88.943465
1081,2,1,2025-09-09,Lithuania,Greece,104.29014,85.380014
1081,3,1,2025-09-10,Finland,Georgia,116.72751,67.339414
1081,4,1,2025-09-10,Germany,Slovenia,100.75965,73.740557
1082,1,1,2025-09-09,Poland,Turkey,58.904567,65.868077
1082,2,1,2025-09-09,Lithuania,Greece,80.438436,85.66807
1082,3,1,2025-09-10,Finland,Georgia,89.63444,85.820546
1082,4,1,2025-09-10,Germany,Slovenia,99.665134,78.26737
1083,1,1,2025-09-09,Poland,Turkey,74.024779,71.001292
1083,2,1,2025-09-09,Lithuania,Greece,104.19199,72.126544
1083,3,1,2025-09-10,Finland,Georgia,86.385527,83.070472
1083,4,1,2025-09-10,Germany,Slovenia,110.29624,84.016688
1084,1,1,2025-09-09,Poland,Turkey,78.982058,80.254687
1084,2,1,2025-09-09,Lithuania,Greece,112.90107,63.278671
1084,3,1,2025-09-10,Finland,Georgia,97.996345,85.049878
1084,4,1,2025-09-10,Germany,Slovenia,101.27057,71.445198
1085,1,1,2025-09-09,Poland,Turkey,91.675213,84.548025
1085,2,1,2025-09-09,Lithuania,Greece,73.887798,77.878485
1085,3,1,2025-09-10,Finland,Georgia,110.22588,72.97023
1085,4,1,2025-09-10,Germany,Slovenia,95.340217,72.822876
1086,1,1,2025-09-09,Poland,Turkey,79.171539,80.057691
1086,2,1,2025-09-09,Lithuania,Greece,86.442331,85.536125
1086,3,1,2025-09-10,Finland,Georgia,77.017837,58.167025
1086,4,1,2025-09-10,Germany,Slovenia,103.24119,89.379522
1087,1,1,2025-09-09,Poland,Turkey,59.14277,72.845629
1087,2,1,2025-09-09,Lithuania,Greece,103.63378,98.409007
1087,3,1,2025-09-10,Finland,Georgia,106.44595,68.780382
1087,4,1,2025-09-10,Germany,Slovenia,91.34845,90.605582
1088,1,1,2025-09-09,Poland,Turkey,80.086885,92.650924
1088,2,1,2025-09-09,Lithuania,Greece,71.990861,84.825198
1088,3,1,2025-09-10,Finland,Georgia,86.431841,79.178051
1088,4,1,2025-09-10,Germany,Slovenia,100.03763,88.480542
1089,1,1,2025-09-09,Poland,Turkey,72.034695,74.539231
1089,2,1,2025-09-09,Lithuania,Greece,92.676239,83.118771
1089,3,1,2025-09-10,Finland,Georgia,82.14729,84.407182
1089,4,1,2025-09-10,Germany,Slovenia,110.19257,92.643374
1090,1,1,2025-09-09,Poland,Turkey,79.858387,97.646494
1090,2,1,2025-09-09,Lithuania,Greece,87.948378,78.107559
1090,3,1,2025-09-10,Finland,Georgia,83.829205,67.468743
1090,4,1,2025-09-10,Germany,Slovenia,107.82362,81.069212
1091,1,1,2025-09-09,Poland,Turkey,54.137143,75.340892
1091,2,1,2025-09-09,Lithuania,Greece,87.892013,74.378065
1091,3,1,2025-09-10,Finland,Georgia,104.11051,78.202663
1091,4,1,2025-09-10,Germany,Slovenia,119.26644,94.232342
1092,1,1,2025-09-09,Poland,Turkey,84.96612,79.140867
1092,2,1,2025-09-09,Lithuania,Greece,61.607233,67.313567
1092,3,1,2025-09-10,Finland,Georgia,91.150581,62.648661
1092,4,1,2025-09-10,Germany,Slovenia,88.363252,77.304664
1093,1,1,2025-09-09,Poland,Turkey,110.34549,108.46262
1093,2,1,2025-09-09,Lithuania,Greece,86.393882,68.923707
1093,3,1,2025-09-10,Finland,Georgia,102.63604,73.035039
1093,4,1,2025-09-10,Germany,Slovenia,104.5448,84.583712
1094,1,1,2025-09-09,Poland,Turkey,64.176197,86.813467
1094,2,1,2025-09-09,Lithuania,Greece,87.910869,83.975626
1094,3,1,2025-09-10,Finland,Georgia,85.61366,65.52446
1094,4,1,2025-09-10,Germany,Slovenia,86.126169,71.239169
1095,1,1,2025-09-09,Poland,Turkey,89.543892,86.231919
1095,2,1,2025-09-09,Lithuania,Greece,87.805937,76.936041
1095,3,1,2025-09-10,Finland,Georgia,105.54301,83.28406
1095,4,1,2025-09-10,Germany,Slovenia,128.26911,80.790102
1096,1,1,2025-09-09,Poland,Turkey,68.512111,90.778738
1096,2,1,2025-09-09,Lithuania,Greece,74.113724,86.914822
1096,3,1,2025-09-10,Finland,Georgia,90.688137,69.854033
1096,4,1,2025-09-10,Germany,Slovenia,109.29013,90.689225
1097,1,1,2025-09-09,Poland,Turkey,74.553775,85.178652
1097,2,1,2025-09-09,Lithuania,Greece,63.121907,84.450693
1097,3,1,2025-09-10,Finland,Georgia,114.45761,65.352138
1097,4,1,2025-09-10,Germany,Slovenia,102.67612,100.00512
1098,1,1,2025-09-09,Poland,Turkey,62.667903,84.602416
1098,2,1,2025-09-09,Lithuania,Greece,90.13118,52.110496
1098,3,1,2025-09-10,Finland,Georgia,91.006628,61.197419
1098,4,1,2025-09-10,Germany,Slovenia,107.00889,81.235108
1099,1,1,2025-09-09,Poland,Turkey,78.970464,69.828267
1099,2,1,2025-09-09,Lithuania,Greece,101.49036,84.787279
1099,3,1,2025-09-10,Finland,Georgia,97.644661,50.038117
1099,4,1,2025-09-10,Germany,Slovenia,82.715988,85.967874
1100,1,1,2025-09-09,Poland,Turkey,68.532157,95.293786
1100,2,1,2025-09-09,Lithuania,Greece,105.0641,94.116764
1100,3,1,2025-09-10,Finland,Georgia,68.941065,61.112621
1100,4,1,2025-09-10,Germany,Slovenia,105.70802,90.875769
1101,1,1,2025-09-09,Poland,Turkey,80.976618,102.14573
1101,2,1,2025-09-09,Lithuania,Greece,87.833561,101.73169
1101,3,1,2025-09-10,Finland,Georgia,93.057435,74.468111
1101,4,1,2025-09-10,Germany,Slovenia,86.498529,112.50201
1102,1,1,2025-09-09,Poland,Turkey,102.26046,93.189891
1102,2,1,2025-09-09,Lithuania,Greece,95.833466,70.585285
1102,3,1,2025-09-10,Finland,Georgia,92.414308,71.156569
1102,4,1,2025-09-10,Germany,Slovenia,119.71045,76.610064
1103,1,1,2025-09-09,Poland,Turkey,81.773852,84.923569
1103,2,1,2025-09-09,Lithuania,Greece,93.577977,94.90387
1103,3,1,2025-09-10,Finland,Georgia,112.55063,75.058868
1103,4,1,2025-09-10,Germany,Slovenia,100.96714,82.500322
1104,1,1,2025-09-09,Poland,Turkey,90.050475,102.25151
1104,2,1,2025-09-09,Lithuania,Greece,89.716051,82.062711
1104,3,1,2025-09-10,Finland,Georgia,88.869771,72.181876
1104,4,1,2025-09-10,Germany,Slovenia,100.7623,72.810915
1105,1,1,2025-09-09,Poland,Turkey,88.378981,80.478527
1105,2,1,2025-09-09,Lithuania,Greece,75.904178,85.883381
1105,3,1,2025-09-10,Finland,Georgia,106.6869,61.560178
1105,4,1,2025-09-10,Germany,Slovenia,97.290857,95.654329
1106,1,1,2025-09-09,Poland,Turkey,72.213259,83.181135
1106,2,1,2025-09-09,Lithuania,Greece,64.269241,87.025239
1106,3,1,2025-09-10,Finland,Georgia,96.301237,99.922658
1106,4,1,2025-09-10,Germany,Slovenia,122.8476,85.66998
1107,1,1,2025-09-09,Poland,Turkey,71.794572,87.167979
1107,2,1,2025-09-09,Lithuania,Greece,90.187544,60.561964
1107,3,1,2025-09-10,Finland,Georgia,90.321583,63.59096
1107,4,1,2025-09-10,Germany,Slovenia,96.539269,80.367716
1108,1,1,2025-09-09,Poland,Turkey,67.685416,91.877336
1108,2,1,2025-09-09,Lithuania,Greece,85.389793,58.422684
1108,3,1,2025-09-10,Finland,Georgia,107.12675,104.83412
1108,4,1,2025-09-10,Germany,Slovenia,93.010129,78.356258
1109,1,1,2025-09-09,Poland,Turkey,89.564631,71.768474
1109,2,1,2025-09-09,Lithuania,Greece,86.441951,72.902721
1109,3,1,2025-09-10,Finland,Georgia,103.04646,71.375418
1109,4,1,2025-09-10,Germany,Slovenia,116.15393,90.025444
1110,1,1,2025-09-09,Poland,Turkey,66.806751,82.638965
1110,2,1,2025-09-09,Lithuania,Greece,72.562429,63.617566
1110,3,1,2025-09-10,Finland,Georgia,102.76821,78.33247
1110,4,1,2025-09-10,Germany,Slovenia,90.703476,87.425182
1111,1,1,2025-09-09,Poland,Turkey,69.845344,73.055828
1111,2,1,2025-09-09,Lithuania,Greece,82.218624,65.73205
1111,3,1,2025-09-10,Finland,Georgia,92.134492,80.12176
1111,4,1,2025-09-10,Germany,Slovenia,108.47665,66.960837
1112,1,1,2025-09-09,Poland,Turkey,75.86086,108.78364
1112,2,1,2025-09-09,Lithuania,Greece,90.651122,77.746401
1112,3,1,2025-09-10,Finland,Georgia,85.666388,91.797024
1112,4,1,2025-09-10,Germany,Slovenia,101.02718,81.330732
1113,1,1,2025-09-09,Poland,Turkey,78.025827,102.46381
1113,2,1,2025-09-09,Lithuania,Greece,97.441415,68.286486
1113,3,1,2025-09-10,Finland,Georgia,109.16523,62.496324
1113,4,1,2025-09-10,Germany,Slovenia,127.18704,74.761266
1114,1,1,2025-09-09,Poland,Turkey,80.243348,70.814245
1114,2,1,2025-09-09,Lithuania,Greece,79.102585,75.99677
1114,3,1,2025-09-10,Finland,Georgia,84.778643,64.609861
1114,4,1,2025-09-10,Germany,Slovenia,114.67905,106.8484
1115,1,1,2025-09-09,Poland,Turkey,60.334514,84.6494
1115,2,1,2025-09-09,Lithuania,Greece,80.604361,62.653038
1115,3,1,2025-09-10,Finland,Georgia,90.679586,67.325639
1115,4,1,2025-09-10,Germany,Slovenia,104.82865,77.526622
1116,1,1,2025-09-09,Poland,Turkey,80.447589,85.788526
1116,2,1,2025-09-09,Lithuania,Greece,75.425623,86.352661
1116,3,1,2025-09-10,Finland,Georgia,106.83609,79.112452
1116,4,1,2025-09-10,Germany,Slovenia,96.836733,86.11806
1117,1,1,2025-09-09,Poland,Turkey,83.170118,93.580246
1117,2,1,2025-09-09,Lithuania,Greece,94.201185,76.209225
1117,3,1,2025-09-10,Finland,Georgia,103.81575,69.883847
1117,4,1,2025-09-10,Germany,Slovenia,103.84815,89.700506
1118,1,1,2025-09-09,Poland,Turkey,89.441715,78.846497
1118,2,1,2025-09-09,Lithuania,Greece,78.472912,78.325329
1118,3,1,2025-09-10,Finland,Georgia,88.425359,81.904276
1118,4,1,2025-09-10,Germany,Slovenia,105.71527,71.818112
1119,1,1,2025-09-09,Poland,Turkey,76.682053,78.379222
1119,2,1,2025-09-09,Lithuania,Greece,90.198309,72.97735
1119,3,1,2025-09-10,Finland,Georgia,94.259291,60.607023
1119,4,1,2025-09-10,Germany,Slovenia,96.955337,83.860751
1120,1,1,2025-09-09,Poland,Turkey,75.93815,80.730092
1120,2,1,2025-09-09,Lithuania,Greece,94.63762,79.308326
1120,3,1,2025-09-10,Finland,Georgia,95.178639,60.35151
1120,4,1,2025-09-10,Germany,Slovenia,112.00423,85.283893
1121,1,1,2025-09-09,Poland,Turkey,60.895714,83.925389
1121,2,1,2025-09-09,Lithuania,Greece,79.242956,67.134249
1121,3,1,2025-09-10,Finland,Georgia,96.107141,96.0673
1121,4,1,2025-09-10,Germany,Slovenia,108.72831,77.160693
1122,1,1,2025-09-09,Poland,Turkey,74.682645,85.84138
1122,2,1,2025-09-09,Lithuania,Greece,91.968512,81.267043
1122,3,1,2025-09-10,Finland,Georgia,88.399737,70.56303
1122,4,1,2025-09-10,Germany,Slovenia,117.12202,97.310038
1123,1,1,2025-09-09,Poland,Turkey,84.484898,97.785725
1123,2,1,2025-09-09,Lithuania,Greece,73.948785,87.854278
1123,3,1,2025-09-10,Finland,Georgia,87.361749,74.077047
1123,4,1,2025-09-10,Germany,Slovenia,105.95359,87.255746
1124,1,1,2025-09-09,Poland,Turkey,73.784087,77.604169
1124,2,1,2025-09-09,Lithuania,Greece,98.487684,77.94834
1124,3,1,2025-09-10,Finland,Georgia,84.55888,72.435095
1124,4,1,2025-09-10,Germany,Slovenia,113.04651,75.344313
1125,1,1,2025-09-09,Poland,Turkey,68.31922,81.395002
1125,2,1,2025-09-09,Lithuania,Greece,72.668432,67.154968
1125,3,1,2025-09-10,Finland,Georgia,99.997803,65.766707
1125,4,1,2025-09-10,Germany,Slovenia,101.02491,85.140622
1126,1,1,2025-09-09,Poland,Turkey,81.403387,95.035586
1126,2,1,2025-09-09,Lithuania,Greece,99.042326,65.041247
1126,3,1,2025-09-10,Finland,Georgia,89.454049,57.913102
1126,4,1,2025-09-10,Germany,Slovenia,96.726075,86.330554
1127,1,1,2025-09-09,Poland,Turkey,73.676969,76.686003
1127,2,1,2025-09-09,Lithuania,Greece,74.723645,33.237778
1127,3,1,2025-09-10,Finland,Georgia,103.08478,79.324785
1127,4,1,2025-09-10,Germany,Slovenia,99.179427,89.950592
1128,1,1,2025-09-09,Poland,Turkey,74.724246,90.489282
1128,2,1,2025-09-09,Lithuania,Greece,92.581594,72.212186
1128,3,1,2025-09-10,Finland,Georgia,94.62628,67.123129
1128,4,1,2025-09-10,Germany,Slovenia,90.764992,84.871383
1129,1,1,2025-09-09,Poland,Turkey,83.566358,84.195719
1129,2,1,2025-09-09,Lithuania,Greece,53.643364,65.01348
1129,3,1,2025-09-10,Finland,Georgia,116.49744,77.911464
1129,4,1,2025-09-10,Germany,Slovenia,118.92799,87.360767
1130,1,1,2025-09-09,Poland,Turkey,67.736329,80.074706
1130,2,1,2025-09-09,Lithuania,Greece,101.71531,70.43253
1130,3,1,2025-09-10,Finland,Georgia,82.2125,64.9211
1130,4,1,2025-09-10,Germany,Slovenia,100.59373,78.374136
1131,1,1,2025-09-09,Poland,Turkey,77.007017,60.771337
1131,2,1,2025-09-09,Lithuania,Greece,92.939046,96.969865
1131,3,1,2025-09-10,Finland,Georgia,89.381379,65.34106
1131,4,1,2025-09-10,Germany,Slovenia,103.29018,90.630103
1132,1,1,2025-09-09,Poland,Turkey,64.333639,83.751134
1132,2,1,2025-09-09,Lithuania,Greece,87.060083,100.11391
1132,3,1,2025-09-10,Finland,Georgia,97.659907,49.85917
1132,4,1,2025-09-10,Germany,Slovenia,110.31182,86.0268
1133,1,1,2025-09-09,Poland,Turkey,75.581306,98.792077
1133,2,1,2025-09-09,Lithuania,Greece,91.8317,79.408001
1133,3,1,2025-09-10,Finland,Georgia,101.61529,79.125738
1133,4,1,2025-09-10,Germany,Slovenia,105.1825,90.602712
1134,1,1,2025-09-09,Poland,Turkey,83.805816,83.479899
1134,2,1,2025-09-09,Lithuania,Greece,87.589947,85.292766
1134,3,1,2025-09-10,Finland,Georgia,81.582499,71.610402
1134,4,1,2025-09-10,Germany,Slovenia,93.560185,98.874516
1135,1,1,2025-09-09,Poland,Turkey,69.214195,69.195453
1135,2,1,2025-09-09,Lithuania,Greece,86.79218,71.791314
1135,3,1,2025-09-10,Finland,Georgia,96.547239,71.117482
1135,4,1,2025-09-10,Germany,Slovenia,107.54697,99.265993
1136,1,1,2025-09-09,Poland,Turkey,83.220218,106.15009
1136,2,1,2025-09-09,Lithuania,Greece,81.788847,61.607042
1136,3,1,2025-09-10,Finland,Georgia,113.98766,81.284384
1136,4,1,2025-09-10,Germany,Slovenia,101.56034,89.943578
1137,1,1,2025-09-09,Poland,Turkey,72.351536,80.665703
1137,2,1,2025-09-09,Lithuania,Greece,107.77815,98.241901
1137,3,1,2025-09-10,Finland,Georgia,90.868676,85.387841
1137,4,1,2025-09-10,Germany,Slovenia,110.68254,105.0536
1138,1,1,2025-09-09,Poland,Turkey,79.890991,79.577006
1138,2,1,2025-09-09,Lithuania,Greece,84.694677,80.270185
1138,3,1,2025-09-10,Finland,Georgia,98.072833,69.364162
1138,4,1,2025-09-10,Germany,Slovenia,99.753148,100.24036
1139,1,1,2025-09-09,Poland,Turkey,65.694382,91.533491
1139,2,1,2025-09-09,Lithuania,Greece,99.833821,70.857252
1139,3,1,2025-09-10,Finland,Georgia,106.02341,45.494565
1139,4,1,2025-09-10,Germany,Slovenia,92.430844,100.22746
1140,1,1,2025-09-09,Poland,Turkey,67.601967,108.49135
1140,2,1,2025-09-09,Lithuania,Greece,89.079308,77.627447
1140,3,1,2025-09-10,Finland,Georgia,95.709669,80.779196
1140,4,1,2025-09-10,Germany,Slovenia,118.52575,74.810149
1141,1,1,2025-09-09,Poland,Turkey,78.864424,74.743186
1141,2,1,2025-09-09,Lithuania,Greece,80.733006,79.079483
1141,3,1,2025-09-10,Finland,Georgia,87.463955,96.501059
1141,4,1,2025-09-10,Germany,Slovenia,94.144894,94.474336
1142,1,1,2025-09-09,Poland,Turkey,77.868393,85.922939
1142,2,1,2025-09-09,Lithuania,Greece,83.255453,72.721048
1142,3,1,2025-09-10,Finland,Georgia,125.81648,87.332495
1142,4,1,2025-09-10,Germany,Slovenia,99.649428,82.690849
1143,1,1,2025-09-09,Poland,Turkey,80.672282,94.59577
1143,2,1,2025-09-09,Lithuania,Greece,80.194564,80.305986
1143,3,1,2025-09-10,Finland,Georgia,86.777959,70.029059
1143,4,1,2025-09-10,Germany,Slovenia,98.610585,99.141877
1144,1,1,2025-09-09,Poland,Turkey,83.723783,75.019533
1144,2,1,2025-09-09,Lithuania,Greece,74.795278,52.876437
1144,3,1,2025-09-10,Finland,Georgia,102.92315,94.777549
1144,4,1,2025-09-10,Germany,Slovenia,107.42984,79.619889
1145,1,1,2025-09-09,Poland,Turkey,63.925373,85.425057
1145,2,1,2025-09-09,Lithuania,Greece,79.355478,62.000564
1145,3,1,2025-09-10,Finland,Georgia,95.399481,81.544537
1145,4,1,2025-09-10,Germany,Slovenia,89.600297,73.000051
1146,1,1,2025-09-09,Poland,Turkey,44.748808,100.59934
1146,2,1,2025-09-09,Lithuania,Greece,74.510597,87.608065
1146,3,1,2025-09-10,Finland,Georgia,106.91103,71.827111
1146,4,1,2025-09-10,Germany,Slovenia,94.809675,79.979966
1147,1,1,2025-09-09,Poland,Turkey,65.757504,58.88646
1147,2,1,2025-09-09,Lithuania,Greece,80.712291,84.671367
1147,3,1,2025-09-10,Finland,Georgia,91.882217,69.422545
1147,4,1,2025-09-10,Germany,Slovenia,105.78827,81.14834
1148,1,1,2025-09-09,Poland,Turkey,70.74606,100.93527
1148,2,1,2025-09-09,Lithuania,Greece,81.65439,56.263187
1148,3,1,2025-09-10,Finland,Georgia,91.707982,92.618534
1148,4,1,2025-09-10,Germany,Slovenia,93.495546,81.239503
1149,1,1,2025-09-09,Poland,Turkey,109.70178,103.91796
1149,2,1,2025-09-09,Lithuania,Greece,88.630124,68.11796
1149,3,1,2025-09-10,Finland,Georgia,94.333142,79.619302
1149,4,1,2025-09-10,Germany,Slovenia,105.63775,78.80586
1150,1,1,2025-09-09,Poland,Turkey,69.208211,86.42639
1150,2,1,2025-09-09,Lithuania,Greece,87.49684,66.545162
1150,3,1,2025-09-10,Finland,Georgia,97.378878,62.295375
1150,4,1,2025-09-10,Germany,Slovenia,114.73193,85.309387
1151,1,1,2025-09-09,Poland,Turkey,79.108784,83.151205
1151,2,1,2025-09-09,Lithuania,Greece,99.636044,94.889345
1151,3,1,2025-09-10,Finland,Georgia,101.73299,81.665336
1151,4,1,2025-09-10,Germany,Slovenia,107.95688,87.223528
1152,1,1,2025-09-09,Poland,Turkey,70.316173,86.441401
1152,2,1,2025-09-09,Lithuania,Greece,90.233198,70.990377
1152,3,1,2025-09-10,Finland,Georgia,95.467738,52.236212
1152,4,1,2025-09-10,Germany,Slovenia,106.6382,86.286866
1153,1,1,2025-09-09,Poland,Turkey,80.575747,87.214471
1153,2,1,2025-09-09,Lithuania,Greece,75.617003,70.774487
1153,3,1,2025-09-10,Finland,Georgia,101.81441,84.877847
1153,4,1,2025-09-10,Germany,Slovenia,111.83295,85.421217
1154,1,1,2025-09-09,Poland,Turkey,68.974235,90.72048
1154,2,1,2025-09-09,Lithuania,Greece,83.61654,81.692511
1154,3,1,2025-09-10,Finland,Georgia,83.188933,75.00013
1154,4,1,2025-09-10,Germany,Slovenia,102.4125,86.770269
1155,1,1,2025-09-09,Poland,Turkey,62.554155,98.842516
1155,2,1,2025-09-09,Lithuania,Greece,86.953312,82.89019
1155,3,1,2025-09-10,Finland,Georgia,81.676303,68.280203
1155,4,1,2025-09-10,Germany,Slovenia,94.698808,86.522083
1156,1,1,2025-09-09,Poland,Turkey,74.338684,103.72971
1156,2,1,2025-09-09,Lithuania,Greece,87.056747,97.748453
1156,3,1,2025-09-10,Finland,Georgia,88.354438,73.687035
1156,4,1,2025-09-10,Germany,Slovenia,90.436123,83.023479
1157,1,1,2025-09-09,Poland,Turkey,76.23152,82.893316
1157,2,1,2025-09-09,Lithuania,Greece,75.54432,75.234339
1157,3,1,2025-09-10,Finland,Georgia,110.01964,90.138127
1157,4,1,2025-09-10,Germany,Slovenia,100.54161,106.38054
1158,1,1,2025-09-09,Poland,Turkey,85.982633,96.569666
1158,2,1,2025-09-09,Lithuania,Greece,94.877239,85.816745
1158,3,1,2025-09-10,Finland,Georgia,124.56019,92.837379
1158,4,1,2025-09-10,Germany,Slovenia,86.319174,81.071432
1159,1,1,2025-09-09,Poland,Turkey,68.085851,81.187874
1159,2,1,2025-09-09,Lithuania,Greece,93.290545,75.935094
1159,3,1,2025-09-10,Finland,Georgia,89.399785,87.764065
1159,4,1,2025-09-10,Germany,Slovenia,110.74409,82.833557
1160,1,1,2025-09-09,Poland,Turkey,87.006465,86.561834
1160,2,1,2025-09-09,Lithuania,Greece,88.588361,80.980102
1160,3,1,2025-09-10,Finland,Georgia,81.340324,60.907562
1160,4,1,2025-09-10,Germany,Slovenia,99.388199,90.154076
1161,1,1,2025-09-09,Poland,Turkey,66.383491,99.63357
1161,2,1,2025-09-09,Lithuania,Greece,82.088356,71.431505
1161,3,1,2025-09-10,Finland,Georgia,100.63773,68.110648
1161,4,1,2025-09-10,Germany,Slovenia,99.122231,89.220089
1162,1,1,2025-09-09,Poland,Turkey,67.967301,69.64238
1162,2,1,2025-09-09,Lithuania,Greece,91.993913,75.070892
1162,3,1,2025-09-10,Finland,Georgia,117.72035,84.272481
1162,4,1,2025-09-10,Germany,Slovenia,103.65857,85.076782
1163,1,1,2025-09-09,Poland,Turkey,73.821302,104.18841
1163,2,1,2025-09-09,Lithuania,Greece,90.547734,82.935578
1163,3,1,2025-09-10,Finland,Georgia,113.64371,74.620135
1163,4,1,2025-09-10,Germany,Slovenia,101.11487,90.635747
1164,1,1,2025-09-09,Poland,Turkey,76.79193,95.042813
1164,2,1,2025-09-09,Lithuania,Greece,79.928088,59.178042
1164,3,1,2025-09-10,Finland,Georgia,77.314801,74.475239
1164,4,1,2025-09-10,Germany,Slovenia,105.22768,83.990753
1165,1,1,2025-09-09,Poland,Turkey,79.794273,65.599683
1165,2,1,2025-09-09,Lithuania,Greece,105.65242,82.611965
1165,3,1,2025-09-10,Finland,Georgia,105.04509,87.255756
1165,4,1,2025-09-10,Germany,Slovenia,127.68651,107.438
1166,1,1,2025-09-09,Poland,Turkey,69.588156,63.067665
1166,2,1,2025-09-09,Lithuania,Greece,77.522545,102.51265
1166,3,1,2025-09-10,Finland,Georgia,90.871824,73.1254
1166,4,1,2025-09-10,Germany,Slovenia,113.41208,95.780918
1167,1,1,2025-09-09,Poland,Turkey,75.596942,99.042665
1167,2,1,2025-09-09,Lithuania,Greece,79.140897,76.065007
1167,3,1,2025-09-10,Finland,Georgia,85.466438,63.959779
1167,4,1,2025-09-10,Germany,Slovenia,123.01131,81.936812
1168,1,1,2025-09-09,Poland,Turkey,70.871867,94.427439
1168,2,1,2025-09-09,Lithuania,Greece,66.02382,69.663849
1168,3,1,2025-09-10,Finland,Georgia,102.77547,84.625309
1168,4,1,2025-09-10,Germany,Slovenia,126.59683,88.197619
1169,1,1,2025-09-09,Poland,Turkey,95.015154,76.994937
1169,2,1,2025-09-09,Lithuania,Greece,89.390142,64.707055
1169,3,1,2025-09-10,Finland,Georgia,76.609159,67.087953
1169,4,1,2025-09-10,Germany,Slovenia,112.34087,108.79284
1170,1,1,2025-09-09,Poland,Turkey,71.817147,92.402193
1170,2,1,2025-09-09,Lithuania,Greece,83.262899,57.851083
1170,3,1,2025-09-10,Finland,Georgia,102.07365,72.142604
1170,4,1,2025-09-10,Germany,Slovenia,114.26089,85.247654
1171,1,1,2025-09-09,Poland,Turkey,71.01885,89.552513
1171,2,1,2025-09-09,Lithuania,Greece,72.872287,71.452398
1171,3,1,2025-09-10,Finland,Georgia,108.31353,88.780793
1171,4,1,2025-09-10,Germany,Slovenia,88.70547,91.80611
1172,1,1,2025-09-09,Poland,Turkey,69.479462,73.944797
1172,2,1,2025-09-09,Lithuania,Greece,87.428,85.283508
1172,3,1,2025-09-10,Finland,Georgia,99.321703,87.989251
1172,4,1,2025-09-10,Germany,Slovenia,110.36882,89.284067
1173,1,1,2025-09-09,Poland,Turkey,86.891058,82.902228
1173,2,1,2025-09-09,Lithuania,Greece,78.03228,62.001461
1173,3,1,2025-09-10,Finland,Georgia,98.032233,80.404677
1173,4,1,2025-09-10,Germany,Slovenia,105.89887,71.598861
1174,1,1,2025-09-09,Poland,Turkey,64.538404,102.6999
1174,2,1,2025-09-09,Lithuania,Greece,90.1052,75.770165
1174,3,1,2025-09-10,Finland,Georgia,98.552086,80.629071
1174,4,1,2025-09-10,Germany,Slovenia,128.06877,100.39412
1175,1,1,2025-09-09,Poland,Turkey,74.591455,68.188123
1175,2,1,2025-09-09,Lithuania,Greece,79.173522,67.895551
1175,3,1,2025-09-10,Finland,Georgia,85.113731,77.290495
1175,4,1,2025-09-10,Germany,Slovenia,101.1964,92.475099
1176,1,1,2025-09-09,Poland,Turkey,82.986219,81.172153
1176,2,1,2025-09-09,Lithuania,Greece,87.470487,62.854662
1176,3,1,2025-09-10,Finland,Georgia,79.249106,54.962127
1176,4,1,2025-09-10,Germany,Slovenia,122.48595,110.76211
1177,1,1,2025-09-09,Poland,Turkey,88.496958,89.673133000000007
1177,2,1,2025-09-09,Lithuania,Greece,79.757692,85.075463
1177,3,1,2025-09-10,Finland,Georgia,103.60702,77.01562
1177,4,1,2025-09-10,Germany,Slovenia,120.23998,95.977842
1178,1,1,2025-09-09,Poland,Turkey,87.67154,85.613346
1178,2,1,2025-09-09,Lithuania,Greece,86.179552,72.740799
1178,3,1,2025-09-10,Finland,Georgia,91.816257,81.976711
1178,4,1,2025-09-10,Germany,Slovenia,90.003387,92.237011
1179,1,1,2025-09-09,Poland,Turkey,83.357213,80.963637
1179,2,1,2025-09-09,Lithuania,Greece,79.108286,73.116643
1179,3,1,2025-09-10,Finland,Georgia,88.695129,73.458543
1179,4,1,2025-09-10,Germany,Slovenia,105.19275,76.118189
1180,1,1,2025-09-09,Poland,Turkey,87.777468,89.591367
1180,2,1,2025-09-09,Lithuania,Greece,94.825699,80.67066
1180,3,1,2025-09-10,Finland,Georgia,102.5237,81.919849
1180,4,1,2025-09-10,Germany,Slovenia,88.624816,79.322322
1181,1,1,2025-09-09,Poland,Turkey,84.194781,87.357026
1181,2,1,2025-09-09,Lithuania,Greece,80.734592,83.600364
1181,3,1,2025-09-10,Finland,Georgia,88.815007,70.761768
1181,4,1,2025-09-10,Germany,Slovenia,115.68269,81.255688
1182,1,1,2025-09-09,Poland,Turkey,64.390143,92.590329
1182,2,1,2025-09-09,Lithuania,Greece,96.032754,98.018648
1182,3,1,2025-09-10,Finland,Georgia,112.34883,88.001441
1182,4,1,2025-09-10,Germany,Slovenia,100.75299,84.956142
1183,1,1,2025-09-09,Poland,Turkey,103.69952,99.284622
1183,2,1,2025-09-09,Lithuania,Greece,89.363406,71.946123
1183,3,1,2025-09-10,Finland,Georgia,70.619378,77.297565
1183,4,1,2025-09-10,Germany,Slovenia,100.55833,93.496726
1184,1,1,2025-09-09,Poland,Turkey,66.698191,86.158322
1184,2,1,2025-09-09,Lithuania,Greece,93.743285,84.102139
1184,3,1,2025-09-10,Finland,Georgia,90.211565,67.719916
1184,4,1,2025-09-10,Germany,Slovenia,104.74594,106.98527
1185,1,1,2025-09-09,Poland,Turkey,76.559082,95.715312
1185,2,1,2025-09-09,Lithuania,Greece,76.891859,52.834615
1185,3,1,2025-09-10,Finland,Georgia,105.81921,84.644331
1185,4,1,2025-09-10,Germany,Slovenia,113.58508,67.850372
1186,1,1,2025-09-09,Poland,Turkey,75.702697,79.362792
1186,2,1,2025-09-09,Lithuania,Greece,84.656648,91.414023
1186,3,1,2025-09-10,Finland,Georgia,90.684401,62.026757
1186,4,1,2025-09-10,Germany,Slovenia,91.637456,84.801217
1187,1,1,2025-09-09,Poland,Turkey,77.176929,95.418781
1187,2,1,2025-09-09,Lithuania,Greece,80.358012,70.827632
1187,3,1,2025-09-10,Finland,Georgia,92.266331,71.255155
1187,4,1,2025-09-10,Germany,Slovenia,120.1694,96.365376
1188,1,1,2025-09-09,Poland,Turkey,86.866024,94.172108
1188,2,1,2025-09-09,Lithuania,Greece,79.04558,77.399292
1188,3,1,2025-09-10,Finland,Georgia,107.33137,81.152143
1188,4,1,2025-09-10,Germany,Slovenia,101.20835,99.618464
1189,1,1,2025-09-09,Poland,Turkey,68.061984,84.550958
1189,2,1,2025-09-09,Lithuania,Greece,83.42667,59.764296
1189,3,1,2025-09-10,Finland,Georgia,118.8719,88.393188
1189,4,1,2025-09-10,Germany,Slovenia,106.70648,90.129061
1190,1,1,2025-09-09,Poland,Turkey,77.694949,100.61968
1190,2,1,2025-09-09,Lithuania,Greece,75.535421,57.655132
1190,3,1,2025-09-10,Finland,Georgia,99.146451,86.250842
1190,4,1,2025-09-10,Germany,Slovenia,99.42119,81.937266
1191,1,1,2025-09-09,Poland,Turkey,73.777599,80.171852
1191,2,1,2025-09-09,Lithuania,Greece,62.861728,62.687454
1191,3,1,2025-09-10,Finland,Georgia,84.717669,73.05432
1191,4,1,2025-09-10,Germany,Slovenia,94.306912,103.1586
1192,1,1,2025-09-09,Poland,Turkey,69.873372,81.989496
1192,2,1,2025-09-09,Lithuania,Greece,92.532343,68.061974
1192,3,1,2025-09-10,Finland,Georgia,99.672463,81.254269
1192,4,1,2025-09-10,Germany,Slovenia,87.578851,78.241109
1193,1,1,2025-09-09,Poland,Turkey,71.553997,84.240045
1193,2,1,2025-09-09,Lithuania,Greece,88.244582,73.116212
1193,3,1,2025-09-10,Finland,Georgia,71.854772,52.667637
1193,4,1,2025-09-10,Germany,Slovenia,95.374759,84.00024
1194,1,1,2025-09-09,Poland,Turkey,83.504599,99.871076
1194,2,1,2025-09-09,Lithuania,Greece,103.75699,90.513067
1194,3,1,2025-09-10,Finland,Georgia,80.478394,73.689653
1194,4,1,2025-09-10,Germany,Slovenia,86.803808,91.76412
1195,1,1,2025-09-09,Poland,Turkey,87.241766,104.87143
1195,2,1,2025-09-09,Lithuania,Greece,90.467855,67.029826
1195,3,1,2025-09-10,Finland,Georgia,96.851447,59.09677
1195,4,1,2025-09-10,Germany,Slovenia,94.071061,69.559169
1196,1,1,2025-09-09,Poland,Turkey,82.339334,81.96457
1196,2,1,2025-09-09,Lithuania,Greece,79.831672,83.809789
1196,3,1,2025-09-10,Finland,Georgia,87.403788,53.926773
1196,4,1,2025-09-10,Germany,Slovenia,130.02154,95.547765
1197,1,1,2025-09-09,Poland,Turkey,82.101108,95.187463
1197,2,1,2025-09-09,Lithuania,Greece,69.467763,73.625105
1197,3,1,2025-09-10,Finland,Georgia,85.36211,72.523916
1197,4,1,2025-09-10,Germany,Slovenia,108.3674,87.689638
1198,1,1,2025-09-09,Poland,Turkey,85.635304,86.474748
1198,2,1,2025-09-09,Lithuania,Greece,79.699216,77.899411
1198,3,1,2025-09-10,Finland,Georgia,81.170059,69.57094
1198,4,1,2025-09-10,Germany,Slovenia,121.9243,80.843124
1199,1,1,2025-09-09,Poland,Turkey,74.53495,91.763432
1199,2,1,2025-09-09,Lithuania,Greece,79.10524,62.939979
1199,3,1,2025-09-10,Finland,Georgia,116.82448,75.810055
1199,4,1,2025-09-10,Germany,Slovenia,101.09577,107.19183
1200,1,1,2025-09-09,Poland,Turkey,62.557616,99.567975
1200,2,1,2025-09-09,Lithuania,Greece,77.776568,79.102492
1200,3,1,2025-09-10,Finland,Georgia,79.319952,91.363629
1200,4,1,2025-09-10,Germany,Slovenia,116.99484,112.41628
1201,1,1,2025-09-09,Poland,Turkey,75.009797,91.630196
1201,2,1,2025-09-09,Lithuania,Greece,74.56851,64.151855
1201,3,1,2025-09-10,Finland,Georgia,89.845098,89.418508
1201,4,1,2025-09-10,Germany,Slovenia,107.87157,93.145413
1202,1,1,2025-09-09,Poland,Turkey,77.908258,102.45039
1202,2,1,2025-09-09,Lithuania,Greece,96.302673,87.688821
1202,3,1,2025-09-10,Finland,Georgia,97.068539,82.87474
1202,4,1,2025-09-10,Germany,Slovenia,94.954997,93.559851
1203,1,1,2025-09-09,Poland,Turkey,77.33158,93.494297
1203,2,1,2025-09-09,Lithuania,Greece,96.076873,91.926588
1203,3,1,2025-09-10,Finland,Georgia,93.026322,91.785542
1203,4,1,2025-09-10,Germany,Slovenia,85.285506,80.946863
1204,1,1,2025-09-09,Poland,Turkey,89.497783,102.04122
1204,2,1,2025-09-09,Lithuania,Greece,71.480499,78.461307
1204,3,1,2025-09-10,Finland,Georgia,121.76331,59.580592
1204,4,1,2025-09-10,Germany,Slovenia,89.931802,103.55881
1205,1,1,2025-09-09,Poland,Turkey,79.12652,64.374261
1205,2,1,2025-09-09,Lithuania,Greece,92.870019,73.660165
1205,3,1,2025-09-10,Finland,Georgia,98.32605,100.07506
1205,4,1,2025-09-10,Germany,Slovenia,116.06448,90.392641
1206,1,1,2025-09-09,Poland,Turkey,78.384983,82.453828
1206,2,1,2025-09-09,Lithuania,Greece,98.979537,83.261314
1206,3,1,2025-09-10,Finland,Georgia,92.18455,77.12845
1206,4,1,2025-09-10,Germany,Slovenia,83.19666,109.7777
1207,1,1,2025-09-09,Poland,Turkey,74.958755,76.4833
1207,2,1,2025-09-09,Lithuania,Greece,84.171472,85.912165
1207,3,1,2025-09-10,Finland,Georgia,92.037002,82.071525
1207,4,1,2025-09-10,Germany,Slovenia,110.51375,87.939491
1208,1,1,2025-09-09,Poland,Turkey,74.160945,89.474032
1208,2,1,2025-09-09,Lithuania,Greece,78.717226,80.488528
1208,3,1,2025-09-10,Finland,Georgia,94.592015,45.034721
1208,4,1,2025-09-10,Germany,Slovenia,108.593,82.741545
1209,1,1,2025-09-09,Poland,Turkey,69.468469,93.785794
1209,2,1,2025-09-09,Lithuania,Greece,91.189248,67.198466
1209,3,1,2025-09-10,Finland,Georgia,100.16286,58.828225
1209,4,1,2025-09-10,Germany,Slovenia,98.988965,90.684932
1210,1,1,2025-09-09,Poland,Turkey,77.998228,90.46552
1210,2,1,2025-09-09,Lithuania,Greece,90.120398,69.05709
1210,3,1,2025-09-10,Finland,Georgia,102.05738,91.864893
1210,4,1,2025-09-10,Germany,Slovenia,104.18216,86.204522
1211,1,1,2025-09-09,Poland,Turkey,78.69471,100.62402
1211,2,1,2025-09-09,Lithuania,Greece,103.01419,95.577689
1211,3,1,2025-09-10,Finland,Georgia,102.3718,75.689492
1211,4,1,2025-09-10,Germany,Slovenia,84.062672,72.558937
1212,1,1,2025-09-09,Poland,Turkey,64.397666,85.671004
1212,2,1,2025-09-09,Lithuania,Greece,94.086744,75.794915
1212,3,1,2025-09-10,Finland,Georgia,85.482841,81.5651
1212,4,1,2025-09-10,Germany,Slovenia,109.13985,90.741862
1213,1,1,2025-09-09,Poland,Turkey,101.98505,106.26978
1213,2,1,2025-09-09,Lithuania,Greece,79.120127,61.816356
1213,3,1,2025-09-10,Finland,Georgia,87.521659,60.328174
1213,4,1,2025-09-10,Germany,Slovenia,111.71276,91.315315
1214,1,1,2025-09-09,Poland,Turkey,88.972177,89.64735
1214,2,1,2025-09-09,Lithuania,Greece,82.040524,63.237344
1214,3,1,2025-09-10,Finland,Georgia,102.43636,75.445426
1214,4,1,2025-09-10,Germany,Slovenia,109.6117,94.439765
1215,1,1,2025-09-09,Poland,Turkey,67.712443,73.213227
1215,2,1,2025-09-09,Lithuania,Greece,79.803157,73.43572
1215,3,1,2025-09-10,Finland,Georgia,79.648571,70.459781
1215,4,1,2025-09-10,Germany,Slovenia,99.520353,75.904526
1216,1,1,2025-09-09,Poland,Turkey,91.387078,100.15259
1216,2,1,2025-09-09,Lithuania,Greece,98.901536,72.640919
1216,3,1,2025-09-10,Finland,Georgia,114.58813,79.467455
1216,4,1,2025-09-10,Germany,Slovenia,95.210051000000007,79.397655
1217,1,1,2025-09-09,Poland,Turkey,63.956832,84.642036
1217,2,1,2025-09-09,Lithuania,Greece,69.551784,76.300352
1217,3,1,2025-09-10,Finland,Georgia,86.917713,76.820793
1217,4,1,2025-09-10,Germany,Slovenia,107.17331,85.499256
1218,1,1,2025-09-09,Poland,Turkey,81.025889,78.218841
1218,2,1,2025-09-09,Lithuania,Greece,102.24329,67.556218
1218,3,1,2025-09-10,Finland,Georgia,74.295363,73.121205
1218,4,1,2025-09-10,Germany,Slovenia,106.77544,86.320714
1219,1,1,2025-09-09,Poland,Turkey,71.203089,76.239808
1219,2,1,2025-09-09,Lithuania,Greece,86.189502,94.864946
1219,3,1,2025-09-10,Finland,Georgia,76.510797,93.72112
1219,4,1,2025-09-10,Germany,Slovenia,122.78284,99.906449
1220,1,1,2025-09-09,Poland,Turkey,81.748811,103.11515
1220,2,1,2025-09-09,Lithuania,Greece,76.521771,80.69967
1220,3,1,2025-09-10,Finland,Georgia,91.717042,87.839365
1220,4,1,2025-09-10,Germany,Slovenia,126.50191,107.29447
1221,1,1,2025-09-09,Poland,Turkey,70.799315000000007,89.136187
1221,2,1,2025-09-09,Lithuania,Greece,98.934261,64.735182
1221,3,1,2025-09-10,Finland,Georgia,83.796326,56.065737
1221,4,1,2025-09-10,Germany,Slovenia,100.24458,95.931545
1222,1,1,2025-09-09,Poland,Turkey,81.893735,93.088604
1222,2,1,2025-09-09,Lithuania,Greece,83.263939,77.57016
1222,3,1,2025-09-10,Finland,Georgia,97.056945,82.249993
1222,4,1,2025-09-10,Germany,Slovenia,95.410024,77.495314
1223,1,1,2025-09-09,Poland,Turkey,52.736077,81.140283
1223,2,1,2025-09-09,Lithuania,Greece,91.183789,89.434951
1223,3,1,2025-09-10,Finland,Georgia,104.58101,75.835565
1223,4,1,2025-09-10,Germany,Slovenia,97.50786,85.717889
1224,1,1,2025-09-09,Poland,Turkey,79.559428,79.974698
1224,2,1,2025-09-09,Lithuania,Greece,102.82783,72.097357
1224,3,1,2025-09-10,Finland,Georgia,81.893037,76.450795
1224,4,1,2025-09-10,Germany,Slovenia,80.422055,77.837203
1225,1,1,2025-09-09,Poland,Turkey,61.253654,92.759149
1225,2,1,2025-09-09,Lithuania,Greece,81.805921,86.859845000000007
1225,3,1,2025-09-10,Finland,Georgia,81.668468,50.933493
1225,4,1,2025-09-10,Germany,Slovenia,110.99518,91.370975
1226,1,1,2025-09-09,Poland,Turkey,87.870354,94.628535
1226,2,1,2025-09-09,Lithuania,Greece,82.83672,66.18146
1226,3,1,2025-09-10,Finland,Georgia,76.399414,77.849523
1226,4,1,2025-09-10,Germany,Slovenia,122.48617,90.832043
1227,1,1,2025-09-09,Poland,Turkey,56.910417,103.70215
1227,2,1,2025-09-09,Lithuania,Greece,72.425175,85.751628
1227,3,1,2025-09-10,Finland,Georgia,106.03555,85.466731
1227,4,1,2025-09-10,Germany,Slovenia,104.8831,99.592034
1228,1,1,2025-09-09,Poland,Turkey,79.429795,87.132551
1228,2,1,2025-09-09,Lithuania,Greece,77.645056,73.729187
1228,3,1,2025-09-10,Finland,Georgia,88.126885,71.616353
1228,4,1,2025-09-10,Germany,Slovenia,103.50255,86.428419
1229,1,1,2025-09-09,Poland,Turkey,89.530262,93.813066
1229,2,1,2025-09-09,Lithuania,Greece,73.79186,67.606079
1229,3,1,2025-09-10,Finland,Georgia,88.773275,71.074613
1229,4,1,2025-09-10,Germany,Slovenia,106.66142,79.352263
1230,1,1,2025-09-09,Poland,Turkey,84.440882,97.685061
1230,2,1,2025-09-09,Lithuania,Greece,80.82906,73.337299
1230,3,1,2025-09-10,Finland,Georgia,97.966919,80.085227
1230,4,1,2025-09-10,Germany,Slovenia,93.804759,87.35566
1231,1,1,2025-09-09,Poland,Turkey,71.758572,98.203694
1231,2,1,2025-09-09,Lithuania,Greece,86.617419,77.597649
1231,3,1,2025-09-10,Finland,Georgia,104.02046,67.891436
1231,4,1,2025-09-10,Germany,Slovenia,102.15269,94.672998
1232,1,1,2025-09-09,Poland,Turkey,81.411691,99.632976
1232,2,1,2025-09-09,Lithuania,Greece,73.243232,73.724626
1232,3,1,2025-09-10,Finland,Georgia,98.312002,69.929949
1232,4,1,2025-09-10,Germany,Slovenia,94.908607,82.977429
1233,1,1,2025-09-09,Poland,Turkey,67.414284,94.184994
1233,2,1,2025-09-09,Lithuania,Greece,84.212355,70.995137
1233,3,1,2025-09-10,Finland,Georgia,76.508817,78.172084
1233,4,1,2025-09-10,Germany,Slovenia,116.67888,83.66788
1234,1,1,2025-09-09,Poland,Turkey,73.539289,95.490832
1234,2,1,2025-09-09,Lithuania,Greece,93.838086,82.244124
1234,3,1,2025-09-10,Finland,Georgia,97.390809,79.123547
1234,4,1,2025-09-10,Germany,Slovenia,112.03721,93.193997
1235,1,1,2025-09-09,Poland,Turkey,90.434343,94.845174
1235,2,1,2025-09-09,Lithuania,Greece,98.685631,84.12367
1235,3,1,2025-09-10,Finland,Georgia,83.351616,76.365104
1235,4,1,2025-09-10,Germany,Slovenia,91.96349,93.063169
1236,1,1,2025-09-09,Poland,Turkey,95.879308,81.170814
1236,2,1,2025-09-09,Lithuania,Greece,73.918175,68.784502
1236,3,1,2025-09-10,Finland,Georgia,108.00213,69.364015
1236,4,1,2025-09-10,Germany,Slovenia,109.10103,85.260709
1237,1,1,2025-09-09,Poland,Turkey,68.402378,84.53554
1237,2,1,2025-09-09,Lithuania,Greece,91.775562,90.104548
1237,3,1,2025-09-10,Finland,Georgia,76.001508,59.307653
1237,4,1,2025-09-10,Germany,Slovenia,111.10931,100.95114
1238,1,1,2025-09-09,Poland,Turkey,75.977743,84.319061
1238,2,1,2025-09-09,Lithuania,Greece,77.055611,76.576364
1238,3,1,2025-09-10,Finland,Georgia,117.36332,88.164442
1238,4,1,2025-09-10,Germany,Slovenia,102.22131,104.2529
1239,1,1,2025-09-09,Poland,Turkey,91.560279,95.886001
1239,2,1,2025-09-09,Lithuania,Greece,82.310749,71.943261
1239,3,1,2025-09-10,Finland,Georgia,84.504009,73.578533
1239,4,1,2025-09-10,Germany,Slovenia,101.62704,80.40452
1240,1,1,2025-09-09,Poland,Turkey,84.481663,69.022069
1240,2,1,2025-09-09,Lithuania,Greece,99.70329,69.545802
1240,3,1,2025-09-10,Finland,Georgia,94.131146,72.793987
1240,4,1,2025-09-10,Germany,Slovenia,88.901789,88.575851
1241,1,1,2025-09-09,Poland,Turkey,85.354737,90.791421
1241,2,1,2025-09-09,Lithuania,Greece,77.49484,88.920908
1241,3,1,2025-09-10,Finland,Georgia,100.34487,60.846478
1241,4,1,2025-09-10,Germany,Slovenia,100.90633,70.022273
1242,1,1,2025-09-09,Poland,Turkey,72.006943,84.466927
1242,2,1,2025-09-09,Lithuania,Greece,66.453741,82.525834
1242,3,1,2025-09-10,Finland,Georgia,91.565666,74.019165
1242,4,1,2025-09-10,Germany,Slovenia,107.42285,74.698205
1243,1,1,2025-09-09,Poland,Turkey,70.121608,87.866577
1243,2,1,2025-09-09,Lithuania,Greece,98.438504,96.466554
1243,3,1,2025-09-10,Finland,Georgia,103.71499,46.271565
1243,4,1,2025-09-10,Germany,Slovenia,118.01422,78.344098
1244,1,1,2025-09-09,Poland,Turkey,85.312514,101.98064
1244,2,1,2025-09-09,Lithuania,Greece,92.661124,90.493893
1244,3,1,2025-09-10,Finland,Georgia,96.147117,67.410139
1244,4,1,2025-09-10,Germany,Slovenia,111.42364,88.511544
1245,1,1,2025-09-09,Poland,Turkey,64.592505,64.940133
1245,2,1,2025-09-09,Lithuania,Greece,88.217482,74.342351
1245,3,1,2025-09-10,Finland,Georgia,94.718977,71.510346
1245,4,1,2025-09-10,Germany,Slovenia,100.01905,65.127538
1246,1,1,2025-09-09,Poland,Turkey,88.941967,64.952064
1246,2,1,2025-09-09,Lithuania,Greece,69.667183,75.827741
1246,3,1,2025-09-10,Finland,Georgia,85.295241,75.372397
1246,4,1,2025-09-10,Germany,Slovenia,90.191699,79.180835
1247,1,1,2025-09-09,Poland,Turkey,62.371233,95.011187
1247,2,1,2025-09-09,Lithuania,Greece,77.078745,41.119787
1247,3,1,2025-09-10,Finland,Georgia,111.41148,69.869055
1247,4,1,2025-09-10,Germany,Slovenia,110.39988,74.208672000000007
1248,1,1,2025-09-09,Poland,Turkey,88.130227,105.66545
1248,2,1,2025-09-09,Lithuania,Greece,80.644527,67.369558
1248,3,1,2025-09-10,Finland,Georgia,86.585004,44.336995
1248,4,1,2025-09-10,Germany,Slovenia,135.15687,105.17283
1249,1,1,2025-09-09,Poland,Turkey,94.734192,86.129572
1249,2,1,2025-09-09,Lithuania,Greece,75.760092,72.975017
1249,3,1,2025-09-10,Finland,Georgia,77.724451,76.173875
1249,4,1,2025-09-10,Germany,Slovenia,96.622233,80.831155
1250,1,1,2025-09-09,Poland,Turkey,91.142843,93.860756
1250,2,1,2025-09-09,Lithuania,Greece,92.835092,85.6546
1250,3,1,2025-09-10,Finland,Georgia,100.49568,75.478401
1250,4,1,2025-09-10,Germany,Slovenia,103.22268,83.872539
1251,1,1,2025-09-09,Poland,Turkey,80.006113,83.926563
1251,2,1,2025-09-09,Lithuania,Greece,77.987082,70.244525
1251,3,1,2025-09-10,Finland,Georgia,96.722738,89.827934
1251,4,1,2025-09-10,Germany,Slovenia,104.26995,80.936426
1252,1,1,2025-09-09,Poland,Turkey,70.640711,97.372582
1252,2,1,2025-09-09,Lithuania,Greece,79.431232,72.226087
1252,3,1,2025-09-10,Finland,Georgia,112.00881,82.044244
1252,4,1,2025-09-10,Germany,Slovenia,126.89557,108.28529
1253,1,1,2025-09-09,Poland,Turkey,83.985531,94.216354
1253,2,1,2025-09-09,Lithuania,Greece,82.248076,75.818418
1253,3,1,2025-09-10,Finland,Georgia,110.7778,65.835522
1253,4,1,2025-09-10,Germany,Slovenia,87.822707,64.352455
1254,1,1,2025-09-09,Poland,Turkey,83.611085,90.287008
1254,2,1,2025-09-09,Lithuania,Greece,85.504883,57.903978
1254,3,1,2025-09-10,Finland,Georgia,88.318408,84.615925
1254,4,1,2025-09-10,Germany,Slovenia,103.18043,79.431276
1255,1,1,2025-09-09,Poland,Turkey,68.315755,84.122914
1255,2,1,2025-09-09,Lithuania,Greece,100.9426,83.063309
1255,3,1,2025-09-10,Finland,Georgia,114.27069,51.386184
1255,4,1,2025-09-10,Germany,Slovenia,132.21606,78.45844
1256,1,1,2025-09-09,Poland,Turkey,81.654221,75.979443
1256,2,1,2025-09-09,Lithuania,Greece,88.362941,65.80978
1256,3,1,2025-09-10,Finland,Georgia,109.80531,82.083439
1256,4,1,2025-09-10,Germany,Slovenia,119.56712,97.589026
1257,1,1,2025-09-09,Poland,Turkey,82.345949,89.76856
1257,2,1,2025-09-09,Lithuania,Greece,76.640397,57.860213
1257,3,1,2025-09-10,Finland,Georgia,77.642397,68.34589
1257,4,1,2025-09-10,Germany,Slovenia,106.57819,52.529083
1258,1,1,2025-09-09,Poland,Turkey,72.64981,72.392756
1258,2,1,2025-09-09,Lithuania,Greece,83.127749,85.863386
1258,3,1,2025-09-10,Finland,Georgia,92.521834,65.991594
1258,4,1,2025-09-10,Germany,Slovenia,122.89531,86.958787
1259,1,1,2025-09-09,Poland,Turkey,72.209661,92.133222
1259,2,1,2025-09-09,Lithuania,Greece,82.442225,63.771238
1259,3,1,2025-09-10,Finland,Georgia,88.228813,75.56087
1259,4,1,2025-09-10,Germany,Slovenia,112.65733,89.729387
1260,1,1,2025-09-09,Poland,Turkey,65.17568,93.944998
1260,2,1,2025-09-09,Lithuania,Greece,77.077826,84.830866
1260,3,1,2025-09-10,Finland,Georgia,85.715626,71.481068
1260,4,1,2025-09-10,Germany,Slovenia,94.866246,91.592698
1261,1,1,2025-09-09,Poland,Turkey,83.163791,93.606644
1261,2,1,2025-09-09,Lithuania,Greece,82.016429,78.001101
1261,3,1,2025-09-10,Finland,Georgia,88.63631,82.196044
1261,4,1,2025-09-10,Germany,Slovenia,108.84253,74.126424
1262,1,1,2025-09-09,Poland,Turkey,53.936191,87.059016
1262,2,1,2025-09-09,Lithuania,Greece,76.371992,71.30367
1262,3,1,2025-09-10,Finland,Georgia,81.816623,56.286288
1262,4,1,2025-09-10,Germany,Slovenia,103.55487,88.563749
1263,1,1,2025-09-09,Poland,Turkey,75.262545,88.390809
1263,2,1,2025-09-09,Lithuania,Greece,97.29577,89.250073
1263,3,1,2025-09-10,Finland,Georgia,112.70495,87.808942
1263,4,1,2025-09-10,Germany,Slovenia,96.284815,80.085367
1264,1,1,2025-09-09,Poland,Turkey,81.358042,82.145493
1264,2,1,2025-09-09,Lithuania,Greece,90.285013,76.269145
1264,3,1,2025-09-10,Finland,Georgia,74.310153,67.193916
1264,4,1,2025-09-10,Germany,Slovenia,107.00317,84.072309
1265,1,1,2025-09-09,Poland,Turkey,60.599956,72.601396
1265,2,1,2025-09-09,Lithuania,Greece,83.949263,79.096129
1265,3,1,2025-09-10,Finland,Georgia,90.921655,92.838897
1265,4,1,2025-09-10,Germany,Slovenia,95.860949,69.374215
1266,1,1,2025-09-09,Poland,Turkey,87.665934,85.797899
1266,2,1,2025-09-09,Lithuania,Greece,93.291796,67.062833
1266,3,1,2025-09-10,Finland,Georgia,90.529878,71.894851
1266,4,1,2025-09-10,Germany,Slovenia,97.994857,86.091943
1267,1,1,2025-09-09,Poland,Turkey,83.475507,71.482303
1267,2,1,2025-09-09,Lithuania,Greece,89.43733,77.897805
1267,3,1,2025-09-10,Finland,Georgia,107.32382,64.542362
1267,4,1,2025-09-10,Germany,Slovenia,116.84339,105.96611
1268,1,1,2025-09-09,Poland,Turkey,65.553173,75.750724
1268,2,1,2025-09-09,Lithuania,Greece,89.535015,75.087593
1268,3,1,2025-09-10,Finland,Georgia,91.73355,69.019495
1268,4,1,2025-09-10,Germany,Slovenia,104.80148,88.453173
1269,1,1,2025-09-09,Poland,Turkey,68.170165,84.549772
1269,2,1,2025-09-09,Lithuania,Greece,95.715349,86.20863
1269,3,1,2025-09-10,Finland,Georgia,103.26537,85.811655
1269,4,1,2025-09-10,Germany,Slovenia,76.60442,80.956577
1270,1,1,2025-09-09,Poland,Turkey,75.732979,97.898867
1270,2,1,2025-09-09,Lithuania,Greece,94.109367,86.718144
1270,3,1,2025-09-10,Finland,Georgia,63.825762,64.528014
1270,4,1,2025-09-10,Germany,Slovenia,114.28101,82.602064
1271,1,1,2025-09-09,Poland,Turkey,87.815983,113.82061
1271,2,1,2025-09-09,Lithuania,Greece,90.196462,62.689111
1271,3,1,2025-09-10,Finland,Georgia,82.836992,79.162987
1271,4,1,2025-09-10,Germany,Slovenia,114.70986,92.979805
1272,1,1,2025-09-09,Poland,Turkey,83.209358,80.509508
1272,2,1,2025-09-09,Lithuania,Greece,91.170138,86.3276
1272,3,1,2025-09-10,Finland,Georgia,67.994736,77.211567
1272,4,1,2025-09-10,Germany,Slovenia,90.823086,89.414713
1273,1,1,2025-09-09,Poland,Turkey,68.596108,81.715907
1273,2,1,2025-09-09,Lithuania,Greece,85.179845,91.097033
1273,3,1,2025-09-10,Finland,Georgia,100.27219,85.016611
1273,4,1,2025-09-10,Germany,Slovenia,113.5151,96.960456
1274,1,1,2025-09-09,Poland,Turkey,70.775976,99.603797
1274,2,1,2025-09-09,Lithuania,Greece,83.606011,80.931367
1274,3,1,2025-09-10,Finland,Georgia,91.590832,72.972947
1274,4,1,2025-09-10,Germany,Slovenia,100.82924,84.769604
1275,1,1,2025-09-09,Poland,Turkey,87.907368,88.500189
1275,2,1,2025-09-09,Lithuania,Greece,91.40477,77.165604
1275,3,1,2025-09-10,Finland,Georgia,76.816895,79.116798
1275,4,1,2025-09-10,Germany,Slovenia,96.25982,80.299684
1276,1,1,2025-09-09,Poland,Turkey,86.466894,66.479687
1276,2,1,2025-09-09,Lithuania,Greece,83.104885,68.130097
1276,3,1,2025-09-10,Finland,Georgia,118.71766,90.024751
1276,4,1,2025-09-10,Germany,Slovenia,94.276883,88.949287
1277,1,1,2025-09-09,Poland,Turkey,68.259617,90.746653
1277,2,1,2025-09-09,Lithuania,Greece,102.01879,101.91128
1277,3,1,2025-09-10,Finland,Georgia,94.067739,79.431312
1277,4,1,2025-09-10,Germany,Slovenia,108.524,84.421187
1278,1,1,2025-09-09,Poland,Turkey,88.449296,90.962533
1278,2,1,2025-09-09,Lithuania,Greece,75.002329,80.537352
1278,3,1,2025-09-10,Finland,Georgia,98.88897,79.434249
1278,4,1,2025-09-10,Germany,Slovenia,114.86462,92.371206
1279,1,1,2025-09-09,Poland,Turkey,97.947385,107.50551
1279,2,1,2025-09-09,Lithuania,Greece,103.07134,67.463212
1279,3,1,2025-09-10,Finland,Georgia,108.62817,79.565954
1279,4,1,2025-09-10,Germany,Slovenia,107.61456,91.182212
1280,1,1,2025-09-09,Poland,Turkey,88.637957,86.718029
1280,2,1,2025-09-09,Lithuania,Greece,96.87932,88.175955
1280,3,1,2025-09-10,Finland,Georgia,92.60368,73.794017
1280,4,1,2025-09-10,Germany,Slovenia,101.98533,79.46831
1281,1,1,2025-09-09,Poland,Turkey,62.509626,78.522807
1281,2,1,2025-09-09,Lithuania,Greece,94.851011,68.349194
1281,3,1,2025-09-10,Finland,Georgia,78.982946,42.736734
1281,4,1,2025-09-10,Germany,Slovenia,94.399457,95.940698
1282,1,1,2025-09-09,Poland,Turkey,67.963666,80.483902
1282,2,1,2025-09-09,Lithuania,Greece,77.087654,94.553802
1282,3,1,2025-09-10,Finland,Georgia,81.746467,75.624113
1282,4,1,2025-09-10,Germany,Slovenia,119.21630999999999,104.36776
1283,1,1,2025-09-09,Poland,Turkey,82.371951,97.05777
1283,2,1,2025-09-09,Lithuania,Greece,93.709693,85.692826
1283,3,1,2025-09-10,Finland,Georgia,97.125056,84.029435
1283,4,1,2025-09-10,Germany,Slovenia,116.02534,90.600439
1284,1,1,2025-09-09,Poland,Turkey,103.51693,119.587
1284,2,1,2025-09-09,Lithuania,Greece,84.495364,80.593519
1284,3,1,2025-09-10,Finland,Georgia,77.158032,63.076042
1284,4,1,2025-09-10,Germany,Slovenia,99.413279,86.704391
1285,1,1,2025-09-09,Poland,Turkey,104.6472,81.797703
1285,2,1,2025-09-09,Lithuania,Greece,84.264796,48.804679
1285,3,1,2025-09-10,Finland,Georgia,84.150074,77.368767
1285,4,1,2025-09-10,Germany,Slovenia,114.77495,88.02759
1286,1,1,2025-09-09,Poland,Turkey,76.499084,82.749096
1286,2,1,2025-09-09,Lithuania,Greece,86.282225,65.768141
1286,3,1,2025-09-10,Finland,Georgia,102.55805,72.198453
1286,4,1,2025-09-10,Germany,Slovenia,119.44351,112.07665
1287,1,1,2025-09-09,Poland,Turkey,60.513411,92.412563
1287,2,1,2025-09-09,Lithuania,Greece,104.00343,67.588278
1287,3,1,2025-09-10,Finland,Georgia,113.39555,69.306546
1287,4,1,2025-09-10,Germany,Slovenia,96.183986,99.369563
1288,1,1,2025-09-09,Poland,Turkey,64.507494,78.951438
1288,2,1,2025-09-09,Lithuania,Greece,93.021866,85.838796
1288,3,1,2025-09-10,Finland,Georgia,82.102337,80.689069
1288,4,1,2025-09-10,Germany,Slovenia,86.121273,70.4378
1289,1,1,2025-09-09,Poland,Turkey,109.12989,95.727942
1289,2,1,2025-09-09,Lithuania,Greece,80.788365,56.488784
1289,3,1,2025-09-10,Finland,Georgia,83.824479,61.990308
1289,4,1,2025-09-10,Germany,Slovenia,107.33398,76.478123
1290,1,1,2025-09-09,Poland,Turkey,80.155824,89.666081
1290,2,1,2025-09-09,Lithuania,Greece,98.751593,83.03964
1290,3,1,2025-09-10,Finland,Georgia,101.46154,60.237719
1290,4,1,2025-09-10,Germany,Slovenia,102.50667,112.50029
1291,1,1,2025-09-09,Poland,Turkey,96.576739,117.86056
1291,2,1,2025-09-09,Lithuania,Greece,91.30223,88.017398
1291,3,1,2025-09-10,Finland,Georgia,90.43469,70.359903
1291,4,1,2025-09-10,Germany,Slovenia,111.15185,78.564782
1292,1,1,2025-09-09,Poland,Turkey,71.852938,78.532635
1292,2,1,2025-09-09,Lithuania,Greece,89.038462,79.065301
1292,3,1,2025-09-10,Finland,Georgia,104.9163,76.340632
1292,4,1,2025-09-10,Germany,Slovenia,73.293026,54.444456
1293,1,1,2025-09-09,Poland,Turkey,56.83707,88.191449
1293,2,1,2025-09-09,Lithuania,Greece,97.57731,65.611158
1293,3,1,2025-09-10,Finland,Georgia,123.83139,77.168064
1293,4,1,2025-09-10,Germany,Slovenia,103.00671,83.851547
1294,1,1,2025-09-09,Poland,Turkey,72.919136,84.831619
1294,2,1,2025-09-09,Lithuania,Greece,76.801273,69.772733
1294,3,1,2025-09-10,Finland,Georgia,105.74987,84.022765
1294,4,1,2025-09-10,Germany,Slovenia,99.026956,81.758607
1295,1,1,2025-09-09,Poland,Turkey,76.741677,78.057015
1295,2,1,2025-09-09,Lithuania,Greece,89.987583,69.268425
1295,3,1,2025-09-10,Finland,Georgia,105.50729,81.38031
1295,4,1,2025-09-10,Germany,Slovenia,108.38236,93.484369
1296,1,1,2025-09-09,Poland,Turkey,75.934682,77.530157
1296,2,1,2025-09-09,Lithuania,Greece,90.548308,72.117229
1296,3,1,2025-09-10,Finland,Georgia,86.363328,59.500332
1296,4,1,2025-09-10,Germany,Slovenia,98.754072,79.934156
1297,1,1,2025-09-09,Poland,Turkey,75.305256,80.745543
1297,2,1,2025-09-09,Lithuania,Greece,86.803764,79.661172
1297,3,1,2025-09-10,Finland,Georgia,99.579471,77.533183
1297,4,1,2025-09-10,Germany,Slovenia,84.455953,83.032182
1298,1,1,2025-09-09,Poland,Turkey,61.264179,80.612368
1298,2,1,2025-09-09,Lithuania,Greece,108.86784,73.212409
1298,3,1,2025-09-10,Finland,Georgia,86.901835,83.006657
1298,4,1,2025-09-10,Germany,Slovenia,102.60794,87.334157
1299,1,1,2025-09-09,Poland,Turkey,75.396832,75.531681
1299,2,1,2025-09-09,Lithuania,Greece,91.679814,79.225989
1299,3,1,2025-09-10,Finland,Georgia,93.570691,69.543168
1299,4,1,2025-09-10,Germany,Slovenia,101.58148,50.12726
1300,1,1,2025-09-09,Poland,Turkey,78.832893,91.903076
1300,2,1,2025-09-09,Lithuania,Greece,72.423497,68.57901
1300,3,1,2025-09-10,Finland,Georgia,85.757909,80.569669
1300,4,1,2025-09-10,Germany,Slovenia,103.10199,88.538872
1301,1,1,2025-09-09,Poland,Turkey,76.419021,81.318953
1301,2,1,2025-09-09,Lithuania,Greece,68.833669,87.517451
1301,3,1,2025-09-10,Finland,Georgia,99.948669,92.036876
1301,4,1,2025-09-10,Germany,Slovenia,102.37191,91.432999
1302,1,1,2025-09-09,Poland,Turkey,89.999495,88.759898
1302,2,1,2025-09-09,Lithuania,Greece,100.16149,73.861937
1302,3,1,2025-09-10,Finland,Georgia,105.58006,72.447075
1302,4,1,2025-09-10,Germany,Slovenia,104.53728,90.472822
1303,1,1,2025-09-09,Poland,Turkey,86.450972,71.523676
1303,2,1,2025-09-09,Lithuania,Greece,80.810647,61.795463
1303,3,1,2025-09-10,Finland,Georgia,78.405377,71.156528
1303,4,1,2025-09-10,Germany,Slovenia,97.440916,84.260454
1304,1,1,2025-09-09,Poland,Turkey,64.047241,69.737239
1304,2,1,2025-09-09,Lithuania,Greece,82.042828,75.229359
1304,3,1,2025-09-10,Finland,Georgia,92.696772,68.636858
1304,4,1,2025-09-10,Germany,Slovenia,124.68477,86.634265
1305,1,1,2025-09-09,Poland,Turkey,70.440424,88.568675
1305,2,1,2025-09-09,Lithuania,Greece,94.838775,87.905602
1305,3,1,2025-09-10,Finland,Georgia,100.02027,72.783619
1305,4,1,2025-09-10,Germany,Slovenia,86.482781,76.181929
1306,1,1,2025-09-09,Poland,Turkey,80.188665,91.409694
1306,2,1,2025-09-09,Lithuania,Greece,87.610789,80.193366
1306,3,1,2025-09-10,Finland,Georgia,115.67138,84.26185
1306,4,1,2025-09-10,Germany,Slovenia,92.505961,81.267889
1307,1,1,2025-09-09,Poland,Turkey,85.334718,100.5728
1307,2,1,2025-09-09,Lithuania,Greece,75.416373,76.549325
1307,3,1,2025-09-10,Finland,Georgia,110.10259,70.309246
1307,4,1,2025-09-10,Germany,Slovenia,111.92865,93.111165
1308,1,1,2025-09-09,Poland,Turkey,83.727552,86.97663
1308,2,1,2025-09-09,Lithuania,Greece,91.850435,87.318572
1308,3,1,2025-09-10,Finland,Georgia,93.307918,68.010336
1308,4,1,2025-09-10,Germany,Slovenia,107.73786,86.513546
1309,1,1,2025-09-09,Poland,Turkey,70.858366,91.019589
1309,2,1,2025-09-09,Lithuania,Greece,109.13155,49.466677
1309,3,1,2025-09-10,Finland,Georgia,100.74312,66.359195
1309,4,1,2025-09-10,Germany,Slovenia,104.25401,82.900176
1310,1,1,2025-09-09,Poland,Turkey,87.355961,93.342639
1310,2,1,2025-09-09,Lithuania,Greece,95.22386,88.627714
1310,3,1,2025-09-10,Finland,Georgia,106.72799,68.473951
1310,4,1,2025-09-10,Germany,Slovenia,102.66958,110.19404
1311,1,1,2025-09-09,Poland,Turkey,65.986122,95.54937
1311,2,1,2025-09-09,Lithuania,Greece,92.82659,87.602762
1311,3,1,2025-09-10,Finland,Georgia,83.800252,66.286981
1311,4,1,2025-09-10,Germany,Slovenia,108.39623,81.183104
1312,1,1,2025-09-09,Poland,Turkey,72.837942,98.644338
1312,2,1,2025-09-09,Lithuania,Greece,92.220435,77.885498
1312,3,1,2025-09-10,Finland,Georgia,99.590141,80.676673
1312,4,1,2025-09-10,Germany,Slovenia,111.65463,86.329504
1313,1,1,2025-09-09,Poland,Turkey,82.072983,80.837467
1313,2,1,2025-09-09,Lithuania,Greece,54.376596,74.566425
1313,3,1,2025-09-10,Finland,Georgia,105.37586,70.103119
1313,4,1,2025-09-10,Germany,Slovenia,97.956569,80.406197
1314,1,1,2025-09-09,Poland,Turkey,92.432449,89.512217
1314,2,1,2025-09-09,Lithuania,Greece,90.927732,93.699593
1314,3,1,2025-09-10,Finland,Georgia,103.54307,75.778212
1314,4,1,2025-09-10,Germany,Slovenia,108.65743,92.07619
1315,1,1,2025-09-09,Poland,Turkey,77.563974,83.031815
1315,2,1,2025-09-09,Lithuania,Greece,76.534453,74.938672
1315,3,1,2025-09-10,Finland,Georgia,85.125619,78.97149
1315,4,1,2025-09-10,Germany,Slovenia,100.19673,100.89344
1316,1,1,2025-09-09,Poland,Turkey,68.603834,69.05295
1316,2,1,2025-09-09,Lithuania,Greece,70.508376,70.519241
1316,3,1,2025-09-10,Finland,Georgia,87.229081,86.055786
1316,4,1,2025-09-10,Germany,Slovenia,87.929007,77.253148
1317,1,1,2025-09-09,Poland,Turkey,95.74325,88.07506
1317,2,1,2025-09-09,Lithuania,Greece,73.391689,66.666115
1317,3,1,2025-09-10,Finland,Georgia,93.080278,57.010298
1317,4,1,2025-09-10,Germany,Slovenia,115.79199,73.122917
1318,1,1,2025-09-09,Poland,Turkey,97.91239,97.532454
1318,2,1,2025-09-09,Lithuania,Greece,88.208647,91.950613
1318,3,1,2025-09-10,Finland,Georgia,86.118343,80.77708
1318,4,1,2025-09-10,Germany,Slovenia,104.02941,97.071955
1319,1,1,2025-09-09,Poland,Turkey,66.114323,93.555245
1319,2,1,2025-09-09,Lithuania,Greece,69.960536,75.769331
1319,3,1,2025-09-10,Finland,Georgia,86.026968,82.993331
1319,4,1,2025-09-10,Germany,Slovenia,111.94469,56.829418
1320,1,1,2025-09-09,Poland,Turkey,100.63885,117.05961
1320,2,1,2025-09-09,Lithuania,Greece,84.641902,69.404006
1320,3,1,2025-09-10,Finland,Georgia,102.19238,80.302678
1320,4,1,2025-09-10,Germany,Slovenia,79.713056,85.123093
1321,1,1,2025-09-09,Poland,Turkey,83.832523,85.266443
1321,2,1,2025-09-09,Lithuania,Greece,108.41116,67.000837
1321,3,1,2025-09-10,Finland,Georgia,98.145897,71.478616
1321,4,1,2025-09-10,Germany,Slovenia,101.36984,100.19414
1322,1,1,2025-09-09,Poland,Turkey,78.831658,100.55033
1322,2,1,2025-09-09,Lithuania,Greece,82.487148,83.777648
1322,3,1,2025-09-10,Finland,Georgia,105.98435,84.729917
1322,4,1,2025-09-10,Germany,Slovenia,99.375951,93.290218
1323,1,1,2025-09-09,Poland,Turkey,71.800254,95.188644
1323,2,1,2025-09-09,Lithuania,Greece,76.323981,79.56076
1323,3,1,2025-09-10,Finland,Georgia,79.834868,63.218068
1323,4,1,2025-09-10,Germany,Slovenia,88.60821,81.343264
1324,1,1,2025-09-09,Poland,Turkey,63.082914,90.404458
1324,2,1,2025-09-09,Lithuania,Greece,94.283406,56.314475
1324,3,1,2025-09-10,Finland,Georgia,109.59326,69.330506
1324,4,1,2025-09-10,Germany,Slovenia,101.84544,89.734733
1325,1,1,2025-09-09,Poland,Turkey,69.73619,67.971124
1325,2,1,2025-09-09,Lithuania,Greece,74.937924,71.391692
1325,3,1,2025-09-10,Finland,Georgia,101.34831,68.681071
1325,4,1,2025-09-10,Germany,Slovenia,86.044239,89.75718
1326,1,1,2025-09-09,Poland,Turkey,88.417305,78.67442
1326,2,1,2025-09-09,Lithuania,Greece,95.905632,81.831919
1326,3,1,2025-09-10,Finland,Georgia,93.433249,69.182449
1326,4,1,2025-09-10,Germany,Slovenia,102.49965,89.226374
1327,1,1,2025-09-09,Poland,Turkey,78.807443,78.121268
1327,2,1,2025-09-09,Lithuania,Greece,73.679063,84.77808
1327,3,1,2025-09-10,Finland,Georgia,104.87536,67.015773
1327,4,1,2025-09-10,Germany,Slovenia,101.18219,94.987428
1328,1,1,2025-09-09,Poland,Turkey,76.881152,83.874881
1328,2,1,2025-09-09,Lithuania,Greece,97.968054,81.816623
1328,3,1,2025-09-10,Finland,Georgia,106.9172,67.063664
1328,4,1,2025-09-10,Germany,Slovenia,96.877163,86.082605
1329,1,1,2025-09-09,Poland,Turkey,79.719726,94.145618
1329,2,1,2025-09-09,Lithuania,Greece,83.698998,74.670549
1329,3,1,2025-09-10,Finland,Georgia,91.908213,57.638394
1329,4,1,2025-09-10,Germany,Slovenia,116.18661,70.092333
1330,1,1,2025-09-09,Poland,Turkey,89.824394,105.25969
1330,2,1,2025-09-09,Lithuania,Greece,80.87285,89.638583
1330,3,1,2025-09-10,Finland,Georgia,87.617769,56.643529
1330,4,1,2025-09-10,Germany,Slovenia,82.642893,74.833395
1331,1,1,2025-09-09,Poland,Turkey,81.644622,96.012831
1331,2,1,2025-09-09,Lithuania,Greece,76.869927,81.317085
1331,3,1,2025-09-10,Finland,Georgia,83.617278,77.274467
1331,4,1,2025-09-10,Germany,Slovenia,89.116848,76.313372
1332,1,1,2025-09-09,Poland,Turkey,74.828805,87.47646
1332,2,1,2025-09-09,Lithuania,Greece,89.609899,79.125889
1332,3,1,2025-09-10,Finland,Georgia,109.14927,76.102013
1332,4,1,2025-09-10,Germany,Slovenia,107.66887,81.774231
1333,1,1,2025-09-09,Poland,Turkey,66.266457,85.923336
1333,2,1,2025-09-09,Lithuania,Greece,108.22756,116.05969
1333,3,1,2025-09-10,Finland,Georgia,104.93618,87.937015
1333,4,1,2025-09-10,Germany,Slovenia,87.943892,78.785967
1334,1,1,2025-09-09,Poland,Turkey,71.329747,100.36576
1334,2,1,2025-09-09,Lithuania,Greece,90.126874,67.625725
1334,3,1,2025-09-10,Finland,Georgia,99.633975,79.150525
1334,4,1,2025-09-10,Germany,Slovenia,86.867434,75.214315
1335,1,1,2025-09-09,Poland,Turkey,88.430827,101.68407
1335,2,1,2025-09-09,Lithuania,Greece,85.633822,82.170957
1335,3,1,2025-09-10,Finland,Georgia,84.89155,68.830132
1335,4,1,2025-09-10,Germany,Slovenia,90.504759,78.328374
1336,1,1,2025-09-09,Poland,Turkey,81.070426,68.421531
1336,2,1,2025-09-09,Lithuania,Greece,101.64496,90.825867
1336,3,1,2025-09-10,Finland,Georgia,100.39574,91.439274
1336,4,1,2025-09-10,Germany,Slovenia,106.97807,85.574457
1337,1,1,2025-09-09,Poland,Turkey,77.813435,74.061685
1337,2,1,2025-09-09,Lithuania,Greece,105.73944,71.419802
1337,3,1,2025-09-10,Finland,Georgia,96.901952,75.523865
1337,4,1,2025-09-10,Germany,Slovenia,118.0233,97.254166
1338,1,1,2025-09-09,Poland,Turkey,74.393845,95.125469
1338,2,1,2025-09-09,Lithuania,Greece,71.478773,86.2198
1338,3,1,2025-09-10,Finland,Georgia,85.8882,64.114615
1338,4,1,2025-09-10,Germany,Slovenia,99.713423,117.61599
1339,1,1,2025-09-09,Poland,Turkey,72.102856,87.464193
1339,2,1,2025-09-09,Lithuania,Greece,87.842265,80.627319
1339,3,1,2025-09-10,Finland,Georgia,97.624219,91.211113
1339,4,1,2025-09-10,Germany,Slovenia,105.37136,85.081678
1340,1,1,2025-09-09,Poland,Turkey,73.092791,95.860032
1340,2,1,2025-09-09,Lithuania,Greece,83.00226,85.164623
1340,3,1,2025-09-10,Finland,Georgia,106.06856,66.772499
1340,4,1,2025-09-10,Germany,Slovenia,103.83807,82.220321
1341,1,1,2025-09-09,Poland,Turkey,73.900395,88.620048
1341,2,1,2025-09-09,Lithuania,Greece,71.073284,55.681528
1341,3,1,2025-09-10,Finland,Georgia,83.313031,63.581034
1341,4,1,2025-09-10,Germany,Slovenia,104.96871,86.246201
1342,1,1,2025-09-09,Poland,Turkey,86.910711,82.065916
1342,2,1,2025-09-09,Lithuania,Greece,85.676357,76.310364
1342,3,1,2025-09-10,Finland,Georgia,90.615062,57.73832
1342,4,1,2025-09-10,Germany,Slovenia,131.6652,72.992909
1343,1,1,2025-09-09,Poland,Turkey,66.044471,70.757902
1343,2,1,2025-09-09,Lithuania,Greece,83.004229,84.89426
1343,3,1,2025-09-10,Finland,Georgia,106.06615,90.250365
1343,4,1,2025-09-10,Germany,Slovenia,104.79652,78.648656
1344,1,1,2025-09-09,Poland,Turkey,63.465966,66.488075
1344,2,1,2025-09-09,Lithuania,Greece,85.323492,63.477405
1344,3,1,2025-09-10,Finland,Georgia,97.586084,69.979205
1344,4,1,2025-09-10,Germany,Slovenia,86.038254,82.387758
1345,1,1,2025-09-09,Poland,Turkey,77.041987,71.556208
1345,2,1,2025-09-09,Lithuania,Greece,80.069286,74.038776
1345,3,1,2025-09-10,Finland,Georgia,81.165512,53.522655
1345,4,1,2025-09-10,Germany,Slovenia,102.94496,84.024362
1346,1,1,2025-09-09,Poland,Turkey,68.109022,87.185891
1346,2,1,2025-09-09,Lithuania,Greece,104.45323,83.481261
1346,3,1,2025-09-10,Finland,Georgia,101.11771,82.497181
1346,4,1,2025-09-10,Germany,Slovenia,99.622185,96.508322
1347,1,1,2025-09-09,Poland,Turkey,90.207414,109.53038
1347,2,1,2025-09-09,Lithuania,Greece,73.921845,76.336557
1347,3,1,2025-09-10,Finland,Georgia,85.14061,77.175446
1347,4,1,2025-09-10,Germany,Slovenia,94.908946,80.840949
1348,1,1,2025-09-09,Poland,Turkey,77.019719,99.49707
1348,2,1,2025-09-09,Lithuania,Greece,93.766481,82.375586
1348,3,1,2025-09-10,Finland,Georgia,104.50658,67.672558
1348,4,1,2025-09-10,Germany,Slovenia,89.462495,102.5757
1349,1,1,2025-09-09,Poland,Turkey,75.069061,87.664891
1349,2,1,2025-09-09,Lithuania,Greece,84.33503,72.083334
1349,3,1,2025-09-10,Finland,Georgia,76.405213,58.957224
1349,4,1,2025-09-10,Germany,Slovenia,108.56224,82.514403
1350,1,1,2025-09-09,Poland,Turkey,86.436261,85.37353
1350,2,1,2025-09-09,Lithuania,Greece,87.526407,67.190174
1350,3,1,2025-09-10,Finland,Georgia,85.848337,83.072137
1350,4,1,2025-09-10,Germany,Slovenia,95.320277,85.287754
1351,1,1,2025-09-09,Poland,Turkey,83.639059,68.023011
1351,2,1,2025-09-09,Lithuania,Greece,92.631454,79.094445
1351,3,1,2025-09-10,Finland,Georgia,110.26093,88.316605
1351,4,1,2025-09-10,Germany,Slovenia,119.60506,90.547921
1352,1,1,2025-09-09,Poland,Turkey,73.885973,81.331393
1352,2,1,2025-09-09,Lithuania,Greece,88.787756,90.082235
1352,3,1,2025-09-10,Finland,Georgia,85.032403,71.351662
1352,4,1,2025-09-10,Germany,Slovenia,104.54262,106.30772
1353,1,1,2025-09-09,Poland,Turkey,68.219655,74.795489
1353,2,1,2025-09-09,Lithuania,Greece,74.807987,67.869419
1353,3,1,2025-09-10,Finland,Georgia,92.65309,83.651637
1353,4,1,2025-09-10,Germany,Slovenia,92.957166,98.20051
1354,1,1,2025-09-09,Poland,Turkey,73.768399,83.06993
1354,2,1,2025-09-09,Lithuania,Greece,88.188215,84.711101
1354,3,1,2025-09-10,Finland,Georgia,93.705678,60.030019
1354,4,1,2025-09-10,Germany,Slovenia,110.10227,83.49867
1355,1,1,2025-09-09,Poland,Turkey,72.83089,72.972728
1355,2,1,2025-09-09,Lithuania,Greece,95.236233,69.912747
1355,3,1,2025-09-10,Finland,Georgia,88.60942,70.778842
1355,4,1,2025-09-10,Germany,Slovenia,121.51173,81.967025
1356,1,1,2025-09-09,Poland,Turkey,91.493977,94.28095
1356,2,1,2025-09-09,Lithuania,Greece,67.856929,74.834959
1356,3,1,2025-09-10,Finland,Georgia,106.09033,79.384735
1356,4,1,2025-09-10,Germany,Slovenia,98.442386,97.646697
1357,1,1,2025-09-09,Poland,Turkey,72.367823,81.475905
1357,2,1,2025-09-09,Lithuania,Greece,79.057805,72.815659
1357,3,1,2025-09-10,Finland,Georgia,90.433355,80.276399
1357,4,1,2025-09-10,Germany,Slovenia,99.930714,78.359789
1358,1,1,2025-09-09,Poland,Turkey,75.804198,72.972171
1358,2,1,2025-09-09,Lithuania,Greece,110.88451,83.129106
1358,3,1,2025-09-10,Finland,Georgia,84.972621,68.440801
1358,4,1,2025-09-10,Germany,Slovenia,120.39982,99.049627
1359,1,1,2025-09-09,Poland,Turkey,81.749934,91.905192
1359,2,1,2025-09-09,Lithuania,Greece,104.78082,77.440669
1359,3,1,2025-09-10,Finland,Georgia,85.769415,85.611056
1359,4,1,2025-09-10,Germany,Slovenia,90.877397,100.68936
1360,1,1,2025-09-09,Poland,Turkey,62.311633,70.139218
1360,2,1,2025-09-09,Lithuania,Greece,90.954679,92.55104
1360,3,1,2025-09-10,Finland,Georgia,83.975842,91.061205
1360,4,1,2025-09-10,Germany,Slovenia,95.422436,69.720385
1361,1,1,2025-09-09,Poland,Turkey,70.103487,83.560613
1361,2,1,2025-09-09,Lithuania,Greece,99.552305,78.314871
1361,3,1,2025-09-10,Finland,Georgia,92.087813,69.871954
1361,4,1,2025-09-10,Germany,Slovenia,115.65023,84.53665
1362,1,1,2025-09-09,Poland,Turkey,67.098297,78.548734
1362,2,1,2025-09-09,Lithuania,Greece,96.696868,107.57586
1362,3,1,2025-09-10,Finland,Georgia,97.40345,81.562897
1362,4,1,2025-09-10,Germany,Slovenia,102.67345,70.801608
1363,1,1,2025-09-09,Poland,Turkey,70.629996,96.167944
1363,2,1,2025-09-09,Lithuania,Greece,97.172632,77.674402
1363,3,1,2025-09-10,Finland,Georgia,101.28601,83.174927
1363,4,1,2025-09-10,Germany,Slovenia,102.47372,82.005198
1364,1,1,2025-09-09,Poland,Turkey,89.611897,115.50301
1364,2,1,2025-09-09,Lithuania,Greece,75.091541,79.896746
1364,3,1,2025-09-10,Finland,Georgia,90.261195,83.945247
1364,4,1,2025-09-10,Germany,Slovenia,100.04797,74.642082
1365,1,1,2025-09-09,Poland,Turkey,80.123665,101.83865
1365,2,1,2025-09-09,Lithuania,Greece,95.229165,54.279338
1365,3,1,2025-09-10,Finland,Georgia,112.15907,65.664792
1365,4,1,2025-09-10,Germany,Slovenia,92.380153,84.102192
1366,1,1,2025-09-09,Poland,Turkey,77.860945,93.983309
1366,2,1,2025-09-09,Lithuania,Greece,73.836543,74.181316
1366,3,1,2025-09-10,Finland,Georgia,97.316813,66.448166
1366,4,1,2025-09-10,Germany,Slovenia,129.59205,83.977613
1367,1,1,2025-09-09,Poland,Turkey,86.882068,85.006663
1367,2,1,2025-09-09,Lithuania,Greece,80.611684,48.953616
1367,3,1,2025-09-10,Finland,Georgia,103.59393,72.592235
1367,4,1,2025-09-10,Germany,Slovenia,97.308485,85.170813
1368,1,1,2025-09-09,Poland,Turkey,73.748025,90.76886
1368,2,1,2025-09-09,Lithuania,Greece,86.881724,75.08311
1368,3,1,2025-09-10,Finland,Georgia,102.13124,76.038021
1368,4,1,2025-09-10,Germany,Slovenia,125.594,88.503349
1369,1,1,2025-09-09,Poland,Turkey,79.03435,76.816311
1369,2,1,2025-09-09,Lithuania,Greece,86.103305,71.083117
1369,3,1,2025-09-10,Finland,Georgia,101.69489,82.470881
1369,4,1,2025-09-10,Germany,Slovenia,115.82191,60.334708
1370,1,1,2025-09-09,Poland,Turkey,78.929717,82.696335
1370,2,1,2025-09-09,Lithuania,Greece,95.118737,73.315533
1370,3,1,2025-09-10,Finland,Georgia,82.291908,84.454254
1370,4,1,2025-09-10,Germany,Slovenia,85.481948,85.935866
1371,1,1,2025-09-09,Poland,Turkey,31.200239,66.029428
1371,2,1,2025-09-09,Lithuania,Greece,79.696229,85.718265
1371,3,1,2025-09-10,Finland,Georgia,92.543786,73.345598
1371,4,1,2025-09-10,Germany,Slovenia,118.76007,78.66915
1372,1,1,2025-09-09,Poland,Turkey,100.0418,89.066138
1372,2,1,2025-09-09,Lithuania,Greece,92.925099,98.888431
1372,3,1,2025-09-10,Finland,Georgia,96.239651,76.645692
1372,4,1,2025-09-10,Germany,Slovenia,108.16053,80.02799
1373,1,1,2025-09-09,Poland,Turkey,86.028655,85.769202
1373,2,1,2025-09-09,Lithuania,Greece,92.750904,97.874653
1373,3,1,2025-09-10,Finland,Georgia,92.890196,86.92847
1373,4,1,2025-09-10,Germany,Slovenia,83.723233,63.767241
1374,1,1,2025-09-09,Poland,Turkey,98.758888,85.670747
1374,2,1,2025-09-09,Lithuania,Greece,105.7435,77.509486
1374,3,1,2025-09-10,Finland,Georgia,107.34954,85.427579
1374,4,1,2025-09-10,Germany,Slovenia,104.40623,93.25027
1375,1,1,2025-09-09,Poland,Turkey,23.728304,73.782596
1375,2,1,2025-09-09,Lithuania,Greece,115.27849,76.950428
1375,3,1,2025-09-10,Finland,Georgia,66.997641,55.623912
1375,4,1,2025-09-10,Germany,Slovenia,121.77807,88.744017
1376,1,1,2025-09-09,Poland,Turkey,65.647757,84.587812
1376,2,1,2025-09-09,Lithuania,Greece,88.044059,73.949052
1376,3,1,2025-09-10,Finland,Georgia,100.41908,78.213241
1376,4,1,2025-09-10,Germany,Slovenia,98.585219,74.89868
1377,1,1,2025-09-09,Poland,Turkey,77.210601,102.26561
1377,2,1,2025-09-09,Lithuania,Greece,76.773072,61.975101
1377,3,1,2025-09-10,Finland,Georgia,108.9741,85.1254
1377,4,1,2025-09-10,Germany,Slovenia,93.014627,76.322738
1378,1,1,2025-09-09,Poland,Turkey,78.885022,94.79856
1378,2,1,2025-09-09,Lithuania,Greece,85.933749,65.536643
1378,3,1,2025-09-10,Finland,Georgia,93.344449,66.697259
1378,4,1,2025-09-10,Germany,Slovenia,106.643,95.442209
1379,1,1,2025-09-09,Poland,Turkey,66.278058,94.720807
1379,2,1,2025-09-09,Lithuania,Greece,72.006832,65.131302
1379,3,1,2025-09-10,Finland,Georgia,91.635325,96.863469
1379,4,1,2025-09-10,Germany,Slovenia,108.2852,92.007951
1380,1,1,2025-09-09,Poland,Turkey,51.584859,76.027702
1380,2,1,2025-09-09,Lithuania,Greece,100.05471,85.388593
1380,3,1,2025-09-10,Finland,Georgia,99.063173,69.193418
1380,4,1,2025-09-10,Germany,Slovenia,96.19764,95.371471
1381,1,1,2025-09-09,Poland,Turkey,104.42244,77.514592
1381,2,1,2025-09-09,Lithuania,Greece,79.001197,67.197687
1381,3,1,2025-09-10,Finland,Georgia,93.184394,73.032624
1381,4,1,2025-09-10,Germany,Slovenia,100.92099,86.130143
1382,1,1,2025-09-09,Poland,Turkey,67.440804,70.821449
1382,2,1,2025-09-09,Lithuania,Greece,94.501213,55.832732
1382,3,1,2025-09-10,Finland,Georgia,88.762854,77.35772
1382,4,1,2025-09-10,Germany,Slovenia,99.913247,95.449069
1383,1,1,2025-09-09,Poland,Turkey,95.685046,99.848107
1383,2,1,2025-09-09,Lithuania,Greece,80.697531,80.897866
1383,3,1,2025-09-10,Finland,Georgia,73.939505,74.927546
1383,4,1,2025-09-10,Germany,Slovenia,88.029333,76.857059
1384,1,1,2025-09-09,Poland,Turkey,85.892283,83.904774
1384,2,1,2025-09-09,Lithuania,Greece,74.550142,94.896049
1384,3,1,2025-09-10,Finland,Georgia,79.626043,81.111766
1384,4,1,2025-09-10,Germany,Slovenia,121.66585,101.64853
1385,1,1,2025-09-09,Poland,Turkey,73.319322,86.956797
1385,2,1,2025-09-09,Lithuania,Greece,83.240296,65.340176
1385,3,1,2025-09-10,Finland,Georgia,87.953883,97.540187
1385,4,1,2025-09-10,Germany,Slovenia,90.90624,102.21371
1386,1,1,2025-09-09,Poland,Turkey,59.210621,77.330703
1386,2,1,2025-09-09,Lithuania,Greece,93.099225,89.549398
1386,3,1,2025-09-10,Finland,Georgia,89.74828,65.258576
1386,4,1,2025-09-10,Germany,Slovenia,100.15204,99.609411
1387,1,1,2025-09-09,Poland,Turkey,83.88297,68.19236
1387,2,1,2025-09-09,Lithuania,Greece,89.102343,64.348644
1387,3,1,2025-09-10,Finland,Georgia,67.435482,67.225736
1387,4,1,2025-09-10,Germany,Slovenia,125.15464,69.420176
1388,1,1,2025-09-09,Poland,Turkey,87.425015,91.706772
1388,2,1,2025-09-09,Lithuania,Greece,89.493512,82.038084
1388,3,1,2025-09-10,Finland,Georgia,123.96964,99.844936
1388,4,1,2025-09-10,Germany,Slovenia,92.614289,78.216627
1389,1,1,2025-09-09,Poland,Turkey,79.618901,84.454973
1389,2,1,2025-09-09,Lithuania,Greece,88.798361,78.561351
1389,3,1,2025-09-10,Finland,Georgia,96.473081,90.660182
1389,4,1,2025-09-10,Germany,Slovenia,95.839601,54.873613
1390,1,1,2025-09-09,Poland,Turkey,75.005248,72.076481
1390,2,1,2025-09-09,Lithuania,Greece,84.990848,70.502441
1390,3,1,2025-09-10,Finland,Georgia,106.24959,65.861527
1390,4,1,2025-09-10,Germany,Slovenia,87.926583,79.717225
1391,1,1,2025-09-09,Poland,Turkey,76.615996,85.344056
1391,2,1,2025-09-09,Lithuania,Greece,89.174843,74.743917
1391,3,1,2025-09-10,Finland,Georgia,93.515113,73.448237
1391,4,1,2025-09-10,Germany,Slovenia,107.16622,75.4323
1392,1,1,2025-09-09,Poland,Turkey,72.681525,97.537859
1392,2,1,2025-09-09,Lithuania,Greece,86.599633,62.044461
1392,3,1,2025-09-10,Finland,Georgia,80.876634,78.495866
1392,4,1,2025-09-10,Germany,Slovenia,101.74607,90.197083
1393,1,1,2025-09-09,Poland,Turkey,46.193266,79.965535
1393,2,1,2025-09-09,Lithuania,Greece,67.549579,87.548944
1393,3,1,2025-09-10,Finland,Georgia,83.600759,81.862629
1393,4,1,2025-09-10,Germany,Slovenia,100.44826,87.113824
1394,1,1,2025-09-09,Poland,Turkey,85.073829,76.684321
1394,2,1,2025-09-09,Lithuania,Greece,86.438758000000007,81.54789
1394,3,1,2025-09-10,Finland,Georgia,90.92842,75.010574
1394,4,1,2025-09-10,Germany,Slovenia,120.3385,94.298305
1395,1,1,2025-09-09,Poland,Turkey,81.477028,91.005649
1395,2,1,2025-09-09,Lithuania,Greece,80.264769,67.059437
1395,3,1,2025-09-10,Finland,Georgia,98.929684,81.77923
1395,4,1,2025-09-10,Germany,Slovenia,108.47166,75.84291
1396,1,1,2025-09-09,Poland,Turkey,81.678057,91.050816
1396,2,1,2025-09-09,Lithuania,Greece,103.9751,73.228927
1396,3,1,2025-09-10,Finland,Georgia,80.344967,80.348147
1396,4,1,2025-09-10,Germany,Slovenia,115.87434,101.01476
1397,1,1,2025-09-09,Poland,Turkey,82.65364,101.48706
1397,2,1,2025-09-09,Lithuania,Greece,74.082981,79.60257
1397,3,1,2025-09-10,Finland,Georgia,75.677256,97.222448
1397,4,1,2025-09-10,Germany,Slovenia,115.78422,73.023731
1398,1,1,2025-09-09,Poland,Turkey,80.796346,81.37847
1398,2,1,2025-09-09,Lithuania,Greece,76.425855,73.693353
1398,3,1,2025-09-10,Finland,Georgia,95.418863,75.158958
1398,4,1,2025-09-10,Germany,Slovenia,94.757825,88.912859
1399,1,1,2025-09-09,Poland,Turkey,80.569142,117.97802
1399,2,1,2025-09-09,Lithuania,Greece,87.590424,80.475695
1399,3,1,2025-09-10,Finland,Georgia,101.28317,83.36408
1399,4,1,2025-09-10,Germany,Slovenia,98.579859,102.61403
1400,1,1,2025-09-09,Poland,Turkey,82.119259,78.012305
1400,2,1,2025-09-09,Lithuania,Greece,84.239934,62.135738
1400,3,1,2025-09-10,Finland,Georgia,92.800049,74.26182
1400,4,1,2025-09-10,Germany,Slovenia,110.9197,77.575165
1401,1,1,2025-09-09,Poland,Turkey,58.108111,81.913266
1401,2,1,2025-09-09,Lithuania,Greece,79.705455,60.329752
1401,3,1,2025-09-10,Finland,Georgia,92.895475,86.161334
1401,4,1,2025-09-10,Germany,Slovenia,98.831663,89.369511
1402,1,1,2025-09-09,Poland,Turkey,70.041227,96.235116
1402,2,1,2025-09-09,Lithuania,Greece,90.452341,91.407807
1402,3,1,2025-09-10,Finland,Georgia,79.187811,67.740268
1402,4,1,2025-09-10,Germany,Slovenia,95.434457,76.117585
1403,1,1,2025-09-09,Poland,Turkey,81.805651,84.948094
1403,2,1,2025-09-09,Lithuania,Greece,105.4091,60.913295
1403,3,1,2025-09-10,Finland,Georgia,91.718337,79.563965
1403,4,1,2025-09-10,Germany,Slovenia,96.178659,85.149329
1404,1,1,2025-09-09,Poland,Turkey,74.849276,88.08156
1404,2,1,2025-09-09,Lithuania,Greece,61.326243,71.071853
1404,3,1,2025-09-10,Finland,Georgia,95.743981,69.812222
1404,4,1,2025-09-10,Germany,Slovenia,81.752789,106.46865
1405,1,1,2025-09-09,Poland,Turkey,58.424847,78.997496
1405,2,1,2025-09-09,Lithuania,Greece,74.267157,69.055339
1405,3,1,2025-09-10,Finland,Georgia,83.159627,91.100649
1405,4,1,2025-09-10,Germany,Slovenia,111.33919,118.20485
1406,1,1,2025-09-09,Poland,Turkey,78.698445,91.412247
1406,2,1,2025-09-09,Lithuania,Greece,95.204608,87.623046
1406,3,1,2025-09-10,Finland,Georgia,101.22707,82.71302
1406,4,1,2025-09-10,Germany,Slovenia,85.158809,83.20254
1407,1,1,2025-09-09,Poland,Turkey,98.102555,96.706103
1407,2,1,2025-09-09,Lithuania,Greece,87.974451,66.024503
1407,3,1,2025-09-10,Finland,Georgia,112.05422,68.367174
1407,4,1,2025-09-10,Germany,Slovenia,114.18327,74.874807
1408,1,1,2025-09-09,Poland,Turkey,91.7682,91.416437
1408,2,1,2025-09-09,Lithuania,Greece,98.083005,57.983973
1408,3,1,2025-09-10,Finland,Georgia,121.57826,77.550374
1408,4,1,2025-09-10,Germany,Slovenia,90.099653,84.180437
1409,1,1,2025-09-09,Poland,Turkey,81.198316,71.015192
1409,2,1,2025-09-09,Lithuania,Greece,85.347182,90.969767
1409,3,1,2025-09-10,Finland,Georgia,98.901936,107.44731
1409,4,1,2025-09-10,Germany,Slovenia,90.065587,83.0829
1410,1,1,2025-09-09,Poland,Turkey,78.235593,71.121005
1410,2,1,2025-09-09,Lithuania,Greece,82.568202,87.877361
1410,3,1,2025-09-10,Finland,Georgia,80.837582,66.816477
1410,4,1,2025-09-10,Germany,Slovenia,115.67595,92.203557
1411,1,1,2025-09-09,Poland,Turkey,74.747603,82.435196
1411,2,1,2025-09-09,Lithuania,Greece,78.689986,65.241876
1411,3,1,2025-09-10,Finland,Georgia,90.67053,51.904404
1411,4,1,2025-09-10,Germany,Slovenia,122.70063,72.717512
1412,1,1,2025-09-09,Poland,Turkey,71.768679,88.074768
1412,2,1,2025-09-09,Lithuania,Greece,85.418526,64.665735
1412,3,1,2025-09-10,Finland,Georgia,97.017086,70.238413
1412,4,1,2025-09-10,Germany,Slovenia,97.494235,103.511
1413,1,1,2025-09-09,Poland,Turkey,88.01166,81.169089
1413,2,1,2025-09-09,Lithuania,Greece,79.656153,75.227256
1413,3,1,2025-09-10,Finland,Georgia,95.560291,77.020533
1413,4,1,2025-09-10,Germany,Slovenia,101.53517,76.018852
1414,1,1,2025-09-09,Poland,Turkey,89.369586,121.6472
1414,2,1,2025-09-09,Lithuania,Greece,81.702811,74.735736
1414,3,1,2025-09-10,Finland,Georgia,103.00475,62.578835
1414,4,1,2025-09-10,Germany,Slovenia,98.237287,68.574504
1415,1,1,2025-09-09,Poland,Turkey,92.598614,85.160196
1415,2,1,2025-09-09,Lithuania,Greece,94.160146,65.591276
1415,3,1,2025-09-10,Finland,Georgia,111.25969,70.925344
1415,4,1,2025-09-10,Germany,Slovenia,89.982882,78.058528
1416,1,1,2025-09-09,Poland,Turkey,89.24358,96.91327
1416,2,1,2025-09-09,Lithuania,Greece,91.555255,76.985222
1416,3,1,2025-09-10,Finland,Georgia,94.52898,78.869352
1416,4,1,2025-09-10,Germany,Slovenia,105.64961,88.771834
1417,1,1,2025-09-09,Poland,Turkey,66.650829,73.218283
1417,2,1,2025-09-09,Lithuania,Greece,91.597975,79.737129
1417,3,1,2025-09-10,Finland,Georgia,120.08737,94.563179
1417,4,1,2025-09-10,Germany,Slovenia,106.46734,88.643285
1418,1,1,2025-09-09,Poland,Turkey,81.813948,83.14097
1418,2,1,2025-09-09,Lithuania,Greece,121.93757,86.073464
1418,3,1,2025-09-10,Finland,Georgia,102.25847,74.374636
1418,4,1,2025-09-10,Germany,Slovenia,97.704798,70.444919
1419,1,1,2025-09-09,Poland,Turkey,71.249938,103.92029
1419,2,1,2025-09-09,Lithuania,Greece,86.893737,84.659159
1419,3,1,2025-09-10,Finland,Georgia,92.201588,56.777062
1419,4,1,2025-09-10,Germany,Slovenia,115.35281,76.575802
1420,1,1,2025-09-09,Poland,Turkey,77.031292,71.844059
1420,2,1,2025-09-09,Lithuania,Greece,63.691322,72.331848
1420,3,1,2025-09-10,Finland,Georgia,131.84462,88.636554
1420,4,1,2025-09-10,Germany,Slovenia,78.444157,89.97461
1421,1,1,2025-09-09,Poland,Turkey,84.416643,81.589738
1421,2,1,2025-09-09,Lithuania,Greece,90.450602,53.817631
1421,3,1,2025-09-10,Finland,Georgia,108.5587,76.748855
1421,4,1,2025-09-10,Germany,Slovenia,104.11589,83.422235
1422,1,1,2025-09-09,Poland,Turkey,69.610275,81.20412
1422,2,1,2025-09-09,Lithuania,Greece,72.766356,80.616924
1422,3,1,2025-09-10,Finland,Georgia,84.682437,74.544746
1422,4,1,2025-09-10,Germany,Slovenia,113.08681,95.655118
1423,1,1,2025-09-09,Poland,Turkey,61.461597,75.483617
1423,2,1,2025-09-09,Lithuania,Greece,86.469538,115.00812
1423,3,1,2025-09-10,Finland,Georgia,99.300488,75.922385
1423,4,1,2025-09-10,Germany,Slovenia,100.43522,94.395489
1424,1,1,2025-09-09,Poland,Turkey,90.17721,72.84523
1424,2,1,2025-09-09,Lithuania,Greece,91.892844,65.244883
1424,3,1,2025-09-10,Finland,Georgia,76.244365,58.194438
1424,4,1,2025-09-10,Germany,Slovenia,98.495879,85.637688
1425,1,1,2025-09-09,Poland,Turkey,78.780246,79.051238
1425,2,1,2025-09-09,Lithuania,Greece,80.636061,79.79066
1425,3,1,2025-09-10,Finland,Georgia,90.788998,78.524065
1425,4,1,2025-09-10,Germany,Slovenia,123.01628,80.969381
1426,1,1,2025-09-09,Poland,Turkey,76.391511,94.934488
1426,2,1,2025-09-09,Lithuania,Greece,78.578442,88.889626
1426,3,1,2025-09-10,Finland,Georgia,97.867698,78.025708
1426,4,1,2025-09-10,Germany,Slovenia,103.42971,76.655579
1427,1,1,2025-09-09,Poland,Turkey,66.144686,79.820434
1427,2,1,2025-09-09,Lithuania,Greece,89.37181,76.206335
1427,3,1,2025-09-10,Finland,Georgia,104.81411,60.950359
1427,4,1,2025-09-10,Germany,Slovenia,81.432743,81.285861
1428,1,1,2025-09-09,Poland,Turkey,64.385116,100.13034
1428,2,1,2025-09-09,Lithuania,Greece,92.660941,57.735663
1428,3,1,2025-09-10,Finland,Georgia,102.84130999999999,95.311921
1428,4,1,2025-09-10,Germany,Slovenia,107.79315,74.085658
1429,1,1,2025-09-09,Poland,Turkey,90.06731,96.597106
1429,2,1,2025-09-09,Lithuania,Greece,84.921487,72.242333
1429,3,1,2025-09-10,Finland,Georgia,115.23572,95.299847
1429,4,1,2025-09-10,Germany,Slovenia,107.62148,91.828729
1430,1,1,2025-09-09,Poland,Turkey,64.278887,77.924236
1430,2,1,2025-09-09,Lithuania,Greece,86.00152,73.083264
1430,3,1,2025-09-10,Finland,Georgia,92.220901,58.074634
1430,4,1,2025-09-10,Germany,Slovenia,108.33865,77.930713
1431,1,1,2025-09-09,Poland,Turkey,85.130958,81.029913
1431,2,1,2025-09-09,Lithuania,Greece,74.155729,68.622487
1431,3,1,2025-09-10,Finland,Georgia,98.604076,69.255862
1431,4,1,2025-09-10,Germany,Slovenia,87.319639,84.180867
1432,1,1,2025-09-09,Poland,Turkey,83.754742,90.94873
1432,2,1,2025-09-09,Lithuania,Greece,90.686006,62.275263
1432,3,1,2025-09-10,Finland,Georgia,95.223879,73.568603
1432,4,1,2025-09-10,Germany,Slovenia,94.637436,80.590967
1433,1,1,2025-09-09,Poland,Turkey,87.356313,85.215834
1433,2,1,2025-09-09,Lithuania,Greece,78.239211,71.154073
1433,3,1,2025-09-10,Finland,Georgia,104.47844,79.93037
1433,4,1,2025-09-10,Germany,Slovenia,99.998279,66.192281
1434,1,1,2025-09-09,Poland,Turkey,73.189034,93.920694
1434,2,1,2025-09-09,Lithuania,Greece,83.733175,76.961062
1434,3,1,2025-09-10,Finland,Georgia,92.296902,78.229728
1434,4,1,2025-09-10,Germany,Slovenia,97.846715,91.79333
1435,1,1,2025-09-09,Poland,Turkey,60.807401,91.813435
1435,2,1,2025-09-09,Lithuania,Greece,77.948697,61.115485
1435,3,1,2025-09-10,Finland,Georgia,97.718281,79.225181
1435,4,1,2025-09-10,Germany,Slovenia,100.74978,89.33814
1436,1,1,2025-09-09,Poland,Turkey,86.689756,84.696387
1436,2,1,2025-09-09,Lithuania,Greece,91.675349,74.804306
1436,3,1,2025-09-10,Finland,Georgia,99.947225,70.82995
1436,4,1,2025-09-10,Germany,Slovenia,111.36553,65.812146
1437,1,1,2025-09-09,Poland,Turkey,78.854126,82.681888
1437,2,1,2025-09-09,Lithuania,Greece,118.4001,74.844405
1437,3,1,2025-09-10,Finland,Georgia,78.73507,60.091743
1437,4,1,2025-09-10,Germany,Slovenia,103.09679,77.332247
1438,1,1,2025-09-09,Poland,Turkey,80.11524,92.49673
1438,2,1,2025-09-09,Lithuania,Greece,86.743573,71.324155
1438,3,1,2025-09-10,Finland,Georgia,93.307592,76.364472
1438,4,1,2025-09-10,Germany,Slovenia,100.67608,83.33234
1439,1,1,2025-09-09,Poland,Turkey,84.894104,70.806722
1439,2,1,2025-09-09,Lithuania,Greece,96.172792,98.507545
1439,3,1,2025-09-10,Finland,Georgia,101.52242,67.556488
1439,4,1,2025-09-10,Germany,Slovenia,119.16933,86.345128
1440,1,1,2025-09-09,Poland,Turkey,87.622247,105.89929
1440,2,1,2025-09-09,Lithuania,Greece,105.71809,76.038282
1440,3,1,2025-09-10,Finland,Georgia,96.041494,85.786396
1440,4,1,2025-09-10,Germany,Slovenia,99.703299,79.738196
1441,1,1,2025-09-09,Poland,Turkey,69.005876,86.785207
1441,2,1,2025-09-09,Lithuania,Greece,73.671655,92.820481
1441,3,1,2025-09-10,Finland,Georgia,104.4452,97.236914
1441,4,1,2025-09-10,Germany,Slovenia,96.481896,87.72205
1442,1,1,2025-09-09,Poland,Turkey,86.873734,101.36952
1442,2,1,2025-09-09,Lithuania,Greece,75.480206,75.615083
1442,3,1,2025-09-10,Finland,Georgia,95.795085,58.341471
1442,4,1,2025-09-10,Germany,Slovenia,95.982646,95.416091
1443,1,1,2025-09-09,Poland,Turkey,70.565861,94.795412
1443,2,1,2025-09-09,Lithuania,Greece,89.069203,71.392495
1443,3,1,2025-09-10,Finland,Georgia,116.28948,92.296581
1443,4,1,2025-09-10,Germany,Slovenia,94.599813,80.983212
1444,1,1,2025-09-09,Poland,Turkey,78.488214,96.856056
1444,2,1,2025-09-09,Lithuania,Greece,69.357646,97.475854
1444,3,1,2025-09-10,Finland,Georgia,85.679012,84.004485
1444,4,1,2025-09-10,Germany,Slovenia,95.734552,94.037864
1445,1,1,2025-09-09,Poland,Turkey,66.814933,93.715922
1445,2,1,2025-09-09,Lithuania,Greece,89.267801,86.142577
1445,3,1,2025-09-10,Finland,Georgia,99.291705,69.396021
1445,4,1,2025-09-10,Germany,Slovenia,118.48985,82.783159
1446,1,1,2025-09-09,Poland,Turkey,68.653215,85.681608
1446,2,1,2025-09-09,Lithuania,Greece,77.298736,75.141306
1446,3,1,2025-09-10,Finland,Georgia,88.722741,67.89704
1446,4,1,2025-09-10,Germany,Slovenia,105.69264,85.696277
1447,1,1,2025-09-09,Poland,Turkey,62.093512,88.299775
1447,2,1,2025-09-09,Lithuania,Greece,76.288228,72.918373
1447,3,1,2025-09-10,Finland,Georgia,68.029799,73.29792
1447,4,1,2025-09-10,Germany,Slovenia,99.034333,108.5494
1448,1,1,2025-09-09,Poland,Turkey,43.671159,53.539278
1448,2,1,2025-09-09,Lithuania,Greece,71.491848,79.072846
1448,3,1,2025-09-10,Finland,Georgia,96.355667,67.480216
1448,4,1,2025-09-10,Germany,Slovenia,101.6794,74.178351
1449,1,1,2025-09-09,Poland,Turkey,90.034933,96.509819
1449,2,1,2025-09-09,Lithuania,Greece,109.36323,73.399849
1449,3,1,2025-09-10,Finland,Georgia,99.884802,86.250848
1449,4,1,2025-09-10,Germany,Slovenia,124.97649,79.066414
1450,1,1,2025-09-09,Poland,Turkey,53.596165,74.486735
1450,2,1,2025-09-09,Lithuania,Greece,97.825897,98.295225
1450,3,1,2025-09-10,Finland,Georgia,99.386146,72.332864
1450,4,1,2025-09-10,Germany,Slovenia,114.50656,81.711619
1451,1,1,2025-09-09,Poland,Turkey,69.47302,78.936867
1451,2,1,2025-09-09,Lithuania,Greece,87.146804,68.710177
1451,3,1,2025-09-10,Finland,Georgia,119.95169,68.256321
1451,4,1,2025-09-10,Germany,Slovenia,78.931942,55.487391
1452,1,1,2025-09-09,Poland,Turkey,66.872473,96.953452
1452,2,1,2025-09-09,Lithuania,Greece,83.711231,75.448341
1452,3,1,2025-09-10,Finland,Georgia,112.43639,92.302996
1452,4,1,2025-09-10,Germany,Slovenia,98.238129,87.226172
1453,1,1,2025-09-09,Poland,Turkey,78.635628,78.108514
1453,2,1,2025-09-09,Lithuania,Greece,96.160719,82.909214
1453,3,1,2025-09-10,Finland,Georgia,83.543772,54.068143
1453,4,1,2025-09-10,Germany,Slovenia,120.16669,106.78218
1454,1,1,2025-09-09,Poland,Turkey,72.381278,77.602224
1454,2,1,2025-09-09,Lithuania,Greece,87.465431,68.246139
1454,3,1,2025-09-10,Finland,Georgia,86.825082,76.175718
1454,4,1,2025-09-10,Germany,Slovenia,124.82617,92.011368
1455,1,1,2025-09-09,Poland,Turkey,80.606755,85.003378
1455,2,1,2025-09-09,Lithuania,Greece,82.024375,59.733226
1455,3,1,2025-09-10,Finland,Georgia,115.97741,75.762119
1455,4,1,2025-09-10,Germany,Slovenia,89.076314,106.15493
1456,1,1,2025-09-09,Poland,Turkey,71.307704,83.155338
1456,2,1,2025-09-09,Lithuania,Greece,81.218289,76.505228
1456,3,1,2025-09-10,Finland,Georgia,108.30654,62.248785
1456,4,1,2025-09-10,Germany,Slovenia,116.82254,119.08662
1457,1,1,2025-09-09,Poland,Turkey,76.654705,75.309689
1457,2,1,2025-09-09,Lithuania,Greece,95.786555,81.794375
1457,3,1,2025-09-10,Finland,Georgia,114.69672,75.671461
1457,4,1,2025-09-10,Germany,Slovenia,112.37279,102.23071
1458,1,1,2025-09-09,Poland,Turkey,69.414998,94.398407
1458,2,1,2025-09-09,Lithuania,Greece,74.73264,63.193108
1458,3,1,2025-09-10,Finland,Georgia,89.927019,71.203293
1458,4,1,2025-09-10,Germany,Slovenia,89.677488,96.559527
1459,1,1,2025-09-09,Poland,Turkey,95.350549,101.0812
1459,2,1,2025-09-09,Lithuania,Greece,81.067743,62.172789
1459,3,1,2025-09-10,Finland,Georgia,100.04174,91.947113
1459,4,1,2025-09-10,Germany,Slovenia,135.12809,76.757594
1460,1,1,2025-09-09,Poland,Turkey,71.493726,76.951369
1460,2,1,2025-09-09,Lithuania,Greece,78.423237,79.757246
1460,3,1,2025-09-10,Finland,Georgia,99.855928,83.314778
1460,4,1,2025-09-10,Germany,Slovenia,85.412139,75.734757
1461,1,1,2025-09-09,Poland,Turkey,62.321167,86.596638
1461,2,1,2025-09-09,Lithuania,Greece,91.405388,73.463263
1461,3,1,2025-09-10,Finland,Georgia,107.5119,92.882442
1461,4,1,2025-09-10,Germany,Slovenia,108.08446000000001,54.10422
1462,1,1,2025-09-09,Poland,Turkey,80.576468,86.643501
1462,2,1,2025-09-09,Lithuania,Greece,90.140478,68.940636
1462,3,1,2025-09-10,Finland,Georgia,94.226314,74.476562
1462,4,1,2025-09-10,Germany,Slovenia,94.368942,74.809105
1463,1,1,2025-09-09,Poland,Turkey,81.563503,75.059759
1463,2,1,2025-09-09,Lithuania,Greece,76.510551,67.224549
1463,3,1,2025-09-10,Finland,Georgia,102.97842,63.617079
1463,4,1,2025-09-10,Germany,Slovenia,112.1694,79.325171
1464,1,1,2025-09-09,Poland,Turkey,72.032299,87.539902
1464,2,1,2025-09-09,Lithuania,Greece,101.87923,89.773079
1464,3,1,2025-09-10,Finland,Georgia,87.509739,77.862687
1464,4,1,2025-09-10,Germany,Slovenia,108.58077,91.477361
1465,1,1,2025-09-09,Poland,Turkey,59.143138,71.273371
1465,2,1,2025-09-09,Lithuania,Greece,87.4496,90.710326
1465,3,1,2025-09-10,Finland,Georgia,114.033,81.625564
1465,4,1,2025-09-10,Germany,Slovenia,121.85825,74.371656
1466,1,1,2025-09-09,Poland,Turkey,70.454655,90.775662
1466,2,1,2025-09-09,Lithuania,Greece,103.22602,78.841514
1466,3,1,2025-09-10,Finland,Georgia,91.591909,81.108503
1466,4,1,2025-09-10,Germany,Slovenia,107.47621,96.632835
1467,1,1,2025-09-09,Poland,Turkey,58.272477,67.519163
1467,2,1,2025-09-09,Lithuania,Greece,92.286822,92.179941
1467,3,1,2025-09-10,Finland,Georgia,92.281842,67.611198
1467,4,1,2025-09-10,Germany,Slovenia,90.893375,90.035753
1468,1,1,2025-09-09,Poland,Turkey,67.218676,70.989817
1468,2,1,2025-09-09,Lithuania,Greece,67.740668,76.314909
1468,3,1,2025-09-10,Finland,Georgia,93.264771,62.241378
1468,4,1,2025-09-10,Germany,Slovenia,108.86887,79.248789
1469,1,1,2025-09-09,Poland,Turkey,85.374665,102.28266
1469,2,1,2025-09-09,Lithuania,Greece,79.176465,48.173079
1469,3,1,2025-09-10,Finland,Georgia,107.21668,83.707463
1469,4,1,2025-09-10,Germany,Slovenia,100.36054,76.469011
1470,1,1,2025-09-09,Poland,Turkey,75.794187,80.309823
1470,2,1,2025-09-09,Lithuania,Greece,93.0325,82.554689
1470,3,1,2025-09-10,Finland,Georgia,100.81113,76.135144
1470,4,1,2025-09-10,Germany,Slovenia,106.95701,92.18046
1471,1,1,2025-09-09,Poland,Turkey,79.22617,98.082788
1471,2,1,2025-09-09,Lithuania,Greece,88.156173,75.930156
1471,3,1,2025-09-10,Finland,Georgia,84.813804,78.70684
1471,4,1,2025-09-10,Germany,Slovenia,109.45524,76.565656
1472,1,1,2025-09-09,Poland,Turkey,80.551959,88.907223
1472,2,1,2025-09-09,Lithuania,Greece,92.094989,82.259208
1472,3,1,2025-09-10,Finland,Georgia,88.067789,78.076127
1472,4,1,2025-09-10,Germany,Slovenia,120.28353,86.504241
1473,1,1,2025-09-09,Poland,Turkey,63.328064,75.680525
1473,2,1,2025-09-09,Lithuania,Greece,90.904023,65.900801
1473,3,1,2025-09-10,Finland,Georgia,92.137459,93.330351
1473,4,1,2025-09-10,Germany,Slovenia,109.20101,78.845091
1474,1,1,2025-09-09,Poland,Turkey,69.724927,81.588736
1474,2,1,2025-09-09,Lithuania,Greece,74.10535,66.54853
1474,3,1,2025-09-10,Finland,Georgia,104.60068,79.649293
1474,4,1,2025-09-10,Germany,Slovenia,101.52261,86.876322
1475,1,1,2025-09-09,Poland,Turkey,84.749584,90.502136
1475,2,1,2025-09-09,Lithuania,Greece,87.011285,79.320866
1475,3,1,2025-09-10,Finland,Georgia,84.53151,85.490822
1475,4,1,2025-09-10,Germany,Slovenia,91.393457,87.647562
1476,1,1,2025-09-09,Poland,Turkey,88.474236,76.411796
1476,2,1,2025-09-09,Lithuania,Greece,94.310999,88.946182
1476,3,1,2025-09-10,Finland,Georgia,102.80837,78.752766
1476,4,1,2025-09-10,Germany,Slovenia,100.02268,92.307588
1477,1,1,2025-09-09,Poland,Turkey,83.909635,74.583031
1477,2,1,2025-09-09,Lithuania,Greece,57.513687,82.823896
1477,3,1,2025-09-10,Finland,Georgia,85.582552,76.449238
1477,4,1,2025-09-10,Germany,Slovenia,93.959352,72.806858
1478,1,1,2025-09-09,Poland,Turkey,75.985407,87.339347
1478,2,1,2025-09-09,Lithuania,Greece,77.719177,67.386218
1478,3,1,2025-09-10,Finland,Georgia,88.017294,78.67646
1478,4,1,2025-09-10,Germany,Slovenia,111.9759,75.79217
1479,1,1,2025-09-09,Poland,Turkey,63.924169,81.590826
1479,2,1,2025-09-09,Lithuania,Greece,98.640282,64.008452
1479,3,1,2025-09-10,Finland,Georgia,79.814876,81.896524
1479,4,1,2025-09-10,Germany,Slovenia,91.636084,60.203751
1480,1,1,2025-09-09,Poland,Turkey,76.393965,84.848829
1480,2,1,2025-09-09,Lithuania,Greece,81.07761,86.007356
1480,3,1,2025-09-10,Finland,Georgia,74.331937,76.315794
1480,4,1,2025-09-10,Germany,Slovenia,102.21765,79.5115
1481,1,1,2025-09-09,Poland,Turkey,87.123655,84.829236
1481,2,1,2025-09-09,Lithuania,Greece,96.934701,71.249176
1481,3,1,2025-09-10,Finland,Georgia,85.711857,97.700476
1481,4,1,2025-09-10,Germany,Slovenia,92.611531,75.930552
1482,1,1,2025-09-09,Poland,Turkey,47.640889,116.39616
1482,2,1,2025-09-09,Lithuania,Greece,71.901041,65.545531
1482,3,1,2025-09-10,Finland,Georgia,88.194855,72.480891
1482,4,1,2025-09-10,Germany,Slovenia,84.657858,72.563958
1483,1,1,2025-09-09,Poland,Turkey,78.716176,108.03814
1483,2,1,2025-09-09,Lithuania,Greece,85.398162,60.853209
1483,3,1,2025-09-10,Finland,Georgia,97.493902,66.772675
1483,4,1,2025-09-10,Germany,Slovenia,107.18126,75.537948
1484,1,1,2025-09-09,Poland,Turkey,74.615503,95.416599
1484,2,1,2025-09-09,Lithuania,Greece,95.058031,73.488818
1484,3,1,2025-09-10,Finland,Georgia,94.073545,74.283324
1484,4,1,2025-09-10,Germany,Slovenia,99.960038,81.501787
1485,1,1,2025-09-09,Poland,Turkey,72.618196,81.359501
1485,2,1,2025-09-09,Lithuania,Greece,89.91987,60.182125
1485,3,1,2025-09-10,Finland,Georgia,96.825535,101.0508
1485,4,1,2025-09-10,Germany,Slovenia,102.98328,77.990573
1486,1,1,2025-09-09,Poland,Turkey,79.727818,85.572678
1486,2,1,2025-09-09,Lithuania,Greece,70.015735,70.193235
1486,3,1,2025-09-10,Finland,Georgia,93.27264,84.255786
1486,4,1,2025-09-10,Germany,Slovenia,95.995996,78.20563
1487,1,1,2025-09-09,Poland,Turkey,83.121654,94.30944
1487,2,1,2025-09-09,Lithuania,Greece,76.294432,86.196284
1487,3,1,2025-09-10,Finland,Georgia,106.16277,84.098415
1487,4,1,2025-09-10,Germany,Slovenia,110.97748,77.85663
1488,1,1,2025-09-09,Poland,Turkey,62.10519,65.351735
1488,2,1,2025-09-09,Lithuania,Greece,72.349584,72.681363
1488,3,1,2025-09-10,Finland,Georgia,85.477769,89.000871
1488,4,1,2025-09-10,Germany,Slovenia,108.30182,79.316791
1489,1,1,2025-09-09,Poland,Turkey,60.029258,93.470184
1489,2,1,2025-09-09,Lithuania,Greece,83.975268,75.695224
1489,3,1,2025-09-10,Finland,Georgia,111.42703,67.638689
1489,4,1,2025-09-10,Germany,Slovenia,108.9729,69.395747
1490,1,1,2025-09-09,Poland,Turkey,71.867066,89.950734
1490,2,1,2025-09-09,Lithuania,Greece,78.424367,78.321723
1490,3,1,2025-09-10,Finland,Georgia,93.319077,106.55959
1490,4,1,2025-09-10,Germany,Slovenia,104.87149,85.772709
1491,1,1,2025-09-09,Poland,Turkey,83.881067,90.134549
1491,2,1,2025-09-09,Lithuania,Greece,80.855637,59.342006
1491,3,1,2025-09-10,Finland,Georgia,107.13201,78.144377
1491,4,1,2025-09-10,Germany,Slovenia,75.67394,88.824396
1492,1,1,2025-09-09,Poland,Turkey,79.279731,96.504233
1492,2,1,2025-09-09,Lithuania,Greece,91.587443,68.953164
1492,3,1,2025-09-10,Finland,Georgia,84.426584,78.997332
1492,4,1,2025-09-10,Germany,Slovenia,104.17432,97.075816
1493,1,1,2025-09-09,Poland,Turkey,65.890237,110.14645
1493,2,1,2025-09-09,Lithuania,Greece,83.213647,63.967601
1493,3,1,2025-09-10,Finland,Georgia,113.55144,97.834205
1493,4,1,2025-09-10,Germany,Slovenia,101.23809,76.914139
1494,1,1,2025-09-09,Poland,Turkey,103.41064,118.82683
1494,2,1,2025-09-09,Lithuania,Greece,97.286995,77.969785
1494,3,1,2025-09-10,Finland,Georgia,98.866924,83.33409
1494,4,1,2025-09-10,Germany,Slovenia,122.52419,86.948204
1495,1,1,2025-09-09,Poland,Turkey,70.371409,83.75601
1495,2,1,2025-09-09,Lithuania,Greece,72.214192,80.348571
1495,3,1,2025-09-10,Finland,Georgia,69.233591,74.275784
1495,4,1,2025-09-10,Germany,Slovenia,125.85525,85.262283
1496,1,1,2025-09-09,Poland,Turkey,69.744829,84.153803
1496,2,1,2025-09-09,Lithuania,Greece,92.895724,71.218224
1496,3,1,2025-09-10,Finland,Georgia,70.648861,72.4752
1496,4,1,2025-09-10,Germany,Slovenia,105.36814,79.144192
1497,1,1,2025-09-09,Poland,Turkey,81.900552,102.89331
1497,2,1,2025-09-09,Lithuania,Greece,97.381642,67.127534
1497,3,1,2025-09-10,Finland,Georgia,89.84712,69.030808
1497,4,1,2025-09-10,Germany,Slovenia,112.45774,87.045174
1498,1,1,2025-09-09,Poland,Turkey,55.15592,101.37325
1498,2,1,2025-09-09,Lithuania,Greece,92.197048,66.30987
1498,3,1,2025-09-10,Finland,Georgia,98.907012,74.916703
1498,4,1,2025-09-10,Germany,Slovenia,101.78284,87.877667
1499,1,1,2025-09-09,Poland,Turkey,79.780203,83.06685
1499,2,1,2025-09-09,Lithuania,Greece,78.217397,68.495241
1499,3,1,2025-09-10,Finland,Georgia,94.808106,78.975843
1499,4,1,2025-09-10,Germany,Slovenia,111.9464,96.272029
1500,1,1,2025-09-09,Poland,Turkey,67.604027,93.813934
1500,2,1,2025-09-09,Lithuania,Greece,83.44221,70.686897
1500,3,1,2025-09-10,Finland,Georgia,88.799809,80.448232
1500,4,1,2025-09-10,Germany,Slovenia,132.64287,114.72193
1501,1,1,2025-09-09,Poland,Turkey,75.918684,67.775885
1501,2,1,2025-09-09,Lithuania,Greece,90.504355,77.075232
1501,3,1,2025-09-10,Finland,Georgia,79.328479,64.031135
1501,4,1,2025-09-10,Germany,Slovenia,110.50203,72.147239
1502,1,1,2025-09-09,Poland,Turkey,71.461156,83.743026
1502,2,1,2025-09-09,Lithuania,Greece,76.841474,69.657302
1502,3,1,2025-09-10,Finland,Georgia,88.16908,80.695383
1502,4,1,2025-09-10,Germany,Slovenia,102.73991,80.677186
1503,1,1,2025-09-09,Poland,Turkey,81.647779,95.129867
1503,2,1,2025-09-09,Lithuania,Greece,89.254069,78.468238
1503,3,1,2025-09-10,Finland,Georgia,90.990634,87.240122
1503,4,1,2025-09-10,Germany,Slovenia,88.736321,84.310627
1504,1,1,2025-09-09,Poland,Turkey,68.309258,89.006732
1504,2,1,2025-09-09,Lithuania,Greece,96.009457,68.171305
1504,3,1,2025-09-10,Finland,Georgia,88.400982,75.525441
1504,4,1,2025-09-10,Germany,Slovenia,92.316999,90.735479
1505,1,1,2025-09-09,Poland,Turkey,82.057669,78.586359
1505,2,1,2025-09-09,Lithuania,Greece,83.706298,76.534117
1505,3,1,2025-09-10,Finland,Georgia,79.561779,68.879707
1505,4,1,2025-09-10,Germany,Slovenia,85.053536,86.282074
1506,1,1,2025-09-09,Poland,Turkey,75.706628,93.141004
1506,2,1,2025-09-09,Lithuania,Greece,87.450513,72.427299
1506,3,1,2025-09-10,Finland,Georgia,93.890862,81.08327
1506,4,1,2025-09-10,Germany,Slovenia,89.853816,74.847264
1507,1,1,2025-09-09,Poland,Turkey,80.935078,100.39223
1507,2,1,2025-09-09,Lithuania,Greece,86.45657,92.329425
1507,3,1,2025-09-10,Finland,Georgia,92.770699,86.533473
1507,4,1,2025-09-10,Germany,Slovenia,100.0802,92.577745
1508,1,1,2025-09-09,Poland,Turkey,108.43197,91.852402
1508,2,1,2025-09-09,Lithuania,Greece,82.95806,64.004559
1508,3,1,2025-09-10,Finland,Georgia,71.647825,83.705083
1508,4,1,2025-09-10,Germany,Slovenia,92.538906,100.02759
1509,1,1,2025-09-09,Poland,Turkey,79.243974,87.120417
1509,2,1,2025-09-09,Lithuania,Greece,86.886958,83.417266
1509,3,1,2025-09-10,Finland,Georgia,118.93264,82.875724
1509,4,1,2025-09-10,Germany,Slovenia,91.829502,78.237225
1510,1,1,2025-09-09,Poland,Turkey,69.440349,89.747468
1510,2,1,2025-09-09,Lithuania,Greece,78.807068,66.710971
1510,3,1,2025-09-10,Finland,Georgia,98.787671,61.305932
1510,4,1,2025-09-10,Germany,Slovenia,102.41546,77.232377
1511,1,1,2025-09-09,Poland,Turkey,79.41548,86.587973
1511,2,1,2025-09-09,Lithuania,Greece,79.737796,98.762668
1511,3,1,2025-09-10,Finland,Georgia,95.468181,77.748781
1511,4,1,2025-09-10,Germany,Slovenia,93.396265,90.314795
1512,1,1,2025-09-09,Poland,Turkey,92.960485,97.894289
1512,2,1,2025-09-09,Lithuania,Greece,73.747591,70.797391
1512,3,1,2025-09-10,Finland,Georgia,107.69291,77.848966
1512,4,1,2025-09-10,Germany,Slovenia,87.833597,80.062729
1513,1,1,2025-09-09,Poland,Turkey,85.525471,75.7159
1513,2,1,2025-09-09,Lithuania,Greece,85.653185,56.956338
1513,3,1,2025-09-10,Finland,Georgia,100.72165,79.091304
1513,4,1,2025-09-10,Germany,Slovenia,110.63349,87.964145
1514,1,1,2025-09-09,Poland,Turkey,100.20888,102.73824
1514,2,1,2025-09-09,Lithuania,Greece,95.471125,74.438961
1514,3,1,2025-09-10,Finland,Georgia,105.7119,88.457759
1514,4,1,2025-09-10,Germany,Slovenia,99.837606,92.639834
1515,1,1,2025-09-09,Poland,Turkey,64.064538,90.945574
1515,2,1,2025-09-09,Lithuania,Greece,98.405679,79.145711
1515,3,1,2025-09-10,Finland,Georgia,95.515168,80.344617
1515,4,1,2025-09-10,Germany,Slovenia,107.68795,87.089665
1516,1,1,2025-09-09,Poland,Turkey,77.497185,87.646541
1516,2,1,2025-09-09,Lithuania,Greece,100.89273,75.925475
1516,3,1,2025-09-10,Finland,Georgia,100.18398,75.514214
1516,4,1,2025-09-10,Germany,Slovenia,102.37076,95.431209
1517,1,1,2025-09-09,Poland,Turkey,70.782039,76.335218
1517,2,1,2025-09-09,Lithuania,Greece,97.785866,89.52243
1517,3,1,2025-09-10,Finland,Georgia,84.651775,89.575397
1517,4,1,2025-09-10,Germany,Slovenia,97.786062,77.682211
1518,1,1,2025-09-09,Poland,Turkey,69.106735,80.241689
1518,2,1,2025-09-09,Lithuania,Greece,96.436536,92.134886
1518,3,1,2025-09-10,Finland,Georgia,87.744544,84.038751
1518,4,1,2025-09-10,Germany,Slovenia,101.92985,95.4334
1519,1,1,2025-09-09,Poland,Turkey,62.317953,97.070505
1519,2,1,2025-09-09,Lithuania,Greece,79.463501,75.537144
1519,3,1,2025-09-10,Finland,Georgia,118.30648,68.988191
1519,4,1,2025-09-10,Germany,Slovenia,100.61304,81.62523
1520,1,1,2025-09-09,Poland,Turkey,95.826453,96.740347
1520,2,1,2025-09-09,Lithuania,Greece,83.105471,71.320925
1520,3,1,2025-09-10,Finland,Georgia,96.284896,99.100879
1520,4,1,2025-09-10,Germany,Slovenia,112.62511,77.82113
1521,1,1,2025-09-09,Poland,Turkey,95.256629,95.712267
1521,2,1,2025-09-09,Lithuania,Greece,76.092668,71.391765
1521,3,1,2025-09-10,Finland,Georgia,98.4492,95.909384
1521,4,1,2025-09-10,Germany,Slovenia,88.031504,90.316797
1522,1,1,2025-09-09,Poland,Turkey,65.597513,79.988777
1522,2,1,2025-09-09,Lithuania,Greece,75.009031,77.749985
1522,3,1,2025-09-10,Finland,Georgia,98.056139,67.927297
1522,4,1,2025-09-10,Germany,Slovenia,108.28762,91.900113
1523,1,1,2025-09-09,Poland,Turkey,69.437209,89.073187
1523,2,1,2025-09-09,Lithuania,Greece,92.843906,78.396486
1523,3,1,2025-09-10,Finland,Georgia,95.463337,71.737769
1523,4,1,2025-09-10,Germany,Slovenia,100.07406,62.982557
1524,1,1,2025-09-09,Poland,Turkey,68.087984,89.114387
1524,2,1,2025-09-09,Lithuania,Greece,67.450311,75.000384
1524,3,1,2025-09-10,Finland,Georgia,95.515316,72.182543
1524,4,1,2025-09-10,Germany,Slovenia,93.388047,85.813734
1525,1,1,2025-09-09,Poland,Turkey,82.675146,83.630013
1525,2,1,2025-09-09,Lithuania,Greece,107.22466,72.975543
1525,3,1,2025-09-10,Finland,Georgia,91.580468,72.501371
1525,4,1,2025-09-10,Germany,Slovenia,96.522177,100.53442
1526,1,1,2025-09-09,Poland,Turkey,98.964139,91.913808
1526,2,1,2025-09-09,Lithuania,Greece,78.664591,62.105138
1526,3,1,2025-09-10,Finland,Georgia,86.292135,80.358276
1526,4,1,2025-09-10,Germany,Slovenia,102.74046,94.105083
1527,1,1,2025-09-09,Poland,Turkey,78.627402,92.324723
1527,2,1,2025-09-09,Lithuania,Greece,75.021241,56.147762
1527,3,1,2025-09-10,Finland,Georgia,100.69652,86.806796
1527,4,1,2025-09-10,Germany,Slovenia,95.23197,91.084506
1528,1,1,2025-09-09,Poland,Turkey,79.060439,85.582241
1528,2,1,2025-09-09,Lithuania,Greece,82.337001,72.628852
1528,3,1,2025-09-10,Finland,Georgia,85.228084,76.106445
1528,4,1,2025-09-10,Germany,Slovenia,107.54942,91.188388
1529,1,1,2025-09-09,Poland,Turkey,77.980835,85.791023
1529,2,1,2025-09-09,Lithuania,Greece,87.569244,82.299422
1529,3,1,2025-09-10,Finland,Georgia,95.582231,67.025433
1529,4,1,2025-09-10,Germany,Slovenia,97.130294,86.185585
1530,1,1,2025-09-09,Poland,Turkey,67.551602,103.58864
1530,2,1,2025-09-09,Lithuania,Greece,70.482286,62.941522
1530,3,1,2025-09-10,Finland,Georgia,117.23543,57.047442
1530,4,1,2025-09-10,Germany,Slovenia,99.517415,108.09201
1531,1,1,2025-09-09,Poland,Turkey,50.63362,55.553804
1531,2,1,2025-09-09,Lithuania,Greece,71.098117,72.970267
1531,3,1,2025-09-10,Finland,Georgia,100.73222,85.780583
1531,4,1,2025-09-10,Germany,Slovenia,105.59654,96.674307
1532,1,1,2025-09-09,Poland,Turkey,76.654144,104.93095
1532,2,1,2025-09-09,Lithuania,Greece,100.66079,83.83894
1532,3,1,2025-09-10,Finland,Georgia,84.012353,78.915931
1532,4,1,2025-09-10,Germany,Slovenia,103.38236,86.569979
1533,1,1,2025-09-09,Poland,Turkey,78.950294,97.581468
1533,2,1,2025-09-09,Lithuania,Greece,67.106201,68.088154
1533,3,1,2025-09-10,Finland,Georgia,100.31107,78.519675
1533,4,1,2025-09-10,Germany,Slovenia,101.62843,100.78751
1534,1,1,2025-09-09,Poland,Turkey,80.984743,75.39194
1534,2,1,2025-09-09,Lithuania,Greece,85.431774,50.290682
1534,3,1,2025-09-10,Finland,Georgia,97.30216,83.81191
1534,4,1,2025-09-10,Germany,Slovenia,102.2094,84.290481
1535,1,1,2025-09-09,Poland,Turkey,80.088176,87.803966
1535,2,1,2025-09-09,Lithuania,Greece,89.129924,71.409468
1535,3,1,2025-09-10,Finland,Georgia,87.386821,78.786114
1535,4,1,2025-09-10,Germany,Slovenia,117.41088,90.736828
1536,1,1,2025-09-09,Poland,Turkey,101.37919,87.286207
1536,2,1,2025-09-09,Lithuania,Greece,83.025752,70.90599
1536,3,1,2025-09-10,Finland,Georgia,88.465695,78.351843
1536,4,1,2025-09-10,Germany,Slovenia,89.887479,74.966433
1537,1,1,2025-09-09,Poland,Turkey,70.867128,59.00158
1537,2,1,2025-09-09,Lithuania,Greece,88.26671,70.147953
1537,3,1,2025-09-10,Finland,Georgia,95.38897,86.585686
1537,4,1,2025-09-10,Germany,Slovenia,106.68402,75.08815
1538,1,1,2025-09-09,Poland,Turkey,92.572727,100.60332
1538,2,1,2025-09-09,Lithuania,Greece,83.118207,63.431969
1538,3,1,2025-09-10,Finland,Georgia,93.669039,97.589478
1538,4,1,2025-09-10,Germany,Slovenia,118.17544,90.909094
1539,1,1,2025-09-09,Poland,Turkey,67.433905,93.911666
1539,2,1,2025-09-09,Lithuania,Greece,73.109229,81.017427
1539,3,1,2025-09-10,Finland,Georgia,97.7908,75.107755
1539,4,1,2025-09-10,Germany,Slovenia,114.48053,79.624819
1540,1,1,2025-09-09,Poland,Turkey,72.972201,73.582985
1540,2,1,2025-09-09,Lithuania,Greece,101.53051,82.710751
1540,3,1,2025-09-10,Finland,Georgia,84.834047,69.366595
1540,4,1,2025-09-10,Germany,Slovenia,121.35179,75.053297
1541,1,1,2025-09-09,Poland,Turkey,70.231643,88.159348
1541,2,1,2025-09-09,Lithuania,Greece,87.814824,91.424455
1541,3,1,2025-09-10,Finland,Georgia,95.803545,78.06903
1541,4,1,2025-09-10,Germany,Slovenia,107.39761,86.531212
1542,1,1,2025-09-09,Poland,Turkey,85.278455,90.231813
1542,2,1,2025-09-09,Lithuania,Greece,86.209961,74.632357
1542,3,1,2025-09-10,Finland,Georgia,65.747753,64.217943
1542,4,1,2025-09-10,Germany,Slovenia,109.10147,73.318886
1543,1,1,2025-09-09,Poland,Turkey,78.65316,76.20995
1543,2,1,2025-09-09,Lithuania,Greece,92.756293,83.325993
1543,3,1,2025-09-10,Finland,Georgia,95.621353,80.508651
1543,4,1,2025-09-10,Germany,Slovenia,116.76069,75.744101
1544,1,1,2025-09-09,Poland,Turkey,93.840428,76.084399
1544,2,1,2025-09-09,Lithuania,Greece,95.788785,76.17112
1544,3,1,2025-09-10,Finland,Georgia,111.7913,95.613916
1544,4,1,2025-09-10,Germany,Slovenia,102.16392,81.478275
1545,1,1,2025-09-09,Poland,Turkey,81.601096,86.626982
1545,2,1,2025-09-09,Lithuania,Greece,88.565098,80.43253
1545,3,1,2025-09-10,Finland,Georgia,91.353286,73.461388
1545,4,1,2025-09-10,Germany,Slovenia,105.43988,92.514221
1546,1,1,2025-09-09,Poland,Turkey,66.977671,87.519166
1546,2,1,2025-09-09,Lithuania,Greece,91.833091,60.036845
1546,3,1,2025-09-10,Finland,Georgia,110.34858,67.772736
1546,4,1,2025-09-10,Germany,Slovenia,115.19113,118.15374
1547,1,1,2025-09-09,Poland,Turkey,90.547569,68.017385
1547,2,1,2025-09-09,Lithuania,Greece,87.387927,85.975743
1547,3,1,2025-09-10,Finland,Georgia,97.405037,79.42025
1547,4,1,2025-09-10,Germany,Slovenia,114.67298,97.931619
1548,1,1,2025-09-09,Poland,Turkey,76.828552,82.656396
1548,2,1,2025-09-09,Lithuania,Greece,95.212782,70.439747
1548,3,1,2025-09-10,Finland,Georgia,98.919711,68.35532
1548,4,1,2025-09-10,Germany,Slovenia,99.717749,87.080817
1549,1,1,2025-09-09,Poland,Turkey,85.23825,111.7469
1549,2,1,2025-09-09,Lithuania,Greece,72.584473,84.541486
1549,3,1,2025-09-10,Finland,Georgia,92.12915,75.526949
1549,4,1,2025-09-10,Germany,Slovenia,109.0967,97.408613
1550,1,1,2025-09-09,Poland,Turkey,78.248792,111.52204
1550,2,1,2025-09-09,Lithuania,Greece,92.721958,67.142687
1550,3,1,2025-09-10,Finland,Georgia,92.703938,75.050778
1550,4,1,2025-09-10,Germany,Slovenia,91.072161,73.675154
1551,1,1,2025-09-09,Poland,Turkey,83.928035,106.58266
1551,2,1,2025-09-09,Lithuania,Greece,86.762396,69.569301
1551,3,1,2025-09-10,Finland,Georgia,92.270607,65.520468
1551,4,1,2025-09-10,Germany,Slovenia,104.38031,70.194462
1552,1,1,2025-09-09,Poland,Turkey,69.27932,85.418122
1552,2,1,2025-09-09,Lithuania,Greece,88.973761,70.106632
1552,3,1,2025-09-10,Finland,Georgia,95.919636,84.697336
1552,4,1,2025-09-10,Germany,Slovenia,103.51785,87.385806
1553,1,1,2025-09-09,Poland,Turkey,76.688985,82.797258
1553,2,1,2025-09-09,Lithuania,Greece,113.77003,48.986112
1553,3,1,2025-09-10,Finland,Georgia,74.533389,78.257305
1553,4,1,2025-09-10,Germany,Slovenia,108.613,88.896312
1554,1,1,2025-09-09,Poland,Turkey,86.982343,65.471546
1554,2,1,2025-09-09,Lithuania,Greece,89.717096,54.103225
1554,3,1,2025-09-10,Finland,Georgia,108.24776,87.146231
1554,4,1,2025-09-10,Germany,Slovenia,110.239,88.091168
1555,1,1,2025-09-09,Poland,Turkey,43.912135,72.771393
1555,2,1,2025-09-09,Lithuania,Greece,80.121912,58.852882
1555,3,1,2025-09-10,Finland,Georgia,107.96471,92.637065
1555,4,1,2025-09-10,Germany,Slovenia,99.864346,79.381411
1556,1,1,2025-09-09,Poland,Turkey,78.578403,87.008861
1556,2,1,2025-09-09,Lithuania,Greece,86.200886,81.733799
1556,3,1,2025-09-10,Finland,Georgia,97.903367,61.275694
1556,4,1,2025-09-10,Germany,Slovenia,68.435532,100.95953
1557,1,1,2025-09-09,Poland,Turkey,76.886737,87.272504
1557,2,1,2025-09-09,Lithuania,Greece,97.674387,88.470116
1557,3,1,2025-09-10,Finland,Georgia,99.829134,73.308049
1557,4,1,2025-09-10,Germany,Slovenia,109.35337,89.482189
1558,1,1,2025-09-09,Poland,Turkey,82.554674,87.320491
1558,2,1,2025-09-09,Lithuania,Greece,107.19007,105.8943
1558,3,1,2025-09-10,Finland,Georgia,99.668366,64.400561
1558,4,1,2025-09-10,Germany,Slovenia,97.257277,80.074135
1559,1,1,2025-09-09,Poland,Turkey,57.447986,74.757797
1559,2,1,2025-09-09,Lithuania,Greece,87.962243,93.006465
1559,3,1,2025-09-10,Finland,Georgia,94.113474,76.261113
1559,4,1,2025-09-10,Germany,Slovenia,103.25601,83.48181
1560,1,1,2025-09-09,Poland,Turkey,69.418219,99.697413
1560,2,1,2025-09-09,Lithuania,Greece,95.970495,66.547589
1560,3,1,2025-09-10,Finland,Georgia,107.26499,65.293856
1560,4,1,2025-09-10,Germany,Slovenia,98.166874000000007,105.95269
1561,1,1,2025-09-09,Poland,Turkey,79.90662,82.058642
1561,2,1,2025-09-09,Lithuania,Greece,76.438944,64.262969
1561,3,1,2025-09-10,Finland,Georgia,84.996711,68.82562
1561,4,1,2025-09-10,Germany,Slovenia,92.638384,74.742398
1562,1,1,2025-09-09,Poland,Turkey,75.105966,78.884247
1562,2,1,2025-09-09,Lithuania,Greece,74.73192,67.557209
1562,3,1,2025-09-10,Finland,Georgia,101.8128,86.249381
1562,4,1,2025-09-10,Germany,Slovenia,96.096817,89.489454
1563,1,1,2025-09-09,Poland,Turkey,88.677994,100.28448
1563,2,1,2025-09-09,Lithuania,Greece,93.475092,77.941395
1563,3,1,2025-09-10,Finland,Georgia,83.906129,65.7699
1563,4,1,2025-09-10,Germany,Slovenia,114.42089,78.88111
1564,1,1,2025-09-09,Poland,Turkey,72.189958,72.198007
1564,2,1,2025-09-09,Lithuania,Greece,73.536564,80.955485
1564,3,1,2025-09-10,Finland,Georgia,101.11986,85.835347
1564,4,1,2025-09-10,Germany,Slovenia,88.244265,74.928944
1565,1,1,2025-09-09,Poland,Turkey,78.591838,102.15656
1565,2,1,2025-09-09,Lithuania,Greece,88.506999,78.800989
1565,3,1,2025-09-10,Finland,Georgia,98.681481,55.947692
1565,4,1,2025-09-10,Germany,Slovenia,118.30313,100.49393
1566,1,1,2025-09-09,Poland,Turkey,84.830393,94.804802
1566,2,1,2025-09-09,Lithuania,Greece,97.541447,62.057724
1566,3,1,2025-09-10,Finland,Georgia,101.85653,75.428873
1566,4,1,2025-09-10,Germany,Slovenia,80.364671,99.678322
1567,1,1,2025-09-09,Poland,Turkey,61.893153,86.701229
1567,2,1,2025-09-09,Lithuania,Greece,92.800646,81.21011
1567,3,1,2025-09-10,Finland,Georgia,97.037808,82.844902
1567,4,1,2025-09-10,Germany,Slovenia,105.68913,98.912662
1568,1,1,2025-09-09,Poland,Turkey,105.13066,114.91731
1568,2,1,2025-09-09,Lithuania,Greece,83.135543,64.685412
1568,3,1,2025-09-10,Finland,Georgia,88.724604,67.759799
1568,4,1,2025-09-10,Germany,Slovenia,106.58455,81.917748
1569,1,1,2025-09-09,Poland,Turkey,72.504002,96.207537
1569,2,1,2025-09-09,Lithuania,Greece,97.720215,91.25113
1569,3,1,2025-09-10,Finland,Georgia,105.85185,107.20168
1569,4,1,2025-09-10,Germany,Slovenia,106.76404,79.579679
1570,1,1,2025-09-09,Poland,Turkey,70.061791,89.650006
1570,2,1,2025-09-09,Lithuania,Greece,75.683558,86.227632
1570,3,1,2025-09-10,Finland,Georgia,96.675112,77.954446
1570,4,1,2025-09-10,Germany,Slovenia,101.7738,65.352575
1571,1,1,2025-09-09,Poland,Turkey,80.502735,79.698216
1571,2,1,2025-09-09,Lithuania,Greece,95.633446,55.571453
1571,3,1,2025-09-10,Finland,Georgia,102.66654,83.755668
1571,4,1,2025-09-10,Germany,Slovenia,131.72456,86.657413
1572,1,1,2025-09-09,Poland,Turkey,61.006467,83.980969
1572,2,1,2025-09-09,Lithuania,Greece,87.032632,70.004801
1572,3,1,2025-09-10,Finland,Georgia,91.275624,68.420052
1572,4,1,2025-09-10,Germany,Slovenia,103.62989,88.458528
1573,1,1,2025-09-09,Poland,Turkey,88.740239,88.618984
1573,2,1,2025-09-09,Lithuania,Greece,86.101828,78.709486
1573,3,1,2025-09-10,Finland,Georgia,108.28594,76.67378
1573,4,1,2025-09-10,Germany,Slovenia,83.023939,85.99295
1574,1,1,2025-09-09,Poland,Turkey,97.833643,84.959460000000007
1574,2,1,2025-09-09,Lithuania,Greece,81.696716,73.606261
1574,3,1,2025-09-10,Finland,Georgia,96.221323,51.886032
1574,4,1,2025-09-10,Germany,Slovenia,115.8033,71.351778
1575,1,1,2025-09-09,Poland,Turkey,81.851045,86.062731
1575,2,1,2025-09-09,Lithuania,Greece,94.765888,85.031139
1575,3,1,2025-09-10,Finland,Georgia,96.56021,57.431936
1575,4,1,2025-09-10,Germany,Slovenia,83.332041,81.680318
1576,1,1,2025-09-09,Poland,Turkey,57.348551,85.493599
1576,2,1,2025-09-09,Lithuania,Greece,88.930984,78.377564
1576,3,1,2025-09-10,Finland,Georgia,93.681552,54.98573
1576,4,1,2025-09-10,Germany,Slovenia,105.82537,80.55106
1577,1,1,2025-09-09,Poland,Turkey,68.564324,87.53408
1577,2,1,2025-09-09,Lithuania,Greece,102.46433,92.408127
1577,3,1,2025-09-10,Finland,Georgia,105.63793,80.989339
1577,4,1,2025-09-10,Germany,Slovenia,94.305054,72.311733
1578,1,1,2025-09-09,Poland,Turkey,87.331761,97.907096
1578,2,1,2025-09-09,Lithuania,Greece,86.084227,80.637578
1578,3,1,2025-09-10,Finland,Georgia,94.999785,77.434219
1578,4,1,2025-09-10,Germany,Slovenia,101.84307,90.866047
1579,1,1,2025-09-09,Poland,Turkey,81.624276,87.758491
1579,2,1,2025-09-09,Lithuania,Greece,94.923268,86.754528
1579,3,1,2025-09-10,Finland,Georgia,92.539562,62.363337
1579,4,1,2025-09-10,Germany,Slovenia,100.48147,82.193545
1580,1,1,2025-09-09,Poland,Turkey,83.701682,119.63796
1580,2,1,2025-09-09,Lithuania,Greece,91.98902,89.376038
1580,3,1,2025-09-10,Finland,Georgia,99.920751,77.257596
1580,4,1,2025-09-10,Germany,Slovenia,110.41002,96.820574
1581,1,1,2025-09-09,Poland,Turkey,91.410894,91.477521
1581,2,1,2025-09-09,Lithuania,Greece,102.1949,79.81762
1581,3,1,2025-09-10,Finland,Georgia,91.268707,76.114155
1581,4,1,2025-09-10,Germany,Slovenia,106.13437,78.388051
1582,1,1,2025-09-09,Poland,Turkey,76.102237,79.542151
1582,2,1,2025-09-09,Lithuania,Greece,57.704025,71.619698
1582,3,1,2025-09-10,Finland,Georgia,90.141511,76.042468
1582,4,1,2025-09-10,Germany,Slovenia,95.51168,66.313601
1583,1,1,2025-09-09,Poland,Turkey,86.272117,94.670955
1583,2,1,2025-09-09,Lithuania,Greece,85.821389,83.014946
1583,3,1,2025-09-10,Finland,Georgia,104.06193,72.371881
1583,4,1,2025-09-10,Germany,Slovenia,96.741599,84.385326
1584,1,1,2025-09-09,Poland,Turkey,75.494804,102.66157
1584,2,1,2025-09-09,Lithuania,Greece,84.330569,77.000815
1584,3,1,2025-09-10,Finland,Georgia,102.23689,91.117374
1584,4,1,2025-09-10,Germany,Slovenia,80.88815,92.213789
1585,1,1,2025-09-09,Poland,Turkey,89.033598,94.144017
1585,2,1,2025-09-09,Lithuania,Greece,89.158792,80.378187
1585,3,1,2025-09-10,Finland,Georgia,107.62759,54.638253
1585,4,1,2025-09-10,Germany,Slovenia,102.41078,96.09537
1586,1,1,2025-09-09,Poland,Turkey,66.436509,100.30866
1586,2,1,2025-09-09,Lithuania,Greece,87.219363,92.722318
1586,3,1,2025-09-10,Finland,Georgia,99.06973,76.342747
1586,4,1,2025-09-10,Germany,Slovenia,82.640988,72.935114
1587,1,1,2025-09-09,Poland,Turkey,77.056125,102.9134
1587,2,1,2025-09-09,Lithuania,Greece,94.745368,82.508406
1587,3,1,2025-09-10,Finland,Georgia,78.02335,79.49497
1587,4,1,2025-09-10,Germany,Slovenia,110.35087,95.705863
1588,1,1,2025-09-09,Poland,Turkey,73.238751,105.51782
1588,2,1,2025-09-09,Lithuania,Greece,88.492122,72.365608
1588,3,1,2025-09-10,Finland,Georgia,96.698341,65.110163
1588,4,1,2025-09-10,Germany,Slovenia,105.37338,84.756797
1589,1,1,2025-09-09,Poland,Turkey,65.562311,92.901978
1589,2,1,2025-09-09,Lithuania,Greece,97.636841,81.471692
1589,3,1,2025-09-10,Finland,Georgia,84.828654,69.000804
1589,4,1,2025-09-10,Germany,Slovenia,96.367123,75.726609
1590,1,1,2025-09-09,Poland,Turkey,75.90776,83.625106
1590,2,1,2025-09-09,Lithuania,Greece,87.163511,77.981613
1590,3,1,2025-09-10,Finland,Georgia,101.4367,76.878652
1590,4,1,2025-09-10,Germany,Slovenia,103.8181,79.079745
1591,1,1,2025-09-09,Poland,Turkey,74.246911,96.753618
1591,2,1,2025-09-09,Lithuania,Greece,81.221666,81.506457
1591,3,1,2025-09-10,Finland,Georgia,81.028666,77.092406
1591,4,1,2025-09-10,Germany,Slovenia,94.561131,84.488725
1592,1,1,2025-09-09,Poland,Turkey,72.688213,85.12806
1592,2,1,2025-09-09,Lithuania,Greece,80.52397,77.456334
1592,3,1,2025-09-10,Finland,Georgia,96.851349,80.570487
1592,4,1,2025-09-10,Germany,Slovenia,112.20756,88.185974
1593,1,1,2025-09-09,Poland,Turkey,83.316166,88.468455
1593,2,1,2025-09-09,Lithuania,Greece,91.83267,71.061451
1593,3,1,2025-09-10,Finland,Georgia,118.19455,73.641257
1593,4,1,2025-09-10,Germany,Slovenia,101.15583,90.189308
1594,1,1,2025-09-09,Poland,Turkey,68.383011,100.55694
1594,2,1,2025-09-09,Lithuania,Greece,87.368766,87.54173
1594,3,1,2025-09-10,Finland,Georgia,95.494715,72.970677
1594,4,1,2025-09-10,Germany,Slovenia,101.96292,94.843282
1595,1,1,2025-09-09,Poland,Turkey,86.856266,69.15976
1595,2,1,2025-09-09,Lithuania,Greece,79.247553,67.921792
1595,3,1,2025-09-10,Finland,Georgia,102.18571,78.79926
1595,4,1,2025-09-10,Germany,Slovenia,111.17318,102.2974
1596,1,1,2025-09-09,Poland,Turkey,90.659622,93.884409
1596,2,1,2025-09-09,Lithuania,Greece,98.540011,84.973449
1596,3,1,2025-09-10,Finland,Georgia,95.403871,96.952341
1596,4,1,2025-09-10,Germany,Slovenia,110.44871,77.833285
1597,1,1,2025-09-09,Poland,Turkey,75.954371,77.844193
1597,2,1,2025-09-09,Lithuania,Greece,98.811195,77.425701
1597,3,1,2025-09-10,Finland,Georgia,87.621614,65.783659
1597,4,1,2025-09-10,Germany,Slovenia,118.58291,94.503628
1598,1,1,2025-09-09,Poland,Turkey,76.286105,98.971805
1598,2,1,2025-09-09,Lithuania,Greece,63.140904,53.540001
1598,3,1,2025-09-10,Finland,Georgia,98.933556,75.577564
1598,4,1,2025-09-10,Germany,Slovenia,104.88932,87.428026
1599,1,1,2025-09-09,Poland,Turkey,89.436432,94.45183
1599,2,1,2025-09-09,Lithuania,Greece,81.085264,65.859682
1599,3,1,2025-09-10,Finland,Georgia,100.03134,76.7265
1599,4,1,2025-09-10,Germany,Slovenia,88.875743,86.044648
1600,1,1,2025-09-09,Poland,Turkey,83.172346,94.430542
1600,2,1,2025-09-09,Lithuania,Greece,88.465059,81.794416
1600,3,1,2025-09-10,Finland,Georgia,96.242559,77.548025
1600,4,1,2025-09-10,Germany,Slovenia,98.344366,85.305159
1601,1,1,2025-09-09,Poland,Turkey,88.722297,88.397603
1601,2,1,2025-09-09,Lithuania,Greece,64.315504,85.303287
1601,3,1,2025-09-10,Finland,Georgia,89.906707,84.304034
1601,4,1,2025-09-10,Germany,Slovenia,134.3644,75.263955
1602,1,1,2025-09-09,Poland,Turkey,98.521486,89.72135
1602,2,1,2025-09-09,Lithuania,Greece,75.056748,90.008017
1602,3,1,2025-09-10,Finland,Georgia,90.568906,47.26441
1602,4,1,2025-09-10,Germany,Slovenia,97.072946,81.577515
1603,1,1,2025-09-09,Poland,Turkey,77.545735,94.146393
1603,2,1,2025-09-09,Lithuania,Greece,74.934496,50.220983
1603,3,1,2025-09-10,Finland,Georgia,96.400302,67.966016
1603,4,1,2025-09-10,Germany,Slovenia,108.36069,94.489425
1604,1,1,2025-09-09,Poland,Turkey,71.484805,85.474805
1604,2,1,2025-09-09,Lithuania,Greece,75.385262,51.829022
1604,3,1,2025-09-10,Finland,Georgia,95.611418,74.475864
1604,4,1,2025-09-10,Germany,Slovenia,105.28,85.448661
1605,1,1,2025-09-09,Poland,Turkey,72.623879,104.6712
1605,2,1,2025-09-09,Lithuania,Greece,87.609408,80.847145
1605,3,1,2025-09-10,Finland,Georgia,98.84259,84.893775
1605,4,1,2025-09-10,Germany,Slovenia,97.420758,72.1893
1606,1,1,2025-09-09,Poland,Turkey,67.286083,76.840079
1606,2,1,2025-09-09,Lithuania,Greece,99.055761,80.272636
1606,3,1,2025-09-10,Finland,Georgia,102.21616,79.015939
1606,4,1,2025-09-10,Germany,Slovenia,96.718124,94.019945
1607,1,1,2025-09-09,Poland,Turkey,71.067961,88.203585
1607,2,1,2025-09-09,Lithuania,Greece,63.978271,67.629891
1607,3,1,2025-09-10,Finland,Georgia,95.957412,63.520411
1607,4,1,2025-09-10,Germany,Slovenia,111.95602,100.41814
1608,1,1,2025-09-09,Poland,Turkey,97.515076,96.918626
1608,2,1,2025-09-09,Lithuania,Greece,83.350636,72.338122
1608,3,1,2025-09-10,Finland,Georgia,99.256248,82.240463
1608,4,1,2025-09-10,Germany,Slovenia,98.972364,69.621061
1609,1,1,2025-09-09,Poland,Turkey,82.608931,100.52541
1609,2,1,2025-09-09,Lithuania,Greece,82.824122,78.576118
1609,3,1,2025-09-10,Finland,Georgia,96.609152,73.902029
1609,4,1,2025-09-10,Germany,Slovenia,101.81032,85.181291
1610,1,1,2025-09-09,Poland,Turkey,81.689108,85.429328
1610,2,1,2025-09-09,Lithuania,Greece,92.616236,61.804376
1610,3,1,2025-09-10,Finland,Georgia,91.811463,80.778778
1610,4,1,2025-09-10,Germany,Slovenia,111.13656,82.878947
1611,1,1,2025-09-09,Poland,Turkey,55.831084,89.398307
1611,2,1,2025-09-09,Lithuania,Greece,77.230392,70.189173
1611,3,1,2025-09-10,Finland,Georgia,102.84609,79.369613
1611,4,1,2025-09-10,Germany,Slovenia,116.83017,91.851396
1612,1,1,2025-09-09,Poland,Turkey,64.129414,89.020187
1612,2,1,2025-09-09,Lithuania,Greece,76.467772,87.377001
1612,3,1,2025-09-10,Finland,Georgia,88.860793,88.903798
1612,4,1,2025-09-10,Germany,Slovenia,102.01385,95.829371
1613,1,1,2025-09-09,Poland,Turkey,102.35244,81.708735
1613,2,1,2025-09-09,Lithuania,Greece,77.677802,75.72792
1613,3,1,2025-09-10,Finland,Georgia,68.074023,71.753063
1613,4,1,2025-09-10,Germany,Slovenia,123.95075,89.480938
1614,1,1,2025-09-09,Poland,Turkey,79.795816,72.253704
1614,2,1,2025-09-09,Lithuania,Greece,98.295911,77.664281
1614,3,1,2025-09-10,Finland,Georgia,101.0742,99.864749
1614,4,1,2025-09-10,Germany,Slovenia,130.13137,74.6608
1615,1,1,2025-09-09,Poland,Turkey,79.216882,75.238533
1615,2,1,2025-09-09,Lithuania,Greece,82.159601,66.698975
1615,3,1,2025-09-10,Finland,Georgia,93.919093,89.910436
1615,4,1,2025-09-10,Germany,Slovenia,104.41712,80.772194
1616,1,1,2025-09-09,Poland,Turkey,98.121973,98.881125
1616,2,1,2025-09-09,Lithuania,Greece,83.109104,79.219348
1616,3,1,2025-09-10,Finland,Georgia,90.371459,79.910681
1616,4,1,2025-09-10,Germany,Slovenia,98.746586,79.149118
1617,1,1,2025-09-09,Poland,Turkey,72.186147,99.365247
1617,2,1,2025-09-09,Lithuania,Greece,103.16441,69.522543
1617,3,1,2025-09-10,Finland,Georgia,84.801176,78.486806
1617,4,1,2025-09-10,Germany,Slovenia,93.074813,78.194806
1618,1,1,2025-09-09,Poland,Turkey,80.606042,103.27456
1618,2,1,2025-09-09,Lithuania,Greece,80.243109,92.134852
1618,3,1,2025-09-10,Finland,Georgia,97.748847,95.053007
1618,4,1,2025-09-10,Germany,Slovenia,97.961157,92.88763
1619,1,1,2025-09-09,Poland,Turkey,77.047684,81.488214
1619,2,1,2025-09-09,Lithuania,Greece,103.57468,77.658881
1619,3,1,2025-09-10,Finland,Georgia,100.62342,82.594606
1619,4,1,2025-09-10,Germany,Slovenia,88.874892,97.496274
1620,1,1,2025-09-09,Poland,Turkey,81.165549,87.34749
1620,2,1,2025-09-09,Lithuania,Greece,103.3277,77.873594
1620,3,1,2025-09-10,Finland,Georgia,95.056668,64.378223
1620,4,1,2025-09-10,Germany,Slovenia,101.39502,84.371666
1621,1,1,2025-09-09,Poland,Turkey,78.57445,72.090984
1621,2,1,2025-09-09,Lithuania,Greece,101.08135,87.727642
1621,3,1,2025-09-10,Finland,Georgia,96.383629,89.928791
1621,4,1,2025-09-10,Germany,Slovenia,103.83291,65.457001
1622,1,1,2025-09-09,Poland,Turkey,89.454506,112.36335
1622,2,1,2025-09-09,Lithuania,Greece,106.30131,73.451901
1622,3,1,2025-09-10,Finland,Georgia,95.011656,73.236556
1622,4,1,2025-09-10,Germany,Slovenia,101.56484,96.926834
1623,1,1,2025-09-09,Poland,Turkey,65.090036,79.043719
1623,2,1,2025-09-09,Lithuania,Greece,105.57302,102.97772
1623,3,1,2025-09-10,Finland,Georgia,102.24715,75.690534
1623,4,1,2025-09-10,Germany,Slovenia,103.88689,99.661259
1624,1,1,2025-09-09,Poland,Turkey,79.720079,78.136739
1624,2,1,2025-09-09,Lithuania,Greece,75.522878,89.099782
1624,3,1,2025-09-10,Finland,Georgia,88.078099,60.569748
1624,4,1,2025-09-10,Germany,Slovenia,100.65768,86.116303
1625,1,1,2025-09-09,Poland,Turkey,85.706609,87.610849
1625,2,1,2025-09-09,Lithuania,Greece,88.407554,74.151643000000007
1625,3,1,2025-09-10,Finland,Georgia,112.12277,70.192421
1625,4,1,2025-09-10,Germany,Slovenia,100.01758,68.720923
1626,1,1,2025-09-09,Poland,Turkey,74.055019,67.033135
1626,2,1,2025-09-09,Lithuania,Greece,95.392411,85.535364
1626,3,1,2025-09-10,Finland,Georgia,87.933687,77.588777
1626,4,1,2025-09-10,Germany,Slovenia,107.43017999999999,98.804857
1627,1,1,2025-09-09,Poland,Turkey,86.328427,93.340659
1627,2,1,2025-09-09,Lithuania,Greece,67.364837,92.918957
1627,3,1,2025-09-10,Finland,Georgia,89.500469,75.867588
1627,4,1,2025-09-10,Germany,Slovenia,102.8036,89.581126
1628,1,1,2025-09-09,Poland,Turkey,90.78908,99.159129
1628,2,1,2025-09-09,Lithuania,Greece,80.525605,87.028952
1628,3,1,2025-09-10,Finland,Georgia,87.518164,88.051799
1628,4,1,2025-09-10,Germany,Slovenia,103.8189,76.228986
1629,1,1,2025-09-09,Poland,Turkey,83.27063,77.239265
1629,2,1,2025-09-09,Lithuania,Greece,103.66135,75.957425
1629,3,1,2025-09-10,Finland,Georgia,99.934778,64.741698
1629,4,1,2025-09-10,Germany,Slovenia,102.44326,95.977688
1630,1,1,2025-09-09,Poland,Turkey,73.838595,86.669966
1630,2,1,2025-09-09,Lithuania,Greece,85.956523,80.204952
1630,3,1,2025-09-10,Finland,Georgia,101.82991,96.822205
1630,4,1,2025-09-10,Germany,Slovenia,104.89392,85.994617
1631,1,1,2025-09-09,Poland,Turkey,72.776389,81.681217
1631,2,1,2025-09-09,Lithuania,Greece,74.912999,66.657579
1631,3,1,2025-09-10,Finland,Georgia,97.105949,62.456784
1631,4,1,2025-09-10,Germany,Slovenia,99.215264,79.318275
1632,1,1,2025-09-09,Poland,Turkey,64.33423,67.520461
1632,2,1,2025-09-09,Lithuania,Greece,105.0169,88.635879
1632,3,1,2025-09-10,Finland,Georgia,87.458656,77.704058
1632,4,1,2025-09-10,Germany,Slovenia,109.75,86.831703
1633,1,1,2025-09-09,Poland,Turkey,87.331865,65.541383
1633,2,1,2025-09-09,Lithuania,Greece,86.913137,75.170499
1633,3,1,2025-09-10,Finland,Georgia,101.10039,84.704888
1633,4,1,2025-09-10,Germany,Slovenia,98.289065,50.653788
1634,1,1,2025-09-09,Poland,Turkey,84.057488,88.748171
1634,2,1,2025-09-09,Lithuania,Greece,104.75089,77.475252
1634,3,1,2025-09-10,Finland,Georgia,88.670619,84.652786
1634,4,1,2025-09-10,Germany,Slovenia,108.42398,95.234995
1635,1,1,2025-09-09,Poland,Turkey,80.030676,82.349939
1635,2,1,2025-09-09,Lithuania,Greece,80.11487,65.356295
1635,3,1,2025-09-10,Finland,Georgia,85.432261,63.00158
1635,4,1,2025-09-10,Germany,Slovenia,81.177261,86.591872
1636,1,1,2025-09-09,Poland,Turkey,75.113491,77.538415
1636,2,1,2025-09-09,Lithuania,Greece,88.071473,62.998979
1636,3,1,2025-09-10,Finland,Georgia,95.455808,80.664121
1636,4,1,2025-09-10,Germany,Slovenia,84.39383,76.188339
1637,1,1,2025-09-09,Poland,Turkey,82.430118,92.251552
1637,2,1,2025-09-09,Lithuania,Greece,88.937209,83.537885
1637,3,1,2025-09-10,Finland,Georgia,94.411437,73.39267
1637,4,1,2025-09-10,Germany,Slovenia,108.8787,80.924505
1638,1,1,2025-09-09,Poland,Turkey,74.693621,87.79609
1638,2,1,2025-09-09,Lithuania,Greece,95.147347,72.357941
1638,3,1,2025-09-10,Finland,Georgia,90.968344,61.349509
1638,4,1,2025-09-10,Germany,Slovenia,120.76044,89.091411
1639,1,1,2025-09-09,Poland,Turkey,79.606542,81.65874
1639,2,1,2025-09-09,Lithuania,Greece,84.00316,67.031778
1639,3,1,2025-09-10,Finland,Georgia,119.83959,86.529879
1639,4,1,2025-09-10,Germany,Slovenia,120.49578,83.834395
1640,1,1,2025-09-09,Poland,Turkey,65.399344,83.245234
1640,2,1,2025-09-09,Lithuania,Greece,99.519887,75.041482
1640,3,1,2025-09-10,Finland,Georgia,89.78118,74.513203
1640,4,1,2025-09-10,Germany,Slovenia,122.55935,90.850987
1641,1,1,2025-09-09,Poland,Turkey,78.175552,83.773475
1641,2,1,2025-09-09,Lithuania,Greece,68.778401,68.53178
1641,3,1,2025-09-10,Finland,Georgia,88.104742,58.928335
1641,4,1,2025-09-10,Germany,Slovenia,101.56651,98.575978
1642,1,1,2025-09-09,Poland,Turkey,60.746302,89.931823
1642,2,1,2025-09-09,Lithuania,Greece,61.819323,58.959941
1642,3,1,2025-09-10,Finland,Georgia,86.162065,76.959646
1642,4,1,2025-09-10,Germany,Slovenia,82.188664,101.91318
1643,1,1,2025-09-09,Poland,Turkey,67.515202,77.187012
1643,2,1,2025-09-09,Lithuania,Greece,88.691517,66.942825
1643,3,1,2025-09-10,Finland,Georgia,120.48314,75.72959
1643,4,1,2025-09-10,Germany,Slovenia,107.34359,77.081535
1644,1,1,2025-09-09,Poland,Turkey,78.514655,94.715486
1644,2,1,2025-09-09,Lithuania,Greece,91.882578,71.34207
1644,3,1,2025-09-10,Finland,Georgia,90.451968,84.196523
1644,4,1,2025-09-10,Germany,Slovenia,113.88819,89.386695
1645,1,1,2025-09-09,Poland,Turkey,66.28841,99.025127
1645,2,1,2025-09-09,Lithuania,Greece,83.878757,81.389938
1645,3,1,2025-09-10,Finland,Georgia,98.486631,79.362718
1645,4,1,2025-09-10,Germany,Slovenia,90.500216,91.300827
1646,1,1,2025-09-09,Poland,Turkey,72.213196,92.733654
1646,2,1,2025-09-09,Lithuania,Greece,85.798979,75.191001
1646,3,1,2025-09-10,Finland,Georgia,102.83571,75.466441
1646,4,1,2025-09-10,Germany,Slovenia,102.05687,84.178151
1647,1,1,2025-09-09,Poland,Turkey,46.857132,89.505381
1647,2,1,2025-09-09,Lithuania,Greece,87.435742,72.688626
1647,3,1,2025-09-10,Finland,Georgia,73.752129,56.197543
1647,4,1,2025-09-10,Germany,Slovenia,109.2046,100.64646
1648,1,1,2025-09-09,Poland,Turkey,90.800235,94.271482
1648,2,1,2025-09-09,Lithuania,Greece,100.60935,67.205103
1648,3,1,2025-09-10,Finland,Georgia,102.34413,84.894964
1648,4,1,2025-09-10,Germany,Slovenia,96.811121,79.479701
1649,1,1,2025-09-09,Poland,Turkey,69.777813,81.826667
1649,2,1,2025-09-09,Lithuania,Greece,106.52832,73.982094
1649,3,1,2025-09-10,Finland,Georgia,73.028557,82.777267
1649,4,1,2025-09-10,Germany,Slovenia,92.003666,90.97593
1650,1,1,2025-09-09,Poland,Turkey,70.127775,76.727478
1650,2,1,2025-09-09,Lithuania,Greece,87.961309,87.347201
1650,3,1,2025-09-10,Finland,Georgia,104.20355,73.762895
1650,4,1,2025-09-10,Germany,Slovenia,114.11495,79.641073
1651,1,1,2025-09-09,Poland,Turkey,72.387971,84.503132
1651,2,1,2025-09-09,Lithuania,Greece,81.508909,77.957446
1651,3,1,2025-09-10,Finland,Georgia,72.251903,65.504468
1651,4,1,2025-09-10,Germany,Slovenia,113.80569,79.707716
1652,1,1,2025-09-09,Poland,Turkey,55.451563,83.844841
1652,2,1,2025-09-09,Lithuania,Greece,96.409601,87.486398
1652,3,1,2025-09-10,Finland,Georgia,92.937741,68.322981
1652,4,1,2025-09-10,Germany,Slovenia,91.982884,94.105384
1653,1,1,2025-09-09,Poland,Turkey,72.326755,100.01138
1653,2,1,2025-09-09,Lithuania,Greece,90.322211,75.606805
1653,3,1,2025-09-10,Finland,Georgia,102.56399,90.052061
1653,4,1,2025-09-10,Germany,Slovenia,114.55979,98.476712
1654,1,1,2025-09-09,Poland,Turkey,88.144594,96.578143
1654,2,1,2025-09-09,Lithuania,Greece,72.994096,91.186391
1654,3,1,2025-09-10,Finland,Georgia,101.69903,75.691394
1654,4,1,2025-09-10,Germany,Slovenia,115.23412,84.161913
1655,1,1,2025-09-09,Poland,Turkey,68.493555,73.028445
1655,2,1,2025-09-09,Lithuania,Greece,90.82424,71.838317
1655,3,1,2025-09-10,Finland,Georgia,113.18219,89.959125
1655,4,1,2025-09-10,Germany,Slovenia,91.589359,92.332383
1656,1,1,2025-09-09,Poland,Turkey,62.764817,93.36916
1656,2,1,2025-09-09,Lithuania,Greece,91.567539,89.425706
1656,3,1,2025-09-10,Finland,Georgia,78.087964,44.33907
1656,4,1,2025-09-10,Germany,Slovenia,117.28602,97.14932
1657,1,1,2025-09-09,Poland,Turkey,80.196798,75.715248
1657,2,1,2025-09-09,Lithuania,Greece,87.654508,74.517366
1657,3,1,2025-09-10,Finland,Georgia,93.599541,80.243838
1657,4,1,2025-09-10,Germany,Slovenia,110.33865,111.06497
1658,1,1,2025-09-09,Poland,Turkey,62.084374,75.834905
1658,2,1,2025-09-09,Lithuania,Greece,101.32643,68.687172
1658,3,1,2025-09-10,Finland,Georgia,87.54055,71.474556
1658,4,1,2025-09-10,Germany,Slovenia,99.060417,88.594345
1659,1,1,2025-09-09,Poland,Turkey,69.150439,83.979854
1659,2,1,2025-09-09,Lithuania,Greece,79.818027,72.086815
1659,3,1,2025-09-10,Finland,Georgia,90.952483,62.67073
1659,4,1,2025-09-10,Germany,Slovenia,96.207529,88.804322
1660,1,1,2025-09-09,Poland,Turkey,84.829391,89.784347
1660,2,1,2025-09-09,Lithuania,Greece,101.96335,81.929027
1660,3,1,2025-09-10,Finland,Georgia,78.655628,74.165561
1660,4,1,2025-09-10,Germany,Slovenia,110.60564,85.923656
1661,1,1,2025-09-09,Poland,Turkey,109.3063,106.2497
1661,2,1,2025-09-09,Lithuania,Greece,71.592252,93.337813
1661,3,1,2025-09-10,Finland,Georgia,99.845947,74.05365
1661,4,1,2025-09-10,Germany,Slovenia,103.6963,72.564451
1662,1,1,2025-09-09,Poland,Turkey,85.324249,74.046332
1662,2,1,2025-09-09,Lithuania,Greece,96.136459,67.912105
1662,3,1,2025-09-10,Finland,Georgia,88.675307,85.637263
1662,4,1,2025-09-10,Germany,Slovenia,101.3695,99.976304
1663,1,1,2025-09-09,Poland,Turkey,78.276638,80.346014
1663,2,1,2025-09-09,Lithuania,Greece,76.79471,77.000264
1663,3,1,2025-09-10,Finland,Georgia,109.26039,94.312722
1663,4,1,2025-09-10,Germany,Slovenia,89.88392,80.84048
1664,1,1,2025-09-09,Poland,Turkey,76.053117,95.132657
1664,2,1,2025-09-09,Lithuania,Greece,78.275803,75.569053
1664,3,1,2025-09-10,Finland,Georgia,94.779805,73.452007
1664,4,1,2025-09-10,Germany,Slovenia,90.219864,63.709906
1665,1,1,2025-09-09,Poland,Turkey,69.326935,100.4304
1665,2,1,2025-09-09,Lithuania,Greece,97.373233,80.516694
1665,3,1,2025-09-10,Finland,Georgia,85.541501,69.668975
1665,4,1,2025-09-10,Germany,Slovenia,114.32006,97.030103
1666,1,1,2025-09-09,Poland,Turkey,75.117182,73.372179
1666,2,1,2025-09-09,Lithuania,Greece,101.88055,87.429106
1666,3,1,2025-09-10,Finland,Georgia,100.8338,78.244804
1666,4,1,2025-09-10,Germany,Slovenia,99.708927,77.710897
1667,1,1,2025-09-09,Poland,Turkey,63.719936,90.968677
1667,2,1,2025-09-09,Lithuania,Greece,93.224677,60.238161
1667,3,1,2025-09-10,Finland,Georgia,90.55689,57.031062
1667,4,1,2025-09-10,Germany,Slovenia,101.70294,95.273286
1668,1,1,2025-09-09,Poland,Turkey,75.343749,113.48504
1668,2,1,2025-09-09,Lithuania,Greece,95.158899,84.812652
1668,3,1,2025-09-10,Finland,Georgia,103.65655,95.729412
1668,4,1,2025-09-10,Germany,Slovenia,85.676321,103.44689
1669,1,1,2025-09-09,Poland,Turkey,75.737864,83.431744
1669,2,1,2025-09-09,Lithuania,Greece,83.944064,73.194533
1669,3,1,2025-09-10,Finland,Georgia,117.88376,72.600311
1669,4,1,2025-09-10,Germany,Slovenia,101.86091,82.437025
1670,1,1,2025-09-09,Poland,Turkey,68.07654,75.148921
1670,2,1,2025-09-09,Lithuania,Greece,89.16816,81.826306
1670,3,1,2025-09-10,Finland,Georgia,88.884788,67.59518
1670,4,1,2025-09-10,Germany,Slovenia,115.23492,96.081645
1671,1,1,2025-09-09,Poland,Turkey,87.047046,92.885059
1671,2,1,2025-09-09,Lithuania,Greece,86.231429,60.544832
1671,3,1,2025-09-10,Finland,Georgia,106.7386,89.291053
1671,4,1,2025-09-10,Germany,Slovenia,88.820581,82.319001
1672,1,1,2025-09-09,Poland,Turkey,66.883888,84.863696
1672,2,1,2025-09-09,Lithuania,Greece,75.941768,85.789988
1672,3,1,2025-09-10,Finland,Georgia,100.13318,86.657793
1672,4,1,2025-09-10,Germany,Slovenia,109.5427,92.644692
1673,1,1,2025-09-09,Poland,Turkey,81.944511,92.988335
1673,2,1,2025-09-09,Lithuania,Greece,96.831906,98.100559
1673,3,1,2025-09-10,Finland,Georgia,101.00493,67.465345
1673,4,1,2025-09-10,Germany,Slovenia,85.640239,88.675847
1674,1,1,2025-09-09,Poland,Turkey,64.443195,88.11164
1674,2,1,2025-09-09,Lithuania,Greece,101.7394,74.292247
1674,3,1,2025-09-10,Finland,Georgia,82.685764,83.935134
1674,4,1,2025-09-10,Germany,Slovenia,111.72356,82.919688
1675,1,1,2025-09-09,Poland,Turkey,96.147958,87.505134
1675,2,1,2025-09-09,Lithuania,Greece,87.674869,66.0718
1675,3,1,2025-09-10,Finland,Georgia,94.644008,76.98338
1675,4,1,2025-09-10,Germany,Slovenia,89.192016,85.17479
1676,1,1,2025-09-09,Poland,Turkey,68.985634,100.39254
1676,2,1,2025-09-09,Lithuania,Greece,78.050717,81.249977
1676,3,1,2025-09-10,Finland,Georgia,112.40258,82.344608
1676,4,1,2025-09-10,Germany,Slovenia,120.13614,79.731091
1677,1,1,2025-09-09,Poland,Turkey,78.125244,85.97748
1677,2,1,2025-09-09,Lithuania,Greece,93.13049,87.855712
1677,3,1,2025-09-10,Finland,Georgia,97.875555,69.561189
1677,4,1,2025-09-10,Germany,Slovenia,106.06369,87.134036
1678,1,1,2025-09-09,Poland,Turkey,76.052336,82.997167
1678,2,1,2025-09-09,Lithuania,Greece,71.768156,72.096027
1678,3,1,2025-09-10,Finland,Georgia,100.86177,74.693375
1678,4,1,2025-09-10,Germany,Slovenia,96.577452,82.475136
1679,1,1,2025-09-09,Poland,Turkey,90.697698,68.603902
1679,2,1,2025-09-09,Lithuania,Greece,79.808935,62.758585
1679,3,1,2025-09-10,Finland,Georgia,102.75578,102.50362
1679,4,1,2025-09-10,Germany,Slovenia,114.5958,106.95194
1680,1,1,2025-09-09,Poland,Turkey,80.614725,86.106916
1680,2,1,2025-09-09,Lithuania,Greece,84.261908,75.547029
1680,3,1,2025-09-10,Finland,Georgia,87.109235,83.629245
1680,4,1,2025-09-10,Germany,Slovenia,93.324648,72.527658
1681,1,1,2025-09-09,Poland,Turkey,70.516229,86.83713
1681,2,1,2025-09-09,Lithuania,Greece,92.399262,68.351178
1681,3,1,2025-09-10,Finland,Georgia,104.66218,69.510824
1681,4,1,2025-09-10,Germany,Slovenia,107.14315,104.03574
1682,1,1,2025-09-09,Poland,Turkey,65.786671,84.58035
1682,2,1,2025-09-09,Lithuania,Greece,82.113481,77.854303
1682,3,1,2025-09-10,Finland,Georgia,108.89012,85.593776
1682,4,1,2025-09-10,Germany,Slovenia,111.38602,86.574392
1683,1,1,2025-09-09,Poland,Turkey,74.782005,88.558867
1683,2,1,2025-09-09,Lithuania,Greece,75.255761,63.237014
1683,3,1,2025-09-10,Finland,Georgia,97.079826,67.713135
1683,4,1,2025-09-10,Germany,Slovenia,98.493872,86.459677
1684,1,1,2025-09-09,Poland,Turkey,82.601608,87.981829
1684,2,1,2025-09-09,Lithuania,Greece,92.716053,80.51675
1684,3,1,2025-09-10,Finland,Georgia,117.30421,91.796186
1684,4,1,2025-09-10,Germany,Slovenia,80.522706,78.572904
1685,1,1,2025-09-09,Poland,Turkey,56.315404,88.32771
1685,2,1,2025-09-09,Lithuania,Greece,87.180356,73.530234
1685,3,1,2025-09-10,Finland,Georgia,87.798639,74.906837
1685,4,1,2025-09-10,Germany,Slovenia,91.517909,86.446486
1686,1,1,2025-09-09,Poland,Turkey,63.288437,91.550963
1686,2,1,2025-09-09,Lithuania,Greece,61.304109,62.229124
1686,3,1,2025-09-10,Finland,Georgia,65.221863,76.947362
1686,4,1,2025-09-10,Germany,Slovenia,105.81979,77.473843
1687,1,1,2025-09-09,Poland,Turkey,87.348583,89.203031
1687,2,1,2025-09-09,Lithuania,Greece,64.222606,93.711703
1687,3,1,2025-09-10,Finland,Georgia,94.019621,66.335469
1687,4,1,2025-09-10,Germany,Slovenia,115.87027,98.806075
1688,1,1,2025-09-09,Poland,Turkey,57.920361,100.70539
1688,2,1,2025-09-09,Lithuania,Greece,79.527824,64.289665
1688,3,1,2025-09-10,Finland,Georgia,100.42834,64.458182
1688,4,1,2025-09-10,Germany,Slovenia,102.23008,84.653653
1689,1,1,2025-09-09,Poland,Turkey,66.250971,85.146786
1689,2,1,2025-09-09,Lithuania,Greece,90.005884,86.206427
1689,3,1,2025-09-10,Finland,Georgia,102.41802,60.939528
1689,4,1,2025-09-10,Germany,Slovenia,100.00983,92.788098
1690,1,1,2025-09-09,Poland,Turkey,81.73432,98.918289
1690,2,1,2025-09-09,Lithuania,Greece,91.177128,79.23671
1690,3,1,2025-09-10,Finland,Georgia,95.763949,89.931515
1690,4,1,2025-09-10,Germany,Slovenia,92.354034,80.259471
1691,1,1,2025-09-09,Poland,Turkey,106.53565,107.14047
1691,2,1,2025-09-09,Lithuania,Greece,81.082649,75.908648
1691,3,1,2025-09-10,Finland,Georgia,92.953179,71.279548
1691,4,1,2025-09-10,Germany,Slovenia,90.763351,72.546416
1692,1,1,2025-09-09,Poland,Turkey,67.802834,61.068746
1692,2,1,2025-09-09,Lithuania,Greece,74.724893,72.862671
1692,3,1,2025-09-10,Finland,Georgia,94.940268,87.524857
1692,4,1,2025-09-10,Germany,Slovenia,116.90207,94.758208
1693,1,1,2025-09-09,Poland,Turkey,70.711546,86.846203
1693,2,1,2025-09-09,Lithuania,Greece,94.343717,68.091215
1693,3,1,2025-09-10,Finland,Georgia,90.857398,76.170929
1693,4,1,2025-09-10,Germany,Slovenia,113.8966,98.298772
1694,1,1,2025-09-09,Poland,Turkey,83.102233,93.751492
1694,2,1,2025-09-09,Lithuania,Greece,94.86763,73.318923
1694,3,1,2025-09-10,Finland,Georgia,107.18436,72.405441
1694,4,1,2025-09-10,Germany,Slovenia,105.79384,99.140345
1695,1,1,2025-09-09,Poland,Turkey,85.943965,76.034693
1695,2,1,2025-09-09,Lithuania,Greece,103.66205,81.244768
1695,3,1,2025-09-10,Finland,Georgia,124.35658,87.563914
1695,4,1,2025-09-10,Germany,Slovenia,92.473017,79.433183
1696,1,1,2025-09-09,Poland,Turkey,72.090055,72.30705
1696,2,1,2025-09-09,Lithuania,Greece,62.372721,91.130717
1696,3,1,2025-09-10,Finland,Georgia,108.00373,83.433017
1696,4,1,2025-09-10,Germany,Slovenia,87.088084,92.882699
1697,1,1,2025-09-09,Poland,Turkey,79.886895,84.594503
1697,2,1,2025-09-09,Lithuania,Greece,67.72488,72.682892
1697,3,1,2025-09-10,Finland,Georgia,98.70593,81.07837
1697,4,1,2025-09-10,Germany,Slovenia,106.84521,79.701163
1698,1,1,2025-09-09,Poland,Turkey,56.748029,76.985727
1698,2,1,2025-09-09,Lithuania,Greece,68.192003,82.056925
1698,3,1,2025-09-10,Finland,Georgia,111.96952,68.342578
1698,4,1,2025-09-10,Germany,Slovenia,118.72694,95.931985
1699,1,1,2025-09-09,Poland,Turkey,68.064081,64.072093
1699,2,1,2025-09-09,Lithuania,Greece,93.563985,88.732101
1699,3,1,2025-09-10,Finland,Georgia,75.957344,98.000682
1699,4,1,2025-09-10,Germany,Slovenia,101.92065,70.914422
1700,1,1,2025-09-09,Poland,Turkey,77.050022,92.640921
1700,2,1,2025-09-09,Lithuania,Greece,81.790993,87.776764
1700,3,1,2025-09-10,Finland,Georgia,80.818777,82.741123
1700,4,1,2025-09-10,Germany,Slovenia,95.812087,73.478286
1701,1,1,2025-09-09,Poland,Turkey,79.44393,87.406491
1701,2,1,2025-09-09,Lithuania,Greece,66.469873,72.337998
1701,3,1,2025-09-10,Finland,Georgia,101.82772,85.738491
1701,4,1,2025-09-10,Germany,Slovenia,89.162831,82.928385
1702,1,1,2025-09-09,Poland,Turkey,78.005664,97.356342
1702,2,1,2025-09-09,Lithuania,Greece,85.243263,78.194398
1702,3,1,2025-09-10,Finland,Georgia,103.61572,88.414156
1702,4,1,2025-09-10,Germany,Slovenia,89.930986,95.166274
1703,1,1,2025-09-09,Poland,Turkey,77.786321,69.707047
1703,2,1,2025-09-09,Lithuania,Greece,67.34549,77.216615
1703,3,1,2025-09-10,Finland,Georgia,91.256248,83.625179
1703,4,1,2025-09-10,Germany,Slovenia,91.478377,81.418488
1704,1,1,2025-09-09,Poland,Turkey,90.196794,96.140049
1704,2,1,2025-09-09,Lithuania,Greece,71.353743,60.541037
1704,3,1,2025-09-10,Finland,Georgia,85.561527,91.09526
1704,4,1,2025-09-10,Germany,Slovenia,106.1948,77.598767
1705,1,1,2025-09-09,Poland,Turkey,88.012262,93.299717
1705,2,1,2025-09-09,Lithuania,Greece,103.27252,77.224339
1705,3,1,2025-09-10,Finland,Georgia,86.045559,72.307542
1705,4,1,2025-09-10,Germany,Slovenia,89.815123,79.838085
1706,1,1,2025-09-09,Poland,Turkey,72.568713,82.116217
1706,2,1,2025-09-09,Lithuania,Greece,81.876298,81.445229
1706,3,1,2025-09-10,Finland,Georgia,92.347627,76.665024
1706,4,1,2025-09-10,Germany,Slovenia,105.32491,85.866886
1707,1,1,2025-09-09,Poland,Turkey,82.509636,78.340219
1707,2,1,2025-09-09,Lithuania,Greece,72.235254,80.0537
1707,3,1,2025-09-10,Finland,Georgia,87.93451,61.359124
1707,4,1,2025-09-10,Germany,Slovenia,99.964323,80.471061
1708,1,1,2025-09-09,Poland,Turkey,67.117944,81.697117
1708,2,1,2025-09-09,Lithuania,Greece,84.274944,71.567037
1708,3,1,2025-09-10,Finland,Georgia,103.42275,86.223164
1708,4,1,2025-09-10,Germany,Slovenia,100.66539,88.337238
1709,1,1,2025-09-09,Poland,Turkey,67.328467,87.368556
1709,2,1,2025-09-09,Lithuania,Greece,75.758197,73.673205
1709,3,1,2025-09-10,Finland,Georgia,93.070647,73.810459
1709,4,1,2025-09-10,Germany,Slovenia,113.28168,86.180422
1710,1,1,2025-09-09,Poland,Turkey,62.298651,106.79603
1710,2,1,2025-09-09,Lithuania,Greece,76.207674,86.69231
1710,3,1,2025-09-10,Finland,Georgia,99.443009,68.947888
1710,4,1,2025-09-10,Germany,Slovenia,97.613756,72.690176
1711,1,1,2025-09-09,Poland,Turkey,65.540347,87.435908
1711,2,1,2025-09-09,Lithuania,Greece,94.970928,98.421004
1711,3,1,2025-09-10,Finland,Georgia,75.961919,76.746283
1711,4,1,2025-09-10,Germany,Slovenia,91.791732,88.301648
1712,1,1,2025-09-09,Poland,Turkey,69.113749,77.481003
1712,2,1,2025-09-09,Lithuania,Greece,117.03042,95.617463
1712,3,1,2025-09-10,Finland,Georgia,86.414617,61.921921
1712,4,1,2025-09-10,Germany,Slovenia,100.28575,96.365257
1713,1,1,2025-09-09,Poland,Turkey,79.629906,79.200032
1713,2,1,2025-09-09,Lithuania,Greece,88.740157,74.041509
1713,3,1,2025-09-10,Finland,Georgia,79.456808,80.498184
1713,4,1,2025-09-10,Germany,Slovenia,96.705892,71.429101
1714,1,1,2025-09-09,Poland,Turkey,61.928128,73.576212
1714,2,1,2025-09-09,Lithuania,Greece,89.563997,84.159126
1714,3,1,2025-09-10,Finland,Georgia,92.67786,94.084455
1714,4,1,2025-09-10,Germany,Slovenia,74.26656,107.61208
1715,1,1,2025-09-09,Poland,Turkey,73.807885,82.157537
1715,2,1,2025-09-09,Lithuania,Greece,87.722725,73.919922
1715,3,1,2025-09-10,Finland,Georgia,104.69753,49.897271
1715,4,1,2025-09-10,Germany,Slovenia,88.338184,86.324908
1716,1,1,2025-09-09,Poland,Turkey,79.253937,105.71265
1716,2,1,2025-09-09,Lithuania,Greece,83.514057,77.716123
1716,3,1,2025-09-10,Finland,Georgia,91.696049,80.483872
1716,4,1,2025-09-10,Germany,Slovenia,72.328069,77.292363
1717,1,1,2025-09-09,Poland,Turkey,68.619654,83.630972
1717,2,1,2025-09-09,Lithuania,Greece,93.195706,83.783397
1717,3,1,2025-09-10,Finland,Georgia,104.98652,73.042642
1717,4,1,2025-09-10,Germany,Slovenia,109.23642,86.572589
1718,1,1,2025-09-09,Poland,Turkey,81.367975,86.658305
1718,2,1,2025-09-09,Lithuania,Greece,58.720304,68.824738
1718,3,1,2025-09-10,Finland,Georgia,84.703454,85.920666
1718,4,1,2025-09-10,Germany,Slovenia,80.682129,94.250348
1719,1,1,2025-09-09,Poland,Turkey,82.609456,93.246515
1719,2,1,2025-09-09,Lithuania,Greece,92.100873000000007,76.681189
1719,3,1,2025-09-10,Finland,Georgia,96.425423,62.87203
1719,4,1,2025-09-10,Germany,Slovenia,92.488278,79.792677
1720,1,1,2025-09-09,Poland,Turkey,85.186921,73.14912
1720,2,1,2025-09-09,Lithuania,Greece,73.757343,69.617368
1720,3,1,2025-09-10,Finland,Georgia,77.935511,92.492999
1720,4,1,2025-09-10,Germany,Slovenia,91.895855,89.397171
1721,1,1,2025-09-09,Poland,Turkey,51.731204,61.003795
1721,2,1,2025-09-09,Lithuania,Greece,83.542918,70.022125
1721,3,1,2025-09-10,Finland,Georgia,97.654472,100.1613
1721,4,1,2025-09-10,Germany,Slovenia,126.30705,86.283736
1722,1,1,2025-09-09,Poland,Turkey,72.929812,94.93197
1722,2,1,2025-09-09,Lithuania,Greece,78.753763,76.752758
1722,3,1,2025-09-10,Finland,Georgia,103.90844,80.757549
1722,4,1,2025-09-10,Germany,Slovenia,112.67333000000001,88.213677
1723,1,1,2025-09-09,Poland,Turkey,66.77037,61.97233
1723,2,1,2025-09-09,Lithuania,Greece,79.073466,107.32695
1723,3,1,2025-09-10,Finland,Georgia,87.681779,60.521826
1723,4,1,2025-09-10,Germany,Slovenia,101.6737,71.83269
1724,1,1,2025-09-09,Poland,Turkey,87.390859,86.430437
1724,2,1,2025-09-09,Lithuania,Greece,81.268316,61.521512
1724,3,1,2025-09-10,Finland,Georgia,75.813256,86.045728
1724,4,1,2025-09-10,Germany,Slovenia,97.703916,85.183172
1725,1,1,2025-09-09,Poland,Turkey,73.785076,85.117009
1725,2,1,2025-09-09,Lithuania,Greece,87.274583,74.923722
1725,3,1,2025-09-10,Finland,Georgia,85.905684,52.549065
1725,4,1,2025-09-10,Germany,Slovenia,115.37086,93.82566
1726,1,1,2025-09-09,Poland,Turkey,78.093714,88.813163
1726,2,1,2025-09-09,Lithuania,Greece,72.374164,86.228034
1726,3,1,2025-09-10,Finland,Georgia,95.243261,60.959015
1726,4,1,2025-09-10,Germany,Slovenia,99.42382,51.766071
1727,1,1,2025-09-09,Poland,Turkey,78.430429,86.037496
1727,2,1,2025-09-09,Lithuania,Greece,97.474046,95.080199
1727,3,1,2025-09-10,Finland,Georgia,105.71682,70.040125
1727,4,1,2025-09-10,Germany,Slovenia,110.62211,98.141373
1728,1,1,2025-09-09,Poland,Turkey,72.980722,75.164626
1728,2,1,2025-09-09,Lithuania,Greece,84.549395,102.25854
1728,3,1,2025-09-10,Finland,Georgia,102.23488,80.949237
1728,4,1,2025-09-10,Germany,Slovenia,106.55478,95.484509
1729,1,1,2025-09-09,Poland,Turkey,76.237927,89.485333
1729,2,1,2025-09-09,Lithuania,Greece,119.0146,91.966852
1729,3,1,2025-09-10,Finland,Georgia,95.064021,72.868769
1729,4,1,2025-09-10,Germany,Slovenia,108.39283,81.741888
1730,1,1,2025-09-09,Poland,Turkey,67.691078,88.416096
1730,2,1,2025-09-09,Lithuania,Greece,78.839774,82.853819
1730,3,1,2025-09-10,Finland,Georgia,86.671479,74.625732
1730,4,1,2025-09-10,Germany,Slovenia,104.99682,98.526147
1731,1,1,2025-09-09,Poland,Turkey,79.942081,87.136784
1731,2,1,2025-09-09,Lithuania,Greece,110.98668,74.108046
1731,3,1,2025-09-10,Finland,Georgia,108.80051,93.409226
1731,4,1,2025-09-10,Germany,Slovenia,112.23521,69.5104
1732,1,1,2025-09-09,Poland,Turkey,80.450429,103.12178
1732,2,1,2025-09-09,Lithuania,Greece,92.052684,74.031495
1732,3,1,2025-09-10,Finland,Georgia,105.98431,70.595844
1732,4,1,2025-09-10,Germany,Slovenia,103.95091,91.634819
1733,1,1,2025-09-09,Poland,Turkey,78.731629,75.135769
1733,2,1,2025-09-09,Lithuania,Greece,87.424365,74.968899
1733,3,1,2025-09-10,Finland,Georgia,88.360002,69.545524
1733,4,1,2025-09-10,Germany,Slovenia,112.40279,84.645191
1734,1,1,2025-09-09,Poland,Turkey,95.439895,84.248215
1734,2,1,2025-09-09,Lithuania,Greece,75.792613,59.139351
1734,3,1,2025-09-10,Finland,Georgia,88.410332,90.919512
1734,4,1,2025-09-10,Germany,Slovenia,102.54552,91.672896
1735,1,1,2025-09-09,Poland,Turkey,95.573295,91.952324
1735,2,1,2025-09-09,Lithuania,Greece,94.516344,88.477532
1735,3,1,2025-09-10,Finland,Georgia,80.122853,72.098332
1735,4,1,2025-09-10,Germany,Slovenia,103.64854,96.308806
1736,1,1,2025-09-09,Poland,Turkey,67.430727,83.376156
1736,2,1,2025-09-09,Lithuania,Greece,111.88755,77.93057
1736,3,1,2025-09-10,Finland,Georgia,92.303475,87.310886
1736,4,1,2025-09-10,Germany,Slovenia,86.124615,80.000004
1737,1,1,2025-09-09,Poland,Turkey,73.125421,80.01181
1737,2,1,2025-09-09,Lithuania,Greece,90.999274,74.666958
1737,3,1,2025-09-10,Finland,Georgia,88.666758,79.110561
1737,4,1,2025-09-10,Germany,Slovenia,95.013696,78.215654
1738,1,1,2025-09-09,Poland,Turkey,97.935005,102.5266
1738,2,1,2025-09-09,Lithuania,Greece,94.987496,89.969922
1738,3,1,2025-09-10,Finland,Georgia,69.565198,82.789816
1738,4,1,2025-09-10,Germany,Slovenia,111.38777,77.011599
1739,1,1,2025-09-09,Poland,Turkey,63.390388,62.104897
1739,2,1,2025-09-09,Lithuania,Greece,79.749099,82.196897
1739,3,1,2025-09-10,Finland,Georgia,102.50387,84.288312
1739,4,1,2025-09-10,Germany,Slovenia,97.969619,91.404156
1740,1,1,2025-09-09,Poland,Turkey,93.987999,111.26038
1740,2,1,2025-09-09,Lithuania,Greece,98.671861,88.514971
1740,3,1,2025-09-10,Finland,Georgia,105.29987,89.95087
1740,4,1,2025-09-10,Germany,Slovenia,90.5046,77.70098
1741,1,1,2025-09-09,Poland,Turkey,61.953875,72.421246
1741,2,1,2025-09-09,Lithuania,Greece,75.790828,84.733577
1741,3,1,2025-09-10,Finland,Georgia,93.157424,57.968682
1741,4,1,2025-09-10,Germany,Slovenia,98.04226,88.043365
1742,1,1,2025-09-09,Poland,Turkey,65.620698,83.723247
1742,2,1,2025-09-09,Lithuania,Greece,90.866583,60.963368
1742,3,1,2025-09-10,Finland,Georgia,110.24353,71.729921
1742,4,1,2025-09-10,Germany,Slovenia,83.711191,88.023524
1743,1,1,2025-09-09,Poland,Turkey,74.898513,64.567613
1743,2,1,2025-09-09,Lithuania,Greece,73.623017,80.364086
1743,3,1,2025-09-10,Finland,Georgia,109.22398,65.953509
1743,4,1,2025-09-10,Germany,Slovenia,100.91373,102.3868
1744,1,1,2025-09-09,Poland,Turkey,83.239554,94.680927
1744,2,1,2025-09-09,Lithuania,Greece,79.858201,83.850655
1744,3,1,2025-09-10,Finland,Georgia,98.661307,78.765618
1744,4,1,2025-09-10,Germany,Slovenia,92.16167,88.316957
1745,1,1,2025-09-09,Poland,Turkey,72.55945,94.03434
1745,2,1,2025-09-09,Lithuania,Greece,98.973047,56.245393
1745,3,1,2025-09-10,Finland,Georgia,94.810948,71.05572
1745,4,1,2025-09-10,Germany,Slovenia,97.594169,80.039615
1746,1,1,2025-09-09,Poland,Turkey,64.554415,89.268346
1746,2,1,2025-09-09,Lithuania,Greece,102.06777,93.370507
1746,3,1,2025-09-10,Finland,Georgia,102.37921,75.698653
1746,4,1,2025-09-10,Germany,Slovenia,116.87367,91.202158
1747,1,1,2025-09-09,Poland,Turkey,74.257607,84.280567
1747,2,1,2025-09-09,Lithuania,Greece,86.709782,63.881819
1747,3,1,2025-09-10,Finland,Georgia,111.95405,70.045069
1747,4,1,2025-09-10,Germany,Slovenia,110.05675,89.476383
1748,1,1,2025-09-09,Poland,Turkey,78.593495,89.035656
1748,2,1,2025-09-09,Lithuania,Greece,82.747418,70.104829
1748,3,1,2025-09-10,Finland,Georgia,102.55021,69.508783
1748,4,1,2025-09-10,Germany,Slovenia,103.41795,75.338289
1749,1,1,2025-09-09,Poland,Turkey,81.446476,85.078134
1749,2,1,2025-09-09,Lithuania,Greece,69.00042,77.831858
1749,3,1,2025-09-10,Finland,Georgia,107.7601,82.433281
1749,4,1,2025-09-10,Germany,Slovenia,100.83701,86.869086
1750,1,1,2025-09-09,Poland,Turkey,86.048894,87.576519
1750,2,1,2025-09-09,Lithuania,Greece,92.647876,79.413821
1750,3,1,2025-09-10,Finland,Georgia,102.5938,73.987145
1750,4,1,2025-09-10,Germany,Slovenia,111.41396,98.629766
1751,1,1,2025-09-09,Poland,Turkey,92.24008,92.044449
1751,2,1,2025-09-09,Lithuania,Greece,101.48485,74.636573
1751,3,1,2025-09-10,Finland,Georgia,110.64279,78.057208
1751,4,1,2025-09-10,Germany,Slovenia,105.51432,85.164316
1752,1,1,2025-09-09,Poland,Turkey,89.508678,85.222544
1752,2,1,2025-09-09,Lithuania,Greece,82.795369,95.411511
1752,3,1,2025-09-10,Finland,Georgia,93.902559,60.487431
1752,4,1,2025-09-10,Germany,Slovenia,105.37775,96.53387
1753,1,1,2025-09-09,Poland,Turkey,79.953214,96.696933
1753,2,1,2025-09-09,Lithuania,Greece,98.254259,80.955169
1753,3,1,2025-09-10,Finland,Georgia,91.318559,86.587982
1753,4,1,2025-09-10,Germany,Slovenia,106.16994,81.043123
1754,1,1,2025-09-09,Poland,Turkey,76.101477,97.104802
1754,2,1,2025-09-09,Lithuania,Greece,83.835813,71.517073
1754,3,1,2025-09-10,Finland,Georgia,92.790566,61.004286
1754,4,1,2025-09-10,Germany,Slovenia,127.73413,115.15549
1755,1,1,2025-09-09,Poland,Turkey,81.552468,89.247468
1755,2,1,2025-09-09,Lithuania,Greece,87.749286,66.651407
1755,3,1,2025-09-10,Finland,Georgia,95.125998,62.966607
1755,4,1,2025-09-10,Germany,Slovenia,108.25453,97.916531
1756,1,1,2025-09-09,Poland,Turkey,81.173344,93.13743
1756,2,1,2025-09-09,Lithuania,Greece,80.644481,58.496676
1756,3,1,2025-09-10,Finland,Georgia,99.484829,68.496477
1756,4,1,2025-09-10,Germany,Slovenia,115.96494,79.41975
1757,1,1,2025-09-09,Poland,Turkey,78.699987,68.825884
1757,2,1,2025-09-09,Lithuania,Greece,101.33694,89.983506
1757,3,1,2025-09-10,Finland,Georgia,94.41957,71.617415
1757,4,1,2025-09-10,Germany,Slovenia,107.79569,81.120518
1758,1,1,2025-09-09,Poland,Turkey,74.320918,87.517161
1758,2,1,2025-09-09,Lithuania,Greece,70.745542,93.035791
1758,3,1,2025-09-10,Finland,Georgia,96.469307,76.413611
1758,4,1,2025-09-10,Germany,Slovenia,91.784159,101.58904
1759,1,1,2025-09-09,Poland,Turkey,74.05473,71.599678
1759,2,1,2025-09-09,Lithuania,Greece,81.037373,93.131744
1759,3,1,2025-09-10,Finland,Georgia,91.524078,74.645107
1759,4,1,2025-09-10,Germany,Slovenia,109.39013,98.727107
1760,1,1,2025-09-09,Poland,Turkey,67.860468,89.398092
1760,2,1,2025-09-09,Lithuania,Greece,94.572426,80.468629
1760,3,1,2025-09-10,Finland,Georgia,97.876593,78.882018
1760,4,1,2025-09-10,Germany,Slovenia,106.78766,90.481346
1761,1,1,2025-09-09,Poland,Turkey,79.93325,100.83676
1761,2,1,2025-09-09,Lithuania,Greece,98.209455,76.461862
1761,3,1,2025-09-10,Finland,Georgia,86.852585,54.295011
1761,4,1,2025-09-10,Germany,Slovenia,119.1512,86.590174
1762,1,1,2025-09-09,Poland,Turkey,77.926284,76.766975
1762,2,1,2025-09-09,Lithuania,Greece,83.428631,70.855151
1762,3,1,2025-09-10,Finland,Georgia,100.9878,74.179301
1762,4,1,2025-09-10,Germany,Slovenia,112.19309,93.464119
1763,1,1,2025-09-09,Poland,Turkey,68.798312,93.426436
1763,2,1,2025-09-09,Lithuania,Greece,76.691251,80.062376
1763,3,1,2025-09-10,Finland,Georgia,88.419226,77.744991
1763,4,1,2025-09-10,Germany,Slovenia,98.442572,84.775764
1764,1,1,2025-09-09,Poland,Turkey,76.72138,89.79226
1764,2,1,2025-09-09,Lithuania,Greece,94.863229,90.067619
1764,3,1,2025-09-10,Finland,Georgia,104.32408,63.619515
1764,4,1,2025-09-10,Germany,Slovenia,106.48916,73.056809
1765,1,1,2025-09-09,Poland,Turkey,71.618199,74.440976
1765,2,1,2025-09-09,Lithuania,Greece,82.10799,63.810632
1765,3,1,2025-09-10,Finland,Georgia,113.37576,103.46931
1765,4,1,2025-09-10,Germany,Slovenia,108.07856,101.53008
1766,1,1,2025-09-09,Poland,Turkey,60.219142,76.41353
1766,2,1,2025-09-09,Lithuania,Greece,94.752175,86.909947
1766,3,1,2025-09-10,Finland,Georgia,91.353312,62.850784
1766,4,1,2025-09-10,Germany,Slovenia,103.83657,90.047922
1767,1,1,2025-09-09,Poland,Turkey,91.336596,101.04107
1767,2,1,2025-09-09,Lithuania,Greece,79.104875,67.461595
1767,3,1,2025-09-10,Finland,Georgia,100.84625,76.349436
1767,4,1,2025-09-10,Germany,Slovenia,95.97025,82.05384
1768,1,1,2025-09-09,Poland,Turkey,73.959435,85.025401
1768,2,1,2025-09-09,Lithuania,Greece,82.279414,88.962499
1768,3,1,2025-09-10,Finland,Georgia,110.49553,69.108182
1768,4,1,2025-09-10,Germany,Slovenia,114.24401,71.617924
1769,1,1,2025-09-09,Poland,Turkey,87.45269,94.386448
1769,2,1,2025-09-09,Lithuania,Greece,87.215489,93.921601
1769,3,1,2025-09-10,Finland,Georgia,91.288934,67.369711
1769,4,1,2025-09-10,Germany,Slovenia,107.32664,80.916081
1770,1,1,2025-09-09,Poland,Turkey,56.41296,99.616335
1770,2,1,2025-09-09,Lithuania,Greece,107.74311,84.163883
1770,3,1,2025-09-10,Finland,Georgia,106.3674,89.096408
1770,4,1,2025-09-10,Germany,Slovenia,97.919423,92.642208
1771,1,1,2025-09-09,Poland,Turkey,78.170223,78.657424
1771,2,1,2025-09-09,Lithuania,Greece,79.753085,79.134198
1771,3,1,2025-09-10,Finland,Georgia,87.996523,60.925117
1771,4,1,2025-09-10,Germany,Slovenia,121.81782,103.19004
1772,1,1,2025-09-09,Poland,Turkey,73.038384,79.096588
1772,2,1,2025-09-09,Lithuania,Greece,78.111362,71.442003
1772,3,1,2025-09-10,Finland,Georgia,102.87426,78.396689
1772,4,1,2025-09-10,Germany,Slovenia,100.74876,89.482418
1773,1,1,2025-09-09,Poland,Turkey,60.537141,80.902197
1773,2,1,2025-09-09,Lithuania,Greece,98.93865,64.03257
1773,3,1,2025-09-10,Finland,Georgia,95.470197,87.718798
1773,4,1,2025-09-10,Germany,Slovenia,101.50969,73.182254
1774,1,1,2025-09-09,Poland,Turkey,85.173093,80.489255
1774,2,1,2025-09-09,Lithuania,Greece,87.634798,60.982376
1774,3,1,2025-09-10,Finland,Georgia,90.365449,70.370122
1774,4,1,2025-09-10,Germany,Slovenia,112.83538,90.909805
1775,1,1,2025-09-09,Poland,Turkey,62.352895,72.557238
1775,2,1,2025-09-09,Lithuania,Greece,95.368811,91.993189
1775,3,1,2025-09-10,Finland,Georgia,101.40663,73.078397
1775,4,1,2025-09-10,Germany,Slovenia,97.235713,71.216977
1776,1,1,2025-09-09,Poland,Turkey,98.681367,102.16994
1776,2,1,2025-09-09,Lithuania,Greece,79.656197,80.463626
1776,3,1,2025-09-10,Finland,Georgia,85.06593,60.900666
1776,4,1,2025-09-10,Germany,Slovenia,112.05867,95.43846
1777,1,1,2025-09-09,Poland,Turkey,82.785871,94.038756
1777,2,1,2025-09-09,Lithuania,Greece,81.374734,79.376947
1777,3,1,2025-09-10,Finland,Georgia,113.2312,76.480843
1777,4,1,2025-09-10,Germany,Slovenia,115.01752,99.161424
1778,1,1,2025-09-09,Poland,Turkey,66.420179,90.284698
1778,2,1,2025-09-09,Lithuania,Greece,91.427212,77.322494
1778,3,1,2025-09-10,Finland,Georgia,104.89275,81.862347
1778,4,1,2025-09-10,Germany,Slovenia,115.49846,97.870131
1779,1,1,2025-09-09,Poland,Turkey,65.807799,84.045327
1779,2,1,2025-09-09,Lithuania,Greece,85.847601,88.312976
1779,3,1,2025-09-10,Finland,Georgia,111.56342,78.294774
1779,4,1,2025-09-10,Germany,Slovenia,75.109831,68.175009
1780,1,1,2025-09-09,Poland,Turkey,69.777382,76.942476
1780,2,1,2025-09-09,Lithuania,Greece,84.711583,81.111853
1780,3,1,2025-09-10,Finland,Georgia,107.46582,83.339169
1780,4,1,2025-09-10,Germany,Slovenia,115.91976,80.129144
1781,1,1,2025-09-09,Poland,Turkey,77.48676,66.933769
1781,2,1,2025-09-09,Lithuania,Greece,95.074792,74.89649
1781,3,1,2025-09-10,Finland,Georgia,95.674854,77.369173
1781,4,1,2025-09-10,Germany,Slovenia,96.209349,86.647266
1782,1,1,2025-09-09,Poland,Turkey,88.806432,78.790553
1782,2,1,2025-09-09,Lithuania,Greece,93.332908,80.724332
1782,3,1,2025-09-10,Finland,Georgia,89.711575,76.892256
1782,4,1,2025-09-10,Germany,Slovenia,97.497692,108.97388
1783,1,1,2025-09-09,Poland,Turkey,66.243896,82.112163
1783,2,1,2025-09-09,Lithuania,Greece,87.267665,82.770072
1783,3,1,2025-09-10,Finland,Georgia,92.42434,97.213295
1783,4,1,2025-09-10,Germany,Slovenia,103.78453,95.371572
1784,1,1,2025-09-09,Poland,Turkey,56.192584,97.515558
1784,2,1,2025-09-09,Lithuania,Greece,67.484983,80.91228
1784,3,1,2025-09-10,Finland,Georgia,95.653762,86.589677
1784,4,1,2025-09-10,Germany,Slovenia,107.79411,97.072251
1785,1,1,2025-09-09,Poland,Turkey,67.567315,64.000007
1785,2,1,2025-09-09,Lithuania,Greece,82.57665,83.919767
1785,3,1,2025-09-10,Finland,Georgia,100.90064,84.154244
1785,4,1,2025-09-10,Germany,Slovenia,107.72549,98.283925
1786,1,1,2025-09-09,Poland,Turkey,73.500684,87.307003
1786,2,1,2025-09-09,Lithuania,Greece,107.35,67.49723
1786,3,1,2025-09-10,Finland,Georgia,89.4229,99.074996
1786,4,1,2025-09-10,Germany,Slovenia,98.99927,94.801229
1787,1,1,2025-09-09,Poland,Turkey,74.379026,75.48476
1787,2,1,2025-09-09,Lithuania,Greece,89.030998,67.668361
1787,3,1,2025-09-10,Finland,Georgia,102.21156,64.630384
1787,4,1,2025-09-10,Germany,Slovenia,108.99262,97.347285
1788,1,1,2025-09-09,Poland,Turkey,60.98102,69.19012
1788,2,1,2025-09-09,Lithuania,Greece,75.59287,74.900511
1788,3,1,2025-09-10,Finland,Georgia,96.863476,75.135343
1788,4,1,2025-09-10,Germany,Slovenia,115.55884,79.411563
1789,1,1,2025-09-09,Poland,Turkey,90.222649,81.985611
1789,2,1,2025-09-09,Lithuania,Greece,92.6915,75.962693
1789,3,1,2025-09-10,Finland,Georgia,77.169584,80.65339
1789,4,1,2025-09-10,Germany,Slovenia,107.77321,92.323454
1790,1,1,2025-09-09,Poland,Turkey,83.590548,79.40681
1790,2,1,2025-09-09,Lithuania,Greece,86.494699,79.019969
1790,3,1,2025-09-10,Finland,Georgia,97.504738,68.418589
1790,4,1,2025-09-10,Germany,Slovenia,104.98655,95.395758
1791,1,1,2025-09-09,Poland,Turkey,78.297423,99.691517
1791,2,1,2025-09-09,Lithuania,Greece,106.49145,63.59873
1791,3,1,2025-09-10,Finland,Georgia,87.783287,74.861122
1791,4,1,2025-09-10,Germany,Slovenia,93.037527,80.001667
1792,1,1,2025-09-09,Poland,Turkey,58.491982,67.480267
1792,2,1,2025-09-09,Lithuania,Greece,73.375928,67.672704
1792,3,1,2025-09-10,Finland,Georgia,110.42928,83.324459
1792,4,1,2025-09-10,Germany,Slovenia,90.870255,88.818301
1793,1,1,2025-09-09,Poland,Turkey,71.586555,86.75586
1793,2,1,2025-09-09,Lithuania,Greece,95.909877,71.423605
1793,3,1,2025-09-10,Finland,Georgia,105.91876,76.945542
1793,4,1,2025-09-10,Germany,Slovenia,96.678301,89.438241
1794,1,1,2025-09-09,Poland,Turkey,79.875837,85.874943
1794,2,1,2025-09-09,Lithuania,Greece,88.403985,80.763433
1794,3,1,2025-09-10,Finland,Georgia,89.744056,81.594244
1794,4,1,2025-09-10,Germany,Slovenia,107.88834,97.428836
1795,1,1,2025-09-09,Poland,Turkey,64.819633,117.26895
1795,2,1,2025-09-09,Lithuania,Greece,80.675924,78.847586
1795,3,1,2025-09-10,Finland,Georgia,84.594813,70.061826
1795,4,1,2025-09-10,Germany,Slovenia,109.34705,96.420401
1796,1,1,2025-09-09,Poland,Turkey,69.018461,64.003525
1796,2,1,2025-09-09,Lithuania,Greece,77.448071,79.117352
1796,3,1,2025-09-10,Finland,Georgia,76.705605,75.447774
1796,4,1,2025-09-10,Germany,Slovenia,105.24173,86.659011
1797,1,1,2025-09-09,Poland,Turkey,68.748624,68.267545
1797,2,1,2025-09-09,Lithuania,Greece,91.756444,78.387836
1797,3,1,2025-09-10,Finland,Georgia,100.66527,99.162938
1797,4,1,2025-09-10,Germany,Slovenia,123.55604,93.172833
1798,1,1,2025-09-09,Poland,Turkey,90.197741,83.088598
1798,2,1,2025-09-09,Lithuania,Greece,85.850436,64.192979
1798,3,1,2025-09-10,Finland,Georgia,90.102845,77.974811
1798,4,1,2025-09-10,Germany,Slovenia,119.78391,91.460076
1799,1,1,2025-09-09,Poland,Turkey,90.325838,83.622522
1799,2,1,2025-09-09,Lithuania,Greece,89.781199,88.545423
1799,3,1,2025-09-10,Finland,Georgia,103.71656,61.865452
1799,4,1,2025-09-10,Germany,Slovenia,95.856901,81.819413
1800,1,1,2025-09-09,Poland,Turkey,82.881253,86.672309
1800,2,1,2025-09-09,Lithuania,Greece,80.583158,72.521956
1800,3,1,2025-09-10,Finland,Georgia,107.95115,103.57034
1800,4,1,2025-09-10,Germany,Slovenia,108.82434,93.163743
1801,1,1,2025-09-09,Poland,Turkey,88.029103,101.54752
1801,2,1,2025-09-09,Lithuania,Greece,75.182397,77.486063
1801,3,1,2025-09-10,Finland,Georgia,101.84802,71.090895
1801,4,1,2025-09-10,Germany,Slovenia,118.59736,86.7952
1802,1,1,2025-09-09,Poland,Turkey,93.104481,106.67936
1802,2,1,2025-09-09,Lithuania,Greece,78.847873,89.510487
1802,3,1,2025-09-10,Finland,Georgia,97.181372,71.800296
1802,4,1,2025-09-10,Germany,Slovenia,109.65544,90.609355
1803,1,1,2025-09-09,Poland,Turkey,82.693713,81.963
1803,2,1,2025-09-09,Lithuania,Greece,77.555322,68.204819
1803,3,1,2025-09-10,Finland,Georgia,98.147474,79.750041
1803,4,1,2025-09-10,Germany,Slovenia,96.070303,79.123508
1804,1,1,2025-09-09,Poland,Turkey,64.129,83.405645
1804,2,1,2025-09-09,Lithuania,Greece,98.055711,102.71068
1804,3,1,2025-09-10,Finland,Georgia,92.000297,69.276916
1804,4,1,2025-09-10,Germany,Slovenia,103.177,102.65541
1805,1,1,2025-09-09,Poland,Turkey,71.775071,94.145594
1805,2,1,2025-09-09,Lithuania,Greece,106.41726,83.357439
1805,3,1,2025-09-10,Finland,Georgia,106.48161,98.608781
1805,4,1,2025-09-10,Germany,Slovenia,113.97697,103.25836
1806,1,1,2025-09-09,Poland,Turkey,67.200831,79.129189
1806,2,1,2025-09-09,Lithuania,Greece,90.573353,63.935872
1806,3,1,2025-09-10,Finland,Georgia,109.871,68.972217
1806,4,1,2025-09-10,Germany,Slovenia,101.23492,73.70228
1807,1,1,2025-09-09,Poland,Turkey,69.539054,88.092242
1807,2,1,2025-09-09,Lithuania,Greece,98.034275,77.656208
1807,3,1,2025-09-10,Finland,Georgia,94.101324,62.385041
1807,4,1,2025-09-10,Germany,Slovenia,108.41816,104.72413
1808,1,1,2025-09-09,Poland,Turkey,92.061111,87.281633
1808,2,1,2025-09-09,Lithuania,Greece,79.525998,80.399754
1808,3,1,2025-09-10,Finland,Georgia,93.211549,83.589048
1808,4,1,2025-09-10,Germany,Slovenia,96.677612,82.055378
1809,1,1,2025-09-09,Poland,Turkey,75.587383,84.133934
1809,2,1,2025-09-09,Lithuania,Greece,78.123326,52.478203
1809,3,1,2025-09-10,Finland,Georgia,112.2969,76.565935
1809,4,1,2025-09-10,Germany,Slovenia,111.67848,79.912217
1810,1,1,2025-09-09,Poland,Turkey,71.165503,71.749164
1810,2,1,2025-09-09,Lithuania,Greece,102.41914,84.611128
1810,3,1,2025-09-10,Finland,Georgia,94.772964,74.01823
1810,4,1,2025-09-10,Germany,Slovenia,75.597914,88.995764
1811,1,1,2025-09-09,Poland,Turkey,92.447236,104.6547
1811,2,1,2025-09-09,Lithuania,Greece,75.026211,77.626087
1811,3,1,2025-09-10,Finland,Georgia,93.336125,85.953903
1811,4,1,2025-09-10,Germany,Slovenia,112.95593,82.818418
1812,1,1,2025-09-09,Poland,Turkey,72.128055,81.6267
1812,2,1,2025-09-09,Lithuania,Greece,87.535988,96.041247
1812,3,1,2025-09-10,Finland,Georgia,91.349659,53.522825
1812,4,1,2025-09-10,Germany,Slovenia,120.9783,96.576114
1813,1,1,2025-09-09,Poland,Turkey,74.760304,88.326293
1813,2,1,2025-09-09,Lithuania,Greece,99.134851,72.719506
1813,3,1,2025-09-10,Finland,Georgia,94.06124,74.32697
1813,4,1,2025-09-10,Germany,Slovenia,109.93247,90.870997
1814,1,1,2025-09-09,Poland,Turkey,67.745833,72.99405
1814,2,1,2025-09-09,Lithuania,Greece,76.543868,72.861056
1814,3,1,2025-09-10,Finland,Georgia,66.857973,69.8527
1814,4,1,2025-09-10,Germany,Slovenia,95.371805,72.510218
1815,1,1,2025-09-09,Poland,Turkey,85.082489,61.572128
1815,2,1,2025-09-09,Lithuania,Greece,90.280086,64.832303
1815,3,1,2025-09-10,Finland,Georgia,109.07168,82.282943
1815,4,1,2025-09-10,Germany,Slovenia,107.50538,70.226601
1816,1,1,2025-09-09,Poland,Turkey,65.107461,87.490289
1816,2,1,2025-09-09,Lithuania,Greece,80.910922,75.18883
1816,3,1,2025-09-10,Finland,Georgia,87.737367,68.519329
1816,4,1,2025-09-10,Germany,Slovenia,110.37886,87.578104
1817,1,1,2025-09-09,Poland,Turkey,73.010494,91.150331
1817,2,1,2025-09-09,Lithuania,Greece,96.321114,76.443706
1817,3,1,2025-09-10,Finland,Georgia,121.43705,85.326105
1817,4,1,2025-09-10,Germany,Slovenia,110.9858,86.524736
1818,1,1,2025-09-09,Poland,Turkey,71.003751,93.19857
1818,2,1,2025-09-09,Lithuania,Greece,87.400426,78.937341
1818,3,1,2025-09-10,Finland,Georgia,100.68943,70.481421
1818,4,1,2025-09-10,Germany,Slovenia,107.39991,87.351418
1819,1,1,2025-09-09,Poland,Turkey,69.99752,67.072999
1819,2,1,2025-09-09,Lithuania,Greece,71.748848,66.318861
1819,3,1,2025-09-10,Finland,Georgia,114.55023,71.635546
1819,4,1,2025-09-10,Germany,Slovenia,97.529849,75.348344
1820,1,1,2025-09-09,Poland,Turkey,61.89868,79.298709
1820,2,1,2025-09-09,Lithuania,Greece,91.491377,71.117636
1820,3,1,2025-09-10,Finland,Georgia,91.606957,77.394033
1820,4,1,2025-09-10,Germany,Slovenia,112.72708,77.246404
1821,1,1,2025-09-09,Poland,Turkey,61.514455,75.235024
1821,2,1,2025-09-09,Lithuania,Greece,78.72393,83.255591
1821,3,1,2025-09-10,Finland,Georgia,102.83199,91.625374
1821,4,1,2025-09-10,Germany,Slovenia,95.135339,100.50149
1822,1,1,2025-09-09,Poland,Turkey,100.46387,68.184373
1822,2,1,2025-09-09,Lithuania,Greece,104.95981,82.278772
1822,3,1,2025-09-10,Finland,Georgia,96.085831,80.599983
1822,4,1,2025-09-10,Germany,Slovenia,112.96651,96.940808
1823,1,1,2025-09-09,Poland,Turkey,81.357338,88.131986
1823,2,1,2025-09-09,Lithuania,Greece,72.220925,66.993553
1823,3,1,2025-09-10,Finland,Georgia,95.957648,79.664517
1823,4,1,2025-09-10,Germany,Slovenia,112.52767,87.982692
1824,1,1,2025-09-09,Poland,Turkey,50.615071,83.023347
1824,2,1,2025-09-09,Lithuania,Greece,89.08092,53.49292
1824,3,1,2025-09-10,Finland,Georgia,81.752104,71.486764
1824,4,1,2025-09-10,Germany,Slovenia,77.528556,88.865739
1825,1,1,2025-09-09,Poland,Turkey,65.119721,64.066807
1825,2,1,2025-09-09,Lithuania,Greece,76.523607,68.850866
1825,3,1,2025-09-10,Finland,Georgia,96.592806,59.03197
1825,4,1,2025-09-10,Germany,Slovenia,111.30647,86.967384
1826,1,1,2025-09-09,Poland,Turkey,75.30971,82.007715
1826,2,1,2025-09-09,Lithuania,Greece,88.235654,89.126657
1826,3,1,2025-09-10,Finland,Georgia,107.02069,68.180485
1826,4,1,2025-09-10,Germany,Slovenia,111.66483,70.644808
1827,1,1,2025-09-09,Poland,Turkey,67.78132,95.555047
1827,2,1,2025-09-09,Lithuania,Greece,85.937943,61.81478
1827,3,1,2025-09-10,Finland,Georgia,95.711688,93.781996
1827,4,1,2025-09-10,Germany,Slovenia,107.5901,94.397885
1828,1,1,2025-09-09,Poland,Turkey,88.642338,87.067483
1828,2,1,2025-09-09,Lithuania,Greece,92.285348,90.692938
1828,3,1,2025-09-10,Finland,Georgia,67.366552,54.130745
1828,4,1,2025-09-10,Germany,Slovenia,96.454123,92.638274
1829,1,1,2025-09-09,Poland,Turkey,83.615183,65.673432
1829,2,1,2025-09-09,Lithuania,Greece,70.685484,75.087464
1829,3,1,2025-09-10,Finland,Georgia,97.083354,47.277227
1829,4,1,2025-09-10,Germany,Slovenia,94.7302,90.371486
1830,1,1,2025-09-09,Poland,Turkey,80.586458,83.052734
1830,2,1,2025-09-09,Lithuania,Greece,78.939009,72.71345
1830,3,1,2025-09-10,Finland,Georgia,99.581283,64.678712
1830,4,1,2025-09-10,Germany,Slovenia,100.84229,88.930548
1831,1,1,2025-09-09,Poland,Turkey,90.647733,80.717893
1831,2,1,2025-09-09,Lithuania,Greece,113.65867,90.890323
1831,3,1,2025-09-10,Finland,Georgia,107.78738,60.217849
1831,4,1,2025-09-10,Germany,Slovenia,92.493448,74.42615
1832,1,1,2025-09-09,Poland,Turkey,81.777706,88.588263
1832,2,1,2025-09-09,Lithuania,Greece,76.241541,63.516667
1832,3,1,2025-09-10,Finland,Georgia,73.431425,76.024343
1832,4,1,2025-09-10,Germany,Slovenia,88.859292,88.140108
1833,1,1,2025-09-09,Poland,Turkey,74.641997,80.249026
1833,2,1,2025-09-09,Lithuania,Greece,90.207655,81.721249
1833,3,1,2025-09-10,Finland,Georgia,81.619238,79.81554
1833,4,1,2025-09-10,Germany,Slovenia,100.03055,101.25285
1834,1,1,2025-09-09,Poland,Turkey,60.747766,67.872617
1834,2,1,2025-09-09,Lithuania,Greece,82.702903,55.453399
1834,3,1,2025-09-10,Finland,Georgia,107.87264,53.946009
1834,4,1,2025-09-10,Germany,Slovenia,93.406104,79.354057
1835,1,1,2025-09-09,Poland,Turkey,68.519563,94.757903
1835,2,1,2025-09-09,Lithuania,Greece,76.649006,91.915068
1835,3,1,2025-09-10,Finland,Georgia,107.51172,94.407292
1835,4,1,2025-09-10,Germany,Slovenia,123.98205,85.480888
1836,1,1,2025-09-09,Poland,Turkey,70.454852,90.916612
1836,2,1,2025-09-09,Lithuania,Greece,73.219514,61.545792
1836,3,1,2025-09-10,Finland,Georgia,88.285989,86.245506
1836,4,1,2025-09-10,Germany,Slovenia,90.033764,72.816916
1837,1,1,2025-09-09,Poland,Turkey,64.190354,57.682582
1837,2,1,2025-09-09,Lithuania,Greece,84.035923,77.263464
1837,3,1,2025-09-10,Finland,Georgia,91.476264,62.750976
1837,4,1,2025-09-10,Germany,Slovenia,95.004935,77.268139
1838,1,1,2025-09-09,Poland,Turkey,59.979236,100.409
1838,2,1,2025-09-09,Lithuania,Greece,92.013741,77.141767
1838,3,1,2025-09-10,Finland,Georgia,99.734063,77.139721
1838,4,1,2025-09-10,Germany,Slovenia,105.9995,95.76645
1839,1,1,2025-09-09,Poland,Turkey,72.370743,80.263887
1839,2,1,2025-09-09,Lithuania,Greece,70.378415,74.961875
1839,3,1,2025-09-10,Finland,Georgia,89.949211,93.936129
1839,4,1,2025-09-10,Germany,Slovenia,97.624572,78.621655
1840,1,1,2025-09-09,Poland,Turkey,78.475418,99.899662
1840,2,1,2025-09-09,Lithuania,Greece,102.74604,67.223657
1840,3,1,2025-09-10,Finland,Georgia,89.870268,78.934643
1840,4,1,2025-09-10,Germany,Slovenia,110.30412,75.521695
1841,1,1,2025-09-09,Poland,Turkey,57.260519,74.413455
1841,2,1,2025-09-09,Lithuania,Greece,82.18891,80.629105
1841,3,1,2025-09-10,Finland,Georgia,81.961984,68.246066
1841,4,1,2025-09-10,Germany,Slovenia,103.18179,95.488429
1842,1,1,2025-09-09,Poland,Turkey,86.798169,100.05579
1842,2,1,2025-09-09,Lithuania,Greece,73.977705,72.095652
1842,3,1,2025-09-10,Finland,Georgia,105.62457,85.403009
1842,4,1,2025-09-10,Germany,Slovenia,91.258769,90.175725
1843,1,1,2025-09-09,Poland,Turkey,69.327222,86.773464
1843,2,1,2025-09-09,Lithuania,Greece,79.901321,80.901758
1843,3,1,2025-09-10,Finland,Georgia,97.66288,73.110891
1843,4,1,2025-09-10,Germany,Slovenia,103.5746,83.773799
1844,1,1,2025-09-09,Poland,Turkey,83.30953,101.03533
1844,2,1,2025-09-09,Lithuania,Greece,95.026229,86.411962
1844,3,1,2025-09-10,Finland,Georgia,72.942139,63.021749
1844,4,1,2025-09-10,Germany,Slovenia,108.87638,83.088279
1845,1,1,2025-09-09,Poland,Turkey,83.306645,74.726529
1845,2,1,2025-09-09,Lithuania,Greece,87.579428,62.942523
1845,3,1,2025-09-10,Finland,Georgia,114.63572,97.90295
1845,4,1,2025-09-10,Germany,Slovenia,95.766736,87.536454
1846,1,1,2025-09-09,Poland,Turkey,77.14138,66.888825
1846,2,1,2025-09-09,Lithuania,Greece,80.74708,83.146853
1846,3,1,2025-09-10,Finland,Georgia,112.89711,81.313026
1846,4,1,2025-09-10,Germany,Slovenia,109.05691,89.259553
1847,1,1,2025-09-09,Poland,Turkey,66.615935,94.034462
1847,2,1,2025-09-09,Lithuania,Greece,83.63475,82.97503
1847,3,1,2025-09-10,Finland,Georgia,98.895266,96.447151
1847,4,1,2025-09-10,Germany,Slovenia,112.36898,93.64597
1848,1,1,2025-09-09,Poland,Turkey,80.758072,57.354447
1848,2,1,2025-09-09,Lithuania,Greece,82.78498,78.560184
1848,3,1,2025-09-10,Finland,Georgia,89.392348,65.932363
1848,4,1,2025-09-10,Germany,Slovenia,100.23664,82.470504
1849,1,1,2025-09-09,Poland,Turkey,71.389771,90.618961
1849,2,1,2025-09-09,Lithuania,Greece,78.702699,92.513209
1849,3,1,2025-09-10,Finland,Georgia,109.15407,80.117315
1849,4,1,2025-09-10,Germany,Slovenia,108.82161,91.069038
1850,1,1,2025-09-09,Poland,Turkey,78.786825,88.550599
1850,2,1,2025-09-09,Lithuania,Greece,87.445445,77.605795
1850,3,1,2025-09-10,Finland,Georgia,96.267337,91.243634
1850,4,1,2025-09-10,Germany,Slovenia,102.98695,85.452114
1851,1,1,2025-09-09,Poland,Turkey,78.401499,103.61597
1851,2,1,2025-09-09,Lithuania,Greece,56.623105,40.562062
1851,3,1,2025-09-10,Finland,Georgia,101.59075,75.968778
1851,4,1,2025-09-10,Germany,Slovenia,79.792154,84.972078
1852,1,1,2025-09-09,Poland,Turkey,63.543607,77.177642
1852,2,1,2025-09-09,Lithuania,Greece,85.837989,73.673925
1852,3,1,2025-09-10,Finland,Georgia,104.51416,78.667461
1852,4,1,2025-09-10,Germany,Slovenia,119.42414,85.148807
1853,1,1,2025-09-09,Poland,Turkey,76.692418,88.854012
1853,2,1,2025-09-09,Lithuania,Greece,92.917291,77.390887
1853,3,1,2025-09-10,Finland,Georgia,102.88102,81.905194
1853,4,1,2025-09-10,Germany,Slovenia,102.10696,90.935857
1854,1,1,2025-09-09,Poland,Turkey,82.363897,95.512811
1854,2,1,2025-09-09,Lithuania,Greece,90.392037,67.660737
1854,3,1,2025-09-10,Finland,Georgia,94.160997,84.546948
1854,4,1,2025-09-10,Germany,Slovenia,110.37222,75.668948
1855,1,1,2025-09-09,Poland,Turkey,60.80724,65.432789
1855,2,1,2025-09-09,Lithuania,Greece,94.029237,92.089183
1855,3,1,2025-09-10,Finland,Georgia,97.326554,54.96597
1855,4,1,2025-09-10,Germany,Slovenia,106.65822,70.794303
1856,1,1,2025-09-09,Poland,Turkey,77.052879,79.73097
1856,2,1,2025-09-09,Lithuania,Greece,65.721802,93.517385
1856,3,1,2025-09-10,Finland,Georgia,71.852487,68.329581
1856,4,1,2025-09-10,Germany,Slovenia,108.60117,94.447027
1857,1,1,2025-09-09,Poland,Turkey,70.956924,87.654597
1857,2,1,2025-09-09,Lithuania,Greece,94.075478,63.067875
1857,3,1,2025-09-10,Finland,Georgia,100.65949,70.580351
1857,4,1,2025-09-10,Germany,Slovenia,92.544738,77.198495
1858,1,1,2025-09-09,Poland,Turkey,72.518979,102.48721
1858,2,1,2025-09-09,Lithuania,Greece,81.393834,58.039993
1858,3,1,2025-09-10,Finland,Georgia,101.88387,77.885479
1858,4,1,2025-09-10,Germany,Slovenia,114.3046,86.155643
1859,1,1,2025-09-09,Poland,Turkey,88.429527,98.183169
1859,2,1,2025-09-09,Lithuania,Greece,87.336527,80.879961
1859,3,1,2025-09-10,Finland,Georgia,92.348064,67.07039
1859,4,1,2025-09-10,Germany,Slovenia,113.9856,82.991159
1860,1,1,2025-09-09,Poland,Turkey,74.053414,94.620129
1860,2,1,2025-09-09,Lithuania,Greece,75.112371,72.544552
1860,3,1,2025-09-10,Finland,Georgia,88.280592,75.713461
1860,4,1,2025-09-10,Germany,Slovenia,99.785324,56.206008
1861,1,1,2025-09-09,Poland,Turkey,96.704063,95.105249
1861,2,1,2025-09-09,Lithuania,Greece,77.900204,77.933232
1861,3,1,2025-09-10,Finland,Georgia,96.280645,56.66921
1861,4,1,2025-09-10,Germany,Slovenia,103.10448,79.312098
1862,1,1,2025-09-09,Poland,Turkey,87.409278,97.474339
1862,2,1,2025-09-09,Lithuania,Greece,107.22172,68.046429
1862,3,1,2025-09-10,Finland,Georgia,111.75751,74.477682
1862,4,1,2025-09-10,Germany,Slovenia,100.35522,77.375875
1863,1,1,2025-09-09,Poland,Turkey,85.041342,64.513065
1863,2,1,2025-09-09,Lithuania,Greece,110.26283,68.359974
1863,3,1,2025-09-10,Finland,Georgia,94.063332,61.50262
1863,4,1,2025-09-10,Germany,Slovenia,89.176708,80.095149
1864,1,1,2025-09-09,Poland,Turkey,90.557976,91.244451
1864,2,1,2025-09-09,Lithuania,Greece,93.744807,71.070871
1864,3,1,2025-09-10,Finland,Georgia,97.468078,82.604339
1864,4,1,2025-09-10,Germany,Slovenia,98.566863,71.213446
1865,1,1,2025-09-09,Poland,Turkey,83.221542,73.98551
1865,2,1,2025-09-09,Lithuania,Greece,70.863262,64.622535
1865,3,1,2025-09-10,Finland,Georgia,93.865964,74.061379
1865,4,1,2025-09-10,Germany,Slovenia,101.54982,75.828766
1866,1,1,2025-09-09,Poland,Turkey,86.600114,82.338949
1866,2,1,2025-09-09,Lithuania,Greece,67.742372,69.282167
1866,3,1,2025-09-10,Finland,Georgia,91.226931,73.621704
1866,4,1,2025-09-10,Germany,Slovenia,92.63838,96.942776
1867,1,1,2025-09-09,Poland,Turkey,73.322482,82.193243
1867,2,1,2025-09-09,Lithuania,Greece,91.775211,48.889695
1867,3,1,2025-09-10,Finland,Georgia,97.140196,66.199281
1867,4,1,2025-09-10,Germany,Slovenia,96.235169,75.281166
1868,1,1,2025-09-09,Poland,Turkey,90.478301,107.93409
1868,2,1,2025-09-09,Lithuania,Greece,95.930643,55.56366
1868,3,1,2025-09-10,Finland,Georgia,90.83267,93.193055
1868,4,1,2025-09-10,Germany,Slovenia,99.48772,74.425628
1869,1,1,2025-09-09,Poland,Turkey,71.600018,74.657447
1869,2,1,2025-09-09,Lithuania,Greece,80.548017,65.292625
1869,3,1,2025-09-10,Finland,Georgia,80.962937,70.846807
1869,4,1,2025-09-10,Germany,Slovenia,103.07009,77.462022
1870,1,1,2025-09-09,Poland,Turkey,72.303209,89.91521
1870,2,1,2025-09-09,Lithuania,Greece,76.01377,67.624458
1870,3,1,2025-09-10,Finland,Georgia,76.020847,66.644922
1870,4,1,2025-09-10,Germany,Slovenia,107.00477,81.510793
1871,1,1,2025-09-09,Poland,Turkey,81.662032,98.525408
1871,2,1,2025-09-09,Lithuania,Greece,79.831071,75.479743
1871,3,1,2025-09-10,Finland,Georgia,106.73293,87.3688
1871,4,1,2025-09-10,Germany,Slovenia,100.52483,83.488597
1872,1,1,2025-09-09,Poland,Turkey,74.289472,96.061952
1872,2,1,2025-09-09,Lithuania,Greece,91.221996,98.560807
1872,3,1,2025-09-10,Finland,Georgia,84.756679,68.975895
1872,4,1,2025-09-10,Germany,Slovenia,93.634369,78.270203
1873,1,1,2025-09-09,Poland,Turkey,82.544926,84.451563
1873,2,1,2025-09-09,Lithuania,Greece,83.096495,69.401426
1873,3,1,2025-09-10,Finland,Georgia,88.201194,77.495666
1873,4,1,2025-09-10,Germany,Slovenia,89.820695,87.085534
1874,1,1,2025-09-09,Poland,Turkey,72.947446,87.885429
1874,2,1,2025-09-09,Lithuania,Greece,98.242195,55.808656
1874,3,1,2025-09-10,Finland,Georgia,85.731561,61.01053
1874,4,1,2025-09-10,Germany,Slovenia,104.34054,85.57172
1875,1,1,2025-09-09,Poland,Turkey,75.554472,80.887302
1875,2,1,2025-09-09,Lithuania,Greece,93.725025,82.662593
1875,3,1,2025-09-10,Finland,Georgia,85.099159,81.797849
1875,4,1,2025-09-10,Germany,Slovenia,103.27313,82.636559
1876,1,1,2025-09-09,Poland,Turkey,75.593432,87.42341
1876,2,1,2025-09-09,Lithuania,Greece,87.182522,66.031226
1876,3,1,2025-09-10,Finland,Georgia,84.992334,70.484475
1876,4,1,2025-09-10,Germany,Slovenia,111.29062,90.008377
1877,1,1,2025-09-09,Poland,Turkey,81.681153,101.81226
1877,2,1,2025-09-09,Lithuania,Greece,88.709411,86.370723
1877,3,1,2025-09-10,Finland,Georgia,113.16356,114.50666
1877,4,1,2025-09-10,Germany,Slovenia,94.266596,93.846031
1878,1,1,2025-09-09,Poland,Turkey,78.996053,88.49444
1878,2,1,2025-09-09,Lithuania,Greece,82.489777,68.545469
1878,3,1,2025-09-10,Finland,Georgia,95.263406,97.880381
1878,4,1,2025-09-10,Germany,Slovenia,108.02648,82.811091
1879,1,1,2025-09-09,Poland,Turkey,71.773676,93.627907
1879,2,1,2025-09-09,Lithuania,Greece,87.968872,86.696662
1879,3,1,2025-09-10,Finland,Georgia,97.551596,70.844927
1879,4,1,2025-09-10,Germany,Slovenia,104.29322,107.94541
1880,1,1,2025-09-09,Poland,Turkey,83.822992,90.008225
1880,2,1,2025-09-09,Lithuania,Greece,62.800441,54.498879
1880,3,1,2025-09-10,Finland,Georgia,104.01293,80.644934
1880,4,1,2025-09-10,Germany,Slovenia,101.42643,96.169206
1881,1,1,2025-09-09,Poland,Turkey,81.129754,71.663126
1881,2,1,2025-09-09,Lithuania,Greece,87.046854,72.648748
1881,3,1,2025-09-10,Finland,Georgia,82.988249,78.062827
1881,4,1,2025-09-10,Germany,Slovenia,86.048238,93.874004
1882,1,1,2025-09-09,Poland,Turkey,90.507414,78.438421
1882,2,1,2025-09-09,Lithuania,Greece,82.59664,62.112789
1882,3,1,2025-09-10,Finland,Georgia,95.168973,66.39659
1882,4,1,2025-09-10,Germany,Slovenia,114.39688,78.48956
1883,1,1,2025-09-09,Poland,Turkey,61.847551,71.321115
1883,2,1,2025-09-09,Lithuania,Greece,88.461898,70.311927
1883,3,1,2025-09-10,Finland,Georgia,83.692782,41.997983
1883,4,1,2025-09-10,Germany,Slovenia,104.73207,79.459278
1884,1,1,2025-09-09,Poland,Turkey,70.260013,93.186851
1884,2,1,2025-09-09,Lithuania,Greece,82.315358,70.51092
1884,3,1,2025-09-10,Finland,Georgia,93.512063,77.557122
1884,4,1,2025-09-10,Germany,Slovenia,100.24074,64.523239
1885,1,1,2025-09-09,Poland,Turkey,55.202302,89.851769
1885,2,1,2025-09-09,Lithuania,Greece,98.698363,84.972015
1885,3,1,2025-09-10,Finland,Georgia,99.939933,74.987374
1885,4,1,2025-09-10,Germany,Slovenia,112.06964,85.914003
1886,1,1,2025-09-09,Poland,Turkey,75.613867,87.904661
1886,2,1,2025-09-09,Lithuania,Greece,78.928873,81.45004
1886,3,1,2025-09-10,Finland,Georgia,70.465406,86.534111
1886,4,1,2025-09-10,Germany,Slovenia,97.191688,65.796436
1887,1,1,2025-09-09,Poland,Turkey,58.160908,82.721761
1887,2,1,2025-09-09,Lithuania,Greece,81.742645,76.50081
1887,3,1,2025-09-10,Finland,Georgia,88.62737,71.333763
1887,4,1,2025-09-10,Germany,Slovenia,118.38677,90.544356
1888,1,1,2025-09-09,Poland,Turkey,86.862185,95.801388
1888,2,1,2025-09-09,Lithuania,Greece,82.746251,64.709706
1888,3,1,2025-09-10,Finland,Georgia,95.540452,82.001367
1888,4,1,2025-09-10,Germany,Slovenia,108.27746,88.139206
1889,1,1,2025-09-09,Poland,Turkey,71.357134,95.997804
1889,2,1,2025-09-09,Lithuania,Greece,83.309201,64.270222
1889,3,1,2025-09-10,Finland,Georgia,68.652632,54.99501
1889,4,1,2025-09-10,Germany,Slovenia,122.03376,99.838272
1890,1,1,2025-09-09,Poland,Turkey,72.651446000000007,83.005714
1890,2,1,2025-09-09,Lithuania,Greece,84.672525,88.324601
1890,3,1,2025-09-10,Finland,Georgia,77.753605,69.927153
1890,4,1,2025-09-10,Germany,Slovenia,81.50659,85.917913
1891,1,1,2025-09-09,Poland,Turkey,69.210565,91.742596
1891,2,1,2025-09-09,Lithuania,Greece,79.353774,65.327714
1891,3,1,2025-09-10,Finland,Georgia,94.232548,87.534586
1891,4,1,2025-09-10,Germany,Slovenia,105.81511,80.3828
1892,1,1,2025-09-09,Poland,Turkey,78.70393,91.792143
1892,2,1,2025-09-09,Lithuania,Greece,80.990883,72.427563
1892,3,1,2025-09-10,Finland,Georgia,82.55506,62.119877
1892,4,1,2025-09-10,Germany,Slovenia,104.97723,82.353715
1893,1,1,2025-09-09,Poland,Turkey,88.817807,96.021682
1893,2,1,2025-09-09,Lithuania,Greece,69.741892000000007,87.076403
1893,3,1,2025-09-10,Finland,Georgia,112.12489,64.175802
1893,4,1,2025-09-10,Germany,Slovenia,101.72504,106.1012
1894,1,1,2025-09-09,Poland,Turkey,70.74726,85.183645
1894,2,1,2025-09-09,Lithuania,Greece,80.064512,73.745376
1894,3,1,2025-09-10,Finland,Georgia,80.634499,77.278638
1894,4,1,2025-09-10,Germany,Slovenia,98.457053,89.785316
1895,1,1,2025-09-09,Poland,Turkey,69.259974,101.28211
1895,2,1,2025-09-09,Lithuania,Greece,112.81526,86.025389
1895,3,1,2025-09-10,Finland,Georgia,82.856024,69.028212
1895,4,1,2025-09-10,Germany,Slovenia,86.845219,71.356957
1896,1,1,2025-09-09,Poland,Turkey,69.545841,79.460978
1896,2,1,2025-09-09,Lithuania,Greece,91.832841,82.155136
1896,3,1,2025-09-10,Finland,Georgia,96.874761,68.450181
1896,4,1,2025-09-10,Germany,Slovenia,101.2574,82.900487
1897,1,1,2025-09-09,Poland,Turkey,69.133031,92.903997
1897,2,1,2025-09-09,Lithuania,Greece,72.921123,78.639735
1897,3,1,2025-09-10,Finland,Georgia,63.775131,54.843353
1897,4,1,2025-09-10,Germany,Slovenia,107.51998,87.080098
1898,1,1,2025-09-09,Poland,Turkey,74.46602,78.499641
1898,2,1,2025-09-09,Lithuania,Greece,78.705596,82.406192
1898,3,1,2025-09-10,Finland,Georgia,99.941076,75.706915
1898,4,1,2025-09-10,Germany,Slovenia,98.074011,74.598799
1899,1,1,2025-09-09,Poland,Turkey,68.542848,91.70125
1899,2,1,2025-09-09,Lithuania,Greece,77.452548,64.682185
1899,3,1,2025-09-10,Finland,Georgia,93.597335,67.739508
1899,4,1,2025-09-10,Germany,Slovenia,113.93002,76.187207
1900,1,1,2025-09-09,Poland,Turkey,83.74499,103.85496
1900,2,1,2025-09-09,Lithuania,Greece,89.85299,51.937904
1900,3,1,2025-09-10,Finland,Georgia,87.761182,88.194093
1900,4,1,2025-09-10,Germany,Slovenia,106.36779,98.439895
1901,1,1,2025-09-09,Poland,Turkey,84.265519,88.972195
1901,2,1,2025-09-09,Lithuania,Greece,63.356108,65.898737
1901,3,1,2025-09-10,Finland,Georgia,104.26682,71.341412
1901,4,1,2025-09-10,Germany,Slovenia,109.63823,106.40404
1902,1,1,2025-09-09,Poland,Turkey,67.429087,77.937668
1902,2,1,2025-09-09,Lithuania,Greece,102.5393,95.110682
1902,3,1,2025-09-10,Finland,Georgia,93.098738,77.18115
1902,4,1,2025-09-10,Germany,Slovenia,91.389012,73.038202
1903,1,1,2025-09-09,Poland,Turkey,101.92335,71.343802
1903,2,1,2025-09-09,Lithuania,Greece,94.412655,82.977428
1903,3,1,2025-09-10,Finland,Georgia,98.927541,80.975886
1903,4,1,2025-09-10,Germany,Slovenia,96.583822,90.571739
1904,1,1,2025-09-09,Poland,Turkey,83.143648,88.680836
1904,2,1,2025-09-09,Lithuania,Greece,96.132869,111.01642
1904,3,1,2025-09-10,Finland,Georgia,98.003926,85.561671
1904,4,1,2025-09-10,Germany,Slovenia,110.92067,94.663239
1905,1,1,2025-09-09,Poland,Turkey,70.745074,64.101563
1905,2,1,2025-09-09,Lithuania,Greece,75.641881,93.863335
1905,3,1,2025-09-10,Finland,Georgia,88.422006,61.119697
1905,4,1,2025-09-10,Germany,Slovenia,114.38904,79.629732
1906,1,1,2025-09-09,Poland,Turkey,77.940201,86.356741
1906,2,1,2025-09-09,Lithuania,Greece,91.913853,75.62219
1906,3,1,2025-09-10,Finland,Georgia,105.96345,68.873156
1906,4,1,2025-09-10,Germany,Slovenia,115.17626,85.877998
1907,1,1,2025-09-09,Poland,Turkey,75.192681,59.783616
1907,2,1,2025-09-09,Lithuania,Greece,98.410566,68.572384
1907,3,1,2025-09-10,Finland,Georgia,97.019558,77.117385
1907,4,1,2025-09-10,Germany,Slovenia,96.336321,80.956534
1908,1,1,2025-09-09,Poland,Turkey,67.603958,85.170744
1908,2,1,2025-09-09,Lithuania,Greece,95.47573,82.582767
1908,3,1,2025-09-10,Finland,Georgia,98.661509,74.870026
1908,4,1,2025-09-10,Germany,Slovenia,67.618217,71.633556
1909,1,1,2025-09-09,Poland,Turkey,86.636972,90.278075
1909,2,1,2025-09-09,Lithuania,Greece,77.459771,76.503774
1909,3,1,2025-09-10,Finland,Georgia,92.387211,82.604962
1909,4,1,2025-09-10,Germany,Slovenia,98.995028,99.475333
1910,1,1,2025-09-09,Poland,Turkey,83.037851,86.307754
1910,2,1,2025-09-09,Lithuania,Greece,78.576723,87.832984
1910,3,1,2025-09-10,Finland,Georgia,101.14224,80.051612
1910,4,1,2025-09-10,Germany,Slovenia,98.156944,64.438355
1911,1,1,2025-09-09,Poland,Turkey,83.995577,75.566334
1911,2,1,2025-09-09,Lithuania,Greece,76.346937,67.451466
1911,3,1,2025-09-10,Finland,Georgia,96.492088,75.494531
1911,4,1,2025-09-10,Germany,Slovenia,92.540982,67.970444
1912,1,1,2025-09-09,Poland,Turkey,65.33145,83.172873
1912,2,1,2025-09-09,Lithuania,Greece,91.126895,79.048299
1912,3,1,2025-09-10,Finland,Georgia,93.303234,76.451802
1912,4,1,2025-09-10,Germany,Slovenia,98.160789,83.069565
1913,1,1,2025-09-09,Poland,Turkey,80.412929,74.98939
1913,2,1,2025-09-09,Lithuania,Greece,78.387037,89.713835
1913,3,1,2025-09-10,Finland,Georgia,82.697479,65.90037
1913,4,1,2025-09-10,Germany,Slovenia,108.42518,94.113215
1914,1,1,2025-09-09,Poland,Turkey,65.512712,80.170621
1914,2,1,2025-09-09,Lithuania,Greece,63.866215,70.940104
1914,3,1,2025-09-10,Finland,Georgia,101.21767,75.456033
1914,4,1,2025-09-10,Germany,Slovenia,95.754006,82.934964
1915,1,1,2025-09-09,Poland,Turkey,95.605029,87.372022
1915,2,1,2025-09-09,Lithuania,Greece,91.330234,94.06129
1915,3,1,2025-09-10,Finland,Georgia,89.018655999999993,69.926732
1915,4,1,2025-09-10,Germany,Slovenia,101.60462,78.096931
1916,1,1,2025-09-09,Poland,Turkey,79.034614,90.237065
1916,2,1,2025-09-09,Lithuania,Greece,83.95386,62.796041
1916,3,1,2025-09-10,Finland,Georgia,84.222368,73.086086
1916,4,1,2025-09-10,Germany,Slovenia,109.82921,78.919472
1917,1,1,2025-09-09,Poland,Turkey,70.04057,68.508551
1917,2,1,2025-09-09,Lithuania,Greece,101.17097,86.065947
1917,3,1,2025-09-10,Finland,Georgia,100.55875,68.085974
1917,4,1,2025-09-10,Germany,Slovenia,98.29252,90.601349
1918,1,1,2025-09-09,Poland,Turkey,63.000136,87.084329
1918,2,1,2025-09-09,Lithuania,Greece,92.436957,79.05784
1918,3,1,2025-09-10,Finland,Georgia,100.6244,59.035762
1918,4,1,2025-09-10,Germany,Slovenia,101.62807,103.28171
1919,1,1,2025-09-09,Poland,Turkey,68.144922,84.130587
1919,2,1,2025-09-09,Lithuania,Greece,96.071182,83.644075
1919,3,1,2025-09-10,Finland,Georgia,85.836501,76.248072
1919,4,1,2025-09-10,Germany,Slovenia,93.175427,101.96527
1920,1,1,2025-09-09,Poland,Turkey,76.947267,97.806382
1920,2,1,2025-09-09,Lithuania,Greece,85.485743,82.196276
1920,3,1,2025-09-10,Finland,Georgia,88.048766,80.551136
1920,4,1,2025-09-10,Germany,Slovenia,98.78555,91.805727
1921,1,1,2025-09-09,Poland,Turkey,70.703093,75.697168
1921,2,1,2025-09-09,Lithuania,Greece,93.653783,80.500136
1921,3,1,2025-09-10,Finland,Georgia,92.7101,79.531536
1921,4,1,2025-09-10,Germany,Slovenia,88.341149,75.996299
1922,1,1,2025-09-09,Poland,Turkey,78.958142,95.450896
1922,2,1,2025-09-09,Lithuania,Greece,84.087929,67.614839
1922,3,1,2025-09-10,Finland,Georgia,103.38838,71.993641
1922,4,1,2025-09-10,Germany,Slovenia,108.37751,83.111918
1923,1,1,2025-09-09,Poland,Turkey,72.571717,79.728732
1923,2,1,2025-09-09,Lithuania,Greece,87.188049,62.889382
1923,3,1,2025-09-10,Finland,Georgia,97.06505,67.91252
1923,4,1,2025-09-10,Germany,Slovenia,114.66648,95.184938
1924,1,1,2025-09-09,Poland,Turkey,77.482386,96.622466
1924,2,1,2025-09-09,Lithuania,Greece,96.246954,87.52593
1924,3,1,2025-09-10,Finland,Georgia,69.227248,87.850038
1924,4,1,2025-09-10,Germany,Slovenia,96.68664,84.143533
1925,1,1,2025-09-09,Poland,Turkey,58.222152,99.611477
1925,2,1,2025-09-09,Lithuania,Greece,97.630218,82.289166
1925,3,1,2025-09-10,Finland,Georgia,92.933427,71.479078
1925,4,1,2025-09-10,Germany,Slovenia,98.525381,70.866696
1926,1,1,2025-09-09,Poland,Turkey,53.50227,101.86866
1926,2,1,2025-09-09,Lithuania,Greece,90.95587,78.346067
1926,3,1,2025-09-10,Finland,Georgia,126.04501,74.273464
1926,4,1,2025-09-10,Germany,Slovenia,105.38658,81.526451
1927,1,1,2025-09-09,Poland,Turkey,73.493818,96.744748
1927,2,1,2025-09-09,Lithuania,Greece,84.091195,67.353096
1927,3,1,2025-09-10,Finland,Georgia,113.09285,76.358083
1927,4,1,2025-09-10,Germany,Slovenia,87.133668,93.378734
1928,1,1,2025-09-09,Poland,Turkey,81.031447,88.783047
1928,2,1,2025-09-09,Lithuania,Greece,64.254339,73.902343
1928,3,1,2025-09-10,Finland,Georgia,93.133769,69.544413
1928,4,1,2025-09-10,Germany,Slovenia,114.84723,92.19101
1929,1,1,2025-09-09,Poland,Turkey,62.610314,87.369075
1929,2,1,2025-09-09,Lithuania,Greece,80.34274,78.000929
1929,3,1,2025-09-10,Finland,Georgia,114.62066,79.794028
1929,4,1,2025-09-10,Germany,Slovenia,119.5663,88.922287
1930,1,1,2025-09-09,Poland,Turkey,82.903498,87.14234
1930,2,1,2025-09-09,Lithuania,Greece,94.641575,70.775454
1930,3,1,2025-09-10,Finland,Georgia,104.7187,93.39442
1930,4,1,2025-09-10,Germany,Slovenia,92.442309,90.374134
1931,1,1,2025-09-09,Poland,Turkey,80.169258,85.445579
1931,2,1,2025-09-09,Lithuania,Greece,109.1325,87.891314
1931,3,1,2025-09-10,Finland,Georgia,89.55717,68.441074
1931,4,1,2025-09-10,Germany,Slovenia,109.07325,83.313746
1932,1,1,2025-09-09,Poland,Turkey,75.392366,85.659753
1932,2,1,2025-09-09,Lithuania,Greece,76.00419,68.233096
1932,3,1,2025-09-10,Finland,Georgia,95.325949,76.581196
1932,4,1,2025-09-10,Germany,Slovenia,114.47746,96.894141
1933,1,1,2025-09-09,Poland,Turkey,73.25134,76.111753
1933,2,1,2025-09-09,Lithuania,Greece,77.437763,78.876547
1933,3,1,2025-09-10,Finland,Georgia,108.04624,95.059267
1933,4,1,2025-09-10,Germany,Slovenia,105.96722,92.621759
1934,1,1,2025-09-09,Poland,Turkey,81.674907,83.989666
1934,2,1,2025-09-09,Lithuania,Greece,100.1662,98.233199
1934,3,1,2025-09-10,Finland,Georgia,96.837018,78.390842
1934,4,1,2025-09-10,Germany,Slovenia,115.60463,96.102075
1935,1,1,2025-09-09,Poland,Turkey,86.72027,95.465883
1935,2,1,2025-09-09,Lithuania,Greece,93.47358,71.444289
1935,3,1,2025-09-10,Finland,Georgia,93.60208,76.978625
1935,4,1,2025-09-10,Germany,Slovenia,106.91326,79.494002
1936,1,1,2025-09-09,Poland,Turkey,82.40095,95.31096
1936,2,1,2025-09-09,Lithuania,Greece,73.984429,64.794722
1936,3,1,2025-09-10,Finland,Georgia,104.60866,73.571157
1936,4,1,2025-09-10,Germany,Slovenia,107.12227,92.499125
1937,1,1,2025-09-09,Poland,Turkey,81.798379,85.282507
1937,2,1,2025-09-09,Lithuania,Greece,70.719284,85.184063
1937,3,1,2025-09-10,Finland,Georgia,65.036497,87.090313
1937,4,1,2025-09-10,Germany,Slovenia,100.12552,65.167874
1938,1,1,2025-09-09,Poland,Turkey,54.956273,73.096748
1938,2,1,2025-09-09,Lithuania,Greece,78.047302,75.539226
1938,3,1,2025-09-10,Finland,Georgia,87.019409,63.057401
1938,4,1,2025-09-10,Germany,Slovenia,107.36125,86.659258
1939,1,1,2025-09-09,Poland,Turkey,73.246459,82.049683
1939,2,1,2025-09-09,Lithuania,Greece,76.021871,82.982223
1939,3,1,2025-09-10,Finland,Georgia,107.60205,78.431551
1939,4,1,2025-09-10,Germany,Slovenia,114.26963,77.079004
1940,1,1,2025-09-09,Poland,Turkey,76.943912,82.936095
1940,2,1,2025-09-09,Lithuania,Greece,82.103802,71.383313
1940,3,1,2025-09-10,Finland,Georgia,97.270249,50.144719
1940,4,1,2025-09-10,Germany,Slovenia,111.05878,84.882614
1941,1,1,2025-09-09,Poland,Turkey,81.100312,71.837733
1941,2,1,2025-09-09,Lithuania,Greece,92.410486,93.560741
1941,3,1,2025-09-10,Finland,Georgia,116.57713,73.657208
1941,4,1,2025-09-10,Germany,Slovenia,104.98621,91.30781
1942,1,1,2025-09-09,Poland,Turkey,64.529415,72.572908
1942,2,1,2025-09-09,Lithuania,Greece,81.087755,72.319909
1942,3,1,2025-09-10,Finland,Georgia,108.4307,83.526517
1942,4,1,2025-09-10,Germany,Slovenia,83.275283,80.445617
1943,1,1,2025-09-09,Poland,Turkey,86.835154,71.424232
1943,2,1,2025-09-09,Lithuania,Greece,76.199498,82.086287
1943,3,1,2025-09-10,Finland,Georgia,113.22687,69.735735
1943,4,1,2025-09-10,Germany,Slovenia,90.160773,69.903911
1944,1,1,2025-09-09,Poland,Turkey,78.50162,90.082144
1944,2,1,2025-09-09,Lithuania,Greece,97.056628,68.606255
1944,3,1,2025-09-10,Finland,Georgia,97.252337,68.80402
1944,4,1,2025-09-10,Germany,Slovenia,94.045562,70.208241
1945,1,1,2025-09-09,Poland,Turkey,82.097272,87.392805
1945,2,1,2025-09-09,Lithuania,Greece,75.517152,98.125315
1945,3,1,2025-09-10,Finland,Georgia,98.688258,61.418149
1945,4,1,2025-09-10,Germany,Slovenia,88.970597,60.507835
1946,1,1,2025-09-09,Poland,Turkey,68.151405,76.110048
1946,2,1,2025-09-09,Lithuania,Greece,64.448391,85.306616
1946,3,1,2025-09-10,Finland,Georgia,81.980806,72.552648
1946,4,1,2025-09-10,Germany,Slovenia,114.95012,95.762228
1947,1,1,2025-09-09,Poland,Turkey,72.702749,84.457894
1947,2,1,2025-09-09,Lithuania,Greece,98.474151,69.852197
1947,3,1,2025-09-10,Finland,Georgia,76.029534,74.572357
1947,4,1,2025-09-10,Germany,Slovenia,115.07246,101.4647
1948,1,1,2025-09-09,Poland,Turkey,79.65001,76.849788
1948,2,1,2025-09-09,Lithuania,Greece,79.556294,83.169389
1948,3,1,2025-09-10,Finland,Georgia,83.018432,41.996712
1948,4,1,2025-09-10,Germany,Slovenia,107.05235,80.623523
1949,1,1,2025-09-09,Poland,Turkey,85.223601,99.367285
1949,2,1,2025-09-09,Lithuania,Greece,84.551467,80.053876
1949,3,1,2025-09-10,Finland,Georgia,105.39824,72.382276
1949,4,1,2025-09-10,Germany,Slovenia,94.510391,95.729187
1950,1,1,2025-09-09,Poland,Turkey,84.809611,72.368825
1950,2,1,2025-09-09,Lithuania,Greece,82.908039,80.424493
1950,3,1,2025-09-10,Finland,Georgia,104.87448,85.259185
1950,4,1,2025-09-10,Germany,Slovenia,98.325511,78.406937
1951,1,1,2025-09-09,Poland,Turkey,74.228133,80.572147
1951,2,1,2025-09-09,Lithuania,Greece,80.564743000000007,67.487931
1951,3,1,2025-09-10,Finland,Georgia,105.11149,76.560419
1951,4,1,2025-09-10,Germany,Slovenia,91.018264,97.116511
1952,1,1,2025-09-09,Poland,Turkey,90.782307,92.825438
1952,2,1,2025-09-09,Lithuania,Greece,77.157752,98.423442
1952,3,1,2025-09-10,Finland,Georgia,87.407629,81.000027
1952,4,1,2025-09-10,Germany,Slovenia,110.22686,96.629666
1953,1,1,2025-09-09,Poland,Turkey,88.592263,98.413744
1953,2,1,2025-09-09,Lithuania,Greece,91.058738,81.961017
1953,3,1,2025-09-10,Finland,Georgia,75.648544,76.218724
1953,4,1,2025-09-10,Germany,Slovenia,107.48626,84.510379
1954,1,1,2025-09-09,Poland,Turkey,71.731811,91.069893
1954,2,1,2025-09-09,Lithuania,Greece,97.191081,77.879835
1954,3,1,2025-09-10,Finland,Georgia,101.44129,65.812029
1954,4,1,2025-09-10,Germany,Slovenia,92.437497,84.533558
1955,1,1,2025-09-09,Poland,Turkey,86.919732,86.628258
1955,2,1,2025-09-09,Lithuania,Greece,77.948106,78.354285
1955,3,1,2025-09-10,Finland,Georgia,99.778639,88.861399
1955,4,1,2025-09-10,Germany,Slovenia,112.3208,83.69066
1956,1,1,2025-09-09,Poland,Turkey,93.230198,93.540206
1956,2,1,2025-09-09,Lithuania,Greece,87.104705,63.687174
1956,3,1,2025-09-10,Finland,Georgia,92.308099,73.429267
1956,4,1,2025-09-10,Germany,Slovenia,112.67851,82.837391
1957,1,1,2025-09-09,Poland,Turkey,86.302296,80.528704
1957,2,1,2025-09-09,Lithuania,Greece,92.178454,78.65738
1957,3,1,2025-09-10,Finland,Georgia,105.79634,81.042093
1957,4,1,2025-09-10,Germany,Slovenia,113.17929,90.082774
1958,1,1,2025-09-09,Poland,Turkey,70.436219,86.410925
1958,2,1,2025-09-09,Lithuania,Greece,87.998372,90.095425
1958,3,1,2025-09-10,Finland,Georgia,83.408482,88.933133
1958,4,1,2025-09-10,Germany,Slovenia,107.50747,81.992951
1959,1,1,2025-09-09,Poland,Turkey,79.343841,99.331588
1959,2,1,2025-09-09,Lithuania,Greece,82.851429,94.433853
1959,3,1,2025-09-10,Finland,Georgia,112.81432,73.458549
1959,4,1,2025-09-10,Germany,Slovenia,113.65076,98.502998
1960,1,1,2025-09-09,Poland,Turkey,65.381723,90.194138
1960,2,1,2025-09-09,Lithuania,Greece,91.444958,95.156932
1960,3,1,2025-09-10,Finland,Georgia,93.826341,75.022471
1960,4,1,2025-09-10,Germany,Slovenia,110.37727,92.544619
1961,1,1,2025-09-09,Poland,Turkey,86.69269,77.600897
1961,2,1,2025-09-09,Lithuania,Greece,76.243625,72.286545
1961,3,1,2025-09-10,Finland,Georgia,81.10355,62.635083
1961,4,1,2025-09-10,Germany,Slovenia,108.88601,98.319264
1962,1,1,2025-09-09,Poland,Turkey,79.572204,90.257634
1962,2,1,2025-09-09,Lithuania,Greece,106.1904,80.524242
1962,3,1,2025-09-10,Finland,Georgia,100.50316,78.944199
1962,4,1,2025-09-10,Germany,Slovenia,102.18382,86.44708
1963,1,1,2025-09-09,Poland,Turkey,71.735569,109.33935
1963,2,1,2025-09-09,Lithuania,Greece,99.585779,95.534628
1963,3,1,2025-09-10,Finland,Georgia,106.10288,74.191255
1963,4,1,2025-09-10,Germany,Slovenia,123.23152,80.20737
1964,1,1,2025-09-09,Poland,Turkey,63.690052,85.827625
1964,2,1,2025-09-09,Lithuania,Greece,92.121631,68.860755
1964,3,1,2025-09-10,Finland,Georgia,78.91387,80.189896
1964,4,1,2025-09-10,Germany,Slovenia,102.69222,76.905537
1965,1,1,2025-09-09,Poland,Turkey,77.568469,93.537195
1965,2,1,2025-09-09,Lithuania,Greece,73.343102,77.07941
1965,3,1,2025-09-10,Finland,Georgia,86.747972,83.677371
1965,4,1,2025-09-10,Germany,Slovenia,118.31222,92.993424
1966,1,1,2025-09-09,Poland,Turkey,73.602511,99.741015
1966,2,1,2025-09-09,Lithuania,Greece,95.963476,78.06466
1966,3,1,2025-09-10,Finland,Georgia,94.002858,59.961907
1966,4,1,2025-09-10,Germany,Slovenia,98.235715,93.527932
1967,1,1,2025-09-09,Poland,Turkey,68.806007,80.297687
1967,2,1,2025-09-09,Lithuania,Greece,109.8845,85.846427
1967,3,1,2025-09-10,Finland,Georgia,108.35656,63.433603
1967,4,1,2025-09-10,Germany,Slovenia,109.15376,82.870119
1968,1,1,2025-09-09,Poland,Turkey,73.644341,82.289351
1968,2,1,2025-09-09,Lithuania,Greece,100.70154,86.842417
1968,3,1,2025-09-10,Finland,Georgia,90.208174,89.124907
1968,4,1,2025-09-10,Germany,Slovenia,94.563379,75.064379
1969,1,1,2025-09-09,Poland,Turkey,85.332144,75.844214
1969,2,1,2025-09-09,Lithuania,Greece,65.665118,75.068248
1969,3,1,2025-09-10,Finland,Georgia,83.393088,58.467726
1969,4,1,2025-09-10,Germany,Slovenia,101.89112,111.42059
1970,1,1,2025-09-09,Poland,Turkey,92.527968,89.96537
1970,2,1,2025-09-09,Lithuania,Greece,88.604611,78.18397
1970,3,1,2025-09-10,Finland,Georgia,94.513642,74.21454
1970,4,1,2025-09-10,Germany,Slovenia,98.238038,77.417561
1971,1,1,2025-09-09,Poland,Turkey,88.718449,92.109386
1971,2,1,2025-09-09,Lithuania,Greece,96.742457,73.849876
1971,3,1,2025-09-10,Finland,Georgia,98.557684,93.574745
1971,4,1,2025-09-10,Germany,Slovenia,93.066414,95.92132
1972,1,1,2025-09-09,Poland,Turkey,57.207284,82.212641
1972,2,1,2025-09-09,Lithuania,Greece,98.805847,88.750902
1972,3,1,2025-09-10,Finland,Georgia,63.76503,76.408175
1972,4,1,2025-09-10,Germany,Slovenia,115.2539,94.769834
1973,1,1,2025-09-09,Poland,Turkey,71.211328,90.339262
1973,2,1,2025-09-09,Lithuania,Greece,75.608644,72.295798
1973,3,1,2025-09-10,Finland,Georgia,122.71165,85.276368
1973,4,1,2025-09-10,Germany,Slovenia,115.93614,96.16886
1974,1,1,2025-09-09,Poland,Turkey,80.680067,82.016821
1974,2,1,2025-09-09,Lithuania,Greece,86.656266,93.260168
1974,3,1,2025-09-10,Finland,Georgia,99.26579,96.463639
1974,4,1,2025-09-10,Germany,Slovenia,107.2255,96.083488
1975,1,1,2025-09-09,Poland,Turkey,83.657136,95.461045
1975,2,1,2025-09-09,Lithuania,Greece,69.811421,72.634759
1975,3,1,2025-09-10,Finland,Georgia,91.827598,68.930346
1975,4,1,2025-09-10,Germany,Slovenia,101.34782,82.944368
1976,1,1,2025-09-09,Poland,Turkey,81.144541,92.177065
1976,2,1,2025-09-09,Lithuania,Greece,97.582997,87.212964
1976,3,1,2025-09-10,Finland,Georgia,81.813024,72.327582
1976,4,1,2025-09-10,Germany,Slovenia,99.629845,90.607016
1977,1,1,2025-09-09,Poland,Turkey,67.33548,84.155362
1977,2,1,2025-09-09,Lithuania,Greece,71.235334,67.921511
1977,3,1,2025-09-10,Finland,Georgia,108.08831,89.232252
1977,4,1,2025-09-10,Germany,Slovenia,108.23793,86.863466
1978,1,1,2025-09-09,Poland,Turkey,88.335983,73.037754
1978,2,1,2025-09-09,Lithuania,Greece,81.984128,77.924686
1978,3,1,2025-09-10,Finland,Georgia,80.573954,60.408851
1978,4,1,2025-09-10,Germany,Slovenia,114.04287,83.708532
1979,1,1,2025-09-09,Poland,Turkey,86.293655,80.030176
1979,2,1,2025-09-09,Lithuania,Greece,101.15984,79.764469
1979,3,1,2025-09-10,Finland,Georgia,103.01527,80.535739
1979,4,1,2025-09-10,Germany,Slovenia,114.40212,99.82254
1980,1,1,2025-09-09,Poland,Turkey,69.74432,93.339264
1980,2,1,2025-09-09,Lithuania,Greece,84.392413,60.270501
1980,3,1,2025-09-10,Finland,Georgia,105.52471,101.43871
1980,4,1,2025-09-10,Germany,Slovenia,93.436805,75.756243
1981,1,1,2025-09-09,Poland,Turkey,72.248618,85.66944
1981,2,1,2025-09-09,Lithuania,Greece,94.794774,73.425861
1981,3,1,2025-09-10,Finland,Georgia,105.05343,69.517645
1981,4,1,2025-09-10,Germany,Slovenia,74.865777,76.162315
1982,1,1,2025-09-09,Poland,Turkey,87.993627,80.886038
1982,2,1,2025-09-09,Lithuania,Greece,81.466791,70.970783
1982,3,1,2025-09-10,Finland,Georgia,95.471533,87.541442
1982,4,1,2025-09-10,Germany,Slovenia,95.730957,98.598013
1983,1,1,2025-09-09,Poland,Turkey,96.075033,88.632594
1983,2,1,2025-09-09,Lithuania,Greece,96.678884,65.880942
1983,3,1,2025-09-10,Finland,Georgia,93.35662,82.44509
1983,4,1,2025-09-10,Germany,Slovenia,93.648241,103.84657
1984,1,1,2025-09-09,Poland,Turkey,49.684327,76.310787
1984,2,1,2025-09-09,Lithuania,Greece,80.945544,69.691893
1984,3,1,2025-09-10,Finland,Georgia,107.85906,78.228961
1984,4,1,2025-09-10,Germany,Slovenia,111.21808,96.626022
1985,1,1,2025-09-09,Poland,Turkey,89.75286,81.790783
1985,2,1,2025-09-09,Lithuania,Greece,97.05266,86.564163
1985,3,1,2025-09-10,Finland,Georgia,96.627603,67.263303
1985,4,1,2025-09-10,Germany,Slovenia,101.67839,88.831529
1986,1,1,2025-09-09,Poland,Turkey,75.97827,78.213742
1986,2,1,2025-09-09,Lithuania,Greece,90.920451,78.191045
1986,3,1,2025-09-10,Finland,Georgia,78.255761,59.991466
1986,4,1,2025-09-10,Germany,Slovenia,94.405004,76.360965
1987,1,1,2025-09-09,Poland,Turkey,83.096547,85.186815
1987,2,1,2025-09-09,Lithuania,Greece,104.86864,95.656625
1987,3,1,2025-09-10,Finland,Georgia,109.02042,74.077038
1987,4,1,2025-09-10,Germany,Slovenia,94.53631,94.051939
1988,1,1,2025-09-09,Poland,Turkey,72.390138,59.755965
1988,2,1,2025-09-09,Lithuania,Greece,75.379269,78.611069
1988,3,1,2025-09-10,Finland,Georgia,85.381008,49.864772
1988,4,1,2025-09-10,Germany,Slovenia,101.05075,85.253229
1989,1,1,2025-09-09,Poland,Turkey,70.587028,100.01933
1989,2,1,2025-09-09,Lithuania,Greece,99.518599,82.535071
1989,3,1,2025-09-10,Finland,Georgia,72.527981,85.896478
1989,4,1,2025-09-10,Germany,Slovenia,107.37793,94.486822
1990,1,1,2025-09-09,Poland,Turkey,83.318092,92.360791
1990,2,1,2025-09-09,Lithuania,Greece,90.814972,69.861904
1990,3,1,2025-09-10,Finland,Georgia,90.885575,73.964257
1990,4,1,2025-09-10,Germany,Slovenia,101.78791,83.80505
1991,1,1,2025-09-09,Poland,Turkey,70.88432,74.088028
1991,2,1,2025-09-09,Lithuania,Greece,66.921118,86.619811
1991,3,1,2025-09-10,Finland,Georgia,86.214086,78.04995
1991,4,1,2025-09-10,Germany,Slovenia,85.23966,98.650409
1992,1,1,2025-09-09,Poland,Turkey,77.433395,68.778696
1992,2,1,2025-09-09,Lithuania,Greece,108.85511,81.798829
1992,3,1,2025-09-10,Finland,Georgia,115.94327,93.590168
1992,4,1,2025-09-10,Germany,Slovenia,104.57034,86.616123
1993,1,1,2025-09-09,Poland,Turkey,85.550308,120.84216
1993,2,1,2025-09-09,Lithuania,Greece,90.85128,80.486983
1993,3,1,2025-09-10,Finland,Georgia,101.55128,78.349009
1993,4,1,2025-09-10,Germany,Slovenia,100.50751,88.068623
1994,1,1,2025-09-09,Poland,Turkey,82.279512,103.34523
1994,2,1,2025-09-09,Lithuania,Greece,83.177903,89.673531
1994,3,1,2025-09-10,Finland,Georgia,76.042834,82.957032
1994,4,1,2025-09-10,Germany,Slovenia,107.7815,90.337649
1995,1,1,2025-09-09,Poland,Turkey,88.050309,89.656577
1995,2,1,2025-09-09,Lithuania,Greece,71.505446,57.053197
1995,3,1,2025-09-10,Finland,Georgia,93.133373,85.476378
1995,4,1,2025-09-10,Germany,Slovenia,107.30001,71.591587
1996,1,1,2025-09-09,Poland,Turkey,80.667585,64.59273
1996,2,1,2025-09-09,Lithuania,Greece,73.259091,78.950919
1996,3,1,2025-09-10,Finland,Georgia,79.734688,67.63581
1996,4,1,2025-09-10,Germany,Slovenia,108.46779,95.770885
1997,1,1,2025-09-09,Poland,Turkey,91.034561,88.352378
1997,2,1,2025-09-09,Lithuania,Greece,93.914096,76.265802
1997,3,1,2025-09-10,Finland,Georgia,95.639626,69.323541
1997,4,1,2025-09-10,Germany,Slovenia,105.10691,90.402716
1998,1,1,2025-09-09,Poland,Turkey,65.065983,82.663995
1998,2,1,2025-09-09,Lithuania,Greece,93.116664,93.349948
1998,3,1,2025-09-10,Finland,Georgia,103.44609,84.8061
1998,4,1,2025-09-10,Germany,Slovenia,92.861655,80.886638
1999,1,1,2025-09-09,Poland,Turkey,66.868432,87.688339
1999,2,1,2025-09-09,Lithuania,Greece,76.506001,78.920418
1999,3,1,2025-09-10,Finland,Georgia,96.150978,63.38948
1999,4,1,2025-09-10,Germany,Slovenia,80.95306,71.966378
2000,1,1,2025-09-09,Poland,Turkey,95.583289,63.571618
2000,2,1,2025-09-09,Lithuania,Greece,73.102765,64.493102
2000,3,1,2025-09-10,Finland,Georgia,95.167252,80.114991
2000,4,1,2025-09-10,Germany,Slovenia,107.50221,90.419741
2001,1,1,2025-09-09,Poland,Turkey,93.382415,74.702517
2001,2,1,2025-09-09,Lithuania,Greece,80.335631,68.379233
2001,3,1,2025-09-10,Finland,Georgia,105.27781,55.444079
2001,4,1,2025-09-10,Germany,Slovenia,91.969248,78.926285
2002,1,1,2025-09-09,Poland,Turkey,69.027327,76.096189
2002,2,1,2025-09-09,Lithuania,Greece,100.67965,73.604896
2002,3,1,2025-09-10,Finland,Georgia,92.949505,56.992181
2002,4,1,2025-09-10,Germany,Slovenia,119.01152,85.062016
2003,1,1,2025-09-09,Poland,Turkey,77.1092,96.058698
2003,2,1,2025-09-09,Lithuania,Greece,92.419853,78.228005
2003,3,1,2025-09-10,Finland,Georgia,75.953286,87.675426
2003,4,1,2025-09-10,Germany,Slovenia,103.14925,71.869846
2004,1,1,2025-09-09,Poland,Turkey,78.722718,79.266458
2004,2,1,2025-09-09,Lithuania,Greece,90.549281,60.986327
2004,3,1,2025-09-10,Finland,Georgia,93.929047,54.205846
2004,4,1,2025-09-10,Germany,Slovenia,99.91308,96.406758
2005,1,1,2025-09-09,Poland,Turkey,78.486941,112.59617
2005,2,1,2025-09-09,Lithuania,Greece,92.112885,88.409489
2005,3,1,2025-09-10,Finland,Georgia,84.928162,72.73855
2005,4,1,2025-09-10,Germany,Slovenia,121.19611,80.34128
2006,1,1,2025-09-09,Poland,Turkey,96.190218,75.771284
2006,2,1,2025-09-09,Lithuania,Greece,99.928378,75.151102
2006,3,1,2025-09-10,Finland,Georgia,84.598078,54.458933
2006,4,1,2025-09-10,Germany,Slovenia,98.212823,76.735345
2007,1,1,2025-09-09,Poland,Turkey,64.218649,97.549851
2007,2,1,2025-09-09,Lithuania,Greece,82.029563,83.962388
2007,3,1,2025-09-10,Finland,Georgia,88.51442,87.142918
2007,4,1,2025-09-10,Germany,Slovenia,93.291531,82.716109
2008,1,1,2025-09-09,Poland,Turkey,84.821591,81.476221
2008,2,1,2025-09-09,Lithuania,Greece,80.799065,69.442057
2008,3,1,2025-09-10,Finland,Georgia,90.352732,68.952099
2008,4,1,2025-09-10,Germany,Slovenia,100.73951,90.780248
2009,1,1,2025-09-09,Poland,Turkey,96.511117,86.365615
2009,2,1,2025-09-09,Lithuania,Greece,105.44484,58.199472
2009,3,1,2025-09-10,Finland,Georgia,92.638063,81.466061
2009,4,1,2025-09-10,Germany,Slovenia,104.6802,64.85487
2010,1,1,2025-09-09,Poland,Turkey,81.925267,94.649562
2010,2,1,2025-09-09,Lithuania,Greece,86.535575,76.500113
2010,3,1,2025-09-10,Finland,Georgia,80.900495,73.784088
2010,4,1,2025-09-10,Germany,Slovenia,96.917763,94.303904
2011,1,1,2025-09-09,Poland,Turkey,73.010508,75.300812
2011,2,1,2025-09-09,Lithuania,Greece,109.44168,83.627597
2011,3,1,2025-09-10,Finland,Georgia,86.621379,74.215619
2011,4,1,2025-09-10,Germany,Slovenia,85.608069,84.299279
2012,1,1,2025-09-09,Poland,Turkey,81.275098,101.77789
2012,2,1,2025-09-09,Lithuania,Greece,104.37719,78.236084
2012,3,1,2025-09-10,Finland,Georgia,99.350705,86.689965
2012,4,1,2025-09-10,Germany,Slovenia,105.17265,81.34066
2013,1,1,2025-09-09,Poland,Turkey,81.96572,91.654406
2013,2,1,2025-09-09,Lithuania,Greece,86.272073,75.254154
2013,3,1,2025-09-10,Finland,Georgia,63.593973,79.402681
2013,4,1,2025-09-10,Germany,Slovenia,102.51678,81.476756
2014,1,1,2025-09-09,Poland,Turkey,55.121944,82.387948
2014,2,1,2025-09-09,Lithuania,Greece,81.614082,77.192279
2014,3,1,2025-09-10,Finland,Georgia,115.14673,77.044702
2014,4,1,2025-09-10,Germany,Slovenia,101.26574,65.671782
2015,1,1,2025-09-09,Poland,Turkey,93.240804,84.77292
2015,2,1,2025-09-09,Lithuania,Greece,90.437531,87.426403
2015,3,1,2025-09-10,Finland,Georgia,85.998269,53.186771
2015,4,1,2025-09-10,Germany,Slovenia,130.17524,87.285043
2016,1,1,2025-09-09,Poland,Turkey,78.319927,96.742729
2016,2,1,2025-09-09,Lithuania,Greece,107.27182,86.49239
2016,3,1,2025-09-10,Finland,Georgia,98.375677,78.222493
2016,4,1,2025-09-10,Germany,Slovenia,101.74232,88.20887
2017,1,1,2025-09-09,Poland,Turkey,74.462396,103.16483
2017,2,1,2025-09-09,Lithuania,Greece,79.680276,90.300192
2017,3,1,2025-09-10,Finland,Georgia,112.01719,73.201923
2017,4,1,2025-09-10,Germany,Slovenia,103.72558,103.79309
2018,1,1,2025-09-09,Poland,Turkey,84.876088,99.533447
2018,2,1,2025-09-09,Lithuania,Greece,91.878557,68.02704
2018,3,1,2025-09-10,Finland,Georgia,91.251884,86.119682
2018,4,1,2025-09-10,Germany,Slovenia,98.468858,96.473166
2019,1,1,2025-09-09,Poland,Turkey,76.303654,84.894691
2019,2,1,2025-09-09,Lithuania,Greece,81.051258,73.066825
2019,3,1,2025-09-10,Finland,Georgia,82.832624,89.219104
2019,4,1,2025-09-10,Germany,Slovenia,111.56047,89.28313
2020,1,1,2025-09-09,Poland,Turkey,82.564093,98.607425
2020,2,1,2025-09-09,Lithuania,Greece,84.367537,79.293767
2020,3,1,2025-09-10,Finland,Georgia,78.203555,58.915282
2020,4,1,2025-09-10,Germany,Slovenia,97.97696,83.23081
2021,1,1,2025-09-09,Poland,Turkey,105.40738,84.503529
2021,2,1,2025-09-09,Lithuania,Greece,102.58812,63.179891
2021,3,1,2025-09-10,Finland,Georgia,98.010526,53.599388
2021,4,1,2025-09-10,Germany,Slovenia,103.97457,77.58825
2022,1,1,2025-09-09,Poland,Turkey,61.062083,74.070872
2022,2,1,2025-09-09,Lithuania,Greece,84.22994,71.889891
2022,3,1,2025-09-10,Finland,Georgia,89.658526,71.542255
2022,4,1,2025-09-10,Germany,Slovenia,95.977099,85.290166
2023,1,1,2025-09-09,Poland,Turkey,72.47736,75.575814
2023,2,1,2025-09-09,Lithuania,Greece,85.499656,66.558582
2023,3,1,2025-09-10,Finland,Georgia,67.628911,80.740862
2023,4,1,2025-09-10,Germany,Slovenia,98.774055,106.76293
2024,1,1,2025-09-09,Poland,Turkey,65.037122,78.115941
2024,2,1,2025-09-09,Lithuania,Greece,70.978337,78.107974
2024,3,1,2025-09-10,Finland,Georgia,120.66851,76.603352
2024,4,1,2025-09-10,Germany,Slovenia,99.853078,91.18298
2025,1,1,2025-09-09,Poland,Turkey,59.458347,85.636203
2025,2,1,2025-09-09,Lithuania,Greece,88.539705,69.463369
2025,3,1,2025-09-10,Finland,Georgia,92.133304999999993,88.411477
2025,4,1,2025-09-10,Germany,Slovenia,97.833381,85.147189
2026,1,1,2025-09-09,Poland,Turkey,72.384172,79.544901
2026,2,1,2025-09-09,Lithuania,Greece,98.936783,71.839157
2026,3,1,2025-09-10,Finland,Georgia,111.3452,71.691835
2026,4,1,2025-09-10,Germany,Slovenia,101.41562,86.191339
2027,1,1,2025-09-09,Poland,Turkey,65.525801,93.827681
2027,2,1,2025-09-09,Lithuania,Greece,100.29379,105.75207
2027,3,1,2025-09-10,Finland,Georgia,99.789258,68.669005
2027,4,1,2025-09-10,Germany,Slovenia,108.23675,111.14275
2028,1,1,2025-09-09,Poland,Turkey,81.433683,86.280881
2028,2,1,2025-09-09,Lithuania,Greece,93.693713,76.109593
2028,3,1,2025-09-10,Finland,Georgia,94.553508,82.417733
2028,4,1,2025-09-10,Germany,Slovenia,93.262276,68.277131
2029,1,1,2025-09-09,Poland,Turkey,81.971154,66.955585
2029,2,1,2025-09-09,Lithuania,Greece,85.955101,68.115018
2029,3,1,2025-09-10,Finland,Georgia,99.209565,65.217515
2029,4,1,2025-09-10,Germany,Slovenia,118.54476,105.15452
2030,1,1,2025-09-09,Poland,Turkey,99.785903,75.214787
2030,2,1,2025-09-09,Lithuania,Greece,91.263883,74.243415
2030,3,1,2025-09-10,Finland,Georgia,90.491206,74.069646
2030,4,1,2025-09-10,Germany,Slovenia,101.79248,72.844391
2031,1,1,2025-09-09,Poland,Turkey,72.403956,96.161208
2031,2,1,2025-09-09,Lithuania,Greece,91.719319,69.196822
2031,3,1,2025-09-10,Finland,Georgia,84.626071,74.216877
2031,4,1,2025-09-10,Germany,Slovenia,96.512209,80.138106
2032,1,1,2025-09-09,Poland,Turkey,73.298067,83.093197
2032,2,1,2025-09-09,Lithuania,Greece,93.670675,86.296086
2032,3,1,2025-09-10,Finland,Georgia,92.45839,70.261317
2032,4,1,2025-09-10,Germany,Slovenia,124.84185,83.708514
2033,1,1,2025-09-09,Poland,Turkey,87.774596,83.346067
2033,2,1,2025-09-09,Lithuania,Greece,53.363616,83.62746
2033,3,1,2025-09-10,Finland,Georgia,110.39581,98.111074
2033,4,1,2025-09-10,Germany,Slovenia,125.71711,54.658353
2034,1,1,2025-09-09,Poland,Turkey,62.058556,100.80504
2034,2,1,2025-09-09,Lithuania,Greece,96.178159,82.757531
2034,3,1,2025-09-10,Finland,Georgia,95.276904,75.349177
2034,4,1,2025-09-10,Germany,Slovenia,104.67056,87.709764
2035,1,1,2025-09-09,Poland,Turkey,57.799383,73.01872
2035,2,1,2025-09-09,Lithuania,Greece,84.088292,74.45933
2035,3,1,2025-09-10,Finland,Georgia,100.50261,69.254042
2035,4,1,2025-09-10,Germany,Slovenia,101.76854,89.240904
2036,1,1,2025-09-09,Poland,Turkey,67.878441,91.508896
2036,2,1,2025-09-09,Lithuania,Greece,85.999118,79.22493
2036,3,1,2025-09-10,Finland,Georgia,97.164577,71.62284
2036,4,1,2025-09-10,Germany,Slovenia,96.810323,79.246611
2037,1,1,2025-09-09,Poland,Turkey,83.828501,72.055171
2037,2,1,2025-09-09,Lithuania,Greece,60.586664,86.952357
2037,3,1,2025-09-10,Finland,Georgia,79.273346,52.59677
2037,4,1,2025-09-10,Germany,Slovenia,99.070714,88.013535
2038,1,1,2025-09-09,Poland,Turkey,65.711486,70.766542
2038,2,1,2025-09-09,Lithuania,Greece,82.194044,63.86064
2038,3,1,2025-09-10,Finland,Georgia,113.862,84.481306
2038,4,1,2025-09-10,Germany,Slovenia,100.30129,76.348282
2039,1,1,2025-09-09,Poland,Turkey,81.147333,96.015403
2039,2,1,2025-09-09,Lithuania,Greece,83.549287,85.551141
2039,3,1,2025-09-10,Finland,Georgia,104.84376,83.150846
2039,4,1,2025-09-10,Germany,Slovenia,97.998956,80.993074
2040,1,1,2025-09-09,Poland,Turkey,80.678777,97.720538
2040,2,1,2025-09-09,Lithuania,Greece,84.981199,67.328249
2040,3,1,2025-09-10,Finland,Georgia,102.23732,73.690971
2040,4,1,2025-09-10,Germany,Slovenia,113.09446,114.20114
2041,1,1,2025-09-09,Poland,Turkey,76.356328,101.59197
2041,2,1,2025-09-09,Lithuania,Greece,85.455124,74.231248
2041,3,1,2025-09-10,Finland,Georgia,89.565239,69.42665
2041,4,1,2025-09-10,Germany,Slovenia,121.3752,89.235108
2042,1,1,2025-09-09,Poland,Turkey,63.346229,102.97602
2042,2,1,2025-09-09,Lithuania,Greece,82.866236,85.020589
2042,3,1,2025-09-10,Finland,Georgia,92.511544,69.076381
2042,4,1,2025-09-10,Germany,Slovenia,100.13406,97.439513
2043,1,1,2025-09-09,Poland,Turkey,55.241561,95.256604
2043,2,1,2025-09-09,Lithuania,Greece,81.342789,102.17577
2043,3,1,2025-09-10,Finland,Georgia,76.267051,62.933825
2043,4,1,2025-09-10,Germany,Slovenia,84.912823,84.433684
2044,1,1,2025-09-09,Poland,Turkey,87.537398,89.062313
2044,2,1,2025-09-09,Lithuania,Greece,99.358413,66.479425
2044,3,1,2025-09-10,Finland,Georgia,89.34782,93.19606
2044,4,1,2025-09-10,Germany,Slovenia,103.9268,107.02845
2045,1,1,2025-09-09,Poland,Turkey,78.576634,75.402171
2045,2,1,2025-09-09,Lithuania,Greece,86.367186,74.052766
2045,3,1,2025-09-10,Finland,Georgia,96.197684,66.18794
2045,4,1,2025-09-10,Germany,Slovenia,75.129821,77.577607
2046,1,1,2025-09-09,Poland,Turkey,91.797035,83.196052
2046,2,1,2025-09-09,Lithuania,Greece,59.028504,78.284651
2046,3,1,2025-09-10,Finland,Georgia,86.696318,66.5711
2046,4,1,2025-09-10,Germany,Slovenia,99.326854,73.923423
2047,1,1,2025-09-09,Poland,Turkey,85.492916,81.018304
2047,2,1,2025-09-09,Lithuania,Greece,98.043344,83.210598
2047,3,1,2025-09-10,Finland,Georgia,80.589169,73.156671
2047,4,1,2025-09-10,Germany,Slovenia,86.398283,113.2061
2048,1,1,2025-09-09,Poland,Turkey,72.718351,74.922003
2048,2,1,2025-09-09,Lithuania,Greece,79.17912,69.716228
2048,3,1,2025-09-10,Finland,Georgia,105.62402,50.653211
2048,4,1,2025-09-10,Germany,Slovenia,121.16512,99.845727
2049,1,1,2025-09-09,Poland,Turkey,67.827722,83.545652
2049,2,1,2025-09-09,Lithuania,Greece,83.571434,71.082347
2049,3,1,2025-09-10,Finland,Georgia,103.87524,81.824653
2049,4,1,2025-09-10,Germany,Slovenia,100.09626,95.091089
2050,1,1,2025-09-09,Poland,Turkey,80.513965,106.54116
2050,2,1,2025-09-09,Lithuania,Greece,82.956814,73.007475
2050,3,1,2025-09-10,Finland,Georgia,95.582459,97.420409
2050,4,1,2025-09-10,Germany,Slovenia,96.758977,66.520174
2051,1,1,2025-09-09,Poland,Turkey,71.205701,91.620842
2051,2,1,2025-09-09,Lithuania,Greece,104.93518,87.403618
2051,3,1,2025-09-10,Finland,Georgia,68.82554,60.026285
2051,4,1,2025-09-10,Germany,Slovenia,112.95095,90.241901
2052,1,1,2025-09-09,Poland,Turkey,90.565997,86.126784
2052,2,1,2025-09-09,Lithuania,Greece,81.092114,62.064363
2052,3,1,2025-09-10,Finland,Georgia,104.96754,71.371768
2052,4,1,2025-09-10,Germany,Slovenia,111.94956,81.199094
2053,1,1,2025-09-09,Poland,Turkey,73.676612,94.051718
2053,2,1,2025-09-09,Lithuania,Greece,93.935094,90.391827
2053,3,1,2025-09-10,Finland,Georgia,98.772661,83.893908
2053,4,1,2025-09-10,Germany,Slovenia,110.36811,84.707275
2054,1,1,2025-09-09,Poland,Turkey,69.987819,68.927567
2054,2,1,2025-09-09,Lithuania,Greece,95.74196,66.494353
2054,3,1,2025-09-10,Finland,Georgia,93.458879,81.140573
2054,4,1,2025-09-10,Germany,Slovenia,87.386332,86.967232
2055,1,1,2025-09-09,Poland,Turkey,78.719895,91.173441
2055,2,1,2025-09-09,Lithuania,Greece,87.799962,77.356426
2055,3,1,2025-09-10,Finland,Georgia,122.07224,87.222751
2055,4,1,2025-09-10,Germany,Slovenia,113.95704,86.475757
2056,1,1,2025-09-09,Poland,Turkey,98.276153,92.112841
2056,2,1,2025-09-09,Lithuania,Greece,94.730674,80.432973
2056,3,1,2025-09-10,Finland,Georgia,100.26861,81.213821
2056,4,1,2025-09-10,Germany,Slovenia,94.395835,98.299029
2057,1,1,2025-09-09,Poland,Turkey,63.835768,95.915294
2057,2,1,2025-09-09,Lithuania,Greece,91.652188,71.143645
2057,3,1,2025-09-10,Finland,Georgia,105.20802,61.87278
2057,4,1,2025-09-10,Germany,Slovenia,125.66556,76.558255
2058,1,1,2025-09-09,Poland,Turkey,72.569606,70.168269
2058,2,1,2025-09-09,Lithuania,Greece,71.895078,92.990448
2058,3,1,2025-09-10,Finland,Georgia,109.28952,82.868288
2058,4,1,2025-09-10,Germany,Slovenia,104.78558,73.876795
2059,1,1,2025-09-09,Poland,Turkey,94.447707,97.048948
2059,2,1,2025-09-09,Lithuania,Greece,84.534552,62.329532
2059,3,1,2025-09-10,Finland,Georgia,125.23079,78.280212
2059,4,1,2025-09-10,Germany,Slovenia,99.990169,92.729701
2060,1,1,2025-09-09,Poland,Turkey,85.208043,74.244968
2060,2,1,2025-09-09,Lithuania,Greece,79.359434,91.363602
2060,3,1,2025-09-10,Finland,Georgia,85.397118,80.937597
2060,4,1,2025-09-10,Germany,Slovenia,113.95345,81.463208
2061,1,1,2025-09-09,Poland,Turkey,67.347857,77.498443
2061,2,1,2025-09-09,Lithuania,Greece,81.285448,84.796841
2061,3,1,2025-09-10,Finland,Georgia,117.95396,96.808711
2061,4,1,2025-09-10,Germany,Slovenia,88.989966,80.539160999999993
2062,1,1,2025-09-09,Poland,Turkey,79.439058,85.810083
2062,2,1,2025-09-09,Lithuania,Greece,80.668737,66.815122
2062,3,1,2025-09-10,Finland,Georgia,93.510938,72.693645
2062,4,1,2025-09-10,Germany,Slovenia,99.243733,88.431462
2063,1,1,2025-09-09,Poland,Turkey,85.777994,92.381993
2063,2,1,2025-09-09,Lithuania,Greece,96.420716,64.557444
2063,3,1,2025-09-10,Finland,Georgia,101.63945,86.287682
2063,4,1,2025-09-10,Germany,Slovenia,88.179633,76.609494
2064,1,1,2025-09-09,Poland,Turkey,84.037654,97.51151
2064,2,1,2025-09-09,Lithuania,Greece,103.1928,93.489109
2064,3,1,2025-09-10,Finland,Georgia,85.890948,72.227981
2064,4,1,2025-09-10,Germany,Slovenia,93.781661,87.821858
2065,1,1,2025-09-09,Poland,Turkey,100.68138,91.465913
2065,2,1,2025-09-09,Lithuania,Greece,82.120939,84.272139
2065,3,1,2025-09-10,Finland,Georgia,98.619648,77.741589
2065,4,1,2025-09-10,Germany,Slovenia,96.270571,90.419768
2066,1,1,2025-09-09,Poland,Turkey,65.04969,97.840788
2066,2,1,2025-09-09,Lithuania,Greece,98.539088,79.511514
2066,3,1,2025-09-10,Finland,Georgia,80.687706,56.44079
2066,4,1,2025-09-10,Germany,Slovenia,108.42084,82.910966
2067,1,1,2025-09-09,Poland,Turkey,76.120278,93.244197
2067,2,1,2025-09-09,Lithuania,Greece,60.920206,61.718153
2067,3,1,2025-09-10,Finland,Georgia,79.297439,87.945973
2067,4,1,2025-09-10,Germany,Slovenia,85.484613,68.110279
2068,1,1,2025-09-09,Poland,Turkey,70.092385,115.96971
2068,2,1,2025-09-09,Lithuania,Greece,105.49941,88.798381
2068,3,1,2025-09-10,Finland,Georgia,81.117697,58.897558
2068,4,1,2025-09-10,Germany,Slovenia,90.954686,91.071679
2069,1,1,2025-09-09,Poland,Turkey,80.685664,76.549337
2069,2,1,2025-09-09,Lithuania,Greece,83.857946,76.354828
2069,3,1,2025-09-10,Finland,Georgia,94.0343,81.751877
2069,4,1,2025-09-10,Germany,Slovenia,98.888982,77.344775
2070,1,1,2025-09-09,Poland,Turkey,90.138376,84.456403
2070,2,1,2025-09-09,Lithuania,Greece,128.42065,77.15602
2070,3,1,2025-09-10,Finland,Georgia,107.21962,65.480467
2070,4,1,2025-09-10,Germany,Slovenia,107.05899,88.531833
2071,1,1,2025-09-09,Poland,Turkey,78.151288,79.972045
2071,2,1,2025-09-09,Lithuania,Greece,92.619502,108.09514
2071,3,1,2025-09-10,Finland,Georgia,101.24748,63.815268
2071,4,1,2025-09-10,Germany,Slovenia,90.605891,57.240385
2072,1,1,2025-09-09,Poland,Turkey,67.606668,84.384281
2072,2,1,2025-09-09,Lithuania,Greece,84.847381,84.066465
2072,3,1,2025-09-10,Finland,Georgia,92.391939,70.472125
2072,4,1,2025-09-10,Germany,Slovenia,93.213763,104.26791
2073,1,1,2025-09-09,Poland,Turkey,71.382615,99.14509
2073,2,1,2025-09-09,Lithuania,Greece,105.06116,84.877123
2073,3,1,2025-09-10,Finland,Georgia,106.0714,97.753136
2073,4,1,2025-09-10,Germany,Slovenia,109.01657,87.530471
2074,1,1,2025-09-09,Poland,Turkey,86.399043,73.243797
2074,2,1,2025-09-09,Lithuania,Greece,81.429484,86.26451
2074,3,1,2025-09-10,Finland,Georgia,95.717006,67.256351
2074,4,1,2025-09-10,Germany,Slovenia,110.42262,93.950575
2075,1,1,2025-09-09,Poland,Turkey,72.862357,64.470603
2075,2,1,2025-09-09,Lithuania,Greece,98.654153,79.41279
2075,3,1,2025-09-10,Finland,Georgia,108.53345,87.757249
2075,4,1,2025-09-10,Germany,Slovenia,95.221295,89.491768
2076,1,1,2025-09-09,Poland,Turkey,73.558389,76.396039
2076,2,1,2025-09-09,Lithuania,Greece,102.80246,79.024575
2076,3,1,2025-09-10,Finland,Georgia,96.054149,84.061451
2076,4,1,2025-09-10,Germany,Slovenia,99.981631,75.260229
2077,1,1,2025-09-09,Poland,Turkey,87.293681,91.116072
2077,2,1,2025-09-09,Lithuania,Greece,92.203297,99.451043
2077,3,1,2025-09-10,Finland,Georgia,87.348185,80.601921
2077,4,1,2025-09-10,Germany,Slovenia,95.812616,81.240419
2078,1,1,2025-09-09,Poland,Turkey,80.367076,98.731457
2078,2,1,2025-09-09,Lithuania,Greece,80.470401,68.19117
2078,3,1,2025-09-10,Finland,Georgia,98.037927,66.578458
2078,4,1,2025-09-10,Germany,Slovenia,96.526386,84.365156
2079,1,1,2025-09-09,Poland,Turkey,80.503502,93.64951
2079,2,1,2025-09-09,Lithuania,Greece,69.739083,70.351341
2079,3,1,2025-09-10,Finland,Georgia,88.543919,75.348534
2079,4,1,2025-09-10,Germany,Slovenia,113.14997,99.437514
2080,1,1,2025-09-09,Poland,Turkey,69.489614,96.915426
2080,2,1,2025-09-09,Lithuania,Greece,95.597666,76.200021
2080,3,1,2025-09-10,Finland,Georgia,126.16531,85.485409
2080,4,1,2025-09-10,Germany,Slovenia,88.528463,80.664028
2081,1,1,2025-09-09,Poland,Turkey,87.705859,93.82852
2081,2,1,2025-09-09,Lithuania,Greece,107.51452,92.395733
2081,3,1,2025-09-10,Finland,Georgia,98.484941,94.90777
2081,4,1,2025-09-10,Germany,Slovenia,82.368781,82.783802
2082,1,1,2025-09-09,Poland,Turkey,87.888709,96.843197
2082,2,1,2025-09-09,Lithuania,Greece,64.857413,76.91431
2082,3,1,2025-09-10,Finland,Georgia,86.092277,73.885144
2082,4,1,2025-09-10,Germany,Slovenia,96.172476,53.56378
2083,1,1,2025-09-09,Poland,Turkey,90.989665,81.657509
2083,2,1,2025-09-09,Lithuania,Greece,73.063705,59.596817
2083,3,1,2025-09-10,Finland,Georgia,100.53038,76.175381
2083,4,1,2025-09-10,Germany,Slovenia,106.11767999999999,98.12641
2084,1,1,2025-09-09,Poland,Turkey,83.151566,100.77984
2084,2,1,2025-09-09,Lithuania,Greece,124.41422,85.222753
2084,3,1,2025-09-10,Finland,Georgia,94.59897,50.290983
2084,4,1,2025-09-10,Germany,Slovenia,104.2141,81.921028
2085,1,1,2025-09-09,Poland,Turkey,66.201072,63.860854
2085,2,1,2025-09-09,Lithuania,Greece,72.789192,73.740891
2085,3,1,2025-09-10,Finland,Georgia,94.916755,77.750552
2085,4,1,2025-09-10,Germany,Slovenia,101.03546,75.490915
2086,1,1,2025-09-09,Poland,Turkey,90.079359,81.146411
2086,2,1,2025-09-09,Lithuania,Greece,78.540632,82.892805
2086,3,1,2025-09-10,Finland,Georgia,100.85005,78.477788
2086,4,1,2025-09-10,Germany,Slovenia,112.15595,90.255827
2087,1,1,2025-09-09,Poland,Turkey,81.864238,76.275715
2087,2,1,2025-09-09,Lithuania,Greece,89.598057,74.693058
2087,3,1,2025-09-10,Finland,Georgia,90.961498,75.077132
2087,4,1,2025-09-10,Germany,Slovenia,93.010866,89.857591
2088,1,1,2025-09-09,Poland,Turkey,74.482613,97.810145
2088,2,1,2025-09-09,Lithuania,Greece,99.893353,74.415017
2088,3,1,2025-09-10,Finland,Georgia,87.656543,75.257962
2088,4,1,2025-09-10,Germany,Slovenia,112.20683,93.39353
2089,1,1,2025-09-09,Poland,Turkey,77.776652,101.28354
2089,2,1,2025-09-09,Lithuania,Greece,84.211224,69.573237
2089,3,1,2025-09-10,Finland,Georgia,108.35206,85.862351
2089,4,1,2025-09-10,Germany,Slovenia,80.622913,91.156167
2090,1,1,2025-09-09,Poland,Turkey,80.725419,88.806975
2090,2,1,2025-09-09,Lithuania,Greece,75.031823,71.646358
2090,3,1,2025-09-10,Finland,Georgia,84.720204,72.917381
2090,4,1,2025-09-10,Germany,Slovenia,128.13919,93.505616
2091,1,1,2025-09-09,Poland,Turkey,74.970443,66.815097
2091,2,1,2025-09-09,Lithuania,Greece,88.079662,74.354431
2091,3,1,2025-09-10,Finland,Georgia,92.679077,85.233749
2091,4,1,2025-09-10,Germany,Slovenia,107.49873,81.194701
2092,1,1,2025-09-09,Poland,Turkey,76.413518,83.91233
2092,2,1,2025-09-09,Lithuania,Greece,80.925075,72.998289
2092,3,1,2025-09-10,Finland,Georgia,104.62122,85.886202
2092,4,1,2025-09-10,Germany,Slovenia,100.45719,83.020262
2093,1,1,2025-09-09,Poland,Turkey,84.243555,109.57093
2093,2,1,2025-09-09,Lithuania,Greece,87.403753,59.603468
2093,3,1,2025-09-10,Finland,Georgia,100.52795,63.054671
2093,4,1,2025-09-10,Germany,Slovenia,105.55003,93.384093
2094,1,1,2025-09-09,Poland,Turkey,78.344266,83.308721
2094,2,1,2025-09-09,Lithuania,Greece,87.091296,71.24208
2094,3,1,2025-09-10,Finland,Georgia,97.617355,81.010228
2094,4,1,2025-09-10,Germany,Slovenia,98.729939,89.065354
2095,1,1,2025-09-09,Poland,Turkey,75.180923,86.628659
2095,2,1,2025-09-09,Lithuania,Greece,75.311969,82.962596
2095,3,1,2025-09-10,Finland,Georgia,87.299071,67.533017
2095,4,1,2025-09-10,Germany,Slovenia,96.662841,89.119111
2096,1,1,2025-09-09,Poland,Turkey,72.514846,81.918019
2096,2,1,2025-09-09,Lithuania,Greece,93.112697,67.768235
2096,3,1,2025-09-10,Finland,Georgia,108.0606,79.51576
2096,4,1,2025-09-10,Germany,Slovenia,94.082029,100.80522
2097,1,1,2025-09-09,Poland,Turkey,71.249413,86.321922
2097,2,1,2025-09-09,Lithuania,Greece,57.885946,53.427125
2097,3,1,2025-09-10,Finland,Georgia,93.379663,74.250688
2097,4,1,2025-09-10,Germany,Slovenia,111.67211,89.523291
2098,1,1,2025-09-09,Poland,Turkey,84.033545,96.721411
2098,2,1,2025-09-09,Lithuania,Greece,84.458022,69.051234
2098,3,1,2025-09-10,Finland,Georgia,94.511926,94.025883
2098,4,1,2025-09-10,Germany,Slovenia,95.964147,71.845204
2099,1,1,2025-09-09,Poland,Turkey,82.177764,89.346716
2099,2,1,2025-09-09,Lithuania,Greece,83.936224,91.06401
2099,3,1,2025-09-10,Finland,Georgia,107.70873,78.583354
2099,4,1,2025-09-10,Germany,Slovenia,96.267304,85.363474
2100,1,1,2025-09-09,Poland,Turkey,86.454368,79.376174
2100,2,1,2025-09-09,Lithuania,Greece,87.661851,87.489514
2100,3,1,2025-09-10,Finland,Georgia,91.292609,81.96953
2100,4,1,2025-09-10,Germany,Slovenia,121.53706,99.586172
2101,1,1,2025-09-09,Poland,Turkey,70.589199,113.74755
2101,2,1,2025-09-09,Lithuania,Greece,81.375892,70.605539
2101,3,1,2025-09-10,Finland,Georgia,99.862325,78.778255
2101,4,1,2025-09-10,Germany,Slovenia,110.16781,94.463247
2102,1,1,2025-09-09,Poland,Turkey,85.477426,80.444624
2102,2,1,2025-09-09,Lithuania,Greece,69.715605,58.069924
2102,3,1,2025-09-10,Finland,Georgia,83.451618,107.81441
2102,4,1,2025-09-10,Germany,Slovenia,121.25201,79.345172
2103,1,1,2025-09-09,Poland,Turkey,81.232673,94.58805
2103,2,1,2025-09-09,Lithuania,Greece,103.8687,85.114211
2103,3,1,2025-09-10,Finland,Georgia,96.018207,65.515353
2103,4,1,2025-09-10,Germany,Slovenia,93.870099,78.3022
2104,1,1,2025-09-09,Poland,Turkey,78.778921,89.126721
2104,2,1,2025-09-09,Lithuania,Greece,84.103918,78.854015
2104,3,1,2025-09-10,Finland,Georgia,102.84326,67.380963
2104,4,1,2025-09-10,Germany,Slovenia,91.702366,74.68669
2105,1,1,2025-09-09,Poland,Turkey,79.577268,81.729327
2105,2,1,2025-09-09,Lithuania,Greece,77.034269,80.041188
2105,3,1,2025-09-10,Finland,Georgia,88.120047,98.530912
2105,4,1,2025-09-10,Germany,Slovenia,107.7641,103.05854
2106,1,1,2025-09-09,Poland,Turkey,76.06959,80.878006
2106,2,1,2025-09-09,Lithuania,Greece,64.724305,60.081495
2106,3,1,2025-09-10,Finland,Georgia,96.514147,84.938719
2106,4,1,2025-09-10,Germany,Slovenia,92.071892,96.12865
2107,1,1,2025-09-09,Poland,Turkey,65.514715,79.215723
2107,2,1,2025-09-09,Lithuania,Greece,98.564659,61.637194
2107,3,1,2025-09-10,Finland,Georgia,94.675027,86.021327
2107,4,1,2025-09-10,Germany,Slovenia,108.08785,92.196782
2108,1,1,2025-09-09,Poland,Turkey,87.513079,79.992643
2108,2,1,2025-09-09,Lithuania,Greece,78.850526,69.3147
2108,3,1,2025-09-10,Finland,Georgia,91.566692,72.666983
2108,4,1,2025-09-10,Germany,Slovenia,90.248786,74.999113
2109,1,1,2025-09-09,Poland,Turkey,65.69135,97.611425
2109,2,1,2025-09-09,Lithuania,Greece,90.039872,82.069584
2109,3,1,2025-09-10,Finland,Georgia,86.591118,77.382094
2109,4,1,2025-09-10,Germany,Slovenia,99.091212,71.720705
2110,1,1,2025-09-09,Poland,Turkey,83.991344,72.257548
2110,2,1,2025-09-09,Lithuania,Greece,87.897904,61.876341
2110,3,1,2025-09-10,Finland,Georgia,104.33523,80.809329
2110,4,1,2025-09-10,Germany,Slovenia,103.27244,80.92636
2111,1,1,2025-09-09,Poland,Turkey,78.454943,86.442395
2111,2,1,2025-09-09,Lithuania,Greece,69.18479,73.821532
2111,3,1,2025-09-10,Finland,Georgia,96.664266,66.282221
2111,4,1,2025-09-10,Germany,Slovenia,106.18619,111.83629
2112,1,1,2025-09-09,Poland,Turkey,68.367454,102.84587
2112,2,1,2025-09-09,Lithuania,Greece,101.65635,94.117462
2112,3,1,2025-09-10,Finland,Georgia,67.915775,97.683675
2112,4,1,2025-09-10,Germany,Slovenia,89.645207,59.832727
2113,1,1,2025-09-09,Poland,Turkey,82.752882,85.788433
2113,2,1,2025-09-09,Lithuania,Greece,71.819665,71.82689
2113,3,1,2025-09-10,Finland,Georgia,110.4125,81.54301
2113,4,1,2025-09-10,Germany,Slovenia,118.88966,109.08673
2114,1,1,2025-09-09,Poland,Turkey,72.626467,98.078562
2114,2,1,2025-09-09,Lithuania,Greece,77.825254,74.429874
2114,3,1,2025-09-10,Finland,Georgia,107.60968,70.346982
2114,4,1,2025-09-10,Germany,Slovenia,90.559927,85.150046
2115,1,1,2025-09-09,Poland,Turkey,83.029506,107.14648
2115,2,1,2025-09-09,Lithuania,Greece,93.937548,67.429728
2115,3,1,2025-09-10,Finland,Georgia,90.419597,83.044817
2115,4,1,2025-09-10,Germany,Slovenia,106.36829,77.168268
2116,1,1,2025-09-09,Poland,Turkey,69.070817,79.593169
2116,2,1,2025-09-09,Lithuania,Greece,83.334231,98.559351
2116,3,1,2025-09-10,Finland,Georgia,87.939224,88.370548
2116,4,1,2025-09-10,Germany,Slovenia,100.12007,89.83459
2117,1,1,2025-09-09,Poland,Turkey,72.286372,88.749088
2117,2,1,2025-09-09,Lithuania,Greece,84.752888,97.250689
2117,3,1,2025-09-10,Finland,Georgia,87.518309,70.020736
2117,4,1,2025-09-10,Germany,Slovenia,111.31921,80.117983
2118,1,1,2025-09-09,Poland,Turkey,71.57277,84.691965
2118,2,1,2025-09-09,Lithuania,Greece,84.622287,77.879029
2118,3,1,2025-09-10,Finland,Georgia,113.15909,67.064275
2118,4,1,2025-09-10,Germany,Slovenia,100.31211,92.48545
2119,1,1,2025-09-09,Poland,Turkey,74.437063,70.54829
2119,2,1,2025-09-09,Lithuania,Greece,74.733877,64.719357
2119,3,1,2025-09-10,Finland,Georgia,91.007653,81.446946
2119,4,1,2025-09-10,Germany,Slovenia,103.42244,84.032935
2120,1,1,2025-09-09,Poland,Turkey,62.972088,86.072688
2120,2,1,2025-09-09,Lithuania,Greece,84.785312,88.990031
2120,3,1,2025-09-10,Finland,Georgia,96.192914,74.495613
2120,4,1,2025-09-10,Germany,Slovenia,103.58914,89.182274
2121,1,1,2025-09-09,Poland,Turkey,83.98359,76.310082
2121,2,1,2025-09-09,Lithuania,Greece,96.758395,71.710227
2121,3,1,2025-09-10,Finland,Georgia,86.63026,55.714138
2121,4,1,2025-09-10,Germany,Slovenia,90.071082,88.092977
2122,1,1,2025-09-09,Poland,Turkey,95.376218,100.56034
2122,2,1,2025-09-09,Lithuania,Greece,92.325463,74.33942
2122,3,1,2025-09-10,Finland,Georgia,104.8894,70.892378
2122,4,1,2025-09-10,Germany,Slovenia,94.896757,67.109075
2123,1,1,2025-09-09,Poland,Turkey,79.757603,100.68356
2123,2,1,2025-09-09,Lithuania,Greece,69.846647,84.187297
2123,3,1,2025-09-10,Finland,Georgia,103.99772,77.073581
2123,4,1,2025-09-10,Germany,Slovenia,102.22604,88.390739
2124,1,1,2025-09-09,Poland,Turkey,80.758731,88.442525
2124,2,1,2025-09-09,Lithuania,Greece,76.438312,67.04878
2124,3,1,2025-09-10,Finland,Georgia,107.8201,76.664368
2124,4,1,2025-09-10,Germany,Slovenia,110.48893,89.520288
2125,1,1,2025-09-09,Poland,Turkey,73.541979,86.501776
2125,2,1,2025-09-09,Lithuania,Greece,83.637387,78.717642
2125,3,1,2025-09-10,Finland,Georgia,114.92212,71.721053
2125,4,1,2025-09-10,Germany,Slovenia,120.08527,104.52871
2126,1,1,2025-09-09,Poland,Turkey,51.754141,79.809054
2126,2,1,2025-09-09,Lithuania,Greece,110.42324,95.40409
2126,3,1,2025-09-10,Finland,Georgia,98.528183,72.425716
2126,4,1,2025-09-10,Germany,Slovenia,64.838205,79.027336
2127,1,1,2025-09-09,Poland,Turkey,62.283291,86.962678
2127,2,1,2025-09-09,Lithuania,Greece,89.761894,78.344693
2127,3,1,2025-09-10,Finland,Georgia,78.872521,79.256539
2127,4,1,2025-09-10,Germany,Slovenia,99.181129,81.483816
2128,1,1,2025-09-09,Poland,Turkey,76.28182,96.485444
2128,2,1,2025-09-09,Lithuania,Greece,84.032645,80.01383
2128,3,1,2025-09-10,Finland,Georgia,113.99786,74.210613
2128,4,1,2025-09-10,Germany,Slovenia,104.8952,95.853507
2129,1,1,2025-09-09,Poland,Turkey,80.682515,91.198675
2129,2,1,2025-09-09,Lithuania,Greece,73.812476,64.103734
2129,3,1,2025-09-10,Finland,Georgia,92.535286,73.396857
2129,4,1,2025-09-10,Germany,Slovenia,95.901595,83.704187
2130,1,1,2025-09-09,Poland,Turkey,81.770355,78.297181
2130,2,1,2025-09-09,Lithuania,Greece,81.758837,66.443237
2130,3,1,2025-09-10,Finland,Georgia,88.367576,84.101314
2130,4,1,2025-09-10,Germany,Slovenia,101.30279,90.305748
2131,1,1,2025-09-09,Poland,Turkey,82.049504,83.371174
2131,2,1,2025-09-09,Lithuania,Greece,83.22994,70.268989
2131,3,1,2025-09-10,Finland,Georgia,90.067361,70.980315
2131,4,1,2025-09-10,Germany,Slovenia,95.78632,63.413582
2132,1,1,2025-09-09,Poland,Turkey,62.34743,83.747451
2132,2,1,2025-09-09,Lithuania,Greece,84.914165,73.572481
2132,3,1,2025-09-10,Finland,Georgia,95.557751,61.968705
2132,4,1,2025-09-10,Germany,Slovenia,100.39604,82.821826
2133,1,1,2025-09-09,Poland,Turkey,92.17421,85.63059
2133,2,1,2025-09-09,Lithuania,Greece,105.11171,107.59313
2133,3,1,2025-09-10,Finland,Georgia,104.75245,88.745042
2133,4,1,2025-09-10,Germany,Slovenia,104.37771,75.675761
2134,1,1,2025-09-09,Poland,Turkey,75.636773,95.191555
2134,2,1,2025-09-09,Lithuania,Greece,74.791899,63.715573
2134,3,1,2025-09-10,Finland,Georgia,99.027793,71.437478
2134,4,1,2025-09-10,Germany,Slovenia,94.707816,60.416202
2135,1,1,2025-09-09,Poland,Turkey,96.053709,97.990777
2135,2,1,2025-09-09,Lithuania,Greece,77.334784,52.437454
2135,3,1,2025-09-10,Finland,Georgia,94.027992,94.613547
2135,4,1,2025-09-10,Germany,Slovenia,93.584127,80.439789
2136,1,1,2025-09-09,Poland,Turkey,56.206263,73.863533
2136,2,1,2025-09-09,Lithuania,Greece,102.30148,97.603131
2136,3,1,2025-09-10,Finland,Georgia,104.29146,83.072568
2136,4,1,2025-09-10,Germany,Slovenia,115.96399,85.876425
2137,1,1,2025-09-09,Poland,Turkey,53.604138,80.700082
2137,2,1,2025-09-09,Lithuania,Greece,85.734225,83.483232
2137,3,1,2025-09-10,Finland,Georgia,103.9519,89.051529
2137,4,1,2025-09-10,Germany,Slovenia,116.35563,101.65051
2138,1,1,2025-09-09,Poland,Turkey,83.326222,76.83189
2138,2,1,2025-09-09,Lithuania,Greece,124.30801,101.35774
2138,3,1,2025-09-10,Finland,Georgia,90.277084,63.696669
2138,4,1,2025-09-10,Germany,Slovenia,94.478968,81.738874
2139,1,1,2025-09-09,Poland,Turkey,63.022797,83.969226
2139,2,1,2025-09-09,Lithuania,Greece,105.77495,59.080774
2139,3,1,2025-09-10,Finland,Georgia,86.656391,84.937829
2139,4,1,2025-09-10,Germany,Slovenia,109.81018,90.595004
2140,1,1,2025-09-09,Poland,Turkey,65.277698,85.98653
2140,2,1,2025-09-09,Lithuania,Greece,79.107318,74.289665
2140,3,1,2025-09-10,Finland,Georgia,99.063679,64.0637
2140,4,1,2025-09-10,Germany,Slovenia,115.1394,93.646898
2141,1,1,2025-09-09,Poland,Turkey,85.330422,82.509305
2141,2,1,2025-09-09,Lithuania,Greece,76.522577,49.553223
2141,3,1,2025-09-10,Finland,Georgia,88.55077,80.12469
2141,4,1,2025-09-10,Germany,Slovenia,116.52199,100.78896
2142,1,1,2025-09-09,Poland,Turkey,66.118609,111.60457
2142,2,1,2025-09-09,Lithuania,Greece,92.521597,64.458395
2142,3,1,2025-09-10,Finland,Georgia,99.230583,62.022461
2142,4,1,2025-09-10,Germany,Slovenia,90.557739,97.50865
2143,1,1,2025-09-09,Poland,Turkey,80.707287,78.907597
2143,2,1,2025-09-09,Lithuania,Greece,75.118268,82.728425
2143,3,1,2025-09-10,Finland,Georgia,97.088179,73.752904
2143,4,1,2025-09-10,Germany,Slovenia,98.548206,86.917095
2144,1,1,2025-09-09,Poland,Turkey,75.299444,62.445296
2144,2,1,2025-09-09,Lithuania,Greece,68.654672,64.773137
2144,3,1,2025-09-10,Finland,Georgia,82.495363,87.535671
2144,4,1,2025-09-10,Germany,Slovenia,93.337472,94.347713
2145,1,1,2025-09-09,Poland,Turkey,86.286308,81.87455
2145,2,1,2025-09-09,Lithuania,Greece,89.230754,71.997932
2145,3,1,2025-09-10,Finland,Georgia,96.090148,76.467492
2145,4,1,2025-09-10,Germany,Slovenia,96.692636,89.870131
2146,1,1,2025-09-09,Poland,Turkey,85.950834,79.31569
2146,2,1,2025-09-09,Lithuania,Greece,95.558262,81.464484
2146,3,1,2025-09-10,Finland,Georgia,88.505292,68.548545
2146,4,1,2025-09-10,Germany,Slovenia,113.30675,99.699221
2147,1,1,2025-09-09,Poland,Turkey,94.042043,92.564955
2147,2,1,2025-09-09,Lithuania,Greece,105.96616,74.957915
2147,3,1,2025-09-10,Finland,Georgia,104.40186,51.741827
2147,4,1,2025-09-10,Germany,Slovenia,99.277841,90.83944
2148,1,1,2025-09-09,Poland,Turkey,93.167444,92.174569
2148,2,1,2025-09-09,Lithuania,Greece,83.534045,64.068238
2148,3,1,2025-09-10,Finland,Georgia,80.402074,80.091827
2148,4,1,2025-09-10,Germany,Slovenia,88.422718,70.565185
2149,1,1,2025-09-09,Poland,Turkey,75.623832,88.778549
2149,2,1,2025-09-09,Lithuania,Greece,86.682879,79.079536
2149,3,1,2025-09-10,Finland,Georgia,94.81668,96.149429
2149,4,1,2025-09-10,Germany,Slovenia,100.56545,97.471267
2150,1,1,2025-09-09,Poland,Turkey,73.041226,83.331499
2150,2,1,2025-09-09,Lithuania,Greece,85.141067,82.857199
2150,3,1,2025-09-10,Finland,Georgia,99.15283,90.274954
2150,4,1,2025-09-10,Germany,Slovenia,105.85398,90.711186
2151,1,1,2025-09-09,Poland,Turkey,70.473902,83.918551
2151,2,1,2025-09-09,Lithuania,Greece,94.510109,77.418512
2151,3,1,2025-09-10,Finland,Georgia,105.16161,54.886454
2151,4,1,2025-09-10,Germany,Slovenia,94.282085,80.914433
2152,1,1,2025-09-09,Poland,Turkey,79.248726,97.087133
2152,2,1,2025-09-09,Lithuania,Greece,71.968732,65.290771
2152,3,1,2025-09-10,Finland,Georgia,98.587661,60.306176
2152,4,1,2025-09-10,Germany,Slovenia,111.76155,90.766995
2153,1,1,2025-09-09,Poland,Turkey,81.023272,88.079397
2153,2,1,2025-09-09,Lithuania,Greece,104.15408,74.22893
2153,3,1,2025-09-10,Finland,Georgia,101.88583,60.328912
2153,4,1,2025-09-10,Germany,Slovenia,94.738564,103.77579
2154,1,1,2025-09-09,Poland,Turkey,76.82865,102.39254
2154,2,1,2025-09-09,Lithuania,Greece,87.540382,74.673199
2154,3,1,2025-09-10,Finland,Georgia,81.899222,68.086363
2154,4,1,2025-09-10,Germany,Slovenia,86.682719,107.23864
2155,1,1,2025-09-09,Poland,Turkey,77.293777,96.291224
2155,2,1,2025-09-09,Lithuania,Greece,85.126405,84.834291
2155,3,1,2025-09-10,Finland,Georgia,107.31641,80.050128
2155,4,1,2025-09-10,Germany,Slovenia,89.57228,75.053101
2156,1,1,2025-09-09,Poland,Turkey,81.214965,71.681201
2156,2,1,2025-09-09,Lithuania,Greece,77.439497,68.128212
2156,3,1,2025-09-10,Finland,Georgia,98.670968,73.675542
2156,4,1,2025-09-10,Germany,Slovenia,89.111746,83.625756
2157,1,1,2025-09-09,Poland,Turkey,103.37636,95.036377
2157,2,1,2025-09-09,Lithuania,Greece,94.190336,74.511143
2157,3,1,2025-09-10,Finland,Georgia,104.8168,83.450044
2157,4,1,2025-09-10,Germany,Slovenia,91.718414,73.938307
2158,1,1,2025-09-09,Poland,Turkey,58.777607,102.69993
2158,2,1,2025-09-09,Lithuania,Greece,82.172648,60.727146
2158,3,1,2025-09-10,Finland,Georgia,103.56771,80.296513
2158,4,1,2025-09-10,Germany,Slovenia,115.86562,96.505313
2159,1,1,2025-09-09,Poland,Turkey,76.123182,78.540966
2159,2,1,2025-09-09,Lithuania,Greece,93.46829,82.617839
2159,3,1,2025-09-10,Finland,Georgia,113.09985,73.642692
2159,4,1,2025-09-10,Germany,Slovenia,106.46495,88.938108
2160,1,1,2025-09-09,Poland,Turkey,82.037867,87.135213
2160,2,1,2025-09-09,Lithuania,Greece,81.034316,77.374475
2160,3,1,2025-09-10,Finland,Georgia,111.4916,57.196415
2160,4,1,2025-09-10,Germany,Slovenia,101.61418,83.115589
2161,1,1,2025-09-09,Poland,Turkey,76.913913,88.089015
2161,2,1,2025-09-09,Lithuania,Greece,85.645548,66.215728
2161,3,1,2025-09-10,Finland,Georgia,76.386971,66.121862
2161,4,1,2025-09-10,Germany,Slovenia,104.47459,88.45885
2162,1,1,2025-09-09,Poland,Turkey,77.570001,86.105025
2162,2,1,2025-09-09,Lithuania,Greece,78.995521,78.000382
2162,3,1,2025-09-10,Finland,Georgia,91.068477,84.646701
2162,4,1,2025-09-10,Germany,Slovenia,103.49646,73.472428
2163,1,1,2025-09-09,Poland,Turkey,87.658815,90.989291
2163,2,1,2025-09-09,Lithuania,Greece,72.533108,76.508
2163,3,1,2025-09-10,Finland,Georgia,100.11907,67.288229
2163,4,1,2025-09-10,Germany,Slovenia,96.931644,79.300932
2164,1,1,2025-09-09,Poland,Turkey,99.925198,90.891382
2164,2,1,2025-09-09,Lithuania,Greece,90.351182,87.725507
2164,3,1,2025-09-10,Finland,Georgia,71.937124,92.328339
2164,4,1,2025-09-10,Germany,Slovenia,109.31489,87.399187
2165,1,1,2025-09-09,Poland,Turkey,73.522047,83.879006
2165,2,1,2025-09-09,Lithuania,Greece,78.711984,52.539798
2165,3,1,2025-09-10,Finland,Georgia,101.19433,80.094231
2165,4,1,2025-09-10,Germany,Slovenia,103.99175,88.558837
2166,1,1,2025-09-09,Poland,Turkey,87.055948,110.1082
2166,2,1,2025-09-09,Lithuania,Greece,96.867272,85.573062
2166,3,1,2025-09-10,Finland,Georgia,98.202213,68.037423
2166,4,1,2025-09-10,Germany,Slovenia,106.51776,74.475162
2167,1,1,2025-09-09,Poland,Turkey,86.157527,91.491398
2167,2,1,2025-09-09,Lithuania,Greece,70.439256,74.617409
2167,3,1,2025-09-10,Finland,Georgia,83.928122,78.11239
2167,4,1,2025-09-10,Germany,Slovenia,102.10321,80.50758
2168,1,1,2025-09-09,Poland,Turkey,72.897867,63.011196
2168,2,1,2025-09-09,Lithuania,Greece,90.70845,95.94716
2168,3,1,2025-09-10,Finland,Georgia,100.70153,67.560503
2168,4,1,2025-09-10,Germany,Slovenia,124.34546,100.86546
2169,1,1,2025-09-09,Poland,Turkey,97.336042,89.877277
2169,2,1,2025-09-09,Lithuania,Greece,89.08194,87.508428
2169,3,1,2025-09-10,Finland,Georgia,104.52673,69.953424
2169,4,1,2025-09-10,Germany,Slovenia,107.21343,81.3436
2170,1,1,2025-09-09,Poland,Turkey,56.145825,83.697398
2170,2,1,2025-09-09,Lithuania,Greece,83.141573,76.476516
2170,3,1,2025-09-10,Finland,Georgia,72.413954,73.467766
2170,4,1,2025-09-10,Germany,Slovenia,84.688797,72.845058
2171,1,1,2025-09-09,Poland,Turkey,84.854364,105.74417
2171,2,1,2025-09-09,Lithuania,Greece,107.99193,106.36506
2171,3,1,2025-09-10,Finland,Georgia,101.87765,77.866826
2171,4,1,2025-09-10,Germany,Slovenia,83.24221,80.161924
2172,1,1,2025-09-09,Poland,Turkey,89.468099,88.777257
2172,2,1,2025-09-09,Lithuania,Greece,90.713784,78.074327
2172,3,1,2025-09-10,Finland,Georgia,87.914912,63.200297
2172,4,1,2025-09-10,Germany,Slovenia,90.126423,92.431552
2173,1,1,2025-09-09,Poland,Turkey,78.423634,87.739896
2173,2,1,2025-09-09,Lithuania,Greece,100.57349,61.513221
2173,3,1,2025-09-10,Finland,Georgia,77.400145,81.452439
2173,4,1,2025-09-10,Germany,Slovenia,100.59892,81.144278
2174,1,1,2025-09-09,Poland,Turkey,82.248348,109.64775
2174,2,1,2025-09-09,Lithuania,Greece,103.13511,82.865298
2174,3,1,2025-09-10,Finland,Georgia,91.052025,68.25336
2174,4,1,2025-09-10,Germany,Slovenia,112.38945,83.001961
2175,1,1,2025-09-09,Poland,Turkey,79.209523,77.850121
2175,2,1,2025-09-09,Lithuania,Greece,85.821749,78.132401
2175,3,1,2025-09-10,Finland,Georgia,88.347763,85.585789
2175,4,1,2025-09-10,Germany,Slovenia,89.578859,94.965667
2176,1,1,2025-09-09,Poland,Turkey,74.403277,94.459013
2176,2,1,2025-09-09,Lithuania,Greece,90.888381,69.657508000000007
2176,3,1,2025-09-10,Finland,Georgia,81.432542,68.469089
2176,4,1,2025-09-10,Germany,Slovenia,100.85484,84.033012
2177,1,1,2025-09-09,Poland,Turkey,86.373691,103.6148
2177,2,1,2025-09-09,Lithuania,Greece,83.622306,76.278835
2177,3,1,2025-09-10,Finland,Georgia,96.238093,70.670056
2177,4,1,2025-09-10,Germany,Slovenia,116.99065,75.643074
2178,1,1,2025-09-09,Poland,Turkey,66.619802,87.13155
2178,2,1,2025-09-09,Lithuania,Greece,79.140363,81.829772
2178,3,1,2025-09-10,Finland,Georgia,111.43853,83.86791
2178,4,1,2025-09-10,Germany,Slovenia,91.696941,82.051933
2179,1,1,2025-09-09,Poland,Turkey,82.025217,105.75455
2179,2,1,2025-09-09,Lithuania,Greece,83.596268,84.945827
2179,3,1,2025-09-10,Finland,Georgia,96.516513,86.497765
2179,4,1,2025-09-10,Germany,Slovenia,116.05127,80.157588
2180,1,1,2025-09-09,Poland,Turkey,70.021231,76.803371
2180,2,1,2025-09-09,Lithuania,Greece,80.888486,51.464088
2180,3,1,2025-09-10,Finland,Georgia,94.101496,56.823148
2180,4,1,2025-09-10,Germany,Slovenia,102.32753,87.587477
2181,1,1,2025-09-09,Poland,Turkey,75.917469,88.173675
2181,2,1,2025-09-09,Lithuania,Greece,91.202881,78.236491
2181,3,1,2025-09-10,Finland,Georgia,85.473091,83.02186
2181,4,1,2025-09-10,Germany,Slovenia,110.20508,67.555981
2182,1,1,2025-09-09,Poland,Turkey,90.03891,87.906711
2182,2,1,2025-09-09,Lithuania,Greece,78.383359,71.913668
2182,3,1,2025-09-10,Finland,Georgia,92.643038,84.712745
2182,4,1,2025-09-10,Germany,Slovenia,107.95174,90.42575
2183,1,1,2025-09-09,Poland,Turkey,66.917212,72.187947
2183,2,1,2025-09-09,Lithuania,Greece,63.702154,73.312615
2183,3,1,2025-09-10,Finland,Georgia,87.445789,62.316178
2183,4,1,2025-09-10,Germany,Slovenia,87.503156,85.402232
2184,1,1,2025-09-09,Poland,Turkey,73.407823,85.611552
2184,2,1,2025-09-09,Lithuania,Greece,92.395144,79.307399
2184,3,1,2025-09-10,Finland,Georgia,104.39399,92.75427
2184,4,1,2025-09-10,Germany,Slovenia,119.01869,83.143668
2185,1,1,2025-09-09,Poland,Turkey,79.417681,94.562287
2185,2,1,2025-09-09,Lithuania,Greece,81.941103,67.896445
2185,3,1,2025-09-10,Finland,Georgia,102.94403,95.487837
2185,4,1,2025-09-10,Germany,Slovenia,102.85808,95.933531
2186,1,1,2025-09-09,Poland,Turkey,72.601288,97.730934
2186,2,1,2025-09-09,Lithuania,Greece,102.97936,85.791829
2186,3,1,2025-09-10,Finland,Georgia,99.738696,64.538209
2186,4,1,2025-09-10,Germany,Slovenia,109.12761,101.51348
2187,1,1,2025-09-09,Poland,Turkey,98.275877,100.56246
2187,2,1,2025-09-09,Lithuania,Greece,99.982908,90.611172
2187,3,1,2025-09-10,Finland,Georgia,60.061955,47.918478
2187,4,1,2025-09-10,Germany,Slovenia,123.71498,89.377618
2188,1,1,2025-09-09,Poland,Turkey,81.879131,88.015266
2188,2,1,2025-09-09,Lithuania,Greece,79.942052,86.338154
2188,3,1,2025-09-10,Finland,Georgia,95.633006,53.885994
2188,4,1,2025-09-10,Germany,Slovenia,103.57875,106.09449
2189,1,1,2025-09-09,Poland,Turkey,69.879399,101.11766
2189,2,1,2025-09-09,Lithuania,Greece,70.982734,83.551469
2189,3,1,2025-09-10,Finland,Georgia,103.91381,73.729755
2189,4,1,2025-09-10,Germany,Slovenia,89.209569,74.948589
2190,1,1,2025-09-09,Poland,Turkey,83.485497,99.236724
2190,2,1,2025-09-09,Lithuania,Greece,89.671861,83.60516
2190,3,1,2025-09-10,Finland,Georgia,79.918004,68.516266
2190,4,1,2025-09-10,Germany,Slovenia,101.77656,80.301274
2191,1,1,2025-09-09,Poland,Turkey,62.11523,103.49045
2191,2,1,2025-09-09,Lithuania,Greece,67.465346,72.460162
2191,3,1,2025-09-10,Finland,Georgia,91.473012,80.593348
2191,4,1,2025-09-10,Germany,Slovenia,107.35328,88.848445
2192,1,1,2025-09-09,Poland,Turkey,61.301627,68.086448
2192,2,1,2025-09-09,Lithuania,Greece,82.098829,76.612641
2192,3,1,2025-09-10,Finland,Georgia,96.799208,79.393991
2192,4,1,2025-09-10,Germany,Slovenia,93.762159,78.527002
2193,1,1,2025-09-09,Poland,Turkey,45.868147,73.489577
2193,2,1,2025-09-09,Lithuania,Greece,73.85861,58.31231
2193,3,1,2025-09-10,Finland,Georgia,107.74809,72.94556
2193,4,1,2025-09-10,Germany,Slovenia,88.820709,98.947847
2194,1,1,2025-09-09,Poland,Turkey,82.216761,87.173806
2194,2,1,2025-09-09,Lithuania,Greece,77.324123,71.347267
2194,3,1,2025-09-10,Finland,Georgia,94.516877,75.857958
2194,4,1,2025-09-10,Germany,Slovenia,98.664176,76.296315
2195,1,1,2025-09-09,Poland,Turkey,70.958381,89.010054
2195,2,1,2025-09-09,Lithuania,Greece,89.018051,65.803186
2195,3,1,2025-09-10,Finland,Georgia,98.06201,95.552879
2195,4,1,2025-09-10,Germany,Slovenia,101.41948,84.456397
2196,1,1,2025-09-09,Poland,Turkey,72.172398,65.732016
2196,2,1,2025-09-09,Lithuania,Greece,82.176423,80.501617
2196,3,1,2025-09-10,Finland,Georgia,97.972736,102.65915
2196,4,1,2025-09-10,Germany,Slovenia,96.828433,77.292046
2197,1,1,2025-09-09,Poland,Turkey,81.852639,90.555833
2197,2,1,2025-09-09,Lithuania,Greece,82.430176,63.667026
2197,3,1,2025-09-10,Finland,Georgia,94.734408,81.190454
2197,4,1,2025-09-10,Germany,Slovenia,109.53942,78.982265
2198,1,1,2025-09-09,Poland,Turkey,95.537618,70.381656
2198,2,1,2025-09-09,Lithuania,Greece,91.394864,61.903498
2198,3,1,2025-09-10,Finland,Georgia,78.202097,74.19128
2198,4,1,2025-09-10,Germany,Slovenia,108.89051,72.09929
2199,1,1,2025-09-09,Poland,Turkey,65.546649,86.678761
2199,2,1,2025-09-09,Lithuania,Greece,92.448699,77.315851
2199,3,1,2025-09-10,Finland,Georgia,108.90697,91.444574
2199,4,1,2025-09-10,Germany,Slovenia,108.35337,87.252835
2200,1,1,2025-09-09,Poland,Turkey,66.570135,85.50417
2200,2,1,2025-09-09,Lithuania,Greece,102.67935,71.614401
2200,3,1,2025-09-10,Finland,Georgia,93.160214,71.080317
2200,4,1,2025-09-10,Germany,Slovenia,106.40684,85.402912
2201,1,1,2025-09-09,Poland,Turkey,80.444321,95.032747
2201,2,1,2025-09-09,Lithuania,Greece,94.322681,69.398852
2201,3,1,2025-09-10,Finland,Georgia,92.778044,75.651951
2201,4,1,2025-09-10,Germany,Slovenia,112.54198,90.056598
2202,1,1,2025-09-09,Poland,Turkey,70.326915,92.69724
2202,2,1,2025-09-09,Lithuania,Greece,70.177165,60.311102
2202,3,1,2025-09-10,Finland,Georgia,91.22806,77.649412
2202,4,1,2025-09-10,Germany,Slovenia,91.534505,74.26647
2203,1,1,2025-09-09,Poland,Turkey,85.749245,87.535625
2203,2,1,2025-09-09,Lithuania,Greece,82.33341,59.56051
2203,3,1,2025-09-10,Finland,Georgia,107.99001,83.81942
2203,4,1,2025-09-10,Germany,Slovenia,97.484693,73.256724
2204,1,1,2025-09-09,Poland,Turkey,64.892499,78.02166
2204,2,1,2025-09-09,Lithuania,Greece,111.70959,81.68281
2204,3,1,2025-09-10,Finland,Georgia,106.06046,51.090917
2204,4,1,2025-09-10,Germany,Slovenia,110.16218,103.08273
2205,1,1,2025-09-09,Poland,Turkey,96.813206,78.346806
2205,2,1,2025-09-09,Lithuania,Greece,89.964994,53.851123
2205,3,1,2025-09-10,Finland,Georgia,97.635672,66.293917
2205,4,1,2025-09-10,Germany,Slovenia,86.046554,69.617659
2206,1,1,2025-09-09,Poland,Turkey,82.237901,95.905896
2206,2,1,2025-09-09,Lithuania,Greece,90.728649,76.394617
2206,3,1,2025-09-10,Finland,Georgia,105.38884,69.891104
2206,4,1,2025-09-10,Germany,Slovenia,111.06515,76.430471
2207,1,1,2025-09-09,Poland,Turkey,80.202677,95.544667
2207,2,1,2025-09-09,Lithuania,Greece,89.256135,64.527793
2207,3,1,2025-09-10,Finland,Georgia,98.07314,66.715854
2207,4,1,2025-09-10,Germany,Slovenia,98.272742,111.33685
2208,1,1,2025-09-09,Poland,Turkey,50.903827,100.48065
2208,2,1,2025-09-09,Lithuania,Greece,81.313856,83.096514
2208,3,1,2025-09-10,Finland,Georgia,106.32584,29.678045
2208,4,1,2025-09-10,Germany,Slovenia,114.44347,104.8461
2209,1,1,2025-09-09,Poland,Turkey,87.576137,85.385368
2209,2,1,2025-09-09,Lithuania,Greece,130.85632,102.7295
2209,3,1,2025-09-10,Finland,Georgia,74.673551,70.590511
2209,4,1,2025-09-10,Germany,Slovenia,99.074307,77.675132
2210,1,1,2025-09-09,Poland,Turkey,74.230342,91.783625
2210,2,1,2025-09-09,Lithuania,Greece,98.305595,79.190281
2210,3,1,2025-09-10,Finland,Georgia,92.455863,73.900581
2210,4,1,2025-09-10,Germany,Slovenia,74.985007,88.425999
2211,1,1,2025-09-09,Poland,Turkey,77.542602,91.881519
2211,2,1,2025-09-09,Lithuania,Greece,71.589463,70.442232
2211,3,1,2025-09-10,Finland,Georgia,89.347245,82.703691
2211,4,1,2025-09-10,Germany,Slovenia,97.391345,74.696383
2212,1,1,2025-09-09,Poland,Turkey,81.822395,69.499283
2212,2,1,2025-09-09,Lithuania,Greece,84.422005,77.226207
2212,3,1,2025-09-10,Finland,Georgia,84.457867,82.195607
2212,4,1,2025-09-10,Germany,Slovenia,89.299133,96.699635
2213,1,1,2025-09-09,Poland,Turkey,70.99162,91.964578
2213,2,1,2025-09-09,Lithuania,Greece,86.55537,79.941546
2213,3,1,2025-09-10,Finland,Georgia,90.257025,64.791932
2213,4,1,2025-09-10,Germany,Slovenia,101.76391,87.642301
2214,1,1,2025-09-09,Poland,Turkey,82.255989,99.492274
2214,2,1,2025-09-09,Lithuania,Greece,117.24471,70.780429
2214,3,1,2025-09-10,Finland,Georgia,84.334035,80.576944
2214,4,1,2025-09-10,Germany,Slovenia,93.783787,77.572896
2215,1,1,2025-09-09,Poland,Turkey,74.990361,87.100564
2215,2,1,2025-09-09,Lithuania,Greece,71.59466,57.059968
2215,3,1,2025-09-10,Finland,Georgia,88.764315,80.921586
2215,4,1,2025-09-10,Germany,Slovenia,106.87884,87.959752
2216,1,1,2025-09-09,Poland,Turkey,84.12579,78.699844
2216,2,1,2025-09-09,Lithuania,Greece,74.882838,73.663467
2216,3,1,2025-09-10,Finland,Georgia,89.852956,91.648007
2216,4,1,2025-09-10,Germany,Slovenia,108.07441,99.67383
2217,1,1,2025-09-09,Poland,Turkey,69.294377,73.182572
2217,2,1,2025-09-09,Lithuania,Greece,81.485954,71.650919
2217,3,1,2025-09-10,Finland,Georgia,105.23146,73.130234
2217,4,1,2025-09-10,Germany,Slovenia,84.585641,104.71265
2218,1,1,2025-09-09,Poland,Turkey,72.890409,86.540718
2218,2,1,2025-09-09,Lithuania,Greece,76.40826,68.958681
2218,3,1,2025-09-10,Finland,Georgia,78.339879,86.060751
2218,4,1,2025-09-10,Germany,Slovenia,108.6083,92.035852
2219,1,1,2025-09-09,Poland,Turkey,62.372651,84.570081
2219,2,1,2025-09-09,Lithuania,Greece,86.132618,68.169483
2219,3,1,2025-09-10,Finland,Georgia,93.063033,75.964183
2219,4,1,2025-09-10,Germany,Slovenia,134.65906,100.56925
2220,1,1,2025-09-09,Poland,Turkey,61.105214,83.127653
2220,2,1,2025-09-09,Lithuania,Greece,89.84531,61.682077
2220,3,1,2025-09-10,Finland,Georgia,77.722084,56.260876
2220,4,1,2025-09-10,Germany,Slovenia,88.703591,85.253258
2221,1,1,2025-09-09,Poland,Turkey,73.867617,89.470903
2221,2,1,2025-09-09,Lithuania,Greece,80.680139,65.270455
2221,3,1,2025-09-10,Finland,Georgia,68.5394,75.719507
2221,4,1,2025-09-10,Germany,Slovenia,89.929086,88.143455
2222,1,1,2025-09-09,Poland,Turkey,107.53384,99.365656
2222,2,1,2025-09-09,Lithuania,Greece,93.97627,87.625753
2222,3,1,2025-09-10,Finland,Georgia,111.43928,65.274562
2222,4,1,2025-09-10,Germany,Slovenia,114.8685,105.78599
2223,1,1,2025-09-09,Poland,Turkey,93.602102,87.591681
2223,2,1,2025-09-09,Lithuania,Greece,102.86082,74.329155
2223,3,1,2025-09-10,Finland,Georgia,92.928829,93.5928
2223,4,1,2025-09-10,Germany,Slovenia,111.87884,88.225917
2224,1,1,2025-09-09,Poland,Turkey,95.233302,102.55609
2224,2,1,2025-09-09,Lithuania,Greece,72.556405,56.542977
2224,3,1,2025-09-10,Finland,Georgia,95.759432,71.482241
2224,4,1,2025-09-10,Germany,Slovenia,92.340753,76.616782
2225,1,1,2025-09-09,Poland,Turkey,64.053247,94.827407
2225,2,1,2025-09-09,Lithuania,Greece,90.31256,84.817597
2225,3,1,2025-09-10,Finland,Georgia,99.115234,58.925434
2225,4,1,2025-09-10,Germany,Slovenia,105.23895,85.725973
2226,1,1,2025-09-09,Poland,Turkey,73.473989,79.869271
2226,2,1,2025-09-09,Lithuania,Greece,81.247295,75.435192
2226,3,1,2025-09-10,Finland,Georgia,90.662633,74.156246
2226,4,1,2025-09-10,Germany,Slovenia,86.901735,89.185686
2227,1,1,2025-09-09,Poland,Turkey,78.487691,74.364113
2227,2,1,2025-09-09,Lithuania,Greece,112.08143,88.04038
2227,3,1,2025-09-10,Finland,Georgia,97.730445,78.006507
2227,4,1,2025-09-10,Germany,Slovenia,116.44114,98.043501
2228,1,1,2025-09-09,Poland,Turkey,80.972775,77.578001
2228,2,1,2025-09-09,Lithuania,Greece,82.424619,67.998295
2228,3,1,2025-09-10,Finland,Georgia,83.331736,82.108362
2228,4,1,2025-09-10,Germany,Slovenia,100.40355,97.880761
2229,1,1,2025-09-09,Poland,Turkey,88.781049,84.866152
2229,2,1,2025-09-09,Lithuania,Greece,82.522749,71.069573
2229,3,1,2025-09-10,Finland,Georgia,86.904997,76.24472
2229,4,1,2025-09-10,Germany,Slovenia,87.094619,70.242651
2230,1,1,2025-09-09,Poland,Turkey,61.875771,75.472925
2230,2,1,2025-09-09,Lithuania,Greece,113.87973,87.217605
2230,3,1,2025-09-10,Finland,Georgia,103.19404,68.378026
2230,4,1,2025-09-10,Germany,Slovenia,85.250211,110.04448
2231,1,1,2025-09-09,Poland,Turkey,72.766322,81.992313
2231,2,1,2025-09-09,Lithuania,Greece,69.36806,81.08693
2231,3,1,2025-09-10,Finland,Georgia,76.185614,75.124218
2231,4,1,2025-09-10,Germany,Slovenia,91.652372,84.619692
2232,1,1,2025-09-09,Poland,Turkey,75.202883,90.027342
2232,2,1,2025-09-09,Lithuania,Greece,100.36296,67.620726
2232,3,1,2025-09-10,Finland,Georgia,70.890972,77.184658
2232,4,1,2025-09-10,Germany,Slovenia,100.8903,87.570997
2233,1,1,2025-09-09,Poland,Turkey,70.166208,83.977142
2233,2,1,2025-09-09,Lithuania,Greece,76.430783,87.391136
2233,3,1,2025-09-10,Finland,Georgia,96.242989,65.166469
2233,4,1,2025-09-10,Germany,Slovenia,109.09027,84.028326
2234,1,1,2025-09-09,Poland,Turkey,93.55501,80.062259
2234,2,1,2025-09-09,Lithuania,Greece,82.80938,83.762264
2234,3,1,2025-09-10,Finland,Georgia,96.612648,73.006815
2234,4,1,2025-09-10,Germany,Slovenia,99.678928,89.320807
2235,1,1,2025-09-09,Poland,Turkey,74.465687,98.104508
2235,2,1,2025-09-09,Lithuania,Greece,80.604252,76.200894
2235,3,1,2025-09-10,Finland,Georgia,71.717253,62.088507
2235,4,1,2025-09-10,Germany,Slovenia,106.21148,86.845951
2236,1,1,2025-09-09,Poland,Turkey,87.371752,91.173836
2236,2,1,2025-09-09,Lithuania,Greece,97.093895,76.803299
2236,3,1,2025-09-10,Finland,Georgia,91.697839,58.4144
2236,4,1,2025-09-10,Germany,Slovenia,128.5644,98.197746
2237,1,1,2025-09-09,Poland,Turkey,67.526041,85.247083
2237,2,1,2025-09-09,Lithuania,Greece,79.939746,57.534253
2237,3,1,2025-09-10,Finland,Georgia,96.270586,70.993642
2237,4,1,2025-09-10,Germany,Slovenia,87.934368,76.669875
2238,1,1,2025-09-09,Poland,Turkey,80.574069,80.678519
2238,2,1,2025-09-09,Lithuania,Greece,77.984037,72.564586
2238,3,1,2025-09-10,Finland,Georgia,92.5535,63.144952
2238,4,1,2025-09-10,Germany,Slovenia,116.19332,80.53469
2239,1,1,2025-09-09,Poland,Turkey,62.112094,106.58403
2239,2,1,2025-09-09,Lithuania,Greece,65.880698,61.96346
2239,3,1,2025-09-10,Finland,Georgia,65.525273,80.575974
2239,4,1,2025-09-10,Germany,Slovenia,118.05396,85.651125
2240,1,1,2025-09-09,Poland,Turkey,89.769118,103.79524
2240,2,1,2025-09-09,Lithuania,Greece,94.204091,81.742624
2240,3,1,2025-09-10,Finland,Georgia,82.037009,69.670912
2240,4,1,2025-09-10,Germany,Slovenia,96.477695,96.529566
2241,1,1,2025-09-09,Poland,Turkey,69.230796,77.885843
2241,2,1,2025-09-09,Lithuania,Greece,81.470791,70.261185
2241,3,1,2025-09-10,Finland,Georgia,97.977102,99.01472
2241,4,1,2025-09-10,Germany,Slovenia,94.717261,94.020938
2242,1,1,2025-09-09,Poland,Turkey,84.109755,101.87373
2242,2,1,2025-09-09,Lithuania,Greece,84.451162,82.806991
2242,3,1,2025-09-10,Finland,Georgia,83.077902,72.164669
2242,4,1,2025-09-10,Germany,Slovenia,100.27639,77.160851
2243,1,1,2025-09-09,Poland,Turkey,83.036423,100.17119
2243,2,1,2025-09-09,Lithuania,Greece,59.460459,81.793626
2243,3,1,2025-09-10,Finland,Georgia,99.525249,68.955665
2243,4,1,2025-09-10,Germany,Slovenia,114.46493,97.24553
2244,1,1,2025-09-09,Poland,Turkey,69.354046,105.40737
2244,2,1,2025-09-09,Lithuania,Greece,91.706198,109.24265
2244,3,1,2025-09-10,Finland,Georgia,86.504371,72.008106
2244,4,1,2025-09-10,Germany,Slovenia,104.39678,81.360029
2245,1,1,2025-09-09,Poland,Turkey,73.065408,89.384337
2245,2,1,2025-09-09,Lithuania,Greece,82.118262,79.616398
2245,3,1,2025-09-10,Finland,Georgia,90.293591,71.580252
2245,4,1,2025-09-10,Germany,Slovenia,108.81858,78.443553
2246,1,1,2025-09-09,Poland,Turkey,94.711365,96.561997
2246,2,1,2025-09-09,Lithuania,Greece,72.722497,76.290259
2246,3,1,2025-09-10,Finland,Georgia,85.161219,66.952422
2246,4,1,2025-09-10,Germany,Slovenia,105.38172,86.203521
2247,1,1,2025-09-09,Poland,Turkey,79.953882,93.582358
2247,2,1,2025-09-09,Lithuania,Greece,72.639009,72.557675
2247,3,1,2025-09-10,Finland,Georgia,95.967881,71.685354
2247,4,1,2025-09-10,Germany,Slovenia,109.13945,73.990341
2248,1,1,2025-09-09,Poland,Turkey,73.399605,77.355701
2248,2,1,2025-09-09,Lithuania,Greece,44.470092,57.726729
2248,3,1,2025-09-10,Finland,Georgia,96.840162,92.288782
2248,4,1,2025-09-10,Germany,Slovenia,79.466511,83.816954
2249,1,1,2025-09-09,Poland,Turkey,87.404346,114.80144
2249,2,1,2025-09-09,Lithuania,Greece,97.010343,98.662097
2249,3,1,2025-09-10,Finland,Georgia,98.066566,86.137477
2249,4,1,2025-09-10,Germany,Slovenia,105.05721,74.28593
2250,1,1,2025-09-09,Poland,Turkey,68.397585,88.01801
2250,2,1,2025-09-09,Lithuania,Greece,84.839691,79.383286
2250,3,1,2025-09-10,Finland,Georgia,96.906383,76.200881
2250,4,1,2025-09-10,Germany,Slovenia,99.542124,92.001037
2251,1,1,2025-09-09,Poland,Turkey,73.475016,97.321927
2251,2,1,2025-09-09,Lithuania,Greece,113.62112,78.853505
2251,3,1,2025-09-10,Finland,Georgia,96.267393,69.231176
2251,4,1,2025-09-10,Germany,Slovenia,119.74996,85.57127
2252,1,1,2025-09-09,Poland,Turkey,80.01449,81.635522
2252,2,1,2025-09-09,Lithuania,Greece,91.27282,83.912879
2252,3,1,2025-09-10,Finland,Georgia,103.01174,85.050461
2252,4,1,2025-09-10,Germany,Slovenia,107.42892,103.39423
2253,1,1,2025-09-09,Poland,Turkey,89.442125,106.2722
2253,2,1,2025-09-09,Lithuania,Greece,100.88898,81.27828
2253,3,1,2025-09-10,Finland,Georgia,92.369739,78.189133
2253,4,1,2025-09-10,Germany,Slovenia,108.64521,88.462603
2254,1,1,2025-09-09,Poland,Turkey,36.758408,84.844932
2254,2,1,2025-09-09,Lithuania,Greece,91.498805,77.337306
2254,3,1,2025-09-10,Finland,Georgia,88.56067,72.355665
2254,4,1,2025-09-10,Germany,Slovenia,107.97856,86.691398
2255,1,1,2025-09-09,Poland,Turkey,71.094484,87.2165
2255,2,1,2025-09-09,Lithuania,Greece,89.957468,84.041601
2255,3,1,2025-09-10,Finland,Georgia,98.927125,86.415304
2255,4,1,2025-09-10,Germany,Slovenia,101.08058,75.087469
2256,1,1,2025-09-09,Poland,Turkey,71.292319,82.645608
2256,2,1,2025-09-09,Lithuania,Greece,75.777267,81.111308
2256,3,1,2025-09-10,Finland,Georgia,109.45711,83.142986
2256,4,1,2025-09-10,Germany,Slovenia,91.620846,90.372712
2257,1,1,2025-09-09,Poland,Turkey,83.483984,78.750645
2257,2,1,2025-09-09,Lithuania,Greece,99.085817,65.207654
2257,3,1,2025-09-10,Finland,Georgia,101.90291,77.451471
2257,4,1,2025-09-10,Germany,Slovenia,105.2242,100.56769
2258,1,1,2025-09-09,Poland,Turkey,81.555695,99.591995
2258,2,1,2025-09-09,Lithuania,Greece,105.22613,67.60704
2258,3,1,2025-09-10,Finland,Georgia,107.39839,107.01732
2258,4,1,2025-09-10,Germany,Slovenia,117.94952,99.812162
2259,1,1,2025-09-09,Poland,Turkey,93.775429,67.164326
2259,2,1,2025-09-09,Lithuania,Greece,89.947849,75.07877
2259,3,1,2025-09-10,Finland,Georgia,82.593331,81.053895
2259,4,1,2025-09-10,Germany,Slovenia,93.138872,76.751278
2260,1,1,2025-09-09,Poland,Turkey,59.924991,78.587848
2260,2,1,2025-09-09,Lithuania,Greece,75.972134,58.071246
2260,3,1,2025-09-10,Finland,Georgia,110.57852,64.080345
2260,4,1,2025-09-10,Germany,Slovenia,117.63775,90.697293
2261,1,1,2025-09-09,Poland,Turkey,61.47298,90.062686
2261,2,1,2025-09-09,Lithuania,Greece,103.68054,64.459667
2261,3,1,2025-09-10,Finland,Georgia,75.757193,73.256841
2261,4,1,2025-09-10,Germany,Slovenia,101.66762,82.944264
2262,1,1,2025-09-09,Poland,Turkey,81.65921,70.299069
2262,2,1,2025-09-09,Lithuania,Greece,92.897264,79.444841
2262,3,1,2025-09-10,Finland,Georgia,90.859175,74.276582
2262,4,1,2025-09-10,Germany,Slovenia,113.42976,85.809213
2263,1,1,2025-09-09,Poland,Turkey,75.131905,89.704838
2263,2,1,2025-09-09,Lithuania,Greece,76.180946,81.604826
2263,3,1,2025-09-10,Finland,Georgia,109.30145,65.40076
2263,4,1,2025-09-10,Germany,Slovenia,117.5803,77.53404
2264,1,1,2025-09-09,Poland,Turkey,77.692316,84.914596
2264,2,1,2025-09-09,Lithuania,Greece,79.171924,79.578815
2264,3,1,2025-09-10,Finland,Georgia,79.204627,69.669935
2264,4,1,2025-09-10,Germany,Slovenia,86.490553,93.697301
2265,1,1,2025-09-09,Poland,Turkey,90.51122,77.055067
2265,2,1,2025-09-09,Lithuania,Greece,81.145351,84.414222
2265,3,1,2025-09-10,Finland,Georgia,90.547325,67.254094
2265,4,1,2025-09-10,Germany,Slovenia,103.27654,91.756961
2266,1,1,2025-09-09,Poland,Turkey,102.06441,83.737729
2266,2,1,2025-09-09,Lithuania,Greece,94.373459,67.059312
2266,3,1,2025-09-10,Finland,Georgia,95.851488,80.588932
2266,4,1,2025-09-10,Germany,Slovenia,103.43368,88.191206
2267,1,1,2025-09-09,Poland,Turkey,70.852407,76.124921
2267,2,1,2025-09-09,Lithuania,Greece,81.079828,68.608743
2267,3,1,2025-09-10,Finland,Georgia,73.014985,83.470467
2267,4,1,2025-09-10,Germany,Slovenia,117.10747,100.28414
2268,1,1,2025-09-09,Poland,Turkey,81.147205,66.713754
2268,2,1,2025-09-09,Lithuania,Greece,88.139432,63.511058
2268,3,1,2025-09-10,Finland,Georgia,87.070693,61.409282
2268,4,1,2025-09-10,Germany,Slovenia,97.41638,93.208281
2269,1,1,2025-09-09,Poland,Turkey,80.235212,92.752019
2269,2,1,2025-09-09,Lithuania,Greece,87.778533,85.159723
2269,3,1,2025-09-10,Finland,Georgia,105.4779,111.86512
2269,4,1,2025-09-10,Germany,Slovenia,89.411651,88.159997
2270,1,1,2025-09-09,Poland,Turkey,87.715479,80.570369
2270,2,1,2025-09-09,Lithuania,Greece,79.723196,66.750898
2270,3,1,2025-09-10,Finland,Georgia,77.550384,72.948661
2270,4,1,2025-09-10,Germany,Slovenia,93.508278,80.736681
2271,1,1,2025-09-09,Poland,Turkey,71.224821,64.410756
2271,2,1,2025-09-09,Lithuania,Greece,81.55514,67.685167
2271,3,1,2025-09-10,Finland,Georgia,116.13447,72.322886
2271,4,1,2025-09-10,Germany,Slovenia,84.73397,91.302744
2272,1,1,2025-09-09,Poland,Turkey,73.204259,98.98893
2272,2,1,2025-09-09,Lithuania,Greece,75.267033,65.471509
2272,3,1,2025-09-10,Finland,Georgia,100.62574,67.059762
2272,4,1,2025-09-10,Germany,Slovenia,120.6795,88.712394
2273,1,1,2025-09-09,Poland,Turkey,94.944564,107.66765
2273,2,1,2025-09-09,Lithuania,Greece,83.789793,77.819454
2273,3,1,2025-09-10,Finland,Georgia,91.337167,76.822172
2273,4,1,2025-09-10,Germany,Slovenia,118.22131,68.518112
2274,1,1,2025-09-09,Poland,Turkey,83.164594,72.392949
2274,2,1,2025-09-09,Lithuania,Greece,79.989338,73.569045
2274,3,1,2025-09-10,Finland,Georgia,95.803158,72.447604
2274,4,1,2025-09-10,Germany,Slovenia,111.27215,91.463282
2275,1,1,2025-09-09,Poland,Turkey,75.17344,82.441735
2275,2,1,2025-09-09,Lithuania,Greece,101.5039,66.822756
2275,3,1,2025-09-10,Finland,Georgia,122.80252,100.32323
2275,4,1,2025-09-10,Germany,Slovenia,91.682247,91.89868
2276,1,1,2025-09-09,Poland,Turkey,74.08704,94.346099
2276,2,1,2025-09-09,Lithuania,Greece,73.059106,69.58984
2276,3,1,2025-09-10,Finland,Georgia,108.96909,70.602765
2276,4,1,2025-09-10,Germany,Slovenia,100.64252,88.260301
2277,1,1,2025-09-09,Poland,Turkey,87.551494,92.378704
2277,2,1,2025-09-09,Lithuania,Greece,88.527226,65.681335
2277,3,1,2025-09-10,Finland,Georgia,110.22535,80.05419
2277,4,1,2025-09-10,Germany,Slovenia,117.51879,83.909299
2278,1,1,2025-09-09,Poland,Turkey,88.197388,88.668784
2278,2,1,2025-09-09,Lithuania,Greece,86.690229,79.107106
2278,3,1,2025-09-10,Finland,Georgia,106.97226,77.34296
2278,4,1,2025-09-10,Germany,Slovenia,99.224725,71.456686
2279,1,1,2025-09-09,Poland,Turkey,85.827089,86.614501
2279,2,1,2025-09-09,Lithuania,Greece,57.60187,48.770163
2279,3,1,2025-09-10,Finland,Georgia,102.43143,87.03038
2279,4,1,2025-09-10,Germany,Slovenia,118.40511,97.288604
2280,1,1,2025-09-09,Poland,Turkey,81.307343,78.442234
2280,2,1,2025-09-09,Lithuania,Greece,87.057685,64.34167
2280,3,1,2025-09-10,Finland,Georgia,91.308871,63.758711
2280,4,1,2025-09-10,Germany,Slovenia,84.026043,96.261201
2281,1,1,2025-09-09,Poland,Turkey,73.102887,103.29711
2281,2,1,2025-09-09,Lithuania,Greece,86.841002,79.691832
2281,3,1,2025-09-10,Finland,Georgia,96.449012,69.860726
2281,4,1,2025-09-10,Germany,Slovenia,89.630545,79.798138
2282,1,1,2025-09-09,Poland,Turkey,77.044951,70.725414
2282,2,1,2025-09-09,Lithuania,Greece,82.601371,77.335784
2282,3,1,2025-09-10,Finland,Georgia,109.50712,81.204873
2282,4,1,2025-09-10,Germany,Slovenia,106.25715,91.494889
2283,1,1,2025-09-09,Poland,Turkey,82.49224,69.490497
2283,2,1,2025-09-09,Lithuania,Greece,83.16585,90.382682
2283,3,1,2025-09-10,Finland,Georgia,111.65889,65.556177
2283,4,1,2025-09-10,Germany,Slovenia,95.126296,87.800811
2284,1,1,2025-09-09,Poland,Turkey,80.223193,91.450189
2284,2,1,2025-09-09,Lithuania,Greece,91.133968,63.459598
2284,3,1,2025-09-10,Finland,Georgia,107.03665,75.0809
2284,4,1,2025-09-10,Germany,Slovenia,112.9633,98.909736
2285,1,1,2025-09-09,Poland,Turkey,67.175045,86.443135
2285,2,1,2025-09-09,Lithuania,Greece,85.035019,79.935283
2285,3,1,2025-09-10,Finland,Georgia,118.77047,82.20002
2285,4,1,2025-09-10,Germany,Slovenia,108.91636,71.342621
2286,1,1,2025-09-09,Poland,Turkey,77.00085,92.440075
2286,2,1,2025-09-09,Lithuania,Greece,90.782011,59.99686
2286,3,1,2025-09-10,Finland,Georgia,101.88322,72.102394
2286,4,1,2025-09-10,Germany,Slovenia,117.31398,81.324581
2287,1,1,2025-09-09,Poland,Turkey,65.827328,84.632374
2287,2,1,2025-09-09,Lithuania,Greece,89.150939,64.937758
2287,3,1,2025-09-10,Finland,Georgia,94.411926,68.749083
2287,4,1,2025-09-10,Germany,Slovenia,97.989925,76.27807
2288,1,1,2025-09-09,Poland,Turkey,71.289937,85.809273
2288,2,1,2025-09-09,Lithuania,Greece,84.116616,93.422951
2288,3,1,2025-09-10,Finland,Georgia,81.854728,84.159692
2288,4,1,2025-09-10,Germany,Slovenia,98.545691,84.40041
2289,1,1,2025-09-09,Poland,Turkey,60.533767,84.80862
2289,2,1,2025-09-09,Lithuania,Greece,71.695307,62.207767
2289,3,1,2025-09-10,Finland,Georgia,103.64825,81.009316
2289,4,1,2025-09-10,Germany,Slovenia,97.355564,83.946751
2290,1,1,2025-09-09,Poland,Turkey,77.466634,86.464171
2290,2,1,2025-09-09,Lithuania,Greece,82.09262,77.560529
2290,3,1,2025-09-10,Finland,Georgia,72.350788,97.95362
2290,4,1,2025-09-10,Germany,Slovenia,80.105941,79.559672
2291,1,1,2025-09-09,Poland,Turkey,83.375229,88.634856
2291,2,1,2025-09-09,Lithuania,Greece,80.295833,74.15528
2291,3,1,2025-09-10,Finland,Georgia,94.329753,75.856504
2291,4,1,2025-09-10,Germany,Slovenia,88.623092,98.636896
2292,1,1,2025-09-09,Poland,Turkey,75.665747,64.660439
2292,2,1,2025-09-09,Lithuania,Greece,101.68575,81.249235
2292,3,1,2025-09-10,Finland,Georgia,96.007914,74.28555
2292,4,1,2025-09-10,Germany,Slovenia,108.20147,77.169553
2293,1,1,2025-09-09,Poland,Turkey,66.517325,69.896811
2293,2,1,2025-09-09,Lithuania,Greece,88.236442,66.192825
2293,3,1,2025-09-10,Finland,Georgia,78.716106,71.622239
2293,4,1,2025-09-10,Germany,Slovenia,97.918973,85.533262
2294,1,1,2025-09-09,Poland,Turkey,76.736912,91.549307
2294,2,1,2025-09-09,Lithuania,Greece,78.57893,71.16678
2294,3,1,2025-09-10,Finland,Georgia,95.441018,84.675475
2294,4,1,2025-09-10,Germany,Slovenia,101.8142,96.188101
2295,1,1,2025-09-09,Poland,Turkey,57.801962,79.645044
2295,2,1,2025-09-09,Lithuania,Greece,91.573419,86.107345
2295,3,1,2025-09-10,Finland,Georgia,97.292011,72.584246
2295,4,1,2025-09-10,Germany,Slovenia,96.831184,91.525908
2296,1,1,2025-09-09,Poland,Turkey,91.415556,85.097242
2296,2,1,2025-09-09,Lithuania,Greece,89.305537,94.045446
2296,3,1,2025-09-10,Finland,Georgia,122.51144,70.120324
2296,4,1,2025-09-10,Germany,Slovenia,105.61114,95.571778
2297,1,1,2025-09-09,Poland,Turkey,65.033598,84.446291
2297,2,1,2025-09-09,Lithuania,Greece,88.506588,77.056637
2297,3,1,2025-09-10,Finland,Georgia,94.451896,87.068207
2297,4,1,2025-09-10,Germany,Slovenia,95.221805,79.32916
2298,1,1,2025-09-09,Poland,Turkey,64.396495,71.791633
2298,2,1,2025-09-09,Lithuania,Greece,96.560382,77.266137
2298,3,1,2025-09-10,Finland,Georgia,96.751099,80.060299
2298,4,1,2025-09-10,Germany,Slovenia,100.19465,108.39381
2299,1,1,2025-09-09,Poland,Turkey,79.099242,97.081979
2299,2,1,2025-09-09,Lithuania,Greece,98.265316,97.8208
2299,3,1,2025-09-10,Finland,Georgia,112.19015,80.215193
2299,4,1,2025-09-10,Germany,Slovenia,123.65537,78.651522
2300,1,1,2025-09-09,Poland,Turkey,79.071255,74.338451
2300,2,1,2025-09-09,Lithuania,Greece,68.239686,55.129478
2300,3,1,2025-09-10,Finland,Georgia,86.268841,62.727537
2300,4,1,2025-09-10,Germany,Slovenia,83.869278,86.163471
2301,1,1,2025-09-09,Poland,Turkey,83.242607,85.488365
2301,2,1,2025-09-09,Lithuania,Greece,85.65501,66.079473
2301,3,1,2025-09-10,Finland,Georgia,90.805192,88.234794
2301,4,1,2025-09-10,Germany,Slovenia,100.93051,87.992779
2302,1,1,2025-09-09,Poland,Turkey,82.029169,81.630596
2302,2,1,2025-09-09,Lithuania,Greece,71.521922,76.519573
2302,3,1,2025-09-10,Finland,Georgia,102.36886,90.599331
2302,4,1,2025-09-10,Germany,Slovenia,95.327583,84.666971
2303,1,1,2025-09-09,Poland,Turkey,80.603756,96.650974
2303,2,1,2025-09-09,Lithuania,Greece,83.215104,64.535132
2303,3,1,2025-09-10,Finland,Georgia,96.58294,74.51189
2303,4,1,2025-09-10,Germany,Slovenia,91.857536,74.885951
2304,1,1,2025-09-09,Poland,Turkey,62.152403,85.902215
2304,2,1,2025-09-09,Lithuania,Greece,95.050038,76.089109
2304,3,1,2025-09-10,Finland,Georgia,109.82399,83.276337
2304,4,1,2025-09-10,Germany,Slovenia,116.41182,77.69504
2305,1,1,2025-09-09,Poland,Turkey,64.187981,90.241491
2305,2,1,2025-09-09,Lithuania,Greece,66.511404,77.72162
2305,3,1,2025-09-10,Finland,Georgia,110.43395,91.102197
2305,4,1,2025-09-10,Germany,Slovenia,94.976186,69.291197
2306,1,1,2025-09-09,Poland,Turkey,79.789396,82.481722
2306,2,1,2025-09-09,Lithuania,Greece,100.84914,70.236925
2306,3,1,2025-09-10,Finland,Georgia,98.789852,48.984251
2306,4,1,2025-09-10,Germany,Slovenia,97.326226,86.293861
2307,1,1,2025-09-09,Poland,Turkey,75.367857,77.367753
2307,2,1,2025-09-09,Lithuania,Greece,89.73585,88.569857
2307,3,1,2025-09-10,Finland,Georgia,99.015046,84.695058
2307,4,1,2025-09-10,Germany,Slovenia,94.352932,93.883801
2308,1,1,2025-09-09,Poland,Turkey,83.223559,91.662732
2308,2,1,2025-09-09,Lithuania,Greece,86.2682,82.062427
2308,3,1,2025-09-10,Finland,Georgia,90.404352,83.586105
2308,4,1,2025-09-10,Germany,Slovenia,112.42047,90.95435
2309,1,1,2025-09-09,Poland,Turkey,80.423244,95.960603
2309,2,1,2025-09-09,Lithuania,Greece,76.970661,88.685213
2309,3,1,2025-09-10,Finland,Georgia,92.131913,88.92096
2309,4,1,2025-09-10,Germany,Slovenia,103.08336,82.75867
2310,1,1,2025-09-09,Poland,Turkey,70.025684,94.993294
2310,2,1,2025-09-09,Lithuania,Greece,85.486212,94.889185
2310,3,1,2025-09-10,Finland,Georgia,86.333256,98.437835
2310,4,1,2025-09-10,Germany,Slovenia,106.6866,92.79293
2311,1,1,2025-09-09,Poland,Turkey,78.442414,86.86316
2311,2,1,2025-09-09,Lithuania,Greece,95.29954,61.053417
2311,3,1,2025-09-10,Finland,Georgia,94.889708,59.213477
2311,4,1,2025-09-10,Germany,Slovenia,120.97855,88.411446
2312,1,1,2025-09-09,Poland,Turkey,91.940883,92.012826
2312,2,1,2025-09-09,Lithuania,Greece,117.99258,81.404181
2312,3,1,2025-09-10,Finland,Georgia,94.365828,75.86973
2312,4,1,2025-09-10,Germany,Slovenia,81.660716,91.066555
2313,1,1,2025-09-09,Poland,Turkey,89.131697,89.795053
2313,2,1,2025-09-09,Lithuania,Greece,94.923722,90.255578
2313,3,1,2025-09-10,Finland,Georgia,103.73428,94.157513
2313,4,1,2025-09-10,Germany,Slovenia,102.53622,74.342368
2314,1,1,2025-09-09,Poland,Turkey,73.945363,100.24418
2314,2,1,2025-09-09,Lithuania,Greece,92.062814,78.602633
2314,3,1,2025-09-10,Finland,Georgia,77.894954,80.889166
2314,4,1,2025-09-10,Germany,Slovenia,124.28224,94.522221
2315,1,1,2025-09-09,Poland,Turkey,89.982803,103.08174
2315,2,1,2025-09-09,Lithuania,Greece,88.865072,81.848497
2315,3,1,2025-09-10,Finland,Georgia,100.47821,78.81892
2315,4,1,2025-09-10,Germany,Slovenia,92.099526,88.113182
2316,1,1,2025-09-09,Poland,Turkey,80.455017,78.218653
2316,2,1,2025-09-09,Lithuania,Greece,82.950806,96.917252
2316,3,1,2025-09-10,Finland,Georgia,95.069481,73.493515
2316,4,1,2025-09-10,Germany,Slovenia,100.92616,92.281447
2317,1,1,2025-09-09,Poland,Turkey,72.387099,97.856199
2317,2,1,2025-09-09,Lithuania,Greece,88.736139,78.367821
2317,3,1,2025-09-10,Finland,Georgia,111.80639,60.343835
2317,4,1,2025-09-10,Germany,Slovenia,106.24123,84.55205
2318,1,1,2025-09-09,Poland,Turkey,77.771396,80.396898
2318,2,1,2025-09-09,Lithuania,Greece,82.279548,73.746986
2318,3,1,2025-09-10,Finland,Georgia,75.31952,87.257185
2318,4,1,2025-09-10,Germany,Slovenia,103.86369,85.108908
2319,1,1,2025-09-09,Poland,Turkey,73.713597,88.584134
2319,2,1,2025-09-09,Lithuania,Greece,84.26979,64.777935
2319,3,1,2025-09-10,Finland,Georgia,98.939484,82.039347
2319,4,1,2025-09-10,Germany,Slovenia,96.900817,83.529419
2320,1,1,2025-09-09,Poland,Turkey,71.633764,81.164276
2320,2,1,2025-09-09,Lithuania,Greece,81.279506,77.916782
2320,3,1,2025-09-10,Finland,Georgia,133.1402,83.41415
2320,4,1,2025-09-10,Germany,Slovenia,81.493676,78.029752
2321,1,1,2025-09-09,Poland,Turkey,71.262079,89.767911
2321,2,1,2025-09-09,Lithuania,Greece,72.798725,70.664109
2321,3,1,2025-09-10,Finland,Georgia,87.788193,78.732877
2321,4,1,2025-09-10,Germany,Slovenia,106.34703,83.696678
2322,1,1,2025-09-09,Poland,Turkey,77.902447,104.33526
2322,2,1,2025-09-09,Lithuania,Greece,77.419319,70.920042
2322,3,1,2025-09-10,Finland,Georgia,99.16905,70.81198
2322,4,1,2025-09-10,Germany,Slovenia,100.51621,85.506822
2323,1,1,2025-09-09,Poland,Turkey,88.994709,86.393278
2323,2,1,2025-09-09,Lithuania,Greece,82.534771,70.123864
2323,3,1,2025-09-10,Finland,Georgia,95.289558,95.794322
2323,4,1,2025-09-10,Germany,Slovenia,102.86608,86.864763
2324,1,1,2025-09-09,Poland,Turkey,76.175978,78.415859
2324,2,1,2025-09-09,Lithuania,Greece,91.08761,92.196669
2324,3,1,2025-09-10,Finland,Georgia,82.142148,63.933034
2324,4,1,2025-09-10,Germany,Slovenia,97.497858,87.498555
2325,1,1,2025-09-09,Poland,Turkey,85.303624,92.598308
2325,2,1,2025-09-09,Lithuania,Greece,87.122565,76.685236
2325,3,1,2025-09-10,Finland,Georgia,85.187606,64.162627
2325,4,1,2025-09-10,Germany,Slovenia,99.412091,71.259169
2326,1,1,2025-09-09,Poland,Turkey,73.600212,87.677522
2326,2,1,2025-09-09,Lithuania,Greece,87.425985,90.255951
2326,3,1,2025-09-10,Finland,Georgia,90.110129,83.824005
2326,4,1,2025-09-10,Germany,Slovenia,92.401699,88.457529
2327,1,1,2025-09-09,Poland,Turkey,82.31641,108.7473
2327,2,1,2025-09-09,Lithuania,Greece,99.388854,87.717494
2327,3,1,2025-09-10,Finland,Georgia,108.66653,93.084834
2327,4,1,2025-09-10,Germany,Slovenia,87.692562,77.213703
2328,1,1,2025-09-09,Poland,Turkey,69.64645,86.53145
2328,2,1,2025-09-09,Lithuania,Greece,71.938013,75.630588
2328,3,1,2025-09-10,Finland,Georgia,82.720975,62.774517
2328,4,1,2025-09-10,Germany,Slovenia,108.76122,95.307138
2329,1,1,2025-09-09,Poland,Turkey,52.072946,78.806132
2329,2,1,2025-09-09,Lithuania,Greece,77.956961,77.775028
2329,3,1,2025-09-10,Finland,Georgia,102.9464,79.334131
2329,4,1,2025-09-10,Germany,Slovenia,118.97668,86.890976
2330,1,1,2025-09-09,Poland,Turkey,74.377251,93.722722
2330,2,1,2025-09-09,Lithuania,Greece,105.7455,84.170532
2330,3,1,2025-09-10,Finland,Georgia,99.858198,87.550163
2330,4,1,2025-09-10,Germany,Slovenia,113.4962,76.146269
2331,1,1,2025-09-09,Poland,Turkey,73.641059,77.893383
2331,2,1,2025-09-09,Lithuania,Greece,83.820533,82.602937
2331,3,1,2025-09-10,Finland,Georgia,100.71954,82.377229
2331,4,1,2025-09-10,Germany,Slovenia,111.01697,86.811823
2332,1,1,2025-09-09,Poland,Turkey,53.914879,87.766658
2332,2,1,2025-09-09,Lithuania,Greece,68.03586,66.773621
2332,3,1,2025-09-10,Finland,Georgia,92.153164,65.099547
2332,4,1,2025-09-10,Germany,Slovenia,102.48652,97.360933
2333,1,1,2025-09-09,Poland,Turkey,86.44008,81.380502
2333,2,1,2025-09-09,Lithuania,Greece,84.960033,79.777556
2333,3,1,2025-09-10,Finland,Georgia,98.833964,91.877064
2333,4,1,2025-09-10,Germany,Slovenia,107.16297,76.557651
2334,1,1,2025-09-09,Poland,Turkey,76.61026,80.159152
2334,2,1,2025-09-09,Lithuania,Greece,99.430321,78.176841
2334,3,1,2025-09-10,Finland,Georgia,108.52374,82.812041
2334,4,1,2025-09-10,Germany,Slovenia,73.924534,84.929082
2335,1,1,2025-09-09,Poland,Turkey,80.394612,80.157353
2335,2,1,2025-09-09,Lithuania,Greece,91.141093,70.44651
2335,3,1,2025-09-10,Finland,Georgia,89.665097,81.027678
2335,4,1,2025-09-10,Germany,Slovenia,111.14771,100.91243
2336,1,1,2025-09-09,Poland,Turkey,78.433916,88.663669
2336,2,1,2025-09-09,Lithuania,Greece,97.319719,101.45753
2336,3,1,2025-09-10,Finland,Georgia,110.51207,76.568369
2336,4,1,2025-09-10,Germany,Slovenia,99.123029,67.137015
2337,1,1,2025-09-09,Poland,Turkey,92.137159,81.911879
2337,2,1,2025-09-09,Lithuania,Greece,66.838047,58.953716
2337,3,1,2025-09-10,Finland,Georgia,95.325337,87.576407
2337,4,1,2025-09-10,Germany,Slovenia,108.91384,77.575825
2338,1,1,2025-09-09,Poland,Turkey,66.793621,92.807658
2338,2,1,2025-09-09,Lithuania,Greece,80.372646,77.41906
2338,3,1,2025-09-10,Finland,Georgia,103.51345,77.933713
2338,4,1,2025-09-10,Germany,Slovenia,93.17384,64.840491
2339,1,1,2025-09-09,Poland,Turkey,78.40712,78.372338
2339,2,1,2025-09-09,Lithuania,Greece,102.12052,77.589397
2339,3,1,2025-09-10,Finland,Georgia,110.42693,72.328149
2339,4,1,2025-09-10,Germany,Slovenia,107.22797,70.935196
2340,1,1,2025-09-09,Poland,Turkey,95.158857,90.725696
2340,2,1,2025-09-09,Lithuania,Greece,77.32831,74.204319
2340,3,1,2025-09-10,Finland,Georgia,96.90717,73.015929
2340,4,1,2025-09-10,Germany,Slovenia,113.6747,84.179708
2341,1,1,2025-09-09,Poland,Turkey,71.497808,78.982601
2341,2,1,2025-09-09,Lithuania,Greece,83.396301,52.528852
2341,3,1,2025-09-10,Finland,Georgia,90.529542,81.401155
2341,4,1,2025-09-10,Germany,Slovenia,109.98869,76.902505
2342,1,1,2025-09-09,Poland,Turkey,83.69831,99.558984
2342,2,1,2025-09-09,Lithuania,Greece,83.804135,67.105893
2342,3,1,2025-09-10,Finland,Georgia,83.406558,62.437858
2342,4,1,2025-09-10,Germany,Slovenia,113.65781,82.713564
2343,1,1,2025-09-09,Poland,Turkey,82.446393,101.08303
2343,2,1,2025-09-09,Lithuania,Greece,72.367142,108.42317
2343,3,1,2025-09-10,Finland,Georgia,93.07824,89.513075
2343,4,1,2025-09-10,Germany,Slovenia,102.47259,92.869324
2344,1,1,2025-09-09,Poland,Turkey,71.797592,105.24604
2344,2,1,2025-09-09,Lithuania,Greece,99.033505,81.748447
2344,3,1,2025-09-10,Finland,Georgia,99.639376,80.805703
2344,4,1,2025-09-10,Germany,Slovenia,93.963343,82.915141
2345,1,1,2025-09-09,Poland,Turkey,87.138268,84.704063
2345,2,1,2025-09-09,Lithuania,Greece,82.915686,76.812411
2345,3,1,2025-09-10,Finland,Georgia,100.27632,55.428781
2345,4,1,2025-09-10,Germany,Slovenia,90.470296,92.300036
2346,1,1,2025-09-09,Poland,Turkey,61.948266,83.470458
2346,2,1,2025-09-09,Lithuania,Greece,87.569007,65.28952
2346,3,1,2025-09-10,Finland,Georgia,85.832632,87.072291
2346,4,1,2025-09-10,Germany,Slovenia,90.361351,85.438146
2347,1,1,2025-09-09,Poland,Turkey,100.58955,93.002336
2347,2,1,2025-09-09,Lithuania,Greece,79.277842,87.704542
2347,3,1,2025-09-10,Finland,Georgia,100.9732,65.521495
2347,4,1,2025-09-10,Germany,Slovenia,80.413658,81.263106
2348,1,1,2025-09-09,Poland,Turkey,70.269866,86.391629
2348,2,1,2025-09-09,Lithuania,Greece,88.49297,45.024105
2348,3,1,2025-09-10,Finland,Georgia,101.40413,63.01396
2348,4,1,2025-09-10,Germany,Slovenia,94.760704,87.966925
2349,1,1,2025-09-09,Poland,Turkey,86.063933,87.207664
2349,2,1,2025-09-09,Lithuania,Greece,84.17424,78.497196
2349,3,1,2025-09-10,Finland,Georgia,81.804164,69.469588
2349,4,1,2025-09-10,Germany,Slovenia,120.92154,93.509199
2350,1,1,2025-09-09,Poland,Turkey,54.98197,71.600506
2350,2,1,2025-09-09,Lithuania,Greece,61.057481,74.411182
2350,3,1,2025-09-10,Finland,Georgia,83.044111,73.359698
2350,4,1,2025-09-10,Germany,Slovenia,102.50806,85.790235
2351,1,1,2025-09-09,Poland,Turkey,77.069437,71.269364
2351,2,1,2025-09-09,Lithuania,Greece,97.747668,78.028447
2351,3,1,2025-09-10,Finland,Georgia,95.839996,62.704091
2351,4,1,2025-09-10,Germany,Slovenia,73.434486,68.570405
2352,1,1,2025-09-09,Poland,Turkey,97.403358,80.263539
2352,2,1,2025-09-09,Lithuania,Greece,87.593669,82.231838
2352,3,1,2025-09-10,Finland,Georgia,80.70913,74.023912
2352,4,1,2025-09-10,Germany,Slovenia,110.23345,72.286115
2353,1,1,2025-09-09,Poland,Turkey,61.325518,83.924155
2353,2,1,2025-09-09,Lithuania,Greece,76.873156,68.966701
2353,3,1,2025-09-10,Finland,Georgia,116.71736,61.154489
2353,4,1,2025-09-10,Germany,Slovenia,82.020034,57.3065
2354,1,1,2025-09-09,Poland,Turkey,84.950645,90.708951
2354,2,1,2025-09-09,Lithuania,Greece,85.101372,112.27736
2354,3,1,2025-09-10,Finland,Georgia,115.57558,65.201332
2354,4,1,2025-09-10,Germany,Slovenia,90.704096,90.469125
2355,1,1,2025-09-09,Poland,Turkey,61.581393,93.455315
2355,2,1,2025-09-09,Lithuania,Greece,84.170102,80.215785
2355,3,1,2025-09-10,Finland,Georgia,102.75273,79.122041
2355,4,1,2025-09-10,Germany,Slovenia,121.48606,81.697549
2356,1,1,2025-09-09,Poland,Turkey,74.170277,92.714392
2356,2,1,2025-09-09,Lithuania,Greece,100.94921,92.948567
2356,3,1,2025-09-10,Finland,Georgia,98.375103,73.831987
2356,4,1,2025-09-10,Germany,Slovenia,116.25577,79.246983
2357,1,1,2025-09-09,Poland,Turkey,85.921082,88.680356
2357,2,1,2025-09-09,Lithuania,Greece,93.130037,77.004796
2357,3,1,2025-09-10,Finland,Georgia,80.996847,81.505057
2357,4,1,2025-09-10,Germany,Slovenia,96.584682,88.193315
2358,1,1,2025-09-09,Poland,Turkey,80.364668,86.10683
2358,2,1,2025-09-09,Lithuania,Greece,80.857028,68.684877
2358,3,1,2025-09-10,Finland,Georgia,94.139384,82.48572
2358,4,1,2025-09-10,Germany,Slovenia,106.64265,96.745356
2359,1,1,2025-09-09,Poland,Turkey,75.669688,64.500872
2359,2,1,2025-09-09,Lithuania,Greece,87.726186,115.89313
2359,3,1,2025-09-10,Finland,Georgia,97.849831,76.208882
2359,4,1,2025-09-10,Germany,Slovenia,97.770714,84.947741
2360,1,1,2025-09-09,Poland,Turkey,78.271918,88.394249
2360,2,1,2025-09-09,Lithuania,Greece,98.364764,83.910148
2360,3,1,2025-09-10,Finland,Georgia,106.95647,69.35716
2360,4,1,2025-09-10,Germany,Slovenia,117.85919,78.490509
2361,1,1,2025-09-09,Poland,Turkey,90.377131,73.904439
2361,2,1,2025-09-09,Lithuania,Greece,89.932254,72.827929
2361,3,1,2025-09-10,Finland,Georgia,91.318018,73.873759
2361,4,1,2025-09-10,Germany,Slovenia,114.85278,98.535725
2362,1,1,2025-09-09,Poland,Turkey,83.752092,72.854597
2362,2,1,2025-09-09,Lithuania,Greece,92.690308,80.767949
2362,3,1,2025-09-10,Finland,Georgia,95.84412,76.109897
2362,4,1,2025-09-10,Germany,Slovenia,110.88538,99.632281
2363,1,1,2025-09-09,Poland,Turkey,98.002803,92.526061
2363,2,1,2025-09-09,Lithuania,Greece,92.032161,98.173336
2363,3,1,2025-09-10,Finland,Georgia,76.152786,75.901056
2363,4,1,2025-09-10,Germany,Slovenia,100.05415,88.099936
2364,1,1,2025-09-09,Poland,Turkey,82.735505,79.751238
2364,2,1,2025-09-09,Lithuania,Greece,94.756149,74.152644
2364,3,1,2025-09-10,Finland,Georgia,82.075071,78.200921
2364,4,1,2025-09-10,Germany,Slovenia,108.27488,83.716325
2365,1,1,2025-09-09,Poland,Turkey,86.640347,109.19615
2365,2,1,2025-09-09,Lithuania,Greece,92.412263,80.270918
2365,3,1,2025-09-10,Finland,Georgia,94.584143,90.336637
2365,4,1,2025-09-10,Germany,Slovenia,95.572551,94.633504
2366,1,1,2025-09-09,Poland,Turkey,73.07844,83.274008
2366,2,1,2025-09-09,Lithuania,Greece,86.302017,87.735694
2366,3,1,2025-09-10,Finland,Georgia,94.767709,76.093065
2366,4,1,2025-09-10,Germany,Slovenia,104.3903,66.427518
2367,1,1,2025-09-09,Poland,Turkey,77.712335,92.272033
2367,2,1,2025-09-09,Lithuania,Greece,94.168562,96.348346
2367,3,1,2025-09-10,Finland,Georgia,103.05754,53.202965
2367,4,1,2025-09-10,Germany,Slovenia,104.88625,95.573238
2368,1,1,2025-09-09,Poland,Turkey,82.38727,89.234769
2368,2,1,2025-09-09,Lithuania,Greece,74.170179,83.447216
2368,3,1,2025-09-10,Finland,Georgia,114.31626,76.38707
2368,4,1,2025-09-10,Germany,Slovenia,104.80354,84.211083
2369,1,1,2025-09-09,Poland,Turkey,81.725316,95.424878
2369,2,1,2025-09-09,Lithuania,Greece,94.533738,68.088966
2369,3,1,2025-09-10,Finland,Georgia,109.81943,40.699085
2369,4,1,2025-09-10,Germany,Slovenia,106.35381,59.070988
2370,1,1,2025-09-09,Poland,Turkey,94.353347,102.56928
2370,2,1,2025-09-09,Lithuania,Greece,86.019732,61.868554
2370,3,1,2025-09-10,Finland,Georgia,90.062625,78.216677
2370,4,1,2025-09-10,Germany,Slovenia,96.667977,74.751838
2371,1,1,2025-09-09,Poland,Turkey,80.92698,77.003622
2371,2,1,2025-09-09,Lithuania,Greece,78.805264,75.242197
2371,3,1,2025-09-10,Finland,Georgia,79.873167,66.32067
2371,4,1,2025-09-10,Germany,Slovenia,97.238663,88.722006
2372,1,1,2025-09-09,Poland,Turkey,85.39644,83.667473
2372,2,1,2025-09-09,Lithuania,Greece,77.800063,81.169655
2372,3,1,2025-09-10,Finland,Georgia,90.991334,66.860357
2372,4,1,2025-09-10,Germany,Slovenia,96.537452,85.866275
2373,1,1,2025-09-09,Poland,Turkey,68.262288,86.141714
2373,2,1,2025-09-09,Lithuania,Greece,77.311466,86.576271
2373,3,1,2025-09-10,Finland,Georgia,96.236881,71.166473
2373,4,1,2025-09-10,Germany,Slovenia,107.59127,76.684685
2374,1,1,2025-09-09,Poland,Turkey,72.547228,101.2491
2374,2,1,2025-09-09,Lithuania,Greece,76.255036,60.213628
2374,3,1,2025-09-10,Finland,Georgia,111.26869,83.49843
2374,4,1,2025-09-10,Germany,Slovenia,107.2951,99.2144
2375,1,1,2025-09-09,Poland,Turkey,72.867455,83.390094
2375,2,1,2025-09-09,Lithuania,Greece,99.028956,73.096587
2375,3,1,2025-09-10,Finland,Georgia,118.37956,116.54388
2375,4,1,2025-09-10,Germany,Slovenia,102.48097,97.953019
2376,1,1,2025-09-09,Poland,Turkey,61.19741,82.277282
2376,2,1,2025-09-09,Lithuania,Greece,91.190441,76.86888
2376,3,1,2025-09-10,Finland,Georgia,90.848671,94.884832
2376,4,1,2025-09-10,Germany,Slovenia,115.99777,88.4639
2377,1,1,2025-09-09,Poland,Turkey,80.739768,94.67416
2377,2,1,2025-09-09,Lithuania,Greece,72.611272,73.558699
2377,3,1,2025-09-10,Finland,Georgia,76.219467,80.012093
2377,4,1,2025-09-10,Germany,Slovenia,100.91244,91.222382
2378,1,1,2025-09-09,Poland,Turkey,66.249064,92.779328
2378,2,1,2025-09-09,Lithuania,Greece,113.03032,73.921621
2378,3,1,2025-09-10,Finland,Georgia,97.724029,73.48521
2378,4,1,2025-09-10,Germany,Slovenia,102.15395,88.28642
2379,1,1,2025-09-09,Poland,Turkey,84.795187,88.248298
2379,2,1,2025-09-09,Lithuania,Greece,84.922596,77.679627
2379,3,1,2025-09-10,Finland,Georgia,122.76612,62.979882
2379,4,1,2025-09-10,Germany,Slovenia,76.763985,70.647821
2380,1,1,2025-09-09,Poland,Turkey,90.063679,97.713058
2380,2,1,2025-09-09,Lithuania,Greece,55.970039,58.395546
2380,3,1,2025-09-10,Finland,Georgia,110.73464,77.898369
2380,4,1,2025-09-10,Germany,Slovenia,104.78484,95.389784
2381,1,1,2025-09-09,Poland,Turkey,64.727862,80.060304
2381,2,1,2025-09-09,Lithuania,Greece,85.131398,80.856397
2381,3,1,2025-09-10,Finland,Georgia,105.54218,84.800976
2381,4,1,2025-09-10,Germany,Slovenia,105.52683,89.172915
2382,1,1,2025-09-09,Poland,Turkey,83.65075,99.291347
2382,2,1,2025-09-09,Lithuania,Greece,96.082197,85.79529
2382,3,1,2025-09-10,Finland,Georgia,86.756711,53.823081
2382,4,1,2025-09-10,Germany,Slovenia,98.90205,97.213296
2383,1,1,2025-09-09,Poland,Turkey,55.744633,71.810131
2383,2,1,2025-09-09,Lithuania,Greece,77.432705,81.352111
2383,3,1,2025-09-10,Finland,Georgia,104.6042,101.92028
2383,4,1,2025-09-10,Germany,Slovenia,92.456741,95.343064
2384,1,1,2025-09-09,Poland,Turkey,80.973383,95.215325000000007
2384,2,1,2025-09-09,Lithuania,Greece,84.862651,84.051465
2384,3,1,2025-09-10,Finland,Georgia,85.266173,78.26923
2384,4,1,2025-09-10,Germany,Slovenia,111.01673,81.073827
2385,1,1,2025-09-09,Poland,Turkey,76.59895,88.512999
2385,2,1,2025-09-09,Lithuania,Greece,95.778799,81.17048
2385,3,1,2025-09-10,Finland,Georgia,84.451375,74.72913
2385,4,1,2025-09-10,Germany,Slovenia,87.811449,67.554324
2386,1,1,2025-09-09,Poland,Turkey,83.259175,106.80426
2386,2,1,2025-09-09,Lithuania,Greece,71.93682,66.002234
2386,3,1,2025-09-10,Finland,Georgia,95.498624,68.987609
2386,4,1,2025-09-10,Germany,Slovenia,107.35112,81.606797
2387,1,1,2025-09-09,Poland,Turkey,77.219383,97.402478
2387,2,1,2025-09-09,Lithuania,Greece,81.564584,85.831091
2387,3,1,2025-09-10,Finland,Georgia,97.074325,96.623455
2387,4,1,2025-09-10,Germany,Slovenia,78.837442,90.742597
2388,1,1,2025-09-09,Poland,Turkey,78.710645,96.913078
2388,2,1,2025-09-09,Lithuania,Greece,111.14537,72.671238
2388,3,1,2025-09-10,Finland,Georgia,84.474656,65.14819
2388,4,1,2025-09-10,Germany,Slovenia,104.90378,80.980143
2389,1,1,2025-09-09,Poland,Turkey,92.530891,85.404317
2389,2,1,2025-09-09,Lithuania,Greece,77.062513,62.404563
2389,3,1,2025-09-10,Finland,Georgia,101.05943,85.695388
2389,4,1,2025-09-10,Germany,Slovenia,97.277958,98.07597
2390,1,1,2025-09-09,Poland,Turkey,68.529836,93.017996
2390,2,1,2025-09-09,Lithuania,Greece,67.901753,57.534886
2390,3,1,2025-09-10,Finland,Georgia,90.086009,85.375283
2390,4,1,2025-09-10,Germany,Slovenia,111.98734,104.69266
2391,1,1,2025-09-09,Poland,Turkey,102.89037,91.000592
2391,2,1,2025-09-09,Lithuania,Greece,74.561003,87.195056
2391,3,1,2025-09-10,Finland,Georgia,97.035337,72.402954
2391,4,1,2025-09-10,Germany,Slovenia,115.57237,80.935851
2392,1,1,2025-09-09,Poland,Turkey,92.840078,94.393204
2392,2,1,2025-09-09,Lithuania,Greece,92.693163,67.390451
2392,3,1,2025-09-10,Finland,Georgia,84.305205,63.258404
2392,4,1,2025-09-10,Germany,Slovenia,94.143865,89.666322
2393,1,1,2025-09-09,Poland,Turkey,84.464346,79.679986
2393,2,1,2025-09-09,Lithuania,Greece,72.898078,77.512873
2393,3,1,2025-09-10,Finland,Georgia,105.22849,68.368532
2393,4,1,2025-09-10,Germany,Slovenia,109.44499,71.19921
2394,1,1,2025-09-09,Poland,Turkey,82.084275,96.835815
2394,2,1,2025-09-09,Lithuania,Greece,74.37124,72.571037
2394,3,1,2025-09-10,Finland,Georgia,93.90081,80.767735
2394,4,1,2025-09-10,Germany,Slovenia,114.73806,79.395688
2395,1,1,2025-09-09,Poland,Turkey,67.36965,75.492199
2395,2,1,2025-09-09,Lithuania,Greece,94.218589,69.240423
2395,3,1,2025-09-10,Finland,Georgia,79.790864,55.285448
2395,4,1,2025-09-10,Germany,Slovenia,101.6266,88.151765
2396,1,1,2025-09-09,Poland,Turkey,67.276463,93.552676
2396,2,1,2025-09-09,Lithuania,Greece,96.804056,72.470376
2396,3,1,2025-09-10,Finland,Georgia,99.451581,84.056966
2396,4,1,2025-09-10,Germany,Slovenia,101.7911,83.680209
2397,1,1,2025-09-09,Poland,Turkey,68.304174,90.586337
2397,2,1,2025-09-09,Lithuania,Greece,100.07259,68.443163
2397,3,1,2025-09-10,Finland,Georgia,88.852893,70.694878
2397,4,1,2025-09-10,Germany,Slovenia,116.778,56.640872
2398,1,1,2025-09-09,Poland,Turkey,61.111185,82.175745
2398,2,1,2025-09-09,Lithuania,Greece,87.338019,54.081383
2398,3,1,2025-09-10,Finland,Georgia,119.08372,84.755145
2398,4,1,2025-09-10,Germany,Slovenia,96.551967,86.773256
2399,1,1,2025-09-09,Poland,Turkey,77.092999,97.876238
2399,2,1,2025-09-09,Lithuania,Greece,99.716787,70.225775
2399,3,1,2025-09-10,Finland,Georgia,90.981658,52.367203
2399,4,1,2025-09-10,Germany,Slovenia,108.26671,94.678285
2400,1,1,2025-09-09,Poland,Turkey,77.56704,72.892889
2400,2,1,2025-09-09,Lithuania,Greece,94.489804,75.542346
2400,3,1,2025-09-10,Finland,Georgia,81.278737,74.595798
2400,4,1,2025-09-10,Germany,Slovenia,108.52295,75.433569
2401,1,1,2025-09-09,Poland,Turkey,65.907674,86.24534
2401,2,1,2025-09-09,Lithuania,Greece,86.180318,62.588483
2401,3,1,2025-09-10,Finland,Georgia,74.734478,73.360259
2401,4,1,2025-09-10,Germany,Slovenia,88.835267,90.708916
2402,1,1,2025-09-09,Poland,Turkey,77.043984,85.382444
2402,2,1,2025-09-09,Lithuania,Greece,77.88775,88.846305
2402,3,1,2025-09-10,Finland,Georgia,100.78656,89.135531
2402,4,1,2025-09-10,Germany,Slovenia,111.62887,74.215021
2403,1,1,2025-09-09,Poland,Turkey,72.770628,94.960836
2403,2,1,2025-09-09,Lithuania,Greece,92.6769,57.055136
2403,3,1,2025-09-10,Finland,Georgia,95.510424,73.739396
2403,4,1,2025-09-10,Germany,Slovenia,99.706398,74.510397
2404,1,1,2025-09-09,Poland,Turkey,72.16493,88.25104
2404,2,1,2025-09-09,Lithuania,Greece,101.00579,70.405165
2404,3,1,2025-09-10,Finland,Georgia,98.9043,79.473272
2404,4,1,2025-09-10,Germany,Slovenia,112.04559,91.627044
2405,1,1,2025-09-09,Poland,Turkey,79.994859,86.955285
2405,2,1,2025-09-09,Lithuania,Greece,77.725978,75.678464
2405,3,1,2025-09-10,Finland,Georgia,98.64868,53.448408
2405,4,1,2025-09-10,Germany,Slovenia,92.09716,86.690396
2406,1,1,2025-09-09,Poland,Turkey,77.312127,91.366966
2406,2,1,2025-09-09,Lithuania,Greece,93.217773,62.530211
2406,3,1,2025-09-10,Finland,Georgia,97.717229,85.577862
2406,4,1,2025-09-10,Germany,Slovenia,108.88916,71.67644
2407,1,1,2025-09-09,Poland,Turkey,75.847956,101.09801
2407,2,1,2025-09-09,Lithuania,Greece,91.720265,76.569586
2407,3,1,2025-09-10,Finland,Georgia,107.99451,90.787891
2407,4,1,2025-09-10,Germany,Slovenia,115.76469,89.911795
2408,1,1,2025-09-09,Poland,Turkey,75.713671,92.784987
2408,2,1,2025-09-09,Lithuania,Greece,84.963356,72.265207
2408,3,1,2025-09-10,Finland,Georgia,94.687527,80.187367
2408,4,1,2025-09-10,Germany,Slovenia,107.77817,85.548513
2409,1,1,2025-09-09,Poland,Turkey,92.591094,94.937037
2409,2,1,2025-09-09,Lithuania,Greece,81.910148,84.855531
2409,3,1,2025-09-10,Finland,Georgia,116.4695,64.018827
2409,4,1,2025-09-10,Germany,Slovenia,97.075561,96.349511
2410,1,1,2025-09-09,Poland,Turkey,55.41518,70.243753
2410,2,1,2025-09-09,Lithuania,Greece,80.588647,79.592504
2410,3,1,2025-09-10,Finland,Georgia,92.335144,88.915211
2410,4,1,2025-09-10,Germany,Slovenia,106.41209,93.638951
2411,1,1,2025-09-09,Poland,Turkey,58.898135,75.439362
2411,2,1,2025-09-09,Lithuania,Greece,83.036185,84.480584
2411,3,1,2025-09-10,Finland,Georgia,81.892975,102.19169
2411,4,1,2025-09-10,Germany,Slovenia,121.24285,84.568139
2412,1,1,2025-09-09,Poland,Turkey,69.578897,59.475195
2412,2,1,2025-09-09,Lithuania,Greece,85.552126,77.617731
2412,3,1,2025-09-10,Finland,Georgia,103.61021,63.689487
2412,4,1,2025-09-10,Germany,Slovenia,106.65445,85.004231
2413,1,1,2025-09-09,Poland,Turkey,79.421652,59.264651
2413,2,1,2025-09-09,Lithuania,Greece,53.339917,77.983018
2413,3,1,2025-09-10,Finland,Georgia,99.71585,67.623997
2413,4,1,2025-09-10,Germany,Slovenia,104.95916,89.905618
2414,1,1,2025-09-09,Poland,Turkey,78.336126,93.772527
2414,2,1,2025-09-09,Lithuania,Greece,91.543115,75.852751
2414,3,1,2025-09-10,Finland,Georgia,84.800702,60.956491
2414,4,1,2025-09-10,Germany,Slovenia,108.37074,83.542943
2415,1,1,2025-09-09,Poland,Turkey,66.878974,93.44828
2415,2,1,2025-09-09,Lithuania,Greece,90.196134,63.912453
2415,3,1,2025-09-10,Finland,Georgia,103.48027,98.728773
2415,4,1,2025-09-10,Germany,Slovenia,112.87464,85.65348
2416,1,1,2025-09-09,Poland,Turkey,87.528947,96.326026
2416,2,1,2025-09-09,Lithuania,Greece,79.539801,82.336915
2416,3,1,2025-09-10,Finland,Georgia,84.54949,51.107358
2416,4,1,2025-09-10,Germany,Slovenia,90.653084,83.552385
2417,1,1,2025-09-09,Poland,Turkey,76.568938,99.461226
2417,2,1,2025-09-09,Lithuania,Greece,98.191292,79.347037
2417,3,1,2025-09-10,Finland,Georgia,84.823131,57.05301
2417,4,1,2025-09-10,Germany,Slovenia,93.485839,84.942748
2418,1,1,2025-09-09,Poland,Turkey,65.508234,74.25262
2418,2,1,2025-09-09,Lithuania,Greece,97.384083,81.469404
2418,3,1,2025-09-10,Finland,Georgia,85.24735,64.293203
2418,4,1,2025-09-10,Germany,Slovenia,90.335418,102.46367
2419,1,1,2025-09-09,Poland,Turkey,77.594836,84.446537
2419,2,1,2025-09-09,Lithuania,Greece,93.225942,68.746523
2419,3,1,2025-09-10,Finland,Georgia,102.69481,51.860758
2419,4,1,2025-09-10,Germany,Slovenia,96.869413,82.156601
2420,1,1,2025-09-09,Poland,Turkey,85.565347,88.833437
2420,2,1,2025-09-09,Lithuania,Greece,89.662734,69.579328
2420,3,1,2025-09-10,Finland,Georgia,107.02381,97.409708
2420,4,1,2025-09-10,Germany,Slovenia,86.273137,91.158427
2421,1,1,2025-09-09,Poland,Turkey,79.576988,97.56032
2421,2,1,2025-09-09,Lithuania,Greece,82.025763,51.961435
2421,3,1,2025-09-10,Finland,Georgia,83.294227,92.702174
2421,4,1,2025-09-10,Germany,Slovenia,86.803588,85.60777
2422,1,1,2025-09-09,Poland,Turkey,87.420583,71.737275
2422,2,1,2025-09-09,Lithuania,Greece,80.199707,79.178826
2422,3,1,2025-09-10,Finland,Georgia,123.59512,80.503581
2422,4,1,2025-09-10,Germany,Slovenia,85.26948,77.655542
2423,1,1,2025-09-09,Poland,Turkey,76.022627,86.600965
2423,2,1,2025-09-09,Lithuania,Greece,97.344207,68.430999
2423,3,1,2025-09-10,Finland,Georgia,100.44446,70.622432
2423,4,1,2025-09-10,Germany,Slovenia,85.851624,97.019572
2424,1,1,2025-09-09,Poland,Turkey,88.392387,83.768926
2424,2,1,2025-09-09,Lithuania,Greece,89.736387,75.133154
2424,3,1,2025-09-10,Finland,Georgia,80.341897,43.533797
2424,4,1,2025-09-10,Germany,Slovenia,125.11168,81.098581
2425,1,1,2025-09-09,Poland,Turkey,75.576717,83.116977
2425,2,1,2025-09-09,Lithuania,Greece,53.716077,56.797971
2425,3,1,2025-09-10,Finland,Georgia,87.83714,73.498943
2425,4,1,2025-09-10,Germany,Slovenia,93.269698,79.261808
2426,1,1,2025-09-09,Poland,Turkey,80.573624,81.002766
2426,2,1,2025-09-09,Lithuania,Greece,102.25249,81.988907
2426,3,1,2025-09-10,Finland,Georgia,97.853618,81.936602
2426,4,1,2025-09-10,Germany,Slovenia,98.864166,86.475209
2427,1,1,2025-09-09,Poland,Turkey,63.347482,84.02222
2427,2,1,2025-09-09,Lithuania,Greece,55.889562,64.130107
2427,3,1,2025-09-10,Finland,Georgia,69.321592,73.648234
2427,4,1,2025-09-10,Germany,Slovenia,110.08623,79.531126
2428,1,1,2025-09-09,Poland,Turkey,84.423712,97.946267
2428,2,1,2025-09-09,Lithuania,Greece,90.832379,72.051756
2428,3,1,2025-09-10,Finland,Georgia,91.448558,46.748769
2428,4,1,2025-09-10,Germany,Slovenia,117.14925,97.543101
2429,1,1,2025-09-09,Poland,Turkey,60.198103,69.157103
2429,2,1,2025-09-09,Lithuania,Greece,74.871965,80.054656
2429,3,1,2025-09-10,Finland,Georgia,104.09248,71.401841
2429,4,1,2025-09-10,Germany,Slovenia,109.64141,80.058241
2430,1,1,2025-09-09,Poland,Turkey,98.832464,89.492971
2430,2,1,2025-09-09,Lithuania,Greece,60.280302,62.457917
2430,3,1,2025-09-10,Finland,Georgia,89.236147,75.522677
2430,4,1,2025-09-10,Germany,Slovenia,104.40699,106.34982
2431,1,1,2025-09-09,Poland,Turkey,74.328784,95.495225
2431,2,1,2025-09-09,Lithuania,Greece,80.93415,83.803709
2431,3,1,2025-09-10,Finland,Georgia,76.133247,76.250757
2431,4,1,2025-09-10,Germany,Slovenia,87.19626,80.930747
2432,1,1,2025-09-09,Poland,Turkey,78.733922,102.73411
2432,2,1,2025-09-09,Lithuania,Greece,77.178597,65.247472
2432,3,1,2025-09-10,Finland,Georgia,97.65394,67.632484
2432,4,1,2025-09-10,Germany,Slovenia,107.35768,77.628538
2433,1,1,2025-09-09,Poland,Turkey,81.723728,104.26587
2433,2,1,2025-09-09,Lithuania,Greece,91.128935,89.019311
2433,3,1,2025-09-10,Finland,Georgia,116.92854,57.488874
2433,4,1,2025-09-10,Germany,Slovenia,108.27995,83.286337
2434,1,1,2025-09-09,Poland,Turkey,65.415226,75.660932
2434,2,1,2025-09-09,Lithuania,Greece,75.63896,76.063977
2434,3,1,2025-09-10,Finland,Georgia,111.67918,82.263662
2434,4,1,2025-09-10,Germany,Slovenia,103.54868,85.467004
2435,1,1,2025-09-09,Poland,Turkey,70.567233,101.87023
2435,2,1,2025-09-09,Lithuania,Greece,81.730039,69.947081
2435,3,1,2025-09-10,Finland,Georgia,98.78269,47.574073
2435,4,1,2025-09-10,Germany,Slovenia,82.748703,71.688466
2436,1,1,2025-09-09,Poland,Turkey,88.445814,99.645861
2436,2,1,2025-09-09,Lithuania,Greece,73.249945,86.153571
2436,3,1,2025-09-10,Finland,Georgia,82.747459,66.721393
2436,4,1,2025-09-10,Germany,Slovenia,109.0693,62.587079
2437,1,1,2025-09-09,Poland,Turkey,66.014344,83.104072
2437,2,1,2025-09-09,Lithuania,Greece,87.304286,85.581165
2437,3,1,2025-09-10,Finland,Georgia,119.11655,81.293329
2437,4,1,2025-09-10,Germany,Slovenia,116.30651,92.754144
2438,1,1,2025-09-09,Poland,Turkey,88.782384,94.633914
2438,2,1,2025-09-09,Lithuania,Greece,104.257,81.883887
2438,3,1,2025-09-10,Finland,Georgia,88.867561,78.088434
2438,4,1,2025-09-10,Germany,Slovenia,115.2977,80.3544
2439,1,1,2025-09-09,Poland,Turkey,60.193274,78.645213
2439,2,1,2025-09-09,Lithuania,Greece,82.409818,79.875517
2439,3,1,2025-09-10,Finland,Georgia,104.80714,76.881076
2439,4,1,2025-09-10,Germany,Slovenia,105.58046,89.03373
2440,1,1,2025-09-09,Poland,Turkey,84.598259,91.054176
2440,2,1,2025-09-09,Lithuania,Greece,74.201037,70.925925
2440,3,1,2025-09-10,Finland,Georgia,89.168226,75.990354
2440,4,1,2025-09-10,Germany,Slovenia,98.867855,90.828522
2441,1,1,2025-09-09,Poland,Turkey,89.719451,93.099566
2441,2,1,2025-09-09,Lithuania,Greece,105.35327,67.375511
2441,3,1,2025-09-10,Finland,Georgia,105.87442,60.762199
2441,4,1,2025-09-10,Germany,Slovenia,90.394933,77.145858
2442,1,1,2025-09-09,Poland,Turkey,60.862221,118.99458
2442,2,1,2025-09-09,Lithuania,Greece,97.422794,76.993535
2442,3,1,2025-09-10,Finland,Georgia,96.510501,74.751482
2442,4,1,2025-09-10,Germany,Slovenia,81.611419,107.93072
2443,1,1,2025-09-09,Poland,Turkey,75.744043,95.730683
2443,2,1,2025-09-09,Lithuania,Greece,101.38239,76.464471
2443,3,1,2025-09-10,Finland,Georgia,105.3633,71.179916
2443,4,1,2025-09-10,Germany,Slovenia,90.204428,68.8034
2444,1,1,2025-09-09,Poland,Turkey,77.314947,85.365762
2444,2,1,2025-09-09,Lithuania,Greece,98.774549,79.731672
2444,3,1,2025-09-10,Finland,Georgia,102.9203,106.57962
2444,4,1,2025-09-10,Germany,Slovenia,103.70278,78.624523
2445,1,1,2025-09-09,Poland,Turkey,83.641289,81.50017
2445,2,1,2025-09-09,Lithuania,Greece,90.904085,73.297543
2445,3,1,2025-09-10,Finland,Georgia,100.54522,77.052789
2445,4,1,2025-09-10,Germany,Slovenia,88.853911,103.2924
2446,1,1,2025-09-09,Poland,Turkey,81.18939,111.28142
2446,2,1,2025-09-09,Lithuania,Greece,86.505252,81.144527
2446,3,1,2025-09-10,Finland,Georgia,91.927017,77.046007
2446,4,1,2025-09-10,Germany,Slovenia,110.25238,81.791499
2447,1,1,2025-09-09,Poland,Turkey,68.700114,83.804946
2447,2,1,2025-09-09,Lithuania,Greece,102.04048,74.174291
2447,3,1,2025-09-10,Finland,Georgia,106.73437,63.408431
2447,4,1,2025-09-10,Germany,Slovenia,92.884794,79.506638
2448,1,1,2025-09-09,Poland,Turkey,79.969644,69.465321
2448,2,1,2025-09-09,Lithuania,Greece,88.528231,73.871337
2448,3,1,2025-09-10,Finland,Georgia,91.175757,71.17037
2448,4,1,2025-09-10,Germany,Slovenia,110.86853,70.335061
2449,1,1,2025-09-09,Poland,Turkey,77.479311,84.002291
2449,2,1,2025-09-09,Lithuania,Greece,93.948207,70.775599
2449,3,1,2025-09-10,Finland,Georgia,81.681816,62.895927
2449,4,1,2025-09-10,Germany,Slovenia,98.068154,87.344675
2450,1,1,2025-09-09,Poland,Turkey,89.250032,84.944061
2450,2,1,2025-09-09,Lithuania,Greece,80.531136,77.654795
2450,3,1,2025-09-10,Finland,Georgia,114.26869,88.246327
2450,4,1,2025-09-10,Germany,Slovenia,100.7391,85.523296
2451,1,1,2025-09-09,Poland,Turkey,69.05707,88.896826
2451,2,1,2025-09-09,Lithuania,Greece,70.014043,73.333415
2451,3,1,2025-09-10,Finland,Georgia,84.755711,45.840892
2451,4,1,2025-09-10,Germany,Slovenia,117.58283,92.105327
2452,1,1,2025-09-09,Poland,Turkey,72.389588,78.46084
2452,2,1,2025-09-09,Lithuania,Greece,89.2395,88.653536
2452,3,1,2025-09-10,Finland,Georgia,114.45212,92.379943
2452,4,1,2025-09-10,Germany,Slovenia,103.3283,96.494193
2453,1,1,2025-09-09,Poland,Turkey,82.942378,84.240654
2453,2,1,2025-09-09,Lithuania,Greece,83.557939,76.945935
2453,3,1,2025-09-10,Finland,Georgia,75.420075,60.312724
2453,4,1,2025-09-10,Germany,Slovenia,96.333679,86.39986
2454,1,1,2025-09-09,Poland,Turkey,88.258126,80.234565
2454,2,1,2025-09-09,Lithuania,Greece,90.871721,80.788141
2454,3,1,2025-09-10,Finland,Georgia,86.968076,77.564128
2454,4,1,2025-09-10,Germany,Slovenia,93.825677,92.699019
2455,1,1,2025-09-09,Poland,Turkey,57.597763,94.451143
2455,2,1,2025-09-09,Lithuania,Greece,81.761219,73.902233
2455,3,1,2025-09-10,Finland,Georgia,108.24603,79.450445
2455,4,1,2025-09-10,Germany,Slovenia,91.842352,82.693169
2456,1,1,2025-09-09,Poland,Turkey,72.617538,89.990546
2456,2,1,2025-09-09,Lithuania,Greece,97.769593,86.819194
2456,3,1,2025-09-10,Finland,Georgia,92.898248,72.434604
2456,4,1,2025-09-10,Germany,Slovenia,139.83574,80.910521
2457,1,1,2025-09-09,Poland,Turkey,73.5927,73.92609
2457,2,1,2025-09-09,Lithuania,Greece,80.596314,80.793053
2457,3,1,2025-09-10,Finland,Georgia,95.737999,60.202879
2457,4,1,2025-09-10,Germany,Slovenia,106.5723,105.15831
2458,1,1,2025-09-09,Poland,Turkey,70.167464,87.869473
2458,2,1,2025-09-09,Lithuania,Greece,89.070516,79.626853
2458,3,1,2025-09-10,Finland,Georgia,106.52361,88.458435
2458,4,1,2025-09-10,Germany,Slovenia,106.70451,88.351868
2459,1,1,2025-09-09,Poland,Turkey,84.762336,93.408532
2459,2,1,2025-09-09,Lithuania,Greece,84.751605,70.745396
2459,3,1,2025-09-10,Finland,Georgia,96.129661,68.146973
2459,4,1,2025-09-10,Germany,Slovenia,87.395921,81.062932
2460,1,1,2025-09-09,Poland,Turkey,72.108284,83.647506
2460,2,1,2025-09-09,Lithuania,Greece,71.836946,73.620963
2460,3,1,2025-09-10,Finland,Georgia,93.52088,72.874278
2460,4,1,2025-09-10,Germany,Slovenia,110.95371,88.965017
2461,1,1,2025-09-09,Poland,Turkey,83.560274,87.190382
2461,2,1,2025-09-09,Lithuania,Greece,89.159391,83.993572
2461,3,1,2025-09-10,Finland,Georgia,111.24643,87.441283
2461,4,1,2025-09-10,Germany,Slovenia,93.418661,84.071644
2462,1,1,2025-09-09,Poland,Turkey,93.961692,94.346492
2462,2,1,2025-09-09,Lithuania,Greece,100.35559,82.654847
2462,3,1,2025-09-10,Finland,Georgia,98.484314,56.909213
2462,4,1,2025-09-10,Germany,Slovenia,105.06673,80.937669
2463,1,1,2025-09-09,Poland,Turkey,81.254702,94.268355
2463,2,1,2025-09-09,Lithuania,Greece,87.212936,67.88827
2463,3,1,2025-09-10,Finland,Georgia,98.474019,60.93935
2463,4,1,2025-09-10,Germany,Slovenia,114.42073,95.79449
2464,1,1,2025-09-09,Poland,Turkey,66.093979,78.243535
2464,2,1,2025-09-09,Lithuania,Greece,63.943175,64.324711
2464,3,1,2025-09-10,Finland,Georgia,96.658111,66.399791
2464,4,1,2025-09-10,Germany,Slovenia,107.12622,91.757042
2465,1,1,2025-09-09,Poland,Turkey,82.158942,88.573813
2465,2,1,2025-09-09,Lithuania,Greece,79.222383,78.043745
2465,3,1,2025-09-10,Finland,Georgia,116.05333,75.521813
2465,4,1,2025-09-10,Germany,Slovenia,117.97321,98.732379
2466,1,1,2025-09-09,Poland,Turkey,55.606952,85.609915
2466,2,1,2025-09-09,Lithuania,Greece,88.607527,67.264742
2466,3,1,2025-09-10,Finland,Georgia,110.44961,85.943718
2466,4,1,2025-09-10,Germany,Slovenia,90.584792,75.683636
2467,1,1,2025-09-09,Poland,Turkey,63.133159,78.898163
2467,2,1,2025-09-09,Lithuania,Greece,94.123431,87.870193
2467,3,1,2025-09-10,Finland,Georgia,97.790536,74.501752
2467,4,1,2025-09-10,Germany,Slovenia,107.38561,95.575516
2468,1,1,2025-09-09,Poland,Turkey,88.869452,74.581544
2468,2,1,2025-09-09,Lithuania,Greece,87.441762,77.877214
2468,3,1,2025-09-10,Finland,Georgia,82.534714,84.027753
2468,4,1,2025-09-10,Germany,Slovenia,91.785777,79.844655
2469,1,1,2025-09-09,Poland,Turkey,72.66378,87.539276
2469,2,1,2025-09-09,Lithuania,Greece,90.52575,89.278853
2469,3,1,2025-09-10,Finland,Georgia,112.17518,67.047243
2469,4,1,2025-09-10,Germany,Slovenia,105.03564,81.821332
2470,1,1,2025-09-09,Poland,Turkey,81.258693,66.827144
2470,2,1,2025-09-09,Lithuania,Greece,84.306462,66.817319
2470,3,1,2025-09-10,Finland,Georgia,103.30426,72.972239
2470,4,1,2025-09-10,Germany,Slovenia,92.944045,94.608262
2471,1,1,2025-09-09,Poland,Turkey,75.955903,80.17047
2471,2,1,2025-09-09,Lithuania,Greece,81.946771,67.979468
2471,3,1,2025-09-10,Finland,Georgia,113.58525,59.163385
2471,4,1,2025-09-10,Germany,Slovenia,102.84195,94.502008
2472,1,1,2025-09-09,Poland,Turkey,81.121682,94.239814
2472,2,1,2025-09-09,Lithuania,Greece,104.45006,70.250479
2472,3,1,2025-09-10,Finland,Georgia,91.94253,86.1242
2472,4,1,2025-09-10,Germany,Slovenia,93.061131,81.475553
2473,1,1,2025-09-09,Poland,Turkey,83.764229,90.981039
2473,2,1,2025-09-09,Lithuania,Greece,82.947748,78.321382
2473,3,1,2025-09-10,Finland,Georgia,106.93807,95.899688
2473,4,1,2025-09-10,Germany,Slovenia,106.63388,82.056773
2474,1,1,2025-09-09,Poland,Turkey,66.258392,73.249071
2474,2,1,2025-09-09,Lithuania,Greece,110.85185,92.21555
2474,3,1,2025-09-10,Finland,Georgia,107.96391,69.781092
2474,4,1,2025-09-10,Germany,Slovenia,88.553758,72.607065
2475,1,1,2025-09-09,Poland,Turkey,74.012632,71.568598
2475,2,1,2025-09-09,Lithuania,Greece,73.541997,95.877522
2475,3,1,2025-09-10,Finland,Georgia,91.601423,97.001626
2475,4,1,2025-09-10,Germany,Slovenia,105.97291,77.218229
2476,1,1,2025-09-09,Poland,Turkey,82.521568,88.143355
2476,2,1,2025-09-09,Lithuania,Greece,92.765045,83.442894
2476,3,1,2025-09-10,Finland,Georgia,114.45356,78.174786
2476,4,1,2025-09-10,Germany,Slovenia,90.316314,78.108207
2477,1,1,2025-09-09,Poland,Turkey,69.663059,91.225363
2477,2,1,2025-09-09,Lithuania,Greece,100.38672,69.76008
2477,3,1,2025-09-10,Finland,Georgia,112.288,85.0135
2477,4,1,2025-09-10,Germany,Slovenia,93.010911,92.548342
2478,1,1,2025-09-09,Poland,Turkey,68.913405,67.115504
2478,2,1,2025-09-09,Lithuania,Greece,84.791383,73.443462
2478,3,1,2025-09-10,Finland,Georgia,105.45733,80.206562
2478,4,1,2025-09-10,Germany,Slovenia,98.880593,70.087011
2479,1,1,2025-09-09,Poland,Turkey,59.735762,96.559939
2479,2,1,2025-09-09,Lithuania,Greece,91.316995,79.392093
2479,3,1,2025-09-10,Finland,Georgia,101.14408,80.200173
2479,4,1,2025-09-10,Germany,Slovenia,124.86053,97.796467
2480,1,1,2025-09-09,Poland,Turkey,83.483018,94.959041
2480,2,1,2025-09-09,Lithuania,Greece,91.300149,67.5562
2480,3,1,2025-09-10,Finland,Georgia,88.948315,62.622839
2480,4,1,2025-09-10,Germany,Slovenia,74.168837,97.995738
2481,1,1,2025-09-09,Poland,Turkey,62.73948,87.7055
2481,2,1,2025-09-09,Lithuania,Greece,83.803028,75.085846
2481,3,1,2025-09-10,Finland,Georgia,113.5675,83.203252
2481,4,1,2025-09-10,Germany,Slovenia,107.91683,93.576823
2482,1,1,2025-09-09,Poland,Turkey,87.133023,89.963369
2482,2,1,2025-09-09,Lithuania,Greece,72.970009,67.487124
2482,3,1,2025-09-10,Finland,Georgia,87.33179,50.170737
2482,4,1,2025-09-10,Germany,Slovenia,101.62173,75.082686
2483,1,1,2025-09-09,Poland,Turkey,89.821834,93.854371
2483,2,1,2025-09-09,Lithuania,Greece,102.72604,68.258605
2483,3,1,2025-09-10,Finland,Georgia,86.902208,62.766376
2483,4,1,2025-09-10,Germany,Slovenia,95.127089,75.697035
2484,1,1,2025-09-09,Poland,Turkey,73.825917,91.052614
2484,2,1,2025-09-09,Lithuania,Greece,92.393049,80.433159
2484,3,1,2025-09-10,Finland,Georgia,115.32316,81.849398
2484,4,1,2025-09-10,Germany,Slovenia,105.93199,83.842484
2485,1,1,2025-09-09,Poland,Turkey,77.633803,87.699239
2485,2,1,2025-09-09,Lithuania,Greece,86.02728,74.785155
2485,3,1,2025-09-10,Finland,Georgia,122.91758,61.661608
2485,4,1,2025-09-10,Germany,Slovenia,99.564275,100.59571
2486,1,1,2025-09-09,Poland,Turkey,76.306969,99.554994
2486,2,1,2025-09-09,Lithuania,Greece,78.102372,70.871617
2486,3,1,2025-09-10,Finland,Georgia,89.604928,87.430591
2486,4,1,2025-09-10,Germany,Slovenia,89.899659,77.651806
2487,1,1,2025-09-09,Poland,Turkey,60.825231,65.937453
2487,2,1,2025-09-09,Lithuania,Greece,85.810007,63.848773
2487,3,1,2025-09-10,Finland,Georgia,84.77318,66.705597
2487,4,1,2025-09-10,Germany,Slovenia,112.19271,85.467466
2488,1,1,2025-09-09,Poland,Turkey,89.645609,82.121405
2488,2,1,2025-09-09,Lithuania,Greece,68.925491,62.040712
2488,3,1,2025-09-10,Finland,Georgia,95.877097,64.222319
2488,4,1,2025-09-10,Germany,Slovenia,103.74837,83.670671
2489,1,1,2025-09-09,Poland,Turkey,61.088702,44.220233
2489,2,1,2025-09-09,Lithuania,Greece,87.832831,71.031551
2489,3,1,2025-09-10,Finland,Georgia,106.00189,87.671408
2489,4,1,2025-09-10,Germany,Slovenia,94.011517,99.689087
2490,1,1,2025-09-09,Poland,Turkey,83.449333,79.932515
2490,2,1,2025-09-09,Lithuania,Greece,92.546056,64.91648
2490,3,1,2025-09-10,Finland,Georgia,83.547656,77.659927
2490,4,1,2025-09-10,Germany,Slovenia,99.853492,92.010026
2491,1,1,2025-09-09,Poland,Turkey,61.578247,76.324069
2491,2,1,2025-09-09,Lithuania,Greece,89.845619,96.41918
2491,3,1,2025-09-10,Finland,Georgia,90.403153,83.582544
2491,4,1,2025-09-10,Germany,Slovenia,102.69246,100.43963
2492,1,1,2025-09-09,Poland,Turkey,66.933612,88.140292
2492,2,1,2025-09-09,Lithuania,Greece,76.093383,81.17925
2492,3,1,2025-09-10,Finland,Georgia,95.513235,92.894858
2492,4,1,2025-09-10,Germany,Slovenia,99.070495,83.275402
2493,1,1,2025-09-09,Poland,Turkey,65.781514,85.943287
2493,2,1,2025-09-09,Lithuania,Greece,66.505239,82.445387
2493,3,1,2025-09-10,Finland,Georgia,86.496778,76.551249
2493,4,1,2025-09-10,Germany,Slovenia,94.01071,61.081796
2494,1,1,2025-09-09,Poland,Turkey,62.411388,86.791685
2494,2,1,2025-09-09,Lithuania,Greece,83.99563,66.204232
2494,3,1,2025-09-10,Finland,Georgia,108.01724,79.865157
2494,4,1,2025-09-10,Germany,Slovenia,116.8436,99.096615
2495,1,1,2025-09-09,Poland,Turkey,73.500365,91.575022
2495,2,1,2025-09-09,Lithuania,Greece,67.482914,66.781965
2495,3,1,2025-09-10,Finland,Georgia,88.115835,68.613379
2495,4,1,2025-09-10,Germany,Slovenia,76.443079,83.839021
2496,1,1,2025-09-09,Poland,Turkey,63.740778,82.973555
2496,2,1,2025-09-09,Lithuania,Greece,107.4846,97.25283
2496,3,1,2025-09-10,Finland,Georgia,111.31644,76.083096
2496,4,1,2025-09-10,Germany,Slovenia,116.88133,65.320138
2497,1,1,2025-09-09,Poland,Turkey,71.923341,84.57048
2497,2,1,2025-09-09,Lithuania,Greece,86.197118,57.244587
2497,3,1,2025-09-10,Finland,Georgia,84.911383,67.857437
2497,4,1,2025-09-10,Germany,Slovenia,135.13312,105.55852
2498,1,1,2025-09-09,Poland,Turkey,75.361817,90.476067
2498,2,1,2025-09-09,Lithuania,Greece,99.596479,109.9493
2498,3,1,2025-09-10,Finland,Georgia,79.131053,66.51977
2498,4,1,2025-09-10,Germany,Slovenia,95.956363,79.913945
2499,1,1,2025-09-09,Poland,Turkey,79.401165,87.62843
2499,2,1,2025-09-09,Lithuania,Greece,81.998227,61.930217
2499,3,1,2025-09-10,Finland,Georgia,107.33975,61.470848
2499,4,1,2025-09-10,Germany,Slovenia,110.72969,77.520263
2500,1,1,2025-09-09,Poland,Turkey,103.57606,80.504215
2500,2,1,2025-09-09,Lithuania,Greece,75.926679,77.738503
2500,3,1,2025-09-10,Finland,Georgia,111.10776,78.720256
2500,4,1,2025-09-10,Germany,Slovenia,100.75295,93.069685
2501,1,1,2025-09-09,Poland,Turkey,88.113248,114.15876
2501,2,1,2025-09-09,Lithuania,Greece,77.907851,70.616342
2501,3,1,2025-09-10,Finland,Georgia,90.736686,82.437733
2501,4,1,2025-09-10,Germany,Slovenia,97.356103,78.391924
2502,1,1,2025-09-09,Poland,Turkey,78.683229,96.494605
2502,2,1,2025-09-09,Lithuania,Greece,88.747411,78.46739
2502,3,1,2025-09-10,Finland,Georgia,119.89209,97.403954
2502,4,1,2025-09-10,Germany,Slovenia,83.371814,59.427919
2503,1,1,2025-09-09,Poland,Turkey,85.248724,86.186257
2503,2,1,2025-09-09,Lithuania,Greece,81.663131,72.748637
2503,3,1,2025-09-10,Finland,Georgia,88.207223,75.008409
2503,4,1,2025-09-10,Germany,Slovenia,117.06058,93.402062
2504,1,1,2025-09-09,Poland,Turkey,57.987629,62.888613
2504,2,1,2025-09-09,Lithuania,Greece,85.024556,82.420551
2504,3,1,2025-09-10,Finland,Georgia,88.926289,56.420353
2504,4,1,2025-09-10,Germany,Slovenia,126.60463,83.487129
2505,1,1,2025-09-09,Poland,Turkey,80.817779,90.986857
2505,2,1,2025-09-09,Lithuania,Greece,85.212809,82.996231
2505,3,1,2025-09-10,Finland,Georgia,91.16427,58.9884
2505,4,1,2025-09-10,Germany,Slovenia,106.22616,69.234564
2506,1,1,2025-09-09,Poland,Turkey,66.190753,65.506121
2506,2,1,2025-09-09,Lithuania,Greece,106.2901,67.483935
2506,3,1,2025-09-10,Finland,Georgia,93.607369,93.079947
2506,4,1,2025-09-10,Germany,Slovenia,115.06916,98.320248
2507,1,1,2025-09-09,Poland,Turkey,76.281031,96.286482
2507,2,1,2025-09-09,Lithuania,Greece,90.728685,89.089916
2507,3,1,2025-09-10,Finland,Georgia,90.779685,95.754523
2507,4,1,2025-09-10,Germany,Slovenia,97.669057,72.505388
2508,1,1,2025-09-09,Poland,Turkey,64.031351,81.876883
2508,2,1,2025-09-09,Lithuania,Greece,98.249427,71.422871
2508,3,1,2025-09-10,Finland,Georgia,105.26651,75.976625
2508,4,1,2025-09-10,Germany,Slovenia,107.1283,93.316012
2509,1,1,2025-09-09,Poland,Turkey,83.940818,81.369114
2509,2,1,2025-09-09,Lithuania,Greece,87.138471,59.405144
2509,3,1,2025-09-10,Finland,Georgia,85.510375,78.410675
2509,4,1,2025-09-10,Germany,Slovenia,108.38751,84.69792
2510,1,1,2025-09-09,Poland,Turkey,69.397482,69.579281
2510,2,1,2025-09-09,Lithuania,Greece,103.50636,84.56214
2510,3,1,2025-09-10,Finland,Georgia,111.17241,72.317781
2510,4,1,2025-09-10,Germany,Slovenia,113.78299,84.82697
2511,1,1,2025-09-09,Poland,Turkey,72.919063,80.404981
2511,2,1,2025-09-09,Lithuania,Greece,90.787134,87.490978
2511,3,1,2025-09-10,Finland,Georgia,93.533473,72.620795
2511,4,1,2025-09-10,Germany,Slovenia,114.42051,89.498138
2512,1,1,2025-09-09,Poland,Turkey,81.242474,90.112887
2512,2,1,2025-09-09,Lithuania,Greece,76.276103,66.913872
2512,3,1,2025-09-10,Finland,Georgia,102.09416,80.987225
2512,4,1,2025-09-10,Germany,Slovenia,113.57347,88.198246
2513,1,1,2025-09-09,Poland,Turkey,84.771446,84.268392
2513,2,1,2025-09-09,Lithuania,Greece,85.233195,83.517297
2513,3,1,2025-09-10,Finland,Georgia,108.73679,81.587509
2513,4,1,2025-09-10,Germany,Slovenia,96.994239,76.649806
2514,1,1,2025-09-09,Poland,Turkey,78.931502,85.913274
2514,2,1,2025-09-09,Lithuania,Greece,60.755482,56.203055
2514,3,1,2025-09-10,Finland,Georgia,108.69798,84.51273
2514,4,1,2025-09-10,Germany,Slovenia,108.45552,75.108916
2515,1,1,2025-09-09,Poland,Turkey,86.416484,92.4217
2515,2,1,2025-09-09,Lithuania,Greece,82.598479,73.677484
2515,3,1,2025-09-10,Finland,Georgia,99.26084,71.670565
2515,4,1,2025-09-10,Germany,Slovenia,95.664322,79.69796
2516,1,1,2025-09-09,Poland,Turkey,93.15044,94.617677
2516,2,1,2025-09-09,Lithuania,Greece,89.0018,91.60012
2516,3,1,2025-09-10,Finland,Georgia,93.988151,77.817023
2516,4,1,2025-09-10,Germany,Slovenia,99.040859,70.360789
2517,1,1,2025-09-09,Poland,Turkey,72.314988,94.160894
2517,2,1,2025-09-09,Lithuania,Greece,82.329174,77.735329
2517,3,1,2025-09-10,Finland,Georgia,97.470188,77.954714
2517,4,1,2025-09-10,Germany,Slovenia,106.47773,82.297817
2518,1,1,2025-09-09,Poland,Turkey,74.987439,82.501189
2518,2,1,2025-09-09,Lithuania,Greece,73.9869,66.010561
2518,3,1,2025-09-10,Finland,Georgia,98.792654,79.332623
2518,4,1,2025-09-10,Germany,Slovenia,84.177925,77.164399
2519,1,1,2025-09-09,Poland,Turkey,71.940779,84.078658
2519,2,1,2025-09-09,Lithuania,Greece,88.972526,100.71589
2519,3,1,2025-09-10,Finland,Georgia,98.285112,69.322471
2519,4,1,2025-09-10,Germany,Slovenia,84.285569,84.297346
2520,1,1,2025-09-09,Poland,Turkey,69.147072,85.029846
2520,2,1,2025-09-09,Lithuania,Greece,70.649653,78.464853
2520,3,1,2025-09-10,Finland,Georgia,105.59081,97.463225
2520,4,1,2025-09-10,Germany,Slovenia,116.10778,90.777505
2521,1,1,2025-09-09,Poland,Turkey,66.096255,99.191466
2521,2,1,2025-09-09,Lithuania,Greece,92.99302,69.495986
2521,3,1,2025-09-10,Finland,Georgia,88.516827,75.728098
2521,4,1,2025-09-10,Germany,Slovenia,94.755776,88.8822
2522,1,1,2025-09-09,Poland,Turkey,82.90634,94.545039
2522,2,1,2025-09-09,Lithuania,Greece,94.361494,63.413612
2522,3,1,2025-09-10,Finland,Georgia,78.413841,67.026982
2522,4,1,2025-09-10,Germany,Slovenia,112.55852,76.277708
2523,1,1,2025-09-09,Poland,Turkey,81.69935,91.894254
2523,2,1,2025-09-09,Lithuania,Greece,98.493009,55.440798
2523,3,1,2025-09-10,Finland,Georgia,107.26263,73.20913
2523,4,1,2025-09-10,Germany,Slovenia,98.152555,83.161453
2524,1,1,2025-09-09,Poland,Turkey,81.544765,99.477595
2524,2,1,2025-09-09,Lithuania,Greece,103.88613,84.886804
2524,3,1,2025-09-10,Finland,Georgia,83.145676,59.563848
2524,4,1,2025-09-10,Germany,Slovenia,103.18372,82.512634
2525,1,1,2025-09-09,Poland,Turkey,79.259484,89.413253
2525,2,1,2025-09-09,Lithuania,Greece,78.004515,83.20013
2525,3,1,2025-09-10,Finland,Georgia,91.731722,79.097207
2525,4,1,2025-09-10,Germany,Slovenia,103.44911,78.646756
2526,1,1,2025-09-09,Poland,Turkey,76.489595,103.24159
2526,2,1,2025-09-09,Lithuania,Greece,95.961862,78.805294
2526,3,1,2025-09-10,Finland,Georgia,85.909519,58.071883
2526,4,1,2025-09-10,Germany,Slovenia,98.314086,79.190071
2527,1,1,2025-09-09,Poland,Turkey,84.136717,89.058961
2527,2,1,2025-09-09,Lithuania,Greece,87.607147,83.668223
2527,3,1,2025-09-10,Finland,Georgia,97.946315,80.952902
2527,4,1,2025-09-10,Germany,Slovenia,93.066789,97.128061
2528,1,1,2025-09-09,Poland,Turkey,84.906168,90.969855
2528,2,1,2025-09-09,Lithuania,Greece,75.211665,75.103139
2528,3,1,2025-09-10,Finland,Georgia,83.9537,69.856459
2528,4,1,2025-09-10,Germany,Slovenia,98.553146,99.350372
2529,1,1,2025-09-09,Poland,Turkey,67.515608,91.094831
2529,2,1,2025-09-09,Lithuania,Greece,88.405274,70.024217
2529,3,1,2025-09-10,Finland,Georgia,87.701854,76.39437
2529,4,1,2025-09-10,Germany,Slovenia,106.63889,69.408474
2530,1,1,2025-09-09,Poland,Turkey,77.196591,89.997421
2530,2,1,2025-09-09,Lithuania,Greece,86.897308,76.170924
2530,3,1,2025-09-10,Finland,Georgia,94.470142,82.297201
2530,4,1,2025-09-10,Germany,Slovenia,114.47324,90.592316
2531,1,1,2025-09-09,Poland,Turkey,84.535124,102.11153
2531,2,1,2025-09-09,Lithuania,Greece,78.69729,53.153838
2531,3,1,2025-09-10,Finland,Georgia,104.38041,91.079866
2531,4,1,2025-09-10,Germany,Slovenia,105.29385,88.521075
2532,1,1,2025-09-09,Poland,Turkey,88.673056,100.41361
2532,2,1,2025-09-09,Lithuania,Greece,78.062519,86.473993
2532,3,1,2025-09-10,Finland,Georgia,84.627516,80.155253
2532,4,1,2025-09-10,Germany,Slovenia,108.95211,96.414726
2533,1,1,2025-09-09,Poland,Turkey,73.008388,77.918488
2533,2,1,2025-09-09,Lithuania,Greece,86.620179,60.442398
2533,3,1,2025-09-10,Finland,Georgia,104.98175,88.741269
2533,4,1,2025-09-10,Germany,Slovenia,99.787383,72.760726
2534,1,1,2025-09-09,Poland,Turkey,83.532007,83.302539
2534,2,1,2025-09-09,Lithuania,Greece,78.592671,78.34253
2534,3,1,2025-09-10,Finland,Georgia,84.682403,76.084695
2534,4,1,2025-09-10,Germany,Slovenia,112.24083,103.76002
2535,1,1,2025-09-09,Poland,Turkey,81.014008,82.837421
2535,2,1,2025-09-09,Lithuania,Greece,76.028425,87.914381
2535,3,1,2025-09-10,Finland,Georgia,108.97768,83.426825
2535,4,1,2025-09-10,Germany,Slovenia,84.65668,93.320989
2536,1,1,2025-09-09,Poland,Turkey,79.501559,82.285365
2536,2,1,2025-09-09,Lithuania,Greece,74.394226,79.615961
2536,3,1,2025-09-10,Finland,Georgia,90.999306,90.129743
2536,4,1,2025-09-10,Germany,Slovenia,111.876,100.01683
2537,1,1,2025-09-09,Poland,Turkey,69.214859,70.649277
2537,2,1,2025-09-09,Lithuania,Greece,93.333212,74.907144
2537,3,1,2025-09-10,Finland,Georgia,108.66434,82.836695
2537,4,1,2025-09-10,Germany,Slovenia,114.13727,99.035794
2538,1,1,2025-09-09,Poland,Turkey,83.92817,93.017076
2538,2,1,2025-09-09,Lithuania,Greece,81.23946,84.809155
2538,3,1,2025-09-10,Finland,Georgia,101.37166,74.91918
2538,4,1,2025-09-10,Germany,Slovenia,109.65005,90.244207
2539,1,1,2025-09-09,Poland,Turkey,82.74974,100.96632
2539,2,1,2025-09-09,Lithuania,Greece,90.297726,83.233293
2539,3,1,2025-09-10,Finland,Georgia,96.582844,93.754616
2539,4,1,2025-09-10,Germany,Slovenia,113.42662,73.576118
2540,1,1,2025-09-09,Poland,Turkey,82.436408,84.808373
2540,2,1,2025-09-09,Lithuania,Greece,86.926744,59.017838
2540,3,1,2025-09-10,Finland,Georgia,112.84307,90.515232
2540,4,1,2025-09-10,Germany,Slovenia,99.119599,81.36583
2541,1,1,2025-09-09,Poland,Turkey,75.577667,81.997498
2541,2,1,2025-09-09,Lithuania,Greece,88.673337,80.051643
2541,3,1,2025-09-10,Finland,Georgia,55.272098,77.739772
2541,4,1,2025-09-10,Germany,Slovenia,95.722117,78.099053
2542,1,1,2025-09-09,Poland,Turkey,74.606387,93.136698
2542,2,1,2025-09-09,Lithuania,Greece,92.449737,57.039012
2542,3,1,2025-09-10,Finland,Georgia,105.72328,83.944845
2542,4,1,2025-09-10,Germany,Slovenia,117.37698,95.381657
2543,1,1,2025-09-09,Poland,Turkey,63.929742,77.270559
2543,2,1,2025-09-09,Lithuania,Greece,84.570503,74.703674
2543,3,1,2025-09-10,Finland,Georgia,90.209019,81.803972
2543,4,1,2025-09-10,Germany,Slovenia,87.080003,63.724332
2544,1,1,2025-09-09,Poland,Turkey,84.353367,90.200702
2544,2,1,2025-09-09,Lithuania,Greece,79.507084,70.155939
2544,3,1,2025-09-10,Finland,Georgia,93.792551,90.357991
2544,4,1,2025-09-10,Germany,Slovenia,87.519426,65.330378
2545,1,1,2025-09-09,Poland,Turkey,79.646919,108.52866
2545,2,1,2025-09-09,Lithuania,Greece,85.358445,85.213586
2545,3,1,2025-09-10,Finland,Georgia,108.3675,74.265538
2545,4,1,2025-09-10,Germany,Slovenia,120.0398,110.41501
2546,1,1,2025-09-09,Poland,Turkey,90.263081,76.561705
2546,2,1,2025-09-09,Lithuania,Greece,88.813972,58.624945
2546,3,1,2025-09-10,Finland,Georgia,113.23948,68.411883
2546,4,1,2025-09-10,Germany,Slovenia,110.46269,89.731399
2547,1,1,2025-09-09,Poland,Turkey,57.457214,69.719918
2547,2,1,2025-09-09,Lithuania,Greece,98.381043,63.386625
2547,3,1,2025-09-10,Finland,Georgia,91.693033,67.649564
2547,4,1,2025-09-10,Germany,Slovenia,107.12323,85.626613
2548,1,1,2025-09-09,Poland,Turkey,77.220149,89.38253
2548,2,1,2025-09-09,Lithuania,Greece,88.002454,81.902944
2548,3,1,2025-09-10,Finland,Georgia,102.03851,69.051468
2548,4,1,2025-09-10,Germany,Slovenia,94.691914,77.536639
2549,1,1,2025-09-09,Poland,Turkey,84.774967,98.877776
2549,2,1,2025-09-09,Lithuania,Greece,79.662027,62.143386
2549,3,1,2025-09-10,Finland,Georgia,90.034304,77.246772000000007
2549,4,1,2025-09-10,Germany,Slovenia,111.14764,102.69807
2550,1,1,2025-09-09,Poland,Turkey,79.026146,86.992696
2550,2,1,2025-09-09,Lithuania,Greece,77.929147,77.566693
2550,3,1,2025-09-10,Finland,Georgia,96.81764,74.471517
2550,4,1,2025-09-10,Germany,Slovenia,105.50245,86.286726
2551,1,1,2025-09-09,Poland,Turkey,76.196236,96.317649
2551,2,1,2025-09-09,Lithuania,Greece,89.767106,84.145139
2551,3,1,2025-09-10,Finland,Georgia,103.5376,75.554591
2551,4,1,2025-09-10,Germany,Slovenia,105.83911,85.704479
2552,1,1,2025-09-09,Poland,Turkey,97.333704,108.67925
2552,2,1,2025-09-09,Lithuania,Greece,99.437661,70.342835
2552,3,1,2025-09-10,Finland,Georgia,92.029616,72.060911
2552,4,1,2025-09-10,Germany,Slovenia,84.911054,64.454457
2553,1,1,2025-09-09,Poland,Turkey,92.395192,99.745694
2553,2,1,2025-09-09,Lithuania,Greece,65.363843,78.874781
2553,3,1,2025-09-10,Finland,Georgia,109.06208,118.23962
2553,4,1,2025-09-10,Germany,Slovenia,92.633761,88.64529
2554,1,1,2025-09-09,Poland,Turkey,92.261891,77.728112
2554,2,1,2025-09-09,Lithuania,Greece,84.390855,83.667378
2554,3,1,2025-09-10,Finland,Georgia,119.5508,86.13164
2554,4,1,2025-09-10,Germany,Slovenia,97.557159,72.852984
2555,1,1,2025-09-09,Poland,Turkey,64.367113,87.222069
2555,2,1,2025-09-09,Lithuania,Greece,82.128453,77.468315
2555,3,1,2025-09-10,Finland,Georgia,95.672533,75.495013
2555,4,1,2025-09-10,Germany,Slovenia,109.6346,61.585893
2556,1,1,2025-09-09,Poland,Turkey,77.276594,83.77982
2556,2,1,2025-09-09,Lithuania,Greece,89.728869,77.871091
2556,3,1,2025-09-10,Finland,Georgia,92.773555,83.317341
2556,4,1,2025-09-10,Germany,Slovenia,86.609667,78.437554
2557,1,1,2025-09-09,Poland,Turkey,73.328141,85.789357999999993
2557,2,1,2025-09-09,Lithuania,Greece,71.903508,90.783793
2557,3,1,2025-09-10,Finland,Georgia,84.94891,86.016013
2557,4,1,2025-09-10,Germany,Slovenia,96.020678,63.845674
2558,1,1,2025-09-09,Poland,Turkey,68.885991,93.53471
2558,2,1,2025-09-09,Lithuania,Greece,85.793452,85.258245
2558,3,1,2025-09-10,Finland,Georgia,94.872833,83.66945
2558,4,1,2025-09-10,Germany,Slovenia,82.169175,80.682139
2559,1,1,2025-09-09,Poland,Turkey,82.973701,112.24288
2559,2,1,2025-09-09,Lithuania,Greece,91.049552,89.136892
2559,3,1,2025-09-10,Finland,Georgia,103.54733,69.533029
2559,4,1,2025-09-10,Germany,Slovenia,103.26789,87.584786
2560,1,1,2025-09-09,Poland,Turkey,66.43313,88.767468
2560,2,1,2025-09-09,Lithuania,Greece,97.987967,88.162607
2560,3,1,2025-09-10,Finland,Georgia,108.83303,76.476044
2560,4,1,2025-09-10,Germany,Slovenia,104.45891,70.139342
2561,1,1,2025-09-09,Poland,Turkey,73.212236,86.317283
2561,2,1,2025-09-09,Lithuania,Greece,104.74404,80.517637
2561,3,1,2025-09-10,Finland,Georgia,111.58354,68.831367
2561,4,1,2025-09-10,Germany,Slovenia,100.12988,71.927885
2562,1,1,2025-09-09,Poland,Turkey,72.471153,86.346161
2562,2,1,2025-09-09,Lithuania,Greece,86.786608,99.20325
2562,3,1,2025-09-10,Finland,Georgia,93.935989,87.030118
2562,4,1,2025-09-10,Germany,Slovenia,102.46043,96.143953
2563,1,1,2025-09-09,Poland,Turkey,87.007973,82.46343
2563,2,1,2025-09-09,Lithuania,Greece,83.156888,78.439802
2563,3,1,2025-09-10,Finland,Georgia,106.5186,75.67152
2563,4,1,2025-09-10,Germany,Slovenia,100.1102,78.751255
2564,1,1,2025-09-09,Poland,Turkey,81.557973,97.706567
2564,2,1,2025-09-09,Lithuania,Greece,82.505606,74.114441
2564,3,1,2025-09-10,Finland,Georgia,68.778848,62.000953
2564,4,1,2025-09-10,Germany,Slovenia,110.70372,80.310769
2565,1,1,2025-09-09,Poland,Turkey,67.611955,87.214915
2565,2,1,2025-09-09,Lithuania,Greece,81.051997,69.620155
2565,3,1,2025-09-10,Finland,Georgia,105.66319,48.717677
2565,4,1,2025-09-10,Germany,Slovenia,98.037086,73.537515
2566,1,1,2025-09-09,Poland,Turkey,86.165361,80.204705
2566,2,1,2025-09-09,Lithuania,Greece,76.083126,59.194415
2566,3,1,2025-09-10,Finland,Georgia,88.329678,77.909337
2566,4,1,2025-09-10,Germany,Slovenia,117.75563,81.21765
2567,1,1,2025-09-09,Poland,Turkey,53.495702,90.842309
2567,2,1,2025-09-09,Lithuania,Greece,92.373605,82.44457
2567,3,1,2025-09-10,Finland,Georgia,110.74712,64.509899
2567,4,1,2025-09-10,Germany,Slovenia,121.72787,85.217866
2568,1,1,2025-09-09,Poland,Turkey,71.953271,91.623653
2568,2,1,2025-09-09,Lithuania,Greece,80.762809,75.820662
2568,3,1,2025-09-10,Finland,Georgia,91.637933,71.669349
2568,4,1,2025-09-10,Germany,Slovenia,106.22339,82.185894
2569,1,1,2025-09-09,Poland,Turkey,76.982188,97.236235
2569,2,1,2025-09-09,Lithuania,Greece,89.989917,64.22626
2569,3,1,2025-09-10,Finland,Georgia,87.633553,79.479509
2569,4,1,2025-09-10,Germany,Slovenia,104.45929,96.224507
2570,1,1,2025-09-09,Poland,Turkey,62.668178,85.013466
2570,2,1,2025-09-09,Lithuania,Greece,76.067446,59.993598
2570,3,1,2025-09-10,Finland,Georgia,99.345923,63.793172
2570,4,1,2025-09-10,Germany,Slovenia,102.19845,69.705845
2571,1,1,2025-09-09,Poland,Turkey,86.062077,87.185807
2571,2,1,2025-09-09,Lithuania,Greece,89.003103,81.668977
2571,3,1,2025-09-10,Finland,Georgia,101.79367,79.275273
2571,4,1,2025-09-10,Germany,Slovenia,99.913306,98.532537
2572,1,1,2025-09-09,Poland,Turkey,77.440998,98.374649
2572,2,1,2025-09-09,Lithuania,Greece,90.29701,96.789263
2572,3,1,2025-09-10,Finland,Georgia,109.13695,89.755596
2572,4,1,2025-09-10,Germany,Slovenia,113.62466,94.368058
2573,1,1,2025-09-09,Poland,Turkey,69.042726,82.037149
2573,2,1,2025-09-09,Lithuania,Greece,94.561251,84.80882
2573,3,1,2025-09-10,Finland,Georgia,101.33663,93.993329
2573,4,1,2025-09-10,Germany,Slovenia,119.8707,79.211877
2574,1,1,2025-09-09,Poland,Turkey,51.127288,82.029144
2574,2,1,2025-09-09,Lithuania,Greece,71.215692,68.809174
2574,3,1,2025-09-10,Finland,Georgia,99.441671,83.940402
2574,4,1,2025-09-10,Germany,Slovenia,114.61254,102.29217
2575,1,1,2025-09-09,Poland,Turkey,88.096563,91.349906
2575,2,1,2025-09-09,Lithuania,Greece,82.509979,79.39723
2575,3,1,2025-09-10,Finland,Georgia,92.296035,84.277048
2575,4,1,2025-09-10,Germany,Slovenia,98.919208,86.051402
2576,1,1,2025-09-09,Poland,Turkey,70.807684,91.384613
2576,2,1,2025-09-09,Lithuania,Greece,57.575883,65.901643000000007
2576,3,1,2025-09-10,Finland,Georgia,82.516352,70.589096
2576,4,1,2025-09-10,Germany,Slovenia,100.02554,85.359076
2577,1,1,2025-09-09,Poland,Turkey,38.459303,74.558679
2577,2,1,2025-09-09,Lithuania,Greece,86.694963,81.901853
2577,3,1,2025-09-10,Finland,Georgia,98.179305,71.401732
2577,4,1,2025-09-10,Germany,Slovenia,91.223551,93.984711
2578,1,1,2025-09-09,Poland,Turkey,69.878175,91.254969
2578,2,1,2025-09-09,Lithuania,Greece,93.225315,79.369468
2578,3,1,2025-09-10,Finland,Georgia,118.39854,87.117378
2578,4,1,2025-09-10,Germany,Slovenia,90.555176,61.594474
2579,1,1,2025-09-09,Poland,Turkey,51.341276,74.505667
2579,2,1,2025-09-09,Lithuania,Greece,97.687033,75.791447
2579,3,1,2025-09-10,Finland,Georgia,89.839354,72.699774
2579,4,1,2025-09-10,Germany,Slovenia,109.86057,92.553913
2580,1,1,2025-09-09,Poland,Turkey,74.086651,77.488653
2580,2,1,2025-09-09,Lithuania,Greece,83.003911,73.900128
2580,3,1,2025-09-10,Finland,Georgia,90.824014,71.704846
2580,4,1,2025-09-10,Germany,Slovenia,112.44531,91.12457
2581,1,1,2025-09-09,Poland,Turkey,62.664209,99.901364
2581,2,1,2025-09-09,Lithuania,Greece,90.328549,68.001639
2581,3,1,2025-09-10,Finland,Georgia,102.88147,75.378856
2581,4,1,2025-09-10,Germany,Slovenia,105.68171,59.713565
2582,1,1,2025-09-09,Poland,Turkey,73.586048,82.680475
2582,2,1,2025-09-09,Lithuania,Greece,94.457074,70.381444
2582,3,1,2025-09-10,Finland,Georgia,90.124612,76.615553
2582,4,1,2025-09-10,Germany,Slovenia,106.16046,84.717495
2583,1,1,2025-09-09,Poland,Turkey,88.66795,77.220743
2583,2,1,2025-09-09,Lithuania,Greece,99.561191,78.922214
2583,3,1,2025-09-10,Finland,Georgia,97.618057,65.7338
2583,4,1,2025-09-10,Germany,Slovenia,102.55259,78.176731
2584,1,1,2025-09-09,Poland,Turkey,54.373958,70.100274
2584,2,1,2025-09-09,Lithuania,Greece,92.204106,66.893851
2584,3,1,2025-09-10,Finland,Georgia,90.297548,77.019126
2584,4,1,2025-09-10,Germany,Slovenia,109.83593,85.690626
2585,1,1,2025-09-09,Poland,Turkey,77.667361,107.44551
2585,2,1,2025-09-09,Lithuania,Greece,79.049035,68.749902
2585,3,1,2025-09-10,Finland,Georgia,89.544191,81.920643
2585,4,1,2025-09-10,Germany,Slovenia,72.047104,89.991596
2586,1,1,2025-09-09,Poland,Turkey,60.881994,70.963007
2586,2,1,2025-09-09,Lithuania,Greece,99.190953,65.968547
2586,3,1,2025-09-10,Finland,Georgia,85.697624,95.135519
2586,4,1,2025-09-10,Germany,Slovenia,89.997201,78.15401
2587,1,1,2025-09-09,Poland,Turkey,82.211367,91.948222
2587,2,1,2025-09-09,Lithuania,Greece,92.582307,92.617577
2587,3,1,2025-09-10,Finland,Georgia,97.605804,84.698544
2587,4,1,2025-09-10,Germany,Slovenia,104.66744,80.704513
2588,1,1,2025-09-09,Poland,Turkey,84.739617,101.16531
2588,2,1,2025-09-09,Lithuania,Greece,87.386737,87.503729
2588,3,1,2025-09-10,Finland,Georgia,110.7981,77.524648
2588,4,1,2025-09-10,Germany,Slovenia,92.322404,83.99535
2589,1,1,2025-09-09,Poland,Turkey,84.933963,104.30386
2589,2,1,2025-09-09,Lithuania,Greece,115.18176,86.679825
2589,3,1,2025-09-10,Finland,Georgia,86.111826,90.361482
2589,4,1,2025-09-10,Germany,Slovenia,97.161051,67.030053
2590,1,1,2025-09-09,Poland,Turkey,83.206131,92.844595
2590,2,1,2025-09-09,Lithuania,Greece,92.290297,88.62707
2590,3,1,2025-09-10,Finland,Georgia,80.835604,80.095327
2590,4,1,2025-09-10,Germany,Slovenia,105.65032,91.043769
2591,1,1,2025-09-09,Poland,Turkey,75.371851,87.055614
2591,2,1,2025-09-09,Lithuania,Greece,76.794213,66.319821
2591,3,1,2025-09-10,Finland,Georgia,90.760721,65.507066
2591,4,1,2025-09-10,Germany,Slovenia,118.47642,81.668036
2592,1,1,2025-09-09,Poland,Turkey,92.959158,93.893238
2592,2,1,2025-09-09,Lithuania,Greece,79.963124,78.314551
2592,3,1,2025-09-10,Finland,Georgia,72.459098,62.884697
2592,4,1,2025-09-10,Germany,Slovenia,104.0664,97.76975
2593,1,1,2025-09-09,Poland,Turkey,74.560604,90.036008
2593,2,1,2025-09-09,Lithuania,Greece,77.65234,79.84457
2593,3,1,2025-09-10,Finland,Georgia,98.05771,59.619108
2593,4,1,2025-09-10,Germany,Slovenia,100.98206,82.074102
2594,1,1,2025-09-09,Poland,Turkey,86.362633,101.50465
2594,2,1,2025-09-09,Lithuania,Greece,76.081374,71.39219
2594,3,1,2025-09-10,Finland,Georgia,94.602063,54.882922
2594,4,1,2025-09-10,Germany,Slovenia,83.761661,74.798806
2595,1,1,2025-09-09,Poland,Turkey,67.390812,67.282933
2595,2,1,2025-09-09,Lithuania,Greece,90.647408,102.10397
2595,3,1,2025-09-10,Finland,Georgia,95.455069,86.697048
2595,4,1,2025-09-10,Germany,Slovenia,94.528749,57.226965
2596,1,1,2025-09-09,Poland,Turkey,67.968537,88.514271
2596,2,1,2025-09-09,Lithuania,Greece,93.584363,97.817927
2596,3,1,2025-09-10,Finland,Georgia,102.40884,81.951579
2596,4,1,2025-09-10,Germany,Slovenia,94.7013,82.962468
2597,1,1,2025-09-09,Poland,Turkey,72.498514,81.711701
2597,2,1,2025-09-09,Lithuania,Greece,77.899299,95.391872
2597,3,1,2025-09-10,Finland,Georgia,85.012089,86.625934
2597,4,1,2025-09-10,Germany,Slovenia,82.602068,75.002533
2598,1,1,2025-09-09,Poland,Turkey,69.409139,61.138769
2598,2,1,2025-09-09,Lithuania,Greece,74.962273,71.077941
2598,3,1,2025-09-10,Finland,Georgia,113.07739,74.657674
2598,4,1,2025-09-10,Germany,Slovenia,103.22256,88.444166
2599,1,1,2025-09-09,Poland,Turkey,81.220583,94.900686
2599,2,1,2025-09-09,Lithuania,Greece,96.133623,63.266557
2599,3,1,2025-09-10,Finland,Georgia,80.987298,96.120146
2599,4,1,2025-09-10,Germany,Slovenia,124.13643,93.414468
2600,1,1,2025-09-09,Poland,Turkey,77.929204,85.552652
2600,2,1,2025-09-09,Lithuania,Greece,73.721649,70.528907
2600,3,1,2025-09-10,Finland,Georgia,72.275535,74.308477
2600,4,1,2025-09-10,Germany,Slovenia,108.28112,95.845681
2601,1,1,2025-09-09,Poland,Turkey,83.387453,93.847374
2601,2,1,2025-09-09,Lithuania,Greece,108.65743,91.866244
2601,3,1,2025-09-10,Finland,Georgia,105.99507,87.781079
2601,4,1,2025-09-10,Germany,Slovenia,84.456025,73.001331
2602,1,1,2025-09-09,Poland,Turkey,83.670721,95.125994
2602,2,1,2025-09-09,Lithuania,Greece,83.394557,70.043655
2602,3,1,2025-09-10,Finland,Georgia,86.419705,62.753408
2602,4,1,2025-09-10,Germany,Slovenia,108.19054,75.790728
2603,1,1,2025-09-09,Poland,Turkey,63.434108,70.889477
2603,2,1,2025-09-09,Lithuania,Greece,85.101556,62.695198
2603,3,1,2025-09-10,Finland,Georgia,103.66649,52.453043
2603,4,1,2025-09-10,Germany,Slovenia,110.49362,92.991112
2604,1,1,2025-09-09,Poland,Turkey,70.69338,86.212824
2604,2,1,2025-09-09,Lithuania,Greece,91.037818,98.442577
2604,3,1,2025-09-10,Finland,Georgia,73.545346,74.295745
2604,4,1,2025-09-10,Germany,Slovenia,91.693882,89.118813
2605,1,1,2025-09-09,Poland,Turkey,95.539617,78.867378
2605,2,1,2025-09-09,Lithuania,Greece,89.018534,80.594289
2605,3,1,2025-09-10,Finland,Georgia,101.98488,88.211631
2605,4,1,2025-09-10,Germany,Slovenia,116.71313,103.82232
2606,1,1,2025-09-09,Poland,Turkey,63.717069,69.266073
2606,2,1,2025-09-09,Lithuania,Greece,97.290799,93.734316
2606,3,1,2025-09-10,Finland,Georgia,85.368151,75.999167
2606,4,1,2025-09-10,Germany,Slovenia,99.787113,101.91213
2607,1,1,2025-09-09,Poland,Turkey,46.906173,88.062334
2607,2,1,2025-09-09,Lithuania,Greece,84.05444,83.244312
2607,3,1,2025-09-10,Finland,Georgia,86.889173,74.78761
2607,4,1,2025-09-10,Germany,Slovenia,109.76715,85.688929
2608,1,1,2025-09-09,Poland,Turkey,88.339878,78.549202
2608,2,1,2025-09-09,Lithuania,Greece,95.800989,83.314657
2608,3,1,2025-09-10,Finland,Georgia,82.305927,78.066443
2608,4,1,2025-09-10,Germany,Slovenia,100.79525,79.03316
2609,1,1,2025-09-09,Poland,Turkey,73.719975,78.159192
2609,2,1,2025-09-09,Lithuania,Greece,85.34724,67.736424
2609,3,1,2025-09-10,Finland,Georgia,108.63673,82.164056
2609,4,1,2025-09-10,Germany,Slovenia,96.533867,75.451375
2610,1,1,2025-09-09,Poland,Turkey,81.128285,89.035354
2610,2,1,2025-09-09,Lithuania,Greece,78.061014,72.722705
2610,3,1,2025-09-10,Finland,Georgia,91.690937,77.663424
2610,4,1,2025-09-10,Germany,Slovenia,83.167485,64.65214
2611,1,1,2025-09-09,Poland,Turkey,92.135805,114.06668
2611,2,1,2025-09-09,Lithuania,Greece,82.455167,61.486871
2611,3,1,2025-09-10,Finland,Georgia,96.074889,82.712199
2611,4,1,2025-09-10,Germany,Slovenia,87.093686,88.370464
2612,1,1,2025-09-09,Poland,Turkey,60.404107,100.37253
2612,2,1,2025-09-09,Lithuania,Greece,96.046785,95.610196
2612,3,1,2025-09-10,Finland,Georgia,82.151613,63.284279
2612,4,1,2025-09-10,Germany,Slovenia,110.29928,76.008987
2613,1,1,2025-09-09,Poland,Turkey,79.09367,77.570275
2613,2,1,2025-09-09,Lithuania,Greece,73.316415,64.51971
2613,3,1,2025-09-10,Finland,Georgia,102.81342,76.548637
2613,4,1,2025-09-10,Germany,Slovenia,94.873793,82.601746
2614,1,1,2025-09-09,Poland,Turkey,77.528552,83.951087
2614,2,1,2025-09-09,Lithuania,Greece,81.891171,64.083769
2614,3,1,2025-09-10,Finland,Georgia,96.980092,76.123638
2614,4,1,2025-09-10,Germany,Slovenia,90.745455,72.273774
2615,1,1,2025-09-09,Poland,Turkey,55.553812,74.313281
2615,2,1,2025-09-09,Lithuania,Greece,93.904827,79.439362
2615,3,1,2025-09-10,Finland,Georgia,96.877647,67.526468
2615,4,1,2025-09-10,Germany,Slovenia,110.75406,91.096183
2616,1,1,2025-09-09,Poland,Turkey,83.644099,92.807828
2616,2,1,2025-09-09,Lithuania,Greece,91.732273,82.807733
2616,3,1,2025-09-10,Finland,Georgia,82.350475,82.670065
2616,4,1,2025-09-10,Germany,Slovenia,107.43473,99.401587
2617,1,1,2025-09-09,Poland,Turkey,80.399394,98.496263
2617,2,1,2025-09-09,Lithuania,Greece,77.084826,95.441322
2617,3,1,2025-09-10,Finland,Georgia,116.52725,68.132228
2617,4,1,2025-09-10,Germany,Slovenia,96.352624,83.600437
2618,1,1,2025-09-09,Poland,Turkey,88.721,90.587951
2618,2,1,2025-09-09,Lithuania,Greece,89.066988,86.096603
2618,3,1,2025-09-10,Finland,Georgia,97.250004,90.744224
2618,4,1,2025-09-10,Germany,Slovenia,112.5567,72.584614
2619,1,1,2025-09-09,Poland,Turkey,66.073581,95.141322
2619,2,1,2025-09-09,Lithuania,Greece,74.983716,102.62965
2619,3,1,2025-09-10,Finland,Georgia,85.360422,88.207719
2619,4,1,2025-09-10,Germany,Slovenia,102.0578,81.42668
2620,1,1,2025-09-09,Poland,Turkey,67.390908,96.587597
2620,2,1,2025-09-09,Lithuania,Greece,93.82302,69.329351
2620,3,1,2025-09-10,Finland,Georgia,83.192902,79.874499
2620,4,1,2025-09-10,Germany,Slovenia,104.98275,90.327586
2621,1,1,2025-09-09,Poland,Turkey,59.127802,93.039068
2621,2,1,2025-09-09,Lithuania,Greece,97.331367,68.101251
2621,3,1,2025-09-10,Finland,Georgia,101.22157,71.062718
2621,4,1,2025-09-10,Germany,Slovenia,123.13625,83.279649
2622,1,1,2025-09-09,Poland,Turkey,87.021752,77.628354
2622,2,1,2025-09-09,Lithuania,Greece,93.445098,75.694342
2622,3,1,2025-09-10,Finland,Georgia,114.55181,71.466287
2622,4,1,2025-09-10,Germany,Slovenia,89.420182,74.593892
2623,1,1,2025-09-09,Poland,Turkey,72.94757,90.249535
2623,2,1,2025-09-09,Lithuania,Greece,80.459654,76.547512
2623,3,1,2025-09-10,Finland,Georgia,99.605716,88.748201
2623,4,1,2025-09-10,Germany,Slovenia,94.223295,84.738886
2624,1,1,2025-09-09,Poland,Turkey,108.41893,108.67242
2624,2,1,2025-09-09,Lithuania,Greece,78.186136,66.443726
2624,3,1,2025-09-10,Finland,Georgia,92.865838,79.896654
2624,4,1,2025-09-10,Germany,Slovenia,119.07731,89.146223
2625,1,1,2025-09-09,Poland,Turkey,87.938578,94.271499
2625,2,1,2025-09-09,Lithuania,Greece,71.436298,73.158777
2625,3,1,2025-09-10,Finland,Georgia,96.51923,76.82873
2625,4,1,2025-09-10,Germany,Slovenia,96.046265,82.94352
2626,1,1,2025-09-09,Poland,Turkey,90.4519,87.374521
2626,2,1,2025-09-09,Lithuania,Greece,86.49249,98.060293
2626,3,1,2025-09-10,Finland,Georgia,95.357998,70.124642
2626,4,1,2025-09-10,Germany,Slovenia,106.24181,97.481021
2627,1,1,2025-09-09,Poland,Turkey,88.431505,89.895547
2627,2,1,2025-09-09,Lithuania,Greece,97.948262,77.42652
2627,3,1,2025-09-10,Finland,Georgia,114.61704,101.08536
2627,4,1,2025-09-10,Germany,Slovenia,117.88608,77.943368
2628,1,1,2025-09-09,Poland,Turkey,78.843854,78.922745
2628,2,1,2025-09-09,Lithuania,Greece,85.717958,58.231151
2628,3,1,2025-09-10,Finland,Georgia,112.99763,80.320281
2628,4,1,2025-09-10,Germany,Slovenia,100.28449,96.393208
2629,1,1,2025-09-09,Poland,Turkey,55.332901,75.418137
2629,2,1,2025-09-09,Lithuania,Greece,91.987079,62.520352
2629,3,1,2025-09-10,Finland,Georgia,119.10138,81.301372
2629,4,1,2025-09-10,Germany,Slovenia,95.650045,97.276719
2630,1,1,2025-09-09,Poland,Turkey,64.032257,83.22136
2630,2,1,2025-09-09,Lithuania,Greece,81.224511,79.848837
2630,3,1,2025-09-10,Finland,Georgia,91.451309,68.552969
2630,4,1,2025-09-10,Germany,Slovenia,101.31104,74.65546
2631,1,1,2025-09-09,Poland,Turkey,75.674171,78.320405
2631,2,1,2025-09-09,Lithuania,Greece,83.440729,81.158837
2631,3,1,2025-09-10,Finland,Georgia,95.145684,77.940067
2631,4,1,2025-09-10,Germany,Slovenia,110.83963,91.59006
2632,1,1,2025-09-09,Poland,Turkey,81.493434,94.635593
2632,2,1,2025-09-09,Lithuania,Greece,101.18082,88.768135
2632,3,1,2025-09-10,Finland,Georgia,83.97791,65.030393
2632,4,1,2025-09-10,Germany,Slovenia,89.107964,87.114167
2633,1,1,2025-09-09,Poland,Turkey,77.023633,85.971151
2633,2,1,2025-09-09,Lithuania,Greece,86.780271,96.801437
2633,3,1,2025-09-10,Finland,Georgia,121.02459,75.630104
2633,4,1,2025-09-10,Germany,Slovenia,105.05584,89.258626
2634,1,1,2025-09-09,Poland,Turkey,78.92895,92.67733
2634,2,1,2025-09-09,Lithuania,Greece,77.262036,72.00886
2634,3,1,2025-09-10,Finland,Georgia,89.701776,70.583025
2634,4,1,2025-09-10,Germany,Slovenia,106.67704,87.403791
2635,1,1,2025-09-09,Poland,Turkey,77.54275,92.804237
2635,2,1,2025-09-09,Lithuania,Greece,68.27017,91.861032
2635,3,1,2025-09-10,Finland,Georgia,103.79218,71.879959
2635,4,1,2025-09-10,Germany,Slovenia,119.77408,90.370914
2636,1,1,2025-09-09,Poland,Turkey,57.207655,75.522343
2636,2,1,2025-09-09,Lithuania,Greece,96.180957,71.229227
2636,3,1,2025-09-10,Finland,Georgia,80.044518,67.343454
2636,4,1,2025-09-10,Germany,Slovenia,95.638698,92.327058
2637,1,1,2025-09-09,Poland,Turkey,64.657401,90.93083
2637,2,1,2025-09-09,Lithuania,Greece,72.327884,46.438459
2637,3,1,2025-09-10,Finland,Georgia,107.95333,69.576568
2637,4,1,2025-09-10,Germany,Slovenia,115.67198,87.461679
2638,1,1,2025-09-09,Poland,Turkey,95.085722,107.04962
2638,2,1,2025-09-09,Lithuania,Greece,70.304095,75.413154
2638,3,1,2025-09-10,Finland,Georgia,119.03198,84.809708
2638,4,1,2025-09-10,Germany,Slovenia,125.34224,101.74996
2639,1,1,2025-09-09,Poland,Turkey,81.45496,81.650588
2639,2,1,2025-09-09,Lithuania,Greece,90.45687,64.147378
2639,3,1,2025-09-10,Finland,Georgia,113.4432,83.031544
2639,4,1,2025-09-10,Germany,Slovenia,106.48104,88.490026
2640,1,1,2025-09-09,Poland,Turkey,74.612376,102.56789
2640,2,1,2025-09-09,Lithuania,Greece,95.485863,81.817533
2640,3,1,2025-09-10,Finland,Georgia,114.6751,87.805287
2640,4,1,2025-09-10,Germany,Slovenia,123.6987,79.494807
2641,1,1,2025-09-09,Poland,Turkey,89.373204,86.011046
2641,2,1,2025-09-09,Lithuania,Greece,89.510875,70.452315
2641,3,1,2025-09-10,Finland,Georgia,92.484891,93.819749
2641,4,1,2025-09-10,Germany,Slovenia,85.317521,73.322691
2642,1,1,2025-09-09,Poland,Turkey,67.218513,82.475728
2642,2,1,2025-09-09,Lithuania,Greece,62.795988,70.267158
2642,3,1,2025-09-10,Finland,Georgia,97.687488,86.341204
2642,4,1,2025-09-10,Germany,Slovenia,82.523905,82.793078
2643,1,1,2025-09-09,Poland,Turkey,75.939026,82.433308
2643,2,1,2025-09-09,Lithuania,Greece,88.282681,92.198948
2643,3,1,2025-09-10,Finland,Georgia,105.75959,92.686142
2643,4,1,2025-09-10,Germany,Slovenia,84.907252,100.6722
2644,1,1,2025-09-09,Poland,Turkey,65.141882,84.070489
2644,2,1,2025-09-09,Lithuania,Greece,88.507125,63.773695
2644,3,1,2025-09-10,Finland,Georgia,79.90268,72.729354
2644,4,1,2025-09-10,Germany,Slovenia,97.32478,84.694819
2645,1,1,2025-09-09,Poland,Turkey,85.261605,88.009614
2645,2,1,2025-09-09,Lithuania,Greece,103.79539,108.74302
2645,3,1,2025-09-10,Finland,Georgia,119.44803,88.392788
2645,4,1,2025-09-10,Germany,Slovenia,94.290238,86.878109
2646,1,1,2025-09-09,Poland,Turkey,65.761707,87.264611
2646,2,1,2025-09-09,Lithuania,Greece,75.51254,88.635334
2646,3,1,2025-09-10,Finland,Georgia,101.22293,75.444239
2646,4,1,2025-09-10,Germany,Slovenia,99.874884,76.705694
2647,1,1,2025-09-09,Poland,Turkey,66.36522,79.963667
2647,2,1,2025-09-09,Lithuania,Greece,85.07211,67.059483
2647,3,1,2025-09-10,Finland,Georgia,84.407877,59.038048
2647,4,1,2025-09-10,Germany,Slovenia,112.32127,89.252237
2648,1,1,2025-09-09,Poland,Turkey,87.175569,84.923973
2648,2,1,2025-09-09,Lithuania,Greece,109.7508,80.680914
2648,3,1,2025-09-10,Finland,Georgia,92.447475,82.967694
2648,4,1,2025-09-10,Germany,Slovenia,94.655302,87.255232
2649,1,1,2025-09-09,Poland,Turkey,58.673892,68.188484
2649,2,1,2025-09-09,Lithuania,Greece,80.471945,72.699674
2649,3,1,2025-09-10,Finland,Georgia,105.84442,83.884509
2649,4,1,2025-09-10,Germany,Slovenia,83.413053,76.616699
2650,1,1,2025-09-09,Poland,Turkey,96.582407,82.801598
2650,2,1,2025-09-09,Lithuania,Greece,91.711759,70.768462
2650,3,1,2025-09-10,Finland,Georgia,101.99084,82.529278
2650,4,1,2025-09-10,Germany,Slovenia,107.27034,80.792676
2651,1,1,2025-09-09,Poland,Turkey,72.138906,72.796591
2651,2,1,2025-09-09,Lithuania,Greece,81.939663,76.645318
2651,3,1,2025-09-10,Finland,Georgia,95.248359,80.115232
2651,4,1,2025-09-10,Germany,Slovenia,90.697733,69.918673
2652,1,1,2025-09-09,Poland,Turkey,91.551909,93.958582
2652,2,1,2025-09-09,Lithuania,Greece,88.692503,73.495241
2652,3,1,2025-09-10,Finland,Georgia,89.017392,69.966926
2652,4,1,2025-09-10,Germany,Slovenia,95.755914,82.216292
2653,1,1,2025-09-09,Poland,Turkey,72.92401,97.77816
2653,2,1,2025-09-09,Lithuania,Greece,87.427327,64.473713
2653,3,1,2025-09-10,Finland,Georgia,88.752431,71.743107
2653,4,1,2025-09-10,Germany,Slovenia,120.93863,78.450337
2654,1,1,2025-09-09,Poland,Turkey,79.148488,104.18105
2654,2,1,2025-09-09,Lithuania,Greece,93.61133,82.733977
2654,3,1,2025-09-10,Finland,Georgia,98.790196,82.898402
2654,4,1,2025-09-10,Germany,Slovenia,97.415544,89.478104
2655,1,1,2025-09-09,Poland,Turkey,83.587235,94.980657
2655,2,1,2025-09-09,Lithuania,Greece,87.999767,69.246645
2655,3,1,2025-09-10,Finland,Georgia,85.798881,69.385542
2655,4,1,2025-09-10,Germany,Slovenia,98.570876,85.17354
2656,1,1,2025-09-09,Poland,Turkey,58.999647,81.51969
2656,2,1,2025-09-09,Lithuania,Greece,84.404553,80.862795
2656,3,1,2025-09-10,Finland,Georgia,96.724208,92.049583
2656,4,1,2025-09-10,Germany,Slovenia,117.38397,71.714321
2657,1,1,2025-09-09,Poland,Turkey,69.320071,98.859998
2657,2,1,2025-09-09,Lithuania,Greece,92.773966,75.043441
2657,3,1,2025-09-10,Finland,Georgia,103.78815,63.481642
2657,4,1,2025-09-10,Germany,Slovenia,101.77327,90.982324
2658,1,1,2025-09-09,Poland,Turkey,64.904503,79.485163
2658,2,1,2025-09-09,Lithuania,Greece,83.381205,73.311785
2658,3,1,2025-09-10,Finland,Georgia,90.479528,86.566451
2658,4,1,2025-09-10,Germany,Slovenia,93.069145,71.664382
2659,1,1,2025-09-09,Poland,Turkey,77.407969,78.670829
2659,2,1,2025-09-09,Lithuania,Greece,78.17587,68.482434
2659,3,1,2025-09-10,Finland,Georgia,98.861942,92.640771
2659,4,1,2025-09-10,Germany,Slovenia,113.16545,89.020482
2660,1,1,2025-09-09,Poland,Turkey,81.817203,68.569136
2660,2,1,2025-09-09,Lithuania,Greece,99.151475,76.474715
2660,3,1,2025-09-10,Finland,Georgia,104.14683,75.286261
2660,4,1,2025-09-10,Germany,Slovenia,102.01963,64.133791
2661,1,1,2025-09-09,Poland,Turkey,74.236217,85.630222
2661,2,1,2025-09-09,Lithuania,Greece,83.267507,71.452993
2661,3,1,2025-09-10,Finland,Georgia,92.697408,84.084715
2661,4,1,2025-09-10,Germany,Slovenia,111.16373,69.657296
2662,1,1,2025-09-09,Poland,Turkey,80.298454,69.541212
2662,2,1,2025-09-09,Lithuania,Greece,107.82307,77.021516
2662,3,1,2025-09-10,Finland,Georgia,96.862263,89.394766
2662,4,1,2025-09-10,Germany,Slovenia,109.46371,82.511908
2663,1,1,2025-09-09,Poland,Turkey,83.209588,80.745468
2663,2,1,2025-09-09,Lithuania,Greece,104.6827,76.893307
2663,3,1,2025-09-10,Finland,Georgia,97.778128,83.466844
2663,4,1,2025-09-10,Germany,Slovenia,99.432669,79.469729
2664,1,1,2025-09-09,Poland,Turkey,85.773111,95.032363
2664,2,1,2025-09-09,Lithuania,Greece,77.654922,84.348984
2664,3,1,2025-09-10,Finland,Georgia,80.026743,63.714856
2664,4,1,2025-09-10,Germany,Slovenia,87.885064,86.079081
2665,1,1,2025-09-09,Poland,Turkey,57.040568,69.314812
2665,2,1,2025-09-09,Lithuania,Greece,76.174624,73.065623
2665,3,1,2025-09-10,Finland,Georgia,78.146517,61.795932
2665,4,1,2025-09-10,Germany,Slovenia,109.85041,77.287743
2666,1,1,2025-09-09,Poland,Turkey,78.057616,95.29071
2666,2,1,2025-09-09,Lithuania,Greece,85.788213,66.404269
2666,3,1,2025-09-10,Finland,Georgia,81.38037,77.281705
2666,4,1,2025-09-10,Germany,Slovenia,111.58462,83.823247
2667,1,1,2025-09-09,Poland,Turkey,77.444974,87.053821
2667,2,1,2025-09-09,Lithuania,Greece,91.370931,69.303092
2667,3,1,2025-09-10,Finland,Georgia,86.156972,66.552406
2667,4,1,2025-09-10,Germany,Slovenia,124.95393,97.80123
2668,1,1,2025-09-09,Poland,Turkey,75.94163,85.079049
2668,2,1,2025-09-09,Lithuania,Greece,73.14386,52.488916
2668,3,1,2025-09-10,Finland,Georgia,91.310987,77.987204
2668,4,1,2025-09-10,Germany,Slovenia,106.2878,92.504416
2669,1,1,2025-09-09,Poland,Turkey,77.252584,82.114735
2669,2,1,2025-09-09,Lithuania,Greece,118.16209,84.609259
2669,3,1,2025-09-10,Finland,Georgia,110.33161,76.9167
2669,4,1,2025-09-10,Germany,Slovenia,90.71687,85.239701
2670,1,1,2025-09-09,Poland,Turkey,52.00853,80.907033
2670,2,1,2025-09-09,Lithuania,Greece,91.405778,81.622802
2670,3,1,2025-09-10,Finland,Georgia,112.68736,76.631514
2670,4,1,2025-09-10,Germany,Slovenia,103.69561,102.47057
2671,1,1,2025-09-09,Poland,Turkey,58.633039,88.331647
2671,2,1,2025-09-09,Lithuania,Greece,78.138357,74.402608
2671,3,1,2025-09-10,Finland,Georgia,112.58428,90.686557
2671,4,1,2025-09-10,Germany,Slovenia,98.468667,83.630199
2672,1,1,2025-09-09,Poland,Turkey,84.104197,105.63161
2672,2,1,2025-09-09,Lithuania,Greece,81.654257,69.605016
2672,3,1,2025-09-10,Finland,Georgia,100.1249,69.058886
2672,4,1,2025-09-10,Germany,Slovenia,95.082023,75.098063
2673,1,1,2025-09-09,Poland,Turkey,84.375919,86.979307
2673,2,1,2025-09-09,Lithuania,Greece,103.23821,87.075418
2673,3,1,2025-09-10,Finland,Georgia,100.29661,84.922593
2673,4,1,2025-09-10,Germany,Slovenia,106.8004,83.413557
2674,1,1,2025-09-09,Poland,Turkey,75.824293,95.29825
2674,2,1,2025-09-09,Lithuania,Greece,85.631339,67.899207
2674,3,1,2025-09-10,Finland,Georgia,105.15754,94.771834
2674,4,1,2025-09-10,Germany,Slovenia,109.85572,79.356322
2675,1,1,2025-09-09,Poland,Turkey,88.949195,78.284574
2675,2,1,2025-09-09,Lithuania,Greece,92.601202,84.362015
2675,3,1,2025-09-10,Finland,Georgia,77.956882,70.269733
2675,4,1,2025-09-10,Germany,Slovenia,104.58352,91.337268
2676,1,1,2025-09-09,Poland,Turkey,73.84349,72.755045
2676,2,1,2025-09-09,Lithuania,Greece,80.986593,89.269927
2676,3,1,2025-09-10,Finland,Georgia,108.32433,78.783919
2676,4,1,2025-09-10,Germany,Slovenia,89.470914,80.667685
2677,1,1,2025-09-09,Poland,Turkey,52.304846,85.263354
2677,2,1,2025-09-09,Lithuania,Greece,87.92468,82.374257
2677,3,1,2025-09-10,Finland,Georgia,111.79309,77.357331
2677,4,1,2025-09-10,Germany,Slovenia,98.844004,91.136023
2678,1,1,2025-09-09,Poland,Turkey,78.13678,67.513474
2678,2,1,2025-09-09,Lithuania,Greece,75.218626,66.646376
2678,3,1,2025-09-10,Finland,Georgia,93.742231,63.211447
2678,4,1,2025-09-10,Germany,Slovenia,102.19419,104.82758
2679,1,1,2025-09-09,Poland,Turkey,96.811957,84.331597
2679,2,1,2025-09-09,Lithuania,Greece,97.112761,86.11402
2679,3,1,2025-09-10,Finland,Georgia,99.991778,83.668583
2679,4,1,2025-09-10,Germany,Slovenia,94.002216,73.23013
2680,1,1,2025-09-09,Poland,Turkey,87.06603,97.276447
2680,2,1,2025-09-09,Lithuania,Greece,80.601177,60.643841
2680,3,1,2025-09-10,Finland,Georgia,125.32284,88.098171
2680,4,1,2025-09-10,Germany,Slovenia,115.67654,100.02593
2681,1,1,2025-09-09,Poland,Turkey,80.164749,96.965815
2681,2,1,2025-09-09,Lithuania,Greece,71.605238,71.816866
2681,3,1,2025-09-10,Finland,Georgia,91.650809,64.809221
2681,4,1,2025-09-10,Germany,Slovenia,96.743535,76.736336
2682,1,1,2025-09-09,Poland,Turkey,67.361843,72.775327
2682,2,1,2025-09-09,Lithuania,Greece,80.210465,87.031688
2682,3,1,2025-09-10,Finland,Georgia,97.594811000000007,67.663624
2682,4,1,2025-09-10,Germany,Slovenia,103.11553,82.752617
2683,1,1,2025-09-09,Poland,Turkey,79.305889,62.609954
2683,2,1,2025-09-09,Lithuania,Greece,97.300653,76.366249
2683,3,1,2025-09-10,Finland,Georgia,84.380925,72.497681
2683,4,1,2025-09-10,Germany,Slovenia,95.187482,82.621056
2684,1,1,2025-09-09,Poland,Turkey,58.654238,78.484484
2684,2,1,2025-09-09,Lithuania,Greece,81.757777,81.534782
2684,3,1,2025-09-10,Finland,Georgia,99.240577,73.218497
2684,4,1,2025-09-10,Germany,Slovenia,115.19147,97.412724
2685,1,1,2025-09-09,Poland,Turkey,67.913226,86.992475
2685,2,1,2025-09-09,Lithuania,Greece,91.861075,68.331494
2685,3,1,2025-09-10,Finland,Georgia,87.825389,71.487965
2685,4,1,2025-09-10,Germany,Slovenia,107.75876,94.318988
2686,1,1,2025-09-09,Poland,Turkey,74.873552,76.148835
2686,2,1,2025-09-09,Lithuania,Greece,82.230819,79.4941
2686,3,1,2025-09-10,Finland,Georgia,105.32136,74.662218
2686,4,1,2025-09-10,Germany,Slovenia,101.57803,100.08393
2687,1,1,2025-09-09,Poland,Turkey,75.88921,88.182677
2687,2,1,2025-09-09,Lithuania,Greece,91.819725,82.586915
2687,3,1,2025-09-10,Finland,Georgia,98.286813,67.946999
2687,4,1,2025-09-10,Germany,Slovenia,107.8128,83.594675
2688,1,1,2025-09-09,Poland,Turkey,76.773273,79.362006
2688,2,1,2025-09-09,Lithuania,Greece,83.897782,73.909693
2688,3,1,2025-09-10,Finland,Georgia,97.549736,79.642898
2688,4,1,2025-09-10,Germany,Slovenia,97.973384,96.203519
2689,1,1,2025-09-09,Poland,Turkey,48.091387,78.061152
2689,2,1,2025-09-09,Lithuania,Greece,82.619873,76.319933
2689,3,1,2025-09-10,Finland,Georgia,83.840877,103.3746
2689,4,1,2025-09-10,Germany,Slovenia,116.85069,70.511465
2690,1,1,2025-09-09,Poland,Turkey,68.6849,81.49148
2690,2,1,2025-09-09,Lithuania,Greece,84.568541,85.695315
2690,3,1,2025-09-10,Finland,Georgia,106.70988,78.744493
2690,4,1,2025-09-10,Germany,Slovenia,97.518163,81.614594
2691,1,1,2025-09-09,Poland,Turkey,68.088677,87.20367
2691,2,1,2025-09-09,Lithuania,Greece,78.099589,88.532323
2691,3,1,2025-09-10,Finland,Georgia,99.590458,67.588959
2691,4,1,2025-09-10,Germany,Slovenia,106.9863,84.640769
2692,1,1,2025-09-09,Poland,Turkey,81.3808,94.760348
2692,2,1,2025-09-09,Lithuania,Greece,91.940055,66.686013
2692,3,1,2025-09-10,Finland,Georgia,101.27926,79.91451
2692,4,1,2025-09-10,Germany,Slovenia,106.15498,98.654118
2693,1,1,2025-09-09,Poland,Turkey,88.242582,86.572345
2693,2,1,2025-09-09,Lithuania,Greece,94.177778,81.320624
2693,3,1,2025-09-10,Finland,Georgia,104.55654,107.33952
2693,4,1,2025-09-10,Germany,Slovenia,98.361077,87.241057
2694,1,1,2025-09-09,Poland,Turkey,58.730474,75.343427
2694,2,1,2025-09-09,Lithuania,Greece,86.869985,87.855876
2694,3,1,2025-09-10,Finland,Georgia,100.32026,72.921432
2694,4,1,2025-09-10,Germany,Slovenia,93.847936,92.518651
2695,1,1,2025-09-09,Poland,Turkey,71.179677,81.214027
2695,2,1,2025-09-09,Lithuania,Greece,63.794108,59.356775
2695,3,1,2025-09-10,Finland,Georgia,94.54893,73.190651
2695,4,1,2025-09-10,Germany,Slovenia,100.55239,89.547242
2696,1,1,2025-09-09,Poland,Turkey,79.255746,96.422267
2696,2,1,2025-09-09,Lithuania,Greece,92.250743,86.498456
2696,3,1,2025-09-10,Finland,Georgia,84.727442,87.10591
2696,4,1,2025-09-10,Germany,Slovenia,123.81843,97.62136
2697,1,1,2025-09-09,Poland,Turkey,71.878613,91.693714
2697,2,1,2025-09-09,Lithuania,Greece,92.420699,86.021212
2697,3,1,2025-09-10,Finland,Georgia,68.171026,63.409013
2697,4,1,2025-09-10,Germany,Slovenia,111.62383,80.304932
2698,1,1,2025-09-09,Poland,Turkey,91.341285,86.683711
2698,2,1,2025-09-09,Lithuania,Greece,85.188722,78.753566
2698,3,1,2025-09-10,Finland,Georgia,99.924413,65.765087
2698,4,1,2025-09-10,Germany,Slovenia,106.95896,83.718692
2699,1,1,2025-09-09,Poland,Turkey,72.709633,89.437867
2699,2,1,2025-09-09,Lithuania,Greece,100.42323,82.524009
2699,3,1,2025-09-10,Finland,Georgia,109.70149,86.713677
2699,4,1,2025-09-10,Germany,Slovenia,98.446377,91.703964
2700,1,1,2025-09-09,Poland,Turkey,77.549884,100.65922
2700,2,1,2025-09-09,Lithuania,Greece,88.468606,87.941798
2700,3,1,2025-09-10,Finland,Georgia,95.868962,78.596582
2700,4,1,2025-09-10,Germany,Slovenia,93.374726,101.95467
2701,1,1,2025-09-09,Poland,Turkey,76.187589,82.439039
2701,2,1,2025-09-09,Lithuania,Greece,76.054442,55.604811
2701,3,1,2025-09-10,Finland,Georgia,89.710975,71.805732
2701,4,1,2025-09-10,Germany,Slovenia,80.05689,87.727777
2702,1,1,2025-09-09,Poland,Turkey,67.015254,93.616565
2702,2,1,2025-09-09,Lithuania,Greece,91.176562,76.434514
2702,3,1,2025-09-10,Finland,Georgia,95.507564,57.281464
2702,4,1,2025-09-10,Germany,Slovenia,90.357605,86.017461
2703,1,1,2025-09-09,Poland,Turkey,78.558019,87.017432
2703,2,1,2025-09-09,Lithuania,Greece,87.066688,63.803368
2703,3,1,2025-09-10,Finland,Georgia,94.997211,46.949782
2703,4,1,2025-09-10,Germany,Slovenia,110.46243,81.008098
2704,1,1,2025-09-09,Poland,Turkey,69.599446,78.722504
2704,2,1,2025-09-09,Lithuania,Greece,89.734164,66.106353
2704,3,1,2025-09-10,Finland,Georgia,95.085069,73.72953
2704,4,1,2025-09-10,Germany,Slovenia,92.400801,97.204706
2705,1,1,2025-09-09,Poland,Turkey,87.793954,102.98357
2705,2,1,2025-09-09,Lithuania,Greece,80.889072,60.554978
2705,3,1,2025-09-10,Finland,Georgia,114.26422,75.923236
2705,4,1,2025-09-10,Germany,Slovenia,106.62864,94.147913
2706,1,1,2025-09-09,Poland,Turkey,64.845801,87.560504
2706,2,1,2025-09-09,Lithuania,Greece,88.747791,77.453065
2706,3,1,2025-09-10,Finland,Georgia,90.366161,86.04198
2706,4,1,2025-09-10,Germany,Slovenia,77.858893,86.815699
2707,1,1,2025-09-09,Poland,Turkey,66.250225,67.505767
2707,2,1,2025-09-09,Lithuania,Greece,79.855892,76.706488
2707,3,1,2025-09-10,Finland,Georgia,89.30527,67.423794
2707,4,1,2025-09-10,Germany,Slovenia,94.278747,78.697629
2708,1,1,2025-09-09,Poland,Turkey,68.644821,96.761453
2708,2,1,2025-09-09,Lithuania,Greece,78.260644,68.099582
2708,3,1,2025-09-10,Finland,Georgia,93.006213,79.98758
2708,4,1,2025-09-10,Germany,Slovenia,90.378842,101.21109
2709,1,1,2025-09-09,Poland,Turkey,74.670415,79.712657
2709,2,1,2025-09-09,Lithuania,Greece,84.437346,72.050865
2709,3,1,2025-09-10,Finland,Georgia,90.657123,77.783228
2709,4,1,2025-09-10,Germany,Slovenia,89.737129,77.360142
2710,1,1,2025-09-09,Poland,Turkey,97.401798,82.845629
2710,2,1,2025-09-09,Lithuania,Greece,77.643956,83.695127
2710,3,1,2025-09-10,Finland,Georgia,87.402253,89.886026
2710,4,1,2025-09-10,Germany,Slovenia,82.904741,73.000809
2711,1,1,2025-09-09,Poland,Turkey,83.603262,75.345381
2711,2,1,2025-09-09,Lithuania,Greece,79.108457,74.750234
2711,3,1,2025-09-10,Finland,Georgia,102.56448,78.778476
2711,4,1,2025-09-10,Germany,Slovenia,84.785159,82.409363
2712,1,1,2025-09-09,Poland,Turkey,77.782785,90.4535
2712,2,1,2025-09-09,Lithuania,Greece,92.31621,83.241368
2712,3,1,2025-09-10,Finland,Georgia,103.43003,86.148926
2712,4,1,2025-09-10,Germany,Slovenia,99.23856,76.845999
2713,1,1,2025-09-09,Poland,Turkey,79.621639,85.003461
2713,2,1,2025-09-09,Lithuania,Greece,71.985545,77.358924
2713,3,1,2025-09-10,Finland,Georgia,77.0033,68.907358
2713,4,1,2025-09-10,Germany,Slovenia,114.40795,91.209023
2714,1,1,2025-09-09,Poland,Turkey,80.89376,77.505927
2714,2,1,2025-09-09,Lithuania,Greece,95.335148,86.953134
2714,3,1,2025-09-10,Finland,Georgia,104.75481,70.153574
2714,4,1,2025-09-10,Germany,Slovenia,101.39433,95.312443
2715,1,1,2025-09-09,Poland,Turkey,78.770153,83.133352
2715,2,1,2025-09-09,Lithuania,Greece,85.058063,83.167601
2715,3,1,2025-09-10,Finland,Georgia,97.020598,64.776464
2715,4,1,2025-09-10,Germany,Slovenia,103.20788,82.195727
2716,1,1,2025-09-09,Poland,Turkey,87.600062,87.733432
2716,2,1,2025-09-09,Lithuania,Greece,79.547193,85.027435
2716,3,1,2025-09-10,Finland,Georgia,89.724761,67.42867
2716,4,1,2025-09-10,Germany,Slovenia,103.49097,79.282145
2717,1,1,2025-09-09,Poland,Turkey,67.821072,102.48384
2717,2,1,2025-09-09,Lithuania,Greece,81.538207,73.446398
2717,3,1,2025-09-10,Finland,Georgia,100.65,92.945017000000007
2717,4,1,2025-09-10,Germany,Slovenia,75.787545,77.09039
2718,1,1,2025-09-09,Poland,Turkey,82.015667,81.301697
2718,2,1,2025-09-09,Lithuania,Greece,81.134321,92.02797
2718,3,1,2025-09-10,Finland,Georgia,70.786664,81.445408
2718,4,1,2025-09-10,Germany,Slovenia,120.30723,87.122015
2719,1,1,2025-09-09,Poland,Turkey,74.726624,79.606934999999993
2719,2,1,2025-09-09,Lithuania,Greece,70.685756,62.330515
2719,3,1,2025-09-10,Finland,Georgia,96.584536,68.002275
2719,4,1,2025-09-10,Germany,Slovenia,100.82434,93.415309
2720,1,1,2025-09-09,Poland,Turkey,79.180156,87.202086
2720,2,1,2025-09-09,Lithuania,Greece,92.590251,74.559155
2720,3,1,2025-09-10,Finland,Georgia,102.08257,59.68148
2720,4,1,2025-09-10,Germany,Slovenia,115.33971,78.880482
2721,1,1,2025-09-09,Poland,Turkey,60.333102,84.906198
2721,2,1,2025-09-09,Lithuania,Greece,87.182342,104.40694
2721,3,1,2025-09-10,Finland,Georgia,72.00117,66.405036
2721,4,1,2025-09-10,Germany,Slovenia,110.45009,85.323709
2722,1,1,2025-09-09,Poland,Turkey,92.624526,87.530502
2722,2,1,2025-09-09,Lithuania,Greece,83.521204,93.147958
2722,3,1,2025-09-10,Finland,Georgia,81.828724,71.140832
2722,4,1,2025-09-10,Germany,Slovenia,78.304238,88.833835
2723,1,1,2025-09-09,Poland,Turkey,80.477426,82.322495
2723,2,1,2025-09-09,Lithuania,Greece,73.477498,72.373837
2723,3,1,2025-09-10,Finland,Georgia,74.152968,68.567451
2723,4,1,2025-09-10,Germany,Slovenia,108.21958,82.053856
2724,1,1,2025-09-09,Poland,Turkey,52.497898,75.634946
2724,2,1,2025-09-09,Lithuania,Greece,103.6435,75.745293
2724,3,1,2025-09-10,Finland,Georgia,75.929939,61.579339
2724,4,1,2025-09-10,Germany,Slovenia,99.956455,92.235875
2725,1,1,2025-09-09,Poland,Turkey,77.592754,89.60757
2725,2,1,2025-09-09,Lithuania,Greece,80.51331,76.748898
2725,3,1,2025-09-10,Finland,Georgia,97.163004,56.006561
2725,4,1,2025-09-10,Germany,Slovenia,82.624275,83.516825
2726,1,1,2025-09-09,Poland,Turkey,95.140232,92.574481
2726,2,1,2025-09-09,Lithuania,Greece,75.719427,73.226973
2726,3,1,2025-09-10,Finland,Georgia,89.22038,63.479064
2726,4,1,2025-09-10,Germany,Slovenia,89.091615,71.269715
2727,1,1,2025-09-09,Poland,Turkey,63.531732,87.592629
2727,2,1,2025-09-09,Lithuania,Greece,81.468386,94.184592
2727,3,1,2025-09-10,Finland,Georgia,108.38358,73.301425
2727,4,1,2025-09-10,Germany,Slovenia,92.226995,88.062533
2728,1,1,2025-09-09,Poland,Turkey,75.975908,81.957509
2728,2,1,2025-09-09,Lithuania,Greece,76.524682,83.209421
2728,3,1,2025-09-10,Finland,Georgia,109.02618,72.913617
2728,4,1,2025-09-10,Germany,Slovenia,115.34153,106.62295
2729,1,1,2025-09-09,Poland,Turkey,65.38864,91.005823
2729,2,1,2025-09-09,Lithuania,Greece,80.863566,76.404258
2729,3,1,2025-09-10,Finland,Georgia,81.497749,78.158541
2729,4,1,2025-09-10,Germany,Slovenia,114.43892,90.567015
2730,1,1,2025-09-09,Poland,Turkey,83.170959,86.038498
2730,2,1,2025-09-09,Lithuania,Greece,73.138955,90.732425
2730,3,1,2025-09-10,Finland,Georgia,99.105189,64.449978
2730,4,1,2025-09-10,Germany,Slovenia,101.77948,86.837548
2731,1,1,2025-09-09,Poland,Turkey,76.285911,76.937718
2731,2,1,2025-09-09,Lithuania,Greece,84.053154,85.058109
2731,3,1,2025-09-10,Finland,Georgia,92.301223,63.512154
2731,4,1,2025-09-10,Germany,Slovenia,117.55279,76.265712
2732,1,1,2025-09-09,Poland,Turkey,112.78127,84.428718
2732,2,1,2025-09-09,Lithuania,Greece,90.728768,75.417209
2732,3,1,2025-09-10,Finland,Georgia,107.28342,93.840676
2732,4,1,2025-09-10,Germany,Slovenia,112.62214,85.476225
2733,1,1,2025-09-09,Poland,Turkey,62.685672,95.217745
2733,2,1,2025-09-09,Lithuania,Greece,81.909626,68.29748
2733,3,1,2025-09-10,Finland,Georgia,89.736032,87.748903
2733,4,1,2025-09-10,Germany,Slovenia,122.12503,87.726084
2734,1,1,2025-09-09,Poland,Turkey,89.34768,87.065259
2734,2,1,2025-09-09,Lithuania,Greece,79.413577,84.037236
2734,3,1,2025-09-10,Finland,Georgia,97.615917,73.295032
2734,4,1,2025-09-10,Germany,Slovenia,123.55934,78.078157
2735,1,1,2025-09-09,Poland,Turkey,80.652322,107.74182
2735,2,1,2025-09-09,Lithuania,Greece,85.914301,92.608264
2735,3,1,2025-09-10,Finland,Georgia,85.317875,67.39804
2735,4,1,2025-09-10,Germany,Slovenia,103.75023,88.789407
2736,1,1,2025-09-09,Poland,Turkey,58.150686,82.9541
2736,2,1,2025-09-09,Lithuania,Greece,100.91871,83.538146
2736,3,1,2025-09-10,Finland,Georgia,91.502039,83.391777
2736,4,1,2025-09-10,Germany,Slovenia,128.10485,111.70432
2737,1,1,2025-09-09,Poland,Turkey,117.81702,99.48917
2737,2,1,2025-09-09,Lithuania,Greece,92.677675,76.500485
2737,3,1,2025-09-10,Finland,Georgia,99.531738,83.14614
2737,4,1,2025-09-10,Germany,Slovenia,124.43799,86.468689
2738,1,1,2025-09-09,Poland,Turkey,63.807257,103.49473
2738,2,1,2025-09-09,Lithuania,Greece,76.940382,80.110416
2738,3,1,2025-09-10,Finland,Georgia,87.59437,71.6388
2738,4,1,2025-09-10,Germany,Slovenia,99.289082,89.825001
2739,1,1,2025-09-09,Poland,Turkey,70.51907,82.975824
2739,2,1,2025-09-09,Lithuania,Greece,96.711383,89.893295
2739,3,1,2025-09-10,Finland,Georgia,83.976139,68.119555
2739,4,1,2025-09-10,Germany,Slovenia,110.0201,93.440002
2740,1,1,2025-09-09,Poland,Turkey,91.777688,98.619338
2740,2,1,2025-09-09,Lithuania,Greece,93.354918,57.883033
2740,3,1,2025-09-10,Finland,Georgia,99.13523,74.747651
2740,4,1,2025-09-10,Germany,Slovenia,104.78554,93.492843
2741,1,1,2025-09-09,Poland,Turkey,88.168482,92.620590000000007
2741,2,1,2025-09-09,Lithuania,Greece,111.62424,95.902459
2741,3,1,2025-09-10,Finland,Georgia,78.788199,70.235452
2741,4,1,2025-09-10,Germany,Slovenia,91.364153,102.70162
2742,1,1,2025-09-09,Poland,Turkey,61.819248,87.477271
2742,2,1,2025-09-09,Lithuania,Greece,62.661215,78.778655
2742,3,1,2025-09-10,Finland,Georgia,96.616484,86.749656
2742,4,1,2025-09-10,Germany,Slovenia,103.86916,94.224068
2743,1,1,2025-09-09,Poland,Turkey,79.086648,94.605091
2743,2,1,2025-09-09,Lithuania,Greece,87.586275,76.486652
2743,3,1,2025-09-10,Finland,Georgia,75.443185,69.076426
2743,4,1,2025-09-10,Germany,Slovenia,93.206194,94.341651
2744,1,1,2025-09-09,Poland,Turkey,91.006873,97.793063
2744,2,1,2025-09-09,Lithuania,Greece,72.723785,82.573245
2744,3,1,2025-09-10,Finland,Georgia,83.344868,69.851079
2744,4,1,2025-09-10,Germany,Slovenia,92.944797,70.219651
2745,1,1,2025-09-09,Poland,Turkey,79.16716,98.468675
2745,2,1,2025-09-09,Lithuania,Greece,112.00857,96.549608
2745,3,1,2025-09-10,Finland,Georgia,80.98544,92.495727
2745,4,1,2025-09-10,Germany,Slovenia,113.09854,97.385333
2746,1,1,2025-09-09,Poland,Turkey,67.72458,85.733074
2746,2,1,2025-09-09,Lithuania,Greece,81.066773,71.109758
2746,3,1,2025-09-10,Finland,Georgia,79.489972,81.793876
2746,4,1,2025-09-10,Germany,Slovenia,115.9564,96.952786
2747,1,1,2025-09-09,Poland,Turkey,84.173266,86.775325
2747,2,1,2025-09-09,Lithuania,Greece,83.975254,83.276276
2747,3,1,2025-09-10,Finland,Georgia,92.081382,59.184044
2747,4,1,2025-09-10,Germany,Slovenia,102.37027,103.36387
2748,1,1,2025-09-09,Poland,Turkey,63.271422,98.046959
2748,2,1,2025-09-09,Lithuania,Greece,86.937174,63.534691
2748,3,1,2025-09-10,Finland,Georgia,107.27366,96.906547
2748,4,1,2025-09-10,Germany,Slovenia,81.048814,87.565655
2749,1,1,2025-09-09,Poland,Turkey,74.418501,93.370364
2749,2,1,2025-09-09,Lithuania,Greece,111.44469,78.359704
2749,3,1,2025-09-10,Finland,Georgia,93.162645,88.082214
2749,4,1,2025-09-10,Germany,Slovenia,107.93331,80.534124
2750,1,1,2025-09-09,Poland,Turkey,84.536437,95.620427
2750,2,1,2025-09-09,Lithuania,Greece,68.210435,91.252689
2750,3,1,2025-09-10,Finland,Georgia,106.32454,75.325197
2750,4,1,2025-09-10,Germany,Slovenia,97.173645,75.530067
2751,1,1,2025-09-09,Poland,Turkey,89.377436,97.34275
2751,2,1,2025-09-09,Lithuania,Greece,109.3024,75.232619
2751,3,1,2025-09-10,Finland,Georgia,84.885633,73.380264
2751,4,1,2025-09-10,Germany,Slovenia,117.03694,87.289666
2752,1,1,2025-09-09,Poland,Turkey,78.690236,78.112716
2752,2,1,2025-09-09,Lithuania,Greece,88.759849,82.526483
2752,3,1,2025-09-10,Finland,Georgia,80.810085,68.082459
2752,4,1,2025-09-10,Germany,Slovenia,103.59561,91.583787
2753,1,1,2025-09-09,Poland,Turkey,76.789697,88.456544
2753,2,1,2025-09-09,Lithuania,Greece,88.915241,77.219765
2753,3,1,2025-09-10,Finland,Georgia,96.155052,78.551321
2753,4,1,2025-09-10,Germany,Slovenia,88.294799,78.478787
2754,1,1,2025-09-09,Poland,Turkey,89.929341,64.017505
2754,2,1,2025-09-09,Lithuania,Greece,92.15915,87.208407
2754,3,1,2025-09-10,Finland,Georgia,100.35365,95.472612
2754,4,1,2025-09-10,Germany,Slovenia,93.944838,85.444756
2755,1,1,2025-09-09,Poland,Turkey,78.056792,85.787938
2755,2,1,2025-09-09,Lithuania,Greece,85.836412,83.915358
2755,3,1,2025-09-10,Finland,Georgia,88.272846,69.814699
2755,4,1,2025-09-10,Germany,Slovenia,97.189633,80.495445
2756,1,1,2025-09-09,Poland,Turkey,53.06407,80.832534
2756,2,1,2025-09-09,Lithuania,Greece,85.30787,76.01355
2756,3,1,2025-09-10,Finland,Georgia,91.561793,80.735908
2756,4,1,2025-09-10,Germany,Slovenia,100.8972,88.943203
2757,1,1,2025-09-09,Poland,Turkey,78.692131,89.590899
2757,2,1,2025-09-09,Lithuania,Greece,80.968272,71.419724
2757,3,1,2025-09-10,Finland,Georgia,78.436029,52.580742
2757,4,1,2025-09-10,Germany,Slovenia,115.3103,96.901175
2758,1,1,2025-09-09,Poland,Turkey,98.494359,83.645988
2758,2,1,2025-09-09,Lithuania,Greece,75.386234,68.753116
2758,3,1,2025-09-10,Finland,Georgia,92.830516,66.983141
2758,4,1,2025-09-10,Germany,Slovenia,91.394194,95.792271
2759,1,1,2025-09-09,Poland,Turkey,97.178486,89.343972
2759,2,1,2025-09-09,Lithuania,Greece,96.918104,89.387035
2759,3,1,2025-09-10,Finland,Georgia,109.68409,64.122044
2759,4,1,2025-09-10,Germany,Slovenia,103.27406,87.651605
2760,1,1,2025-09-09,Poland,Turkey,92.424471,82.572951
2760,2,1,2025-09-09,Lithuania,Greece,80.104339,82.261029
2760,3,1,2025-09-10,Finland,Georgia,83.021233,73.754789
2760,4,1,2025-09-10,Germany,Slovenia,124.05762,90.252627
2761,1,1,2025-09-09,Poland,Turkey,81.691915,93.760505
2761,2,1,2025-09-09,Lithuania,Greece,97.196657,83.979945
2761,3,1,2025-09-10,Finland,Georgia,95.495723,84.123241
2761,4,1,2025-09-10,Germany,Slovenia,113.09217,88.339032
2762,1,1,2025-09-09,Poland,Turkey,108.4405,91.46068
2762,2,1,2025-09-09,Lithuania,Greece,86.871363,71.593381
2762,3,1,2025-09-10,Finland,Georgia,103.85853,67.48255
2762,4,1,2025-09-10,Germany,Slovenia,95.557833,75.89964
2763,1,1,2025-09-09,Poland,Turkey,75.071249,82.26961
2763,2,1,2025-09-09,Lithuania,Greece,72.160432,70.854049
2763,3,1,2025-09-10,Finland,Georgia,98.305146,62.92564
2763,4,1,2025-09-10,Germany,Slovenia,119.00752,92.358684
2764,1,1,2025-09-09,Poland,Turkey,84.144294,104.9727
2764,2,1,2025-09-09,Lithuania,Greece,82.647438,83.145704
2764,3,1,2025-09-10,Finland,Georgia,100.82018,78.966313
2764,4,1,2025-09-10,Germany,Slovenia,94.06497,85.286968
2765,1,1,2025-09-09,Poland,Turkey,85.450654,100.05591
2765,2,1,2025-09-09,Lithuania,Greece,113.60654,88.233748
2765,3,1,2025-09-10,Finland,Georgia,96.813993,83.345327
2765,4,1,2025-09-10,Germany,Slovenia,98.59375,76.422064
2766,1,1,2025-09-09,Poland,Turkey,67.314039,77.426363
2766,2,1,2025-09-09,Lithuania,Greece,70.950524,52.183936
2766,3,1,2025-09-10,Finland,Georgia,80.835542,74.826654
2766,4,1,2025-09-10,Germany,Slovenia,106.72,83.942817
2767,1,1,2025-09-09,Poland,Turkey,85.162579,83.962431
2767,2,1,2025-09-09,Lithuania,Greece,78.268615,79.252266
2767,3,1,2025-09-10,Finland,Georgia,94.346897,95.789439
2767,4,1,2025-09-10,Germany,Slovenia,108.58578,68.515941
2768,1,1,2025-09-09,Poland,Turkey,75.738054,83.668048
2768,2,1,2025-09-09,Lithuania,Greece,76.431934,84.656866
2768,3,1,2025-09-10,Finland,Georgia,85.66305,89.912458
2768,4,1,2025-09-10,Germany,Slovenia,100.73431,89.44192
2769,1,1,2025-09-09,Poland,Turkey,74.062142,84.357352
2769,2,1,2025-09-09,Lithuania,Greece,76.841888,92.529008
2769,3,1,2025-09-10,Finland,Georgia,106.67371,70.127994
2769,4,1,2025-09-10,Germany,Slovenia,103.82995,78.22128
2770,1,1,2025-09-09,Poland,Turkey,69.906102,76.904486
2770,2,1,2025-09-09,Lithuania,Greece,84.186191,73.742216
2770,3,1,2025-09-10,Finland,Georgia,73.891954,78.75208
2770,4,1,2025-09-10,Germany,Slovenia,104.0768,83.605396
2771,1,1,2025-09-09,Poland,Turkey,77.894062,92.644335
2771,2,1,2025-09-09,Lithuania,Greece,95.16049,68.280076
2771,3,1,2025-09-10,Finland,Georgia,86.968489,86.371953
2771,4,1,2025-09-10,Germany,Slovenia,115.60925,89.488825
2772,1,1,2025-09-09,Poland,Turkey,86.738169,84.296283
2772,2,1,2025-09-09,Lithuania,Greece,92.799937,82.779793
2772,3,1,2025-09-10,Finland,Georgia,69.91581,63.880232
2772,4,1,2025-09-10,Germany,Slovenia,113.69788,70.557195
2773,1,1,2025-09-09,Poland,Turkey,78.97207,92.40147
2773,2,1,2025-09-09,Lithuania,Greece,109.45368,81.0604
2773,3,1,2025-09-10,Finland,Georgia,95.941917,74.812665
2773,4,1,2025-09-10,Germany,Slovenia,94.452544,79.583593
2774,1,1,2025-09-09,Poland,Turkey,64.530204,88.595929
2774,2,1,2025-09-09,Lithuania,Greece,82.182997,86.611285
2774,3,1,2025-09-10,Finland,Georgia,98.181429,60.740332
2774,4,1,2025-09-10,Germany,Slovenia,67.753417,74.092942
2775,1,1,2025-09-09,Poland,Turkey,77.939835,92.236429
2775,2,1,2025-09-09,Lithuania,Greece,73.293808,79.280405
2775,3,1,2025-09-10,Finland,Georgia,87.154192,81.427046
2775,4,1,2025-09-10,Germany,Slovenia,96.885118,81.044914
2776,1,1,2025-09-09,Poland,Turkey,57.870209,84.526496
2776,2,1,2025-09-09,Lithuania,Greece,86.431864,85.657972
2776,3,1,2025-09-10,Finland,Georgia,88.263524,68.007209
2776,4,1,2025-09-10,Germany,Slovenia,92.712929,76.710817
2777,1,1,2025-09-09,Poland,Turkey,70.580632,70.227451
2777,2,1,2025-09-09,Lithuania,Greece,90.563177,94.74175
2777,3,1,2025-09-10,Finland,Georgia,90.669551,69.406929
2777,4,1,2025-09-10,Germany,Slovenia,100.82486,78.860256
2778,1,1,2025-09-09,Poland,Turkey,70.045363,72.081757
2778,2,1,2025-09-09,Lithuania,Greece,82.845908,78.21864
2778,3,1,2025-09-10,Finland,Georgia,81.794565,73.009542
2778,4,1,2025-09-10,Germany,Slovenia,100.45275,94.434433
2779,1,1,2025-09-09,Poland,Turkey,76.944084,90.438244
2779,2,1,2025-09-09,Lithuania,Greece,94.431686,81.994438
2779,3,1,2025-09-10,Finland,Georgia,98.684162,99.090184
2779,4,1,2025-09-10,Germany,Slovenia,107.94453,94.999956
2780,1,1,2025-09-09,Poland,Turkey,84.228835,85.149557
2780,2,1,2025-09-09,Lithuania,Greece,77.397647,51.89934
2780,3,1,2025-09-10,Finland,Georgia,92.894199,62.103998
2780,4,1,2025-09-10,Germany,Slovenia,110.16335,98.470172
2781,1,1,2025-09-09,Poland,Turkey,78.328275,60.915233
2781,2,1,2025-09-09,Lithuania,Greece,72.769398,77.61401
2781,3,1,2025-09-10,Finland,Georgia,103.82359,81.109964
2781,4,1,2025-09-10,Germany,Slovenia,104.82546,95.951862
2782,1,1,2025-09-09,Poland,Turkey,90.351161,106.18736
2782,2,1,2025-09-09,Lithuania,Greece,62.453392,72.823931
2782,3,1,2025-09-10,Finland,Georgia,93.432742,64.966987
2782,4,1,2025-09-10,Germany,Slovenia,107.5344,87.857183
2783,1,1,2025-09-09,Poland,Turkey,85.647904,88.135552
2783,2,1,2025-09-09,Lithuania,Greece,92.710832,72.883458
2783,3,1,2025-09-10,Finland,Georgia,96.688679,81.031238
2783,4,1,2025-09-10,Germany,Slovenia,100.18774,79.574553
2784,1,1,2025-09-09,Poland,Turkey,67.487066,102.88611
2784,2,1,2025-09-09,Lithuania,Greece,93.985737,66.295131
2784,3,1,2025-09-10,Finland,Georgia,98.60592,86.587575
2784,4,1,2025-09-10,Germany,Slovenia,105.02017,82.231838
2785,1,1,2025-09-09,Poland,Turkey,76.888219,94.767755
2785,2,1,2025-09-09,Lithuania,Greece,91.013914,88.477192
2785,3,1,2025-09-10,Finland,Georgia,71.942913,94.860416
2785,4,1,2025-09-10,Germany,Slovenia,92.65922,98.334716
2786,1,1,2025-09-09,Poland,Turkey,63.171691,96.481856
2786,2,1,2025-09-09,Lithuania,Greece,77.343981,74.515988
2786,3,1,2025-09-10,Finland,Georgia,112.86717,71.886831
2786,4,1,2025-09-10,Germany,Slovenia,94.886563,95.566074
2787,1,1,2025-09-09,Poland,Turkey,87.673789,81.556669
2787,2,1,2025-09-09,Lithuania,Greece,81.77938,69.64708
2787,3,1,2025-09-10,Finland,Georgia,90.519482,85.016056
2787,4,1,2025-09-10,Germany,Slovenia,84.443966,89.062199
2788,1,1,2025-09-09,Poland,Turkey,80.349789,92.375189
2788,2,1,2025-09-09,Lithuania,Greece,85.404258,77.4025
2788,3,1,2025-09-10,Finland,Georgia,93.217439,92.491926
2788,4,1,2025-09-10,Germany,Slovenia,101.18691,73.244563
2789,1,1,2025-09-09,Poland,Turkey,69.605685,101.44617
2789,2,1,2025-09-09,Lithuania,Greece,91.397326,78.070531
2789,3,1,2025-09-10,Finland,Georgia,91.126251,74.759253
2789,4,1,2025-09-10,Germany,Slovenia,90.742337,100.64257
2790,1,1,2025-09-09,Poland,Turkey,89.594194,107.42909
2790,2,1,2025-09-09,Lithuania,Greece,75.102599,73.667996
2790,3,1,2025-09-10,Finland,Georgia,78.459552,56.070395
2790,4,1,2025-09-10,Germany,Slovenia,115.06815,80.851689
2791,1,1,2025-09-09,Poland,Turkey,69.121609,86.133818
2791,2,1,2025-09-09,Lithuania,Greece,77.416415,78.349744
2791,3,1,2025-09-10,Finland,Georgia,91.274548,79.288821
2791,4,1,2025-09-10,Germany,Slovenia,115.13932,88.707528
2792,1,1,2025-09-09,Poland,Turkey,76.233962,102.65782
2792,2,1,2025-09-09,Lithuania,Greece,72.090379,57.168484
2792,3,1,2025-09-10,Finland,Georgia,95.333862,77.048549
2792,4,1,2025-09-10,Germany,Slovenia,91.998147,66.560646
2793,1,1,2025-09-09,Poland,Turkey,97.098188,72.97776
2793,2,1,2025-09-09,Lithuania,Greece,101.40359,96.299495
2793,3,1,2025-09-10,Finland,Georgia,102.98839,91.295784
2793,4,1,2025-09-10,Germany,Slovenia,119.36633,103.47079
2794,1,1,2025-09-09,Poland,Turkey,76.766014,87.431107
2794,2,1,2025-09-09,Lithuania,Greece,85.580974,68.369617
2794,3,1,2025-09-10,Finland,Georgia,90.628136,94.300276
2794,4,1,2025-09-10,Germany,Slovenia,88.006123,82.765637
2795,1,1,2025-09-09,Poland,Turkey,65.831989,96.627963
2795,2,1,2025-09-09,Lithuania,Greece,84.165142,74.228626
2795,3,1,2025-09-10,Finland,Georgia,105.96174,70.413054
2795,4,1,2025-09-10,Germany,Slovenia,113.1736,86.053308
2796,1,1,2025-09-09,Poland,Turkey,68.028527,83.120585
2796,2,1,2025-09-09,Lithuania,Greece,74.353707,54.513285
2796,3,1,2025-09-10,Finland,Georgia,98.832033,96.960292
2796,4,1,2025-09-10,Germany,Slovenia,100.59128,66.883814
2797,1,1,2025-09-09,Poland,Turkey,72.541466,88.013396
2797,2,1,2025-09-09,Lithuania,Greece,105.81088,82.796694
2797,3,1,2025-09-10,Finland,Georgia,87.380282,72.219725
2797,4,1,2025-09-10,Germany,Slovenia,102.14757,85.89993
2798,1,1,2025-09-09,Poland,Turkey,88.155925,85.486668
2798,2,1,2025-09-09,Lithuania,Greece,82.328648,80.605906
2798,3,1,2025-09-10,Finland,Georgia,97.649865,73.065648
2798,4,1,2025-09-10,Germany,Slovenia,80.407887,79.314509
2799,1,1,2025-09-09,Poland,Turkey,87.626317,83.345765
2799,2,1,2025-09-09,Lithuania,Greece,95.520078,70.19297
2799,3,1,2025-09-10,Finland,Georgia,101.8548,64.163416
2799,4,1,2025-09-10,Germany,Slovenia,106.68593,89.186836
2800,1,1,2025-09-09,Poland,Turkey,90.191232,101.83339
2800,2,1,2025-09-09,Lithuania,Greece,115.1408,95.787573
2800,3,1,2025-09-10,Finland,Georgia,97.164299,59.695821
2800,4,1,2025-09-10,Germany,Slovenia,103.9546,80.372471
2801,1,1,2025-09-09,Poland,Turkey,73.837057,83.221546
2801,2,1,2025-09-09,Lithuania,Greece,100.42928,77.024695
2801,3,1,2025-09-10,Finland,Georgia,105.39357,76.355563
2801,4,1,2025-09-10,Germany,Slovenia,92.394888,79.072362
2802,1,1,2025-09-09,Poland,Turkey,65.353755,87.682355
2802,2,1,2025-09-09,Lithuania,Greece,88.238404,75.231648
2802,3,1,2025-09-10,Finland,Georgia,110.33713,72.440477
2802,4,1,2025-09-10,Germany,Slovenia,111.74098,98.322785
2803,1,1,2025-09-09,Poland,Turkey,74.778965,88.993961
2803,2,1,2025-09-09,Lithuania,Greece,88.211726,72.495307
2803,3,1,2025-09-10,Finland,Georgia,73.090195,117.2771
2803,4,1,2025-09-10,Germany,Slovenia,94.104082,79.265671
2804,1,1,2025-09-09,Poland,Turkey,78.087843,82.923189
2804,2,1,2025-09-09,Lithuania,Greece,84.483118,93.041717
2804,3,1,2025-09-10,Finland,Georgia,101.83328,90.633199
2804,4,1,2025-09-10,Germany,Slovenia,95.114565,85.093922
2805,1,1,2025-09-09,Poland,Turkey,74.337131,102.47784
2805,2,1,2025-09-09,Lithuania,Greece,69.065875,69.010598
2805,3,1,2025-09-10,Finland,Georgia,85.40429,81.520641
2805,4,1,2025-09-10,Germany,Slovenia,96.082846,82.658135
2806,1,1,2025-09-09,Poland,Turkey,69.735474,72.035706
2806,2,1,2025-09-09,Lithuania,Greece,98.263683,95.409193
2806,3,1,2025-09-10,Finland,Georgia,100.94848,73.917888
2806,4,1,2025-09-10,Germany,Slovenia,100.37844,88.67549
2807,1,1,2025-09-09,Poland,Turkey,63.698604,95.681898
2807,2,1,2025-09-09,Lithuania,Greece,73.763366,67.004638
2807,3,1,2025-09-10,Finland,Georgia,102.51032,88.618512
2807,4,1,2025-09-10,Germany,Slovenia,106.18907,73.135394
2808,1,1,2025-09-09,Poland,Turkey,100.03461,78.459991
2808,2,1,2025-09-09,Lithuania,Greece,83.330218,60.822874
2808,3,1,2025-09-10,Finland,Georgia,84.065962,66.816134
2808,4,1,2025-09-10,Germany,Slovenia,92.768159,91.353622
2809,1,1,2025-09-09,Poland,Turkey,69.933469,87.639683
2809,2,1,2025-09-09,Lithuania,Greece,96.074884,91.043312
2809,3,1,2025-09-10,Finland,Georgia,88.378067,73.888049
2809,4,1,2025-09-10,Germany,Slovenia,96.944076,92.417884
2810,1,1,2025-09-09,Poland,Turkey,72.606862,82.086648
2810,2,1,2025-09-09,Lithuania,Greece,75.941965,61.149368
2810,3,1,2025-09-10,Finland,Georgia,87.155959,90.354406
2810,4,1,2025-09-10,Germany,Slovenia,104.36921,85.538498
2811,1,1,2025-09-09,Poland,Turkey,84.424137,83.256999
2811,2,1,2025-09-09,Lithuania,Greece,95.051472,72.117526
2811,3,1,2025-09-10,Finland,Georgia,94.426745,68.518708
2811,4,1,2025-09-10,Germany,Slovenia,115.26111,101.8538
2812,1,1,2025-09-09,Poland,Turkey,56.719332,86.983081
2812,2,1,2025-09-09,Lithuania,Greece,93.339395,79.788909
2812,3,1,2025-09-10,Finland,Georgia,92.577585,81.016582
2812,4,1,2025-09-10,Germany,Slovenia,102.1579,97.146163
2813,1,1,2025-09-09,Poland,Turkey,86.827264,92.187952
2813,2,1,2025-09-09,Lithuania,Greece,90.370448,90.47798
2813,3,1,2025-09-10,Finland,Georgia,101.93111,76.304141
2813,4,1,2025-09-10,Germany,Slovenia,103.82885,64.622031
2814,1,1,2025-09-09,Poland,Turkey,89.843994,79.110911
2814,2,1,2025-09-09,Lithuania,Greece,90.997625,87.647975
2814,3,1,2025-09-10,Finland,Georgia,92.332542,83.506425
2814,4,1,2025-09-10,Germany,Slovenia,99.759764,85.035261
2815,1,1,2025-09-09,Poland,Turkey,67.278369,97.277046
2815,2,1,2025-09-09,Lithuania,Greece,97.890226,69.216557
2815,3,1,2025-09-10,Finland,Georgia,110.12693,66.278844
2815,4,1,2025-09-10,Germany,Slovenia,99.969796,85.946069
2816,1,1,2025-09-09,Poland,Turkey,87.505556,81.44044
2816,2,1,2025-09-09,Lithuania,Greece,90.094523,61.555199
2816,3,1,2025-09-10,Finland,Georgia,102.38165,70.084964
2816,4,1,2025-09-10,Germany,Slovenia,114.15216,98.1719
2817,1,1,2025-09-09,Poland,Turkey,81.167391,94.446005
2817,2,1,2025-09-09,Lithuania,Greece,74.665376,71.533924
2817,3,1,2025-09-10,Finland,Georgia,100.37161,83.79023
2817,4,1,2025-09-10,Germany,Slovenia,88.063798,98.481604
2818,1,1,2025-09-09,Poland,Turkey,85.325867,77.956477
2818,2,1,2025-09-09,Lithuania,Greece,89.602497,58.527871
2818,3,1,2025-09-10,Finland,Georgia,109.49892,65.615963
2818,4,1,2025-09-10,Germany,Slovenia,119.40802,107.89455
2819,1,1,2025-09-09,Poland,Turkey,75.625133,83.160901
2819,2,1,2025-09-09,Lithuania,Greece,77.391759,75.051192
2819,3,1,2025-09-10,Finland,Georgia,77.365208,69.392016
2819,4,1,2025-09-10,Germany,Slovenia,104.4291,79.1807
2820,1,1,2025-09-09,Poland,Turkey,69.804577,116.07728
2820,2,1,2025-09-09,Lithuania,Greece,105.32257,77.600132
2820,3,1,2025-09-10,Finland,Georgia,94.793627,78.120888
2820,4,1,2025-09-10,Germany,Slovenia,105.25582,92.53682
2821,1,1,2025-09-09,Poland,Turkey,93.595871,95.218727
2821,2,1,2025-09-09,Lithuania,Greece,89.441729,92.415062
2821,3,1,2025-09-10,Finland,Georgia,96.266933,77.502697
2821,4,1,2025-09-10,Germany,Slovenia,106.24603,74.876808
2822,1,1,2025-09-09,Poland,Turkey,64.422836,91.418234
2822,2,1,2025-09-09,Lithuania,Greece,71.506282,62.299518
2822,3,1,2025-09-10,Finland,Georgia,88.430142,64.809832
2822,4,1,2025-09-10,Germany,Slovenia,106.14672,97.18495
2823,1,1,2025-09-09,Poland,Turkey,82.877247,83.08033
2823,2,1,2025-09-09,Lithuania,Greece,86.536242,75.419672
2823,3,1,2025-09-10,Finland,Georgia,96.448524,77.274411
2823,4,1,2025-09-10,Germany,Slovenia,105.1851,71.370831
2824,1,1,2025-09-09,Poland,Turkey,93.395146,98.691646
2824,2,1,2025-09-09,Lithuania,Greece,85.889254,81.902509
2824,3,1,2025-09-10,Finland,Georgia,93.32909,84.287679
2824,4,1,2025-09-10,Germany,Slovenia,109.96223,80.705227
2825,1,1,2025-09-09,Poland,Turkey,66.462741,92.917568
2825,2,1,2025-09-09,Lithuania,Greece,75.905991,76.057977
2825,3,1,2025-09-10,Finland,Georgia,85.19213,79.939545
2825,4,1,2025-09-10,Germany,Slovenia,103.27487,87.540333
2826,1,1,2025-09-09,Poland,Turkey,64.346405,87.117298
2826,2,1,2025-09-09,Lithuania,Greece,101.63279,67.113866
2826,3,1,2025-09-10,Finland,Georgia,70.940241,57.745696
2826,4,1,2025-09-10,Germany,Slovenia,88.644013,88.926724
2827,1,1,2025-09-09,Poland,Turkey,87.883935,93.232794
2827,2,1,2025-09-09,Lithuania,Greece,96.109413,76.745021
2827,3,1,2025-09-10,Finland,Georgia,102.17072,84.651265
2827,4,1,2025-09-10,Germany,Slovenia,109.75923,88.499011
2828,1,1,2025-09-09,Poland,Turkey,76.722008,83.729375
2828,2,1,2025-09-09,Lithuania,Greece,103.23159,72.780131
2828,3,1,2025-09-10,Finland,Georgia,76.386908,70.973641
2828,4,1,2025-09-10,Germany,Slovenia,104.46145,91.775119
2829,1,1,2025-09-09,Poland,Turkey,96.559705,84.015025
2829,2,1,2025-09-09,Lithuania,Greece,86.666195,82.412947
2829,3,1,2025-09-10,Finland,Georgia,94.381256,83.478124
2829,4,1,2025-09-10,Germany,Slovenia,69.702262,75.357489
2830,1,1,2025-09-09,Poland,Turkey,69.267096,92.285124
2830,2,1,2025-09-09,Lithuania,Greece,80.822214,72.819851
2830,3,1,2025-09-10,Finland,Georgia,105.32347,91.989848
2830,4,1,2025-09-10,Germany,Slovenia,117.25301,77.501781
2831,1,1,2025-09-09,Poland,Turkey,77.551941,96.879749
2831,2,1,2025-09-09,Lithuania,Greece,86.600234,88.888821
2831,3,1,2025-09-10,Finland,Georgia,81.506141,71.9933
2831,4,1,2025-09-10,Germany,Slovenia,103.80058,92.325432
2832,1,1,2025-09-09,Poland,Turkey,74.030147,90.810298
2832,2,1,2025-09-09,Lithuania,Greece,83.831348,85.601571
2832,3,1,2025-09-10,Finland,Georgia,99.660257,82.83369
2832,4,1,2025-09-10,Germany,Slovenia,100.34709,100.94882
2833,1,1,2025-09-09,Poland,Turkey,79.839814,80.806623
2833,2,1,2025-09-09,Lithuania,Greece,95.716129,61.663001
2833,3,1,2025-09-10,Finland,Georgia,88.959937,77.767731
2833,4,1,2025-09-10,Germany,Slovenia,122.30898,100.09216
2834,1,1,2025-09-09,Poland,Turkey,83.92786,95.348985
2834,2,1,2025-09-09,Lithuania,Greece,88.765995,77.398676
2834,3,1,2025-09-10,Finland,Georgia,110.9314,74.159359
2834,4,1,2025-09-10,Germany,Slovenia,104.58888,90.443296
2835,1,1,2025-09-09,Poland,Turkey,75.275938,94.407803
2835,2,1,2025-09-09,Lithuania,Greece,80.696997,52.024849
2835,3,1,2025-09-10,Finland,Georgia,64.074364,88.860611
2835,4,1,2025-09-10,Germany,Slovenia,110.90318,86.927794
2836,1,1,2025-09-09,Poland,Turkey,91.925066,80.468824
2836,2,1,2025-09-09,Lithuania,Greece,88.222675,97.541605
2836,3,1,2025-09-10,Finland,Georgia,82.852586,90.999091
2836,4,1,2025-09-10,Germany,Slovenia,103.36882,88.686791
2837,1,1,2025-09-09,Poland,Turkey,72.5726,78.324647
2837,2,1,2025-09-09,Lithuania,Greece,83.51498,78.513959
2837,3,1,2025-09-10,Finland,Georgia,108.36835,83.009217
2837,4,1,2025-09-10,Germany,Slovenia,106.79087,88.317867
2838,1,1,2025-09-09,Poland,Turkey,71.863338,84.672964
2838,2,1,2025-09-09,Lithuania,Greece,85.594327,48.551242
2838,3,1,2025-09-10,Finland,Georgia,105.98577,82.54132
2838,4,1,2025-09-10,Germany,Slovenia,114.39548,85.871972
2839,1,1,2025-09-09,Poland,Turkey,60.308332,97.666372
2839,2,1,2025-09-09,Lithuania,Greece,89.106551,91.937472
2839,3,1,2025-09-10,Finland,Georgia,88.316705,63.201748
2839,4,1,2025-09-10,Germany,Slovenia,128.83755,102.08335
2840,1,1,2025-09-09,Poland,Turkey,74.820121,97.389482
2840,2,1,2025-09-09,Lithuania,Greece,75.253257,78.436297
2840,3,1,2025-09-10,Finland,Georgia,113.83833,82.771588
2840,4,1,2025-09-10,Germany,Slovenia,100.85736,100.65692
2841,1,1,2025-09-09,Poland,Turkey,57.487356,71.437405
2841,2,1,2025-09-09,Lithuania,Greece,72.239138,66.490499
2841,3,1,2025-09-10,Finland,Georgia,104.27225,50.826412
2841,4,1,2025-09-10,Germany,Slovenia,109.07358,91.727976
2842,1,1,2025-09-09,Poland,Turkey,87.73904,116.95572
2842,2,1,2025-09-09,Lithuania,Greece,83.878409,82.242622
2842,3,1,2025-09-10,Finland,Georgia,75.373859,101.41
2842,4,1,2025-09-10,Germany,Slovenia,92.816281,76.692555
2843,1,1,2025-09-09,Poland,Turkey,56.154655,71.972817
2843,2,1,2025-09-09,Lithuania,Greece,88.933162,79.469906
2843,3,1,2025-09-10,Finland,Georgia,90.127187,80.807282
2843,4,1,2025-09-10,Germany,Slovenia,82.450364,86.087076
2844,1,1,2025-09-09,Poland,Turkey,80.195486,79.152765
2844,2,1,2025-09-09,Lithuania,Greece,73.781112,54.489491
2844,3,1,2025-09-10,Finland,Georgia,92.008941,76.880391
2844,4,1,2025-09-10,Germany,Slovenia,116.21222,100.51079
2845,1,1,2025-09-09,Poland,Turkey,72.711598,88.25528
2845,2,1,2025-09-09,Lithuania,Greece,81.434517,62.531331
2845,3,1,2025-09-10,Finland,Georgia,95.189965,73.177828
2845,4,1,2025-09-10,Germany,Slovenia,96.14386,114.47941
2846,1,1,2025-09-09,Poland,Turkey,80.262957,94.446964
2846,2,1,2025-09-09,Lithuania,Greece,92.247747,68.116546
2846,3,1,2025-09-10,Finland,Georgia,102.14826,74.831459
2846,4,1,2025-09-10,Germany,Slovenia,89.589657,79.876164
2847,1,1,2025-09-09,Poland,Turkey,59.055663,99.790502
2847,2,1,2025-09-09,Lithuania,Greece,80.985611,102.3883
2847,3,1,2025-09-10,Finland,Georgia,109.25671,84.956765
2847,4,1,2025-09-10,Germany,Slovenia,111.02826,97.069852
2848,1,1,2025-09-09,Poland,Turkey,92.096895,75.914554
2848,2,1,2025-09-09,Lithuania,Greece,98.750691,78.359657
2848,3,1,2025-09-10,Finland,Georgia,87.058753,82.822576
2848,4,1,2025-09-10,Germany,Slovenia,101.51345,81.993806
2849,1,1,2025-09-09,Poland,Turkey,53.755014,76.14727
2849,2,1,2025-09-09,Lithuania,Greece,74.095295,64.658576
2849,3,1,2025-09-10,Finland,Georgia,114.66698,83.068929
2849,4,1,2025-09-10,Germany,Slovenia,106.98434,97.456918
2850,1,1,2025-09-09,Poland,Turkey,81.717173,90.115747
2850,2,1,2025-09-09,Lithuania,Greece,94.831267,87.817051
2850,3,1,2025-09-10,Finland,Georgia,102.88113,56.310826
2850,4,1,2025-09-10,Germany,Slovenia,101.14391,87.433306
2851,1,1,2025-09-09,Poland,Turkey,84.402498,74.084584
2851,2,1,2025-09-09,Lithuania,Greece,102.70757,63.356698
2851,3,1,2025-09-10,Finland,Georgia,106.36389,83.437142
2851,4,1,2025-09-10,Germany,Slovenia,105.08631,95.633149
2852,1,1,2025-09-09,Poland,Turkey,76.33422,70.680968
2852,2,1,2025-09-09,Lithuania,Greece,82.663747,60.872675
2852,3,1,2025-09-10,Finland,Georgia,100.29457,101.87112
2852,4,1,2025-09-10,Germany,Slovenia,106.76023,86.297121
2853,1,1,2025-09-09,Poland,Turkey,76.499135,74.583288
2853,2,1,2025-09-09,Lithuania,Greece,81.66505,80.130463
2853,3,1,2025-09-10,Finland,Georgia,115.02267,70.753249
2853,4,1,2025-09-10,Germany,Slovenia,91.966273,94.100989
2854,1,1,2025-09-09,Poland,Turkey,86.605608,95.031447
2854,2,1,2025-09-09,Lithuania,Greece,76.124269,93.892795
2854,3,1,2025-09-10,Finland,Georgia,96.389469,93.71356
2854,4,1,2025-09-10,Germany,Slovenia,106.04527,88.747422
2855,1,1,2025-09-09,Poland,Turkey,73.219272,92.044796
2855,2,1,2025-09-09,Lithuania,Greece,101.65887,71.50593
2855,3,1,2025-09-10,Finland,Georgia,97.311196,78.790451
2855,4,1,2025-09-10,Germany,Slovenia,119.79515,90.363352
2856,1,1,2025-09-09,Poland,Turkey,62.657572,65.419956
2856,2,1,2025-09-09,Lithuania,Greece,87.49397,78.270535
2856,3,1,2025-09-10,Finland,Georgia,97.635296,89.877501
2856,4,1,2025-09-10,Germany,Slovenia,70.658209,92.786305
2857,1,1,2025-09-09,Poland,Turkey,85.045434,79.697469
2857,2,1,2025-09-09,Lithuania,Greece,87.922775,82.842355
2857,3,1,2025-09-10,Finland,Georgia,84.592976,53.659178
2857,4,1,2025-09-10,Germany,Slovenia,108.00775,69.432575
2858,1,1,2025-09-09,Poland,Turkey,78.595339,106.46577
2858,2,1,2025-09-09,Lithuania,Greece,90.85776,86.452882
2858,3,1,2025-09-10,Finland,Georgia,95.374565,105.91593
2858,4,1,2025-09-10,Germany,Slovenia,106.67,97.858921
2859,1,1,2025-09-09,Poland,Turkey,85.755546,77.08265
2859,2,1,2025-09-09,Lithuania,Greece,97.468882,71.06446
2859,3,1,2025-09-10,Finland,Georgia,81.533795,74.092833
2859,4,1,2025-09-10,Germany,Slovenia,96.15878,98.236346
2860,1,1,2025-09-09,Poland,Turkey,64.084658,81.679981
2860,2,1,2025-09-09,Lithuania,Greece,95.043989,78.017919
2860,3,1,2025-09-10,Finland,Georgia,94.786892,83.444182
2860,4,1,2025-09-10,Germany,Slovenia,109.48776,78.817012
2861,1,1,2025-09-09,Poland,Turkey,79.522619,75.800625
2861,2,1,2025-09-09,Lithuania,Greece,83.447986,69.019056
2861,3,1,2025-09-10,Finland,Georgia,80.949851,70.070927
2861,4,1,2025-09-10,Germany,Slovenia,100.51639,91.683728
2862,1,1,2025-09-09,Poland,Turkey,68.081955,91.417422
2862,2,1,2025-09-09,Lithuania,Greece,82.726839,74.106369
2862,3,1,2025-09-10,Finland,Georgia,79.499292,72.799655
2862,4,1,2025-09-10,Germany,Slovenia,89.74056,113.94085
2863,1,1,2025-09-09,Poland,Turkey,62.103313,88.736503
2863,2,1,2025-09-09,Lithuania,Greece,76.960563,57.92253
2863,3,1,2025-09-10,Finland,Georgia,97.413043,71.063821
2863,4,1,2025-09-10,Germany,Slovenia,104.62735,91.624431
2864,1,1,2025-09-09,Poland,Turkey,89.972046,84.483696
2864,2,1,2025-09-09,Lithuania,Greece,81.987937,85.333477
2864,3,1,2025-09-10,Finland,Georgia,106.98998,89.979282
2864,4,1,2025-09-10,Germany,Slovenia,124.11417,97.661947
2865,1,1,2025-09-09,Poland,Turkey,66.691978,78.06149
2865,2,1,2025-09-09,Lithuania,Greece,94.30935,79.919071
2865,3,1,2025-09-10,Finland,Georgia,99.226342,81.921278
2865,4,1,2025-09-10,Germany,Slovenia,106.56005999999999,92.99789
2866,1,1,2025-09-09,Poland,Turkey,77.799398,76.963039
2866,2,1,2025-09-09,Lithuania,Greece,81.243216,65.157068
2866,3,1,2025-09-10,Finland,Georgia,76.606096,63.630089
2866,4,1,2025-09-10,Germany,Slovenia,104.19177,82.398632
2867,1,1,2025-09-09,Poland,Turkey,74.055558,80.878969
2867,2,1,2025-09-09,Lithuania,Greece,77.763723,70.428992
2867,3,1,2025-09-10,Finland,Georgia,89.635554,67.036142
2867,4,1,2025-09-10,Germany,Slovenia,115.91255,72.745814
2868,1,1,2025-09-09,Poland,Turkey,65.791383,92.820578
2868,2,1,2025-09-09,Lithuania,Greece,96.842998,88.385114
2868,3,1,2025-09-10,Finland,Georgia,112.68045,64.475938
2868,4,1,2025-09-10,Germany,Slovenia,98.288716,96.760247
2869,1,1,2025-09-09,Poland,Turkey,69.762536,105.92589
2869,2,1,2025-09-09,Lithuania,Greece,93.041188,81.309256
2869,3,1,2025-09-10,Finland,Georgia,86.220862,77.713348
2869,4,1,2025-09-10,Germany,Slovenia,84.657367,81.122888
2870,1,1,2025-09-09,Poland,Turkey,73.192267,72.657732
2870,2,1,2025-09-09,Lithuania,Greece,68.878032,77.021937
2870,3,1,2025-09-10,Finland,Georgia,121.19332,103.04968
2870,4,1,2025-09-10,Germany,Slovenia,117.60288,87.202694
2871,1,1,2025-09-09,Poland,Turkey,76.120337,103.59313
2871,2,1,2025-09-09,Lithuania,Greece,97.072934,75.090807
2871,3,1,2025-09-10,Finland,Georgia,112.74369,82.142574
2871,4,1,2025-09-10,Germany,Slovenia,103.39969,105.84181
2872,1,1,2025-09-09,Poland,Turkey,84.145883,94.528971
2872,2,1,2025-09-09,Lithuania,Greece,73.547276,74.176152
2872,3,1,2025-09-10,Finland,Georgia,87.98376,84.847703
2872,4,1,2025-09-10,Germany,Slovenia,96.54276,75.103365
2873,1,1,2025-09-09,Poland,Turkey,99.136393,101.00793
2873,2,1,2025-09-09,Lithuania,Greece,87.322039,75.054577
2873,3,1,2025-09-10,Finland,Georgia,96.859994,63.390151
2873,4,1,2025-09-10,Germany,Slovenia,106.36268,96.854965000000007
2874,1,1,2025-09-09,Poland,Turkey,88.728357,88.511239
2874,2,1,2025-09-09,Lithuania,Greece,94.554679,98.605677
2874,3,1,2025-09-10,Finland,Georgia,83.27256,80.802464
2874,4,1,2025-09-10,Germany,Slovenia,92.839798,69.540829
2875,1,1,2025-09-09,Poland,Turkey,88.293116,103.1846
2875,2,1,2025-09-09,Lithuania,Greece,92.341981,84.537804
2875,3,1,2025-09-10,Finland,Georgia,96.777914,81.020852
2875,4,1,2025-09-10,Germany,Slovenia,105.84633,89.983899
2876,1,1,2025-09-09,Poland,Turkey,81.050441,66.816297
2876,2,1,2025-09-09,Lithuania,Greece,73.930926,69.525619
2876,3,1,2025-09-10,Finland,Georgia,95.711397,69.054801
2876,4,1,2025-09-10,Germany,Slovenia,99.124091,77.373091
2877,1,1,2025-09-09,Poland,Turkey,72.370755,97.795424
2877,2,1,2025-09-09,Lithuania,Greece,87.332193,55.723754
2877,3,1,2025-09-10,Finland,Georgia,110.35897,87.785721
2877,4,1,2025-09-10,Germany,Slovenia,99.633767,91.653474
2878,1,1,2025-09-09,Poland,Turkey,82.363427,81.826213
2878,2,1,2025-09-09,Lithuania,Greece,89.942123,87.586573
2878,3,1,2025-09-10,Finland,Georgia,95.035652,66.24762
2878,4,1,2025-09-10,Germany,Slovenia,88.414579,83.344159
2879,1,1,2025-09-09,Poland,Turkey,88.652744,69.611726
2879,2,1,2025-09-09,Lithuania,Greece,82.881576,69.219775
2879,3,1,2025-09-10,Finland,Georgia,105.54539,89.851191
2879,4,1,2025-09-10,Germany,Slovenia,109.10411,80.263392
2880,1,1,2025-09-09,Poland,Turkey,109.98958,73.298989
2880,2,1,2025-09-09,Lithuania,Greece,78.176702,83.296672
2880,3,1,2025-09-10,Finland,Georgia,100.58482,51.761253
2880,4,1,2025-09-10,Germany,Slovenia,99.191361,78.403384
2881,1,1,2025-09-09,Poland,Turkey,70.128977,77.807944
2881,2,1,2025-09-09,Lithuania,Greece,109.05589,90.346238
2881,3,1,2025-09-10,Finland,Georgia,93.402153,60.796696
2881,4,1,2025-09-10,Germany,Slovenia,106.80647,75.990617
2882,1,1,2025-09-09,Poland,Turkey,79.234466,89.884219
2882,2,1,2025-09-09,Lithuania,Greece,79.951022,70.152148
2882,3,1,2025-09-10,Finland,Georgia,96.787584,74.401724
2882,4,1,2025-09-10,Germany,Slovenia,82.659838,83.91015
2883,1,1,2025-09-09,Poland,Turkey,70.064091,86.146356
2883,2,1,2025-09-09,Lithuania,Greece,81.808078,91.729472
2883,3,1,2025-09-10,Finland,Georgia,119.46238,84.816101
2883,4,1,2025-09-10,Germany,Slovenia,83.510467,76.041271
2884,1,1,2025-09-09,Poland,Turkey,76.16959,89.368491
2884,2,1,2025-09-09,Lithuania,Greece,105.33176,94.317965
2884,3,1,2025-09-10,Finland,Georgia,105.23558,86.749467
2884,4,1,2025-09-10,Germany,Slovenia,111.63764,84.738592
2885,1,1,2025-09-09,Poland,Turkey,70.97869,96.486852
2885,2,1,2025-09-09,Lithuania,Greece,82.740504,65.890808
2885,3,1,2025-09-10,Finland,Georgia,88.526595,62.220074
2885,4,1,2025-09-10,Germany,Slovenia,113.25434,90.737853
2886,1,1,2025-09-09,Poland,Turkey,88.308632,78.91279
2886,2,1,2025-09-09,Lithuania,Greece,72.442799,74.254758
2886,3,1,2025-09-10,Finland,Georgia,102.59912,73.039031
2886,4,1,2025-09-10,Germany,Slovenia,95.487796,90.725132
2887,1,1,2025-09-09,Poland,Turkey,88.084193,81.263207
2887,2,1,2025-09-09,Lithuania,Greece,99.713684,95.745631
2887,3,1,2025-09-10,Finland,Georgia,96.371906,77.176767
2887,4,1,2025-09-10,Germany,Slovenia,112.41707,75.907543
2888,1,1,2025-09-09,Poland,Turkey,81.899147,96.376249
2888,2,1,2025-09-09,Lithuania,Greece,85.506167,82.908757
2888,3,1,2025-09-10,Finland,Georgia,96.88048,75.488197
2888,4,1,2025-09-10,Germany,Slovenia,110.0235,73.100747
2889,1,1,2025-09-09,Poland,Turkey,82.875784,96.461956
2889,2,1,2025-09-09,Lithuania,Greece,84.125927,51.960144
2889,3,1,2025-09-10,Finland,Georgia,93.229845,48.063323
2889,4,1,2025-09-10,Germany,Slovenia,117.49683,67.471437
2890,1,1,2025-09-09,Poland,Turkey,77.14116,86.199425
2890,2,1,2025-09-09,Lithuania,Greece,90.352939,88.783977
2890,3,1,2025-09-10,Finland,Georgia,95.463341,79.267041
2890,4,1,2025-09-10,Germany,Slovenia,106.32877,81.242494
2891,1,1,2025-09-09,Poland,Turkey,79.697705,64.275761
2891,2,1,2025-09-09,Lithuania,Greece,98.729347,91.524824
2891,3,1,2025-09-10,Finland,Georgia,83.363439,70.08361
2891,4,1,2025-09-10,Germany,Slovenia,96.755999,77.64997
2892,1,1,2025-09-09,Poland,Turkey,78.152772,95.263338
2892,2,1,2025-09-09,Lithuania,Greece,85.305045,79.760079
2892,3,1,2025-09-10,Finland,Georgia,102.01595,71.097603
2892,4,1,2025-09-10,Germany,Slovenia,94.994834,72.004575
2893,1,1,2025-09-09,Poland,Turkey,71.728511,108.89666
2893,2,1,2025-09-09,Lithuania,Greece,91.737581,87.488609
2893,3,1,2025-09-10,Finland,Georgia,100.9689,78.495613
2893,4,1,2025-09-10,Germany,Slovenia,98.612376,88.055499
2894,1,1,2025-09-09,Poland,Turkey,99.214981,74.713024
2894,2,1,2025-09-09,Lithuania,Greece,65.76437,58.815098
2894,3,1,2025-09-10,Finland,Georgia,94.008316,76.892249
2894,4,1,2025-09-10,Germany,Slovenia,100.04347,89.275522
2895,1,1,2025-09-09,Poland,Turkey,69.829456,90.382217
2895,2,1,2025-09-09,Lithuania,Greece,91.4052,88.782769
2895,3,1,2025-09-10,Finland,Georgia,101.80788,98.216019
2895,4,1,2025-09-10,Germany,Slovenia,102.97074,81.877726
2896,1,1,2025-09-09,Poland,Turkey,69.750512,77.566712
2896,2,1,2025-09-09,Lithuania,Greece,92.433569,82.399581
2896,3,1,2025-09-10,Finland,Georgia,102.19533,94.304351
2896,4,1,2025-09-10,Germany,Slovenia,101.70564,101.05962
2897,1,1,2025-09-09,Poland,Turkey,76.012141,83.001934
2897,2,1,2025-09-09,Lithuania,Greece,89.846691,84.664588
2897,3,1,2025-09-10,Finland,Georgia,124.83832,72.053701
2897,4,1,2025-09-10,Germany,Slovenia,115.23277,69.924384
2898,1,1,2025-09-09,Poland,Turkey,73.588511,77.236518
2898,2,1,2025-09-09,Lithuania,Greece,84.819019,74.500162
2898,3,1,2025-09-10,Finland,Georgia,114.86166,88.574439
2898,4,1,2025-09-10,Germany,Slovenia,101.17788,73.741829
2899,1,1,2025-09-09,Poland,Turkey,92.79188,80.830385
2899,2,1,2025-09-09,Lithuania,Greece,69.83654,74.69342
2899,3,1,2025-09-10,Finland,Georgia,86.29002,62.978791
2899,4,1,2025-09-10,Germany,Slovenia,97.337491,93.587964
2900,1,1,2025-09-09,Poland,Turkey,83.552911,75.217487
2900,2,1,2025-09-09,Lithuania,Greece,80.462326,70.53051
2900,3,1,2025-09-10,Finland,Georgia,93.07468,70.70096
2900,4,1,2025-09-10,Germany,Slovenia,102.27199,68.551555
2901,1,1,2025-09-09,Poland,Turkey,85.232323,80.947711
2901,2,1,2025-09-09,Lithuania,Greece,84.981356,67.732656
2901,3,1,2025-09-10,Finland,Georgia,90.516906,61.690358
2901,4,1,2025-09-10,Germany,Slovenia,105.61845,80.166412
2902,1,1,2025-09-09,Poland,Turkey,62.999318,92.893478
2902,2,1,2025-09-09,Lithuania,Greece,80.168925,71.493089
2902,3,1,2025-09-10,Finland,Georgia,90.2294,68.959044
2902,4,1,2025-09-10,Germany,Slovenia,98.389611,93.448834
2903,1,1,2025-09-09,Poland,Turkey,62.552447,86.951182
2903,2,1,2025-09-09,Lithuania,Greece,80.302308,43.861543
2903,3,1,2025-09-10,Finland,Georgia,89.906369,69.75796
2903,4,1,2025-09-10,Germany,Slovenia,114.16273,93.199861
2904,1,1,2025-09-09,Poland,Turkey,92.384306,80.109381
2904,2,1,2025-09-09,Lithuania,Greece,78.081917,81.685092
2904,3,1,2025-09-10,Finland,Georgia,84.316104,89.828169
2904,4,1,2025-09-10,Germany,Slovenia,100.85156,90.296117
2905,1,1,2025-09-09,Poland,Turkey,74.68637,82.629528
2905,2,1,2025-09-09,Lithuania,Greece,68.005987,75.347042
2905,3,1,2025-09-10,Finland,Georgia,95.278024,72.89485
2905,4,1,2025-09-10,Germany,Slovenia,84.473328,90.523182
2906,1,1,2025-09-09,Poland,Turkey,74.815604,92.986567
2906,2,1,2025-09-09,Lithuania,Greece,91.865135,52.671431
2906,3,1,2025-09-10,Finland,Georgia,102.81554,87.778227
2906,4,1,2025-09-10,Germany,Slovenia,95.249032,84.548944
2907,1,1,2025-09-09,Poland,Turkey,81.718369,83.74938
2907,2,1,2025-09-09,Lithuania,Greece,82.945028,83.925392
2907,3,1,2025-09-10,Finland,Georgia,96.719625,70.769445
2907,4,1,2025-09-10,Germany,Slovenia,84.489282,58.910397
2908,1,1,2025-09-09,Poland,Turkey,75.43328,118.57527
2908,2,1,2025-09-09,Lithuania,Greece,70.732927,60.633632
2908,3,1,2025-09-10,Finland,Georgia,114.02376,78.03284
2908,4,1,2025-09-10,Germany,Slovenia,97.815485,96.164252
2909,1,1,2025-09-09,Poland,Turkey,77.066881,94.720294
2909,2,1,2025-09-09,Lithuania,Greece,95.225953,68.515374
2909,3,1,2025-09-10,Finland,Georgia,102.91463,69.633776
2909,4,1,2025-09-10,Germany,Slovenia,92.90723,79.518384
2910,1,1,2025-09-09,Poland,Turkey,79.471846,80.302965
2910,2,1,2025-09-09,Lithuania,Greece,93.689476,83.018463
2910,3,1,2025-09-10,Finland,Georgia,98.898714,91.985854
2910,4,1,2025-09-10,Germany,Slovenia,115.42782,81.623319
2911,1,1,2025-09-09,Poland,Turkey,53.832873,93.350415
2911,2,1,2025-09-09,Lithuania,Greece,89.213552,71.476692
2911,3,1,2025-09-10,Finland,Georgia,106.37933,94.486788
2911,4,1,2025-09-10,Germany,Slovenia,90.170899,86.635295
2912,1,1,2025-09-09,Poland,Turkey,78.877925,95.421589
2912,2,1,2025-09-09,Lithuania,Greece,76.748547,73.403393
2912,3,1,2025-09-10,Finland,Georgia,94.771848,85.885883
2912,4,1,2025-09-10,Germany,Slovenia,117.10329,113.04939
2913,1,1,2025-09-09,Poland,Turkey,93.772134,85.435068
2913,2,1,2025-09-09,Lithuania,Greece,59.975329,58.229612
2913,3,1,2025-09-10,Finland,Georgia,89.026791,84.413787
2913,4,1,2025-09-10,Germany,Slovenia,94.78889,103.79352
2914,1,1,2025-09-09,Poland,Turkey,60.335576,98.818213
2914,2,1,2025-09-09,Lithuania,Greece,102.41939,83.496749
2914,3,1,2025-09-10,Finland,Georgia,103.38596,66.021891
2914,4,1,2025-09-10,Germany,Slovenia,86.263542,95.43043
2915,1,1,2025-09-09,Poland,Turkey,80.637567,78.194371
2915,2,1,2025-09-09,Lithuania,Greece,93.406224,73.472828
2915,3,1,2025-09-10,Finland,Georgia,81.706825,64.960547
2915,4,1,2025-09-10,Germany,Slovenia,130.21009,104.18356
2916,1,1,2025-09-09,Poland,Turkey,89.90891,74.554326
2916,2,1,2025-09-09,Lithuania,Greece,73.586352,98.040797
2916,3,1,2025-09-10,Finland,Georgia,86.12773,74.849481
2916,4,1,2025-09-10,Germany,Slovenia,106.92476,86.827334
2917,1,1,2025-09-09,Poland,Turkey,75.903849,103.58724
2917,2,1,2025-09-09,Lithuania,Greece,89.514882,86.92928
2917,3,1,2025-09-10,Finland,Georgia,81.599354,85.199754
2917,4,1,2025-09-10,Germany,Slovenia,118.98133,80.925941
2918,1,1,2025-09-09,Poland,Turkey,54.351643,78.841591
2918,2,1,2025-09-09,Lithuania,Greece,86.127588,92.778819
2918,3,1,2025-09-10,Finland,Georgia,106.72028,88.85974
2918,4,1,2025-09-10,Germany,Slovenia,111.73752,81.961125
2919,1,1,2025-09-09,Poland,Turkey,64.226865,106.13865
2919,2,1,2025-09-09,Lithuania,Greece,78.898919,73.721599
2919,3,1,2025-09-10,Finland,Georgia,93.489329,89.854359
2919,4,1,2025-09-10,Germany,Slovenia,115.3752,92.518606
2920,1,1,2025-09-09,Poland,Turkey,80.345295,93.110658
2920,2,1,2025-09-09,Lithuania,Greece,83.234338,67.549995
2920,3,1,2025-09-10,Finland,Georgia,96.717487,87.330443
2920,4,1,2025-09-10,Germany,Slovenia,107.08594,78.801672
2921,1,1,2025-09-09,Poland,Turkey,66.606562,78.183871
2921,2,1,2025-09-09,Lithuania,Greece,102.43169,100.44939
2921,3,1,2025-09-10,Finland,Georgia,77.807789,76.560947
2921,4,1,2025-09-10,Germany,Slovenia,107.79563,74.420641
2922,1,1,2025-09-09,Poland,Turkey,68.816495,83.564742
2922,2,1,2025-09-09,Lithuania,Greece,105.83033,89.741794
2922,3,1,2025-09-10,Finland,Georgia,101.69418,57.849496
2922,4,1,2025-09-10,Germany,Slovenia,103.93896,69.095583
2923,1,1,2025-09-09,Poland,Turkey,88.629727,82.194515
2923,2,1,2025-09-09,Lithuania,Greece,83.903004,84.156931
2923,3,1,2025-09-10,Finland,Georgia,91.312636,76.31254
2923,4,1,2025-09-10,Germany,Slovenia,97.633032,78.460279
2924,1,1,2025-09-09,Poland,Turkey,59.702681,86.344341
2924,2,1,2025-09-09,Lithuania,Greece,85.780455,85.106049
2924,3,1,2025-09-10,Finland,Georgia,84.704148,82.138245
2924,4,1,2025-09-10,Germany,Slovenia,78.364312,77.902891
2925,1,1,2025-09-09,Poland,Turkey,81.977657,63.475727
2925,2,1,2025-09-09,Lithuania,Greece,87.425962,44.163851
2925,3,1,2025-09-10,Finland,Georgia,88.219304,87.612693
2925,4,1,2025-09-10,Germany,Slovenia,109.33816,83.052419
2926,1,1,2025-09-09,Poland,Turkey,88.42542,90.886451
2926,2,1,2025-09-09,Lithuania,Greece,89.636926,100.70237
2926,3,1,2025-09-10,Finland,Georgia,104.97307,75.610113
2926,4,1,2025-09-10,Germany,Slovenia,109.16751,77.867654
2927,1,1,2025-09-09,Poland,Turkey,74.641745,94.013394
2927,2,1,2025-09-09,Lithuania,Greece,95.597161,78.840641
2927,3,1,2025-09-10,Finland,Georgia,73.126381,60.406103
2927,4,1,2025-09-10,Germany,Slovenia,105.32019,83.258558
2928,1,1,2025-09-09,Poland,Turkey,76.719004,90.296256
2928,2,1,2025-09-09,Lithuania,Greece,99.399028,92.163462
2928,3,1,2025-09-10,Finland,Georgia,91.917506,59.83417
2928,4,1,2025-09-10,Germany,Slovenia,90.847047,83.282012
2929,1,1,2025-09-09,Poland,Turkey,95.189681,107.32457
2929,2,1,2025-09-09,Lithuania,Greece,89.555589,75.08283
2929,3,1,2025-09-10,Finland,Georgia,102.22595,68.070381
2929,4,1,2025-09-10,Germany,Slovenia,111.40965,82.25369
2930,1,1,2025-09-09,Poland,Turkey,87.917498,95.697554
2930,2,1,2025-09-09,Lithuania,Greece,54.023682,52.040801
2930,3,1,2025-09-10,Finland,Georgia,90.616013,84.861276
2930,4,1,2025-09-10,Germany,Slovenia,102.63049,85.408637
2931,1,1,2025-09-09,Poland,Turkey,71.400827,74.243662
2931,2,1,2025-09-09,Lithuania,Greece,94.384736,86.941684
2931,3,1,2025-09-10,Finland,Georgia,101.53391,101.89042
2931,4,1,2025-09-10,Germany,Slovenia,106.81759,84.46361
2932,1,1,2025-09-09,Poland,Turkey,51.239575,71.108578
2932,2,1,2025-09-09,Lithuania,Greece,105.5784,61.27328
2932,3,1,2025-09-10,Finland,Georgia,75.887945,69.5829
2932,4,1,2025-09-10,Germany,Slovenia,107.36123,72.761711
2933,1,1,2025-09-09,Poland,Turkey,72.871468,89.570387
2933,2,1,2025-09-09,Lithuania,Greece,85.691596,75.638726
2933,3,1,2025-09-10,Finland,Georgia,100.89585,77.374537
2933,4,1,2025-09-10,Germany,Slovenia,95.189364,87.85356
2934,1,1,2025-09-09,Poland,Turkey,95.171285,81.423029
2934,2,1,2025-09-09,Lithuania,Greece,71.022101,63.620592
2934,3,1,2025-09-10,Finland,Georgia,100.59335,87.526401
2934,4,1,2025-09-10,Germany,Slovenia,128.10771,66.532204
2935,1,1,2025-09-09,Poland,Turkey,69.739798,79.469104
2935,2,1,2025-09-09,Lithuania,Greece,80.321718,69.850477
2935,3,1,2025-09-10,Finland,Georgia,113.83242,71.364668
2935,4,1,2025-09-10,Germany,Slovenia,91.733688,79.045939
2936,1,1,2025-09-09,Poland,Turkey,81.224793,84.193668
2936,2,1,2025-09-09,Lithuania,Greece,84.189324,68.766746
2936,3,1,2025-09-10,Finland,Georgia,77.37862,103.24407
2936,4,1,2025-09-10,Germany,Slovenia,105.54748,85.547593
2937,1,1,2025-09-09,Poland,Turkey,57.168591,70.917724
2937,2,1,2025-09-09,Lithuania,Greece,88.819545,81.547135
2937,3,1,2025-09-10,Finland,Georgia,96.898975,82.799871
2937,4,1,2025-09-10,Germany,Slovenia,99.637723,89.16216
2938,1,1,2025-09-09,Poland,Turkey,60.863428999999996,102.67373
2938,2,1,2025-09-09,Lithuania,Greece,80.822597,64.28291
2938,3,1,2025-09-10,Finland,Georgia,94.799147,67.32928
2938,4,1,2025-09-10,Germany,Slovenia,126.09318,92.331936
2939,1,1,2025-09-09,Poland,Turkey,77.94738,91.118023
2939,2,1,2025-09-09,Lithuania,Greece,92.904604,79.067459
2939,3,1,2025-09-10,Finland,Georgia,88.458273,84.788992
2939,4,1,2025-09-10,Germany,Slovenia,100.32387,75.878179
2940,1,1,2025-09-09,Poland,Turkey,58.840158,85.590303
2940,2,1,2025-09-09,Lithuania,Greece,79.024438,67.280132
2940,3,1,2025-09-10,Finland,Georgia,80.907068,62.074805
2940,4,1,2025-09-10,Germany,Slovenia,113.81199,92.564848
2941,1,1,2025-09-09,Poland,Turkey,92.162436,84.900991
2941,2,1,2025-09-09,Lithuania,Greece,86.691847,68.108747
2941,3,1,2025-09-10,Finland,Georgia,114.49236,84.532431
2941,4,1,2025-09-10,Germany,Slovenia,90.167624,80.644984
2942,1,1,2025-09-09,Poland,Turkey,89.34903,79.957762
2942,2,1,2025-09-09,Lithuania,Greece,95.479044,76.479608
2942,3,1,2025-09-10,Finland,Georgia,88.27626,62.32299
2942,4,1,2025-09-10,Germany,Slovenia,122.66442,99.042651
2943,1,1,2025-09-09,Poland,Turkey,79.314538,104.98995
2943,2,1,2025-09-09,Lithuania,Greece,83.162641,76.407455
2943,3,1,2025-09-10,Finland,Georgia,113.57187,66.139585
2943,4,1,2025-09-10,Germany,Slovenia,105.75495,101.69482000000001
2944,1,1,2025-09-09,Poland,Turkey,52.532925,94.370956
2944,2,1,2025-09-09,Lithuania,Greece,80.862325,77.528629
2944,3,1,2025-09-10,Finland,Georgia,98.030273,69.178582
2944,4,1,2025-09-10,Germany,Slovenia,104.14259,71.695863
2945,1,1,2025-09-09,Poland,Turkey,53.721417,70.942566
2945,2,1,2025-09-09,Lithuania,Greece,81.600326,75.080109
2945,3,1,2025-09-10,Finland,Georgia,94.267081,85.429966
2945,4,1,2025-09-10,Germany,Slovenia,108.92358,93.357613
2946,1,1,2025-09-09,Poland,Turkey,65.02078,92.082468
2946,2,1,2025-09-09,Lithuania,Greece,75.828576,75.904517
2946,3,1,2025-09-10,Finland,Georgia,114.09008,79.307695
2946,4,1,2025-09-10,Germany,Slovenia,94.109596,104.66951
2947,1,1,2025-09-09,Poland,Turkey,66.266234,77.572059
2947,2,1,2025-09-09,Lithuania,Greece,83.028877,82.754341
2947,3,1,2025-09-10,Finland,Georgia,68.518286,66.127782
2947,4,1,2025-09-10,Germany,Slovenia,109.1935,87.670361
2948,1,1,2025-09-09,Poland,Turkey,61.752997,102.27217
2948,2,1,2025-09-09,Lithuania,Greece,103.13943,60.377508
2948,3,1,2025-09-10,Finland,Georgia,88.838757,60.586809
2948,4,1,2025-09-10,Germany,Slovenia,105.09159,95.442216
2949,1,1,2025-09-09,Poland,Turkey,85.192468,103.61114
2949,2,1,2025-09-09,Lithuania,Greece,76.734382,58.441756
2949,3,1,2025-09-10,Finland,Georgia,100.02092,92.447508
2949,4,1,2025-09-10,Germany,Slovenia,85.329921,92.996207
2950,1,1,2025-09-09,Poland,Turkey,65.049314,76.170893
2950,2,1,2025-09-09,Lithuania,Greece,80.38501,85.088459
2950,3,1,2025-09-10,Finland,Georgia,97.43138,82.325818
2950,4,1,2025-09-10,Germany,Slovenia,89.070027,95.576574
2951,1,1,2025-09-09,Poland,Turkey,69.309167,89.060193
2951,2,1,2025-09-09,Lithuania,Greece,67.124565,77.338867
2951,3,1,2025-09-10,Finland,Georgia,101.17492,77.575232
2951,4,1,2025-09-10,Germany,Slovenia,115.69435,63.721632
2952,1,1,2025-09-09,Poland,Turkey,72.621,91.225324
2952,2,1,2025-09-09,Lithuania,Greece,81.861404,58.965515
2952,3,1,2025-09-10,Finland,Georgia,92.695062,76.778139
2952,4,1,2025-09-10,Germany,Slovenia,117.98972,75.851778
2953,1,1,2025-09-09,Poland,Turkey,90.93721,85.406596
2953,2,1,2025-09-09,Lithuania,Greece,87.003108,83.00773
2953,3,1,2025-09-10,Finland,Georgia,90.142481,64.276049
2953,4,1,2025-09-10,Germany,Slovenia,111.21929,84.643834
2954,1,1,2025-09-09,Poland,Turkey,71.748111,79.758904
2954,2,1,2025-09-09,Lithuania,Greece,75.832343,74.621213
2954,3,1,2025-09-10,Finland,Georgia,94.874229,77.526793
2954,4,1,2025-09-10,Germany,Slovenia,95.714334,81.706723
2955,1,1,2025-09-09,Poland,Turkey,80.972373,85.53932
2955,2,1,2025-09-09,Lithuania,Greece,102.12519,80.364645
2955,3,1,2025-09-10,Finland,Georgia,87.378613,62.377671
2955,4,1,2025-09-10,Germany,Slovenia,96.679928,79.942871
2956,1,1,2025-09-09,Poland,Turkey,80.851729,84.802887
2956,2,1,2025-09-09,Lithuania,Greece,90.703168,93.097543
2956,3,1,2025-09-10,Finland,Georgia,88.445465,51.64186
2956,4,1,2025-09-10,Germany,Slovenia,98.209703,91.396572
2957,1,1,2025-09-09,Poland,Turkey,70.33363,70.713767
2957,2,1,2025-09-09,Lithuania,Greece,88.161529,77.954713
2957,3,1,2025-09-10,Finland,Georgia,89.458096,63.705479
2957,4,1,2025-09-10,Germany,Slovenia,109.6592,87.966775
2958,1,1,2025-09-09,Poland,Turkey,81.718676,102.64326
2958,2,1,2025-09-09,Lithuania,Greece,82.142819,88.798652
2958,3,1,2025-09-10,Finland,Georgia,122.028,73.084994
2958,4,1,2025-09-10,Germany,Slovenia,102.28284,73.038376
2959,1,1,2025-09-09,Poland,Turkey,78.64203,75.226142
2959,2,1,2025-09-09,Lithuania,Greece,88.685975,73.102737
2959,3,1,2025-09-10,Finland,Georgia,92.043934,66.535565
2959,4,1,2025-09-10,Germany,Slovenia,109.78475,90.785102
2960,1,1,2025-09-09,Poland,Turkey,71.267521,97.691969
2960,2,1,2025-09-09,Lithuania,Greece,85.616655,68.436573
2960,3,1,2025-09-10,Finland,Georgia,121.21688,78.639725
2960,4,1,2025-09-10,Germany,Slovenia,93.980288,74.278308
2961,1,1,2025-09-09,Poland,Turkey,76.263805,85.126987
2961,2,1,2025-09-09,Lithuania,Greece,87.967779,78.45546
2961,3,1,2025-09-10,Finland,Georgia,99.307999,78.146869
2961,4,1,2025-09-10,Germany,Slovenia,113.59548,94.266001
2962,1,1,2025-09-09,Poland,Turkey,60.473005,87.664764
2962,2,1,2025-09-09,Lithuania,Greece,86.256553,65.735651
2962,3,1,2025-09-10,Finland,Georgia,93.305444,81.463961
2962,4,1,2025-09-10,Germany,Slovenia,108.44125,81.507591
2963,1,1,2025-09-09,Poland,Turkey,86.911212,92.446982
2963,2,1,2025-09-09,Lithuania,Greece,82.68924,69.508664
2963,3,1,2025-09-10,Finland,Georgia,76.250792,67.584551
2963,4,1,2025-09-10,Germany,Slovenia,97.652107,75.532282
2964,1,1,2025-09-09,Poland,Turkey,83.74611,121.7612
2964,2,1,2025-09-09,Lithuania,Greece,100.47471,77.665785
2964,3,1,2025-09-10,Finland,Georgia,89.620289,72.542422
2964,4,1,2025-09-10,Germany,Slovenia,115.76102,102.97678
2965,1,1,2025-09-09,Poland,Turkey,84.418851,94.523576
2965,2,1,2025-09-09,Lithuania,Greece,96.244148,81.522746
2965,3,1,2025-09-10,Finland,Georgia,94.571925,78.439993
2965,4,1,2025-09-10,Germany,Slovenia,102.67204,78.151455
2966,1,1,2025-09-09,Poland,Turkey,87.394449,85.691507
2966,2,1,2025-09-09,Lithuania,Greece,74.660698,73.782815
2966,3,1,2025-09-10,Finland,Georgia,104.55575,86.427364
2966,4,1,2025-09-10,Germany,Slovenia,109.55679,77.594525
2967,1,1,2025-09-09,Poland,Turkey,71.189267,85.674786
2967,2,1,2025-09-09,Lithuania,Greece,84.275089,60.764922
2967,3,1,2025-09-10,Finland,Georgia,80.783238,69.635869
2967,4,1,2025-09-10,Germany,Slovenia,93.404245,70.904133
2968,1,1,2025-09-09,Poland,Turkey,74.248265,86.468482
2968,2,1,2025-09-09,Lithuania,Greece,87.541197,85.550677
2968,3,1,2025-09-10,Finland,Georgia,103.91788,83.946555
2968,4,1,2025-09-10,Germany,Slovenia,98.041538,97.055832
2969,1,1,2025-09-09,Poland,Turkey,81.396443,91.672181
2969,2,1,2025-09-09,Lithuania,Greece,96.595038,79.713353
2969,3,1,2025-09-10,Finland,Georgia,92.54642,66.85368
2969,4,1,2025-09-10,Germany,Slovenia,94.937649,103.41738
2970,1,1,2025-09-09,Poland,Turkey,78.951003,86.837051
2970,2,1,2025-09-09,Lithuania,Greece,81.474079,66.742734
2970,3,1,2025-09-10,Finland,Georgia,88.150053,76.649868
2970,4,1,2025-09-10,Germany,Slovenia,105.57369,80.50516
2971,1,1,2025-09-09,Poland,Turkey,84.236183,112.32156
2971,2,1,2025-09-09,Lithuania,Greece,82.312726,73.973166
2971,3,1,2025-09-10,Finland,Georgia,88.979725,80.671688
2971,4,1,2025-09-10,Germany,Slovenia,88.609559,88.001434
2972,1,1,2025-09-09,Poland,Turkey,83.694727,86.352624
2972,2,1,2025-09-09,Lithuania,Greece,83.648539,71.049042
2972,3,1,2025-09-10,Finland,Georgia,87.284016,85.248125
2972,4,1,2025-09-10,Germany,Slovenia,104.69244,83.632987
2973,1,1,2025-09-09,Poland,Turkey,70.174495,76.308325
2973,2,1,2025-09-09,Lithuania,Greece,85.462863,73.726645
2973,3,1,2025-09-10,Finland,Georgia,80.337774,85.510439
2973,4,1,2025-09-10,Germany,Slovenia,103.03155,82.502632
2974,1,1,2025-09-09,Poland,Turkey,88.150499,105.02011
2974,2,1,2025-09-09,Lithuania,Greece,88.865953,81.805933
2974,3,1,2025-09-10,Finland,Georgia,94.396009,70.895771
2974,4,1,2025-09-10,Germany,Slovenia,100.49613,99.160773
2975,1,1,2025-09-09,Poland,Turkey,98.585587,92.092956
2975,2,1,2025-09-09,Lithuania,Greece,75.300201,87.159712
2975,3,1,2025-09-10,Finland,Georgia,89.571235,75.122928
2975,4,1,2025-09-10,Germany,Slovenia,88.919548,76.335291
2976,1,1,2025-09-09,Poland,Turkey,75.441818,91.201261
2976,2,1,2025-09-09,Lithuania,Greece,82.032591,56.512644
2976,3,1,2025-09-10,Finland,Georgia,88.553481,59.03291
2976,4,1,2025-09-10,Germany,Slovenia,105.89245,108.55866
2977,1,1,2025-09-09,Poland,Turkey,81.048961,82.155733
2977,2,1,2025-09-09,Lithuania,Greece,83.2388,64.537243
2977,3,1,2025-09-10,Finland,Georgia,100.34891,85.186818
2977,4,1,2025-09-10,Germany,Slovenia,92.427941,69.845369
2978,1,1,2025-09-09,Poland,Turkey,62.369905,86.042653
2978,2,1,2025-09-09,Lithuania,Greece,84.964749,71.846554
2978,3,1,2025-09-10,Finland,Georgia,95.83894,73.584023
2978,4,1,2025-09-10,Germany,Slovenia,107.55277,91.956654
2979,1,1,2025-09-09,Poland,Turkey,62.663017,77.984951
2979,2,1,2025-09-09,Lithuania,Greece,106.60431,86.03149
2979,3,1,2025-09-10,Finland,Georgia,83.379737,76.916272
2979,4,1,2025-09-10,Germany,Slovenia,101.93884,84.613809
2980,1,1,2025-09-09,Poland,Turkey,67.985605,80.594418
2980,2,1,2025-09-09,Lithuania,Greece,102.58628,79.288491
2980,3,1,2025-09-10,Finland,Georgia,83.757044,95.965085
2980,4,1,2025-09-10,Germany,Slovenia,95.697612,78.931326
2981,1,1,2025-09-09,Poland,Turkey,105.76512,95.392146
2981,2,1,2025-09-09,Lithuania,Greece,84.653621,82.640575
2981,3,1,2025-09-10,Finland,Georgia,112.26427,76.284716
2981,4,1,2025-09-10,Germany,Slovenia,108.82564,95.578184
2982,1,1,2025-09-09,Poland,Turkey,78.942523,91.491828
2982,2,1,2025-09-09,Lithuania,Greece,89.455395,54.250911
2982,3,1,2025-09-10,Finland,Georgia,101.01236,69.41497
2982,4,1,2025-09-10,Germany,Slovenia,120.82217,78.144927
2983,1,1,2025-09-09,Poland,Turkey,76.754845,87.266107
2983,2,1,2025-09-09,Lithuania,Greece,94.880245,99.410284
2983,3,1,2025-09-10,Finland,Georgia,77.219294,78.266538
2983,4,1,2025-09-10,Germany,Slovenia,119.70625,85.831846
2984,1,1,2025-09-09,Poland,Turkey,68.677499,112.21012
2984,2,1,2025-09-09,Lithuania,Greece,98.163478,95.982564
2984,3,1,2025-09-10,Finland,Georgia,99.36616,79.65597
2984,4,1,2025-09-10,Germany,Slovenia,101.94897,94.894833
2985,1,1,2025-09-09,Poland,Turkey,64.345607,93.847844
2985,2,1,2025-09-09,Lithuania,Greece,72.655548,71.596722
2985,3,1,2025-09-10,Finland,Georgia,84.26356,72.465463
2985,4,1,2025-09-10,Germany,Slovenia,106.59381,95.908098
2986,1,1,2025-09-09,Poland,Turkey,76.032883,87.584378
2986,2,1,2025-09-09,Lithuania,Greece,92.240043,83.65512
2986,3,1,2025-09-10,Finland,Georgia,85.01765,37.339699
2986,4,1,2025-09-10,Germany,Slovenia,93.233065,95.686315
2987,1,1,2025-09-09,Poland,Turkey,66.835299,73.907831
2987,2,1,2025-09-09,Lithuania,Greece,88.961388,57.513995
2987,3,1,2025-09-10,Finland,Georgia,90.303779,81.056
2987,4,1,2025-09-10,Germany,Slovenia,94.229508,85.020386
2988,1,1,2025-09-09,Poland,Turkey,87.191806,88.129457
2988,2,1,2025-09-09,Lithuania,Greece,88.661913,85.846062
2988,3,1,2025-09-10,Finland,Georgia,97.785091,74.534032
2988,4,1,2025-09-10,Germany,Slovenia,94.775808,92.494486
2989,1,1,2025-09-09,Poland,Turkey,58.040637,86.766175
2989,2,1,2025-09-09,Lithuania,Greece,88.482109,78.731005
2989,3,1,2025-09-10,Finland,Georgia,107.16771,71.288888
2989,4,1,2025-09-10,Germany,Slovenia,95.846585,74.172151
2990,1,1,2025-09-09,Poland,Turkey,90.711439,88.037366
2990,2,1,2025-09-09,Lithuania,Greece,85.937202,98.093691
2990,3,1,2025-09-10,Finland,Georgia,83.008654,67.698128
2990,4,1,2025-09-10,Germany,Slovenia,102.25201,112.37781
2991,1,1,2025-09-09,Poland,Turkey,86.802781,72.314611
2991,2,1,2025-09-09,Lithuania,Greece,94.29396,85.630113
2991,3,1,2025-09-10,Finland,Georgia,93.558001,95.192273
2991,4,1,2025-09-10,Germany,Slovenia,110.51552,84.891342
2992,1,1,2025-09-09,Poland,Turkey,75.687655,91.814998
2992,2,1,2025-09-09,Lithuania,Greece,100.87295,77.4938
2992,3,1,2025-09-10,Finland,Georgia,89.941372,67.771176
2992,4,1,2025-09-10,Germany,Slovenia,110.59206,77.234756
2993,1,1,2025-09-09,Poland,Turkey,78.683241,87.720432
2993,2,1,2025-09-09,Lithuania,Greece,75.789794,41.366879
2993,3,1,2025-09-10,Finland,Georgia,82.355239,54.970743
2993,4,1,2025-09-10,Germany,Slovenia,104.10778,82.823159
2994,1,1,2025-09-09,Poland,Turkey,68.159788,93.377537
2994,2,1,2025-09-09,Lithuania,Greece,95.738698,84.44416
2994,3,1,2025-09-10,Finland,Georgia,95.019774,76.591442
2994,4,1,2025-09-10,Germany,Slovenia,91.047254,74.74452
2995,1,1,2025-09-09,Poland,Turkey,67.128577,69.753452
2995,2,1,2025-09-09,Lithuania,Greece,85.896279,75.730574
2995,3,1,2025-09-10,Finland,Georgia,116.03894,83.80744
2995,4,1,2025-09-10,Germany,Slovenia,95.463321,88.044878
2996,1,1,2025-09-09,Poland,Turkey,73.370582,82.406863
2996,2,1,2025-09-09,Lithuania,Greece,70.591483,50.218114
2996,3,1,2025-09-10,Finland,Georgia,93.963336,72.09237
2996,4,1,2025-09-10,Germany,Slovenia,102.98879,93.163348
2997,1,1,2025-09-09,Poland,Turkey,80.592749,96.849479
2997,2,1,2025-09-09,Lithuania,Greece,75.040349,63.342735
2997,3,1,2025-09-10,Finland,Georgia,91.598415,96.20045
2997,4,1,2025-09-10,Germany,Slovenia,97.182802,82.477527
2998,1,1,2025-09-09,Poland,Turkey,73.82298,99.454753
2998,2,1,2025-09-09,Lithuania,Greece,87.707676,70.19519
2998,3,1,2025-09-10,Finland,Georgia,96.009731,59.890006
2998,4,1,2025-09-10,Germany,Slovenia,107.9389,101.2455
2999,1,1,2025-09-09,Poland,Turkey,84.09208,72.830474
2999,2,1,2025-09-09,Lithuania,Greece,94.224129,76.576049
2999,3,1,2025-09-10,Finland,Georgia,67.176611,62.930762
2999,4,1,2025-09-10,Germany,Slovenia,109.6729,83.944893
3000,1,1,2025-09-09,Poland,Turkey,78.798909,87.513615
3000,2,1,2025-09-09,Lithuania,Greece,74.040206,65.138839
3000,3,1,2025-09-10,Finland,Georgia,94.362845,75.696919
3000,4,1,2025-09-10,Germany,Slovenia,85.262874,60.220386
3001,1,1,2025-09-09,Poland,Turkey,71.67603,68.251722
3001,2,1,2025-09-09,Lithuania,Greece,73.44558,65.879268
3001,3,1,2025-09-10,Finland,Georgia,77.369752,74.599306
3001,4,1,2025-09-10,Germany,Slovenia,83.385268,94.044306
3002,1,1,2025-09-09,Poland,Turkey,91.394572,94.71254
3002,2,1,2025-09-09,Lithuania,Greece,80.434589,88.758526
3002,3,1,2025-09-10,Finland,Georgia,85.255771,63.230189
3002,4,1,2025-09-10,Germany,Slovenia,110.43758,82.496837
3003,1,1,2025-09-09,Poland,Turkey,81.411758,83.764287
3003,2,1,2025-09-09,Lithuania,Greece,87.816097,76.166193
3003,3,1,2025-09-10,Finland,Georgia,101.72086,72.52615
3003,4,1,2025-09-10,Germany,Slovenia,116.99623,72.179308
3004,1,1,2025-09-09,Poland,Turkey,48.812212,88.462837
3004,2,1,2025-09-09,Lithuania,Greece,90.178775,64.569429
3004,3,1,2025-09-10,Finland,Georgia,98.479858,86.294555
3004,4,1,2025-09-10,Germany,Slovenia,104.1069,102.77076
3005,1,1,2025-09-09,Poland,Turkey,99.774502,93.74762
3005,2,1,2025-09-09,Lithuania,Greece,87.231687,72.974357
3005,3,1,2025-09-10,Finland,Georgia,95.099768,83.36887
3005,4,1,2025-09-10,Germany,Slovenia,105.7557,89.696046
3006,1,1,2025-09-09,Poland,Turkey,97.037513,81.357436
3006,2,1,2025-09-09,Lithuania,Greece,89.771899,98.622836
3006,3,1,2025-09-10,Finland,Georgia,69.769767,66.232785
3006,4,1,2025-09-10,Germany,Slovenia,111.73859,86.748062
3007,1,1,2025-09-09,Poland,Turkey,88.030803,78.143196
3007,2,1,2025-09-09,Lithuania,Greece,87.709229,74.479592
3007,3,1,2025-09-10,Finland,Georgia,97.522008,76.567729
3007,4,1,2025-09-10,Germany,Slovenia,115.92837,88.930208
3008,1,1,2025-09-09,Poland,Turkey,70.36542,102.23258
3008,2,1,2025-09-09,Lithuania,Greece,92.896153,80.460748
3008,3,1,2025-09-10,Finland,Georgia,87.694588,76.924201
3008,4,1,2025-09-10,Germany,Slovenia,85.390205,87.338736
3009,1,1,2025-09-09,Poland,Turkey,76.461878,81.519649
3009,2,1,2025-09-09,Lithuania,Greece,86.245672,74.266844
3009,3,1,2025-09-10,Finland,Georgia,94.165904,84.735871
3009,4,1,2025-09-10,Germany,Slovenia,91.33639,95.405424
3010,1,1,2025-09-09,Poland,Turkey,70.084522,78.151623
3010,2,1,2025-09-09,Lithuania,Greece,77.512703,72.596676
3010,3,1,2025-09-10,Finland,Georgia,88.275708,80.022492
3010,4,1,2025-09-10,Germany,Slovenia,96.20669,104.62413
3011,1,1,2025-09-09,Poland,Turkey,56.055539,71.706589
3011,2,1,2025-09-09,Lithuania,Greece,103.57497,86.847296
3011,3,1,2025-09-10,Finland,Georgia,88.280752,68.557246
3011,4,1,2025-09-10,Germany,Slovenia,98.071448,103.73553
3012,1,1,2025-09-09,Poland,Turkey,77.386017,89.999571
3012,2,1,2025-09-09,Lithuania,Greece,92.077706,76.601466
3012,3,1,2025-09-10,Finland,Georgia,120.52442,78.941832
3012,4,1,2025-09-10,Germany,Slovenia,110.8477,92.683833
3013,1,1,2025-09-09,Poland,Turkey,85.021928,94.289576
3013,2,1,2025-09-09,Lithuania,Greece,75.957641,70.895103
3013,3,1,2025-09-10,Finland,Georgia,72.881891,82.178296
3013,4,1,2025-09-10,Germany,Slovenia,116.21618,109.53019
3014,1,1,2025-09-09,Poland,Turkey,59.219126,78.859281
3014,2,1,2025-09-09,Lithuania,Greece,95.585495,98.024672
3014,3,1,2025-09-10,Finland,Georgia,91.882194,73.828874
3014,4,1,2025-09-10,Germany,Slovenia,104.56668,71.474189
3015,1,1,2025-09-09,Poland,Turkey,70.210976,73.300753
3015,2,1,2025-09-09,Lithuania,Greece,73.474971,70.898598
3015,3,1,2025-09-10,Finland,Georgia,97.755268,82.265343
3015,4,1,2025-09-10,Germany,Slovenia,100.29907,88.025474
3016,1,1,2025-09-09,Poland,Turkey,87.6663,95.675008
3016,2,1,2025-09-09,Lithuania,Greece,71.389767,65.152222
3016,3,1,2025-09-10,Finland,Georgia,120.77631,97.199538
3016,4,1,2025-09-10,Germany,Slovenia,93.776914,99.964953
3017,1,1,2025-09-09,Poland,Turkey,85.982592,91.385593
3017,2,1,2025-09-09,Lithuania,Greece,95.074941,58.495408
3017,3,1,2025-09-10,Finland,Georgia,118.10273,85.423554
3017,4,1,2025-09-10,Germany,Slovenia,108.82442,106.82864
3018,1,1,2025-09-09,Poland,Turkey,74.537967,82.110287
3018,2,1,2025-09-09,Lithuania,Greece,84.89297,51.301364
3018,3,1,2025-09-10,Finland,Georgia,80.019947,53.83402
3018,4,1,2025-09-10,Germany,Slovenia,100.90322,103.00957
3019,1,1,2025-09-09,Poland,Turkey,92.504064,73.16348
3019,2,1,2025-09-09,Lithuania,Greece,74.468164,59.240408
3019,3,1,2025-09-10,Finland,Georgia,87.488964,74.066675
3019,4,1,2025-09-10,Germany,Slovenia,71.661115,76.082225
3020,1,1,2025-09-09,Poland,Turkey,75.554971,85.614214
3020,2,1,2025-09-09,Lithuania,Greece,106.81393,78.324935
3020,3,1,2025-09-10,Finland,Georgia,103.61733,80.931862
3020,4,1,2025-09-10,Germany,Slovenia,89.291383,88.411956
3021,1,1,2025-09-09,Poland,Turkey,88.403929,97.498421
3021,2,1,2025-09-09,Lithuania,Greece,108.51745,65.633183
3021,3,1,2025-09-10,Finland,Georgia,102.5625,65.536401
3021,4,1,2025-09-10,Germany,Slovenia,117.98568,105.57284
3022,1,1,2025-09-09,Poland,Turkey,74.939861,88.083586
3022,2,1,2025-09-09,Lithuania,Greece,96.733746,92.432149
3022,3,1,2025-09-10,Finland,Georgia,90.548747,76.626111
3022,4,1,2025-09-10,Germany,Slovenia,93.895703,89.406596
3023,1,1,2025-09-09,Poland,Turkey,78.159358,77.557191
3023,2,1,2025-09-09,Lithuania,Greece,86.491891,77.772971
3023,3,1,2025-09-10,Finland,Georgia,90.966401,59.103689
3023,4,1,2025-09-10,Germany,Slovenia,97.349786,72.66538
3024,1,1,2025-09-09,Poland,Turkey,72.702007,84.530457
3024,2,1,2025-09-09,Lithuania,Greece,80.089644,84.564375
3024,3,1,2025-09-10,Finland,Georgia,129.9955,89.313303
3024,4,1,2025-09-10,Germany,Slovenia,114.25256,78.102798
3025,1,1,2025-09-09,Poland,Turkey,82.573167,75.815064
3025,2,1,2025-09-09,Lithuania,Greece,97.932308,82.165485
3025,3,1,2025-09-10,Finland,Georgia,97.446591,69.383782
3025,4,1,2025-09-10,Germany,Slovenia,127.66204,82.345037
3026,1,1,2025-09-09,Poland,Turkey,61.671718,78.965799
3026,2,1,2025-09-09,Lithuania,Greece,109.91899,106.90207
3026,3,1,2025-09-10,Finland,Georgia,95.459501,71.957884
3026,4,1,2025-09-10,Germany,Slovenia,110.40478,85.002777
3027,1,1,2025-09-09,Poland,Turkey,82.211961,78.549911
3027,2,1,2025-09-09,Lithuania,Greece,79.35485,65.822711
3027,3,1,2025-09-10,Finland,Georgia,88.884332,85.048362
3027,4,1,2025-09-10,Germany,Slovenia,70.885805,108.36207
3028,1,1,2025-09-09,Poland,Turkey,76.851029,86.455096
3028,2,1,2025-09-09,Lithuania,Greece,72.774069,75.686329
3028,3,1,2025-09-10,Finland,Georgia,88.642919,65.767479
3028,4,1,2025-09-10,Germany,Slovenia,82.992323,60.73038
3029,1,1,2025-09-09,Poland,Turkey,74.773016,86.894499
3029,2,1,2025-09-09,Lithuania,Greece,75.675657,58.818429
3029,3,1,2025-09-10,Finland,Georgia,68.077929,88.708909
3029,4,1,2025-09-10,Germany,Slovenia,114.8359,96.028015
3030,1,1,2025-09-09,Poland,Turkey,64.757776,76.004574
3030,2,1,2025-09-09,Lithuania,Greece,84.316119,68.39506
3030,3,1,2025-09-10,Finland,Georgia,107.93939,86.846296
3030,4,1,2025-09-10,Germany,Slovenia,98.065632,65.781269
3031,1,1,2025-09-09,Poland,Turkey,82.504179,74.48987
3031,2,1,2025-09-09,Lithuania,Greece,58.795184,75.500589
3031,3,1,2025-09-10,Finland,Georgia,95.568153,81.694736
3031,4,1,2025-09-10,Germany,Slovenia,99.823989,95.429766
3032,1,1,2025-09-09,Poland,Turkey,90.539328,84.319664
3032,2,1,2025-09-09,Lithuania,Greece,81.921246,69.817562
3032,3,1,2025-09-10,Finland,Georgia,75.218883,77.668619
3032,4,1,2025-09-10,Germany,Slovenia,89.793952,64.241762
3033,1,1,2025-09-09,Poland,Turkey,79.530919,81.984756
3033,2,1,2025-09-09,Lithuania,Greece,89.204865,88.240657
3033,3,1,2025-09-10,Finland,Georgia,80.346635,87.314653
3033,4,1,2025-09-10,Germany,Slovenia,107.25751,93.1877
3034,1,1,2025-09-09,Poland,Turkey,84.067612,79.532368
3034,2,1,2025-09-09,Lithuania,Greece,95.071125,75.351905
3034,3,1,2025-09-10,Finland,Georgia,58.0705,64.545529
3034,4,1,2025-09-10,Germany,Slovenia,116.955,94.164556
3035,1,1,2025-09-09,Poland,Turkey,88.081951,75.209906
3035,2,1,2025-09-09,Lithuania,Greece,91.7161,64.367392
3035,3,1,2025-09-10,Finland,Georgia,99.427518,66.511686
3035,4,1,2025-09-10,Germany,Slovenia,100.6818,73.491538
3036,1,1,2025-09-09,Poland,Turkey,54.931214,67.90055
3036,2,1,2025-09-09,Lithuania,Greece,80.989111,77.672975
3036,3,1,2025-09-10,Finland,Georgia,92.149958,83.433813
3036,4,1,2025-09-10,Germany,Slovenia,107.6368,75.719314
3037,1,1,2025-09-09,Poland,Turkey,73.524875,71.981584
3037,2,1,2025-09-09,Lithuania,Greece,89.56596,84.967734
3037,3,1,2025-09-10,Finland,Georgia,69.940335,85.22139
3037,4,1,2025-09-10,Germany,Slovenia,89.506207,70.861715
3038,1,1,2025-09-09,Poland,Turkey,74.617426,87.276143
3038,2,1,2025-09-09,Lithuania,Greece,87.843655,85.029747
3038,3,1,2025-09-10,Finland,Georgia,98.588076,59.329001
3038,4,1,2025-09-10,Germany,Slovenia,110.7909,92.36751
3039,1,1,2025-09-09,Poland,Turkey,80.110558,74.674784
3039,2,1,2025-09-09,Lithuania,Greece,96.642554,82.752994
3039,3,1,2025-09-10,Finland,Georgia,92.949251,73.277454
3039,4,1,2025-09-10,Germany,Slovenia,99.851828,83.537598
3040,1,1,2025-09-09,Poland,Turkey,84.181603,92.627755
3040,2,1,2025-09-09,Lithuania,Greece,85.547289,66.90293
3040,3,1,2025-09-10,Finland,Georgia,98.237469,87.672696
3040,4,1,2025-09-10,Germany,Slovenia,84.380199,90.755344
3041,1,1,2025-09-09,Poland,Turkey,63.7682,79.250955
3041,2,1,2025-09-09,Lithuania,Greece,96.835924,71.626861
3041,3,1,2025-09-10,Finland,Georgia,79.801876,55.431904
3041,4,1,2025-09-10,Germany,Slovenia,100.93576,88.69694
3042,1,1,2025-09-09,Poland,Turkey,78.832093,77.24918
3042,2,1,2025-09-09,Lithuania,Greece,101.15822,104.31095
3042,3,1,2025-09-10,Finland,Georgia,86.414301,73.835155
3042,4,1,2025-09-10,Germany,Slovenia,82.416037,81.632954
3043,1,1,2025-09-09,Poland,Turkey,84.639819,89.343371
3043,2,1,2025-09-09,Lithuania,Greece,109.29813,81.10911
3043,3,1,2025-09-10,Finland,Georgia,85.123672,78.344787
3043,4,1,2025-09-10,Germany,Slovenia,92.862986,77.612788
3044,1,1,2025-09-09,Poland,Turkey,65.631698,81.941541
3044,2,1,2025-09-09,Lithuania,Greece,67.256964,75.875429
3044,3,1,2025-09-10,Finland,Georgia,79.914973,71.575958
3044,4,1,2025-09-10,Germany,Slovenia,94.741214,88.779937
3045,1,1,2025-09-09,Poland,Turkey,70.917096,94.381004
3045,2,1,2025-09-09,Lithuania,Greece,95.117649,92.995898
3045,3,1,2025-09-10,Finland,Georgia,97.574118,66.914399
3045,4,1,2025-09-10,Germany,Slovenia,106.41927,86.449343
3046,1,1,2025-09-09,Poland,Turkey,69.772322,92.774448
3046,2,1,2025-09-09,Lithuania,Greece,90.135418,76.423685
3046,3,1,2025-09-10,Finland,Georgia,96.182011,73.392784
3046,4,1,2025-09-10,Germany,Slovenia,111.00893,93.078327
3047,1,1,2025-09-09,Poland,Turkey,71.10754,95.149999
3047,2,1,2025-09-09,Lithuania,Greece,92.343295,80.800996
3047,3,1,2025-09-10,Finland,Georgia,87.579177,73.311758
3047,4,1,2025-09-10,Germany,Slovenia,104.66795,99.66103
3048,1,1,2025-09-09,Poland,Turkey,65.677369,88.323754
3048,2,1,2025-09-09,Lithuania,Greece,83.270363,80.292631
3048,3,1,2025-09-10,Finland,Georgia,90.508954,82.023865
3048,4,1,2025-09-10,Germany,Slovenia,88.732478,80.339847
3049,1,1,2025-09-09,Poland,Turkey,86.945646,65.05974
3049,2,1,2025-09-09,Lithuania,Greece,91.143763,71.872115
3049,3,1,2025-09-10,Finland,Georgia,70.752968,78.411791
3049,4,1,2025-09-10,Germany,Slovenia,91.444087,90.540558
3050,1,1,2025-09-09,Poland,Turkey,63.292455,81.848916
3050,2,1,2025-09-09,Lithuania,Greece,91.879746,80.941441
3050,3,1,2025-09-10,Finland,Georgia,98.835564,72.139353
3050,4,1,2025-09-10,Germany,Slovenia,104.39787,82.465981
3051,1,1,2025-09-09,Poland,Turkey,98.829185,89.144249
3051,2,1,2025-09-09,Lithuania,Greece,74.721227,86.134542
3051,3,1,2025-09-10,Finland,Georgia,101.59795,81.905964
3051,4,1,2025-09-10,Germany,Slovenia,111.98157,97.895156
3052,1,1,2025-09-09,Poland,Turkey,67.289001,93.065839
3052,2,1,2025-09-09,Lithuania,Greece,103.61006,81.159816
3052,3,1,2025-09-10,Finland,Georgia,102.83997,53.259156
3052,4,1,2025-09-10,Germany,Slovenia,93.795862,97.627548
3053,1,1,2025-09-09,Poland,Turkey,80.168813,103.6855
3053,2,1,2025-09-09,Lithuania,Greece,83.800991,72.703058
3053,3,1,2025-09-10,Finland,Georgia,87.269854,78.751077
3053,4,1,2025-09-10,Germany,Slovenia,86.870493,99.390813
3054,1,1,2025-09-09,Poland,Turkey,96.911001,85.839319
3054,2,1,2025-09-09,Lithuania,Greece,95.903377,84.844676
3054,3,1,2025-09-10,Finland,Georgia,77.549686,67.254516
3054,4,1,2025-09-10,Germany,Slovenia,95.968941,85.235939
3055,1,1,2025-09-09,Poland,Turkey,74.855399,70.222168
3055,2,1,2025-09-09,Lithuania,Greece,90.303269,67.156286
3055,3,1,2025-09-10,Finland,Georgia,117.9675,77.12255
3055,4,1,2025-09-10,Germany,Slovenia,108.03851,90.250271
3056,1,1,2025-09-09,Poland,Turkey,63.831793,107.95977
3056,2,1,2025-09-09,Lithuania,Greece,92.596977,87.134915
3056,3,1,2025-09-10,Finland,Georgia,79.376865,81.524292
3056,4,1,2025-09-10,Germany,Slovenia,102.71949,79.082543
3057,1,1,2025-09-09,Poland,Turkey,89.403491,83.007962
3057,2,1,2025-09-09,Lithuania,Greece,74.948586,79.749413
3057,3,1,2025-09-10,Finland,Georgia,92.462803,83.780948
3057,4,1,2025-09-10,Germany,Slovenia,98.631002,79.28553
3058,1,1,2025-09-09,Poland,Turkey,78.577783,81.654381
3058,2,1,2025-09-09,Lithuania,Greece,93.716491,97.769504
3058,3,1,2025-09-10,Finland,Georgia,89.677595,62.886648
3058,4,1,2025-09-10,Germany,Slovenia,102.99304,97.033895
3059,1,1,2025-09-09,Poland,Turkey,67.448488,80.04284
3059,2,1,2025-09-09,Lithuania,Greece,79.818969,99.962962
3059,3,1,2025-09-10,Finland,Georgia,90.943696,80.579419
3059,4,1,2025-09-10,Germany,Slovenia,103.77472,100.08127
3060,1,1,2025-09-09,Poland,Turkey,69.77616,83.471414
3060,2,1,2025-09-09,Lithuania,Greece,89.567154,67.034339
3060,3,1,2025-09-10,Finland,Georgia,112.41591,76.883992
3060,4,1,2025-09-10,Germany,Slovenia,112.68757,78.833766
3061,1,1,2025-09-09,Poland,Turkey,56.169214,82.439203
3061,2,1,2025-09-09,Lithuania,Greece,75.837312,93.384189
3061,3,1,2025-09-10,Finland,Georgia,94.097529,65.289853
3061,4,1,2025-09-10,Germany,Slovenia,92.595244,73.638664
3062,1,1,2025-09-09,Poland,Turkey,69.359573,85.014428
3062,2,1,2025-09-09,Lithuania,Greece,84.957359,67.859363
3062,3,1,2025-09-10,Finland,Georgia,91.704777000000007,73.825306
3062,4,1,2025-09-10,Germany,Slovenia,105.6795,96.725541
3063,1,1,2025-09-09,Poland,Turkey,81.703901,70.692245
3063,2,1,2025-09-09,Lithuania,Greece,75.794086,73.954903
3063,3,1,2025-09-10,Finland,Georgia,108.73633,78.904705
3063,4,1,2025-09-10,Germany,Slovenia,107.00993,69.857295
3064,1,1,2025-09-09,Poland,Turkey,67.305137,102.09719
3064,2,1,2025-09-09,Lithuania,Greece,99.178256,60.260053
3064,3,1,2025-09-10,Finland,Georgia,105.43261,106.17394
3064,4,1,2025-09-10,Germany,Slovenia,97.446383,91.315873
3065,1,1,2025-09-09,Poland,Turkey,72.058902,99.342836
3065,2,1,2025-09-09,Lithuania,Greece,86.296837,88.665924
3065,3,1,2025-09-10,Finland,Georgia,74.452933,69.853507
3065,4,1,2025-09-10,Germany,Slovenia,98.680061,58.388256
3066,1,1,2025-09-09,Poland,Turkey,84.93395,94.618012
3066,2,1,2025-09-09,Lithuania,Greece,100.28133,82.679764
3066,3,1,2025-09-10,Finland,Georgia,84.349649,84.125292
3066,4,1,2025-09-10,Germany,Slovenia,105.20346,83.098323
3067,1,1,2025-09-09,Poland,Turkey,78.994692,102.77984
3067,2,1,2025-09-09,Lithuania,Greece,72.686387,81.930924
3067,3,1,2025-09-10,Finland,Georgia,91.591064,70.345795
3067,4,1,2025-09-10,Germany,Slovenia,118.32473,82.151657
3068,1,1,2025-09-09,Poland,Turkey,72.768936,71.990541
3068,2,1,2025-09-09,Lithuania,Greece,63.829811,50.196077
3068,3,1,2025-09-10,Finland,Georgia,105.10726,72.450541
3068,4,1,2025-09-10,Germany,Slovenia,104.31102,88.726747
3069,1,1,2025-09-09,Poland,Turkey,83.060329,95.631029
3069,2,1,2025-09-09,Lithuania,Greece,74.524013,89.561562
3069,3,1,2025-09-10,Finland,Georgia,84.270024,66.730565
3069,4,1,2025-09-10,Germany,Slovenia,110.63216,92.075477
3070,1,1,2025-09-09,Poland,Turkey,81.972822,91.609252
3070,2,1,2025-09-09,Lithuania,Greece,83.870653,77.640588
3070,3,1,2025-09-10,Finland,Georgia,73.713756,70.354054
3070,4,1,2025-09-10,Germany,Slovenia,95.803644,97.504519
3071,1,1,2025-09-09,Poland,Turkey,94.09443,85.197233
3071,2,1,2025-09-09,Lithuania,Greece,105.57358,74.030195
3071,3,1,2025-09-10,Finland,Georgia,91.221351,79.417462
3071,4,1,2025-09-10,Germany,Slovenia,105.08824,76.039704
3072,1,1,2025-09-09,Poland,Turkey,90.466281,110.43778
3072,2,1,2025-09-09,Lithuania,Greece,91.42563,73.413664
3072,3,1,2025-09-10,Finland,Georgia,96.477301,67.392341
3072,4,1,2025-09-10,Germany,Slovenia,84.230428,89.23395
3073,1,1,2025-09-09,Poland,Turkey,81.505681,78.549257
3073,2,1,2025-09-09,Lithuania,Greece,70.842581,71.444266
3073,3,1,2025-09-10,Finland,Georgia,86.62445,92.321214
3073,4,1,2025-09-10,Germany,Slovenia,109.14203,87.243845
3074,1,1,2025-09-09,Poland,Turkey,75.688397,90.499093
3074,2,1,2025-09-09,Lithuania,Greece,83.599076,72.277932
3074,3,1,2025-09-10,Finland,Georgia,88.328256,76.76265
3074,4,1,2025-09-10,Germany,Slovenia,97.499454,101.39054
3075,1,1,2025-09-09,Poland,Turkey,77.865353,82.258005
3075,2,1,2025-09-09,Lithuania,Greece,111.01398,77.653504
3075,3,1,2025-09-10,Finland,Georgia,93.955091,54.613325
3075,4,1,2025-09-10,Germany,Slovenia,109.3404,115.95392
3076,1,1,2025-09-09,Poland,Turkey,78.928148,94.941761
3076,2,1,2025-09-09,Lithuania,Greece,84.306627,77.944217
3076,3,1,2025-09-10,Finland,Georgia,83.996704,70.981267
3076,4,1,2025-09-10,Germany,Slovenia,100.28524,63.485742
3077,1,1,2025-09-09,Poland,Turkey,70.290817,62.481948
3077,2,1,2025-09-09,Lithuania,Greece,63.42069,80.400298
3077,3,1,2025-09-10,Finland,Georgia,97.794986,80.887179
3077,4,1,2025-09-10,Germany,Slovenia,107.24031,89.521079
3078,1,1,2025-09-09,Poland,Turkey,67.042994,95.223339
3078,2,1,2025-09-09,Lithuania,Greece,80.395297,64.319757
3078,3,1,2025-09-10,Finland,Georgia,89.492707,43.675335
3078,4,1,2025-09-10,Germany,Slovenia,103.357,80.605701
3079,1,1,2025-09-09,Poland,Turkey,84.994181,85.0501
3079,2,1,2025-09-09,Lithuania,Greece,84.392369,70.680413
3079,3,1,2025-09-10,Finland,Georgia,82.382376,71.991674
3079,4,1,2025-09-10,Germany,Slovenia,98.237381,83.833494
3080,1,1,2025-09-09,Poland,Turkey,78.028607,78.460417
3080,2,1,2025-09-09,Lithuania,Greece,83.975409,68.635654
3080,3,1,2025-09-10,Finland,Georgia,104.43784,61.794518
3080,4,1,2025-09-10,Germany,Slovenia,106.63153,71.795574
3081,1,1,2025-09-09,Poland,Turkey,67.70554,79.041326
3081,2,1,2025-09-09,Lithuania,Greece,80.094049,79.53822
3081,3,1,2025-09-10,Finland,Georgia,100.56571,51.208768
3081,4,1,2025-09-10,Germany,Slovenia,95.66797,75.195447
3082,1,1,2025-09-09,Poland,Turkey,72.88689,92.864299
3082,2,1,2025-09-09,Lithuania,Greece,80.378662,52.894471
3082,3,1,2025-09-10,Finland,Georgia,81.70771,61.998512
3082,4,1,2025-09-10,Germany,Slovenia,93.267223,74.051378
3083,1,1,2025-09-09,Poland,Turkey,79.439592,73.725892
3083,2,1,2025-09-09,Lithuania,Greece,92.991902,70.161212
3083,3,1,2025-09-10,Finland,Georgia,90.04796,72.843925
3083,4,1,2025-09-10,Germany,Slovenia,98.82742,94.051178
3084,1,1,2025-09-09,Poland,Turkey,93.520484,90.721761
3084,2,1,2025-09-09,Lithuania,Greece,97.110703,91.488782
3084,3,1,2025-09-10,Finland,Georgia,116.70773,67.001117
3084,4,1,2025-09-10,Germany,Slovenia,120.66675,99.879165
3085,1,1,2025-09-09,Poland,Turkey,77.656669,76.554894
3085,2,1,2025-09-09,Lithuania,Greece,88.971487,89.281849
3085,3,1,2025-09-10,Finland,Georgia,98.982486,81.872591
3085,4,1,2025-09-10,Germany,Slovenia,84.411921,82.360146
3086,1,1,2025-09-09,Poland,Turkey,72.368606,97.510338
3086,2,1,2025-09-09,Lithuania,Greece,76.588533,65.815519
3086,3,1,2025-09-10,Finland,Georgia,103.17207,55.865515
3086,4,1,2025-09-10,Germany,Slovenia,110.51605,91.996029
3087,1,1,2025-09-09,Poland,Turkey,82.839977,102.19387
3087,2,1,2025-09-09,Lithuania,Greece,84.395417,79.371059
3087,3,1,2025-09-10,Finland,Georgia,65.105876,61.852504
3087,4,1,2025-09-10,Germany,Slovenia,100.79026,81.748343
3088,1,1,2025-09-09,Poland,Turkey,67.263808,68.354069
3088,2,1,2025-09-09,Lithuania,Greece,100.63806,70.557852
3088,3,1,2025-09-10,Finland,Georgia,109.82554,80.724989
3088,4,1,2025-09-10,Germany,Slovenia,99.809367,101.29487
3089,1,1,2025-09-09,Poland,Turkey,75.104281,92.720228
3089,2,1,2025-09-09,Lithuania,Greece,82.420803,77.719121
3089,3,1,2025-09-10,Finland,Georgia,98.39748,63.533481
3089,4,1,2025-09-10,Germany,Slovenia,106.92659,96.055809
3090,1,1,2025-09-09,Poland,Turkey,85.030307,91.652244
3090,2,1,2025-09-09,Lithuania,Greece,85.054427,78.770466
3090,3,1,2025-09-10,Finland,Georgia,103.93238,62.589078
3090,4,1,2025-09-10,Germany,Slovenia,106.1916,68.568284
3091,1,1,2025-09-09,Poland,Turkey,71.301821,93.5914
3091,2,1,2025-09-09,Lithuania,Greece,88.954543,63.185513
3091,3,1,2025-09-10,Finland,Georgia,94.092786,67.131779
3091,4,1,2025-09-10,Germany,Slovenia,90.484816,95.073104
3092,1,1,2025-09-09,Poland,Turkey,69.421297,91.915383
3092,2,1,2025-09-09,Lithuania,Greece,81.25644,81.557646
3092,3,1,2025-09-10,Finland,Georgia,83.276112,92.513299
3092,4,1,2025-09-10,Germany,Slovenia,96.23529,78.21978
3093,1,1,2025-09-09,Poland,Turkey,83.175099,95.948999
3093,2,1,2025-09-09,Lithuania,Greece,71.313221,63.607472
3093,3,1,2025-09-10,Finland,Georgia,77.821899,88.20138
3093,4,1,2025-09-10,Germany,Slovenia,109.17402,101.30363
3094,1,1,2025-09-09,Poland,Turkey,88.122905,95.801784
3094,2,1,2025-09-09,Lithuania,Greece,66.091822,69.424423
3094,3,1,2025-09-10,Finland,Georgia,81.763619,61.196422
3094,4,1,2025-09-10,Germany,Slovenia,110.24141,84.436729
3095,1,1,2025-09-09,Poland,Turkey,64.907606,77.564262
3095,2,1,2025-09-09,Lithuania,Greece,108.26259,77.909834
3095,3,1,2025-09-10,Finland,Georgia,78.967873,60.294872
3095,4,1,2025-09-10,Germany,Slovenia,106.64635,93.443599
3096,1,1,2025-09-09,Poland,Turkey,92.137928,86.261674
3096,2,1,2025-09-09,Lithuania,Greece,98.375007,66.52724
3096,3,1,2025-09-10,Finland,Georgia,81.99013,40.986521
3096,4,1,2025-09-10,Germany,Slovenia,97.359215,98.489803
3097,1,1,2025-09-09,Poland,Turkey,64.520277,82.9434
3097,2,1,2025-09-09,Lithuania,Greece,90.892721,62.29558
3097,3,1,2025-09-10,Finland,Georgia,93.296228,82.441175
3097,4,1,2025-09-10,Germany,Slovenia,86.381701,77.733518
3098,1,1,2025-09-09,Poland,Turkey,72.492246,84.288115
3098,2,1,2025-09-09,Lithuania,Greece,108.44378,56.914009
3098,3,1,2025-09-10,Finland,Georgia,86.84476,91.383838
3098,4,1,2025-09-10,Germany,Slovenia,90.499594,86.122885
3099,1,1,2025-09-09,Poland,Turkey,86.751269,90.68267
3099,2,1,2025-09-09,Lithuania,Greece,90.338844,82.29986
3099,3,1,2025-09-10,Finland,Georgia,92.016138,91.7132
3099,4,1,2025-09-10,Germany,Slovenia,97.988854,85.816363
3100,1,1,2025-09-09,Poland,Turkey,55.618541,61.840352
3100,2,1,2025-09-09,Lithuania,Greece,94.993277,79.062882
3100,3,1,2025-09-10,Finland,Georgia,112.56731,81.880239
3100,4,1,2025-09-10,Germany,Slovenia,119.83656,96.880178
3101,1,1,2025-09-09,Poland,Turkey,103.1826,116.92568
3101,2,1,2025-09-09,Lithuania,Greece,95.072814,80.382234
3101,3,1,2025-09-10,Finland,Georgia,101.53793,86.008755
3101,4,1,2025-09-10,Germany,Slovenia,96.299698,64.858201
3102,1,1,2025-09-09,Poland,Turkey,58.321924,90.889954
3102,2,1,2025-09-09,Lithuania,Greece,95.552165,72.291709
3102,3,1,2025-09-10,Finland,Georgia,98.47207,86.686206
3102,4,1,2025-09-10,Germany,Slovenia,120.36721,90.238145
3103,1,1,2025-09-09,Poland,Turkey,70.05269,70.010444
3103,2,1,2025-09-09,Lithuania,Greece,90.280832,80.168827
3103,3,1,2025-09-10,Finland,Georgia,74.589476,87.850389
3103,4,1,2025-09-10,Germany,Slovenia,118.14376,103.78661
3104,1,1,2025-09-09,Poland,Turkey,74.190306,93.760412
3104,2,1,2025-09-09,Lithuania,Greece,74.535704,89.474643
3104,3,1,2025-09-10,Finland,Georgia,90.078579,69.643646
3104,4,1,2025-09-10,Germany,Slovenia,112.3022,82.4213
3105,1,1,2025-09-09,Poland,Turkey,80.064481,73.616643
3105,2,1,2025-09-09,Lithuania,Greece,72.399516,79.599908
3105,3,1,2025-09-10,Finland,Georgia,75.500748,71.840351
3105,4,1,2025-09-10,Germany,Slovenia,111.49437,95.253157
3106,1,1,2025-09-09,Poland,Turkey,79.461778,80.277834
3106,2,1,2025-09-09,Lithuania,Greece,78.016223,84.850297
3106,3,1,2025-09-10,Finland,Georgia,90.705949,71.180491
3106,4,1,2025-09-10,Germany,Slovenia,121.21129,95.095025
3107,1,1,2025-09-09,Poland,Turkey,58.338945,78.027805
3107,2,1,2025-09-09,Lithuania,Greece,98.019657,84.403066
3107,3,1,2025-09-10,Finland,Georgia,105.30628,88.090738
3107,4,1,2025-09-10,Germany,Slovenia,93.199987,84.592553
3108,1,1,2025-09-09,Poland,Turkey,82.422863,87.058656
3108,2,1,2025-09-09,Lithuania,Greece,78.470821,99.290132
3108,3,1,2025-09-10,Finland,Georgia,93.381801,80.138696
3108,4,1,2025-09-10,Germany,Slovenia,106.01715,79.180242
3109,1,1,2025-09-09,Poland,Turkey,86.430811,85.129995
3109,2,1,2025-09-09,Lithuania,Greece,75.638468,85.254792
3109,3,1,2025-09-10,Finland,Georgia,93.424453,74.534473
3109,4,1,2025-09-10,Germany,Slovenia,126.76003,87.989937
3110,1,1,2025-09-09,Poland,Turkey,74.152309,88.453677
3110,2,1,2025-09-09,Lithuania,Greece,78.127456,71.03029
3110,3,1,2025-09-10,Finland,Georgia,89.98084,64.289253
3110,4,1,2025-09-10,Germany,Slovenia,87.375008,102.97107
3111,1,1,2025-09-09,Poland,Turkey,83.938841,64.357905
3111,2,1,2025-09-09,Lithuania,Greece,90.54106,90.891112
3111,3,1,2025-09-10,Finland,Georgia,94.110185,86.418894
3111,4,1,2025-09-10,Germany,Slovenia,108.72251,101.29138
3112,1,1,2025-09-09,Poland,Turkey,82.188379,73.955981
3112,2,1,2025-09-09,Lithuania,Greece,90.930009,54.935457
3112,3,1,2025-09-10,Finland,Georgia,107.29514,81.391798
3112,4,1,2025-09-10,Germany,Slovenia,117.46209,94.537775
3113,1,1,2025-09-09,Poland,Turkey,65.781439,81.088518
3113,2,1,2025-09-09,Lithuania,Greece,77.879889,79.460451
3113,3,1,2025-09-10,Finland,Georgia,99.912018,76.132731
3113,4,1,2025-09-10,Germany,Slovenia,93.636929,68.059522
3114,1,1,2025-09-09,Poland,Turkey,58.206427,102.75995
3114,2,1,2025-09-09,Lithuania,Greece,78.004123,85.945504
3114,3,1,2025-09-10,Finland,Georgia,100.84838,75.970476
3114,4,1,2025-09-10,Germany,Slovenia,96.654808,96.389332
3115,1,1,2025-09-09,Poland,Turkey,67.460362,74.755757
3115,2,1,2025-09-09,Lithuania,Greece,77.942831,71.596786
3115,3,1,2025-09-10,Finland,Georgia,91.970458,63.867409
3115,4,1,2025-09-10,Germany,Slovenia,120.87964,99.347538
3116,1,1,2025-09-09,Poland,Turkey,72.192188,71.538269
3116,2,1,2025-09-09,Lithuania,Greece,86.167399,69.915598
3116,3,1,2025-09-10,Finland,Georgia,99.100362,83.457735
3116,4,1,2025-09-10,Germany,Slovenia,92.889682,94.31621
3117,1,1,2025-09-09,Poland,Turkey,88.151782,91.49248
3117,2,1,2025-09-09,Lithuania,Greece,74.998942,75.060581
3117,3,1,2025-09-10,Finland,Georgia,88.271979,72.539848
3117,4,1,2025-09-10,Germany,Slovenia,96.908888,70.510066
3118,1,1,2025-09-09,Poland,Turkey,82.631338,81.898212
3118,2,1,2025-09-09,Lithuania,Greece,91.262234,69.99346
3118,3,1,2025-09-10,Finland,Georgia,73.945282,30.061891
3118,4,1,2025-09-10,Germany,Slovenia,93.616445,83.083051
3119,1,1,2025-09-09,Poland,Turkey,75.625481,62.103208
3119,2,1,2025-09-09,Lithuania,Greece,99.134,81.020123
3119,3,1,2025-09-10,Finland,Georgia,86.643284,63.286128
3119,4,1,2025-09-10,Germany,Slovenia,82.848131,72.256883
3120,1,1,2025-09-09,Poland,Turkey,88.245607,96.314025
3120,2,1,2025-09-09,Lithuania,Greece,73.781775,92.608305
3120,3,1,2025-09-10,Finland,Georgia,101.50934,81.613371
3120,4,1,2025-09-10,Germany,Slovenia,109.99329,70.302505
3121,1,1,2025-09-09,Poland,Turkey,60.62563,84.277731
3121,2,1,2025-09-09,Lithuania,Greece,86.727556,97.865937
3121,3,1,2025-09-10,Finland,Georgia,95.432649,73.742071
3121,4,1,2025-09-10,Germany,Slovenia,82.86655,104.67979
3122,1,1,2025-09-09,Poland,Turkey,67.118979,89.044591
3122,2,1,2025-09-09,Lithuania,Greece,91.226862,66.833029
3122,3,1,2025-09-10,Finland,Georgia,105.29187,74.362101
3122,4,1,2025-09-10,Germany,Slovenia,106.17957,82.802949
3123,1,1,2025-09-09,Poland,Turkey,89.731684,78.113931
3123,2,1,2025-09-09,Lithuania,Greece,78.985354,65.474644
3123,3,1,2025-09-10,Finland,Georgia,100.42035,62.220707
3123,4,1,2025-09-10,Germany,Slovenia,108.63644,80.76352
3124,1,1,2025-09-09,Poland,Turkey,81.456904,96.802796
3124,2,1,2025-09-09,Lithuania,Greece,79.037497,73.224584
3124,3,1,2025-09-10,Finland,Georgia,96.566384,84.550564
3124,4,1,2025-09-10,Germany,Slovenia,102.18773,88.329781
3125,1,1,2025-09-09,Poland,Turkey,53.220116,87.90624
3125,2,1,2025-09-09,Lithuania,Greece,75.282062,57.831835
3125,3,1,2025-09-10,Finland,Georgia,88.261221,68.317454
3125,4,1,2025-09-10,Germany,Slovenia,92.921658,82.390057
3126,1,1,2025-09-09,Poland,Turkey,96.021369000000007,98.585713
3126,2,1,2025-09-09,Lithuania,Greece,87.488093,87.480723
3126,3,1,2025-09-10,Finland,Georgia,103.32901,76.199987
3126,4,1,2025-09-10,Germany,Slovenia,117.39429,85.69086
3127,1,1,2025-09-09,Poland,Turkey,88.378908,90.787517
3127,2,1,2025-09-09,Lithuania,Greece,66.890637,86.60139
3127,3,1,2025-09-10,Finland,Georgia,95.522636,97.888129
3127,4,1,2025-09-10,Germany,Slovenia,106.88434,80.661838
3128,1,1,2025-09-09,Poland,Turkey,85.509033,104.5704
3128,2,1,2025-09-09,Lithuania,Greece,74.425088,64.021086
3128,3,1,2025-09-10,Finland,Georgia,86.368304,75.408664
3128,4,1,2025-09-10,Germany,Slovenia,97.043327,91.760994
3129,1,1,2025-09-09,Poland,Turkey,88.989445,97.530133
3129,2,1,2025-09-09,Lithuania,Greece,85.149029,80.742149
3129,3,1,2025-09-10,Finland,Georgia,110.58329,65.573539
3129,4,1,2025-09-10,Germany,Slovenia,94.674055,99.32153
3130,1,1,2025-09-09,Poland,Turkey,79.668262,49.859471
3130,2,1,2025-09-09,Lithuania,Greece,83.804875,73.859035
3130,3,1,2025-09-10,Finland,Georgia,76.798357,70.796435
3130,4,1,2025-09-10,Germany,Slovenia,128.85931,84.080723
3131,1,1,2025-09-09,Poland,Turkey,45.262221,66.05113
3131,2,1,2025-09-09,Lithuania,Greece,92.145877,80.979671
3131,3,1,2025-09-10,Finland,Georgia,88.260284,54.612052
3131,4,1,2025-09-10,Germany,Slovenia,106.48355,87.135133
3132,1,1,2025-09-09,Poland,Turkey,65.39853,90.386442
3132,2,1,2025-09-09,Lithuania,Greece,78.414796,83.445639
3132,3,1,2025-09-10,Finland,Georgia,86.498349,60.187466
3132,4,1,2025-09-10,Germany,Slovenia,99.05719,101.48413
3133,1,1,2025-09-09,Poland,Turkey,84.184073,82.370688
3133,2,1,2025-09-09,Lithuania,Greece,81.143955,79.956685
3133,3,1,2025-09-10,Finland,Georgia,100.31877,74.989742
3133,4,1,2025-09-10,Germany,Slovenia,95.295885,89.512756
3134,1,1,2025-09-09,Poland,Turkey,71.248472,69.864593
3134,2,1,2025-09-09,Lithuania,Greece,91.37673,76.218187
3134,3,1,2025-09-10,Finland,Georgia,92.143048,59.522634
3134,4,1,2025-09-10,Germany,Slovenia,114.78794,99.200366
3135,1,1,2025-09-09,Poland,Turkey,83.97102,95.264255
3135,2,1,2025-09-09,Lithuania,Greece,69.337053,54.824876
3135,3,1,2025-09-10,Finland,Georgia,118.45635,76.98158
3135,4,1,2025-09-10,Germany,Slovenia,99.333354,77.656094
3136,1,1,2025-09-09,Poland,Turkey,84.97974,85.358158
3136,2,1,2025-09-09,Lithuania,Greece,84.48328,86.194754
3136,3,1,2025-09-10,Finland,Georgia,89.332181,57.826236
3136,4,1,2025-09-10,Germany,Slovenia,97.788692,99.349395
3137,1,1,2025-09-09,Poland,Turkey,70.814982,91.7462
3137,2,1,2025-09-09,Lithuania,Greece,77.237064,63.742317
3137,3,1,2025-09-10,Finland,Georgia,77.808743,66.299417
3137,4,1,2025-09-10,Germany,Slovenia,124.14101,80.845517
3138,1,1,2025-09-09,Poland,Turkey,80.659019,89.219498
3138,2,1,2025-09-09,Lithuania,Greece,94.850127,83.5372
3138,3,1,2025-09-10,Finland,Georgia,85.337481,76.465562
3138,4,1,2025-09-10,Germany,Slovenia,105.28386,102.64392
3139,1,1,2025-09-09,Poland,Turkey,81.58687,89.311836
3139,2,1,2025-09-09,Lithuania,Greece,99.892301,93.674344
3139,3,1,2025-09-10,Finland,Georgia,87.688753,74.750731
3139,4,1,2025-09-10,Germany,Slovenia,103.85456,105.998
3140,1,1,2025-09-09,Poland,Turkey,67.361329,93.734514
3140,2,1,2025-09-09,Lithuania,Greece,66.250273000000007,102.84259
3140,3,1,2025-09-10,Finland,Georgia,91.5065,89.875439
3140,4,1,2025-09-10,Germany,Slovenia,101.29017,74.946672
3141,1,1,2025-09-09,Poland,Turkey,84.382045,87.368683
3141,2,1,2025-09-09,Lithuania,Greece,55.534726,83.999109
3141,3,1,2025-09-10,Finland,Georgia,67.967256,57.638585
3141,4,1,2025-09-10,Germany,Slovenia,91.556884,74.541481
3142,1,1,2025-09-09,Poland,Turkey,88.660204,94.802167
3142,2,1,2025-09-09,Lithuania,Greece,123.29665,84.738226
3142,3,1,2025-09-10,Finland,Georgia,85.991122,60.031682000000004
3142,4,1,2025-09-10,Germany,Slovenia,112.68692,86.685276
3143,1,1,2025-09-09,Poland,Turkey,100.46798,122.04778
3143,2,1,2025-09-09,Lithuania,Greece,78.184438,71.935239
3143,3,1,2025-09-10,Finland,Georgia,94.970642,62.171146
3143,4,1,2025-09-10,Germany,Slovenia,108.73883,69.339747
3144,1,1,2025-09-09,Poland,Turkey,89.65628,100.14223
3144,2,1,2025-09-09,Lithuania,Greece,101.16579,58.917188
3144,3,1,2025-09-10,Finland,Georgia,103.93546,70.543541
3144,4,1,2025-09-10,Germany,Slovenia,101.97081,85.169382
3145,1,1,2025-09-09,Poland,Turkey,95.621915,125.10438
3145,2,1,2025-09-09,Lithuania,Greece,84.986594,83.2661
3145,3,1,2025-09-10,Finland,Georgia,99.947283,82.558556
3145,4,1,2025-09-10,Germany,Slovenia,114.41758,78.484114
3146,1,1,2025-09-09,Poland,Turkey,67.6851,83.373713
3146,2,1,2025-09-09,Lithuania,Greece,85.660643,88.871632
3146,3,1,2025-09-10,Finland,Georgia,75.604222,71.050074
3146,4,1,2025-09-10,Germany,Slovenia,111.12324,93.324739
3147,1,1,2025-09-09,Poland,Turkey,74.583836,90.828473
3147,2,1,2025-09-09,Lithuania,Greece,70.575167,74.319374
3147,3,1,2025-09-10,Finland,Georgia,105.87392,80.332855
3147,4,1,2025-09-10,Germany,Slovenia,113.80619,87.350637
3148,1,1,2025-09-09,Poland,Turkey,78.164248,95.605582
3148,2,1,2025-09-09,Lithuania,Greece,89.416502,84.92996
3148,3,1,2025-09-10,Finland,Georgia,98.693244000000007,80.454675
3148,4,1,2025-09-10,Germany,Slovenia,99.31233,96.405448
3149,1,1,2025-09-09,Poland,Turkey,81.554413,83.539155
3149,2,1,2025-09-09,Lithuania,Greece,84.028994,69.595657
3149,3,1,2025-09-10,Finland,Georgia,64.318722,87.37703
3149,4,1,2025-09-10,Germany,Slovenia,102.4144,85.106429
3150,1,1,2025-09-09,Poland,Turkey,82.366891,93.739682
3150,2,1,2025-09-09,Lithuania,Greece,85.199992,89.966877
3150,3,1,2025-09-10,Finland,Georgia,107.73571,97.11241
3150,4,1,2025-09-10,Germany,Slovenia,115.62563,66.475465
3151,1,1,2025-09-09,Poland,Turkey,76.500852,74.489894
3151,2,1,2025-09-09,Lithuania,Greece,107.18583,70.491635
3151,3,1,2025-09-10,Finland,Georgia,97.568566,70.80958
3151,4,1,2025-09-10,Germany,Slovenia,108.53192,77.208053
3152,1,1,2025-09-09,Poland,Turkey,77.079015,87.006486
3152,2,1,2025-09-09,Lithuania,Greece,102.94731,86.634784
3152,3,1,2025-09-10,Finland,Georgia,106.22483,81.69808
3152,4,1,2025-09-10,Germany,Slovenia,107.24365,81.378338
3153,1,1,2025-09-09,Poland,Turkey,82.191311,66.368496
3153,2,1,2025-09-09,Lithuania,Greece,87.977297,90.646156
3153,3,1,2025-09-10,Finland,Georgia,97.043869,78.123741
3153,4,1,2025-09-10,Germany,Slovenia,110.36351,86.052051
3154,1,1,2025-09-09,Poland,Turkey,69.726476,109.08315
3154,2,1,2025-09-09,Lithuania,Greece,74.084108,68.66576
3154,3,1,2025-09-10,Finland,Georgia,98.957489,72.628548
3154,4,1,2025-09-10,Germany,Slovenia,103.48332,83.099149
3155,1,1,2025-09-09,Poland,Turkey,111.11099,96.567732
3155,2,1,2025-09-09,Lithuania,Greece,82.897383,95.619356
3155,3,1,2025-09-10,Finland,Georgia,79.790313,84.782259
3155,4,1,2025-09-10,Germany,Slovenia,105.80281,97.556138
3156,1,1,2025-09-09,Poland,Turkey,72.632224,47.378853
3156,2,1,2025-09-09,Lithuania,Greece,88.977234,62.939058
3156,3,1,2025-09-10,Finland,Georgia,93.274727,80.076612
3156,4,1,2025-09-10,Germany,Slovenia,108.75921,91.805928
3157,1,1,2025-09-09,Poland,Turkey,77.346997,95.857043
3157,2,1,2025-09-09,Lithuania,Greece,89.994164,90.769506
3157,3,1,2025-09-10,Finland,Georgia,91.355317,82.522565
3157,4,1,2025-09-10,Germany,Slovenia,103.88026,95.591109
3158,1,1,2025-09-09,Poland,Turkey,73.398805,91.4512
3158,2,1,2025-09-09,Lithuania,Greece,89.17425,81.755701
3158,3,1,2025-09-10,Finland,Georgia,96.19707,60.206826
3158,4,1,2025-09-10,Germany,Slovenia,114.30765,86.132507
3159,1,1,2025-09-09,Poland,Turkey,79.53347,78.67488
3159,2,1,2025-09-09,Lithuania,Greece,96.120767,83.411919
3159,3,1,2025-09-10,Finland,Georgia,113.02325,84.201951
3159,4,1,2025-09-10,Germany,Slovenia,96.961104,73.877325
3160,1,1,2025-09-09,Poland,Turkey,78.473549,84.638016
3160,2,1,2025-09-09,Lithuania,Greece,72.96259,78.441917
3160,3,1,2025-09-10,Finland,Georgia,83.905345,73.476069
3160,4,1,2025-09-10,Germany,Slovenia,106.05287,92.69698
3161,1,1,2025-09-09,Poland,Turkey,63.865179,95.492004
3161,2,1,2025-09-09,Lithuania,Greece,81.403072,77.694335
3161,3,1,2025-09-10,Finland,Georgia,95.980292,89.065991
3161,4,1,2025-09-10,Germany,Slovenia,99.894296,97.17887
3162,1,1,2025-09-09,Poland,Turkey,53.999503,86.808328
3162,2,1,2025-09-09,Lithuania,Greece,76.6705,83.665667
3162,3,1,2025-09-10,Finland,Georgia,100.59674,80.111299
3162,4,1,2025-09-10,Germany,Slovenia,111.58706,91.793768
3163,1,1,2025-09-09,Poland,Turkey,61.062919,57.266115
3163,2,1,2025-09-09,Lithuania,Greece,81.397651,88.282339
3163,3,1,2025-09-10,Finland,Georgia,102.05659,77.367814
3163,4,1,2025-09-10,Germany,Slovenia,88.725854,53.214573
3164,1,1,2025-09-09,Poland,Turkey,55.860673,81.354439
3164,2,1,2025-09-09,Lithuania,Greece,79.525375,93.386991
3164,3,1,2025-09-10,Finland,Georgia,88.463743,55.971883
3164,4,1,2025-09-10,Germany,Slovenia,103.63816,90.286453
3165,1,1,2025-09-09,Poland,Turkey,60.047313,95.681907
3165,2,1,2025-09-09,Lithuania,Greece,86.332396,58.71528
3165,3,1,2025-09-10,Finland,Georgia,82.359247,61.813892
3165,4,1,2025-09-10,Germany,Slovenia,92.559681,92.14295
3166,1,1,2025-09-09,Poland,Turkey,65.478991,70.813365
3166,2,1,2025-09-09,Lithuania,Greece,96.590526,66.106376
3166,3,1,2025-09-10,Finland,Georgia,103.1815,91.144836
3166,4,1,2025-09-10,Germany,Slovenia,118.90168,71.819277
3167,1,1,2025-09-09,Poland,Turkey,57.810659,108.19645
3167,2,1,2025-09-09,Lithuania,Greece,107.11981,89.407409
3167,3,1,2025-09-10,Finland,Georgia,105.61152,68.723808
3167,4,1,2025-09-10,Germany,Slovenia,107.04359,81.358443
3168,1,1,2025-09-09,Poland,Turkey,75.865226,71.378762
3168,2,1,2025-09-09,Lithuania,Greece,81.169022,67.948204
3168,3,1,2025-09-10,Finland,Georgia,105.64335,54.866308
3168,4,1,2025-09-10,Germany,Slovenia,85.663089,71.636649
3169,1,1,2025-09-09,Poland,Turkey,74.985906,100.90032
3169,2,1,2025-09-09,Lithuania,Greece,95.893647,81.945009
3169,3,1,2025-09-10,Finland,Georgia,101.44799,79.134326
3169,4,1,2025-09-10,Germany,Slovenia,94.002511,100.33511
3170,1,1,2025-09-09,Poland,Turkey,85.71656,117.12584
3170,2,1,2025-09-09,Lithuania,Greece,79.712525,76.107917
3170,3,1,2025-09-10,Finland,Georgia,89.550311,74.386627
3170,4,1,2025-09-10,Germany,Slovenia,120.41941,91.497985
3171,1,1,2025-09-09,Poland,Turkey,66.253285,100.11528
3171,2,1,2025-09-09,Lithuania,Greece,79.696411,77.531051
3171,3,1,2025-09-10,Finland,Georgia,95.892628,92.29532
3171,4,1,2025-09-10,Germany,Slovenia,110.49452,108.38013
3172,1,1,2025-09-09,Poland,Turkey,72.521664,69.302255
3172,2,1,2025-09-09,Lithuania,Greece,88.454292,89.960476
3172,3,1,2025-09-10,Finland,Georgia,91.181609,83.228311
3172,4,1,2025-09-10,Germany,Slovenia,111.27057,93.827397
3173,1,1,2025-09-09,Poland,Turkey,88.679907,87.304648
3173,2,1,2025-09-09,Lithuania,Greece,85.607603,87.47104
3173,3,1,2025-09-10,Finland,Georgia,96.926009,91.318089
3173,4,1,2025-09-10,Germany,Slovenia,99.618227,92.594331
3174,1,1,2025-09-09,Poland,Turkey,76.29163,81.488651
3174,2,1,2025-09-09,Lithuania,Greece,88.899549,72.617344
3174,3,1,2025-09-10,Finland,Georgia,100.22911,97.226569
3174,4,1,2025-09-10,Germany,Slovenia,106.64115,80.505337
3175,1,1,2025-09-09,Poland,Turkey,77.660507,98.05213
3175,2,1,2025-09-09,Lithuania,Greece,93.174306,64.20155
3175,3,1,2025-09-10,Finland,Georgia,112.81245,82.503268
3175,4,1,2025-09-10,Germany,Slovenia,111.53583,83.220474
3176,1,1,2025-09-09,Poland,Turkey,55.847594,78.980702
3176,2,1,2025-09-09,Lithuania,Greece,94.377514,70.874213
3176,3,1,2025-09-10,Finland,Georgia,105.26953,94.976225
3176,4,1,2025-09-10,Germany,Slovenia,111.3327,81.606547
3177,1,1,2025-09-09,Poland,Turkey,85.779418,93.569569
3177,2,1,2025-09-09,Lithuania,Greece,80.201439,78.582385
3177,3,1,2025-09-10,Finland,Georgia,92.447255,81.552472
3177,4,1,2025-09-10,Germany,Slovenia,112.44781,85.980297
3178,1,1,2025-09-09,Poland,Turkey,71.631481,71.558943
3178,2,1,2025-09-09,Lithuania,Greece,91.490564,75.791397
3178,3,1,2025-09-10,Finland,Georgia,102.83812,82.756161
3178,4,1,2025-09-10,Germany,Slovenia,106.22188,84.239728
3179,1,1,2025-09-09,Poland,Turkey,84.801732,95.068281
3179,2,1,2025-09-09,Lithuania,Greece,84.780043,93.979578
3179,3,1,2025-09-10,Finland,Georgia,104.91421,78.366886
3179,4,1,2025-09-10,Germany,Slovenia,110.93645,96.386373
3180,1,1,2025-09-09,Poland,Turkey,84.2699,87.686663
3180,2,1,2025-09-09,Lithuania,Greece,83.569334,72.211644
3180,3,1,2025-09-10,Finland,Georgia,107.79742,86.583688
3180,4,1,2025-09-10,Germany,Slovenia,112.7864,73.605454
3181,1,1,2025-09-09,Poland,Turkey,57.412953,83.143649
3181,2,1,2025-09-09,Lithuania,Greece,96.602348,74.031149
3181,3,1,2025-09-10,Finland,Georgia,82.343388,62.643683
3181,4,1,2025-09-10,Germany,Slovenia,129.48951,88.9726
3182,1,1,2025-09-09,Poland,Turkey,83.135851,87.014668
3182,2,1,2025-09-09,Lithuania,Greece,85.650915,55.503493
3182,3,1,2025-09-10,Finland,Georgia,99.063599,68.7273
3182,4,1,2025-09-10,Germany,Slovenia,87.502557,91.731795
3183,1,1,2025-09-09,Poland,Turkey,71.064615,100.46568
3183,2,1,2025-09-09,Lithuania,Greece,90.921042,63.931836
3183,3,1,2025-09-10,Finland,Georgia,93.871799,75.222487
3183,4,1,2025-09-10,Germany,Slovenia,107.26665,67.238095
3184,1,1,2025-09-09,Poland,Turkey,74.976016,65.12144
3184,2,1,2025-09-09,Lithuania,Greece,81.076581,73.257323
3184,3,1,2025-09-10,Finland,Georgia,92.129629,88.025673
3184,4,1,2025-09-10,Germany,Slovenia,132.34568,90.261206
3185,1,1,2025-09-09,Poland,Turkey,73.187428,95.696201
3185,2,1,2025-09-09,Lithuania,Greece,75.791315,56.077747
3185,3,1,2025-09-10,Finland,Georgia,83.424572,95.842799
3185,4,1,2025-09-10,Germany,Slovenia,111.06377,80.330533
3186,1,1,2025-09-09,Poland,Turkey,93.734553,87.052003
3186,2,1,2025-09-09,Lithuania,Greece,96.533505,72.707039
3186,3,1,2025-09-10,Finland,Georgia,86.683915,77.746318
3186,4,1,2025-09-10,Germany,Slovenia,113.00825,71.493327
3187,1,1,2025-09-09,Poland,Turkey,78.673495,80.134417
3187,2,1,2025-09-09,Lithuania,Greece,84.45264,81.799092
3187,3,1,2025-09-10,Finland,Georgia,90.157479,91.914654
3187,4,1,2025-09-10,Germany,Slovenia,98.427867,85.329157
3188,1,1,2025-09-09,Poland,Turkey,82.889439,89.318433
3188,2,1,2025-09-09,Lithuania,Greece,112.98796,66.356186
3188,3,1,2025-09-10,Finland,Georgia,79.618663,73.67356
3188,4,1,2025-09-10,Germany,Slovenia,94.3805,81.824938
3189,1,1,2025-09-09,Poland,Turkey,76.435116,88.09451
3189,2,1,2025-09-09,Lithuania,Greece,82.725244,67.09199
3189,3,1,2025-09-10,Finland,Georgia,79.509516,66.031172
3189,4,1,2025-09-10,Germany,Slovenia,115.61138,100.52627
3190,1,1,2025-09-09,Poland,Turkey,77.677627,88.213203
3190,2,1,2025-09-09,Lithuania,Greece,79.759694,73.231576
3190,3,1,2025-09-10,Finland,Georgia,80.713838,50.2676
3190,4,1,2025-09-10,Germany,Slovenia,128.59695,68.119804
3191,1,1,2025-09-09,Poland,Turkey,80.730551,86.604249
3191,2,1,2025-09-09,Lithuania,Greece,77.613385,79.117136
3191,3,1,2025-09-10,Finland,Georgia,80.984877,97.801837
3191,4,1,2025-09-10,Germany,Slovenia,103.63605,92.632501
3192,1,1,2025-09-09,Poland,Turkey,68.297996,91.569019
3192,2,1,2025-09-09,Lithuania,Greece,80.071767,96.628478
3192,3,1,2025-09-10,Finland,Georgia,99.944539,61.183999
3192,4,1,2025-09-10,Germany,Slovenia,101.59061,96.078936
3193,1,1,2025-09-09,Poland,Turkey,75.928967,86.384482
3193,2,1,2025-09-09,Lithuania,Greece,99.121339,108.25847
3193,3,1,2025-09-10,Finland,Georgia,107.38216,64.223549
3193,4,1,2025-09-10,Germany,Slovenia,95.260662,93.535861
3194,1,1,2025-09-09,Poland,Turkey,93.527417,90.202109
3194,2,1,2025-09-09,Lithuania,Greece,94.022621,80.938279
3194,3,1,2025-09-10,Finland,Georgia,93.156866,72.257705
3194,4,1,2025-09-10,Germany,Slovenia,73.316445,72.052845
3195,1,1,2025-09-09,Poland,Turkey,68.411743,97.900646
3195,2,1,2025-09-09,Lithuania,Greece,77.695861,72.261436
3195,3,1,2025-09-10,Finland,Georgia,93.256412,81.299653
3195,4,1,2025-09-10,Germany,Slovenia,100.21088,92.67787
3196,1,1,2025-09-09,Poland,Turkey,61.026497,78.060489
3196,2,1,2025-09-09,Lithuania,Greece,100.34465,76.504625
3196,3,1,2025-09-10,Finland,Georgia,99.827582,61.841729
3196,4,1,2025-09-10,Germany,Slovenia,88.754087,73.538654
3197,1,1,2025-09-09,Poland,Turkey,103.82497,103.91505
3197,2,1,2025-09-09,Lithuania,Greece,89.767989,94.55275
3197,3,1,2025-09-10,Finland,Georgia,83.671524,73.888627
3197,4,1,2025-09-10,Germany,Slovenia,91.781859,88.334215
3198,1,1,2025-09-09,Poland,Turkey,75.87996,62.746958
3198,2,1,2025-09-09,Lithuania,Greece,100.56436,75.212117
3198,3,1,2025-09-10,Finland,Georgia,90.894237,68.411242
3198,4,1,2025-09-10,Germany,Slovenia,90.805121,65.363335
3199,1,1,2025-09-09,Poland,Turkey,90.200128,96.057718
3199,2,1,2025-09-09,Lithuania,Greece,102.73457,73.471995
3199,3,1,2025-09-10,Finland,Georgia,124.53042,87.651543
3199,4,1,2025-09-10,Germany,Slovenia,108.7858,77.183818
3200,1,1,2025-09-09,Poland,Turkey,99.020174,66.416986
3200,2,1,2025-09-09,Lithuania,Greece,65.726168,72.168399
3200,3,1,2025-09-10,Finland,Georgia,97.448841,76.302115
3200,4,1,2025-09-10,Germany,Slovenia,118.87281,90.581373
3201,1,1,2025-09-09,Poland,Turkey,87.131216,90.497477
3201,2,1,2025-09-09,Lithuania,Greece,84.550596,83.904121
3201,3,1,2025-09-10,Finland,Georgia,93.270574,70.47832
3201,4,1,2025-09-10,Germany,Slovenia,110.90519,82.891962
3202,1,1,2025-09-09,Poland,Turkey,69.243258,87.133435
3202,2,1,2025-09-09,Lithuania,Greece,84.406524,96.519823
3202,3,1,2025-09-10,Finland,Georgia,102.43254,57.057989
3202,4,1,2025-09-10,Germany,Slovenia,94.250193,73.404748
3203,1,1,2025-09-09,Poland,Turkey,71.686119,87.007288
3203,2,1,2025-09-09,Lithuania,Greece,80.841149,78.59073
3203,3,1,2025-09-10,Finland,Georgia,106.76753,39.167734
3203,4,1,2025-09-10,Germany,Slovenia,113.63888,84.276301
3204,1,1,2025-09-09,Poland,Turkey,77.117218,84.393748
3204,2,1,2025-09-09,Lithuania,Greece,80.114611,73.120828
3204,3,1,2025-09-10,Finland,Georgia,113.59836,61.57806
3204,4,1,2025-09-10,Germany,Slovenia,89.143893,76.44069
3205,1,1,2025-09-09,Poland,Turkey,78.477064,100.56157
3205,2,1,2025-09-09,Lithuania,Greece,114.95775,85.075262
3205,3,1,2025-09-10,Finland,Georgia,79.888509,80.525082
3205,4,1,2025-09-10,Germany,Slovenia,118.17399,63.250817
3206,1,1,2025-09-09,Poland,Turkey,87.871074,73.192445
3206,2,1,2025-09-09,Lithuania,Greece,78.88999,71.967912
3206,3,1,2025-09-10,Finland,Georgia,91.79434,69.297766
3206,4,1,2025-09-10,Germany,Slovenia,86.49438,83.564225
3207,1,1,2025-09-09,Poland,Turkey,87.54438,91.612412
3207,2,1,2025-09-09,Lithuania,Greece,68.660068,86.149544
3207,3,1,2025-09-10,Finland,Georgia,93.710011,69.640731
3207,4,1,2025-09-10,Germany,Slovenia,93.210903,72.024393
3208,1,1,2025-09-09,Poland,Turkey,85.314715,108.6977
3208,2,1,2025-09-09,Lithuania,Greece,86.697916,74.81103
3208,3,1,2025-09-10,Finland,Georgia,100.23142,73.972971
3208,4,1,2025-09-10,Germany,Slovenia,103.90262,77.660519
3209,1,1,2025-09-09,Poland,Turkey,71.097861,85.585147
3209,2,1,2025-09-09,Lithuania,Greece,80.966788,92.13199
3209,3,1,2025-09-10,Finland,Georgia,90.966074,62.382698
3209,4,1,2025-09-10,Germany,Slovenia,103.40869000000001,73.354099
3210,1,1,2025-09-09,Poland,Turkey,85.430406,71.406185
3210,2,1,2025-09-09,Lithuania,Greece,89.04405,67.804044
3210,3,1,2025-09-10,Finland,Georgia,97.580878,83.503202
3210,4,1,2025-09-10,Germany,Slovenia,101.72766,101.81459
3211,1,1,2025-09-09,Poland,Turkey,79.925404,73.29353
3211,2,1,2025-09-09,Lithuania,Greece,80.302146,84.012845
3211,3,1,2025-09-10,Finland,Georgia,84.075219,93.027755
3211,4,1,2025-09-10,Germany,Slovenia,100.90031,83.021375
3212,1,1,2025-09-09,Poland,Turkey,66.353458,93.759483
3212,2,1,2025-09-09,Lithuania,Greece,92.1319,51.915443
3212,3,1,2025-09-10,Finland,Georgia,95.423296,67.184455
3212,4,1,2025-09-10,Germany,Slovenia,82.286155,74.931648
3213,1,1,2025-09-09,Poland,Turkey,66.319787,75.888227
3213,2,1,2025-09-09,Lithuania,Greece,86.014148,69.237226
3213,3,1,2025-09-10,Finland,Georgia,91.949256,80.113025
3213,4,1,2025-09-10,Germany,Slovenia,115.94355,80.635038
3214,1,1,2025-09-09,Poland,Turkey,71.014275,90.557099
3214,2,1,2025-09-09,Lithuania,Greece,98.188543,78.314201
3214,3,1,2025-09-10,Finland,Georgia,90.541579,74.951187
3214,4,1,2025-09-10,Germany,Slovenia,97.678339,95.634624
3215,1,1,2025-09-09,Poland,Turkey,69.525111,83.415305
3215,2,1,2025-09-09,Lithuania,Greece,72.90148,76.766127
3215,3,1,2025-09-10,Finland,Georgia,117.46726,73.650271
3215,4,1,2025-09-10,Germany,Slovenia,97.322022,73.155996
3216,1,1,2025-09-09,Poland,Turkey,71.979102,86.616896
3216,2,1,2025-09-09,Lithuania,Greece,89.049705,86.259393
3216,3,1,2025-09-10,Finland,Georgia,87.148578,83.661024
3216,4,1,2025-09-10,Germany,Slovenia,97.171159,74.86866
3217,1,1,2025-09-09,Poland,Turkey,101.65824,104.29143
3217,2,1,2025-09-09,Lithuania,Greece,85.077554,92.714403
3217,3,1,2025-09-10,Finland,Georgia,108.76959,74.255645
3217,4,1,2025-09-10,Germany,Slovenia,108.6574,81.845405
3218,1,1,2025-09-09,Poland,Turkey,59.878073,82.034807
3218,2,1,2025-09-09,Lithuania,Greece,98.025701,94.498807
3218,3,1,2025-09-10,Finland,Georgia,101.37703,95.669436
3218,4,1,2025-09-10,Germany,Slovenia,97.573413,75.359758
3219,1,1,2025-09-09,Poland,Turkey,69.470531,71.479537
3219,2,1,2025-09-09,Lithuania,Greece,86.632574,96.137067
3219,3,1,2025-09-10,Finland,Georgia,111.33255,94.058019
3219,4,1,2025-09-10,Germany,Slovenia,104.42276,86.035794
3220,1,1,2025-09-09,Poland,Turkey,73.881675,85.847147
3220,2,1,2025-09-09,Lithuania,Greece,82.190379,64.590354
3220,3,1,2025-09-10,Finland,Georgia,102.17054,57.681292
3220,4,1,2025-09-10,Germany,Slovenia,116.71024,85.212386
3221,1,1,2025-09-09,Poland,Turkey,53.430818,99.562226
3221,2,1,2025-09-09,Lithuania,Greece,80.335698,71.118336
3221,3,1,2025-09-10,Finland,Georgia,98.322539,82.462627
3221,4,1,2025-09-10,Germany,Slovenia,80.818964,101.53224
3222,1,1,2025-09-09,Poland,Turkey,76.009448,76.817067
3222,2,1,2025-09-09,Lithuania,Greece,84.926361,84.403354
3222,3,1,2025-09-10,Finland,Georgia,89.251325,83.412569
3222,4,1,2025-09-10,Germany,Slovenia,124.93445,77.50679
3223,1,1,2025-09-09,Poland,Turkey,74.885147,107.13842
3223,2,1,2025-09-09,Lithuania,Greece,92.241274,68.729319
3223,3,1,2025-09-10,Finland,Georgia,95.85759,58.555531
3223,4,1,2025-09-10,Germany,Slovenia,104.94362,93.515239
3224,1,1,2025-09-09,Poland,Turkey,79.471858,89.751124
3224,2,1,2025-09-09,Lithuania,Greece,106.13518,90.301635
3224,3,1,2025-09-10,Finland,Georgia,102.19211,77.001125
3224,4,1,2025-09-10,Germany,Slovenia,92.409657,64.764058
3225,1,1,2025-09-09,Poland,Turkey,85.738721,94.299404
3225,2,1,2025-09-09,Lithuania,Greece,81.879179,82.159295
3225,3,1,2025-09-10,Finland,Georgia,95.275335,86.207938
3225,4,1,2025-09-10,Germany,Slovenia,96.086518,100.36598
3226,1,1,2025-09-09,Poland,Turkey,71.732802,84.132872
3226,2,1,2025-09-09,Lithuania,Greece,74.925617,76.391849
3226,3,1,2025-09-10,Finland,Georgia,81.194038,82.071553
3226,4,1,2025-09-10,Germany,Slovenia,102.9852,78.404094
3227,1,1,2025-09-09,Poland,Turkey,69.426696,88.098224
3227,2,1,2025-09-09,Lithuania,Greece,77.136116,92.903363
3227,3,1,2025-09-10,Finland,Georgia,89.814035,81.487936
3227,4,1,2025-09-10,Germany,Slovenia,105.50949,85.819141
3228,1,1,2025-09-09,Poland,Turkey,75.975573,81.924261
3228,2,1,2025-09-09,Lithuania,Greece,88.854332,63.448117
3228,3,1,2025-09-10,Finland,Georgia,97.067215,85.136663
3228,4,1,2025-09-10,Germany,Slovenia,103.72137,94.691359
3229,1,1,2025-09-09,Poland,Turkey,60.627093,76.832467
3229,2,1,2025-09-09,Lithuania,Greece,89.60743,85.906196
3229,3,1,2025-09-10,Finland,Georgia,104.29439,66.661347
3229,4,1,2025-09-10,Germany,Slovenia,99.868737,52.804235
3230,1,1,2025-09-09,Poland,Turkey,80.874452,94.852621
3230,2,1,2025-09-09,Lithuania,Greece,95.030454,79.270548
3230,3,1,2025-09-10,Finland,Georgia,82.942584,67.700094000000007
3230,4,1,2025-09-10,Germany,Slovenia,90.365899,93.859944
3231,1,1,2025-09-09,Poland,Turkey,79.351932,63.281239
3231,2,1,2025-09-09,Lithuania,Greece,92.219148,90.541238
3231,3,1,2025-09-10,Finland,Georgia,98.215457,71.87103
3231,4,1,2025-09-10,Germany,Slovenia,94.126361,88.034943
3232,1,1,2025-09-09,Poland,Turkey,53.212942,69.453436
3232,2,1,2025-09-09,Lithuania,Greece,87.796782,83.247867
3232,3,1,2025-09-10,Finland,Georgia,99.392832,75.801236
3232,4,1,2025-09-10,Germany,Slovenia,114.62369,71.177167
3233,1,1,2025-09-09,Poland,Turkey,90.265219,80.226659
3233,2,1,2025-09-09,Lithuania,Greece,83.151885,74.586501
3233,3,1,2025-09-10,Finland,Georgia,80.296648,73.908228
3233,4,1,2025-09-10,Germany,Slovenia,110.3185,98.736611
3234,1,1,2025-09-09,Poland,Turkey,84.078324,118.642
3234,2,1,2025-09-09,Lithuania,Greece,69.765402,72.746083
3234,3,1,2025-09-10,Finland,Georgia,86.632278,91.684224
3234,4,1,2025-09-10,Germany,Slovenia,98.723919,91.019621
3235,1,1,2025-09-09,Poland,Turkey,73.032547,79.70262
3235,2,1,2025-09-09,Lithuania,Greece,66.297464,75.95198
3235,3,1,2025-09-10,Finland,Georgia,83.453613,71.415707
3235,4,1,2025-09-10,Germany,Slovenia,93.663929,86.953993
3236,1,1,2025-09-09,Poland,Turkey,92.930917,106.58509
3236,2,1,2025-09-09,Lithuania,Greece,83.079486,66.968566
3236,3,1,2025-09-10,Finland,Georgia,99.837441,83.733056
3236,4,1,2025-09-10,Germany,Slovenia,80.89735,62.037978
3237,1,1,2025-09-09,Poland,Turkey,66.381862,78.844065
3237,2,1,2025-09-09,Lithuania,Greece,83.14712,67.237091
3237,3,1,2025-09-10,Finland,Georgia,92.577191,71.085533
3237,4,1,2025-09-10,Germany,Slovenia,111.72295,108.7379
3238,1,1,2025-09-09,Poland,Turkey,84.32371,91.234043
3238,2,1,2025-09-09,Lithuania,Greece,76.830923,83.349841
3238,3,1,2025-09-10,Finland,Georgia,79.567186,66.230634
3238,4,1,2025-09-10,Germany,Slovenia,113.60358,80.786664
3239,1,1,2025-09-09,Poland,Turkey,77.23997,96.22704
3239,2,1,2025-09-09,Lithuania,Greece,73.93533,72.613782
3239,3,1,2025-09-10,Finland,Georgia,121.19353,68.266228
3239,4,1,2025-09-10,Germany,Slovenia,91.920629,68.975891
3240,1,1,2025-09-09,Poland,Turkey,72.450153,87.682697
3240,2,1,2025-09-09,Lithuania,Greece,83.461098,87.987484
3240,3,1,2025-09-10,Finland,Georgia,95.872802,58.084543
3240,4,1,2025-09-10,Germany,Slovenia,86.042608,82.153102
3241,1,1,2025-09-09,Poland,Turkey,81.514796,97.764801
3241,2,1,2025-09-09,Lithuania,Greece,114.2134,83.473551
3241,3,1,2025-09-10,Finland,Georgia,84.371777,66.920575
3241,4,1,2025-09-10,Germany,Slovenia,96.116601,50.521601
3242,1,1,2025-09-09,Poland,Turkey,69.486646,87.10004
3242,2,1,2025-09-09,Lithuania,Greece,91.335032,67.864024
3242,3,1,2025-09-10,Finland,Georgia,100.8441,87.432463
3242,4,1,2025-09-10,Germany,Slovenia,98.861612,91.542048
3243,1,1,2025-09-09,Poland,Turkey,94.12731,96.903956
3243,2,1,2025-09-09,Lithuania,Greece,83.877925,85.797595
3243,3,1,2025-09-10,Finland,Georgia,85.42071,67.546955
3243,4,1,2025-09-10,Germany,Slovenia,85.870082,90.242625
3244,1,1,2025-09-09,Poland,Turkey,81.570244,87.585019
3244,2,1,2025-09-09,Lithuania,Greece,72.208788,63.035254
3244,3,1,2025-09-10,Finland,Georgia,87.192364,68.452516
3244,4,1,2025-09-10,Germany,Slovenia,101.46568,87.67629
3245,1,1,2025-09-09,Poland,Turkey,71.840686,90.226552
3245,2,1,2025-09-09,Lithuania,Greece,93.71501,60.623415
3245,3,1,2025-09-10,Finland,Georgia,91.705107,76.338433
3245,4,1,2025-09-10,Germany,Slovenia,101.76487,90.426623
3246,1,1,2025-09-09,Poland,Turkey,77.500346,86.676513
3246,2,1,2025-09-09,Lithuania,Greece,108.20355,88.222458
3246,3,1,2025-09-10,Finland,Georgia,89.409902,88.758864
3246,4,1,2025-09-10,Germany,Slovenia,85.492219,78.328929
3247,1,1,2025-09-09,Poland,Turkey,63.95883,73.893442
3247,2,1,2025-09-09,Lithuania,Greece,86.050186,60.705374
3247,3,1,2025-09-10,Finland,Georgia,95.039535,65.142729
3247,4,1,2025-09-10,Germany,Slovenia,99.320838,45.634043
3248,1,1,2025-09-09,Poland,Turkey,82.033921,65.651263
3248,2,1,2025-09-09,Lithuania,Greece,68.128183,86.002997
3248,3,1,2025-09-10,Finland,Georgia,86.97075,69.387961
3248,4,1,2025-09-10,Germany,Slovenia,107.44496,81.615172
3249,1,1,2025-09-09,Poland,Turkey,67.435393,75.62125
3249,2,1,2025-09-09,Lithuania,Greece,81.452259,84.891138
3249,3,1,2025-09-10,Finland,Georgia,77.037466,78.805359
3249,4,1,2025-09-10,Germany,Slovenia,102.19962,79.74182
3250,1,1,2025-09-09,Poland,Turkey,69.295146,97.519367
3250,2,1,2025-09-09,Lithuania,Greece,97.244222,78.789391
3250,3,1,2025-09-10,Finland,Georgia,93.207049,76.321981
3250,4,1,2025-09-10,Germany,Slovenia,107.04797,77.633361
3251,1,1,2025-09-09,Poland,Turkey,106.87578,98.660838
3251,2,1,2025-09-09,Lithuania,Greece,87.075897,77.815578
3251,3,1,2025-09-10,Finland,Georgia,99.094868,96.564953
3251,4,1,2025-09-10,Germany,Slovenia,93.972677,81.698728
3252,1,1,2025-09-09,Poland,Turkey,70.488264,78.749013
3252,2,1,2025-09-09,Lithuania,Greece,91.874956,68.551931
3252,3,1,2025-09-10,Finland,Georgia,85.29819,81.047457
3252,4,1,2025-09-10,Germany,Slovenia,97.652606,97.314855
3253,1,1,2025-09-09,Poland,Turkey,67.42544,100.45852
3253,2,1,2025-09-09,Lithuania,Greece,98.600225,77.036773
3253,3,1,2025-09-10,Finland,Georgia,89.546552,84.844284
3253,4,1,2025-09-10,Germany,Slovenia,99.638306,76.207206
3254,1,1,2025-09-09,Poland,Turkey,58.859302,91.892053
3254,2,1,2025-09-09,Lithuania,Greece,72.747218,80.797822
3254,3,1,2025-09-10,Finland,Georgia,112.31538,69.146365
3254,4,1,2025-09-10,Germany,Slovenia,91.122402,111.74864
3255,1,1,2025-09-09,Poland,Turkey,76.688354,101.75408
3255,2,1,2025-09-09,Lithuania,Greece,92.084505,75.939804
3255,3,1,2025-09-10,Finland,Georgia,65.533189,63.188881
3255,4,1,2025-09-10,Germany,Slovenia,103.4459,66.054714
3256,1,1,2025-09-09,Poland,Turkey,77.515845,83.544311
3256,2,1,2025-09-09,Lithuania,Greece,115.06373,67.900221
3256,3,1,2025-09-10,Finland,Georgia,100.30841,83.362712
3256,4,1,2025-09-10,Germany,Slovenia,91.483136,82.889626
3257,1,1,2025-09-09,Poland,Turkey,77.751685,78.173467
3257,2,1,2025-09-09,Lithuania,Greece,87.57928,78.986856
3257,3,1,2025-09-10,Finland,Georgia,102.112,82.917471
3257,4,1,2025-09-10,Germany,Slovenia,93.858724,76.608861
3258,1,1,2025-09-09,Poland,Turkey,67.668958,96.943472
3258,2,1,2025-09-09,Lithuania,Greece,93.407372,71.003153
3258,3,1,2025-09-10,Finland,Georgia,86.021003,54.928719
3258,4,1,2025-09-10,Germany,Slovenia,121.3301,94.249614
3259,1,1,2025-09-09,Poland,Turkey,91.614429,92.368458
3259,2,1,2025-09-09,Lithuania,Greece,99.904595,83.335501
3259,3,1,2025-09-10,Finland,Georgia,98.395321,75.361789
3259,4,1,2025-09-10,Germany,Slovenia,107.61814,60.307146
3260,1,1,2025-09-09,Poland,Turkey,67.617913,79.669238000000007
3260,2,1,2025-09-09,Lithuania,Greece,73.886492,76.585754
3260,3,1,2025-09-10,Finland,Georgia,81.049661,87.906199
3260,4,1,2025-09-10,Germany,Slovenia,110.51615,89.564806
3261,1,1,2025-09-09,Poland,Turkey,69.537758,81.342581
3261,2,1,2025-09-09,Lithuania,Greece,95.704901,84.705195
3261,3,1,2025-09-10,Finland,Georgia,89.614862,75.69441
3261,4,1,2025-09-10,Germany,Slovenia,112.19686,51.362269
3262,1,1,2025-09-09,Poland,Turkey,104.20488,86.637333
3262,2,1,2025-09-09,Lithuania,Greece,85.916125,86.481762
3262,3,1,2025-09-10,Finland,Georgia,103.59488,69.131042
3262,4,1,2025-09-10,Germany,Slovenia,115.01848,101.74807
3263,1,1,2025-09-09,Poland,Turkey,80.528654,81.843665
3263,2,1,2025-09-09,Lithuania,Greece,105.64177,86.362329
3263,3,1,2025-09-10,Finland,Georgia,95.025349,73.02956
3263,4,1,2025-09-10,Germany,Slovenia,94.872341,87.758801
3264,1,1,2025-09-09,Poland,Turkey,63.818325,76.412155
3264,2,1,2025-09-09,Lithuania,Greece,112.59914,94.967195
3264,3,1,2025-09-10,Finland,Georgia,82.483184,63.142521
3264,4,1,2025-09-10,Germany,Slovenia,96.775174,88.20447
3265,1,1,2025-09-09,Poland,Turkey,88.731484,82.89794
3265,2,1,2025-09-09,Lithuania,Greece,91.568238,78.181421
3265,3,1,2025-09-10,Finland,Georgia,107.35473,92.324155
3265,4,1,2025-09-10,Germany,Slovenia,104.60126,79.786596
3266,1,1,2025-09-09,Poland,Turkey,83.423989,85.10252
3266,2,1,2025-09-09,Lithuania,Greece,96.709862,85.094647
3266,3,1,2025-09-10,Finland,Georgia,96.545438,73.257125
3266,4,1,2025-09-10,Germany,Slovenia,101.96234,80.993186
3267,1,1,2025-09-09,Poland,Turkey,78.924133,73.103385
3267,2,1,2025-09-09,Lithuania,Greece,98.718957,64.65071
3267,3,1,2025-09-10,Finland,Georgia,103.97869,82.991337
3267,4,1,2025-09-10,Germany,Slovenia,135.46187,59.710723
3268,1,1,2025-09-09,Poland,Turkey,77.570346,84.781379
3268,2,1,2025-09-09,Lithuania,Greece,94.057023,74.573866
3268,3,1,2025-09-10,Finland,Georgia,82.612345,44.959796
3268,4,1,2025-09-10,Germany,Slovenia,92.135421,78.206197
3269,1,1,2025-09-09,Poland,Turkey,95.751327,90.069783
3269,2,1,2025-09-09,Lithuania,Greece,75.865868,91.855904
3269,3,1,2025-09-10,Finland,Georgia,99.233185,79.807287
3269,4,1,2025-09-10,Germany,Slovenia,114.61757,103.76628
3270,1,1,2025-09-09,Poland,Turkey,85.442702,90.842481
3270,2,1,2025-09-09,Lithuania,Greece,78.647697,72.147282
3270,3,1,2025-09-10,Finland,Georgia,110.67178,79.88735
3270,4,1,2025-09-10,Germany,Slovenia,104.51528,88.764112
3271,1,1,2025-09-09,Poland,Turkey,88.824303,98.540467
3271,2,1,2025-09-09,Lithuania,Greece,88.707353,78.427783
3271,3,1,2025-09-10,Finland,Georgia,93.610218,80.798002
3271,4,1,2025-09-10,Germany,Slovenia,130.20848,96.790451
3272,1,1,2025-09-09,Poland,Turkey,83.33859,73.009883
3272,2,1,2025-09-09,Lithuania,Greece,78.176639,69.855505
3272,3,1,2025-09-10,Finland,Georgia,96.995841,77.955473
3272,4,1,2025-09-10,Germany,Slovenia,95.999678,58.771548
3273,1,1,2025-09-09,Poland,Turkey,81.728951,90.731938
3273,2,1,2025-09-09,Lithuania,Greece,73.404878,64.22282
3273,3,1,2025-09-10,Finland,Georgia,101.30429,84.456002
3273,4,1,2025-09-10,Germany,Slovenia,103.09751,100.62394
3274,1,1,2025-09-09,Poland,Turkey,65.01737,88.200141
3274,2,1,2025-09-09,Lithuania,Greece,88.760721,76.303012
3274,3,1,2025-09-10,Finland,Georgia,89.407757,82.900423
3274,4,1,2025-09-10,Germany,Slovenia,86.903044,81.587712
3275,1,1,2025-09-09,Poland,Turkey,84.371234,68.84923
3275,2,1,2025-09-09,Lithuania,Greece,85.717355,70.397221
3275,3,1,2025-09-10,Finland,Georgia,84.943791,83.85173
3275,4,1,2025-09-10,Germany,Slovenia,104.84176,74.33684
3276,1,1,2025-09-09,Poland,Turkey,71.230426,90.202005
3276,2,1,2025-09-09,Lithuania,Greece,91.293785,70.019621
3276,3,1,2025-09-10,Finland,Georgia,85.4826,59.008078
3276,4,1,2025-09-10,Germany,Slovenia,120.32096,75.220999
3277,1,1,2025-09-09,Poland,Turkey,66.49009,87.11516
3277,2,1,2025-09-09,Lithuania,Greece,97.774199,82.492609
3277,3,1,2025-09-10,Finland,Georgia,87.340076,74.935718
3277,4,1,2025-09-10,Germany,Slovenia,102.46447,84.158983
3278,1,1,2025-09-09,Poland,Turkey,71.007007,74.176844
3278,2,1,2025-09-09,Lithuania,Greece,88.939296,90.798661
3278,3,1,2025-09-10,Finland,Georgia,92.206868,86.076975
3278,4,1,2025-09-10,Germany,Slovenia,114.41199,83.642846
3279,1,1,2025-09-09,Poland,Turkey,73.087797,107.2258
3279,2,1,2025-09-09,Lithuania,Greece,81.021817,86.440795
3279,3,1,2025-09-10,Finland,Georgia,111.43609,83.141788
3279,4,1,2025-09-10,Germany,Slovenia,101.33885,77.381978
3280,1,1,2025-09-09,Poland,Turkey,85.100132,85.702384
3280,2,1,2025-09-09,Lithuania,Greece,87.804283,72.616598
3280,3,1,2025-09-10,Finland,Georgia,89.167829,76.921663
3280,4,1,2025-09-10,Germany,Slovenia,116.23022,58.420006
3281,1,1,2025-09-09,Poland,Turkey,83.900836,85.777435
3281,2,1,2025-09-09,Lithuania,Greece,72.763511,78.336511
3281,3,1,2025-09-10,Finland,Georgia,88.500891,76.465475
3281,4,1,2025-09-10,Germany,Slovenia,96.935149,69.027976
3282,1,1,2025-09-09,Poland,Turkey,102.84064,78.899721
3282,2,1,2025-09-09,Lithuania,Greece,88.623326,86.254886
3282,3,1,2025-09-10,Finland,Georgia,87.125778,52.873013
3282,4,1,2025-09-10,Germany,Slovenia,105.34441,87.801555
3283,1,1,2025-09-09,Poland,Turkey,66.724037,86.477293
3283,2,1,2025-09-09,Lithuania,Greece,73.465603,84.4833
3283,3,1,2025-09-10,Finland,Georgia,94.571769,79.39424
3283,4,1,2025-09-10,Germany,Slovenia,112.53584,93.334406
3284,1,1,2025-09-09,Poland,Turkey,81.552052,96.30079
3284,2,1,2025-09-09,Lithuania,Greece,90.950606,75.601507
3284,3,1,2025-09-10,Finland,Georgia,89.644385,64.715978
3284,4,1,2025-09-10,Germany,Slovenia,93.844479,92.296643
3285,1,1,2025-09-09,Poland,Turkey,58.14575,93.593902
3285,2,1,2025-09-09,Lithuania,Greece,72.022781,80.822573
3285,3,1,2025-09-10,Finland,Georgia,90.542017,49.705347
3285,4,1,2025-09-10,Germany,Slovenia,114.0434,84.441778
3286,1,1,2025-09-09,Poland,Turkey,81.839611,91.919226
3286,2,1,2025-09-09,Lithuania,Greece,109.48296,86.879231
3286,3,1,2025-09-10,Finland,Georgia,87.314195,80.241831
3286,4,1,2025-09-10,Germany,Slovenia,117.36127,80.301426
3287,1,1,2025-09-09,Poland,Turkey,51.930132,87.7584
3287,2,1,2025-09-09,Lithuania,Greece,92.264199,71.506939
3287,3,1,2025-09-10,Finland,Georgia,99.533007,81.599131
3287,4,1,2025-09-10,Germany,Slovenia,119.69256,75.292027
3288,1,1,2025-09-09,Poland,Turkey,82.536752,116.30215
3288,2,1,2025-09-09,Lithuania,Greece,92.976272,66.98209
3288,3,1,2025-09-10,Finland,Georgia,101.46017,65.739163
3288,4,1,2025-09-10,Germany,Slovenia,98.943727,94.202372
3289,1,1,2025-09-09,Poland,Turkey,61.0931,89.808676
3289,2,1,2025-09-09,Lithuania,Greece,85.077225,81.433931
3289,3,1,2025-09-10,Finland,Georgia,93.702865,84.862025
3289,4,1,2025-09-10,Germany,Slovenia,88.846988,93.251101
3290,1,1,2025-09-09,Poland,Turkey,82.699115,84.347825
3290,2,1,2025-09-09,Lithuania,Greece,81.624178,68.094963
3290,3,1,2025-09-10,Finland,Georgia,98.879171,62.287626
3290,4,1,2025-09-10,Germany,Slovenia,103.73137,77.743025
3291,1,1,2025-09-09,Poland,Turkey,83.906327,68.671748
3291,2,1,2025-09-09,Lithuania,Greece,91.718949,88.742347
3291,3,1,2025-09-10,Finland,Georgia,106.38881,85.908515
3291,4,1,2025-09-10,Germany,Slovenia,101.70173,88.805735
3292,1,1,2025-09-09,Poland,Turkey,91.96178,109.40937
3292,2,1,2025-09-09,Lithuania,Greece,83.797993,60.211492
3292,3,1,2025-09-10,Finland,Georgia,111.21626,71.518887
3292,4,1,2025-09-10,Germany,Slovenia,104.29392,95.341145
3293,1,1,2025-09-09,Poland,Turkey,72.526613,85.464152
3293,2,1,2025-09-09,Lithuania,Greece,80.69402,57.430962
3293,3,1,2025-09-10,Finland,Georgia,94.82484,76.422509
3293,4,1,2025-09-10,Germany,Slovenia,103.46486,98.037702
3294,1,1,2025-09-09,Poland,Turkey,73.075702,86.684577
3294,2,1,2025-09-09,Lithuania,Greece,96.318079,81.513433
3294,3,1,2025-09-10,Finland,Georgia,101.74757,76.723647
3294,4,1,2025-09-10,Germany,Slovenia,96.041306,78.351344
3295,1,1,2025-09-09,Poland,Turkey,73.111995,80.299187
3295,2,1,2025-09-09,Lithuania,Greece,75.6752,71.369767
3295,3,1,2025-09-10,Finland,Georgia,109.66592,88.084007
3295,4,1,2025-09-10,Germany,Slovenia,141.86029,74.202154
3296,1,1,2025-09-09,Poland,Turkey,77.670321,82.965478
3296,2,1,2025-09-09,Lithuania,Greece,81.255782,62.255135
3296,3,1,2025-09-10,Finland,Georgia,112.56049,68.657354
3296,4,1,2025-09-10,Germany,Slovenia,91.158412,78.445495
3297,1,1,2025-09-09,Poland,Turkey,85.943716,78.577686
3297,2,1,2025-09-09,Lithuania,Greece,96.438798,94.685964
3297,3,1,2025-09-10,Finland,Georgia,114.20918,83.278168
3297,4,1,2025-09-10,Germany,Slovenia,90.274645,89.342783
3298,1,1,2025-09-09,Poland,Turkey,82.717401,101.41738
3298,2,1,2025-09-09,Lithuania,Greece,74.958582,73.832141
3298,3,1,2025-09-10,Finland,Georgia,106.29416,71.219009
3298,4,1,2025-09-10,Germany,Slovenia,107.37462,84.243408
3299,1,1,2025-09-09,Poland,Turkey,84.929478,88.797223
3299,2,1,2025-09-09,Lithuania,Greece,78.141895,62.277235
3299,3,1,2025-09-10,Finland,Georgia,110.58902,84.351941
3299,4,1,2025-09-10,Germany,Slovenia,104.72695,95.754414
3300,1,1,2025-09-09,Poland,Turkey,90.788998,75.261074
3300,2,1,2025-09-09,Lithuania,Greece,87.543924,74.105023
3300,3,1,2025-09-10,Finland,Georgia,89.660515,93.606243
3300,4,1,2025-09-10,Germany,Slovenia,95.899735,86.106874
3301,1,1,2025-09-09,Poland,Turkey,72.27783,102.38978
3301,2,1,2025-09-09,Lithuania,Greece,98.259123,79.236307
3301,3,1,2025-09-10,Finland,Georgia,105.6236,64.981282
3301,4,1,2025-09-10,Germany,Slovenia,86.546358,69.629542
3302,1,1,2025-09-09,Poland,Turkey,71.227343,75.047166
3302,2,1,2025-09-09,Lithuania,Greece,83.279345,84.232013
3302,3,1,2025-09-10,Finland,Georgia,53.995675,82.705513
3302,4,1,2025-09-10,Germany,Slovenia,107.63579,90.939239
3303,1,1,2025-09-09,Poland,Turkey,72.981633,84.72041
3303,2,1,2025-09-09,Lithuania,Greece,84.954411,70.355583
3303,3,1,2025-09-10,Finland,Georgia,73.476562,63.49526
3303,4,1,2025-09-10,Germany,Slovenia,108.8101,114.54567
3304,1,1,2025-09-09,Poland,Turkey,73.552295,68.637458
3304,2,1,2025-09-09,Lithuania,Greece,94.926949,74.530766
3304,3,1,2025-09-10,Finland,Georgia,83.89613,82.965135
3304,4,1,2025-09-10,Germany,Slovenia,101.17693,83.646713
3305,1,1,2025-09-09,Poland,Turkey,78.345264,87.775364
3305,2,1,2025-09-09,Lithuania,Greece,93.122442,83.579957
3305,3,1,2025-09-10,Finland,Georgia,92.960459,72.456861
3305,4,1,2025-09-10,Germany,Slovenia,96.889066,76.000315
3306,1,1,2025-09-09,Poland,Turkey,53.606108,77.149103
3306,2,1,2025-09-09,Lithuania,Greece,80.731354,61.539858
3306,3,1,2025-09-10,Finland,Georgia,107.30905,81.02258
3306,4,1,2025-09-10,Germany,Slovenia,94.920819,96.426868
3307,1,1,2025-09-09,Poland,Turkey,80.632517000000007,85.501039
3307,2,1,2025-09-09,Lithuania,Greece,63.380039,66.006171
3307,3,1,2025-09-10,Finland,Georgia,94.028132,77.422091
3307,4,1,2025-09-10,Germany,Slovenia,91.208603,59.604023
3308,1,1,2025-09-09,Poland,Turkey,72.884871,83.48498
3308,2,1,2025-09-09,Lithuania,Greece,96.517145,85.533141
3308,3,1,2025-09-10,Finland,Georgia,91.454305,77.342177
3308,4,1,2025-09-10,Germany,Slovenia,98.603757,82.917516
3309,1,1,2025-09-09,Poland,Turkey,91.315341,87.044957
3309,2,1,2025-09-09,Lithuania,Greece,88.265324,76.383561
3309,3,1,2025-09-10,Finland,Georgia,89.10966,78.341046
3309,4,1,2025-09-10,Germany,Slovenia,108.16885,103.50071
3310,1,1,2025-09-09,Poland,Turkey,84.299364,105.4821
3310,2,1,2025-09-09,Lithuania,Greece,80.947701,88.809982
3310,3,1,2025-09-10,Finland,Georgia,102.63165,65.646992
3310,4,1,2025-09-10,Germany,Slovenia,108.13723,95.125127
3311,1,1,2025-09-09,Poland,Turkey,72.325982,79.942767
3311,2,1,2025-09-09,Lithuania,Greece,74.981662,71.583932
3311,3,1,2025-09-10,Finland,Georgia,86.915705,67.777285
3311,4,1,2025-09-10,Germany,Slovenia,118.91773,85.973069
3312,1,1,2025-09-09,Poland,Turkey,84.375608,67.51106
3312,2,1,2025-09-09,Lithuania,Greece,85.067365,87.464586
3312,3,1,2025-09-10,Finland,Georgia,87.528641,69.632992
3312,4,1,2025-09-10,Germany,Slovenia,132.24046,89.309526
3313,1,1,2025-09-09,Poland,Turkey,87.458597,100.40961
3313,2,1,2025-09-09,Lithuania,Greece,92.752608,84.431676
3313,3,1,2025-09-10,Finland,Georgia,85.252541,65.368872
3313,4,1,2025-09-10,Germany,Slovenia,100.41969,81.043423
3314,1,1,2025-09-09,Poland,Turkey,72.397384,91.331355
3314,2,1,2025-09-09,Lithuania,Greece,90.020176,86.803232
3314,3,1,2025-09-10,Finland,Georgia,107.65961,58.952878
3314,4,1,2025-09-10,Germany,Slovenia,98.864879,83.307653
3315,1,1,2025-09-09,Poland,Turkey,84.614541,86.980262
3315,2,1,2025-09-09,Lithuania,Greece,82.443772,76.719763
3315,3,1,2025-09-10,Finland,Georgia,85.481235,79.718364
3315,4,1,2025-09-10,Germany,Slovenia,84.749924,90.585349
3316,1,1,2025-09-09,Poland,Turkey,66.277932,102.63101
3316,2,1,2025-09-09,Lithuania,Greece,89.491713,54.664199000000004
3316,3,1,2025-09-10,Finland,Georgia,88.231262,73.229232
3316,4,1,2025-09-10,Germany,Slovenia,105.89885,67.658104
3317,1,1,2025-09-09,Poland,Turkey,88.717962,84.046129
3317,2,1,2025-09-09,Lithuania,Greece,93.552475,68.124002
3317,3,1,2025-09-10,Finland,Georgia,85.859338,75.062437
3317,4,1,2025-09-10,Germany,Slovenia,90.025432,92.423489
3318,1,1,2025-09-09,Poland,Turkey,78.785935,79.856406
3318,2,1,2025-09-09,Lithuania,Greece,86.160154,94.311204
3318,3,1,2025-09-10,Finland,Georgia,94.403364,85.220114
3318,4,1,2025-09-10,Germany,Slovenia,98.592725,81.297572
3319,1,1,2025-09-09,Poland,Turkey,85.494614,82.307778
3319,2,1,2025-09-09,Lithuania,Greece,92.616608,75.083134
3319,3,1,2025-09-10,Finland,Georgia,91.385917,67.810441
3319,4,1,2025-09-10,Germany,Slovenia,114.10457,77.133061
3320,1,1,2025-09-09,Poland,Turkey,67.259308,82.746288
3320,2,1,2025-09-09,Lithuania,Greece,82.244443,73.504758
3320,3,1,2025-09-10,Finland,Georgia,111.39005,63.809469
3320,4,1,2025-09-10,Germany,Slovenia,99.740303,99.90206
3321,1,1,2025-09-09,Poland,Turkey,93.588251,78.079056
3321,2,1,2025-09-09,Lithuania,Greece,66.23302,83.153598
3321,3,1,2025-09-10,Finland,Georgia,101.53675,84.187913
3321,4,1,2025-09-10,Germany,Slovenia,115.27177,83.748768
3322,1,1,2025-09-09,Poland,Turkey,83.678829,64.982286
3322,2,1,2025-09-09,Lithuania,Greece,82.778383,77.286116
3322,3,1,2025-09-10,Finland,Georgia,79.328475,74.894311
3322,4,1,2025-09-10,Germany,Slovenia,93.721976,89.023657
3323,1,1,2025-09-09,Poland,Turkey,76.021374,77.535618
3323,2,1,2025-09-09,Lithuania,Greece,79.600007,71.393023
3323,3,1,2025-09-10,Finland,Georgia,97.167419,87.174599
3323,4,1,2025-09-10,Germany,Slovenia,94.470085,82.039356
3324,1,1,2025-09-09,Poland,Turkey,60.567579,75.575552
3324,2,1,2025-09-09,Lithuania,Greece,88.212561,82.234527
3324,3,1,2025-09-10,Finland,Georgia,77.900212,73.192996
3324,4,1,2025-09-10,Germany,Slovenia,117.83591,89.689291
3325,1,1,2025-09-09,Poland,Turkey,65.951396,92.456833
3325,2,1,2025-09-09,Lithuania,Greece,78.128706,94.999123
3325,3,1,2025-09-10,Finland,Georgia,92.709001,68.487208999999993
3325,4,1,2025-09-10,Germany,Slovenia,119.30875,78.747915
3326,1,1,2025-09-09,Poland,Turkey,54.170791,56.154051
3326,2,1,2025-09-09,Lithuania,Greece,81.86543,55.784257
3326,3,1,2025-09-10,Finland,Georgia,110.28379,93.959911
3326,4,1,2025-09-10,Germany,Slovenia,117.08176,82.31518
3327,1,1,2025-09-09,Poland,Turkey,60.618901,102.39267
3327,2,1,2025-09-09,Lithuania,Greece,90.484628,81.031108
3327,3,1,2025-09-10,Finland,Georgia,87.098676,88.94626
3327,4,1,2025-09-10,Germany,Slovenia,103.18061,76.83209
3328,1,1,2025-09-09,Poland,Turkey,89.565635,79.438369
3328,2,1,2025-09-09,Lithuania,Greece,88.10317,84.836595
3328,3,1,2025-09-10,Finland,Georgia,99.282676,86.172834
3328,4,1,2025-09-10,Germany,Slovenia,101.88922,71.768473
3329,1,1,2025-09-09,Poland,Turkey,89.708274,89.426069
3329,2,1,2025-09-09,Lithuania,Greece,89.858595,83.209498
3329,3,1,2025-09-10,Finland,Georgia,79.832546,83.018536
3329,4,1,2025-09-10,Germany,Slovenia,102.17212,76.823739
3330,1,1,2025-09-09,Poland,Turkey,82.566455,90.396054
3330,2,1,2025-09-09,Lithuania,Greece,80.632525,88.390831
3330,3,1,2025-09-10,Finland,Georgia,89.291209,85.423252
3330,4,1,2025-09-10,Germany,Slovenia,99.206335,74.011521
3331,1,1,2025-09-09,Poland,Turkey,88.523058,85.177594
3331,2,1,2025-09-09,Lithuania,Greece,86.396437,80.595925
3331,3,1,2025-09-10,Finland,Georgia,99.371892,68.166458
3331,4,1,2025-09-10,Germany,Slovenia,103.74763,94.156997
3332,1,1,2025-09-09,Poland,Turkey,89.363083,83.366331
3332,2,1,2025-09-09,Lithuania,Greece,86.654687,75.866397
3332,3,1,2025-09-10,Finland,Georgia,93.595669,62.349991
3332,4,1,2025-09-10,Germany,Slovenia,97.22702,83.351326
3333,1,1,2025-09-09,Poland,Turkey,73.561676,89.768091
3333,2,1,2025-09-09,Lithuania,Greece,94.273654,70.355396
3333,3,1,2025-09-10,Finland,Georgia,92.14857,80.806022
3333,4,1,2025-09-10,Germany,Slovenia,128.9665,96.945377
3334,1,1,2025-09-09,Poland,Turkey,56.850442,79.795045
3334,2,1,2025-09-09,Lithuania,Greece,96.082523,62.006718
3334,3,1,2025-09-10,Finland,Georgia,114.10658,88.483751
3334,4,1,2025-09-10,Germany,Slovenia,110.34525,79.993007
3335,1,1,2025-09-09,Poland,Turkey,88.004037,78.252939
3335,2,1,2025-09-09,Lithuania,Greece,87.340617,63.879279
3335,3,1,2025-09-10,Finland,Georgia,89.172101,67.694483
3335,4,1,2025-09-10,Germany,Slovenia,123.84364,93.023907
3336,1,1,2025-09-09,Poland,Turkey,75.174725,93.671787
3336,2,1,2025-09-09,Lithuania,Greece,87.951382,61.818339
3336,3,1,2025-09-10,Finland,Georgia,96.598683,66.05069
3336,4,1,2025-09-10,Germany,Slovenia,128.75761,78.671035
3337,1,1,2025-09-09,Poland,Turkey,79.138234,63.97731
3337,2,1,2025-09-09,Lithuania,Greece,96.330113,84.331237
3337,3,1,2025-09-10,Finland,Georgia,112.96639,86.193057
3337,4,1,2025-09-10,Germany,Slovenia,95.398502,85.635213
3338,1,1,2025-09-09,Poland,Turkey,71.123217,104.46331
3338,2,1,2025-09-09,Lithuania,Greece,96.338541,124.52622
3338,3,1,2025-09-10,Finland,Georgia,94.135328,93.211935
3338,4,1,2025-09-10,Germany,Slovenia,114.07013,81.570676
3339,1,1,2025-09-09,Poland,Turkey,94.088128,84.533988
3339,2,1,2025-09-09,Lithuania,Greece,92.737186,72.004772
3339,3,1,2025-09-10,Finland,Georgia,92.882833,59.144623
3339,4,1,2025-09-10,Germany,Slovenia,117.46235,82.910677
3340,1,1,2025-09-09,Poland,Turkey,67.836052,95.909695
3340,2,1,2025-09-09,Lithuania,Greece,86.287029,69.3205
3340,3,1,2025-09-10,Finland,Georgia,87.942565,77.419314
3340,4,1,2025-09-10,Germany,Slovenia,105.18833,96.037302
3341,1,1,2025-09-09,Poland,Turkey,64.868257,93.509782
3341,2,1,2025-09-09,Lithuania,Greece,86.919867,77.756521
3341,3,1,2025-09-10,Finland,Georgia,78.410511,67.353195
3341,4,1,2025-09-10,Germany,Slovenia,96.206975,103.1065
3342,1,1,2025-09-09,Poland,Turkey,85.903297,88.229654
3342,2,1,2025-09-09,Lithuania,Greece,80.085271,81.430604
3342,3,1,2025-09-10,Finland,Georgia,90.116308,65.392961
3342,4,1,2025-09-10,Germany,Slovenia,100.65106,97.983271
3343,1,1,2025-09-09,Poland,Turkey,88.025052,66.564593
3343,2,1,2025-09-09,Lithuania,Greece,84.106708,84.252626
3343,3,1,2025-09-10,Finland,Georgia,92.625867,77.621114
3343,4,1,2025-09-10,Germany,Slovenia,110.0992,79.507535
3344,1,1,2025-09-09,Poland,Turkey,90.135218,86.025583
3344,2,1,2025-09-09,Lithuania,Greece,89.359921,58.052844
3344,3,1,2025-09-10,Finland,Georgia,98.175505,80.603667
3344,4,1,2025-09-10,Germany,Slovenia,106.0289,52.835946
3345,1,1,2025-09-09,Poland,Turkey,77.852629,73.24239
3345,2,1,2025-09-09,Lithuania,Greece,92.163671,68.365549
3345,3,1,2025-09-10,Finland,Georgia,104.77909,73.049977
3345,4,1,2025-09-10,Germany,Slovenia,114.01259,87.959527
3346,1,1,2025-09-09,Poland,Turkey,77.726522,82.141656
3346,2,1,2025-09-09,Lithuania,Greece,93.485016,73.580668
3346,3,1,2025-09-10,Finland,Georgia,81.899349,44.730594
3346,4,1,2025-09-10,Germany,Slovenia,103.37364,83.521008
3347,1,1,2025-09-09,Poland,Turkey,57.152959,65.17758
3347,2,1,2025-09-09,Lithuania,Greece,89.13654,80.834183
3347,3,1,2025-09-10,Finland,Georgia,101.68803,81.808103
3347,4,1,2025-09-10,Germany,Slovenia,97.875253,92.427682
3348,1,1,2025-09-09,Poland,Turkey,78.553829,100.71711
3348,2,1,2025-09-09,Lithuania,Greece,75.29328,75.535155
3348,3,1,2025-09-10,Finland,Georgia,89.717763,55.247363
3348,4,1,2025-09-10,Germany,Slovenia,112.6632,71.216376
3349,1,1,2025-09-09,Poland,Turkey,68.237965,81.665391
3349,2,1,2025-09-09,Lithuania,Greece,75.85873,66.781726
3349,3,1,2025-09-10,Finland,Georgia,81.505973,82.633537
3349,4,1,2025-09-10,Germany,Slovenia,75.403765,87.508252
3350,1,1,2025-09-09,Poland,Turkey,63.739892,75.276941
3350,2,1,2025-09-09,Lithuania,Greece,75.327154,70.535896
3350,3,1,2025-09-10,Finland,Georgia,87.379705,100.05742
3350,4,1,2025-09-10,Germany,Slovenia,112.75136,75.143705
3351,1,1,2025-09-09,Poland,Turkey,79.503798,70.596054
3351,2,1,2025-09-09,Lithuania,Greece,104.94673,65.630494
3351,3,1,2025-09-10,Finland,Georgia,91.366719,75.508772
3351,4,1,2025-09-10,Germany,Slovenia,96.195578,86.33242
3352,1,1,2025-09-09,Poland,Turkey,80.391625,84.08962
3352,2,1,2025-09-09,Lithuania,Greece,100.47479,75.015985
3352,3,1,2025-09-10,Finland,Georgia,101.92408,58.472273
3352,4,1,2025-09-10,Germany,Slovenia,100.71115,80.978701
3353,1,1,2025-09-09,Poland,Turkey,95.476079,104.20073
3353,2,1,2025-09-09,Lithuania,Greece,118.15752,95.87224
3353,3,1,2025-09-10,Finland,Georgia,79.320412,59.164618
3353,4,1,2025-09-10,Germany,Slovenia,124.41402,76.266501
3354,1,1,2025-09-09,Poland,Turkey,81.47287,83.908907
3354,2,1,2025-09-09,Lithuania,Greece,67.808256,57.960401
3354,3,1,2025-09-10,Finland,Georgia,101.7339,71.084961
3354,4,1,2025-09-10,Germany,Slovenia,115.95986,108.45719
3355,1,1,2025-09-09,Poland,Turkey,67.105428,79.595016
3355,2,1,2025-09-09,Lithuania,Greece,107.21058,91.366937
3355,3,1,2025-09-10,Finland,Georgia,108.52693,98.050367
3355,4,1,2025-09-10,Germany,Slovenia,112.7438,88.099526
3356,1,1,2025-09-09,Poland,Turkey,77.718703,90.722756
3356,2,1,2025-09-09,Lithuania,Greece,83.194785,66.423228
3356,3,1,2025-09-10,Finland,Georgia,89.340273,73.418646
3356,4,1,2025-09-10,Germany,Slovenia,108.69438,104.69496
3357,1,1,2025-09-09,Poland,Turkey,78.491428,86.632923
3357,2,1,2025-09-09,Lithuania,Greece,109.86521,85.695106
3357,3,1,2025-09-10,Finland,Georgia,106.26032,70.85783
3357,4,1,2025-09-10,Germany,Slovenia,82.661623,86.831609
3358,1,1,2025-09-09,Poland,Turkey,67.889269,102.68724
3358,2,1,2025-09-09,Lithuania,Greece,92.538027,77.24985
3358,3,1,2025-09-10,Finland,Georgia,77.131984,75.388854
3358,4,1,2025-09-10,Germany,Slovenia,99.625736,89.961317
3359,1,1,2025-09-09,Poland,Turkey,76.467825,76.409462
3359,2,1,2025-09-09,Lithuania,Greece,82.347322,74.486637
3359,3,1,2025-09-10,Finland,Georgia,91.462981,71.602318
3359,4,1,2025-09-10,Germany,Slovenia,112.84431,91.469382
3360,1,1,2025-09-09,Poland,Turkey,51.159347,82.256955
3360,2,1,2025-09-09,Lithuania,Greece,90.863373,82.482091
3360,3,1,2025-09-10,Finland,Georgia,107.68252,83.556895
3360,4,1,2025-09-10,Germany,Slovenia,101.95559,98.680914
3361,1,1,2025-09-09,Poland,Turkey,93.721677,107.29326
3361,2,1,2025-09-09,Lithuania,Greece,90.90007,76.341896
3361,3,1,2025-09-10,Finland,Georgia,105.10211,86.641194
3361,4,1,2025-09-10,Germany,Slovenia,101.33502,77.301621
3362,1,1,2025-09-09,Poland,Turkey,87.051329,88.699929
3362,2,1,2025-09-09,Lithuania,Greece,96.335741,83.612544
3362,3,1,2025-09-10,Finland,Georgia,89.929034,66.272396
3362,4,1,2025-09-10,Germany,Slovenia,116.93803,84.712586
3363,1,1,2025-09-09,Poland,Turkey,76.564627,75.293318
3363,2,1,2025-09-09,Lithuania,Greece,73.959939,70.889103
3363,3,1,2025-09-10,Finland,Georgia,92.382402,79.133217
3363,4,1,2025-09-10,Germany,Slovenia,90.427475,62.628656
3364,1,1,2025-09-09,Poland,Turkey,74.747423,73.376368
3364,2,1,2025-09-09,Lithuania,Greece,102.84847,98.406415
3364,3,1,2025-09-10,Finland,Georgia,76.209631,77.096987
3364,4,1,2025-09-10,Germany,Slovenia,102.74151,78.973027
3365,1,1,2025-09-09,Poland,Turkey,77.080146,88.795262
3365,2,1,2025-09-09,Lithuania,Greece,89.121838,72.890015
3365,3,1,2025-09-10,Finland,Georgia,94.631622,60.453198
3365,4,1,2025-09-10,Germany,Slovenia,105.16854,69.995176
3366,1,1,2025-09-09,Poland,Turkey,83.716986,104.05221
3366,2,1,2025-09-09,Lithuania,Greece,87.446827,63.80586
3366,3,1,2025-09-10,Finland,Georgia,78.647859,89.419982
3366,4,1,2025-09-10,Germany,Slovenia,107.7855,90.253065
3367,1,1,2025-09-09,Poland,Turkey,60.357679,80.569911
3367,2,1,2025-09-09,Lithuania,Greece,82.933189,81.928131
3367,3,1,2025-09-10,Finland,Georgia,85.624982,70.556087
3367,4,1,2025-09-10,Germany,Slovenia,94.356782,110.97696
3368,1,1,2025-09-09,Poland,Turkey,70.537068,105.50876
3368,2,1,2025-09-09,Lithuania,Greece,111.92194,86.786657
3368,3,1,2025-09-10,Finland,Georgia,89.788605,83.907516
3368,4,1,2025-09-10,Germany,Slovenia,106.23535,94.855114
3369,1,1,2025-09-09,Poland,Turkey,73.171482,79.794434
3369,2,1,2025-09-09,Lithuania,Greece,82.01162,78.956831
3369,3,1,2025-09-10,Finland,Georgia,78.104877,55.189369
3369,4,1,2025-09-10,Germany,Slovenia,87.849195,61.943005
3370,1,1,2025-09-09,Poland,Turkey,71.26589,94.746336
3370,2,1,2025-09-09,Lithuania,Greece,75.704754,79.439827
3370,3,1,2025-09-10,Finland,Georgia,97.715125,65.818412
3370,4,1,2025-09-10,Germany,Slovenia,103.21282,101.22796
3371,1,1,2025-09-09,Poland,Turkey,88.547377,86.879084
3371,2,1,2025-09-09,Lithuania,Greece,71.846685,76.941442
3371,3,1,2025-09-10,Finland,Georgia,81.578352,69.461563
3371,4,1,2025-09-10,Germany,Slovenia,104.28335,96.05902
3372,1,1,2025-09-09,Poland,Turkey,90.450883,74.145097
3372,2,1,2025-09-09,Lithuania,Greece,89.182339,85.143042
3372,3,1,2025-09-10,Finland,Georgia,91.779042,66.605406
3372,4,1,2025-09-10,Germany,Slovenia,91.962916,90.050767
3373,1,1,2025-09-09,Poland,Turkey,59.842446,76.122204
3373,2,1,2025-09-09,Lithuania,Greece,83.71801,53.125336
3373,3,1,2025-09-10,Finland,Georgia,91.826437,69.339181
3373,4,1,2025-09-10,Germany,Slovenia,106.1647,79.608711
3374,1,1,2025-09-09,Poland,Turkey,87.767236,110.3993
3374,2,1,2025-09-09,Lithuania,Greece,96.079639,80.599858
3374,3,1,2025-09-10,Finland,Georgia,78.135109,68.762348
3374,4,1,2025-09-10,Germany,Slovenia,120.81296,90.921256
3375,1,1,2025-09-09,Poland,Turkey,85.756029,84.371764
3375,2,1,2025-09-09,Lithuania,Greece,92.604456,67.551917
3375,3,1,2025-09-10,Finland,Georgia,94.400907,55.266294
3375,4,1,2025-09-10,Germany,Slovenia,119.04109,89.654652
3376,1,1,2025-09-09,Poland,Turkey,71.632027,70.51008
3376,2,1,2025-09-09,Lithuania,Greece,91.945373,70.04577
3376,3,1,2025-09-10,Finland,Georgia,115.38672,86.852206
3376,4,1,2025-09-10,Germany,Slovenia,99.913282,96.030979
3377,1,1,2025-09-09,Poland,Turkey,69.596256,73.884781
3377,2,1,2025-09-09,Lithuania,Greece,81.051618,80.218292
3377,3,1,2025-09-10,Finland,Georgia,86.073796,63.505435
3377,4,1,2025-09-10,Germany,Slovenia,107.57054,100.19096
3378,1,1,2025-09-09,Poland,Turkey,76.009299,80.344223
3378,2,1,2025-09-09,Lithuania,Greece,65.583193,78.614843
3378,3,1,2025-09-10,Finland,Georgia,93.959392,66.751965
3378,4,1,2025-09-10,Germany,Slovenia,97.958754,82.968347
3379,1,1,2025-09-09,Poland,Turkey,64.936264,96.801459
3379,2,1,2025-09-09,Lithuania,Greece,82.526274,85.625596
3379,3,1,2025-09-10,Finland,Georgia,97.739784,69.604079
3379,4,1,2025-09-10,Germany,Slovenia,123.60691,74.965698
3380,1,1,2025-09-09,Poland,Turkey,67.844737,68.255166
3380,2,1,2025-09-09,Lithuania,Greece,81.151145,63.476891
3380,3,1,2025-09-10,Finland,Georgia,96.717542,70.566492
3380,4,1,2025-09-10,Germany,Slovenia,127.83963,88.518731
3381,1,1,2025-09-09,Poland,Turkey,91.015017,97.709573
3381,2,1,2025-09-09,Lithuania,Greece,98.86802,51.461285
3381,3,1,2025-09-10,Finland,Georgia,104.32861,95.427316
3381,4,1,2025-09-10,Germany,Slovenia,102.42792,92.939927
3382,1,1,2025-09-09,Poland,Turkey,83.729606,67.691268
3382,2,1,2025-09-09,Lithuania,Greece,75.837512,84.526691
3382,3,1,2025-09-10,Finland,Georgia,97.818046,69.63962
3382,4,1,2025-09-10,Germany,Slovenia,97.770537,75.377085
3383,1,1,2025-09-09,Poland,Turkey,66.08413,48.293057
3383,2,1,2025-09-09,Lithuania,Greece,87.206652,59.415424
3383,3,1,2025-09-10,Finland,Georgia,96.942132,67.628676
3383,4,1,2025-09-10,Germany,Slovenia,115.49254,84.084313
3384,1,1,2025-09-09,Poland,Turkey,76.589436,67.328234
3384,2,1,2025-09-09,Lithuania,Greece,87.125837,81.509752
3384,3,1,2025-09-10,Finland,Georgia,76.39001,71.818875
3384,4,1,2025-09-10,Germany,Slovenia,86.710208,76.509989
3385,1,1,2025-09-09,Poland,Turkey,57.705243,96.93288
3385,2,1,2025-09-09,Lithuania,Greece,88.185532,87.897253
3385,3,1,2025-09-10,Finland,Georgia,86.530152,76.50818
3385,4,1,2025-09-10,Germany,Slovenia,115.61936,86.464165
3386,1,1,2025-09-09,Poland,Turkey,76.710911,99.350461
3386,2,1,2025-09-09,Lithuania,Greece,91.516486,82.602622
3386,3,1,2025-09-10,Finland,Georgia,68.707808,76.993909
3386,4,1,2025-09-10,Germany,Slovenia,107.20976,71.606799
3387,1,1,2025-09-09,Poland,Turkey,71.292239,88.845849
3387,2,1,2025-09-09,Lithuania,Greece,91.103112,73.644405
3387,3,1,2025-09-10,Finland,Georgia,103.80894,68.041048
3387,4,1,2025-09-10,Germany,Slovenia,108.23003,95.58791
3388,1,1,2025-09-09,Poland,Turkey,80.079445,75.953538
3388,2,1,2025-09-09,Lithuania,Greece,104.38851,64.690933
3388,3,1,2025-09-10,Finland,Georgia,96.615209,96.087296
3388,4,1,2025-09-10,Germany,Slovenia,97.531804,80.273737
3389,1,1,2025-09-09,Poland,Turkey,90.484452,95.962569
3389,2,1,2025-09-09,Lithuania,Greece,92.587538,73.958908
3389,3,1,2025-09-10,Finland,Georgia,90.044868,68.599188
3389,4,1,2025-09-10,Germany,Slovenia,103.24861,86.138648
3390,1,1,2025-09-09,Poland,Turkey,84.907528,98.034574
3390,2,1,2025-09-09,Lithuania,Greece,80.50194,89.91937
3390,3,1,2025-09-10,Finland,Georgia,101.72848,79.745314
3390,4,1,2025-09-10,Germany,Slovenia,107.57638,55.770355
3391,1,1,2025-09-09,Poland,Turkey,88.505067,83.996425
3391,2,1,2025-09-09,Lithuania,Greece,92.761173,84.225912
3391,3,1,2025-09-10,Finland,Georgia,89.869263,56.005658
3391,4,1,2025-09-10,Germany,Slovenia,96.280622,79.57238
3392,1,1,2025-09-09,Poland,Turkey,56.741077,94.359919
3392,2,1,2025-09-09,Lithuania,Greece,83.433256,69.489989
3392,3,1,2025-09-10,Finland,Georgia,92.741703,82.774213
3392,4,1,2025-09-10,Germany,Slovenia,95.517303,74.164763
3393,1,1,2025-09-09,Poland,Turkey,78.114322,90.429522
3393,2,1,2025-09-09,Lithuania,Greece,81.601404,72.117344
3393,3,1,2025-09-10,Finland,Georgia,75.307042,90.890271
3393,4,1,2025-09-10,Germany,Slovenia,117.56436,88.521644
3394,1,1,2025-09-09,Poland,Turkey,69.272687,81.383699
3394,2,1,2025-09-09,Lithuania,Greece,95.444443,69.970378
3394,3,1,2025-09-10,Finland,Georgia,107.49379,81.289793
3394,4,1,2025-09-10,Germany,Slovenia,89.108734,79.797346
3395,1,1,2025-09-09,Poland,Turkey,83.327254,90.437929
3395,2,1,2025-09-09,Lithuania,Greece,98.215175,83.177429
3395,3,1,2025-09-10,Finland,Georgia,90.156532,70.371974
3395,4,1,2025-09-10,Germany,Slovenia,93.509037,79.244914
3396,1,1,2025-09-09,Poland,Turkey,79.232951,104.19525
3396,2,1,2025-09-09,Lithuania,Greece,76.78323,75.022562
3396,3,1,2025-09-10,Finland,Georgia,102.55206,87.532262
3396,4,1,2025-09-10,Germany,Slovenia,114.23396,93.776279
3397,1,1,2025-09-09,Poland,Turkey,67.976565,104.55201
3397,2,1,2025-09-09,Lithuania,Greece,57.185608,58.204671
3397,3,1,2025-09-10,Finland,Georgia,99.588618,87.361077
3397,4,1,2025-09-10,Germany,Slovenia,105.22912,84.5241
3398,1,1,2025-09-09,Poland,Turkey,98.364772,66.159552
3398,2,1,2025-09-09,Lithuania,Greece,104.43569,91.665947
3398,3,1,2025-09-10,Finland,Georgia,88.367244,89.415921
3398,4,1,2025-09-10,Germany,Slovenia,97.71815,83.526813
3399,1,1,2025-09-09,Poland,Turkey,68.748209,72.045892
3399,2,1,2025-09-09,Lithuania,Greece,72.801907,77.325823
3399,3,1,2025-09-10,Finland,Georgia,100.1717,77.784114
3399,4,1,2025-09-10,Germany,Slovenia,90.841613,93.770465
3400,1,1,2025-09-09,Poland,Turkey,76.084257,91.181402
3400,2,1,2025-09-09,Lithuania,Greece,85.368835,75.22232
3400,3,1,2025-09-10,Finland,Georgia,112.46034,71.399519
3400,4,1,2025-09-10,Germany,Slovenia,92.952166,81.819689
3401,1,1,2025-09-09,Poland,Turkey,74.717784,82.809966
3401,2,1,2025-09-09,Lithuania,Greece,92.921857,90.371537
3401,3,1,2025-09-10,Finland,Georgia,67.511746,70.791894
3401,4,1,2025-09-10,Germany,Slovenia,106.60595000000001,95.396772
3402,1,1,2025-09-09,Poland,Turkey,84.035361,92.567909
3402,2,1,2025-09-09,Lithuania,Greece,85.598744,76.138608
3402,3,1,2025-09-10,Finland,Georgia,78.340459,78.072006
3402,4,1,2025-09-10,Germany,Slovenia,127.10756,91.548842
3403,1,1,2025-09-09,Poland,Turkey,79.859004,74.651138
3403,2,1,2025-09-09,Lithuania,Greece,93.962045,71.433393
3403,3,1,2025-09-10,Finland,Georgia,100.59971,47.709007
3403,4,1,2025-09-10,Germany,Slovenia,95.209788,85.439096
3404,1,1,2025-09-09,Poland,Turkey,70.600336,90.075564
3404,2,1,2025-09-09,Lithuania,Greece,107.53743,80.817552
3404,3,1,2025-09-10,Finland,Georgia,124.856,73.454982
3404,4,1,2025-09-10,Germany,Slovenia,99.456937,80.052998
3405,1,1,2025-09-09,Poland,Turkey,66.31664,80.592922
3405,2,1,2025-09-09,Lithuania,Greece,88.668042,84.437616
3405,3,1,2025-09-10,Finland,Georgia,96.244545,75.899459
3405,4,1,2025-09-10,Germany,Slovenia,100.53365,71.705723
3406,1,1,2025-09-09,Poland,Turkey,103.49565,93.015517
3406,2,1,2025-09-09,Lithuania,Greece,87.925792,76.900697
3406,3,1,2025-09-10,Finland,Georgia,97.720185,90.480783
3406,4,1,2025-09-10,Germany,Slovenia,112.80747,80.26668
3407,1,1,2025-09-09,Poland,Turkey,71.651008,83.53247
3407,2,1,2025-09-09,Lithuania,Greece,85.961773,79.349294
3407,3,1,2025-09-10,Finland,Georgia,96.635339,79.808061
3407,4,1,2025-09-10,Germany,Slovenia,102.43739,73.94582
3408,1,1,2025-09-09,Poland,Turkey,76.925276,92.811384
3408,2,1,2025-09-09,Lithuania,Greece,90.460057,80.682984
3408,3,1,2025-09-10,Finland,Georgia,84.701533,71.3463
3408,4,1,2025-09-10,Germany,Slovenia,124.06436,96.271318
3409,1,1,2025-09-09,Poland,Turkey,79.947668,90.55002
3409,2,1,2025-09-09,Lithuania,Greece,75.349177,63.708848
3409,3,1,2025-09-10,Finland,Georgia,97.329234,71.262055
3409,4,1,2025-09-10,Germany,Slovenia,106.9173,90.884733
3410,1,1,2025-09-09,Poland,Turkey,85.94102,86.737533
3410,2,1,2025-09-09,Lithuania,Greece,90.539262,79.797504
3410,3,1,2025-09-10,Finland,Georgia,97.152126,73.344075
3410,4,1,2025-09-10,Germany,Slovenia,113.37136,90.657399
3411,1,1,2025-09-09,Poland,Turkey,78.492611,90.027676
3411,2,1,2025-09-09,Lithuania,Greece,71.893968,53.943621
3411,3,1,2025-09-10,Finland,Georgia,97.729168,63.178599
3411,4,1,2025-09-10,Germany,Slovenia,84.694519,73.306076
3412,1,1,2025-09-09,Poland,Turkey,76.928977,86.057294
3412,2,1,2025-09-09,Lithuania,Greece,76.935678,73.342666
3412,3,1,2025-09-10,Finland,Georgia,114.67974,76.442218
3412,4,1,2025-09-10,Germany,Slovenia,113.20261,90.329025
3413,1,1,2025-09-09,Poland,Turkey,86.299255,82.927955
3413,2,1,2025-09-09,Lithuania,Greece,92.398196,93.641483
3413,3,1,2025-09-10,Finland,Georgia,90.65946,68.74615
3413,4,1,2025-09-10,Germany,Slovenia,91.454409,78.55445
3414,1,1,2025-09-09,Poland,Turkey,78.080308,88.896246
3414,2,1,2025-09-09,Lithuania,Greece,83.408711,69.002245
3414,3,1,2025-09-10,Finland,Georgia,93.613535,81.116513
3414,4,1,2025-09-10,Germany,Slovenia,107.47164,87.354899
3415,1,1,2025-09-09,Poland,Turkey,60.527186,90.895875
3415,2,1,2025-09-09,Lithuania,Greece,91.683774,70.995628
3415,3,1,2025-09-10,Finland,Georgia,100.48346,80.187261
3415,4,1,2025-09-10,Germany,Slovenia,110.55302,77.449166
3416,1,1,2025-09-09,Poland,Turkey,78.046041,87.809995
3416,2,1,2025-09-09,Lithuania,Greece,101.59032,99.220234
3416,3,1,2025-09-10,Finland,Georgia,77.56579,66.935573
3416,4,1,2025-09-10,Germany,Slovenia,89.532629,86.759782
3417,1,1,2025-09-09,Poland,Turkey,87.094126,82.008466
3417,2,1,2025-09-09,Lithuania,Greece,99.113353,102.28975
3417,3,1,2025-09-10,Finland,Georgia,102.51331,85.953366
3417,4,1,2025-09-10,Germany,Slovenia,105.78453,92.769156
3418,1,1,2025-09-09,Poland,Turkey,87.955193,63.916036
3418,2,1,2025-09-09,Lithuania,Greece,108.7938,90.823711
3418,3,1,2025-09-10,Finland,Georgia,91.153837,80.242975
3418,4,1,2025-09-10,Germany,Slovenia,104.07816,86.157778
3419,1,1,2025-09-09,Poland,Turkey,61.379337,104.88976
3419,2,1,2025-09-09,Lithuania,Greece,81.232001,74.49164
3419,3,1,2025-09-10,Finland,Georgia,99.449125,66.232524
3419,4,1,2025-09-10,Germany,Slovenia,88.508125,77.772643
3420,1,1,2025-09-09,Poland,Turkey,55.532952,78.954667
3420,2,1,2025-09-09,Lithuania,Greece,82.147041,71.016661
3420,3,1,2025-09-10,Finland,Georgia,102.11154,65.335272
3420,4,1,2025-09-10,Germany,Slovenia,104.07207,103.29643
3421,1,1,2025-09-09,Poland,Turkey,69.391242,82.208034
3421,2,1,2025-09-09,Lithuania,Greece,105.69581,90.238763
3421,3,1,2025-09-10,Finland,Georgia,109.61031,84.837104
3421,4,1,2025-09-10,Germany,Slovenia,101.9968,97.522413
3422,1,1,2025-09-09,Poland,Turkey,68.476888,82.962119
3422,2,1,2025-09-09,Lithuania,Greece,105.59619000000001,82.628693
3422,3,1,2025-09-10,Finland,Georgia,102.96831,70.81194
3422,4,1,2025-09-10,Germany,Slovenia,68.739664,68.004109
3423,1,1,2025-09-09,Poland,Turkey,102.70835,119.71043
3423,2,1,2025-09-09,Lithuania,Greece,101.6614,75.61968
3423,3,1,2025-09-10,Finland,Georgia,94.661022,75.815347
3423,4,1,2025-09-10,Germany,Slovenia,103.32242,76.17965
3424,1,1,2025-09-09,Poland,Turkey,110.69102,97.364271
3424,2,1,2025-09-09,Lithuania,Greece,70.621707,74.385803
3424,3,1,2025-09-10,Finland,Georgia,112.2673,83.618932
3424,4,1,2025-09-10,Germany,Slovenia,98.838821,77.652527
3425,1,1,2025-09-09,Poland,Turkey,61.922064,91.42789
3425,2,1,2025-09-09,Lithuania,Greece,69.031348,77.115711
3425,3,1,2025-09-10,Finland,Georgia,91.052022,77.555145
3425,4,1,2025-09-10,Germany,Slovenia,82.709285,93.170552
3426,1,1,2025-09-09,Poland,Turkey,73.194157,64.011096
3426,2,1,2025-09-09,Lithuania,Greece,100.04496,76.901293
3426,3,1,2025-09-10,Finland,Georgia,105.84156,79.57483
3426,4,1,2025-09-10,Germany,Slovenia,106.60503,103.2318
3427,1,1,2025-09-09,Poland,Turkey,82.081265,94.697093
3427,2,1,2025-09-09,Lithuania,Greece,90.53823,71.378448
3427,3,1,2025-09-10,Finland,Georgia,83.91774,64.385056
3427,4,1,2025-09-10,Germany,Slovenia,96.038122,81.660428
3428,1,1,2025-09-09,Poland,Turkey,74.458719,88.853723
3428,2,1,2025-09-09,Lithuania,Greece,81.909702,66.907698
3428,3,1,2025-09-10,Finland,Georgia,68.243445,80.662915
3428,4,1,2025-09-10,Germany,Slovenia,105.40046,90.116797
3429,1,1,2025-09-09,Poland,Turkey,78.459914,97.874007
3429,2,1,2025-09-09,Lithuania,Greece,69.307299,75.581477
3429,3,1,2025-09-10,Finland,Georgia,89.24441,72.052136
3429,4,1,2025-09-10,Germany,Slovenia,104.21825,81.734695
3430,1,1,2025-09-09,Poland,Turkey,84.609762,86.017378
3430,2,1,2025-09-09,Lithuania,Greece,79.561511,85.420821
3430,3,1,2025-09-10,Finland,Georgia,100.74479,81.377518
3430,4,1,2025-09-10,Germany,Slovenia,101.08286,81.308454
3431,1,1,2025-09-09,Poland,Turkey,60.728908,85.212088
3431,2,1,2025-09-09,Lithuania,Greece,77.674052,53.538261
3431,3,1,2025-09-10,Finland,Georgia,111.08232,77.02993
3431,4,1,2025-09-10,Germany,Slovenia,112.57114,77.271902
3432,1,1,2025-09-09,Poland,Turkey,82.321861,93.447514
3432,2,1,2025-09-09,Lithuania,Greece,79.102178,66.790468
3432,3,1,2025-09-10,Finland,Georgia,92.068509,74.296174
3432,4,1,2025-09-10,Germany,Slovenia,99.402183,69.69179
3433,1,1,2025-09-09,Poland,Turkey,73.752838,70.386979
3433,2,1,2025-09-09,Lithuania,Greece,90.647678,76.476048
3433,3,1,2025-09-10,Finland,Georgia,80.120773,79.919987
3433,4,1,2025-09-10,Germany,Slovenia,101.93335,81.322252
3434,1,1,2025-09-09,Poland,Turkey,76.320085,80.535445
3434,2,1,2025-09-09,Lithuania,Greece,94.147043,84.760707
3434,3,1,2025-09-10,Finland,Georgia,89.686074,65.165236
3434,4,1,2025-09-10,Germany,Slovenia,102.04533,83.269472
3435,1,1,2025-09-09,Poland,Turkey,75.592266,100.56523
3435,2,1,2025-09-09,Lithuania,Greece,92.296742,65.787844
3435,3,1,2025-09-10,Finland,Georgia,92.737534,77.765374
3435,4,1,2025-09-10,Germany,Slovenia,101.4126,91.625975
3436,1,1,2025-09-09,Poland,Turkey,95.711785,81.366634
3436,2,1,2025-09-09,Lithuania,Greece,86.523458,91.552399
3436,3,1,2025-09-10,Finland,Georgia,76.204033,77.178395
3436,4,1,2025-09-10,Germany,Slovenia,97.033365,75.766302
3437,1,1,2025-09-09,Poland,Turkey,81.236165,105.11544
3437,2,1,2025-09-09,Lithuania,Greece,81.669298,72.640983
3437,3,1,2025-09-10,Finland,Georgia,99.936361,70.38114
3437,4,1,2025-09-10,Germany,Slovenia,102.63342,85.335631
3438,1,1,2025-09-09,Poland,Turkey,83.823025,71.051717
3438,2,1,2025-09-09,Lithuania,Greece,91.283999,72.682527
3438,3,1,2025-09-10,Finland,Georgia,106.44245,83.10332
3438,4,1,2025-09-10,Germany,Slovenia,104.47115,96.426972
3439,1,1,2025-09-09,Poland,Turkey,78.252494,91.099341
3439,2,1,2025-09-09,Lithuania,Greece,94.537239,80.803581
3439,3,1,2025-09-10,Finland,Georgia,86.537438,84.834235
3439,4,1,2025-09-10,Germany,Slovenia,83.974582,68.240696
3440,1,1,2025-09-09,Poland,Turkey,69.889332,67.870805
3440,2,1,2025-09-09,Lithuania,Greece,82.25249,56.101
3440,3,1,2025-09-10,Finland,Georgia,109.54103,82.378322
3440,4,1,2025-09-10,Germany,Slovenia,120.3674,102.13878
3441,1,1,2025-09-09,Poland,Turkey,63.792948,89.302254
3441,2,1,2025-09-09,Lithuania,Greece,80.860715,87.072043
3441,3,1,2025-09-10,Finland,Georgia,102.28031,79.367176
3441,4,1,2025-09-10,Germany,Slovenia,86.21532,90.751148
3442,1,1,2025-09-09,Poland,Turkey,70.485451,68.894488
3442,2,1,2025-09-09,Lithuania,Greece,97.753815,81.579091
3442,3,1,2025-09-10,Finland,Georgia,79.824333,72.691613
3442,4,1,2025-09-10,Germany,Slovenia,107.18131,85.771785
3443,1,1,2025-09-09,Poland,Turkey,91.827019,94.987511
3443,2,1,2025-09-09,Lithuania,Greece,86.468444,94.249524
3443,3,1,2025-09-10,Finland,Georgia,101.59349,79.325993
3443,4,1,2025-09-10,Germany,Slovenia,86.199211,96.510179
3444,1,1,2025-09-09,Poland,Turkey,81.271557,99.560576
3444,2,1,2025-09-09,Lithuania,Greece,100.85416,83.704908
3444,3,1,2025-09-10,Finland,Georgia,77.284365,66.064813
3444,4,1,2025-09-10,Germany,Slovenia,95.604165,77.387877
3445,1,1,2025-09-09,Poland,Turkey,100.03493,88.539793
3445,2,1,2025-09-09,Lithuania,Greece,75.597749,59.981376
3445,3,1,2025-09-10,Finland,Georgia,78.355852,78.377964
3445,4,1,2025-09-10,Germany,Slovenia,79.815582,75.700549
3446,1,1,2025-09-09,Poland,Turkey,87.035329,103.99447
3446,2,1,2025-09-09,Lithuania,Greece,87.644387,83.445468
3446,3,1,2025-09-10,Finland,Georgia,92.211803,68.553022
3446,4,1,2025-09-10,Germany,Slovenia,96.89504,96.323416
3447,1,1,2025-09-09,Poland,Turkey,88.105677,91.743808
3447,2,1,2025-09-09,Lithuania,Greece,77.618898,99.133723
3447,3,1,2025-09-10,Finland,Georgia,83.020074,62.363409
3447,4,1,2025-09-10,Germany,Slovenia,77.075954,73.986361
3448,1,1,2025-09-09,Poland,Turkey,74.993593,96.107475
3448,2,1,2025-09-09,Lithuania,Greece,93.170441,71.76424
3448,3,1,2025-09-10,Finland,Georgia,96.820745,78.704634
3448,4,1,2025-09-10,Germany,Slovenia,115.65489,95.645438
3449,1,1,2025-09-09,Poland,Turkey,90.03557,99.760499
3449,2,1,2025-09-09,Lithuania,Greece,85.396575,71.230082
3449,3,1,2025-09-10,Finland,Georgia,105.63317,83.082668
3449,4,1,2025-09-10,Germany,Slovenia,106.86524,100.79091
3450,1,1,2025-09-09,Poland,Turkey,74.164601,73.734735
3450,2,1,2025-09-09,Lithuania,Greece,91.628161,90.330858
3450,3,1,2025-09-10,Finland,Georgia,77.492748,75.564705
3450,4,1,2025-09-10,Germany,Slovenia,103.59061,90.247761
3451,1,1,2025-09-09,Poland,Turkey,64.729179,98.83897
3451,2,1,2025-09-09,Lithuania,Greece,98.331921,82.749131
3451,3,1,2025-09-10,Finland,Georgia,87.267222,80.985643
3451,4,1,2025-09-10,Germany,Slovenia,101.81233,79.977968
3452,1,1,2025-09-09,Poland,Turkey,70.037823,73.399907
3452,2,1,2025-09-09,Lithuania,Greece,74.507646,61.72866
3452,3,1,2025-09-10,Finland,Georgia,98.742142,79.647444
3452,4,1,2025-09-10,Germany,Slovenia,111.90236,79.166557
3453,1,1,2025-09-09,Poland,Turkey,90.046558,83.98243
3453,2,1,2025-09-09,Lithuania,Greece,80.831985,82.64786
3453,3,1,2025-09-10,Finland,Georgia,112.97813,92.478847
3453,4,1,2025-09-10,Germany,Slovenia,111.03356,80.313741
3454,1,1,2025-09-09,Poland,Turkey,75.358454,91.935443
3454,2,1,2025-09-09,Lithuania,Greece,105.77793,78.86838
3454,3,1,2025-09-10,Finland,Georgia,90.207661,64.564405
3454,4,1,2025-09-10,Germany,Slovenia,97.789826,73.124143
3455,1,1,2025-09-09,Poland,Turkey,65.261793,73.385514
3455,2,1,2025-09-09,Lithuania,Greece,88.521521,80.080155
3455,3,1,2025-09-10,Finland,Georgia,109.67084,71.715295
3455,4,1,2025-09-10,Germany,Slovenia,103.08649,86.536479
3456,1,1,2025-09-09,Poland,Turkey,54.319748,83.581984
3456,2,1,2025-09-09,Lithuania,Greece,90.923738,73.470635
3456,3,1,2025-09-10,Finland,Georgia,91.475505,66.798136
3456,4,1,2025-09-10,Germany,Slovenia,130.10397,105.69948
3457,1,1,2025-09-09,Poland,Turkey,80.291888,89.459337
3457,2,1,2025-09-09,Lithuania,Greece,86.382991,66.02237
3457,3,1,2025-09-10,Finland,Georgia,96.222532,93.005568
3457,4,1,2025-09-10,Germany,Slovenia,88.114488,72.541373
3458,1,1,2025-09-09,Poland,Turkey,82.429631,98.760833
3458,2,1,2025-09-09,Lithuania,Greece,106.89101,74.347825
3458,3,1,2025-09-10,Finland,Georgia,90.318368,83.290582
3458,4,1,2025-09-10,Germany,Slovenia,88.954987,81.971579
3459,1,1,2025-09-09,Poland,Turkey,84.022753,85.715777
3459,2,1,2025-09-09,Lithuania,Greece,79.977858,55.784614
3459,3,1,2025-09-10,Finland,Georgia,104.82054,100.65769
3459,4,1,2025-09-10,Germany,Slovenia,110.04308,94.155135
3460,1,1,2025-09-09,Poland,Turkey,95.458892,105.39274
3460,2,1,2025-09-09,Lithuania,Greece,90.186336,79.206844
3460,3,1,2025-09-10,Finland,Georgia,100.04496,77.948923
3460,4,1,2025-09-10,Germany,Slovenia,116.69532,74.025378
3461,1,1,2025-09-09,Poland,Turkey,75.897965,109.33075
3461,2,1,2025-09-09,Lithuania,Greece,91.934671,51.910603
3461,3,1,2025-09-10,Finland,Georgia,104.74793,58.250494
3461,4,1,2025-09-10,Germany,Slovenia,127.90976,72.996418
3462,1,1,2025-09-09,Poland,Turkey,88.483868,79.593402
3462,2,1,2025-09-09,Lithuania,Greece,91.211591,77.188367
3462,3,1,2025-09-10,Finland,Georgia,96.669841,83.938307
3462,4,1,2025-09-10,Germany,Slovenia,113.31809,97.380277
3463,1,1,2025-09-09,Poland,Turkey,77.058753,104.39766
3463,2,1,2025-09-09,Lithuania,Greece,97.33155,70.86012
3463,3,1,2025-09-10,Finland,Georgia,99.241902,69.307952
3463,4,1,2025-09-10,Germany,Slovenia,109.26942,88.388272
3464,1,1,2025-09-09,Poland,Turkey,98.611656,103.10226
3464,2,1,2025-09-09,Lithuania,Greece,69.939845,67.15216
3464,3,1,2025-09-10,Finland,Georgia,96.32277,72.427942
3464,4,1,2025-09-10,Germany,Slovenia,89.336739,89.210208
3465,1,1,2025-09-09,Poland,Turkey,64.923906,75.70845
3465,2,1,2025-09-09,Lithuania,Greece,92.809853,82.669038
3465,3,1,2025-09-10,Finland,Georgia,96.195896,79.068788
3465,4,1,2025-09-10,Germany,Slovenia,83.409226,68.181759
3466,1,1,2025-09-09,Poland,Turkey,78.318203,76.322044
3466,2,1,2025-09-09,Lithuania,Greece,73.145407,71.571278
3466,3,1,2025-09-10,Finland,Georgia,80.283002,74.739518
3466,4,1,2025-09-10,Germany,Slovenia,100.35262,86.186611
3467,1,1,2025-09-09,Poland,Turkey,72.54814,84.086062
3467,2,1,2025-09-09,Lithuania,Greece,89.739712,80.862904
3467,3,1,2025-09-10,Finland,Georgia,85.566538,80.870363
3467,4,1,2025-09-10,Germany,Slovenia,95.750864000000007,83.289332
3468,1,1,2025-09-09,Poland,Turkey,70.043022,85.304841
3468,2,1,2025-09-09,Lithuania,Greece,79.49556,79.33178
3468,3,1,2025-09-10,Finland,Georgia,101.7079,61.280948
3468,4,1,2025-09-10,Germany,Slovenia,114.42212,98.351842
3469,1,1,2025-09-09,Poland,Turkey,47.646177,66.794929
3469,2,1,2025-09-09,Lithuania,Greece,84.270985,81.62376
3469,3,1,2025-09-10,Finland,Georgia,94.91243,82.596822
3469,4,1,2025-09-10,Germany,Slovenia,109.63728,93.531428
3470,1,1,2025-09-09,Poland,Turkey,96.001562,96.099815
3470,2,1,2025-09-09,Lithuania,Greece,80.211374,102.45154
3470,3,1,2025-09-10,Finland,Georgia,106.26579,74.324479
3470,4,1,2025-09-10,Germany,Slovenia,97.471079,81.445109
3471,1,1,2025-09-09,Poland,Turkey,65.136947,79.401808
3471,2,1,2025-09-09,Lithuania,Greece,89.543082,86.299433
3471,3,1,2025-09-10,Finland,Georgia,83.241531,69.783833
3471,4,1,2025-09-10,Germany,Slovenia,108.33257,84.847648
3472,1,1,2025-09-09,Poland,Turkey,74.658195,80.185293
3472,2,1,2025-09-09,Lithuania,Greece,93.320779,87.047102
3472,3,1,2025-09-10,Finland,Georgia,90.25933,57.171936
3472,4,1,2025-09-10,Germany,Slovenia,112.72516,87.455903
3473,1,1,2025-09-09,Poland,Turkey,63.686024,84.112076
3473,2,1,2025-09-09,Lithuania,Greece,67.196059,47.579035
3473,3,1,2025-09-10,Finland,Georgia,85.827793,62.463597
3473,4,1,2025-09-10,Germany,Slovenia,113.78885,80.470775
3474,1,1,2025-09-09,Poland,Turkey,80.935359,80.988625
3474,2,1,2025-09-09,Lithuania,Greece,73.312669,52.809907
3474,3,1,2025-09-10,Finland,Georgia,111.59121,73.801639
3474,4,1,2025-09-10,Germany,Slovenia,95.476202,88.152131
3475,1,1,2025-09-09,Poland,Turkey,73.08481,80.79645
3475,2,1,2025-09-09,Lithuania,Greece,107.0472,79.160695
3475,3,1,2025-09-10,Finland,Georgia,130.32484,92.709055
3475,4,1,2025-09-10,Germany,Slovenia,116.9348,85.722854
3476,1,1,2025-09-09,Poland,Turkey,74.306695,97.277699
3476,2,1,2025-09-09,Lithuania,Greece,78.859516,81.978194
3476,3,1,2025-09-10,Finland,Georgia,131.41017,94.446937
3476,4,1,2025-09-10,Germany,Slovenia,98.040903,87.201899
3477,1,1,2025-09-09,Poland,Turkey,62.162285,103.56502
3477,2,1,2025-09-09,Lithuania,Greece,103.1422,51.062568
3477,3,1,2025-09-10,Finland,Georgia,112.37288,86.350716
3477,4,1,2025-09-10,Germany,Slovenia,129.60255,89.860095
3478,1,1,2025-09-09,Poland,Turkey,71.39993,77.975342
3478,2,1,2025-09-09,Lithuania,Greece,89.208719,85.539343
3478,3,1,2025-09-10,Finland,Georgia,87.914763,73.973886
3478,4,1,2025-09-10,Germany,Slovenia,120.12036,70.840155
3479,1,1,2025-09-09,Poland,Turkey,81.378453,80.374663
3479,2,1,2025-09-09,Lithuania,Greece,119.27268,70.102084
3479,3,1,2025-09-10,Finland,Georgia,84.496551,63.435557
3479,4,1,2025-09-10,Germany,Slovenia,111.57892,88.314749
3480,1,1,2025-09-09,Poland,Turkey,73.574878,89.075666
3480,2,1,2025-09-09,Lithuania,Greece,73.554201,69.169647
3480,3,1,2025-09-10,Finland,Georgia,102.99452,79.273194
3480,4,1,2025-09-10,Germany,Slovenia,96.859192,78.541561
3481,1,1,2025-09-09,Poland,Turkey,80.736735,109.11566
3481,2,1,2025-09-09,Lithuania,Greece,90.481573,69.58435
3481,3,1,2025-09-10,Finland,Georgia,110.42297,82.707029
3481,4,1,2025-09-10,Germany,Slovenia,108.86456,83.595243
3482,1,1,2025-09-09,Poland,Turkey,87.142203,92.116378
3482,2,1,2025-09-09,Lithuania,Greece,106.19429,61.252759
3482,3,1,2025-09-10,Finland,Georgia,87.54361,65.979843
3482,4,1,2025-09-10,Germany,Slovenia,98.613695,92.834054
3483,1,1,2025-09-09,Poland,Turkey,67.426927,87.927238
3483,2,1,2025-09-09,Lithuania,Greece,90.587997,76.35648
3483,3,1,2025-09-10,Finland,Georgia,98.173117,92.114201
3483,4,1,2025-09-10,Germany,Slovenia,109.5228,91.111394
3484,1,1,2025-09-09,Poland,Turkey,62.034084,97.784327
3484,2,1,2025-09-09,Lithuania,Greece,77.619775,76.37675
3484,3,1,2025-09-10,Finland,Georgia,105.28681,69.282876
3484,4,1,2025-09-10,Germany,Slovenia,97.586761,75.075194
3485,1,1,2025-09-09,Poland,Turkey,76.733867,88.755528
3485,2,1,2025-09-09,Lithuania,Greece,87.710594,78.309372
3485,3,1,2025-09-10,Finland,Georgia,94.569198,67.843296
3485,4,1,2025-09-10,Germany,Slovenia,103.92282,85.978876
3486,1,1,2025-09-09,Poland,Turkey,75.601059,69.425754
3486,2,1,2025-09-09,Lithuania,Greece,90.905903,86.460955
3486,3,1,2025-09-10,Finland,Georgia,112.09673,87.925689
3486,4,1,2025-09-10,Germany,Slovenia,110.0982,100.01233
3487,1,1,2025-09-09,Poland,Turkey,88.944038,96.061445
3487,2,1,2025-09-09,Lithuania,Greece,104.98418,82.05834
3487,3,1,2025-09-10,Finland,Georgia,91.474522,24.607062
3487,4,1,2025-09-10,Germany,Slovenia,108.898,96.670597
3488,1,1,2025-09-09,Poland,Turkey,79.970029,82.404718
3488,2,1,2025-09-09,Lithuania,Greece,86.763151,70.83743
3488,3,1,2025-09-10,Finland,Georgia,86.855459,87.061664
3488,4,1,2025-09-10,Germany,Slovenia,114.16663,65.457705
3489,1,1,2025-09-09,Poland,Turkey,64.016157,83.563506
3489,2,1,2025-09-09,Lithuania,Greece,89.754498,43.188243
3489,3,1,2025-09-10,Finland,Georgia,96.139507,75.879536
3489,4,1,2025-09-10,Germany,Slovenia,113.02956,81.847861
3490,1,1,2025-09-09,Poland,Turkey,74.827173,75.643032
3490,2,1,2025-09-09,Lithuania,Greece,80.802339,71.215281
3490,3,1,2025-09-10,Finland,Georgia,97.201596,96.094438
3490,4,1,2025-09-10,Germany,Slovenia,112.40718,81.525661
3491,1,1,2025-09-09,Poland,Turkey,82.184252,79.805863
3491,2,1,2025-09-09,Lithuania,Greece,78.684918,82.791621
3491,3,1,2025-09-10,Finland,Georgia,107.87128,78.525355
3491,4,1,2025-09-10,Germany,Slovenia,107.91133,94.990776
3492,1,1,2025-09-09,Poland,Turkey,87.781357,101.22167
3492,2,1,2025-09-09,Lithuania,Greece,97.160628,72.535248
3492,3,1,2025-09-10,Finland,Georgia,98.976165,104.69666
3492,4,1,2025-09-10,Germany,Slovenia,116.47551,85.383707
3493,1,1,2025-09-09,Poland,Turkey,80.716801,90.659641
3493,2,1,2025-09-09,Lithuania,Greece,79.491924,58.310434
3493,3,1,2025-09-10,Finland,Georgia,95.333504,77.673104
3493,4,1,2025-09-10,Germany,Slovenia,94.347598,67.811534
3494,1,1,2025-09-09,Poland,Turkey,93.171055,84.125302
3494,2,1,2025-09-09,Lithuania,Greece,107.31008,88.551826
3494,3,1,2025-09-10,Finland,Georgia,97.776528,62.295851
3494,4,1,2025-09-10,Germany,Slovenia,100.35979,88.710313
3495,1,1,2025-09-09,Poland,Turkey,80.287845,91.72899
3495,2,1,2025-09-09,Lithuania,Greece,98.600572,80.778906
3495,3,1,2025-09-10,Finland,Georgia,80.591722,78.771842
3495,4,1,2025-09-10,Germany,Slovenia,126.75727,85.864143
3496,1,1,2025-09-09,Poland,Turkey,70.998884,84.148268
3496,2,1,2025-09-09,Lithuania,Greece,80.514594,85.907855
3496,3,1,2025-09-10,Finland,Georgia,82.301964,68.54276
3496,4,1,2025-09-10,Germany,Slovenia,92.775072,85.787443
3497,1,1,2025-09-09,Poland,Turkey,66.060491,72.409026
3497,2,1,2025-09-09,Lithuania,Greece,108.97005,70.393569
3497,3,1,2025-09-10,Finland,Georgia,115.56904,83.598865
3497,4,1,2025-09-10,Germany,Slovenia,105.10477,90.217106
3498,1,1,2025-09-09,Poland,Turkey,74.066521,87.154519
3498,2,1,2025-09-09,Lithuania,Greece,107.79202,74.354635
3498,3,1,2025-09-10,Finland,Georgia,91.303543,83.200788
3498,4,1,2025-09-10,Germany,Slovenia,77.135433,89.656246
3499,1,1,2025-09-09,Poland,Turkey,80.04225,98.310083
3499,2,1,2025-09-09,Lithuania,Greece,91.589977,48.080933
3499,3,1,2025-09-10,Finland,Georgia,103.4174,82.924076
3499,4,1,2025-09-10,Germany,Slovenia,104.61965,76.028776
3500,1,1,2025-09-09,Poland,Turkey,86.254834,68.913712
3500,2,1,2025-09-09,Lithuania,Greece,72.099172,68.086395
3500,3,1,2025-09-10,Finland,Georgia,80.138391,39.825772
3500,4,1,2025-09-10,Germany,Slovenia,95.791673,52.072382
3501,1,1,2025-09-09,Poland,Turkey,94.113712,96.542853
3501,2,1,2025-09-09,Lithuania,Greece,86.032829,78.501738
3501,3,1,2025-09-10,Finland,Georgia,89.362268,71.312937
3501,4,1,2025-09-10,Germany,Slovenia,106.36529,72.057679
3502,1,1,2025-09-09,Poland,Turkey,78.359967,88.967017
3502,2,1,2025-09-09,Lithuania,Greece,80.547784,66.069416
3502,3,1,2025-09-10,Finland,Georgia,92.028271,59.19813
3502,4,1,2025-09-10,Germany,Slovenia,91.998094,73.202451
3503,1,1,2025-09-09,Poland,Turkey,77.226331,91.560571
3503,2,1,2025-09-09,Lithuania,Greece,78.192825,62.763378
3503,3,1,2025-09-10,Finland,Georgia,108.00315,76.853687
3503,4,1,2025-09-10,Germany,Slovenia,109.52536,92.232677
3504,1,1,2025-09-09,Poland,Turkey,50.676563,85.135651
3504,2,1,2025-09-09,Lithuania,Greece,97.099803,83.736615
3504,3,1,2025-09-10,Finland,Georgia,102.60198,85.543209
3504,4,1,2025-09-10,Germany,Slovenia,104.27376,83.695407
3505,1,1,2025-09-09,Poland,Turkey,85.220317,79.541211
3505,2,1,2025-09-09,Lithuania,Greece,81.720373,84.367277
3505,3,1,2025-09-10,Finland,Georgia,99.221551,75.390865
3505,4,1,2025-09-10,Germany,Slovenia,89.329572,67.825726
3506,1,1,2025-09-09,Poland,Turkey,66.777968,82.486432
3506,2,1,2025-09-09,Lithuania,Greece,91.149338,75.431356
3506,3,1,2025-09-10,Finland,Georgia,85.601723,76.25274
3506,4,1,2025-09-10,Germany,Slovenia,87.374928,93.838844
3507,1,1,2025-09-09,Poland,Turkey,65.910068,95.977848
3507,2,1,2025-09-09,Lithuania,Greece,98.377454,83.478075
3507,3,1,2025-09-10,Finland,Georgia,97.401467,91.494513
3507,4,1,2025-09-10,Germany,Slovenia,87.492442,63.88581
3508,1,1,2025-09-09,Poland,Turkey,83.977905,76.425578
3508,2,1,2025-09-09,Lithuania,Greece,103.00326,84.140755
3508,3,1,2025-09-10,Finland,Georgia,94.505502,70.93199
3508,4,1,2025-09-10,Germany,Slovenia,110.35936,84.831651
3509,1,1,2025-09-09,Poland,Turkey,84.739817,88.968465
3509,2,1,2025-09-09,Lithuania,Greece,77.831709,69.449455
3509,3,1,2025-09-10,Finland,Georgia,95.941358,88.64211
3509,4,1,2025-09-10,Germany,Slovenia,114.13284,94.016043
3510,1,1,2025-09-09,Poland,Turkey,81.522357,79.458123
3510,2,1,2025-09-09,Lithuania,Greece,98.159416,74.618945
3510,3,1,2025-09-10,Finland,Georgia,96.670464,75.709084
3510,4,1,2025-09-10,Germany,Slovenia,108.92053,102.3404
3511,1,1,2025-09-09,Poland,Turkey,72.307463,61.22
3511,2,1,2025-09-09,Lithuania,Greece,95.661673,76.664371
3511,3,1,2025-09-10,Finland,Georgia,84.734669,73.20094
3511,4,1,2025-09-10,Germany,Slovenia,105.91839,94.484608
3512,1,1,2025-09-09,Poland,Turkey,94.304692,84.682057
3512,2,1,2025-09-09,Lithuania,Greece,93.272155,94.425741
3512,3,1,2025-09-10,Finland,Georgia,83.513163,58.21987
3512,4,1,2025-09-10,Germany,Slovenia,109.72958,83.674707
3513,1,1,2025-09-09,Poland,Turkey,62.555608,81.993661
3513,2,1,2025-09-09,Lithuania,Greece,89.752831,76.164533
3513,3,1,2025-09-10,Finland,Georgia,90.608684,67.978013
3513,4,1,2025-09-10,Germany,Slovenia,117.694,87.962731
3514,1,1,2025-09-09,Poland,Turkey,66.989746,88.917085
3514,2,1,2025-09-09,Lithuania,Greece,93.848799,96.58219
3514,3,1,2025-09-10,Finland,Georgia,85.674051,62.226865
3514,4,1,2025-09-10,Germany,Slovenia,126.69074,105.1036
3515,1,1,2025-09-09,Poland,Turkey,91.195662,87.484852
3515,2,1,2025-09-09,Lithuania,Greece,87.610063,60.345827
3515,3,1,2025-09-10,Finland,Georgia,118.23588,81.624402
3515,4,1,2025-09-10,Germany,Slovenia,113.29129,67.469657
3516,1,1,2025-09-09,Poland,Turkey,85.632547,75.569135
3516,2,1,2025-09-09,Lithuania,Greece,94.176349,67.797295
3516,3,1,2025-09-10,Finland,Georgia,99.633111,79.49545
3516,4,1,2025-09-10,Germany,Slovenia,90.855125,88.411387
3517,1,1,2025-09-09,Poland,Turkey,129.49379,99.415992
3517,2,1,2025-09-09,Lithuania,Greece,101.89926,79.81954
3517,3,1,2025-09-10,Finland,Georgia,86.338346,56.217362
3517,4,1,2025-09-10,Germany,Slovenia,107.8964,85.010623
3518,1,1,2025-09-09,Poland,Turkey,79.22432,95.705175
3518,2,1,2025-09-09,Lithuania,Greece,81.113019,78.847925
3518,3,1,2025-09-10,Finland,Georgia,81.080404,79.114293
3518,4,1,2025-09-10,Germany,Slovenia,99.682828,73.967154
3519,1,1,2025-09-09,Poland,Turkey,72.349582,88.385682
3519,2,1,2025-09-09,Lithuania,Greece,100.6946,80.932677
3519,3,1,2025-09-10,Finland,Georgia,116.77537,67.738268
3519,4,1,2025-09-10,Germany,Slovenia,92.166911,88.960705
3520,1,1,2025-09-09,Poland,Turkey,64.04368,88.425398
3520,2,1,2025-09-09,Lithuania,Greece,86.933228,77.489734
3520,3,1,2025-09-10,Finland,Georgia,95.137911,76.968809
3520,4,1,2025-09-10,Germany,Slovenia,109.72241,75.321086
3521,1,1,2025-09-09,Poland,Turkey,56.536454,75.781239
3521,2,1,2025-09-09,Lithuania,Greece,90.140065,70.147625
3521,3,1,2025-09-10,Finland,Georgia,116.84723,68.60736
3521,4,1,2025-09-10,Germany,Slovenia,104.97435,91.98395
3522,1,1,2025-09-09,Poland,Turkey,81.958722,80.408093
3522,2,1,2025-09-09,Lithuania,Greece,95.990011,79.009616
3522,3,1,2025-09-10,Finland,Georgia,95.603875,70.638262
3522,4,1,2025-09-10,Germany,Slovenia,91.187626,93.216348
3523,1,1,2025-09-09,Poland,Turkey,89.951512,88.902854
3523,2,1,2025-09-09,Lithuania,Greece,88.96162,73.584460000000007
3523,3,1,2025-09-10,Finland,Georgia,98.648311,95.048138
3523,4,1,2025-09-10,Germany,Slovenia,93.470956,57.213899
3524,1,1,2025-09-09,Poland,Turkey,82.341196,104.89628
3524,2,1,2025-09-09,Lithuania,Greece,74.870767,77.659361
3524,3,1,2025-09-10,Finland,Georgia,94.44365,84.306515
3524,4,1,2025-09-10,Germany,Slovenia,95.885385,88.149447
3525,1,1,2025-09-09,Poland,Turkey,71.713029,107.43526
3525,2,1,2025-09-09,Lithuania,Greece,83.858721,80.537784
3525,3,1,2025-09-10,Finland,Georgia,113.49665,73.40887
3525,4,1,2025-09-10,Germany,Slovenia,108.43746,93.788996
3526,1,1,2025-09-09,Poland,Turkey,88.449143,89.471059
3526,2,1,2025-09-09,Lithuania,Greece,75.97391,66.521372
3526,3,1,2025-09-10,Finland,Georgia,91.124655,84.597549
3526,4,1,2025-09-10,Germany,Slovenia,105.74617,96.371146
3527,1,1,2025-09-09,Poland,Turkey,78.884156,99.880671
3527,2,1,2025-09-09,Lithuania,Greece,96.126053,81.463078
3527,3,1,2025-09-10,Finland,Georgia,108.36249,70.781227
3527,4,1,2025-09-10,Germany,Slovenia,101.8546,84.166417
3528,1,1,2025-09-09,Poland,Turkey,81.297333,81.061586
3528,2,1,2025-09-09,Lithuania,Greece,87.124966,81.377075
3528,3,1,2025-09-10,Finland,Georgia,96.588782,57.175381
3528,4,1,2025-09-10,Germany,Slovenia,93.438904,80.615204
3529,1,1,2025-09-09,Poland,Turkey,85.906073,83.809236
3529,2,1,2025-09-09,Lithuania,Greece,80.236789,114.79498
3529,3,1,2025-09-10,Finland,Georgia,79.13599,74.772567
3529,4,1,2025-09-10,Germany,Slovenia,108.49081,98.956928
3530,1,1,2025-09-09,Poland,Turkey,65.735392,85.065972
3530,2,1,2025-09-09,Lithuania,Greece,94.860196,74.330362
3530,3,1,2025-09-10,Finland,Georgia,92.841978,71.855253
3530,4,1,2025-09-10,Germany,Slovenia,107.87995,80.920315
3531,1,1,2025-09-09,Poland,Turkey,92.366453,88.556761
3531,2,1,2025-09-09,Lithuania,Greece,98.015186,72.297918
3531,3,1,2025-09-10,Finland,Georgia,81.014483,71.868396
3531,4,1,2025-09-10,Germany,Slovenia,102.17269,85.700764
3532,1,1,2025-09-09,Poland,Turkey,81.847517,95.214455
3532,2,1,2025-09-09,Lithuania,Greece,92.495116,86.684704
3532,3,1,2025-09-10,Finland,Georgia,95.513221,69.326368
3532,4,1,2025-09-10,Germany,Slovenia,127.20863,78.127765
3533,1,1,2025-09-09,Poland,Turkey,75.348312,79.407633
3533,2,1,2025-09-09,Lithuania,Greece,88.18832,85.551128
3533,3,1,2025-09-10,Finland,Georgia,101.38368,73.623767
3533,4,1,2025-09-10,Germany,Slovenia,85.191468,81.108129
3534,1,1,2025-09-09,Poland,Turkey,64.727596,73.723117
3534,2,1,2025-09-09,Lithuania,Greece,80.080496,66.975446
3534,3,1,2025-09-10,Finland,Georgia,74.450152,57.035949
3534,4,1,2025-09-10,Germany,Slovenia,116.9077,84.566134
3535,1,1,2025-09-09,Poland,Turkey,65.482561,76.858498
3535,2,1,2025-09-09,Lithuania,Greece,74.912238,74.151157
3535,3,1,2025-09-10,Finland,Georgia,81.642743,59.364086
3535,4,1,2025-09-10,Germany,Slovenia,112.63245,96.207684
3536,1,1,2025-09-09,Poland,Turkey,51.223031,82.571353
3536,2,1,2025-09-09,Lithuania,Greece,102.75476,104.05285
3536,3,1,2025-09-10,Finland,Georgia,84.403549,80.014753
3536,4,1,2025-09-10,Germany,Slovenia,93.30377,75.667566
3537,1,1,2025-09-09,Poland,Turkey,59.635472,95.507395
3537,2,1,2025-09-09,Lithuania,Greece,90.145164,84.478716
3537,3,1,2025-09-10,Finland,Georgia,102.78339,87.643535
3537,4,1,2025-09-10,Germany,Slovenia,123.08497,86.07442
3538,1,1,2025-09-09,Poland,Turkey,62.08657,85.045368
3538,2,1,2025-09-09,Lithuania,Greece,86.296126,73.863187
3538,3,1,2025-09-10,Finland,Georgia,90.579396,64.706403
3538,4,1,2025-09-10,Germany,Slovenia,103.62209,67.045151
3539,1,1,2025-09-09,Poland,Turkey,89.139878,97.684479
3539,2,1,2025-09-09,Lithuania,Greece,80.943136,76.240505
3539,3,1,2025-09-10,Finland,Georgia,85.688727,61.366824
3539,4,1,2025-09-10,Germany,Slovenia,105.4427,97.365387
3540,1,1,2025-09-09,Poland,Turkey,89.464931000000007,88.870111
3540,2,1,2025-09-09,Lithuania,Greece,86.206257,76.727997
3540,3,1,2025-09-10,Finland,Georgia,102.49199,55.870287
3540,4,1,2025-09-10,Germany,Slovenia,102.24582,76.058137
3541,1,1,2025-09-09,Poland,Turkey,79.080637,95.913765
3541,2,1,2025-09-09,Lithuania,Greece,88.413777,67.618924
3541,3,1,2025-09-10,Finland,Georgia,84.58851,83.249367
3541,4,1,2025-09-10,Germany,Slovenia,102.4984,82.720909
3542,1,1,2025-09-09,Poland,Turkey,80.675767,97.351558
3542,2,1,2025-09-09,Lithuania,Greece,53.149626,74.986203
3542,3,1,2025-09-10,Finland,Georgia,112.59763,78.713658
3542,4,1,2025-09-10,Germany,Slovenia,88.229722,75.323515
3543,1,1,2025-09-09,Poland,Turkey,73.629659,63.141651
3543,2,1,2025-09-09,Lithuania,Greece,79.57854,71.610321
3543,3,1,2025-09-10,Finland,Georgia,106.73285,89.112637
3543,4,1,2025-09-10,Germany,Slovenia,108.37487,82.244793
3544,1,1,2025-09-09,Poland,Turkey,79.404738,59.045264
3544,2,1,2025-09-09,Lithuania,Greece,87.461853,64.012806
3544,3,1,2025-09-10,Finland,Georgia,82.160813,55.704586
3544,4,1,2025-09-10,Germany,Slovenia,100.44537,83.535341
3545,1,1,2025-09-09,Poland,Turkey,96.689741,89.259809
3545,2,1,2025-09-09,Lithuania,Greece,89.905352,58.113857
3545,3,1,2025-09-10,Finland,Georgia,91.052653,72.809111
3545,4,1,2025-09-10,Germany,Slovenia,110.74672,89.487944
3546,1,1,2025-09-09,Poland,Turkey,69.162584,86.947202
3546,2,1,2025-09-09,Lithuania,Greece,99.692094,95.589604
3546,3,1,2025-09-10,Finland,Georgia,80.682241,73.851643
3546,4,1,2025-09-10,Germany,Slovenia,102.35735,74.708989
3547,1,1,2025-09-09,Poland,Turkey,71.275779,77.299374
3547,2,1,2025-09-09,Lithuania,Greece,84.64548,68.556308
3547,3,1,2025-09-10,Finland,Georgia,87.335106,72.087298
3547,4,1,2025-09-10,Germany,Slovenia,119.84879,71.828447
3548,1,1,2025-09-09,Poland,Turkey,75.768975,91.802263
3548,2,1,2025-09-09,Lithuania,Greece,86.031559,61.474955
3548,3,1,2025-09-10,Finland,Georgia,104.76063,77.17305
3548,4,1,2025-09-10,Germany,Slovenia,110.91723,81.531919
3549,1,1,2025-09-09,Poland,Turkey,83.017105,73.499587
3549,2,1,2025-09-09,Lithuania,Greece,95.436271,74.442347
3549,3,1,2025-09-10,Finland,Georgia,93.310407,52.851624
3549,4,1,2025-09-10,Germany,Slovenia,108.73451,74.608477
3550,1,1,2025-09-09,Poland,Turkey,73.478258,84.334237
3550,2,1,2025-09-09,Lithuania,Greece,79.522116,89.413051
3550,3,1,2025-09-10,Finland,Georgia,106.98188,58.504752
3550,4,1,2025-09-10,Germany,Slovenia,103.85616,83.302833
3551,1,1,2025-09-09,Poland,Turkey,84.130543,105.87005
3551,2,1,2025-09-09,Lithuania,Greece,84.919495,82.325235
3551,3,1,2025-09-10,Finland,Georgia,109.19987,70.01208
3551,4,1,2025-09-10,Germany,Slovenia,115.64228,108.62701
3552,1,1,2025-09-09,Poland,Turkey,87.149877,82.179981
3552,2,1,2025-09-09,Lithuania,Greece,86.916214,82.464327
3552,3,1,2025-09-10,Finland,Georgia,105.00457,67.231468
3552,4,1,2025-09-10,Germany,Slovenia,120.72014,103.95089
3553,1,1,2025-09-09,Poland,Turkey,88.729085,75.196972
3553,2,1,2025-09-09,Lithuania,Greece,116.4195,83.610722
3553,3,1,2025-09-10,Finland,Georgia,98.258172,67.252311
3553,4,1,2025-09-10,Germany,Slovenia,94.365423,89.64969
3554,1,1,2025-09-09,Poland,Turkey,67.936152,65.425471
3554,2,1,2025-09-09,Lithuania,Greece,106.2636,77.922779
3554,3,1,2025-09-10,Finland,Georgia,97.314635,76.750858
3554,4,1,2025-09-10,Germany,Slovenia,98.101184,89.629756
3555,1,1,2025-09-09,Poland,Turkey,89.038188,90.031686
3555,2,1,2025-09-09,Lithuania,Greece,84.10901,76.484384
3555,3,1,2025-09-10,Finland,Georgia,103.34545,70.529844
3555,4,1,2025-09-10,Germany,Slovenia,124.58738,92.935144
3556,1,1,2025-09-09,Poland,Turkey,74.062726,88.6981
3556,2,1,2025-09-09,Lithuania,Greece,80.950787,62.590013
3556,3,1,2025-09-10,Finland,Georgia,110.99518,90.894255
3556,4,1,2025-09-10,Germany,Slovenia,121.14422,90.819356
3557,1,1,2025-09-09,Poland,Turkey,71.591116,90.670297
3557,2,1,2025-09-09,Lithuania,Greece,93.653137,104.55341
3557,3,1,2025-09-10,Finland,Georgia,102.21422,65.46551
3557,4,1,2025-09-10,Germany,Slovenia,115.87496,93.140342
3558,1,1,2025-09-09,Poland,Turkey,79.887389,71.589527
3558,2,1,2025-09-09,Lithuania,Greece,69.294867,52.595499
3558,3,1,2025-09-10,Finland,Georgia,102.34925,97.368479
3558,4,1,2025-09-10,Germany,Slovenia,122.21601,83.528213
3559,1,1,2025-09-09,Poland,Turkey,82.735272,85.076837
3559,2,1,2025-09-09,Lithuania,Greece,67.868229,73.248356
3559,3,1,2025-09-10,Finland,Georgia,75.924467,51.86204
3559,4,1,2025-09-10,Germany,Slovenia,89.383337,113.096
3560,1,1,2025-09-09,Poland,Turkey,79.420292,76.16436
3560,2,1,2025-09-09,Lithuania,Greece,86.397292,67.938052
3560,3,1,2025-09-10,Finland,Georgia,89.145405,75.435531
3560,4,1,2025-09-10,Germany,Slovenia,108.0562,79.842871
3561,1,1,2025-09-09,Poland,Turkey,92.294359,99.79893
3561,2,1,2025-09-09,Lithuania,Greece,78.64959,71.602566
3561,3,1,2025-09-10,Finland,Georgia,114.21279,77.461175
3561,4,1,2025-09-10,Germany,Slovenia,103.59753,83.403334
3562,1,1,2025-09-09,Poland,Turkey,58.529037,92.677664
3562,2,1,2025-09-09,Lithuania,Greece,83.126397,56.31265
3562,3,1,2025-09-10,Finland,Georgia,80.302059,100.13537
3562,4,1,2025-09-10,Germany,Slovenia,107.25862,111.16077
3563,1,1,2025-09-09,Poland,Turkey,86.733635,96.019998
3563,2,1,2025-09-09,Lithuania,Greece,99.26809,69.927486
3563,3,1,2025-09-10,Finland,Georgia,93.526929,85.813478
3563,4,1,2025-09-10,Germany,Slovenia,95.113007,86.851535
3564,1,1,2025-09-09,Poland,Turkey,68.788869,84.083237
3564,2,1,2025-09-09,Lithuania,Greece,84.707376,74.228545
3564,3,1,2025-09-10,Finland,Georgia,103.06954,82.999778
3564,4,1,2025-09-10,Germany,Slovenia,84.737923,76.763532
3565,1,1,2025-09-09,Poland,Turkey,83.133588,110.01005
3565,2,1,2025-09-09,Lithuania,Greece,78.820904,89.811383
3565,3,1,2025-09-10,Finland,Georgia,85.737107,71.257429
3565,4,1,2025-09-10,Germany,Slovenia,92.947744,82.41412
3566,1,1,2025-09-09,Poland,Turkey,81.616712,93.07717
3566,2,1,2025-09-09,Lithuania,Greece,84.902443,90.481901
3566,3,1,2025-09-10,Finland,Georgia,112.53663,79.537044
3566,4,1,2025-09-10,Germany,Slovenia,114.74833,98.456292
3567,1,1,2025-09-09,Poland,Turkey,82.496077,93.12638
3567,2,1,2025-09-09,Lithuania,Greece,102.19609,82.307731
3567,3,1,2025-09-10,Finland,Georgia,90.661259,90.683428
3567,4,1,2025-09-10,Germany,Slovenia,83.363198,80.232985
3568,1,1,2025-09-09,Poland,Turkey,63.204666,75.670828
3568,2,1,2025-09-09,Lithuania,Greece,77.128837,56.078688
3568,3,1,2025-09-10,Finland,Georgia,99.771824,75.290573
3568,4,1,2025-09-10,Germany,Slovenia,116.01524,81.711789
3569,1,1,2025-09-09,Poland,Turkey,76.62757,84.962072
3569,2,1,2025-09-09,Lithuania,Greece,54.92283,94.47704
3569,3,1,2025-09-10,Finland,Georgia,85.009033,56.087641
3569,4,1,2025-09-10,Germany,Slovenia,102.99445,81.798527000000007
3570,1,1,2025-09-09,Poland,Turkey,69.310732,71.45841
3570,2,1,2025-09-09,Lithuania,Greece,80.173148,91.718306
3570,3,1,2025-09-10,Finland,Georgia,80.822547,68.871313
3570,4,1,2025-09-10,Germany,Slovenia,76.526825,76.14718
3571,1,1,2025-09-09,Poland,Turkey,84.792203,103.28977
3571,2,1,2025-09-09,Lithuania,Greece,89.176641,74.060882
3571,3,1,2025-09-10,Finland,Georgia,88.273933,77.667972
3571,4,1,2025-09-10,Germany,Slovenia,85.757796,78.868185
3572,1,1,2025-09-09,Poland,Turkey,90.892648,112.79297
3572,2,1,2025-09-09,Lithuania,Greece,83.629057,80.430298
3572,3,1,2025-09-10,Finland,Georgia,106.47647,74.29247
3572,4,1,2025-09-10,Germany,Slovenia,103.41781,64.515992
3573,1,1,2025-09-09,Poland,Turkey,58.660369,85.302682
3573,2,1,2025-09-09,Lithuania,Greece,77.911816,72.366955
3573,3,1,2025-09-10,Finland,Georgia,105.96368,65.489231
3573,4,1,2025-09-10,Germany,Slovenia,125.72642,81.032578
3574,1,1,2025-09-09,Poland,Turkey,69.637113,90.440514
3574,2,1,2025-09-09,Lithuania,Greece,72.128662,82.555693
3574,3,1,2025-09-10,Finland,Georgia,103.99247,67.563451
3574,4,1,2025-09-10,Germany,Slovenia,113.90601,84.115975
3575,1,1,2025-09-09,Poland,Turkey,82.836976,70.213794
3575,2,1,2025-09-09,Lithuania,Greece,86.48551,96.331934
3575,3,1,2025-09-10,Finland,Georgia,89.065754,89.132774
3575,4,1,2025-09-10,Germany,Slovenia,117.43884,88.65545
3576,1,1,2025-09-09,Poland,Turkey,74.719348,81.578849
3576,2,1,2025-09-09,Lithuania,Greece,88.484879,80.709087
3576,3,1,2025-09-10,Finland,Georgia,109.47253,53.517771
3576,4,1,2025-09-10,Germany,Slovenia,96.207652,73.245017
3577,1,1,2025-09-09,Poland,Turkey,60.143977,89.658584
3577,2,1,2025-09-09,Lithuania,Greece,72.17242,69.768863
3577,3,1,2025-09-10,Finland,Georgia,100.58383,72.999637
3577,4,1,2025-09-10,Germany,Slovenia,108.82204,71.963992
3578,1,1,2025-09-09,Poland,Turkey,81.003655,86.415662
3578,2,1,2025-09-09,Lithuania,Greece,94.137704,73.522004
3578,3,1,2025-09-10,Finland,Georgia,89.640931,70.768244
3578,4,1,2025-09-10,Germany,Slovenia,104.76761,92.904381
3579,1,1,2025-09-09,Poland,Turkey,71.035805,115.66593
3579,2,1,2025-09-09,Lithuania,Greece,94.427561,87.472965
3579,3,1,2025-09-10,Finland,Georgia,100.79425,83.415971
3579,4,1,2025-09-10,Germany,Slovenia,118.19985,100.7235
3580,1,1,2025-09-09,Poland,Turkey,53.742182,95.228306
3580,2,1,2025-09-09,Lithuania,Greece,81.741999,79.12551
3580,3,1,2025-09-10,Finland,Georgia,102.9875,74.118768
3580,4,1,2025-09-10,Germany,Slovenia,112.65966,89.515216
3581,1,1,2025-09-09,Poland,Turkey,82.463196,74.968822
3581,2,1,2025-09-09,Lithuania,Greece,67.444136,75.002556
3581,3,1,2025-09-10,Finland,Georgia,104.49074,91.215756
3581,4,1,2025-09-10,Germany,Slovenia,93.981108,86.795886
3582,1,1,2025-09-09,Poland,Turkey,98.723974,77.895965
3582,2,1,2025-09-09,Lithuania,Greece,83.017478,95.369013
3582,3,1,2025-09-10,Finland,Georgia,100.36292,72.641829
3582,4,1,2025-09-10,Germany,Slovenia,103.9545,79.963347
3583,1,1,2025-09-09,Poland,Turkey,92.880228,79.10379
3583,2,1,2025-09-09,Lithuania,Greece,92.450609,96.765751
3583,3,1,2025-09-10,Finland,Georgia,82.608494,86.373827
3583,4,1,2025-09-10,Germany,Slovenia,83.099144,67.810733
3584,1,1,2025-09-09,Poland,Turkey,69.003106,98.816085
3584,2,1,2025-09-09,Lithuania,Greece,91.622132,79.104268
3584,3,1,2025-09-10,Finland,Georgia,100.28236,93.949383
3584,4,1,2025-09-10,Germany,Slovenia,114.52381,97.407406
3585,1,1,2025-09-09,Poland,Turkey,88.687256,84.119061
3585,2,1,2025-09-09,Lithuania,Greece,72.299689,65.882442
3585,3,1,2025-09-10,Finland,Georgia,82.766055,79.483928
3585,4,1,2025-09-10,Germany,Slovenia,107.82263,88.556914
3586,1,1,2025-09-09,Poland,Turkey,87.638226,84.968774
3586,2,1,2025-09-09,Lithuania,Greece,82.256761,89.987802
3586,3,1,2025-09-10,Finland,Georgia,101.33522,79.970043
3586,4,1,2025-09-10,Germany,Slovenia,108.58403,95.220553
3587,1,1,2025-09-09,Poland,Turkey,92.174298,88.316119
3587,2,1,2025-09-09,Lithuania,Greece,78.517024,67.886791
3587,3,1,2025-09-10,Finland,Georgia,94.722995,89.533869
3587,4,1,2025-09-10,Germany,Slovenia,89.972708,83.696387
3588,1,1,2025-09-09,Poland,Turkey,74.182872,77.544539
3588,2,1,2025-09-09,Lithuania,Greece,89.734544,67.703459
3588,3,1,2025-09-10,Finland,Georgia,90.164648,74.951204
3588,4,1,2025-09-10,Germany,Slovenia,112.70849,88.063571
3589,1,1,2025-09-09,Poland,Turkey,65.721072,73.423576
3589,2,1,2025-09-09,Lithuania,Greece,76.852777,62.279475
3589,3,1,2025-09-10,Finland,Georgia,89.147876,56.863617
3589,4,1,2025-09-10,Germany,Slovenia,93.646852,78.044409
3590,1,1,2025-09-09,Poland,Turkey,82.452417,93.169643
3590,2,1,2025-09-09,Lithuania,Greece,91.353823,68.88623
3590,3,1,2025-09-10,Finland,Georgia,92.255496,68.123963
3590,4,1,2025-09-10,Germany,Slovenia,96.48865,83.09837
3591,1,1,2025-09-09,Poland,Turkey,63.524312,97.843548
3591,2,1,2025-09-09,Lithuania,Greece,107.69397,97.271954
3591,3,1,2025-09-10,Finland,Georgia,108.97653,60.606349
3591,4,1,2025-09-10,Germany,Slovenia,117.63586,93.389108
3592,1,1,2025-09-09,Poland,Turkey,85.357076,96.823467
3592,2,1,2025-09-09,Lithuania,Greece,95.079938,74.60749
3592,3,1,2025-09-10,Finland,Georgia,96.328264,80.576855
3592,4,1,2025-09-10,Germany,Slovenia,106.01608,97.630871
3593,1,1,2025-09-09,Poland,Turkey,62.950926,93.802464
3593,2,1,2025-09-09,Lithuania,Greece,98.125472,85.094481
3593,3,1,2025-09-10,Finland,Georgia,81.128436,73.545959
3593,4,1,2025-09-10,Germany,Slovenia,95.221744,94.358061
3594,1,1,2025-09-09,Poland,Turkey,94.810384,94.706433
3594,2,1,2025-09-09,Lithuania,Greece,95.130169,118.68363
3594,3,1,2025-09-10,Finland,Georgia,86.028669,76.214496
3594,4,1,2025-09-10,Germany,Slovenia,92.520114,64.119509
3595,1,1,2025-09-09,Poland,Turkey,86.568182,88.909413
3595,2,1,2025-09-09,Lithuania,Greece,76.498111,66.360487
3595,3,1,2025-09-10,Finland,Georgia,101.98582,78.112788
3595,4,1,2025-09-10,Germany,Slovenia,99.551193,88.574856
3596,1,1,2025-09-09,Poland,Turkey,80.872322,70.090872
3596,2,1,2025-09-09,Lithuania,Greece,91.31438,80.278396
3596,3,1,2025-09-10,Finland,Georgia,101.85461,79.741506
3596,4,1,2025-09-10,Germany,Slovenia,115.69238,94.3312
3597,1,1,2025-09-09,Poland,Turkey,87.589064,97.212645
3597,2,1,2025-09-09,Lithuania,Greece,70.297225,81.142518
3597,3,1,2025-09-10,Finland,Georgia,92.509219,83.155103
3597,4,1,2025-09-10,Germany,Slovenia,118.08196,73.809201
3598,1,1,2025-09-09,Poland,Turkey,73.558698,92.148564
3598,2,1,2025-09-09,Lithuania,Greece,73.843037,62.299479
3598,3,1,2025-09-10,Finland,Georgia,99.798811,89.839926
3598,4,1,2025-09-10,Germany,Slovenia,87.16577,92.927501
3599,1,1,2025-09-09,Poland,Turkey,86.397434,90.419894
3599,2,1,2025-09-09,Lithuania,Greece,96.580386,93.692415
3599,3,1,2025-09-10,Finland,Georgia,71.952038,62.318789
3599,4,1,2025-09-10,Germany,Slovenia,97.654338,80.955661
3600,1,1,2025-09-09,Poland,Turkey,79.262732,91.107028
3600,2,1,2025-09-09,Lithuania,Greece,99.983915,94.699651
3600,3,1,2025-09-10,Finland,Georgia,124.70336,84.05653
3600,4,1,2025-09-10,Germany,Slovenia,113.81471,94.121822
3601,1,1,2025-09-09,Poland,Turkey,72.90903,89.319792
3601,2,1,2025-09-09,Lithuania,Greece,70.13923,74.783012
3601,3,1,2025-09-10,Finland,Georgia,103.62945,89.2795
3601,4,1,2025-09-10,Germany,Slovenia,86.863329,78.914586
3602,1,1,2025-09-09,Poland,Turkey,70.405035,75.682921
3602,2,1,2025-09-09,Lithuania,Greece,91.139403,82.219628
3602,3,1,2025-09-10,Finland,Georgia,117.73109,81.552311
3602,4,1,2025-09-10,Germany,Slovenia,89.812658,76.36004
3603,1,1,2025-09-09,Poland,Turkey,86.816128,86.946944
3603,2,1,2025-09-09,Lithuania,Greece,93.934101,62.574421
3603,3,1,2025-09-10,Finland,Georgia,87.518595,79.59676
3603,4,1,2025-09-10,Germany,Slovenia,92.954682,95.548371
3604,1,1,2025-09-09,Poland,Turkey,89.224315,94.678636
3604,2,1,2025-09-09,Lithuania,Greece,83.929455,79.190222
3604,3,1,2025-09-10,Finland,Georgia,79.035038,70.589027
3604,4,1,2025-09-10,Germany,Slovenia,94.538012,79.093551
3605,1,1,2025-09-09,Poland,Turkey,79.344026,72.731234
3605,2,1,2025-09-09,Lithuania,Greece,78.286881,75.765232
3605,3,1,2025-09-10,Finland,Georgia,91.357782,76.037173
3605,4,1,2025-09-10,Germany,Slovenia,90.650834,90.903522
3606,1,1,2025-09-09,Poland,Turkey,85.964287,83.168611
3606,2,1,2025-09-09,Lithuania,Greece,77.237678,78.008741
3606,3,1,2025-09-10,Finland,Georgia,102.81319,69.110299
3606,4,1,2025-09-10,Germany,Slovenia,121.56116,99.203915
3607,1,1,2025-09-09,Poland,Turkey,82.691169,95.911384
3607,2,1,2025-09-09,Lithuania,Greece,76.972603,72.38596
3607,3,1,2025-09-10,Finland,Georgia,106.2485,77.102149
3607,4,1,2025-09-10,Germany,Slovenia,102.34207,91.514941
3608,1,1,2025-09-09,Poland,Turkey,66.25495,83.167326
3608,2,1,2025-09-09,Lithuania,Greece,90.926311,83.945385
3608,3,1,2025-09-10,Finland,Georgia,106.47626,78.064866
3608,4,1,2025-09-10,Germany,Slovenia,117.14831,95.631209
3609,1,1,2025-09-09,Poland,Turkey,74.020146,90.56613
3609,2,1,2025-09-09,Lithuania,Greece,97.697405,80.187197
3609,3,1,2025-09-10,Finland,Georgia,91.620958,91.912857
3609,4,1,2025-09-10,Germany,Slovenia,113.885,89.353076
3610,1,1,2025-09-09,Poland,Turkey,83.151548,73.465267
3610,2,1,2025-09-09,Lithuania,Greece,75.841631,86.800533
3610,3,1,2025-09-10,Finland,Georgia,94.782665,73.782334
3610,4,1,2025-09-10,Germany,Slovenia,87.138568,84.076401
3611,1,1,2025-09-09,Poland,Turkey,53.688549,100.2168
3611,2,1,2025-09-09,Lithuania,Greece,90.417192,75.899914
3611,3,1,2025-09-10,Finland,Georgia,99.832795,74.051635
3611,4,1,2025-09-10,Germany,Slovenia,95.511034,71.289459
3612,1,1,2025-09-09,Poland,Turkey,80.537909,87.42029
3612,2,1,2025-09-09,Lithuania,Greece,96.072204,79.683214
3612,3,1,2025-09-10,Finland,Georgia,129.13575,89.862332
3612,4,1,2025-09-10,Germany,Slovenia,123.58516,110.8417
3613,1,1,2025-09-09,Poland,Turkey,80.93875,86.9913
3613,2,1,2025-09-09,Lithuania,Greece,66.666922,80.942365
3613,3,1,2025-09-10,Finland,Georgia,103.64834,84.630564
3613,4,1,2025-09-10,Germany,Slovenia,95.128192,80.385923
3614,1,1,2025-09-09,Poland,Turkey,76.327947,100.07781
3614,2,1,2025-09-09,Lithuania,Greece,100.41036,72.596491
3614,3,1,2025-09-10,Finland,Georgia,107.83754,71.467416
3614,4,1,2025-09-10,Germany,Slovenia,107.186,86.092594
3615,1,1,2025-09-09,Poland,Turkey,78.729167,85.24949
3615,2,1,2025-09-09,Lithuania,Greece,77.794332,82.613955
3615,3,1,2025-09-10,Finland,Georgia,92.747115,67.946605
3615,4,1,2025-09-10,Germany,Slovenia,89.691072,72.468524
3616,1,1,2025-09-09,Poland,Turkey,77.914107,69.7129
3616,2,1,2025-09-09,Lithuania,Greece,92.147198,85.321858
3616,3,1,2025-09-10,Finland,Georgia,83.358815,73.847139
3616,4,1,2025-09-10,Germany,Slovenia,94.393598,88.375328
3617,1,1,2025-09-09,Poland,Turkey,78.385844,81.135553
3617,2,1,2025-09-09,Lithuania,Greece,93.340494,72.848356
3617,3,1,2025-09-10,Finland,Georgia,108.00371,85.318645
3617,4,1,2025-09-10,Germany,Slovenia,113.53467,93.337018
3618,1,1,2025-09-09,Poland,Turkey,77.114061,89.236933
3618,2,1,2025-09-09,Lithuania,Greece,99.684241,71.535849
3618,3,1,2025-09-10,Finland,Georgia,107.10391,78.480749
3618,4,1,2025-09-10,Germany,Slovenia,112.84874,89.520886
3619,1,1,2025-09-09,Poland,Turkey,61.114002,69.374464
3619,2,1,2025-09-09,Lithuania,Greece,88.484058,72.773564
3619,3,1,2025-09-10,Finland,Georgia,97.82076,77.849373
3619,4,1,2025-09-10,Germany,Slovenia,98.901031,75.936082
3620,1,1,2025-09-09,Poland,Turkey,52.802942,68.308943
3620,2,1,2025-09-09,Lithuania,Greece,80.168962,89.336779
3620,3,1,2025-09-10,Finland,Georgia,95.235856,75.347966
3620,4,1,2025-09-10,Germany,Slovenia,107.02023,84.072253
3621,1,1,2025-09-09,Poland,Turkey,81.521087,100.67471
3621,2,1,2025-09-09,Lithuania,Greece,101.80422,65.497103
3621,3,1,2025-09-10,Finland,Georgia,91.954441,83.035452
3621,4,1,2025-09-10,Germany,Slovenia,116.66734,80.75518
3622,1,1,2025-09-09,Poland,Turkey,81.451182,85.440617
3622,2,1,2025-09-09,Lithuania,Greece,77.44819,94.835968
3622,3,1,2025-09-10,Finland,Georgia,82.088365,69.183392
3622,4,1,2025-09-10,Germany,Slovenia,141.51504,76.762914
3623,1,1,2025-09-09,Poland,Turkey,92.99353,75.426284
3623,2,1,2025-09-09,Lithuania,Greece,73.879705,58.667216
3623,3,1,2025-09-10,Finland,Georgia,88.541628,71.087367
3623,4,1,2025-09-10,Germany,Slovenia,97.728211,78.53949
3624,1,1,2025-09-09,Poland,Turkey,75.283452,93.048327
3624,2,1,2025-09-09,Lithuania,Greece,79.88934,60.615652
3624,3,1,2025-09-10,Finland,Georgia,97.329487,62.539177
3624,4,1,2025-09-10,Germany,Slovenia,102.13384,87.610646
3625,1,1,2025-09-09,Poland,Turkey,80.009026,98.584188
3625,2,1,2025-09-09,Lithuania,Greece,120.00441,74.924229
3625,3,1,2025-09-10,Finland,Georgia,89.01095,72.18931
3625,4,1,2025-09-10,Germany,Slovenia,103.08173,77.026712
3626,1,1,2025-09-09,Poland,Turkey,78.128053,75.583172
3626,2,1,2025-09-09,Lithuania,Greece,66.399444,75.274501
3626,3,1,2025-09-10,Finland,Georgia,95.308349,81.27617
3626,4,1,2025-09-10,Germany,Slovenia,100.61091,75.318782
3627,1,1,2025-09-09,Poland,Turkey,72.550959,93.851795
3627,2,1,2025-09-09,Lithuania,Greece,98.657062,77.631574
3627,3,1,2025-09-10,Finland,Georgia,95.745676,82.122534
3627,4,1,2025-09-10,Germany,Slovenia,86.000818,62.999796
3628,1,1,2025-09-09,Poland,Turkey,89.929512,93.820762
3628,2,1,2025-09-09,Lithuania,Greece,81.96606,67.584888
3628,3,1,2025-09-10,Finland,Georgia,91.777398,70.052165
3628,4,1,2025-09-10,Germany,Slovenia,99.329068,84.585255
3629,1,1,2025-09-09,Poland,Turkey,92.50389,99.827876
3629,2,1,2025-09-09,Lithuania,Greece,86.552226,79.39305
3629,3,1,2025-09-10,Finland,Georgia,102.80767,75.978448
3629,4,1,2025-09-10,Germany,Slovenia,102.65366,71.612469
3630,1,1,2025-09-09,Poland,Turkey,80.452118,76.397241
3630,2,1,2025-09-09,Lithuania,Greece,118.34161,80.970583
3630,3,1,2025-09-10,Finland,Georgia,86.910512,84.545886
3630,4,1,2025-09-10,Germany,Slovenia,97.561239,75.967585
3631,1,1,2025-09-09,Poland,Turkey,82.562505,81.101567
3631,2,1,2025-09-09,Lithuania,Greece,85.440796,88.19344
3631,3,1,2025-09-10,Finland,Georgia,97.162276,78.333938
3631,4,1,2025-09-10,Germany,Slovenia,112.58001,79.642409
3632,1,1,2025-09-09,Poland,Turkey,73.770035,78.765601
3632,2,1,2025-09-09,Lithuania,Greece,68.052524,88.744666
3632,3,1,2025-09-10,Finland,Georgia,84.91146,76.365673
3632,4,1,2025-09-10,Germany,Slovenia,107.30889,76.238474
3633,1,1,2025-09-09,Poland,Turkey,83.909427,72.086843
3633,2,1,2025-09-09,Lithuania,Greece,81.460905,75.726053
3633,3,1,2025-09-10,Finland,Georgia,89.250024,60.881858
3633,4,1,2025-09-10,Germany,Slovenia,110.9317,87.587134
3634,1,1,2025-09-09,Poland,Turkey,61.448639,47.078199
3634,2,1,2025-09-09,Lithuania,Greece,88.659548,80.168493
3634,3,1,2025-09-10,Finland,Georgia,96.908833,89.221513
3634,4,1,2025-09-10,Germany,Slovenia,89.146019,55.228733
3635,1,1,2025-09-09,Poland,Turkey,66.214154,78.4089
3635,2,1,2025-09-09,Lithuania,Greece,109.36383,79.488748
3635,3,1,2025-09-10,Finland,Georgia,106.19098,74.339207
3635,4,1,2025-09-10,Germany,Slovenia,116.95507,95.657996
3636,1,1,2025-09-09,Poland,Turkey,87.188132,70.651478
3636,2,1,2025-09-09,Lithuania,Greece,69.523132,71.067256
3636,3,1,2025-09-10,Finland,Georgia,90.027424,62.559313
3636,4,1,2025-09-10,Germany,Slovenia,112.78259,96.894745
3637,1,1,2025-09-09,Poland,Turkey,66.656147,80.1382
3637,2,1,2025-09-09,Lithuania,Greece,89.546907,65.937343
3637,3,1,2025-09-10,Finland,Georgia,77.616863,73.041634
3637,4,1,2025-09-10,Germany,Slovenia,86.699351,104.01059
3638,1,1,2025-09-09,Poland,Turkey,83.779528,104.54512
3638,2,1,2025-09-09,Lithuania,Greece,75.148389,75.689221
3638,3,1,2025-09-10,Finland,Georgia,98.452858,63.370514
3638,4,1,2025-09-10,Germany,Slovenia,103.45601,68.590541
3639,1,1,2025-09-09,Poland,Turkey,85.854332,102.19353
3639,2,1,2025-09-09,Lithuania,Greece,86.888208,73.972798
3639,3,1,2025-09-10,Finland,Georgia,81.161255,88.906164
3639,4,1,2025-09-10,Germany,Slovenia,111.94223,85.813072
3640,1,1,2025-09-09,Poland,Turkey,57.025539,72.176837
3640,2,1,2025-09-09,Lithuania,Greece,63.597631,78.772661
3640,3,1,2025-09-10,Finland,Georgia,75.058029,67.650854
3640,4,1,2025-09-10,Germany,Slovenia,95.77697,78.100792
3641,1,1,2025-09-09,Poland,Turkey,67.696256,63.765912
3641,2,1,2025-09-09,Lithuania,Greece,91.418772,69.491096
3641,3,1,2025-09-10,Finland,Georgia,94.51327,99.282292
3641,4,1,2025-09-10,Germany,Slovenia,106.38645,84.477338
3642,1,1,2025-09-09,Poland,Turkey,62.981172,88.212438
3642,2,1,2025-09-09,Lithuania,Greece,87.493593,70.834626
3642,3,1,2025-09-10,Finland,Georgia,85.037078,73.10847
3642,4,1,2025-09-10,Germany,Slovenia,110.28988,101.00005
3643,1,1,2025-09-09,Poland,Turkey,69.464383,84.013958
3643,2,1,2025-09-09,Lithuania,Greece,93.011196,80.942569
3643,3,1,2025-09-10,Finland,Georgia,94.945551,79.604069
3643,4,1,2025-09-10,Germany,Slovenia,109.58035,94.880503
3644,1,1,2025-09-09,Poland,Turkey,65.654981,91.662517
3644,2,1,2025-09-09,Lithuania,Greece,77.541951,81.10006
3644,3,1,2025-09-10,Finland,Georgia,90.723265,80.984158
3644,4,1,2025-09-10,Germany,Slovenia,105.77341,91.107669
3645,1,1,2025-09-09,Poland,Turkey,75.175407,77.155928
3645,2,1,2025-09-09,Lithuania,Greece,82.917685,82.390791
3645,3,1,2025-09-10,Finland,Georgia,104.32588,73.09194
3645,4,1,2025-09-10,Germany,Slovenia,94.093527,76.741515
3646,1,1,2025-09-09,Poland,Turkey,76.56627,88.325901
3646,2,1,2025-09-09,Lithuania,Greece,94.450956,64.332372
3646,3,1,2025-09-10,Finland,Georgia,98.586399,75.136807
3646,4,1,2025-09-10,Germany,Slovenia,87.601803,92.868028
3647,1,1,2025-09-09,Poland,Turkey,98.111971,104.94117
3647,2,1,2025-09-09,Lithuania,Greece,80.716055,62.101766
3647,3,1,2025-09-10,Finland,Georgia,114.38635,85.667818
3647,4,1,2025-09-10,Germany,Slovenia,93.200145,100.61473
3648,1,1,2025-09-09,Poland,Turkey,71.038754,81.317671
3648,2,1,2025-09-09,Lithuania,Greece,112.91163,88.064749
3648,3,1,2025-09-10,Finland,Georgia,112.1407,96.051509
3648,4,1,2025-09-10,Germany,Slovenia,126.53325,91.49369
3649,1,1,2025-09-09,Poland,Turkey,71.020463,79.041652
3649,2,1,2025-09-09,Lithuania,Greece,80.436842,84.889801
3649,3,1,2025-09-10,Finland,Georgia,89.457534,77.809941
3649,4,1,2025-09-10,Germany,Slovenia,87.425688,102.31492
3650,1,1,2025-09-09,Poland,Turkey,78.890906,85.368111
3650,2,1,2025-09-09,Lithuania,Greece,95.216134,92.440705
3650,3,1,2025-09-10,Finland,Georgia,78.191715,59.948412
3650,4,1,2025-09-10,Germany,Slovenia,95.596923,95.535026
3651,1,1,2025-09-09,Poland,Turkey,89.410191,95.612376
3651,2,1,2025-09-09,Lithuania,Greece,80.295417,73.499135
3651,3,1,2025-09-10,Finland,Georgia,107.34492,65.635795
3651,4,1,2025-09-10,Germany,Slovenia,106.55557,92.129309
3652,1,1,2025-09-09,Poland,Turkey,61.721872,89.448108
3652,2,1,2025-09-09,Lithuania,Greece,89.395226,72.499454
3652,3,1,2025-09-10,Finland,Georgia,98.820379,63.682911
3652,4,1,2025-09-10,Germany,Slovenia,100.60101,87.05092
3653,1,1,2025-09-09,Poland,Turkey,67.623665,88.947685
3653,2,1,2025-09-09,Lithuania,Greece,82.203978,73.199009
3653,3,1,2025-09-10,Finland,Georgia,89.168489,59.928606
3653,4,1,2025-09-10,Germany,Slovenia,108.6077,81.30151
3654,1,1,2025-09-09,Poland,Turkey,84.167393,83.971643
3654,2,1,2025-09-09,Lithuania,Greece,79.433663,67.380112
3654,3,1,2025-09-10,Finland,Georgia,102.45514,81.781148
3654,4,1,2025-09-10,Germany,Slovenia,87.253888,88.876405
3655,1,1,2025-09-09,Poland,Turkey,77.719537,70.867117
3655,2,1,2025-09-09,Lithuania,Greece,104.94156,92.767086
3655,3,1,2025-09-10,Finland,Georgia,88.825592,71.838607
3655,4,1,2025-09-10,Germany,Slovenia,92.447425,87.06733
3656,1,1,2025-09-09,Poland,Turkey,65.350283,79.112167
3656,2,1,2025-09-09,Lithuania,Greece,98.663471,85.901873
3656,3,1,2025-09-10,Finland,Georgia,104.39717,82.082623
3656,4,1,2025-09-10,Germany,Slovenia,88.84691,89.22715
3657,1,1,2025-09-09,Poland,Turkey,75.063478,79.831409
3657,2,1,2025-09-09,Lithuania,Greece,95.438771,75.516373
3657,3,1,2025-09-10,Finland,Georgia,113.87199,98.966517
3657,4,1,2025-09-10,Germany,Slovenia,90.802986,80.68729
3658,1,1,2025-09-09,Poland,Turkey,77.867864,93.721248
3658,2,1,2025-09-09,Lithuania,Greece,102.04553,86.829939
3658,3,1,2025-09-10,Finland,Georgia,117.06147,81.007791
3658,4,1,2025-09-10,Germany,Slovenia,93.005045,75.149972
3659,1,1,2025-09-09,Poland,Turkey,83.087655,86.676267
3659,2,1,2025-09-09,Lithuania,Greece,87.587771,72.494113
3659,3,1,2025-09-10,Finland,Georgia,81.140286,71.901268
3659,4,1,2025-09-10,Germany,Slovenia,86.801728,84.973701
3660,1,1,2025-09-09,Poland,Turkey,93.34743,72.86868
3660,2,1,2025-09-09,Lithuania,Greece,80.625775,82.632116
3660,3,1,2025-09-10,Finland,Georgia,93.551329,73.216946
3660,4,1,2025-09-10,Germany,Slovenia,85.835811,88.553264
3661,1,1,2025-09-09,Poland,Turkey,82.13744,74.300466
3661,2,1,2025-09-09,Lithuania,Greece,82.581227,89.079081
3661,3,1,2025-09-10,Finland,Georgia,101.73207,76.711936
3661,4,1,2025-09-10,Germany,Slovenia,91.557786,63.866226
3662,1,1,2025-09-09,Poland,Turkey,80.180022,95.66332
3662,2,1,2025-09-09,Lithuania,Greece,87.907419,62.445653
3662,3,1,2025-09-10,Finland,Georgia,90.790313,52.758777
3662,4,1,2025-09-10,Germany,Slovenia,85.166674,73.579743
3663,1,1,2025-09-09,Poland,Turkey,84.123419,104.52482
3663,2,1,2025-09-09,Lithuania,Greece,83.831571,60.579627
3663,3,1,2025-09-10,Finland,Georgia,98.687275,75.487853
3663,4,1,2025-09-10,Germany,Slovenia,126.58217,71.207827
3664,1,1,2025-09-09,Poland,Turkey,69.952372,87.199425
3664,2,1,2025-09-09,Lithuania,Greece,96.010872,70.03308
3664,3,1,2025-09-10,Finland,Georgia,100.1813,83.148741
3664,4,1,2025-09-10,Germany,Slovenia,113.78114,72.456788
3665,1,1,2025-09-09,Poland,Turkey,85.171408,80.271111
3665,2,1,2025-09-09,Lithuania,Greece,91.427747,96.228703
3665,3,1,2025-09-10,Finland,Georgia,109.86828,68.602452
3665,4,1,2025-09-10,Germany,Slovenia,114.00454,88.57273
3666,1,1,2025-09-09,Poland,Turkey,71.771873,65.18186
3666,2,1,2025-09-09,Lithuania,Greece,91.271768,76.796849
3666,3,1,2025-09-10,Finland,Georgia,92.920167,65.169408
3666,4,1,2025-09-10,Germany,Slovenia,97.833524,56.218164
3667,1,1,2025-09-09,Poland,Turkey,78.625586,65.737733
3667,2,1,2025-09-09,Lithuania,Greece,89.833887,88.465322
3667,3,1,2025-09-10,Finland,Georgia,96.823752,72.866745
3667,4,1,2025-09-10,Germany,Slovenia,142.32517000000001,101.72842
3668,1,1,2025-09-09,Poland,Turkey,78.379114,96.483101
3668,2,1,2025-09-09,Lithuania,Greece,77.491533,58.518432
3668,3,1,2025-09-10,Finland,Georgia,70.777206,63.337083
3668,4,1,2025-09-10,Germany,Slovenia,113.22248,72.076504
3669,1,1,2025-09-09,Poland,Turkey,75.854751,78.021851
3669,2,1,2025-09-09,Lithuania,Greece,85.475531,88.130415
3669,3,1,2025-09-10,Finland,Georgia,74.721763,67.999975
3669,4,1,2025-09-10,Germany,Slovenia,112.03265,80.770387
3670,1,1,2025-09-09,Poland,Turkey,63.710737,78.637061
3670,2,1,2025-09-09,Lithuania,Greece,83.386071,63.681772
3670,3,1,2025-09-10,Finland,Georgia,86.215768,73.67958
3670,4,1,2025-09-10,Germany,Slovenia,115.98547,88.050353
3671,1,1,2025-09-09,Poland,Turkey,71.73009,96.597846
3671,2,1,2025-09-09,Lithuania,Greece,85.529441,79.357886
3671,3,1,2025-09-10,Finland,Georgia,91.015776,73.019303
3671,4,1,2025-09-10,Germany,Slovenia,114.12673,86.507773
3672,1,1,2025-09-09,Poland,Turkey,77.192121,80.103882
3672,2,1,2025-09-09,Lithuania,Greece,83.017785,81.359762
3672,3,1,2025-09-10,Finland,Georgia,68.723413,88.183646
3672,4,1,2025-09-10,Germany,Slovenia,104.90477,91.624725
3673,1,1,2025-09-09,Poland,Turkey,75.195829,80.650673
3673,2,1,2025-09-09,Lithuania,Greece,82.191204,72.017241
3673,3,1,2025-09-10,Finland,Georgia,88.793892,67.732957
3673,4,1,2025-09-10,Germany,Slovenia,97.353091,79.059666000000007
3674,1,1,2025-09-09,Poland,Turkey,50.690191,92.719635
3674,2,1,2025-09-09,Lithuania,Greece,103.55558,97.913199
3674,3,1,2025-09-10,Finland,Georgia,76.492805,79.351618
3674,4,1,2025-09-10,Germany,Slovenia,96.001615,79.970681
3675,1,1,2025-09-09,Poland,Turkey,88.715813,80.833591
3675,2,1,2025-09-09,Lithuania,Greece,89.871384,68.209575
3675,3,1,2025-09-10,Finland,Georgia,101.29314,65.561704
3675,4,1,2025-09-10,Germany,Slovenia,100.56439,73.613987
3676,1,1,2025-09-09,Poland,Turkey,102.63367,99.869396
3676,2,1,2025-09-09,Lithuania,Greece,91.307489,74.342711
3676,3,1,2025-09-10,Finland,Georgia,90.666498,64.266969
3676,4,1,2025-09-10,Germany,Slovenia,87.436724,87.690449
3677,1,1,2025-09-09,Poland,Turkey,82.99979,105.16739
3677,2,1,2025-09-09,Lithuania,Greece,68.175997,87.522372
3677,3,1,2025-09-10,Finland,Georgia,90.515202,91.560156
3677,4,1,2025-09-10,Germany,Slovenia,90.185906,74.205926
3678,1,1,2025-09-09,Poland,Turkey,74.31056,84.19467
3678,2,1,2025-09-09,Lithuania,Greece,92.050641,57.182811
3678,3,1,2025-09-10,Finland,Georgia,101.15992,76.533478
3678,4,1,2025-09-10,Germany,Slovenia,109.52054,89.355165
3679,1,1,2025-09-09,Poland,Turkey,63.600922,91.826072
3679,2,1,2025-09-09,Lithuania,Greece,92.311031,83.212891
3679,3,1,2025-09-10,Finland,Georgia,75.863143,85.323432
3679,4,1,2025-09-10,Germany,Slovenia,102.56053,87.697137
3680,1,1,2025-09-09,Poland,Turkey,76.408285,86.063689
3680,2,1,2025-09-09,Lithuania,Greece,87.798736,67.893059
3680,3,1,2025-09-10,Finland,Georgia,92.522123,66.367703
3680,4,1,2025-09-10,Germany,Slovenia,95.158833,71.541444
3681,1,1,2025-09-09,Poland,Turkey,78.541742,96.593009
3681,2,1,2025-09-09,Lithuania,Greece,102.06435,79.92151
3681,3,1,2025-09-10,Finland,Georgia,107.97706,74.200436
3681,4,1,2025-09-10,Germany,Slovenia,109.25377,91.227287
3682,1,1,2025-09-09,Poland,Turkey,64.090169,85.022788
3682,2,1,2025-09-09,Lithuania,Greece,85.802814,66.28814
3682,3,1,2025-09-10,Finland,Georgia,94.015162,66.312228
3682,4,1,2025-09-10,Germany,Slovenia,118.59638,84.949642
3683,1,1,2025-09-09,Poland,Turkey,87.625721,79.405045
3683,2,1,2025-09-09,Lithuania,Greece,97.28428,81.902729
3683,3,1,2025-09-10,Finland,Georgia,103.16681,90.996838
3683,4,1,2025-09-10,Germany,Slovenia,107.23336,88.497393
3684,1,1,2025-09-09,Poland,Turkey,60.960679,70.939683
3684,2,1,2025-09-09,Lithuania,Greece,92.063128,92.141524
3684,3,1,2025-09-10,Finland,Georgia,102.07258,83.983038
3684,4,1,2025-09-10,Germany,Slovenia,97.183082,88.508698
3685,1,1,2025-09-09,Poland,Turkey,77.016109,84.866345
3685,2,1,2025-09-09,Lithuania,Greece,76.099777,67.400041
3685,3,1,2025-09-10,Finland,Georgia,100.91986,84.732267
3685,4,1,2025-09-10,Germany,Slovenia,106.71898,87.18705
3686,1,1,2025-09-09,Poland,Turkey,74.500885,75.166953
3686,2,1,2025-09-09,Lithuania,Greece,64.455848,87.338236
3686,3,1,2025-09-10,Finland,Georgia,96.214678,76.860447
3686,4,1,2025-09-10,Germany,Slovenia,106.51381,81.316631
3687,1,1,2025-09-09,Poland,Turkey,72.734269,81.619769
3687,2,1,2025-09-09,Lithuania,Greece,99.479182,65.945191
3687,3,1,2025-09-10,Finland,Georgia,82.069959,75.592364
3687,4,1,2025-09-10,Germany,Slovenia,100.04847,101.50805
3688,1,1,2025-09-09,Poland,Turkey,83.883685,82.540403
3688,2,1,2025-09-09,Lithuania,Greece,92.127622,64.609991
3688,3,1,2025-09-10,Finland,Georgia,90.270076,67.443935
3688,4,1,2025-09-10,Germany,Slovenia,121.36287,83.854576
3689,1,1,2025-09-09,Poland,Turkey,84.328882,85.75075
3689,2,1,2025-09-09,Lithuania,Greece,76.955795,70.628508
3689,3,1,2025-09-10,Finland,Georgia,104.68607,63.334463
3689,4,1,2025-09-10,Germany,Slovenia,111.2863,84.731586
3690,1,1,2025-09-09,Poland,Turkey,79.868199,93.164152
3690,2,1,2025-09-09,Lithuania,Greece,82.834709,72.75489
3690,3,1,2025-09-10,Finland,Georgia,88.060858,69.329748
3690,4,1,2025-09-10,Germany,Slovenia,101.782,86.747389
3691,1,1,2025-09-09,Poland,Turkey,84.407471,104.85567
3691,2,1,2025-09-09,Lithuania,Greece,88.097084,83.292789
3691,3,1,2025-09-10,Finland,Georgia,76.385578,61.547955
3691,4,1,2025-09-10,Germany,Slovenia,109.44649,92.118804
3692,1,1,2025-09-09,Poland,Turkey,62.649339,81.591756
3692,2,1,2025-09-09,Lithuania,Greece,94.389098,93.07179
3692,3,1,2025-09-10,Finland,Georgia,66.637141,45.589157
3692,4,1,2025-09-10,Germany,Slovenia,82.593521,58.869825
3693,1,1,2025-09-09,Poland,Turkey,82.666858,100.13752
3693,2,1,2025-09-09,Lithuania,Greece,77.366302,81.856133
3693,3,1,2025-09-10,Finland,Georgia,81.939754,78.3571
3693,4,1,2025-09-10,Germany,Slovenia,75.471976,87.676646
3694,1,1,2025-09-09,Poland,Turkey,107.45391,78.885622
3694,2,1,2025-09-09,Lithuania,Greece,79.012274,66.523098
3694,3,1,2025-09-10,Finland,Georgia,97.591349,85.692927
3694,4,1,2025-09-10,Germany,Slovenia,86.817177,82.133042
3695,1,1,2025-09-09,Poland,Turkey,70.33253,75.822594
3695,2,1,2025-09-09,Lithuania,Greece,79.184572,61.619293
3695,3,1,2025-09-10,Finland,Georgia,99.606018,77.498064
3695,4,1,2025-09-10,Germany,Slovenia,87.266183,65.729336
3696,1,1,2025-09-09,Poland,Turkey,42.33161,67.778362
3696,2,1,2025-09-09,Lithuania,Greece,89.734235,85.915401
3696,3,1,2025-09-10,Finland,Georgia,96.700169,78.907492
3696,4,1,2025-09-10,Germany,Slovenia,97.952722,89.639021
3697,1,1,2025-09-09,Poland,Turkey,68.810407,103.03823
3697,2,1,2025-09-09,Lithuania,Greece,91.207228,76.169663
3697,3,1,2025-09-10,Finland,Georgia,89.066526,62.214884
3697,4,1,2025-09-10,Germany,Slovenia,89.009471,93.765108
3698,1,1,2025-09-09,Poland,Turkey,71.926309,81.855523
3698,2,1,2025-09-09,Lithuania,Greece,86.601604,71.781812
3698,3,1,2025-09-10,Finland,Georgia,99.166641,79.542748
3698,4,1,2025-09-10,Germany,Slovenia,106.08769,87.123018
3699,1,1,2025-09-09,Poland,Turkey,80.346128,86.929793
3699,2,1,2025-09-09,Lithuania,Greece,86.700235,77.486844
3699,3,1,2025-09-10,Finland,Georgia,101.57111,67.431377
3699,4,1,2025-09-10,Germany,Slovenia,95.232166,84.310441
3700,1,1,2025-09-09,Poland,Turkey,87.040424,83.485332
3700,2,1,2025-09-09,Lithuania,Greece,99.092625,58.841538
3700,3,1,2025-09-10,Finland,Georgia,81.032897,72.737129
3700,4,1,2025-09-10,Germany,Slovenia,99.386383,94.551943
3701,1,1,2025-09-09,Poland,Turkey,73.536955,107.45277
3701,2,1,2025-09-09,Lithuania,Greece,70.550503,89.919056
3701,3,1,2025-09-10,Finland,Georgia,92.275087,71.982989
3701,4,1,2025-09-10,Germany,Slovenia,104.23433,98.969185
3702,1,1,2025-09-09,Poland,Turkey,67.004535,84.579229
3702,2,1,2025-09-09,Lithuania,Greece,94.169042,81.192582
3702,3,1,2025-09-10,Finland,Georgia,84.924651,63.708486
3702,4,1,2025-09-10,Germany,Slovenia,92.354041,86.188153
3703,1,1,2025-09-09,Poland,Turkey,92.606685,90.937856
3703,2,1,2025-09-09,Lithuania,Greece,86.522673,69.727689
3703,3,1,2025-09-10,Finland,Georgia,87.084224,74.243218
3703,4,1,2025-09-10,Germany,Slovenia,104.69216,86.755648
3704,1,1,2025-09-09,Poland,Turkey,79.47673,101.20584
3704,2,1,2025-09-09,Lithuania,Greece,95.293537,57.923108
3704,3,1,2025-09-10,Finland,Georgia,106.59211,75.408656
3704,4,1,2025-09-10,Germany,Slovenia,73.928857,89.220578
3705,1,1,2025-09-09,Poland,Turkey,71.398369,95.637266
3705,2,1,2025-09-09,Lithuania,Greece,97.061426,67.538624
3705,3,1,2025-09-10,Finland,Georgia,114.6303,84.113124
3705,4,1,2025-09-10,Germany,Slovenia,132.7049,87.062927
3706,1,1,2025-09-09,Poland,Turkey,87.024593,83.143959
3706,2,1,2025-09-09,Lithuania,Greece,87.285736,83.762978
3706,3,1,2025-09-10,Finland,Georgia,87.071354,71.114447
3706,4,1,2025-09-10,Germany,Slovenia,104.05401,90.902053
3707,1,1,2025-09-09,Poland,Turkey,94.774169,89.445592
3707,2,1,2025-09-09,Lithuania,Greece,88.293682,69.760596
3707,3,1,2025-09-10,Finland,Georgia,105.23307,74.684484
3707,4,1,2025-09-10,Germany,Slovenia,102.10381,86.44953
3708,1,1,2025-09-09,Poland,Turkey,70.452621,67.759455
3708,2,1,2025-09-09,Lithuania,Greece,78.919383,78.715618
3708,3,1,2025-09-10,Finland,Georgia,82.887939,84.424848
3708,4,1,2025-09-10,Germany,Slovenia,99.301351,89.754471
3709,1,1,2025-09-09,Poland,Turkey,78.720334,94.293633
3709,2,1,2025-09-09,Lithuania,Greece,100.33728,82.683352
3709,3,1,2025-09-10,Finland,Georgia,102.84162,88.680666
3709,4,1,2025-09-10,Germany,Slovenia,102.42923,77.801592
3710,1,1,2025-09-09,Poland,Turkey,87.112171,69.252575
3710,2,1,2025-09-09,Lithuania,Greece,102.73637,75.549073
3710,3,1,2025-09-10,Finland,Georgia,104.15669,68.514116
3710,4,1,2025-09-10,Germany,Slovenia,110.3158,74.042172
3711,1,1,2025-09-09,Poland,Turkey,75.107176,84.552423
3711,2,1,2025-09-09,Lithuania,Greece,80.373399,87.733335
3711,3,1,2025-09-10,Finland,Georgia,105.15327,77.927405
3711,4,1,2025-09-10,Germany,Slovenia,62.400363,56.642673
3712,1,1,2025-09-09,Poland,Turkey,68.598133,90.649123
3712,2,1,2025-09-09,Lithuania,Greece,72.353901,89.322473
3712,3,1,2025-09-10,Finland,Georgia,85.536811,81.412803
3712,4,1,2025-09-10,Germany,Slovenia,96.3003,75.727099
3713,1,1,2025-09-09,Poland,Turkey,89.909642,98.238777
3713,2,1,2025-09-09,Lithuania,Greece,89.464987,77.319739
3713,3,1,2025-09-10,Finland,Georgia,99.66325,91.419349
3713,4,1,2025-09-10,Germany,Slovenia,104.72197,79.172903
3714,1,1,2025-09-09,Poland,Turkey,79.243585,88.866567
3714,2,1,2025-09-09,Lithuania,Greece,96.943406,96.776885
3714,3,1,2025-09-10,Finland,Georgia,100.04461,78.996454
3714,4,1,2025-09-10,Germany,Slovenia,103.6874,94.771511
3715,1,1,2025-09-09,Poland,Turkey,76.118344,76.374078
3715,2,1,2025-09-09,Lithuania,Greece,81.323953,82.428599
3715,3,1,2025-09-10,Finland,Georgia,95.786592,78.205734
3715,4,1,2025-09-10,Germany,Slovenia,93.219646,80.956563
3716,1,1,2025-09-09,Poland,Turkey,59.002564,107.41101
3716,2,1,2025-09-09,Lithuania,Greece,89.140108,91.257218
3716,3,1,2025-09-10,Finland,Georgia,79.83541,57.867418
3716,4,1,2025-09-10,Germany,Slovenia,79.412666,93.746071
3717,1,1,2025-09-09,Poland,Turkey,76.400891,83.385093
3717,2,1,2025-09-09,Lithuania,Greece,78.497074,77.623548
3717,3,1,2025-09-10,Finland,Georgia,94.183042,83.653792
3717,4,1,2025-09-10,Germany,Slovenia,102.55446,85.09345
3718,1,1,2025-09-09,Poland,Turkey,73.286008,68.888825
3718,2,1,2025-09-09,Lithuania,Greece,85.355065,80.129044
3718,3,1,2025-09-10,Finland,Georgia,80.987405999999993,77.696075
3718,4,1,2025-09-10,Germany,Slovenia,85.016679,85.43615
3719,1,1,2025-09-09,Poland,Turkey,103.90969,99.122255
3719,2,1,2025-09-09,Lithuania,Greece,75.379737,81.178912
3719,3,1,2025-09-10,Finland,Georgia,94.896828,80.216087
3719,4,1,2025-09-10,Germany,Slovenia,143.26228,107.84818
3720,1,1,2025-09-09,Poland,Turkey,83.395438,90.615401
3720,2,1,2025-09-09,Lithuania,Greece,82.607829,81.741301000000007
3720,3,1,2025-09-10,Finland,Georgia,102.52209,77.12548
3720,4,1,2025-09-10,Germany,Slovenia,103.06945,89.479767
3721,1,1,2025-09-09,Poland,Turkey,71.97903,93.016084
3721,2,1,2025-09-09,Lithuania,Greece,96.493075,82.303069
3721,3,1,2025-09-10,Finland,Georgia,90.556726,84.306327
3721,4,1,2025-09-10,Germany,Slovenia,80.540601,80.673724000000007
3722,1,1,2025-09-09,Poland,Turkey,75.034996,103.87185
3722,2,1,2025-09-09,Lithuania,Greece,86.972126,76.906096
3722,3,1,2025-09-10,Finland,Georgia,96.86046,84.267105
3722,4,1,2025-09-10,Germany,Slovenia,101.36321,90.730737
3723,1,1,2025-09-09,Poland,Turkey,59.36139,75.3458
3723,2,1,2025-09-09,Lithuania,Greece,96.144164,85.893234
3723,3,1,2025-09-10,Finland,Georgia,85.930582,71.346942
3723,4,1,2025-09-10,Germany,Slovenia,117.82029,98.967161
3724,1,1,2025-09-09,Poland,Turkey,86.121787,98.445829
3724,2,1,2025-09-09,Lithuania,Greece,106.88131,66.318685
3724,3,1,2025-09-10,Finland,Georgia,91.496625,76.687023
3724,4,1,2025-09-10,Germany,Slovenia,90.862962,76.527917
3725,1,1,2025-09-09,Poland,Turkey,84.183316,98.936438
3725,2,1,2025-09-09,Lithuania,Greece,95.473923,78.881452
3725,3,1,2025-09-10,Finland,Georgia,114.57081,72.14138
3725,4,1,2025-09-10,Germany,Slovenia,85.2927,84.235803
3726,1,1,2025-09-09,Poland,Turkey,82.313166,68.01606
3726,2,1,2025-09-09,Lithuania,Greece,110.42121,98.356155
3726,3,1,2025-09-10,Finland,Georgia,84.091086,70.253768
3726,4,1,2025-09-10,Germany,Slovenia,100.72124,76.584423
3727,1,1,2025-09-09,Poland,Turkey,62.324495,76.565902
3727,2,1,2025-09-09,Lithuania,Greece,85.545516,80.905975
3727,3,1,2025-09-10,Finland,Georgia,99.436745,57.462855
3727,4,1,2025-09-10,Germany,Slovenia,105.68633,88.068689
3728,1,1,2025-09-09,Poland,Turkey,77.574974,101.07652
3728,2,1,2025-09-09,Lithuania,Greece,85.299526,84.840476
3728,3,1,2025-09-10,Finland,Georgia,90.797731,85.444073
3728,4,1,2025-09-10,Germany,Slovenia,97.266729,80.507152
3729,1,1,2025-09-09,Poland,Turkey,74.702955,71.483807
3729,2,1,2025-09-09,Lithuania,Greece,79.232473,61.359131
3729,3,1,2025-09-10,Finland,Georgia,113.33827,70.618659
3729,4,1,2025-09-10,Germany,Slovenia,109.46134,83.734163
3730,1,1,2025-09-09,Poland,Turkey,76.406655,92.664911
3730,2,1,2025-09-09,Lithuania,Greece,106.2703,70.202004
3730,3,1,2025-09-10,Finland,Georgia,111.49363,68.578888
3730,4,1,2025-09-10,Germany,Slovenia,106.46141,101.37636
3731,1,1,2025-09-09,Poland,Turkey,75.56216,83.40668
3731,2,1,2025-09-09,Lithuania,Greece,98.390369,88.595715
3731,3,1,2025-09-10,Finland,Georgia,101.68051,77.144632
3731,4,1,2025-09-10,Germany,Slovenia,103.06784,94.960037
3732,1,1,2025-09-09,Poland,Turkey,82.210431,87.789381
3732,2,1,2025-09-09,Lithuania,Greece,96.013929,70.374649
3732,3,1,2025-09-10,Finland,Georgia,100.79662,76.476182
3732,4,1,2025-09-10,Germany,Slovenia,102.86933,86.239723
3733,1,1,2025-09-09,Poland,Turkey,71.824305,77.56295
3733,2,1,2025-09-09,Lithuania,Greece,97.458624,65.229274
3733,3,1,2025-09-10,Finland,Georgia,86.054006,63.696696
3733,4,1,2025-09-10,Germany,Slovenia,105.50551,67.893544
3734,1,1,2025-09-09,Poland,Turkey,82.164227,84.917212
3734,2,1,2025-09-09,Lithuania,Greece,81.913942,78.61278
3734,3,1,2025-09-10,Finland,Georgia,70.8969,62.533985
3734,4,1,2025-09-10,Germany,Slovenia,106.52956,82.710579
3735,1,1,2025-09-09,Poland,Turkey,80.385725,86.158227
3735,2,1,2025-09-09,Lithuania,Greece,78.614752,86.094722
3735,3,1,2025-09-10,Finland,Georgia,97.602897,62.420791
3735,4,1,2025-09-10,Germany,Slovenia,95.627992,94.596041
3736,1,1,2025-09-09,Poland,Turkey,58.19968,100.31793
3736,2,1,2025-09-09,Lithuania,Greece,104.38913,80.437991
3736,3,1,2025-09-10,Finland,Georgia,77.717169,59.735751
3736,4,1,2025-09-10,Germany,Slovenia,96.642277000000007,89.190919
3737,1,1,2025-09-09,Poland,Turkey,78.148966,89.54982
3737,2,1,2025-09-09,Lithuania,Greece,82.580009,68.005111
3737,3,1,2025-09-10,Finland,Georgia,88.092901,80.080232
3737,4,1,2025-09-10,Germany,Slovenia,98.084424,86.566897
3738,1,1,2025-09-09,Poland,Turkey,81.877482,78.854315
3738,2,1,2025-09-09,Lithuania,Greece,88.053963,103.94876
3738,3,1,2025-09-10,Finland,Georgia,108.50538,85.256057
3738,4,1,2025-09-10,Germany,Slovenia,100.87445,93.603786
3739,1,1,2025-09-09,Poland,Turkey,76.657793,95.232931
3739,2,1,2025-09-09,Lithuania,Greece,72.671127,76.493093
3739,3,1,2025-09-10,Finland,Georgia,78.083156,64.237096
3739,4,1,2025-09-10,Germany,Slovenia,101.81157,81.685373
3740,1,1,2025-09-09,Poland,Turkey,88.103229,78.786274
3740,2,1,2025-09-09,Lithuania,Greece,86.663497,71.547124
3740,3,1,2025-09-10,Finland,Georgia,100.2492,80.642359
3740,4,1,2025-09-10,Germany,Slovenia,120.68946,84.858799
3741,1,1,2025-09-09,Poland,Turkey,76.183273,84.732088
3741,2,1,2025-09-09,Lithuania,Greece,96.214789,95.881173
3741,3,1,2025-09-10,Finland,Georgia,83.99191,83.50891
3741,4,1,2025-09-10,Germany,Slovenia,97.624742,78.738947
3742,1,1,2025-09-09,Poland,Turkey,76.983976,77.959383
3742,2,1,2025-09-09,Lithuania,Greece,92.422265,69.722255
3742,3,1,2025-09-10,Finland,Georgia,105.76542,87.489586
3742,4,1,2025-09-10,Germany,Slovenia,99.593551,77.834588
3743,1,1,2025-09-09,Poland,Turkey,79.545557,95.044236
3743,2,1,2025-09-09,Lithuania,Greece,104.53564,84.66126
3743,3,1,2025-09-10,Finland,Georgia,111.503,81.242069
3743,4,1,2025-09-10,Germany,Slovenia,122.74806,102.832
3744,1,1,2025-09-09,Poland,Turkey,85.855457,85.174004
3744,2,1,2025-09-09,Lithuania,Greece,98.910726,70.036994000000007
3744,3,1,2025-09-10,Finland,Georgia,76.044168,87.822528
3744,4,1,2025-09-10,Germany,Slovenia,105.92328,91.001585
3745,1,1,2025-09-09,Poland,Turkey,76.44202,93.226676
3745,2,1,2025-09-09,Lithuania,Greece,89.988079,82.41211
3745,3,1,2025-09-10,Finland,Georgia,120.94976,103.46127
3745,4,1,2025-09-10,Germany,Slovenia,110.93975,88.142829
3746,1,1,2025-09-09,Poland,Turkey,91.180071,93.365931
3746,2,1,2025-09-09,Lithuania,Greece,92.329475,74.142504
3746,3,1,2025-09-10,Finland,Georgia,105.43839,84.356704
3746,4,1,2025-09-10,Germany,Slovenia,108.95974,72.159372
3747,1,1,2025-09-09,Poland,Turkey,59.40702,102.27335
3747,2,1,2025-09-09,Lithuania,Greece,67.780791,83.26845
3747,3,1,2025-09-10,Finland,Georgia,80.497095,57.485695
3747,4,1,2025-09-10,Germany,Slovenia,101.92995,99.416042
3748,1,1,2025-09-09,Poland,Turkey,83.639073,89.084501
3748,2,1,2025-09-09,Lithuania,Greece,99.886763,79.622203
3748,3,1,2025-09-10,Finland,Georgia,115.53211,81.842603
3748,4,1,2025-09-10,Germany,Slovenia,94.194858,91.823715000000007
3749,1,1,2025-09-09,Poland,Turkey,75.039871,94.170088
3749,2,1,2025-09-09,Lithuania,Greece,93.653164,80.137836
3749,3,1,2025-09-10,Finland,Georgia,91.650916,58.939698
3749,4,1,2025-09-10,Germany,Slovenia,97.525792,69.004102
3750,1,1,2025-09-09,Poland,Turkey,87.607317,92.207527
3750,2,1,2025-09-09,Lithuania,Greece,98.199427,83.548414
3750,3,1,2025-09-10,Finland,Georgia,112.25469,75.889068
3750,4,1,2025-09-10,Germany,Slovenia,113.71999,96.465657
3751,1,1,2025-09-09,Poland,Turkey,78.664102,89.628866
3751,2,1,2025-09-09,Lithuania,Greece,87.562571,77.315065
3751,3,1,2025-09-10,Finland,Georgia,97.51284,60.639307
3751,4,1,2025-09-10,Germany,Slovenia,89.032524,80.769752
3752,1,1,2025-09-09,Poland,Turkey,74.991244,99.399228
3752,2,1,2025-09-09,Lithuania,Greece,93.290114,74.532396
3752,3,1,2025-09-10,Finland,Georgia,118.45113,81.71435
3752,4,1,2025-09-10,Germany,Slovenia,97.181214,77.042556
3753,1,1,2025-09-09,Poland,Turkey,70.196398,87.952534
3753,2,1,2025-09-09,Lithuania,Greece,73.035808,67.97666
3753,3,1,2025-09-10,Finland,Georgia,104.73466,88.53966
3753,4,1,2025-09-10,Germany,Slovenia,102.22313,90.145528
3754,1,1,2025-09-09,Poland,Turkey,86.352487,84.893325
3754,2,1,2025-09-09,Lithuania,Greece,55.312076,33.521139
3754,3,1,2025-09-10,Finland,Georgia,112.61377,79.162712
3754,4,1,2025-09-10,Germany,Slovenia,109.39238,102.6422
3755,1,1,2025-09-09,Poland,Turkey,75.303936,98.631715
3755,2,1,2025-09-09,Lithuania,Greece,85.317924,75.348516
3755,3,1,2025-09-10,Finland,Georgia,98.073921,77.446356
3755,4,1,2025-09-10,Germany,Slovenia,79.770137,81.441774
3756,1,1,2025-09-09,Poland,Turkey,68.137205,68.768351
3756,2,1,2025-09-09,Lithuania,Greece,88.614254,59.714845
3756,3,1,2025-09-10,Finland,Georgia,59.771757,57.301401
3756,4,1,2025-09-10,Germany,Slovenia,115.49348,97.107621
3757,1,1,2025-09-09,Poland,Turkey,76.814421,84.726684
3757,2,1,2025-09-09,Lithuania,Greece,70.872572,71.677138
3757,3,1,2025-09-10,Finland,Georgia,113.77756,83.742697
3757,4,1,2025-09-10,Germany,Slovenia,98.605731,90.482487
3758,1,1,2025-09-09,Poland,Turkey,82.068744,86.208652
3758,2,1,2025-09-09,Lithuania,Greece,88.060559,82.412631
3758,3,1,2025-09-10,Finland,Georgia,81.883349,61.586606
3758,4,1,2025-09-10,Germany,Slovenia,97.532203,93.944867
3759,1,1,2025-09-09,Poland,Turkey,72.524558,92.589028
3759,2,1,2025-09-09,Lithuania,Greece,96.156322,77.157019
3759,3,1,2025-09-10,Finland,Georgia,76.413421,64.459883
3759,4,1,2025-09-10,Germany,Slovenia,128.01301,100.7999
3760,1,1,2025-09-09,Poland,Turkey,68.776214,88.250509
3760,2,1,2025-09-09,Lithuania,Greece,77.532547,73.714111
3760,3,1,2025-09-10,Finland,Georgia,95.281977,74.3609
3760,4,1,2025-09-10,Germany,Slovenia,108.99099,97.071764
3761,1,1,2025-09-09,Poland,Turkey,68.511748,80.180289
3761,2,1,2025-09-09,Lithuania,Greece,89.274449,81.5496
3761,3,1,2025-09-10,Finland,Georgia,80.065803,82.937144
3761,4,1,2025-09-10,Germany,Slovenia,112.33413,82.927253
3762,1,1,2025-09-09,Poland,Turkey,83.7548,68.863948
3762,2,1,2025-09-09,Lithuania,Greece,83.00069,52.298784
3762,3,1,2025-09-10,Finland,Georgia,81.11201,50.339319
3762,4,1,2025-09-10,Germany,Slovenia,88.204449,80.021826
3763,1,1,2025-09-09,Poland,Turkey,77.669125,99.065384
3763,2,1,2025-09-09,Lithuania,Greece,94.394292,93.044081
3763,3,1,2025-09-10,Finland,Georgia,94.316509,79.605312
3763,4,1,2025-09-10,Germany,Slovenia,90.449391,87.394712
3764,1,1,2025-09-09,Poland,Turkey,89.416566,96.228871
3764,2,1,2025-09-09,Lithuania,Greece,91.000999,89.64377
3764,3,1,2025-09-10,Finland,Georgia,100.21776,74.615048
3764,4,1,2025-09-10,Germany,Slovenia,100.31412,87.508001
3765,1,1,2025-09-09,Poland,Turkey,80.515084,99.607349
3765,2,1,2025-09-09,Lithuania,Greece,83.722096,79.331679
3765,3,1,2025-09-10,Finland,Georgia,104.63189,89.500151
3765,4,1,2025-09-10,Germany,Slovenia,109.24856,80.395149
3766,1,1,2025-09-09,Poland,Turkey,92.384841,115.9322
3766,2,1,2025-09-09,Lithuania,Greece,79.11548,73.242211
3766,3,1,2025-09-10,Finland,Georgia,86.443177,55.124134
3766,4,1,2025-09-10,Germany,Slovenia,86.437881,81.564599
3767,1,1,2025-09-09,Poland,Turkey,70.756103,77.410457
3767,2,1,2025-09-09,Lithuania,Greece,88.120902,78.173149
3767,3,1,2025-09-10,Finland,Georgia,82.825355,76.238649
3767,4,1,2025-09-10,Germany,Slovenia,100.72298,76.111446
3768,1,1,2025-09-09,Poland,Turkey,65.11816,101.83857
3768,2,1,2025-09-09,Lithuania,Greece,130.90111,87.060716
3768,3,1,2025-09-10,Finland,Georgia,96.649776,75.150053
3768,4,1,2025-09-10,Germany,Slovenia,129.76714,103.52643
3769,1,1,2025-09-09,Poland,Turkey,73.166753,92.828278
3769,2,1,2025-09-09,Lithuania,Greece,78.276805,79.518741
3769,3,1,2025-09-10,Finland,Georgia,110.91507,76.587082
3769,4,1,2025-09-10,Germany,Slovenia,95.086539,77.43278
3770,1,1,2025-09-09,Poland,Turkey,77.84276,69.322361
3770,2,1,2025-09-09,Lithuania,Greece,72.987347,60.677238
3770,3,1,2025-09-10,Finland,Georgia,79.009176,71.155121
3770,4,1,2025-09-10,Germany,Slovenia,122.13195,92.822136
3771,1,1,2025-09-09,Poland,Turkey,58.717153,93.019984
3771,2,1,2025-09-09,Lithuania,Greece,78.375217,69.356814
3771,3,1,2025-09-10,Finland,Georgia,91.019746,62.430388
3771,4,1,2025-09-10,Germany,Slovenia,110.74547,70.762777
3772,1,1,2025-09-09,Poland,Turkey,88.790291,86.843631
3772,2,1,2025-09-09,Lithuania,Greece,92.530309,80.353187
3772,3,1,2025-09-10,Finland,Georgia,102.31262,90.59118
3772,4,1,2025-09-10,Germany,Slovenia,100.86713,97.91418
3773,1,1,2025-09-09,Poland,Turkey,70.371847,82.64881
3773,2,1,2025-09-09,Lithuania,Greece,78.720728,104.65051
3773,3,1,2025-09-10,Finland,Georgia,94.557855,69.742597
3773,4,1,2025-09-10,Germany,Slovenia,100.8652,79.398033
3774,1,1,2025-09-09,Poland,Turkey,89.990646,85.204026
3774,2,1,2025-09-09,Lithuania,Greece,78.320317,81.845725
3774,3,1,2025-09-10,Finland,Georgia,106.18901,73.214626
3774,4,1,2025-09-10,Germany,Slovenia,93.657943,80.134545
3775,1,1,2025-09-09,Poland,Turkey,78.051993,83.247918
3775,2,1,2025-09-09,Lithuania,Greece,88.668826,83.163531
3775,3,1,2025-09-10,Finland,Georgia,92.575244,62.215189
3775,4,1,2025-09-10,Germany,Slovenia,99.689895,91.80911
3776,1,1,2025-09-09,Poland,Turkey,79.603934,102.49989
3776,2,1,2025-09-09,Lithuania,Greece,90.371644,67.225459
3776,3,1,2025-09-10,Finland,Georgia,94.688717,72.784007
3776,4,1,2025-09-10,Germany,Slovenia,86.391643,85.267201
3777,1,1,2025-09-09,Poland,Turkey,89.882953,88.352615
3777,2,1,2025-09-09,Lithuania,Greece,93.188402,67.22987
3777,3,1,2025-09-10,Finland,Georgia,85.593022,79.15394
3777,4,1,2025-09-10,Germany,Slovenia,100.60673,96.738171
3778,1,1,2025-09-09,Poland,Turkey,80.227661,83.033531
3778,2,1,2025-09-09,Lithuania,Greece,94.41713,93.991401
3778,3,1,2025-09-10,Finland,Georgia,89.703709,88.151035
3778,4,1,2025-09-10,Germany,Slovenia,102.21578,100.51645
3779,1,1,2025-09-09,Poland,Turkey,69.607437,76.476062
3779,2,1,2025-09-09,Lithuania,Greece,77.494736,67.426173
3779,3,1,2025-09-10,Finland,Georgia,95.729304,81.027807
3779,4,1,2025-09-10,Germany,Slovenia,102.35192,94.255041
3780,1,1,2025-09-09,Poland,Turkey,73.002275,80.127721
3780,2,1,2025-09-09,Lithuania,Greece,96.684031,71.997016
3780,3,1,2025-09-10,Finland,Georgia,99.854085,73.382939
3780,4,1,2025-09-10,Germany,Slovenia,84.434244,84.92476
3781,1,1,2025-09-09,Poland,Turkey,69.763101,103.70896
3781,2,1,2025-09-09,Lithuania,Greece,84.032818,65.849698
3781,3,1,2025-09-10,Finland,Georgia,107.58023,69.468159
3781,4,1,2025-09-10,Germany,Slovenia,113.93897,99.981228
3782,1,1,2025-09-09,Poland,Turkey,82.027813,75.784633
3782,2,1,2025-09-09,Lithuania,Greece,114.33101,102.19251
3782,3,1,2025-09-10,Finland,Georgia,82.600164,91.775823
3782,4,1,2025-09-10,Germany,Slovenia,87.318635,67.041629
3783,1,1,2025-09-09,Poland,Turkey,71.72406,101.02962
3783,2,1,2025-09-09,Lithuania,Greece,69.663951,75.853345
3783,3,1,2025-09-10,Finland,Georgia,88.331875,65.866371
3783,4,1,2025-09-10,Germany,Slovenia,96.923998,74.548173
3784,1,1,2025-09-09,Poland,Turkey,91.934363,80.436499
3784,2,1,2025-09-09,Lithuania,Greece,87.341035,89.838412
3784,3,1,2025-09-10,Finland,Georgia,91.959395,64.218776
3784,4,1,2025-09-10,Germany,Slovenia,91.785841,76.569568
3785,1,1,2025-09-09,Poland,Turkey,72.724565,89.847026
3785,2,1,2025-09-09,Lithuania,Greece,80.769128,83.44691
3785,3,1,2025-09-10,Finland,Georgia,95.28595,68.033345
3785,4,1,2025-09-10,Germany,Slovenia,100.07178,86.373888
3786,1,1,2025-09-09,Poland,Turkey,92.006191,94.606634
3786,2,1,2025-09-09,Lithuania,Greece,83.081629,87.268061
3786,3,1,2025-09-10,Finland,Georgia,103.56971,74.721676
3786,4,1,2025-09-10,Germany,Slovenia,107.75361,96.947372
3787,1,1,2025-09-09,Poland,Turkey,70.869767,89.368362
3787,2,1,2025-09-09,Lithuania,Greece,84.816914,68.787846
3787,3,1,2025-09-10,Finland,Georgia,105.5917,77.440661
3787,4,1,2025-09-10,Germany,Slovenia,90.266448,104.51207
3788,1,1,2025-09-09,Poland,Turkey,77.903162,106.63704
3788,2,1,2025-09-09,Lithuania,Greece,102.81089,83.330819
3788,3,1,2025-09-10,Finland,Georgia,76.477457,67.898794
3788,4,1,2025-09-10,Germany,Slovenia,103.28452,83.737405999999993
3789,1,1,2025-09-09,Poland,Turkey,68.925363,77.745192
3789,2,1,2025-09-09,Lithuania,Greece,87.772521,92.946241
3789,3,1,2025-09-10,Finland,Georgia,95.918041,83.186
3789,4,1,2025-09-10,Germany,Slovenia,124.49764,109.25915
3790,1,1,2025-09-09,Poland,Turkey,97.679064,92.943981
3790,2,1,2025-09-09,Lithuania,Greece,73.793518,86.947062
3790,3,1,2025-09-10,Finland,Georgia,110.6864,63.477809
3790,4,1,2025-09-10,Germany,Slovenia,114.25735,91.052308
3791,1,1,2025-09-09,Poland,Turkey,79.544606,92.890349
3791,2,1,2025-09-09,Lithuania,Greece,109.01534,68.295637
3791,3,1,2025-09-10,Finland,Georgia,94.678947,86.193603
3791,4,1,2025-09-10,Germany,Slovenia,92.976083,70.325583
3792,1,1,2025-09-09,Poland,Turkey,63.386309,90.988569
3792,2,1,2025-09-09,Lithuania,Greece,81.299411,76.295537
3792,3,1,2025-09-10,Finland,Georgia,111.52735,91.202077
3792,4,1,2025-09-10,Germany,Slovenia,110.31164,104.44898
3793,1,1,2025-09-09,Poland,Turkey,68.31566,83.186603
3793,2,1,2025-09-09,Lithuania,Greece,111.89598,88.988694
3793,3,1,2025-09-10,Finland,Georgia,103.098,100.87968
3793,4,1,2025-09-10,Germany,Slovenia,89.218448,88.407118
3794,1,1,2025-09-09,Poland,Turkey,64.22993,75.071945
3794,2,1,2025-09-09,Lithuania,Greece,97.173974,70.630824
3794,3,1,2025-09-10,Finland,Georgia,108.68083,65.935699
3794,4,1,2025-09-10,Germany,Slovenia,106.0256,100.99184
3795,1,1,2025-09-09,Poland,Turkey,78.189483,73.169026
3795,2,1,2025-09-09,Lithuania,Greece,88.353444,73.662339
3795,3,1,2025-09-10,Finland,Georgia,84.532285,71.449039
3795,4,1,2025-09-10,Germany,Slovenia,100.36135,93.572559
3796,1,1,2025-09-09,Poland,Turkey,91.349132,81.283867
3796,2,1,2025-09-09,Lithuania,Greece,76.27189,91.814191
3796,3,1,2025-09-10,Finland,Georgia,97.96449,68.910085
3796,4,1,2025-09-10,Germany,Slovenia,88.532294,62.446207
3797,1,1,2025-09-09,Poland,Turkey,84.458009,95.182713
3797,2,1,2025-09-09,Lithuania,Greece,100.52884,114.36878
3797,3,1,2025-09-10,Finland,Georgia,96.508329,70.28248
3797,4,1,2025-09-10,Germany,Slovenia,85.77222,81.41404
3798,1,1,2025-09-09,Poland,Turkey,71.873477,96.351277
3798,2,1,2025-09-09,Lithuania,Greece,89.829597,86.552213
3798,3,1,2025-09-10,Finland,Georgia,103.54983,76.644935
3798,4,1,2025-09-10,Germany,Slovenia,107.35898,91.433204
3799,1,1,2025-09-09,Poland,Turkey,80.598397,99.02752
3799,2,1,2025-09-09,Lithuania,Greece,90.712462,77.632352
3799,3,1,2025-09-10,Finland,Georgia,88.425436,84.248061
3799,4,1,2025-09-10,Germany,Slovenia,104.15455,74.345817
3800,1,1,2025-09-09,Poland,Turkey,74.940611,84.524944
3800,2,1,2025-09-09,Lithuania,Greece,44.874656,55.61485
3800,3,1,2025-09-10,Finland,Georgia,93.578454,74.006471
3800,4,1,2025-09-10,Germany,Slovenia,101.55312,95.102925
3801,1,1,2025-09-09,Poland,Turkey,78.657815,82.138817
3801,2,1,2025-09-09,Lithuania,Greece,96.236638,92.778951
3801,3,1,2025-09-10,Finland,Georgia,92.050887,65.392823
3801,4,1,2025-09-10,Germany,Slovenia,112.48071,105.76061
3802,1,1,2025-09-09,Poland,Turkey,70.122357,102.93475
3802,2,1,2025-09-09,Lithuania,Greece,97.510679,80.157229
3802,3,1,2025-09-10,Finland,Georgia,101.0257,65.017041
3802,4,1,2025-09-10,Germany,Slovenia,95.599028,74.931306
3803,1,1,2025-09-09,Poland,Turkey,84.344697,78.185232
3803,2,1,2025-09-09,Lithuania,Greece,85.187966,69.258281
3803,3,1,2025-09-10,Finland,Georgia,90.009627,66.450739
3803,4,1,2025-09-10,Germany,Slovenia,97.346154,81.913929
3804,1,1,2025-09-09,Poland,Turkey,88.091808,112.00059
3804,2,1,2025-09-09,Lithuania,Greece,99.874106,75.719961
3804,3,1,2025-09-10,Finland,Georgia,105.16953,84.053716
3804,4,1,2025-09-10,Germany,Slovenia,117.06426,84.623841
3805,1,1,2025-09-09,Poland,Turkey,55.586955,74.670524
3805,2,1,2025-09-09,Lithuania,Greece,93.949655,82.064268
3805,3,1,2025-09-10,Finland,Georgia,103.93108,87.856331
3805,4,1,2025-09-10,Germany,Slovenia,109.26233,84.734075
3806,1,1,2025-09-09,Poland,Turkey,66.587019,87.448484
3806,2,1,2025-09-09,Lithuania,Greece,91.835187,69.748874
3806,3,1,2025-09-10,Finland,Georgia,83.221414,75.92917
3806,4,1,2025-09-10,Germany,Slovenia,91.957174,85.373137
3807,1,1,2025-09-09,Poland,Turkey,77.813892,92.616285
3807,2,1,2025-09-09,Lithuania,Greece,89.726706,78.76255
3807,3,1,2025-09-10,Finland,Georgia,85.30429,80.069068
3807,4,1,2025-09-10,Germany,Slovenia,99.584621,79.493787
3808,1,1,2025-09-09,Poland,Turkey,67.461253,86.221359
3808,2,1,2025-09-09,Lithuania,Greece,86.382508,72.306244
3808,3,1,2025-09-10,Finland,Georgia,90.161334,83.234437
3808,4,1,2025-09-10,Germany,Slovenia,109.01533,85.062037
3809,1,1,2025-09-09,Poland,Turkey,68.506661,99.65493
3809,2,1,2025-09-09,Lithuania,Greece,78.756353,78.834102
3809,3,1,2025-09-10,Finland,Georgia,79.659814,72.531945
3809,4,1,2025-09-10,Germany,Slovenia,105.87924,97.007665
3810,1,1,2025-09-09,Poland,Turkey,84.269082,96.160067
3810,2,1,2025-09-09,Lithuania,Greece,86.299993,66.337775
3810,3,1,2025-09-10,Finland,Georgia,102.25949,68.735879
3810,4,1,2025-09-10,Germany,Slovenia,107.17089,74.157453
3811,1,1,2025-09-09,Poland,Turkey,59.741704,83.74898
3811,2,1,2025-09-09,Lithuania,Greece,65.645455,73.03101
3811,3,1,2025-09-10,Finland,Georgia,123.73169,89.49401
3811,4,1,2025-09-10,Germany,Slovenia,89.331368,105.6772
3812,1,1,2025-09-09,Poland,Turkey,72.67537,78.308163
3812,2,1,2025-09-09,Lithuania,Greece,88.512119,78.520036
3812,3,1,2025-09-10,Finland,Georgia,109.50789,67.625062
3812,4,1,2025-09-10,Germany,Slovenia,96.135271,104.89034
3813,1,1,2025-09-09,Poland,Turkey,74.908113,74.851244
3813,2,1,2025-09-09,Lithuania,Greece,87.703296,67.722156
3813,3,1,2025-09-10,Finland,Georgia,98.476058,85.835031
3813,4,1,2025-09-10,Germany,Slovenia,92.929527,77.384706
3814,1,1,2025-09-09,Poland,Turkey,74.147743,87.544146
3814,2,1,2025-09-09,Lithuania,Greece,98.163991,77.595026
3814,3,1,2025-09-10,Finland,Georgia,87.625022,73.207698
3814,4,1,2025-09-10,Germany,Slovenia,108.25077,63.099383
3815,1,1,2025-09-09,Poland,Turkey,83.05117,87.741231
3815,2,1,2025-09-09,Lithuania,Greece,89.57416,59.79814
3815,3,1,2025-09-10,Finland,Georgia,112.92612,72.289139
3815,4,1,2025-09-10,Germany,Slovenia,94.80594,100.29425
3816,1,1,2025-09-09,Poland,Turkey,83.601696,94.181442
3816,2,1,2025-09-09,Lithuania,Greece,64.413326,90.717589
3816,3,1,2025-09-10,Finland,Georgia,106.83732,72.136709
3816,4,1,2025-09-10,Germany,Slovenia,108.74938,113.63896
3817,1,1,2025-09-09,Poland,Turkey,95.229486,66.955679
3817,2,1,2025-09-09,Lithuania,Greece,84.262583,88.006853
3817,3,1,2025-09-10,Finland,Georgia,97.09284,78.119042
3817,4,1,2025-09-10,Germany,Slovenia,108.62813,69.688042
3818,1,1,2025-09-09,Poland,Turkey,77.454065,69.519099
3818,2,1,2025-09-09,Lithuania,Greece,93.47917,75.948697
3818,3,1,2025-09-10,Finland,Georgia,92.209905,64.707065
3818,4,1,2025-09-10,Germany,Slovenia,104.16056,96.808061
3819,1,1,2025-09-09,Poland,Turkey,80.126704,100.64962
3819,2,1,2025-09-09,Lithuania,Greece,99.767072,89.994515
3819,3,1,2025-09-10,Finland,Georgia,94.217883,63.857759
3819,4,1,2025-09-10,Germany,Slovenia,94.666973,82.622744
3820,1,1,2025-09-09,Poland,Turkey,65.216983,95.856075
3820,2,1,2025-09-09,Lithuania,Greece,88.23912,109.66969
3820,3,1,2025-09-10,Finland,Georgia,88.774704,59.109064
3820,4,1,2025-09-10,Germany,Slovenia,102.51222,80.403202
3821,1,1,2025-09-09,Poland,Turkey,96.7695,76.322844
3821,2,1,2025-09-09,Lithuania,Greece,85.981219,71.669391
3821,3,1,2025-09-10,Finland,Georgia,103.07968,75.734976
3821,4,1,2025-09-10,Germany,Slovenia,92.011073,69.889572
3822,1,1,2025-09-09,Poland,Turkey,54.161156,94.938583
3822,2,1,2025-09-09,Lithuania,Greece,89.612063,59.567063
3822,3,1,2025-09-10,Finland,Georgia,97.381893,77.473451
3822,4,1,2025-09-10,Germany,Slovenia,91.134744,91.980045
3823,1,1,2025-09-09,Poland,Turkey,83.94758,98.823564
3823,2,1,2025-09-09,Lithuania,Greece,88.142191,74.749999
3823,3,1,2025-09-10,Finland,Georgia,107.20346,77.090903
3823,4,1,2025-09-10,Germany,Slovenia,90.033263,79.793291
3824,1,1,2025-09-09,Poland,Turkey,103.78122,95.035658
3824,2,1,2025-09-09,Lithuania,Greece,92.262625,80.508595
3824,3,1,2025-09-10,Finland,Georgia,85.853794,77.184846
3824,4,1,2025-09-10,Germany,Slovenia,108.91201,82.856485
3825,1,1,2025-09-09,Poland,Turkey,61.070518,87.165222
3825,2,1,2025-09-09,Lithuania,Greece,83.973475,67.997075
3825,3,1,2025-09-10,Finland,Georgia,97.749988,75.961532
3825,4,1,2025-09-10,Germany,Slovenia,86.563643,75.456339
3826,1,1,2025-09-09,Poland,Turkey,69.523096,103.48962
3826,2,1,2025-09-09,Lithuania,Greece,74.484946,87.898887
3826,3,1,2025-09-10,Finland,Georgia,103.59097,80.643963
3826,4,1,2025-09-10,Germany,Slovenia,129.23288,109.94003
3827,1,1,2025-09-09,Poland,Turkey,56.550842,72.735255
3827,2,1,2025-09-09,Lithuania,Greece,95.718869,70.502302
3827,3,1,2025-09-10,Finland,Georgia,80.526809,83.957396
3827,4,1,2025-09-10,Germany,Slovenia,106.45429,80.270274
3828,1,1,2025-09-09,Poland,Turkey,77.932143,87.763635
3828,2,1,2025-09-09,Lithuania,Greece,80.772928,71.48728
3828,3,1,2025-09-10,Finland,Georgia,113.93418,84.057743
3828,4,1,2025-09-10,Germany,Slovenia,103.47388,97.476362
3829,1,1,2025-09-09,Poland,Turkey,69.770949,84.293963
3829,2,1,2025-09-09,Lithuania,Greece,91.933866,71.859443
3829,3,1,2025-09-10,Finland,Georgia,95.290641,67.448825
3829,4,1,2025-09-10,Germany,Slovenia,120.48465,87.529577
3830,1,1,2025-09-09,Poland,Turkey,52.677603,84.69177
3830,2,1,2025-09-09,Lithuania,Greece,92.597262,84.411263
3830,3,1,2025-09-10,Finland,Georgia,101.57425,76.830458
3830,4,1,2025-09-10,Germany,Slovenia,124.89716,92.562707
3831,1,1,2025-09-09,Poland,Turkey,67.885464,87.110513
3831,2,1,2025-09-09,Lithuania,Greece,81.778192,68.429567
3831,3,1,2025-09-10,Finland,Georgia,89.820583,70.826752
3831,4,1,2025-09-10,Germany,Slovenia,119.11567,94.017638
3832,1,1,2025-09-09,Poland,Turkey,87.83891,115.94125
3832,2,1,2025-09-09,Lithuania,Greece,86.864619,92.25596
3832,3,1,2025-09-10,Finland,Georgia,102.17471,83.762956
3832,4,1,2025-09-10,Germany,Slovenia,111.49288,89.764035
3833,1,1,2025-09-09,Poland,Turkey,68.541001,82.768657
3833,2,1,2025-09-09,Lithuania,Greece,83.297244,81.332853
3833,3,1,2025-09-10,Finland,Georgia,86.33292,55.205356
3833,4,1,2025-09-10,Germany,Slovenia,98.575008,92.373462
3834,1,1,2025-09-09,Poland,Turkey,72.204023,81.642382
3834,2,1,2025-09-09,Lithuania,Greece,103.46121,79.527641
3834,3,1,2025-09-10,Finland,Georgia,81.854821,63.907681
3834,4,1,2025-09-10,Germany,Slovenia,107.35769,75.805462
3835,1,1,2025-09-09,Poland,Turkey,68.451747,76.289674
3835,2,1,2025-09-09,Lithuania,Greece,88.816193,72.595322
3835,3,1,2025-09-10,Finland,Georgia,76.826041,79.854068
3835,4,1,2025-09-10,Germany,Slovenia,93.117138,82.29183
3836,1,1,2025-09-09,Poland,Turkey,71.976091,88.679807
3836,2,1,2025-09-09,Lithuania,Greece,102.39516,76.323976
3836,3,1,2025-09-10,Finland,Georgia,123.22153,78.835552
3836,4,1,2025-09-10,Germany,Slovenia,113.98315,90.17389
3837,1,1,2025-09-09,Poland,Turkey,86.684986,109.8551
3837,2,1,2025-09-09,Lithuania,Greece,92.747422,76.366072
3837,3,1,2025-09-10,Finland,Georgia,98.01482,76.695897
3837,4,1,2025-09-10,Germany,Slovenia,100.65638,87.267843
3838,1,1,2025-09-09,Poland,Turkey,88.584141,89.645811
3838,2,1,2025-09-09,Lithuania,Greece,83.88047,78.151736
3838,3,1,2025-09-10,Finland,Georgia,119.09387,93.309049
3838,4,1,2025-09-10,Germany,Slovenia,110.7202,69.330238
3839,1,1,2025-09-09,Poland,Turkey,80.604196,76.620188
3839,2,1,2025-09-09,Lithuania,Greece,78.250814,74.171239
3839,3,1,2025-09-10,Finland,Georgia,110.91768,80.565367
3839,4,1,2025-09-10,Germany,Slovenia,103.58158,95.458038
3840,1,1,2025-09-09,Poland,Turkey,67.035205,92.91948
3840,2,1,2025-09-09,Lithuania,Greece,85.248006,70.907104
3840,3,1,2025-09-10,Finland,Georgia,107.55495,67.811038
3840,4,1,2025-09-10,Germany,Slovenia,115.05509,83.977722
3841,1,1,2025-09-09,Poland,Turkey,74.35966,108.90978
3841,2,1,2025-09-09,Lithuania,Greece,79.061484,84.031896
3841,3,1,2025-09-10,Finland,Georgia,91.398176,80.897669
3841,4,1,2025-09-10,Germany,Slovenia,114.63022,89.326361
3842,1,1,2025-09-09,Poland,Turkey,105.46066,112.33365
3842,2,1,2025-09-09,Lithuania,Greece,83.786264,72.291997
3842,3,1,2025-09-10,Finland,Georgia,94.182,70.230475
3842,4,1,2025-09-10,Germany,Slovenia,94.174209,85.580257
3843,1,1,2025-09-09,Poland,Turkey,78.58413,87.290573
3843,2,1,2025-09-09,Lithuania,Greece,93.335632,80.171765
3843,3,1,2025-09-10,Finland,Georgia,89.85451,85.172553
3843,4,1,2025-09-10,Germany,Slovenia,111.36691,77.115632
3844,1,1,2025-09-09,Poland,Turkey,66.03712,72.475728
3844,2,1,2025-09-09,Lithuania,Greece,100.31391,72.599976
3844,3,1,2025-09-10,Finland,Georgia,122.47622,77.153669
3844,4,1,2025-09-10,Germany,Slovenia,96.872303,86.759149
3845,1,1,2025-09-09,Poland,Turkey,75.427347,77.92334
3845,2,1,2025-09-09,Lithuania,Greece,82.741231,60.274052
3845,3,1,2025-09-10,Finland,Georgia,99.143985,79.091171
3845,4,1,2025-09-10,Germany,Slovenia,97.965162,92.657894
3846,1,1,2025-09-09,Poland,Turkey,74.096356,94.714355
3846,2,1,2025-09-09,Lithuania,Greece,75.183022,81.495102
3846,3,1,2025-09-10,Finland,Georgia,97.322115,84.681716
3846,4,1,2025-09-10,Germany,Slovenia,98.065489,84.436505
3847,1,1,2025-09-09,Poland,Turkey,78.239972,109.69336
3847,2,1,2025-09-09,Lithuania,Greece,91.861943,77.001452
3847,3,1,2025-09-10,Finland,Georgia,119.62128,83.912637
3847,4,1,2025-09-10,Germany,Slovenia,110.88333,97.263225
3848,1,1,2025-09-09,Poland,Turkey,69.819895,97.662989
3848,2,1,2025-09-09,Lithuania,Greece,86.292987,66.571238
3848,3,1,2025-09-10,Finland,Georgia,93.482445,61.583884
3848,4,1,2025-09-10,Germany,Slovenia,105.50044,78.611703
3849,1,1,2025-09-09,Poland,Turkey,42.758306,73.265418
3849,2,1,2025-09-09,Lithuania,Greece,81.398798,77.902743
3849,3,1,2025-09-10,Finland,Georgia,104.14994,87.795527
3849,4,1,2025-09-10,Germany,Slovenia,106.07499,87.947066
3850,1,1,2025-09-09,Poland,Turkey,71.846723,86.566996
3850,2,1,2025-09-09,Lithuania,Greece,63.403804,79.008377
3850,3,1,2025-09-10,Finland,Georgia,91.98723,72.663086
3850,4,1,2025-09-10,Germany,Slovenia,110.98452,94.645284
3851,1,1,2025-09-09,Poland,Turkey,76.25576,98.173377
3851,2,1,2025-09-09,Lithuania,Greece,102.21939,79.417378
3851,3,1,2025-09-10,Finland,Georgia,122.04428,86.683445
3851,4,1,2025-09-10,Germany,Slovenia,100.38487,90.07542
3852,1,1,2025-09-09,Poland,Turkey,87.185246,90.338716
3852,2,1,2025-09-09,Lithuania,Greece,95.094833,69.804127
3852,3,1,2025-09-10,Finland,Georgia,94.862543,87.137355
3852,4,1,2025-09-10,Germany,Slovenia,102.38507,87.043221
3853,1,1,2025-09-09,Poland,Turkey,76.208512,80.537495
3853,2,1,2025-09-09,Lithuania,Greece,81.741138,88.176783
3853,3,1,2025-09-10,Finland,Georgia,113.98791,80.53653
3853,4,1,2025-09-10,Germany,Slovenia,96.012512,84.148636
3854,1,1,2025-09-09,Poland,Turkey,78.050027,82.279253
3854,2,1,2025-09-09,Lithuania,Greece,106.13083,84.580581
3854,3,1,2025-09-10,Finland,Georgia,89.656804,83.386424
3854,4,1,2025-09-10,Germany,Slovenia,104.31728,75.327468
3855,1,1,2025-09-09,Poland,Turkey,87.075279,85.294357
3855,2,1,2025-09-09,Lithuania,Greece,97.28553,72.537429
3855,3,1,2025-09-10,Finland,Georgia,99.415601,71.649867
3855,4,1,2025-09-10,Germany,Slovenia,114.44335,92.795177
3856,1,1,2025-09-09,Poland,Turkey,71.745305,90.185342
3856,2,1,2025-09-09,Lithuania,Greece,84.020484,62.698887
3856,3,1,2025-09-10,Finland,Georgia,94.328853,84.455427
3856,4,1,2025-09-10,Germany,Slovenia,103.02797,101.09351
3857,1,1,2025-09-09,Poland,Turkey,70.362923,64.232213
3857,2,1,2025-09-09,Lithuania,Greece,90.145159,82.967208
3857,3,1,2025-09-10,Finland,Georgia,81.363544,83.878817
3857,4,1,2025-09-10,Germany,Slovenia,102.21911,89.375537
3858,1,1,2025-09-09,Poland,Turkey,70.639426,101.81696
3858,2,1,2025-09-09,Lithuania,Greece,72.833167,62.255883
3858,3,1,2025-09-10,Finland,Georgia,91.683647,58.097158
3858,4,1,2025-09-10,Germany,Slovenia,93.410935,96.429276
3859,1,1,2025-09-09,Poland,Turkey,88.721058,87.117542
3859,2,1,2025-09-09,Lithuania,Greece,100.72537,67.966814
3859,3,1,2025-09-10,Finland,Georgia,78.901697,92.692713
3859,4,1,2025-09-10,Germany,Slovenia,108.85692,70.159572
3860,1,1,2025-09-09,Poland,Turkey,77.458539,85.839185
3860,2,1,2025-09-09,Lithuania,Greece,72.221227,85.149759
3860,3,1,2025-09-10,Finland,Georgia,93.750761,66.019242
3860,4,1,2025-09-10,Germany,Slovenia,108.89463,87.536209
3861,1,1,2025-09-09,Poland,Turkey,91.027615,101.87688
3861,2,1,2025-09-09,Lithuania,Greece,95.525367,75.439003
3861,3,1,2025-09-10,Finland,Georgia,89.277357,85.263466
3861,4,1,2025-09-10,Germany,Slovenia,108.68037,90.095613
3862,1,1,2025-09-09,Poland,Turkey,75.38738,84.716302
3862,2,1,2025-09-09,Lithuania,Greece,85.989486,87.576158
3862,3,1,2025-09-10,Finland,Georgia,103.18031,67.278292
3862,4,1,2025-09-10,Germany,Slovenia,104.59541,96.075207
3863,1,1,2025-09-09,Poland,Turkey,80.034467,95.084311
3863,2,1,2025-09-09,Lithuania,Greece,98.818383,109.00866
3863,3,1,2025-09-10,Finland,Georgia,91.732899,64.809888
3863,4,1,2025-09-10,Germany,Slovenia,99.806469,103.78036
3864,1,1,2025-09-09,Poland,Turkey,54.130068,74.23161
3864,2,1,2025-09-09,Lithuania,Greece,104.27557,98.249808
3864,3,1,2025-09-10,Finland,Georgia,93.024261,57.599545
3864,4,1,2025-09-10,Germany,Slovenia,102.85111,89.04512
3865,1,1,2025-09-09,Poland,Turkey,68.955946,79.123413
3865,2,1,2025-09-09,Lithuania,Greece,66.230863,88.223975
3865,3,1,2025-09-10,Finland,Georgia,89.571249,70.953564
3865,4,1,2025-09-10,Germany,Slovenia,93.84966,98.707446
3866,1,1,2025-09-09,Poland,Turkey,74.30649,85.824082
3866,2,1,2025-09-09,Lithuania,Greece,92.870906,81.052945
3866,3,1,2025-09-10,Finland,Georgia,59.71045,74.578562
3866,4,1,2025-09-10,Germany,Slovenia,128.49458,59.094685
3867,1,1,2025-09-09,Poland,Turkey,69.716517,101.20505
3867,2,1,2025-09-09,Lithuania,Greece,90.999116,80.263921
3867,3,1,2025-09-10,Finland,Georgia,89.532403,94.660983
3867,4,1,2025-09-10,Germany,Slovenia,96.167403,87.141507
3868,1,1,2025-09-09,Poland,Turkey,70.973549,88.27354
3868,2,1,2025-09-09,Lithuania,Greece,95.882498,80.962397
3868,3,1,2025-09-10,Finland,Georgia,102.78089,75.760005
3868,4,1,2025-09-10,Germany,Slovenia,111.34644,81.086234
3869,1,1,2025-09-09,Poland,Turkey,67.086526,100.41535
3869,2,1,2025-09-09,Lithuania,Greece,97.160909,88.001753
3869,3,1,2025-09-10,Finland,Georgia,85.159764,81.148869
3869,4,1,2025-09-10,Germany,Slovenia,108.97243,83.126252
3870,1,1,2025-09-09,Poland,Turkey,81.643242,101.24212
3870,2,1,2025-09-09,Lithuania,Greece,79.595509,65.10542
3870,3,1,2025-09-10,Finland,Georgia,87.277421,64.73997
3870,4,1,2025-09-10,Germany,Slovenia,99.674529,73.99272
3871,1,1,2025-09-09,Poland,Turkey,70.662943,86.264203
3871,2,1,2025-09-09,Lithuania,Greece,109.11272,91.678751
3871,3,1,2025-09-10,Finland,Georgia,93.762133,56.14868
3871,4,1,2025-09-10,Germany,Slovenia,94.481629,89.500892
3872,1,1,2025-09-09,Poland,Turkey,76.059006,77.599913
3872,2,1,2025-09-09,Lithuania,Greece,89.88263,67.003923
3872,3,1,2025-09-10,Finland,Georgia,88.65753,69.126385
3872,4,1,2025-09-10,Germany,Slovenia,95.071602,86.601033
3873,1,1,2025-09-09,Poland,Turkey,69.588167,95.82285
3873,2,1,2025-09-09,Lithuania,Greece,63.437032,59.715154
3873,3,1,2025-09-10,Finland,Georgia,93.489487,77.265115
3873,4,1,2025-09-10,Germany,Slovenia,111.65886,70.614608
3874,1,1,2025-09-09,Poland,Turkey,67.630393,91.547121
3874,2,1,2025-09-09,Lithuania,Greece,92.15625,72.129751
3874,3,1,2025-09-10,Finland,Georgia,92.427568,67.120026
3874,4,1,2025-09-10,Germany,Slovenia,111.50653,94.275214
3875,1,1,2025-09-09,Poland,Turkey,74.800933,92.051035
3875,2,1,2025-09-09,Lithuania,Greece,83.684124,67.245427
3875,3,1,2025-09-10,Finland,Georgia,98.170924,79.054835
3875,4,1,2025-09-10,Germany,Slovenia,116.42022,102.88941
3876,1,1,2025-09-09,Poland,Turkey,66.717309,75.835488
3876,2,1,2025-09-09,Lithuania,Greece,96.763194,87.308026
3876,3,1,2025-09-10,Finland,Georgia,99.737897,77.985816
3876,4,1,2025-09-10,Germany,Slovenia,104.91737,74.584474
3877,1,1,2025-09-09,Poland,Turkey,87.093626,104.08644
3877,2,1,2025-09-09,Lithuania,Greece,71.706072,114.49017
3877,3,1,2025-09-10,Finland,Georgia,106.81617,96.974936
3877,4,1,2025-09-10,Germany,Slovenia,69.165653,93.108309
3878,1,1,2025-09-09,Poland,Turkey,67.391002,88.36769
3878,2,1,2025-09-09,Lithuania,Greece,92.650472,75.177186
3878,3,1,2025-09-10,Finland,Georgia,102.09143,66.217271
3878,4,1,2025-09-10,Germany,Slovenia,79.904426,74.895125
3879,1,1,2025-09-09,Poland,Turkey,72.333778,75.50782
3879,2,1,2025-09-09,Lithuania,Greece,83.869309,89.296369
3879,3,1,2025-09-10,Finland,Georgia,72.471331,72.55975
3879,4,1,2025-09-10,Germany,Slovenia,106.36914,89.310086
3880,1,1,2025-09-09,Poland,Turkey,79.48851,92.164217
3880,2,1,2025-09-09,Lithuania,Greece,82.702326,74.453395
3880,3,1,2025-09-10,Finland,Georgia,82.474062,63.802186
3880,4,1,2025-09-10,Germany,Slovenia,90.674825,68.514894
3881,1,1,2025-09-09,Poland,Turkey,85.159838,82.391866
3881,2,1,2025-09-09,Lithuania,Greece,76.49318,89.153838
3881,3,1,2025-09-10,Finland,Georgia,87.906786,87.327876
3881,4,1,2025-09-10,Germany,Slovenia,101.97291,85.935253
3882,1,1,2025-09-09,Poland,Turkey,60.280399,68.388778
3882,2,1,2025-09-09,Lithuania,Greece,70.396265,68.418717
3882,3,1,2025-09-10,Finland,Georgia,99.278732,61.025035
3882,4,1,2025-09-10,Germany,Slovenia,90.501056,104.92369
3883,1,1,2025-09-09,Poland,Turkey,89.213603,89.350293
3883,2,1,2025-09-09,Lithuania,Greece,79.081557,85.881928
3883,3,1,2025-09-10,Finland,Georgia,109.28232,87.328236
3883,4,1,2025-09-10,Germany,Slovenia,125.24052,89.07212
3884,1,1,2025-09-09,Poland,Turkey,67.539568,81.430946
3884,2,1,2025-09-09,Lithuania,Greece,90.916282,73.238119
3884,3,1,2025-09-10,Finland,Georgia,85.709341,57.786422
3884,4,1,2025-09-10,Germany,Slovenia,114.55213,88.834457
3885,1,1,2025-09-09,Poland,Turkey,94.871651,90.136631
3885,2,1,2025-09-09,Lithuania,Greece,79.356572,91.007601
3885,3,1,2025-09-10,Finland,Georgia,121.12385,92.792851
3885,4,1,2025-09-10,Germany,Slovenia,100.93924,96.749263
3886,1,1,2025-09-09,Poland,Turkey,88.411314,97.227391
3886,2,1,2025-09-09,Lithuania,Greece,95.900595,73.416928
3886,3,1,2025-09-10,Finland,Georgia,89.195281,74.102731
3886,4,1,2025-09-10,Germany,Slovenia,107.25024,88.071818
3887,1,1,2025-09-09,Poland,Turkey,62.008681,66.011242
3887,2,1,2025-09-09,Lithuania,Greece,81.153853,79.201346
3887,3,1,2025-09-10,Finland,Georgia,74.122082,68.181362
3887,4,1,2025-09-10,Germany,Slovenia,121.82104,95.18632
3888,1,1,2025-09-09,Poland,Turkey,59.207716,83.147501
3888,2,1,2025-09-09,Lithuania,Greece,88.16746,72.758789
3888,3,1,2025-09-10,Finland,Georgia,92.673424,71.684943
3888,4,1,2025-09-10,Germany,Slovenia,94.6834,80.652933
3889,1,1,2025-09-09,Poland,Turkey,83.201501,82.523342
3889,2,1,2025-09-09,Lithuania,Greece,86.744698,79.22757
3889,3,1,2025-09-10,Finland,Georgia,94.417486,63.372926
3889,4,1,2025-09-10,Germany,Slovenia,140.72811,104.93508
3890,1,1,2025-09-09,Poland,Turkey,65.034312,84.538232
3890,2,1,2025-09-09,Lithuania,Greece,93.83443,58.44801
3890,3,1,2025-09-10,Finland,Georgia,85.825394,80.577193
3890,4,1,2025-09-10,Germany,Slovenia,112.54177,73.5221
3891,1,1,2025-09-09,Poland,Turkey,99.253781,105.20959
3891,2,1,2025-09-09,Lithuania,Greece,99.039778,78.543165
3891,3,1,2025-09-10,Finland,Georgia,117.60771,76.924486
3891,4,1,2025-09-10,Germany,Slovenia,127.03272,94.220271
3892,1,1,2025-09-09,Poland,Turkey,76.356501,77.668844000000007
3892,2,1,2025-09-09,Lithuania,Greece,90.527098,81.922764
3892,3,1,2025-09-10,Finland,Georgia,94.984473,82.608325
3892,4,1,2025-09-10,Germany,Slovenia,111.70273,100.0403
3893,1,1,2025-09-09,Poland,Turkey,84.340428,88.121458
3893,2,1,2025-09-09,Lithuania,Greece,86.273945,85.844299
3893,3,1,2025-09-10,Finland,Georgia,89.334837,84.474831
3893,4,1,2025-09-10,Germany,Slovenia,83.67481,81.628996
3894,1,1,2025-09-09,Poland,Turkey,92.306454,97.77217
3894,2,1,2025-09-09,Lithuania,Greece,86.93778,81.50583
3894,3,1,2025-09-10,Finland,Georgia,103.75857,86.81392
3894,4,1,2025-09-10,Germany,Slovenia,97.814001,77.873967
3895,1,1,2025-09-09,Poland,Turkey,69.084228,103.32536
3895,2,1,2025-09-09,Lithuania,Greece,83.318624,75.622589
3895,3,1,2025-09-10,Finland,Georgia,96.853759,84.279697
3895,4,1,2025-09-10,Germany,Slovenia,82.260975,76.565631
3896,1,1,2025-09-09,Poland,Turkey,83.101807,66.710349
3896,2,1,2025-09-09,Lithuania,Greece,85.445887,62.18188
3896,3,1,2025-09-10,Finland,Georgia,86.304657,104.98167
3896,4,1,2025-09-10,Germany,Slovenia,99.514361,101.43447
3897,1,1,2025-09-09,Poland,Turkey,91.989506,96.769725
3897,2,1,2025-09-09,Lithuania,Greece,99.301373,70.048293
3897,3,1,2025-09-10,Finland,Georgia,91.448246,57.898599
3897,4,1,2025-09-10,Germany,Slovenia,110.9287,77.713761
3898,1,1,2025-09-09,Poland,Turkey,76.302009,87.193195
3898,2,1,2025-09-09,Lithuania,Greece,91.933829,75.372674
3898,3,1,2025-09-10,Finland,Georgia,80.281345,84.560677
3898,4,1,2025-09-10,Germany,Slovenia,98.233331,84.366134
3899,1,1,2025-09-09,Poland,Turkey,71.658592,83.176958
3899,2,1,2025-09-09,Lithuania,Greece,83.367637,86.415988
3899,3,1,2025-09-10,Finland,Georgia,102.63822,75.452045
3899,4,1,2025-09-10,Germany,Slovenia,111.77906,84.398249
3900,1,1,2025-09-09,Poland,Turkey,71.32676,101.16775
3900,2,1,2025-09-09,Lithuania,Greece,77.081499,74.041575
3900,3,1,2025-09-10,Finland,Georgia,95.678719,60.154197
3900,4,1,2025-09-10,Germany,Slovenia,108.28901,92.132079
3901,1,1,2025-09-09,Poland,Turkey,59.419526,93.825042
3901,2,1,2025-09-09,Lithuania,Greece,89.878965,89.167096
3901,3,1,2025-09-10,Finland,Georgia,96.121039,67.535806
3901,4,1,2025-09-10,Germany,Slovenia,93.60233,92.223288
3902,1,1,2025-09-09,Poland,Turkey,91.098469,71.135535
3902,2,1,2025-09-09,Lithuania,Greece,96.989237,62.664078
3902,3,1,2025-09-10,Finland,Georgia,103.63221,75.897788
3902,4,1,2025-09-10,Germany,Slovenia,127.30425,81.566101
3903,1,1,2025-09-09,Poland,Turkey,72.65542,102.88069
3903,2,1,2025-09-09,Lithuania,Greece,74.20147,62.825928
3903,3,1,2025-09-10,Finland,Georgia,98.068402,65.370099
3903,4,1,2025-09-10,Germany,Slovenia,102.93023,79.438746
3904,1,1,2025-09-09,Poland,Turkey,110.14504,89.45643
3904,2,1,2025-09-09,Lithuania,Greece,82.346072,74.083851
3904,3,1,2025-09-10,Finland,Georgia,84.282842,82.712176
3904,4,1,2025-09-10,Germany,Slovenia,102.46244,88.339518
3905,1,1,2025-09-09,Poland,Turkey,63.530281,91.788485
3905,2,1,2025-09-09,Lithuania,Greece,98.426242,83.034337
3905,3,1,2025-09-10,Finland,Georgia,101.87478,103.47279
3905,4,1,2025-09-10,Germany,Slovenia,110.0784,71.133933
3906,1,1,2025-09-09,Poland,Turkey,80.787761,97.978175
3906,2,1,2025-09-09,Lithuania,Greece,71.678079,70.346105
3906,3,1,2025-09-10,Finland,Georgia,95.142965,58.391435
3906,4,1,2025-09-10,Germany,Slovenia,97.790906,88.030333
3907,1,1,2025-09-09,Poland,Turkey,71.364826,95.011947
3907,2,1,2025-09-09,Lithuania,Greece,70.635321,75.871526
3907,3,1,2025-09-10,Finland,Georgia,92.458223,79.721999
3907,4,1,2025-09-10,Germany,Slovenia,93.675214,82.132112
3908,1,1,2025-09-09,Poland,Turkey,74.051119,75.219696
3908,2,1,2025-09-09,Lithuania,Greece,93.718909,69.782761
3908,3,1,2025-09-10,Finland,Georgia,88.253067,73.515536
3908,4,1,2025-09-10,Germany,Slovenia,99.499493,79.912525
3909,1,1,2025-09-09,Poland,Turkey,81.442339,83.389376
3909,2,1,2025-09-09,Lithuania,Greece,103.2067,67.824237
3909,3,1,2025-09-10,Finland,Georgia,116.64747,76.680902
3909,4,1,2025-09-10,Germany,Slovenia,113.30106,64.806067
3910,1,1,2025-09-09,Poland,Turkey,78.31918,84.663824
3910,2,1,2025-09-09,Lithuania,Greece,94.441099,59.090863
3910,3,1,2025-09-10,Finland,Georgia,92.962859,71.97933
3910,4,1,2025-09-10,Germany,Slovenia,111.36384,94.030451
3911,1,1,2025-09-09,Poland,Turkey,81.721943,91.90773
3911,2,1,2025-09-09,Lithuania,Greece,68.641092,70.027951
3911,3,1,2025-09-10,Finland,Georgia,97.351314,71.554326
3911,4,1,2025-09-10,Germany,Slovenia,111.76584,86.691154
3912,1,1,2025-09-09,Poland,Turkey,82.211991,105.5052
3912,2,1,2025-09-09,Lithuania,Greece,104.40286,102.94704
3912,3,1,2025-09-10,Finland,Georgia,92.974895,83.486643
3912,4,1,2025-09-10,Germany,Slovenia,104.25432,92.229135
3913,1,1,2025-09-09,Poland,Turkey,82.339788,78.361477
3913,2,1,2025-09-09,Lithuania,Greece,79.786376,70.93541
3913,3,1,2025-09-10,Finland,Georgia,95.558357,100.99455
3913,4,1,2025-09-10,Germany,Slovenia,109.27092,59.840615
3914,1,1,2025-09-09,Poland,Turkey,109.76961,92.384199
3914,2,1,2025-09-09,Lithuania,Greece,85.106233,77.40127
3914,3,1,2025-09-10,Finland,Georgia,100.82005,85.036724
3914,4,1,2025-09-10,Germany,Slovenia,106.25287,78.940229
3915,1,1,2025-09-09,Poland,Turkey,62.485011,116.98986
3915,2,1,2025-09-09,Lithuania,Greece,87.86117,78.287577
3915,3,1,2025-09-10,Finland,Georgia,88.107798,46.28983
3915,4,1,2025-09-10,Germany,Slovenia,108.11869,97.224258
3916,1,1,2025-09-09,Poland,Turkey,79.890271,90.686914
3916,2,1,2025-09-09,Lithuania,Greece,88.379006,87.191273
3916,3,1,2025-09-10,Finland,Georgia,109.59007,87.68691
3916,4,1,2025-09-10,Germany,Slovenia,81.22712,93.720414
3917,1,1,2025-09-09,Poland,Turkey,74.279433,79.843738
3917,2,1,2025-09-09,Lithuania,Greece,96.618173,61.413633
3917,3,1,2025-09-10,Finland,Georgia,87.454078,77.462578
3917,4,1,2025-09-10,Germany,Slovenia,97.811709,85.457172
3918,1,1,2025-09-09,Poland,Turkey,77.176226,80.524994
3918,2,1,2025-09-09,Lithuania,Greece,85.09512,69.87178
3918,3,1,2025-09-10,Finland,Georgia,105.03306,71.514506
3918,4,1,2025-09-10,Germany,Slovenia,89.210244,98.103055
3919,1,1,2025-09-09,Poland,Turkey,60.997804,88.101762
3919,2,1,2025-09-09,Lithuania,Greece,78.622329,68.357813
3919,3,1,2025-09-10,Finland,Georgia,102.94458,73.82567
3919,4,1,2025-09-10,Germany,Slovenia,115.94484,92.938526
3920,1,1,2025-09-09,Poland,Turkey,80.780445,69.186494
3920,2,1,2025-09-09,Lithuania,Greece,69.094256,70.612945
3920,3,1,2025-09-10,Finland,Georgia,89.713454,70.690732
3920,4,1,2025-09-10,Germany,Slovenia,102.51928,90.309876
3921,1,1,2025-09-09,Poland,Turkey,77.21874,59.450056
3921,2,1,2025-09-09,Lithuania,Greece,92.171759,61.880305
3921,3,1,2025-09-10,Finland,Georgia,99.688882,54.098619
3921,4,1,2025-09-10,Germany,Slovenia,97.519862,108.23178
3922,1,1,2025-09-09,Poland,Turkey,80.733941,64.466099
3922,2,1,2025-09-09,Lithuania,Greece,64.073336,88.076051
3922,3,1,2025-09-10,Finland,Georgia,88.470737,78.721964
3922,4,1,2025-09-10,Germany,Slovenia,84.248312,89.517559
3923,1,1,2025-09-09,Poland,Turkey,88.340408,84.303234
3923,2,1,2025-09-09,Lithuania,Greece,87.002847,70.019431
3923,3,1,2025-09-10,Finland,Georgia,106.31823,82.835356
3923,4,1,2025-09-10,Germany,Slovenia,106.76955,104.89061
3924,1,1,2025-09-09,Poland,Turkey,73.60421,87.210902
3924,2,1,2025-09-09,Lithuania,Greece,105.7556,90.30672
3924,3,1,2025-09-10,Finland,Georgia,91.815163,125.31061
3924,4,1,2025-09-10,Germany,Slovenia,83.72695,85.238505
3925,1,1,2025-09-09,Poland,Turkey,77.784266,112.50228
3925,2,1,2025-09-09,Lithuania,Greece,107.33541,79.222982
3925,3,1,2025-09-10,Finland,Georgia,72.639405,79.831289
3925,4,1,2025-09-10,Germany,Slovenia,120.3467,103.05428
3926,1,1,2025-09-09,Poland,Turkey,42.552149,62.398459
3926,2,1,2025-09-09,Lithuania,Greece,68.929734,82.652587
3926,3,1,2025-09-10,Finland,Georgia,107.04117,78.577591
3926,4,1,2025-09-10,Germany,Slovenia,99.931622,90.371584
3927,1,1,2025-09-09,Poland,Turkey,86.677174,72.180946
3927,2,1,2025-09-09,Lithuania,Greece,82.020044,86.650075
3927,3,1,2025-09-10,Finland,Georgia,96.572155,75.683887
3927,4,1,2025-09-10,Germany,Slovenia,124.13857,89.39064
3928,1,1,2025-09-09,Poland,Turkey,78.881912,85.809859
3928,2,1,2025-09-09,Lithuania,Greece,117.45926,88.180476
3928,3,1,2025-09-10,Finland,Georgia,103.06031,74.154132
3928,4,1,2025-09-10,Germany,Slovenia,118.03859,88.918335
3929,1,1,2025-09-09,Poland,Turkey,75.387534,76.309929
3929,2,1,2025-09-09,Lithuania,Greece,97.158217,73.56605
3929,3,1,2025-09-10,Finland,Georgia,93.359415,74.681101
3929,4,1,2025-09-10,Germany,Slovenia,94.980692,65.104743
3930,1,1,2025-09-09,Poland,Turkey,69.55757,91.664296
3930,2,1,2025-09-09,Lithuania,Greece,87.9657,70.53409
3930,3,1,2025-09-10,Finland,Georgia,102.93932,69.751691
3930,4,1,2025-09-10,Germany,Slovenia,120.40258,100.45599
3931,1,1,2025-09-09,Poland,Turkey,75.526482,93.435752
3931,2,1,2025-09-09,Lithuania,Greece,101.21328,77.027991
3931,3,1,2025-09-10,Finland,Georgia,86.85057,72.369657
3931,4,1,2025-09-10,Germany,Slovenia,100.17245,83.649596
3932,1,1,2025-09-09,Poland,Turkey,68.091369,68.905417
3932,2,1,2025-09-09,Lithuania,Greece,103.70757,88.073393
3932,3,1,2025-09-10,Finland,Georgia,90.38158,83.106052
3932,4,1,2025-09-10,Germany,Slovenia,106.85946,100.91785
3933,1,1,2025-09-09,Poland,Turkey,62.769582,53.146171
3933,2,1,2025-09-09,Lithuania,Greece,95.768848,80.749807
3933,3,1,2025-09-10,Finland,Georgia,105.12264,65.103936
3933,4,1,2025-09-10,Germany,Slovenia,86.70953,65.034748
3934,1,1,2025-09-09,Poland,Turkey,76.173441,85.23088
3934,2,1,2025-09-09,Lithuania,Greece,79.714143000000007,83.339432
3934,3,1,2025-09-10,Finland,Georgia,98.413356,88.958934
3934,4,1,2025-09-10,Germany,Slovenia,97.618863,86.873014
3935,1,1,2025-09-09,Poland,Turkey,71.549427,50.440879
3935,2,1,2025-09-09,Lithuania,Greece,93.473295,76.580971
3935,3,1,2025-09-10,Finland,Georgia,112.09937,101.79592
3935,4,1,2025-09-10,Germany,Slovenia,102.74608,100.18466
3936,1,1,2025-09-09,Poland,Turkey,79.703488,86.806136
3936,2,1,2025-09-09,Lithuania,Greece,98.613924,77.409346
3936,3,1,2025-09-10,Finland,Georgia,108.17649,85.906267
3936,4,1,2025-09-10,Germany,Slovenia,88.99264,81.759548
3937,1,1,2025-09-09,Poland,Turkey,89.473083,84.206082
3937,2,1,2025-09-09,Lithuania,Greece,79.329188,71.192835
3937,3,1,2025-09-10,Finland,Georgia,93.92028,66.374485
3937,4,1,2025-09-10,Germany,Slovenia,93.080802,104.69162
3938,1,1,2025-09-09,Poland,Turkey,84.330373,93.889315
3938,2,1,2025-09-09,Lithuania,Greece,91.585821,67.983578
3938,3,1,2025-09-10,Finland,Georgia,87.267165,69.721706
3938,4,1,2025-09-10,Germany,Slovenia,107.66249,90.535884
3939,1,1,2025-09-09,Poland,Turkey,64.444993,99.648511
3939,2,1,2025-09-09,Lithuania,Greece,97.776358,82.378575
3939,3,1,2025-09-10,Finland,Georgia,89.727149,72.649413
3939,4,1,2025-09-10,Germany,Slovenia,106.07043,88.770831
3940,1,1,2025-09-09,Poland,Turkey,61.530557,80.93502
3940,2,1,2025-09-09,Lithuania,Greece,88.705964,85.019457
3940,3,1,2025-09-10,Finland,Georgia,68.620637,67.653604
3940,4,1,2025-09-10,Germany,Slovenia,86.723112,96.269971
3941,1,1,2025-09-09,Poland,Turkey,87.983713,73.615047
3941,2,1,2025-09-09,Lithuania,Greece,90.631428,84.0994
3941,3,1,2025-09-10,Finland,Georgia,104.06341,84.298177
3941,4,1,2025-09-10,Germany,Slovenia,97.548501,81.353681
3942,1,1,2025-09-09,Poland,Turkey,73.125273000000007,65.768335
3942,2,1,2025-09-09,Lithuania,Greece,85.278388,82.750398
3942,3,1,2025-09-10,Finland,Georgia,78.104756,66.998352
3942,4,1,2025-09-10,Germany,Slovenia,98.245212,101.12977
3943,1,1,2025-09-09,Poland,Turkey,89.630256,88.676085
3943,2,1,2025-09-09,Lithuania,Greece,82.739527,53.990194
3943,3,1,2025-09-10,Finland,Georgia,99.63566,90.470998
3943,4,1,2025-09-10,Germany,Slovenia,104.04168,60.236091
3944,1,1,2025-09-09,Poland,Turkey,80.391482,81.852675
3944,2,1,2025-09-09,Lithuania,Greece,83.037339,67.396776
3944,3,1,2025-09-10,Finland,Georgia,85.455463,64.470672
3944,4,1,2025-09-10,Germany,Slovenia,92.98479,85.869976
3945,1,1,2025-09-09,Poland,Turkey,68.466923,62.531023
3945,2,1,2025-09-09,Lithuania,Greece,95.548763,98.369085
3945,3,1,2025-09-10,Finland,Georgia,111.85091,66.374252
3945,4,1,2025-09-10,Germany,Slovenia,102.79747,91.375119
3946,1,1,2025-09-09,Poland,Turkey,89.543648,70.972765
3946,2,1,2025-09-09,Lithuania,Greece,95.080747,90.900436
3946,3,1,2025-09-10,Finland,Georgia,107.26382,64.166976
3946,4,1,2025-09-10,Germany,Slovenia,108.37305,94.900697
3947,1,1,2025-09-09,Poland,Turkey,77.363401,91.550938
3947,2,1,2025-09-09,Lithuania,Greece,83.628079,72.804976
3947,3,1,2025-09-10,Finland,Georgia,105.75703,76.534369
3947,4,1,2025-09-10,Germany,Slovenia,102.25641,78.784195
3948,1,1,2025-09-09,Poland,Turkey,66.401716,82.013521
3948,2,1,2025-09-09,Lithuania,Greece,82.393062,73.27214
3948,3,1,2025-09-10,Finland,Georgia,87.683358,87.370349
3948,4,1,2025-09-10,Germany,Slovenia,91.86158,78.332387
3949,1,1,2025-09-09,Poland,Turkey,72.628604,89.829958
3949,2,1,2025-09-09,Lithuania,Greece,78.396792,77.910737
3949,3,1,2025-09-10,Finland,Georgia,93.69291,74.281153
3949,4,1,2025-09-10,Germany,Slovenia,109.0962,99.927299
3950,1,1,2025-09-09,Poland,Turkey,82.676944,84.366134
3950,2,1,2025-09-09,Lithuania,Greece,79.199101,72.704677
3950,3,1,2025-09-10,Finland,Georgia,91.804343,78.645145
3950,4,1,2025-09-10,Germany,Slovenia,95.980173,99.546199
3951,1,1,2025-09-09,Poland,Turkey,83.265275,100.94474
3951,2,1,2025-09-09,Lithuania,Greece,93.159043,67.415343
3951,3,1,2025-09-10,Finland,Georgia,109.0641,71.800277
3951,4,1,2025-09-10,Germany,Slovenia,95.254099,85.630472
3952,1,1,2025-09-09,Poland,Turkey,83.604872,87.232771
3952,2,1,2025-09-09,Lithuania,Greece,98.275896,76.88186
3952,3,1,2025-09-10,Finland,Georgia,92.236249,75.52006
3952,4,1,2025-09-10,Germany,Slovenia,105.5319,89.012128
3953,1,1,2025-09-09,Poland,Turkey,72.486927,99.580612
3953,2,1,2025-09-09,Lithuania,Greece,102.21718,94.49301
3953,3,1,2025-09-10,Finland,Georgia,93.140737,69.829364
3953,4,1,2025-09-10,Germany,Slovenia,95.734872,100.24197
3954,1,1,2025-09-09,Poland,Turkey,75.953128,76.417552
3954,2,1,2025-09-09,Lithuania,Greece,83.562738,85.566519
3954,3,1,2025-09-10,Finland,Georgia,93.093292,60.471154
3954,4,1,2025-09-10,Germany,Slovenia,95.792863,91.462157
3955,1,1,2025-09-09,Poland,Turkey,64.483685,82.374882
3955,2,1,2025-09-09,Lithuania,Greece,91.632168,85.730458
3955,3,1,2025-09-10,Finland,Georgia,108.3941,76.55218
3955,4,1,2025-09-10,Germany,Slovenia,87.566326,101.64146
3956,1,1,2025-09-09,Poland,Turkey,94.736144,102.21645
3956,2,1,2025-09-09,Lithuania,Greece,83.348146,82.247542
3956,3,1,2025-09-10,Finland,Georgia,94.092325,89.962807
3956,4,1,2025-09-10,Germany,Slovenia,108.56533,89.620175
3957,1,1,2025-09-09,Poland,Turkey,74.320886,96.579492
3957,2,1,2025-09-09,Lithuania,Greece,100.94194,83.15394
3957,3,1,2025-09-10,Finland,Georgia,99.366508,85.470558
3957,4,1,2025-09-10,Germany,Slovenia,101.72457,77.237118
3958,1,1,2025-09-09,Poland,Turkey,81.695374,98.07018
3958,2,1,2025-09-09,Lithuania,Greece,94.954368,75.146632
3958,3,1,2025-09-10,Finland,Georgia,108.67201,77.503925
3958,4,1,2025-09-10,Germany,Slovenia,116.94408,90.681456
3959,1,1,2025-09-09,Poland,Turkey,71.535124,111.89024
3959,2,1,2025-09-09,Lithuania,Greece,111.98901,92.398076
3959,3,1,2025-09-10,Finland,Georgia,107.09714,65.751882
3959,4,1,2025-09-10,Germany,Slovenia,105.76569,87.646171
3960,1,1,2025-09-09,Poland,Turkey,85.797528,107.60147
3960,2,1,2025-09-09,Lithuania,Greece,103.54052,79.078999
3960,3,1,2025-09-10,Finland,Georgia,128.63832,94.662056
3960,4,1,2025-09-10,Germany,Slovenia,113.60902,78.162503
3961,1,1,2025-09-09,Poland,Turkey,87.946384,93.933453
3961,2,1,2025-09-09,Lithuania,Greece,103.89335,80.707035
3961,3,1,2025-09-10,Finland,Georgia,108.36469,83.729255
3961,4,1,2025-09-10,Germany,Slovenia,84.368293,91.489685
3962,1,1,2025-09-09,Poland,Turkey,79.707285,82.934853
3962,2,1,2025-09-09,Lithuania,Greece,103.43655,77.809925
3962,3,1,2025-09-10,Finland,Georgia,106.65813,89.546262
3962,4,1,2025-09-10,Germany,Slovenia,102.83919,74.773309
3963,1,1,2025-09-09,Poland,Turkey,93.827607,93.66259
3963,2,1,2025-09-09,Lithuania,Greece,86.109331,80.113146
3963,3,1,2025-09-10,Finland,Georgia,118.59945,87.254099
3963,4,1,2025-09-10,Germany,Slovenia,93.516559,94.661736
3964,1,1,2025-09-09,Poland,Turkey,91.024025,91.163208
3964,2,1,2025-09-09,Lithuania,Greece,88.880745,78.510155
3964,3,1,2025-09-10,Finland,Georgia,105.66326,71.956705
3964,4,1,2025-09-10,Germany,Slovenia,116.76986,94.073189
3965,1,1,2025-09-09,Poland,Turkey,77.494497,91.393573
3965,2,1,2025-09-09,Lithuania,Greece,92.566377,77.322827
3965,3,1,2025-09-10,Finland,Georgia,102.48836,85.915074
3965,4,1,2025-09-10,Germany,Slovenia,106.09453,88.420237
3966,1,1,2025-09-09,Poland,Turkey,83.872893,112.40208
3966,2,1,2025-09-09,Lithuania,Greece,83.498788,71.071096
3966,3,1,2025-09-10,Finland,Georgia,108.80722,73.378449
3966,4,1,2025-09-10,Germany,Slovenia,100.41364,95.365942
3967,1,1,2025-09-09,Poland,Turkey,66.423187,96.181172
3967,2,1,2025-09-09,Lithuania,Greece,92.58814,74.495913
3967,3,1,2025-09-10,Finland,Georgia,84.81475,89.968861
3967,4,1,2025-09-10,Germany,Slovenia,97.011409,83.510145
3968,1,1,2025-09-09,Poland,Turkey,75.123871,80.927607
3968,2,1,2025-09-09,Lithuania,Greece,83.403206,63.867989
3968,3,1,2025-09-10,Finland,Georgia,93.961996,79.656292
3968,4,1,2025-09-10,Germany,Slovenia,121.05125,82.051225
3969,1,1,2025-09-09,Poland,Turkey,70.361069,82.644858
3969,2,1,2025-09-09,Lithuania,Greece,91.180916,81.894936
3969,3,1,2025-09-10,Finland,Georgia,116.90447,85.6136
3969,4,1,2025-09-10,Germany,Slovenia,105.8778,76.154046
3970,1,1,2025-09-09,Poland,Turkey,72.05492,78.692116
3970,2,1,2025-09-09,Lithuania,Greece,94.707233,73.363496
3970,3,1,2025-09-10,Finland,Georgia,105.81892,77.021838
3970,4,1,2025-09-10,Germany,Slovenia,106.00092,90.693688
3971,1,1,2025-09-09,Poland,Turkey,80.356336,77.390862
3971,2,1,2025-09-09,Lithuania,Greece,88.867946,69.574736
3971,3,1,2025-09-10,Finland,Georgia,111.73327,88.470913
3971,4,1,2025-09-10,Germany,Slovenia,102.83656,66.717421
3972,1,1,2025-09-09,Poland,Turkey,70.528026,97.270228
3972,2,1,2025-09-09,Lithuania,Greece,81.288334,81.804585
3972,3,1,2025-09-10,Finland,Georgia,117.95765,89.693812
3972,4,1,2025-09-10,Germany,Slovenia,94.200625,72.259161
3973,1,1,2025-09-09,Poland,Turkey,62.025334,72.365395
3973,2,1,2025-09-09,Lithuania,Greece,81.897959,87.294208
3973,3,1,2025-09-10,Finland,Georgia,96.40604,76.984748
3973,4,1,2025-09-10,Germany,Slovenia,125.62633,87.531707
3974,1,1,2025-09-09,Poland,Turkey,62.436314,86.69512
3974,2,1,2025-09-09,Lithuania,Greece,94.912892,69.495143
3974,3,1,2025-09-10,Finland,Georgia,96.452839,77.491783
3974,4,1,2025-09-10,Germany,Slovenia,110.58721,81.076168
3975,1,1,2025-09-09,Poland,Turkey,82.403623,89.162488
3975,2,1,2025-09-09,Lithuania,Greece,80.103854,76.18621
3975,3,1,2025-09-10,Finland,Georgia,102.45138,75.208353
3975,4,1,2025-09-10,Germany,Slovenia,104.03496,78.976993
3976,1,1,2025-09-09,Poland,Turkey,89.04146,93.267356
3976,2,1,2025-09-09,Lithuania,Greece,89.463473,77.080983
3976,3,1,2025-09-10,Finland,Georgia,102.52534,65.278104
3976,4,1,2025-09-10,Germany,Slovenia,106.2755,87.945256
3977,1,1,2025-09-09,Poland,Turkey,81.384551,81.007268
3977,2,1,2025-09-09,Lithuania,Greece,81.62812,77.551469
3977,3,1,2025-09-10,Finland,Georgia,106.4812,72.533206
3977,4,1,2025-09-10,Germany,Slovenia,92.492829,98.47464
3978,1,1,2025-09-09,Poland,Turkey,63.507958,82.130314
3978,2,1,2025-09-09,Lithuania,Greece,99.368814,75.1816
3978,3,1,2025-09-10,Finland,Georgia,95.495829,81.595423
3978,4,1,2025-09-10,Germany,Slovenia,114.60959,85.630941000000007
3979,1,1,2025-09-09,Poland,Turkey,73.778429,64.866125
3979,2,1,2025-09-09,Lithuania,Greece,97.186584,74.12339
3979,3,1,2025-09-10,Finland,Georgia,106.49789,79.804375
3979,4,1,2025-09-10,Germany,Slovenia,114.32351,105.01667
3980,1,1,2025-09-09,Poland,Turkey,89.887699,94.48881
3980,2,1,2025-09-09,Lithuania,Greece,81.007007,60.959133
3980,3,1,2025-09-10,Finland,Georgia,73.832799,73.11816
3980,4,1,2025-09-10,Germany,Slovenia,90.245442,108.54485
3981,1,1,2025-09-09,Poland,Turkey,74.758463,77.660291
3981,2,1,2025-09-09,Lithuania,Greece,92.135491,74.691618
3981,3,1,2025-09-10,Finland,Georgia,92.57471,68.750137
3981,4,1,2025-09-10,Germany,Slovenia,94.735269,85.392872
3982,1,1,2025-09-09,Poland,Turkey,65.323168,69.402097
3982,2,1,2025-09-09,Lithuania,Greece,77.040591,39.319443
3982,3,1,2025-09-10,Finland,Georgia,100.79397,92.308503
3982,4,1,2025-09-10,Germany,Slovenia,94.52822,68.462459
3983,1,1,2025-09-09,Poland,Turkey,77.269895,88.779872
3983,2,1,2025-09-09,Lithuania,Greece,86.292162,69.603062
3983,3,1,2025-09-10,Finland,Georgia,96.549453,73.287847
3983,4,1,2025-09-10,Germany,Slovenia,125.2652,87.935948
3984,1,1,2025-09-09,Poland,Turkey,74.860893,79.349392
3984,2,1,2025-09-09,Lithuania,Greece,99.172784,74.872503
3984,3,1,2025-09-10,Finland,Georgia,98.087979,91.350555
3984,4,1,2025-09-10,Germany,Slovenia,110.69829,95.581937
3985,1,1,2025-09-09,Poland,Turkey,85.496905,100.7479
3985,2,1,2025-09-09,Lithuania,Greece,87.052383,70.107913
3985,3,1,2025-09-10,Finland,Georgia,89.867753,92.42511
3985,4,1,2025-09-10,Germany,Slovenia,115.60567,102.14484
3986,1,1,2025-09-09,Poland,Turkey,81.528637,86.549465
3986,2,1,2025-09-09,Lithuania,Greece,87.807122,62.425632
3986,3,1,2025-09-10,Finland,Georgia,84.67902,77.230134
3986,4,1,2025-09-10,Germany,Slovenia,102.9794,81.285582
3987,1,1,2025-09-09,Poland,Turkey,64.388636,93.344266
3987,2,1,2025-09-09,Lithuania,Greece,78.297324,87.756268
3987,3,1,2025-09-10,Finland,Georgia,85.320153,73.206915
3987,4,1,2025-09-10,Germany,Slovenia,118.21056,88.909769
3988,1,1,2025-09-09,Poland,Turkey,69.949624,84.01318
3988,2,1,2025-09-09,Lithuania,Greece,74.885583,76.871142
3988,3,1,2025-09-10,Finland,Georgia,89.762367,67.137395
3988,4,1,2025-09-10,Germany,Slovenia,88.941004,86.127382
3989,1,1,2025-09-09,Poland,Turkey,93.736458,99.400328
3989,2,1,2025-09-09,Lithuania,Greece,80.046383,92.450394
3989,3,1,2025-09-10,Finland,Georgia,111.0825,79.627901
3989,4,1,2025-09-10,Germany,Slovenia,118.61172,93.841308
3990,1,1,2025-09-09,Poland,Turkey,67.299695,83.933465
3990,2,1,2025-09-09,Lithuania,Greece,92.660676,85.835485
3990,3,1,2025-09-10,Finland,Georgia,81.437104,78.541817
3990,4,1,2025-09-10,Germany,Slovenia,109.48905,77.849832
3991,1,1,2025-09-09,Poland,Turkey,83.430695,89.415491
3991,2,1,2025-09-09,Lithuania,Greece,77.849338,65.188443
3991,3,1,2025-09-10,Finland,Georgia,83.185385,79.391754
3991,4,1,2025-09-10,Germany,Slovenia,108.88684,96.327309
3992,1,1,2025-09-09,Poland,Turkey,74.857124,70.400478
3992,2,1,2025-09-09,Lithuania,Greece,71.121432,82.070823
3992,3,1,2025-09-10,Finland,Georgia,104.02366,72.355278
3992,4,1,2025-09-10,Germany,Slovenia,114.02947,67.672635
3993,1,1,2025-09-09,Poland,Turkey,79.39159,93.036125
3993,2,1,2025-09-09,Lithuania,Greece,76.477207,91.956305
3993,3,1,2025-09-10,Finland,Georgia,76.466532,74.963331
3993,4,1,2025-09-10,Germany,Slovenia,87.196681,71.818501
3994,1,1,2025-09-09,Poland,Turkey,76.32773,101.11341
3994,2,1,2025-09-09,Lithuania,Greece,90.031987,73.602146
3994,3,1,2025-09-10,Finland,Georgia,66.84038,95.409301
3994,4,1,2025-09-10,Germany,Slovenia,109.02632,89.348953
3995,1,1,2025-09-09,Poland,Turkey,86.430028,81.346486
3995,2,1,2025-09-09,Lithuania,Greece,81.168378,85.207138
3995,3,1,2025-09-10,Finland,Georgia,87.540506,88.971558
3995,4,1,2025-09-10,Germany,Slovenia,108.26863,90.751646
3996,1,1,2025-09-09,Poland,Turkey,100.44596,108.56922
3996,2,1,2025-09-09,Lithuania,Greece,81.336263,88.036715
3996,3,1,2025-09-10,Finland,Georgia,88.599617,72.218653
3996,4,1,2025-09-10,Germany,Slovenia,134.60154,100.15477
3997,1,1,2025-09-09,Poland,Turkey,57.97359,71.204273
3997,2,1,2025-09-09,Lithuania,Greece,81.713408,81.9477
3997,3,1,2025-09-10,Finland,Georgia,99.292052,96.762637
3997,4,1,2025-09-10,Germany,Slovenia,99.073605,84.818234
3998,1,1,2025-09-09,Poland,Turkey,67.40439,60.199594
3998,2,1,2025-09-09,Lithuania,Greece,88.328101,68.097622
3998,3,1,2025-09-10,Finland,Georgia,98.316373,79.64078
3998,4,1,2025-09-10,Germany,Slovenia,108.15274,72.31647
3999,1,1,2025-09-09,Poland,Turkey,66.822711,89.608294
3999,2,1,2025-09-09,Lithuania,Greece,74.020455,66.601933
3999,3,1,2025-09-10,Finland,Georgia,114.3519,78.163647
3999,4,1,2025-09-10,Germany,Slovenia,89.872639,80.25013
4000,1,1,2025-09-09,Poland,Turkey,88.912044,95.220615
4000,2,1,2025-09-09,Lithuania,Greece,90.447148,83.640322
4000,3,1,2025-09-10,Finland,Georgia,106.59119,81.520951
4000,4,1,2025-09-10,Germany,Slovenia,103.5057,79.07992
