iteration,game_nr,division,date,home,away,home_goals,away_goals
1,1,1,2025-09-16,Iceland,Germany,77.842046,111.3315
2,1,1,2025-09-16,Iceland,Germany,69.370604,113.72187
3,1,1,2025-09-16,Iceland,Germany,65.37269,107.29259
4,1,1,2025-09-16,Iceland,Germany,60.846662,95.874602
5,1,1,2025-09-16,Iceland,Germany,68.893438,94.404866
6,1,1,2025-09-16,Iceland,Germany,43.536454,74.661639
7,1,1,2025-09-16,Iceland,Germany,76.49694,102.7217
8,1,1,2025-09-16,Iceland,Germany,55.612321,105.08448
9,1,1,2025-09-16,Iceland,Germany,67.953251,106.62131
10,1,1,2025-09-16,Iceland,Germany,69.364594,102.66054
11,1,1,2025-09-16,Iceland,Germany,79.339461,95.556312
12,1,1,2025-09-16,Iceland,Germany,63.602621,86.505758
13,1,1,2025-09-16,Iceland,Germany,59.855075,128.88649
14,1,1,2025-09-16,Iceland,Germany,57.06337,118.36267
15,1,1,2025-09-16,Iceland,Germany,84.767705,113.85447
16,1,1,2025-09-16,Iceland,Germany,69.512648,115.70822
17,1,1,2025-09-16,Iceland,Germany,79.819008,100.98451
18,1,1,2025-09-16,Iceland,Germany,69.351501,118.75698
19,1,1,2025-09-16,Iceland,Germany,72.966205,105.69689
20,1,1,2025-09-16,Iceland,Germany,68.417695,89.803387
21,1,1,2025-09-16,Iceland,Germany,81.416179,133.39605
22,1,1,2025-09-16,Iceland,Germany,60.177246,117.63768
23,1,1,2025-09-16,Iceland,Germany,66.596103,97.192437
24,1,1,2025-09-16,Iceland,Germany,81.636704,101.13491
25,1,1,2025-09-16,Iceland,Germany,65.666647,100.11462
26,1,1,2025-09-16,Iceland,Germany,66.812616,103.50279
27,1,1,2025-09-16,Iceland,Germany,68.908519,100.26661
28,1,1,2025-09-16,Iceland,Germany,45.485289,68.795164
29,1,1,2025-09-16,Iceland,Germany,57.565657,122.16059
30,1,1,2025-09-16,Iceland,Germany,73.727418,104.38154
31,1,1,2025-09-16,Iceland,Germany,73.115221,105.01049
32,1,1,2025-09-16,Iceland,Germany,66.968819,90.922772
33,1,1,2025-09-16,Iceland,Germany,55.882004,100.30578
34,1,1,2025-09-16,Iceland,Germany,68.837739,111.77898
35,1,1,2025-09-16,Iceland,Germany,69.806332,99.233335
36,1,1,2025-09-16,Iceland,Germany,71.096677,103.82228
37,1,1,2025-09-16,Iceland,Germany,73.372876,96.887614
38,1,1,2025-09-16,Iceland,Germany,66.711687,80.251582
39,1,1,2025-09-16,Iceland,Germany,72.071509,95.508596
40,1,1,2025-09-16,Iceland,Germany,58.528259,112.77908
41,1,1,2025-09-16,Iceland,Germany,72.007959,103.34551
42,1,1,2025-09-16,Iceland,Germany,73.848094,108.55993
43,1,1,2025-09-16,Iceland,Germany,80.708651,88.791245
44,1,1,2025-09-16,Iceland,Germany,70.735483,102.47952
45,1,1,2025-09-16,Iceland,Germany,74.018533,111.40828
46,1,1,2025-09-16,Iceland,Germany,73.100854,111.29674
47,1,1,2025-09-16,Iceland,Germany,79.426992,94.114313
48,1,1,2025-09-16,Iceland,Germany,56.03988,75.972528
49,1,1,2025-09-16,Iceland,Germany,73.711043,114.86462
50,1,1,2025-09-16,Iceland,Germany,69.471936,105.00249
51,1,1,2025-09-16,Iceland,Germany,92.840854,107.50941
52,1,1,2025-09-16,Iceland,Germany,56.666226,97.554336
53,1,1,2025-09-16,Iceland,Germany,65.075897,88.424616
54,1,1,2025-09-16,Iceland,Germany,67.389322,121.49109
55,1,1,2025-09-16,Iceland,Germany,65.213269,112.32668
56,1,1,2025-09-16,Iceland,Germany,74.365606,102.12006
57,1,1,2025-09-16,Iceland,Germany,74.570809,98.121904
58,1,1,2025-09-16,Iceland,Germany,57.872176,112.9419
59,1,1,2025-09-16,Iceland,Germany,59.709803,103.87344
60,1,1,2025-09-16,Iceland,Germany,72.256084,135.13803
61,1,1,2025-09-16,Iceland,Germany,67.595455,113.28603
62,1,1,2025-09-16,Iceland,Germany,74.717996,97.528992
63,1,1,2025-09-16,Iceland,Germany,64.367094,100.89633
64,1,1,2025-09-16,Iceland,Germany,87.175875,103.86189
65,1,1,2025-09-16,Iceland,Germany,73.176644,101.92557
66,1,1,2025-09-16,Iceland,Germany,86.13087,111.58513
67,1,1,2025-09-16,Iceland,Germany,59.016285,102.15169
68,1,1,2025-09-16,Iceland,Germany,77.951116,112.50637
69,1,1,2025-09-16,Iceland,Germany,70.493862,98.116865
70,1,1,2025-09-16,Iceland,Germany,36.940238,89.906286
71,1,1,2025-09-16,Iceland,Germany,80.838762,118.14282
72,1,1,2025-09-16,Iceland,Germany,86.493642,113.5927
73,1,1,2025-09-16,Iceland,Germany,82.798266,105.34057
74,1,1,2025-09-16,Iceland,Germany,67.271811,94.568951
75,1,1,2025-09-16,Iceland,Germany,69.343731,95.543536
76,1,1,2025-09-16,Iceland,Germany,69.44151,104.33699
77,1,1,2025-09-16,Iceland,Germany,96.847476,109.99819
78,1,1,2025-09-16,Iceland,Germany,80.854837,112.28624
79,1,1,2025-09-16,Iceland,Germany,70.940064,93.504925
80,1,1,2025-09-16,Iceland,Germany,78.595694,101.70645
81,1,1,2025-09-16,Iceland,Germany,78.849493,84.567965
82,1,1,2025-09-16,Iceland,Germany,72.765414,80.650954
83,1,1,2025-09-16,Iceland,Germany,98.351998,117.78561
84,1,1,2025-09-16,Iceland,Germany,91.466224,99.485476
85,1,1,2025-09-16,Iceland,Germany,76.817573,112.86033
86,1,1,2025-09-16,Iceland,Germany,67.734781,99.529972
87,1,1,2025-09-16,Iceland,Germany,67.628012,99.418535
88,1,1,2025-09-16,Iceland,Germany,56.134693,89.721687
89,1,1,2025-09-16,Iceland,Germany,70.040538,92.371184
90,1,1,2025-09-16,Iceland,Germany,79.332384,110.2039
91,1,1,2025-09-16,Iceland,Germany,68.656202,96.397493
92,1,1,2025-09-16,Iceland,Germany,60.547559,91.088894
93,1,1,2025-09-16,Iceland,Germany,57.01661,101.95595
94,1,1,2025-09-16,Iceland,Germany,75.002344,85.650139
95,1,1,2025-09-16,Iceland,Germany,73.248519,107.82471
96,1,1,2025-09-16,Iceland,Germany,36.419271,64.896588
97,1,1,2025-09-16,Iceland,Germany,64.895394,105.15793
98,1,1,2025-09-16,Iceland,Germany,75.238993,101.02226
99,1,1,2025-09-16,Iceland,Germany,65.759647,100.96313
100,1,1,2025-09-16,Iceland,Germany,69.270736,95.549356
101,1,1,2025-09-16,Iceland,Germany,54.258577,106.55154
102,1,1,2025-09-16,Iceland,Germany,75.242552,96.03944
103,1,1,2025-09-16,Iceland,Germany,80.124844,99.346603
104,1,1,2025-09-16,Iceland,Germany,64.515614,86.60644
105,1,1,2025-09-16,Iceland,Germany,71.424915,107.91455
106,1,1,2025-09-16,Iceland,Germany,61.640568,102.86513
107,1,1,2025-09-16,Iceland,Germany,83.910386,94.52273
108,1,1,2025-09-16,Iceland,Germany,70.557734,105.69489
109,1,1,2025-09-16,Iceland,Germany,67.705068,103.17192
110,1,1,2025-09-16,Iceland,Germany,85.243097,115.8471
111,1,1,2025-09-16,Iceland,Germany,72.361381,126.71237
112,1,1,2025-09-16,Iceland,Germany,55.665226,84.090081
113,1,1,2025-09-16,Iceland,Germany,58.627188,89.952593
114,1,1,2025-09-16,Iceland,Germany,68.372851,94.760585
115,1,1,2025-09-16,Iceland,Germany,81.673089,100.90124
116,1,1,2025-09-16,Iceland,Germany,59.078439,64.67638
117,1,1,2025-09-16,Iceland,Germany,78.738521,94.994223
118,1,1,2025-09-16,Iceland,Germany,66.433099,98.049763
119,1,1,2025-09-16,Iceland,Germany,80.048829,93.747376
120,1,1,2025-09-16,Iceland,Germany,65.979105,104.35855
121,1,1,2025-09-16,Iceland,Germany,86.298503,96.854743
122,1,1,2025-09-16,Iceland,Germany,79.800764,107.46624
123,1,1,2025-09-16,Iceland,Germany,86.148762,110.09947
124,1,1,2025-09-16,Iceland,Germany,67.163808,87.355929
125,1,1,2025-09-16,Iceland,Germany,86.666636,98.997494
126,1,1,2025-09-16,Iceland,Germany,81.373198,106.04559
127,1,1,2025-09-16,Iceland,Germany,78.422395,110.46604
128,1,1,2025-09-16,Iceland,Germany,81.574765,86.032835
129,1,1,2025-09-16,Iceland,Germany,75.681666,100.17822
130,1,1,2025-09-16,Iceland,Germany,84.259388,114.42246
131,1,1,2025-09-16,Iceland,Germany,74.2654,124.10286
132,1,1,2025-09-16,Iceland,Germany,69.655156,105.56273
133,1,1,2025-09-16,Iceland,Germany,61.68378,88.100568
134,1,1,2025-09-16,Iceland,Germany,82.737747,111.44716
135,1,1,2025-09-16,Iceland,Germany,75.184971,108.87023
136,1,1,2025-09-16,Iceland,Germany,74.607836,117.36528
137,1,1,2025-09-16,Iceland,Germany,83.91949,90.210237
138,1,1,2025-09-16,Iceland,Germany,66.375569,85.167239
139,1,1,2025-09-16,Iceland,Germany,51.295773,95.95519
140,1,1,2025-09-16,Iceland,Germany,65.270797,97.543532
141,1,1,2025-09-16,Iceland,Germany,70.005916,106.15336
142,1,1,2025-09-16,Iceland,Germany,71.433945,105.37572
143,1,1,2025-09-16,Iceland,Germany,83.163016,98.946513
144,1,1,2025-09-16,Iceland,Germany,97.150115,99.175339
145,1,1,2025-09-16,Iceland,Germany,66.650691,99.779783
146,1,1,2025-09-16,Iceland,Germany,64.734572,104.09008
147,1,1,2025-09-16,Iceland,Germany,67.880931,97.547007
148,1,1,2025-09-16,Iceland,Germany,57.777336,91.46177
149,1,1,2025-09-16,Iceland,Germany,75.344208,88.687206
150,1,1,2025-09-16,Iceland,Germany,74.533577,104.05965
151,1,1,2025-09-16,Iceland,Germany,63.020958,101.86269
152,1,1,2025-09-16,Iceland,Germany,71.050271,97.561955
153,1,1,2025-09-16,Iceland,Germany,68.008709,101.69842
154,1,1,2025-09-16,Iceland,Germany,69.313396,105.97174
155,1,1,2025-09-16,Iceland,Germany,56.127473,84.743314
156,1,1,2025-09-16,Iceland,Germany,73.139397,106.5859
157,1,1,2025-09-16,Iceland,Germany,56.933207,85.219009
158,1,1,2025-09-16,Iceland,Germany,71.85119,90.566271
159,1,1,2025-09-16,Iceland,Germany,82.64335,116.92223
160,1,1,2025-09-16,Iceland,Germany,68.715276,89.450193
161,1,1,2025-09-16,Iceland,Germany,75.824109000000007,108.46561
162,1,1,2025-09-16,Iceland,Germany,55.649548,115.04638
163,1,1,2025-09-16,Iceland,Germany,61.930769,106.83534
164,1,1,2025-09-16,Iceland,Germany,67.865741,111.47492
165,1,1,2025-09-16,Iceland,Germany,62.082042,105.11989
166,1,1,2025-09-16,Iceland,Germany,73.167955,101.71501
167,1,1,2025-09-16,Iceland,Germany,74.987498,113.37067
168,1,1,2025-09-16,Iceland,Germany,65.874947,99.763221
169,1,1,2025-09-16,Iceland,Germany,71.464883,120.74793
170,1,1,2025-09-16,Iceland,Germany,80.711529,90.148923
171,1,1,2025-09-16,Iceland,Germany,66.275791,107.4792
172,1,1,2025-09-16,Iceland,Germany,71.740205,106.2418
173,1,1,2025-09-16,Iceland,Germany,71.28895,113.09218
174,1,1,2025-09-16,Iceland,Germany,63.489258,97.535936
175,1,1,2025-09-16,Iceland,Germany,63.964056,97.810062
176,1,1,2025-09-16,Iceland,Germany,79.134448,116.07894
177,1,1,2025-09-16,Iceland,Germany,63.289296,108.76134
178,1,1,2025-09-16,Iceland,Germany,76.860083,117.02901
179,1,1,2025-09-16,Iceland,Germany,74.65043,101.39517
180,1,1,2025-09-16,Iceland,Germany,79.130983,88.947401
181,1,1,2025-09-16,Iceland,Germany,82.364354,97.533625
182,1,1,2025-09-16,Iceland,Germany,72.351146,104.32094
183,1,1,2025-09-16,Iceland,Germany,64.727903,100.71518
184,1,1,2025-09-16,Iceland,Germany,52.225903,104.94834
185,1,1,2025-09-16,Iceland,Germany,70.063491,96.847894
186,1,1,2025-09-16,Iceland,Germany,79.590952,104.60474
187,1,1,2025-09-16,Iceland,Germany,76.991379,77.071305
188,1,1,2025-09-16,Iceland,Germany,48.443146,104.56144
189,1,1,2025-09-16,Iceland,Germany,81.65615,112.5703
190,1,1,2025-09-16,Iceland,Germany,75.253456,111.8894
191,1,1,2025-09-16,Iceland,Germany,69.591764,110.74808
192,1,1,2025-09-16,Iceland,Germany,75.115265,108.02471
193,1,1,2025-09-16,Iceland,Germany,58.584265,109.53185
194,1,1,2025-09-16,Iceland,Germany,60.871226,93.976996
195,1,1,2025-09-16,Iceland,Germany,48.899855,106.6923
196,1,1,2025-09-16,Iceland,Germany,67.397184,90.327692
197,1,1,2025-09-16,Iceland,Germany,61.756582,120.51669
198,1,1,2025-09-16,Iceland,Germany,87.642148,99.570236
199,1,1,2025-09-16,Iceland,Germany,56.980907,106.8023
200,1,1,2025-09-16,Iceland,Germany,66.404886,105.48925
201,1,1,2025-09-16,Iceland,Germany,64.025771,101.68787
202,1,1,2025-09-16,Iceland,Germany,60.962711,105.89421
203,1,1,2025-09-16,Iceland,Germany,68.407989,82.126062
204,1,1,2025-09-16,Iceland,Germany,75.947103,97.84492
205,1,1,2025-09-16,Iceland,Germany,62.467683,99.545104
206,1,1,2025-09-16,Iceland,Germany,68.440726,107.21422
207,1,1,2025-09-16,Iceland,Germany,73.70778,96.966528
208,1,1,2025-09-16,Iceland,Germany,78.092134,95.916296
209,1,1,2025-09-16,Iceland,Germany,62.982662,107.31629
210,1,1,2025-09-16,Iceland,Germany,77.358718,101.29639
211,1,1,2025-09-16,Iceland,Germany,75.789464,88.004256
212,1,1,2025-09-16,Iceland,Germany,79.850722,108.41646
213,1,1,2025-09-16,Iceland,Germany,82.987546,122.29089
214,1,1,2025-09-16,Iceland,Germany,79.448187,113.41917
215,1,1,2025-09-16,Iceland,Germany,77.439194,104.7552
216,1,1,2025-09-16,Iceland,Germany,59.9297,112.24711
217,1,1,2025-09-16,Iceland,Germany,76.864567,112.98799
218,1,1,2025-09-16,Iceland,Germany,77.849055,108.45927
219,1,1,2025-09-16,Iceland,Germany,57.176332,99.724976
220,1,1,2025-09-16,Iceland,Germany,80.473745,110.93359
221,1,1,2025-09-16,Iceland,Germany,83.625528,100.81671
222,1,1,2025-09-16,Iceland,Germany,66.34524,103.09713
223,1,1,2025-09-16,Iceland,Germany,73.425075,110.23009
224,1,1,2025-09-16,Iceland,Germany,54.630319,98.438081
225,1,1,2025-09-16,Iceland,Germany,79.952982,97.831514
226,1,1,2025-09-16,Iceland,Germany,54.180813,94.434297
227,1,1,2025-09-16,Iceland,Germany,47.98157,107.81305
228,1,1,2025-09-16,Iceland,Germany,68.337604,96.931634
229,1,1,2025-09-16,Iceland,Germany,67.766138,104.35271
230,1,1,2025-09-16,Iceland,Germany,69.074116,115.33792
231,1,1,2025-09-16,Iceland,Germany,71.549393,113.40165
232,1,1,2025-09-16,Iceland,Germany,64.431321,98.004043
233,1,1,2025-09-16,Iceland,Germany,67.697273,98.512416
234,1,1,2025-09-16,Iceland,Germany,76.515206,106.23906
235,1,1,2025-09-16,Iceland,Germany,78.233052,98.311495
236,1,1,2025-09-16,Iceland,Germany,63.688641,85.472675
237,1,1,2025-09-16,Iceland,Germany,80.929535,122.46734
238,1,1,2025-09-16,Iceland,Germany,68.275157,92.241423
239,1,1,2025-09-16,Iceland,Germany,64.046125,94.291015
240,1,1,2025-09-16,Iceland,Germany,73.054631,123.42948
241,1,1,2025-09-16,Iceland,Germany,60.131899,106.68217
242,1,1,2025-09-16,Iceland,Germany,69.90982,99.761574
243,1,1,2025-09-16,Iceland,Germany,72.251314,107.89997
244,1,1,2025-09-16,Iceland,Germany,76.558544,96.301356
245,1,1,2025-09-16,Iceland,Germany,89.343321,109.07678
246,1,1,2025-09-16,Iceland,Germany,76.608961,104.82837
247,1,1,2025-09-16,Iceland,Germany,81.973079,105.29713
248,1,1,2025-09-16,Iceland,Germany,70.772532,100.20194
249,1,1,2025-09-16,Iceland,Germany,78.264842,121.53157
250,1,1,2025-09-16,Iceland,Germany,60.552244,93.746236
251,1,1,2025-09-16,Iceland,Germany,74.027033,100.37745
252,1,1,2025-09-16,Iceland,Germany,64.396393,96.859924
253,1,1,2025-09-16,Iceland,Germany,59.35608,102.85275
254,1,1,2025-09-16,Iceland,Germany,61.456359,87.522299
255,1,1,2025-09-16,Iceland,Germany,71.783628,106.5304
256,1,1,2025-09-16,Iceland,Germany,67.119088,121.91224
257,1,1,2025-09-16,Iceland,Germany,48.01182,107.91949
258,1,1,2025-09-16,Iceland,Germany,64.373354,119.99374
259,1,1,2025-09-16,Iceland,Germany,64.439111,105.15397
260,1,1,2025-09-16,Iceland,Germany,63.624135,97.954003
261,1,1,2025-09-16,Iceland,Germany,62.969256,105.05119
262,1,1,2025-09-16,Iceland,Germany,75.34887,102.79389
263,1,1,2025-09-16,Iceland,Germany,70.304554,105.08904
264,1,1,2025-09-16,Iceland,Germany,69.460023,106.644
265,1,1,2025-09-16,Iceland,Germany,82.235574,108.89505
266,1,1,2025-09-16,Iceland,Germany,67.072074,102.64082
267,1,1,2025-09-16,Iceland,Germany,77.40932,114.0062
268,1,1,2025-09-16,Iceland,Germany,72.001227,93.79047
269,1,1,2025-09-16,Iceland,Germany,81.080533,108.31274
270,1,1,2025-09-16,Iceland,Germany,69.840792,115.56728
271,1,1,2025-09-16,Iceland,Germany,79.143662,111.34082
272,1,1,2025-09-16,Iceland,Germany,82.167262,120.15291
273,1,1,2025-09-16,Iceland,Germany,64.305898,112.44078
274,1,1,2025-09-16,Iceland,Germany,79.111188,110.90799
275,1,1,2025-09-16,Iceland,Germany,66.14335,109.91946
276,1,1,2025-09-16,Iceland,Germany,70.494949,110.81873
277,1,1,2025-09-16,Iceland,Germany,69.841304,98.824146
278,1,1,2025-09-16,Iceland,Germany,59.369895,98.659636
279,1,1,2025-09-16,Iceland,Germany,73.646641,107.34179
280,1,1,2025-09-16,Iceland,Germany,84.127783,114.93907
281,1,1,2025-09-16,Iceland,Germany,92.701785,100.16791
282,1,1,2025-09-16,Iceland,Germany,77.532831,114.7989
283,1,1,2025-09-16,Iceland,Germany,73.938396,94.998786
284,1,1,2025-09-16,Iceland,Germany,77.373387,98.159994
285,1,1,2025-09-16,Iceland,Germany,72.75378,131.3337
286,1,1,2025-09-16,Iceland,Germany,81.271787,94.234337
287,1,1,2025-09-16,Iceland,Germany,71.068261,114.35671
288,1,1,2025-09-16,Iceland,Germany,67.243282,99.940851
289,1,1,2025-09-16,Iceland,Germany,67.624034,98.418098
290,1,1,2025-09-16,Iceland,Germany,50.72891,89.573566
291,1,1,2025-09-16,Iceland,Germany,80.638481,116.80794
292,1,1,2025-09-16,Iceland,Germany,73.348513,97.544873
293,1,1,2025-09-16,Iceland,Germany,57.557717,114.66867
294,1,1,2025-09-16,Iceland,Germany,66.418262,102.90392
295,1,1,2025-09-16,Iceland,Germany,72.103009,99.751893
296,1,1,2025-09-16,Iceland,Germany,74.535544,112.56091
297,1,1,2025-09-16,Iceland,Germany,46.438594,101.32159
298,1,1,2025-09-16,Iceland,Germany,63.335472,96.48376
299,1,1,2025-09-16,Iceland,Germany,83.162133,94.910729
300,1,1,2025-09-16,Iceland,Germany,59.470871,119.55645
301,1,1,2025-09-16,Iceland,Germany,59.916131,107.65108
302,1,1,2025-09-16,Iceland,Germany,63.5587,106.38707
303,1,1,2025-09-16,Iceland,Germany,54.995517,96.408685
304,1,1,2025-09-16,Iceland,Germany,60.887941,100.7228
305,1,1,2025-09-16,Iceland,Germany,60.302588,113.62995
306,1,1,2025-09-16,Iceland,Germany,88.83098,101.034
307,1,1,2025-09-16,Iceland,Germany,61.93344,90.130545
308,1,1,2025-09-16,Iceland,Germany,71.854388,113.09911
309,1,1,2025-09-16,Iceland,Germany,51.047398,107.93057
310,1,1,2025-09-16,Iceland,Germany,91.966207,99.646863
311,1,1,2025-09-16,Iceland,Germany,64.022672,103.74915
312,1,1,2025-09-16,Iceland,Germany,83.917798,97.685167
313,1,1,2025-09-16,Iceland,Germany,67.219929,101.49003
314,1,1,2025-09-16,Iceland,Germany,65.349751,115.70352
315,1,1,2025-09-16,Iceland,Germany,91.505882,120.58189
316,1,1,2025-09-16,Iceland,Germany,77.764146,116.05837
317,1,1,2025-09-16,Iceland,Germany,77.112676,81.884301
318,1,1,2025-09-16,Iceland,Germany,70.633467,109.71976
319,1,1,2025-09-16,Iceland,Germany,73.655272,109.5037
320,1,1,2025-09-16,Iceland,Germany,78.305958,108.79574
321,1,1,2025-09-16,Iceland,Germany,83.117198,95.269316
322,1,1,2025-09-16,Iceland,Germany,66.973172,113.0373
323,1,1,2025-09-16,Iceland,Germany,75.718007,106.88444
324,1,1,2025-09-16,Iceland,Germany,59.100244000000004,88.016027
325,1,1,2025-09-16,Iceland,Germany,62.364068,87.107991
326,1,1,2025-09-16,Iceland,Germany,83.100271,96.912889
327,1,1,2025-09-16,Iceland,Germany,83.164417,106.81834
328,1,1,2025-09-16,Iceland,Germany,62.599213,109.73708
329,1,1,2025-09-16,Iceland,Germany,79.316873,115.46967
330,1,1,2025-09-16,Iceland,Germany,62.855387,95.076784
331,1,1,2025-09-16,Iceland,Germany,60.912085,96.432845
332,1,1,2025-09-16,Iceland,Germany,70.347298,107.09988
333,1,1,2025-09-16,Iceland,Germany,66.60521,106.21934
334,1,1,2025-09-16,Iceland,Germany,68.416821,131.26678
335,1,1,2025-09-16,Iceland,Germany,81.823602,107.22513
336,1,1,2025-09-16,Iceland,Germany,70.077493,94.330922
337,1,1,2025-09-16,Iceland,Germany,76.791131,108.95461
338,1,1,2025-09-16,Iceland,Germany,79.624457,99.897075
339,1,1,2025-09-16,Iceland,Germany,54.569026,108.20607
340,1,1,2025-09-16,Iceland,Germany,74.341433,101.77788
341,1,1,2025-09-16,Iceland,Germany,66.745143,102.8498
342,1,1,2025-09-16,Iceland,Germany,59.881634,96.474552
343,1,1,2025-09-16,Iceland,Germany,62.812475,109.38708
344,1,1,2025-09-16,Iceland,Germany,61.45241,85.00293
345,1,1,2025-09-16,Iceland,Germany,67.570206,103.81656
346,1,1,2025-09-16,Iceland,Germany,68.164451,100.31377
347,1,1,2025-09-16,Iceland,Germany,66.743755,97.532064
348,1,1,2025-09-16,Iceland,Germany,41.957387,95.595264
349,1,1,2025-09-16,Iceland,Germany,61.621235,97.217775
350,1,1,2025-09-16,Iceland,Germany,61.399719,88.981563
351,1,1,2025-09-16,Iceland,Germany,55.045769,101.75185
352,1,1,2025-09-16,Iceland,Germany,69.961337,99.210263
353,1,1,2025-09-16,Iceland,Germany,79.79721,106.37724
354,1,1,2025-09-16,Iceland,Germany,81.750119,99.504501
355,1,1,2025-09-16,Iceland,Germany,61.621781,109.77196000000001
356,1,1,2025-09-16,Iceland,Germany,72.982926,96.147002
357,1,1,2025-09-16,Iceland,Germany,78.044136,114.41091
358,1,1,2025-09-16,Iceland,Germany,75.4416,125.28978
359,1,1,2025-09-16,Iceland,Germany,48.753433,98.476161
360,1,1,2025-09-16,Iceland,Germany,64.420956,115.42543
361,1,1,2025-09-16,Iceland,Germany,62.393748,118.93562
362,1,1,2025-09-16,Iceland,Germany,70.252677,106.62652
363,1,1,2025-09-16,Iceland,Germany,54.425358,83.577482
364,1,1,2025-09-16,Iceland,Germany,54.321865,112.74516
365,1,1,2025-09-16,Iceland,Germany,89.692651,121.68826
366,1,1,2025-09-16,Iceland,Germany,75.588713,106.58911
367,1,1,2025-09-16,Iceland,Germany,79.100219,102.55212
368,1,1,2025-09-16,Iceland,Germany,79.245517,98.334623
369,1,1,2025-09-16,Iceland,Germany,82.905969,104.80373
370,1,1,2025-09-16,Iceland,Germany,59.15473,119.23126
371,1,1,2025-09-16,Iceland,Germany,83.787696,116.53057
372,1,1,2025-09-16,Iceland,Germany,68.385765,100.90921
373,1,1,2025-09-16,Iceland,Germany,80.207099,111.97708
374,1,1,2025-09-16,Iceland,Germany,93.880799,107.6418
375,1,1,2025-09-16,Iceland,Germany,89.442141,97.836194
376,1,1,2025-09-16,Iceland,Germany,66.483653,97.920409
377,1,1,2025-09-16,Iceland,Germany,57.090314,107.74278
378,1,1,2025-09-16,Iceland,Germany,68.345102,98.6804
379,1,1,2025-09-16,Iceland,Germany,55.491204,86.74833
380,1,1,2025-09-16,Iceland,Germany,75.822216,110.62831
381,1,1,2025-09-16,Iceland,Germany,54.361945,88.474003
382,1,1,2025-09-16,Iceland,Germany,60.231265,91.330429
383,1,1,2025-09-16,Iceland,Germany,77.050921,113.29732
384,1,1,2025-09-16,Iceland,Germany,61.931838,106.79939
385,1,1,2025-09-16,Iceland,Germany,55.467131,102.0383
386,1,1,2025-09-16,Iceland,Germany,66.344516,103.97511
387,1,1,2025-09-16,Iceland,Germany,66.410085,98.39367
388,1,1,2025-09-16,Iceland,Germany,56.156364,109.41905
389,1,1,2025-09-16,Iceland,Germany,71.74965,96.430334
390,1,1,2025-09-16,Iceland,Germany,59.817499,105.44107
391,1,1,2025-09-16,Iceland,Germany,70.672445,92.249676
392,1,1,2025-09-16,Iceland,Germany,87.579544,121.97295
393,1,1,2025-09-16,Iceland,Germany,55.814496,99.87558
394,1,1,2025-09-16,Iceland,Germany,63.936073,107.47551
395,1,1,2025-09-16,Iceland,Germany,64.452887,101.2624
396,1,1,2025-09-16,Iceland,Germany,59.497917,81.60396
397,1,1,2025-09-16,Iceland,Germany,78.08855,98.005701
398,1,1,2025-09-16,Iceland,Germany,64.200832,98.548171
399,1,1,2025-09-16,Iceland,Germany,76.141425,107.9988
400,1,1,2025-09-16,Iceland,Germany,73.721472,85.828496
401,1,1,2025-09-16,Iceland,Germany,58.353731,96.925042
402,1,1,2025-09-16,Iceland,Germany,56.251098,106.81205
403,1,1,2025-09-16,Iceland,Germany,64.027076,94.03151
404,1,1,2025-09-16,Iceland,Germany,57.75119,104.20429
405,1,1,2025-09-16,Iceland,Germany,68.302126,102.22707
406,1,1,2025-09-16,Iceland,Germany,69.297934,99.38888
407,1,1,2025-09-16,Iceland,Germany,64.339798,110.75681
408,1,1,2025-09-16,Iceland,Germany,64.86367,99.318343
409,1,1,2025-09-16,Iceland,Germany,90.19666,101.28433
410,1,1,2025-09-16,Iceland,Germany,64.283599,92.872086
411,1,1,2025-09-16,Iceland,Germany,79.477368,87.971439
412,1,1,2025-09-16,Iceland,Germany,53.723126,94.187875
413,1,1,2025-09-16,Iceland,Germany,72.591938,126.78057
414,1,1,2025-09-16,Iceland,Germany,73.170076,113.62616
415,1,1,2025-09-16,Iceland,Germany,69.833405,89.473344
416,1,1,2025-09-16,Iceland,Germany,73.301699,114.86588
417,1,1,2025-09-16,Iceland,Germany,77.624546,117.01782
418,1,1,2025-09-16,Iceland,Germany,66.880897,107.87967
419,1,1,2025-09-16,Iceland,Germany,81.127622,126.65551
420,1,1,2025-09-16,Iceland,Germany,51.217862,92.079617
421,1,1,2025-09-16,Iceland,Germany,83.322441,115.85329
422,1,1,2025-09-16,Iceland,Germany,64.691132,104.30126
423,1,1,2025-09-16,Iceland,Germany,101.59454,116.21601
424,1,1,2025-09-16,Iceland,Germany,79.489875,109.60454
425,1,1,2025-09-16,Iceland,Germany,53.093631,91.451921
426,1,1,2025-09-16,Iceland,Germany,69.048611,122.16173
427,1,1,2025-09-16,Iceland,Germany,58.47742,105.73428
428,1,1,2025-09-16,Iceland,Germany,62.348968,109.2201
429,1,1,2025-09-16,Iceland,Germany,64.203676,96.266348
430,1,1,2025-09-16,Iceland,Germany,74.104432,99.726462
431,1,1,2025-09-16,Iceland,Germany,66.028625,91.874293
432,1,1,2025-09-16,Iceland,Germany,61.388426,96.489323
433,1,1,2025-09-16,Iceland,Germany,72.712412,107.94114
434,1,1,2025-09-16,Iceland,Germany,70.835706,116.82986
435,1,1,2025-09-16,Iceland,Germany,58.975934,105.98929
436,1,1,2025-09-16,Iceland,Germany,55.141623,98.421379
437,1,1,2025-09-16,Iceland,Germany,69.287827,90.928164
438,1,1,2025-09-16,Iceland,Germany,64.805636,93.909225
439,1,1,2025-09-16,Iceland,Germany,72.592492,105.31354
440,1,1,2025-09-16,Iceland,Germany,60.969165,103.52085
441,1,1,2025-09-16,Iceland,Germany,61.275092,111.2615
442,1,1,2025-09-16,Iceland,Germany,72.590977,108.5428
443,1,1,2025-09-16,Iceland,Germany,78.50787,113.35939
444,1,1,2025-09-16,Iceland,Germany,67.070972,110.70287
445,1,1,2025-09-16,Iceland,Germany,52.59962,111.32407
446,1,1,2025-09-16,Iceland,Germany,65.44138,96.162335
447,1,1,2025-09-16,Iceland,Germany,65.71116,93.268437
448,1,1,2025-09-16,Iceland,Germany,66.211193,101.05848
449,1,1,2025-09-16,Iceland,Germany,74.917951,110.71336
450,1,1,2025-09-16,Iceland,Germany,84.526233,99.386906
451,1,1,2025-09-16,Iceland,Germany,61.644817,120.89204
452,1,1,2025-09-16,Iceland,Germany,72.777712,107.17838
453,1,1,2025-09-16,Iceland,Germany,88.888204,86.811454
454,1,1,2025-09-16,Iceland,Germany,65.888952,100.00042
455,1,1,2025-09-16,Iceland,Germany,59.771404,104.92987
456,1,1,2025-09-16,Iceland,Germany,58.5899,96.749083
457,1,1,2025-09-16,Iceland,Germany,67.093659,109.07052
458,1,1,2025-09-16,Iceland,Germany,61.276207,134.33381
459,1,1,2025-09-16,Iceland,Germany,64.920537,100.33366
460,1,1,2025-09-16,Iceland,Germany,64.306062,108.77992
461,1,1,2025-09-16,Iceland,Germany,83.045121,101.19225
462,1,1,2025-09-16,Iceland,Germany,86.095584,114.02184
463,1,1,2025-09-16,Iceland,Germany,77.60175,66.087159
464,1,1,2025-09-16,Iceland,Germany,68.443937,127.89284
465,1,1,2025-09-16,Iceland,Germany,58.350208,102.62389
466,1,1,2025-09-16,Iceland,Germany,70.137346,102.4709
467,1,1,2025-09-16,Iceland,Germany,71.722697,119.50885
468,1,1,2025-09-16,Iceland,Germany,59.556466,101.83811
469,1,1,2025-09-16,Iceland,Germany,76.288524,115.16777
470,1,1,2025-09-16,Iceland,Germany,39.965226,93.520505
471,1,1,2025-09-16,Iceland,Germany,59.674233,96.801786
472,1,1,2025-09-16,Iceland,Germany,63.797101,108.28555
473,1,1,2025-09-16,Iceland,Germany,74.367442,113.83433
474,1,1,2025-09-16,Iceland,Germany,45.75085,95.702058
475,1,1,2025-09-16,Iceland,Germany,60.148754,93.660533
476,1,1,2025-09-16,Iceland,Germany,58.525176,114.72496
477,1,1,2025-09-16,Iceland,Germany,58.097116,106.26967
478,1,1,2025-09-16,Iceland,Germany,64.610313,108.94221
479,1,1,2025-09-16,Iceland,Germany,58.452972,113.85525
480,1,1,2025-09-16,Iceland,Germany,73.710057,101.05834
481,1,1,2025-09-16,Iceland,Germany,66.612025,112.59118
482,1,1,2025-09-16,Iceland,Germany,66.469454,109.31534
483,1,1,2025-09-16,Iceland,Germany,80.390679,127.32417
484,1,1,2025-09-16,Iceland,Germany,57.344953,96.851317
485,1,1,2025-09-16,Iceland,Germany,82.298169,105.84029
486,1,1,2025-09-16,Iceland,Germany,58.714744,91.155799
487,1,1,2025-09-16,Iceland,Germany,62.384235,88.95693
488,1,1,2025-09-16,Iceland,Germany,70.026616,110.76804
489,1,1,2025-09-16,Iceland,Germany,79.442038,114.34434
490,1,1,2025-09-16,Iceland,Germany,66.454505,111.39268
491,1,1,2025-09-16,Iceland,Germany,65.493533,103.47261
492,1,1,2025-09-16,Iceland,Germany,70.492418,112.13302
493,1,1,2025-09-16,Iceland,Germany,48.864049,93.098262
494,1,1,2025-09-16,Iceland,Germany,68.11969,107.84361
495,1,1,2025-09-16,Iceland,Germany,68.66471,103.80113
496,1,1,2025-09-16,Iceland,Germany,67.794311,113.25137
497,1,1,2025-09-16,Iceland,Germany,64.793001,105.27219
498,1,1,2025-09-16,Iceland,Germany,77.85928,113.18232
499,1,1,2025-09-16,Iceland,Germany,64.016838,114.30517
500,1,1,2025-09-16,Iceland,Germany,64.176203,114.59844
501,1,1,2025-09-16,Iceland,Germany,93.790387,107.26571
502,1,1,2025-09-16,Iceland,Germany,70.194898,99.80959
503,1,1,2025-09-16,Iceland,Germany,67.770852,94.172929
504,1,1,2025-09-16,Iceland,Germany,75.645397,113.46431
505,1,1,2025-09-16,Iceland,Germany,74.363659,100.2871
506,1,1,2025-09-16,Iceland,Germany,63.534665,96.621094
507,1,1,2025-09-16,Iceland,Germany,78.079033,118.89592
508,1,1,2025-09-16,Iceland,Germany,72.565429,76.366332
509,1,1,2025-09-16,Iceland,Germany,48.499962,86.827919
510,1,1,2025-09-16,Iceland,Germany,83.662896,105.27481
511,1,1,2025-09-16,Iceland,Germany,70.997806,105.31803
512,1,1,2025-09-16,Iceland,Germany,82.066308,93.794607
513,1,1,2025-09-16,Iceland,Germany,69.65468,104.40197
514,1,1,2025-09-16,Iceland,Germany,115.14098,118.98867
515,1,1,2025-09-16,Iceland,Germany,67.406531,98.820862
516,1,1,2025-09-16,Iceland,Germany,92.413854,89.767974
517,1,1,2025-09-16,Iceland,Germany,57.358475,74.79828
518,1,1,2025-09-16,Iceland,Germany,78.456049,107.76856
519,1,1,2025-09-16,Iceland,Germany,62.428639,117.71803
520,1,1,2025-09-16,Iceland,Germany,68.535298,84.959363
521,1,1,2025-09-16,Iceland,Germany,73.685251,108.33089
522,1,1,2025-09-16,Iceland,Germany,71.926602,96.833464
523,1,1,2025-09-16,Iceland,Germany,77.05735,104.97411
524,1,1,2025-09-16,Iceland,Germany,63.443094,89.176973
525,1,1,2025-09-16,Iceland,Germany,64.505156,99.215125
526,1,1,2025-09-16,Iceland,Germany,70.924399,108.22524
527,1,1,2025-09-16,Iceland,Germany,57.37513,95.066465
528,1,1,2025-09-16,Iceland,Germany,80.331183,113.46641
529,1,1,2025-09-16,Iceland,Germany,60.929989,104.24169
530,1,1,2025-09-16,Iceland,Germany,66.205654,105.6757
531,1,1,2025-09-16,Iceland,Germany,78.97011,80.195431
532,1,1,2025-09-16,Iceland,Germany,65.127326,115.9765
533,1,1,2025-09-16,Iceland,Germany,77.311586,103.16434
534,1,1,2025-09-16,Iceland,Germany,80.1322,88.227141
535,1,1,2025-09-16,Iceland,Germany,76.604374000000007,87.185901
536,1,1,2025-09-16,Iceland,Germany,75.380601,104.21775
537,1,1,2025-09-16,Iceland,Germany,90.342349,109.99497
538,1,1,2025-09-16,Iceland,Germany,87.895459,106.03595
539,1,1,2025-09-16,Iceland,Germany,49.132671,93.89426
540,1,1,2025-09-16,Iceland,Germany,72.743565,124.9753
541,1,1,2025-09-16,Iceland,Germany,48.103625,91.6731
542,1,1,2025-09-16,Iceland,Germany,59.785986,95.199701
543,1,1,2025-09-16,Iceland,Germany,82.315297,126.68103
544,1,1,2025-09-16,Iceland,Germany,76.995925,62.492931
545,1,1,2025-09-16,Iceland,Germany,61.62782,105.53245
546,1,1,2025-09-16,Iceland,Germany,86.127666,101.77391
547,1,1,2025-09-16,Iceland,Germany,73.505948,108.15739
548,1,1,2025-09-16,Iceland,Germany,86.59749,108.22314
549,1,1,2025-09-16,Iceland,Germany,77.932637,115.47259
550,1,1,2025-09-16,Iceland,Germany,65.461732,109.4536
551,1,1,2025-09-16,Iceland,Germany,79.272516,102.67253
552,1,1,2025-09-16,Iceland,Germany,70.759257,124.28328
553,1,1,2025-09-16,Iceland,Germany,65.19147,102.72255
554,1,1,2025-09-16,Iceland,Germany,62.177077,105.66036
555,1,1,2025-09-16,Iceland,Germany,54.981786,106.14528
556,1,1,2025-09-16,Iceland,Germany,61.805631,116.05402
557,1,1,2025-09-16,Iceland,Germany,38.04524,97.578284
558,1,1,2025-09-16,Iceland,Germany,83.691647,109.20353
559,1,1,2025-09-16,Iceland,Germany,63.714727,123.56582
560,1,1,2025-09-16,Iceland,Germany,63.654505,89.551812
561,1,1,2025-09-16,Iceland,Germany,69.804922,103.69306
562,1,1,2025-09-16,Iceland,Germany,75.061795,113.32883
563,1,1,2025-09-16,Iceland,Germany,90.861718,127.87623
564,1,1,2025-09-16,Iceland,Germany,56.425147,99.540397
565,1,1,2025-09-16,Iceland,Germany,77.891378,112.77618
566,1,1,2025-09-16,Iceland,Germany,59.584117,102.27526
567,1,1,2025-09-16,Iceland,Germany,76.510503,97.051715
568,1,1,2025-09-16,Iceland,Germany,56.243589,94.716589
569,1,1,2025-09-16,Iceland,Germany,67.759763,117.95778
570,1,1,2025-09-16,Iceland,Germany,49.142222,109.12991
571,1,1,2025-09-16,Iceland,Germany,72.6438,103.07288
572,1,1,2025-09-16,Iceland,Germany,54.232551,94.432045
573,1,1,2025-09-16,Iceland,Germany,49.114472,109.76315
574,1,1,2025-09-16,Iceland,Germany,66.086703,123.38632
575,1,1,2025-09-16,Iceland,Germany,71.046163,109.80712
576,1,1,2025-09-16,Iceland,Germany,80.729764,101.6271
577,1,1,2025-09-16,Iceland,Germany,77.425809,90.89986
578,1,1,2025-09-16,Iceland,Germany,64.830078,112.60665
579,1,1,2025-09-16,Iceland,Germany,55.412829,101.02284
580,1,1,2025-09-16,Iceland,Germany,86.340965,113.12348
581,1,1,2025-09-16,Iceland,Germany,66.641303,100.86528
582,1,1,2025-09-16,Iceland,Germany,62.354032,101.84239
583,1,1,2025-09-16,Iceland,Germany,59.127397,90.743304
584,1,1,2025-09-16,Iceland,Germany,72.835782,104.29272
585,1,1,2025-09-16,Iceland,Germany,69.717018,120.02411
586,1,1,2025-09-16,Iceland,Germany,86.427093,129.78904
587,1,1,2025-09-16,Iceland,Germany,68.706523,104.37036
588,1,1,2025-09-16,Iceland,Germany,81.929022,112.65251
589,1,1,2025-09-16,Iceland,Germany,93.538726,110.91263
590,1,1,2025-09-16,Iceland,Germany,57.838914,113.52158
591,1,1,2025-09-16,Iceland,Germany,79.308503,89.60564
592,1,1,2025-09-16,Iceland,Germany,44.497302,101.0928
593,1,1,2025-09-16,Iceland,Germany,65.672039,105.1396
594,1,1,2025-09-16,Iceland,Germany,66.354983,104.71883
595,1,1,2025-09-16,Iceland,Germany,57.083802,119.78054
596,1,1,2025-09-16,Iceland,Germany,79.867887,96.406574
597,1,1,2025-09-16,Iceland,Germany,74.07886,116.75958
598,1,1,2025-09-16,Iceland,Germany,58.121044,101.12379
599,1,1,2025-09-16,Iceland,Germany,78.903795,103.30919
600,1,1,2025-09-16,Iceland,Germany,63.127885,99.97766
601,1,1,2025-09-16,Iceland,Germany,73.573587,114.78693
602,1,1,2025-09-16,Iceland,Germany,70.492526,100.82958000000001
603,1,1,2025-09-16,Iceland,Germany,70.435131,105.95386
604,1,1,2025-09-16,Iceland,Germany,65.605173,124.32814
605,1,1,2025-09-16,Iceland,Germany,73.110767,99.18473
606,1,1,2025-09-16,Iceland,Germany,77.733965,100.33005
607,1,1,2025-09-16,Iceland,Germany,97.163179,120.78718
608,1,1,2025-09-16,Iceland,Germany,61.850325,95.308864
609,1,1,2025-09-16,Iceland,Germany,65.886042,112.07968
610,1,1,2025-09-16,Iceland,Germany,70.679149,114.33328
611,1,1,2025-09-16,Iceland,Germany,71.138486,110.2302
612,1,1,2025-09-16,Iceland,Germany,58.63633,110.77555
613,1,1,2025-09-16,Iceland,Germany,55.02959,91.045223
614,1,1,2025-09-16,Iceland,Germany,63.474412,104.17279
615,1,1,2025-09-16,Iceland,Germany,59.451969,110.1115
616,1,1,2025-09-16,Iceland,Germany,98.065613,119.44995
617,1,1,2025-09-16,Iceland,Germany,69.242503,112.83331
618,1,1,2025-09-16,Iceland,Germany,73.29985,92.652689
619,1,1,2025-09-16,Iceland,Germany,84.329515,108.45999
620,1,1,2025-09-16,Iceland,Germany,58.958898,95.437092
621,1,1,2025-09-16,Iceland,Germany,83.569429,120.14696000000001
622,1,1,2025-09-16,Iceland,Germany,64.135766,89.389992
623,1,1,2025-09-16,Iceland,Germany,67.522538,79.860816
624,1,1,2025-09-16,Iceland,Germany,82.255083,87.212798
625,1,1,2025-09-16,Iceland,Germany,78.676772,116.91933
626,1,1,2025-09-16,Iceland,Germany,63.111539,113.56186
627,1,1,2025-09-16,Iceland,Germany,62.917213,95.901916
628,1,1,2025-09-16,Iceland,Germany,76.889232,92.535603
629,1,1,2025-09-16,Iceland,Germany,63.489007,92.368885
630,1,1,2025-09-16,Iceland,Germany,63.459328,120.2334
631,1,1,2025-09-16,Iceland,Germany,39.88189,93.340045
632,1,1,2025-09-16,Iceland,Germany,71.027851,94.710883
633,1,1,2025-09-16,Iceland,Germany,77.148359,115.62518
634,1,1,2025-09-16,Iceland,Germany,78.660436,102.59597
635,1,1,2025-09-16,Iceland,Germany,66.061434,112.35435
636,1,1,2025-09-16,Iceland,Germany,70.147213,91.715673
637,1,1,2025-09-16,Iceland,Germany,45.669167,100.37858
638,1,1,2025-09-16,Iceland,Germany,70.368411,104.79092
639,1,1,2025-09-16,Iceland,Germany,63.83436,97.976221
640,1,1,2025-09-16,Iceland,Germany,74.292973,121.51996
641,1,1,2025-09-16,Iceland,Germany,70.131974,106.17741
642,1,1,2025-09-16,Iceland,Germany,74.050989,113.72244
643,1,1,2025-09-16,Iceland,Germany,100.81633,94.337019
644,1,1,2025-09-16,Iceland,Germany,66.074224,94.672755
645,1,1,2025-09-16,Iceland,Germany,67.61261,103.3961
646,1,1,2025-09-16,Iceland,Germany,79.417016,103.95679
647,1,1,2025-09-16,Iceland,Germany,63.461937,97.294939
648,1,1,2025-09-16,Iceland,Germany,55.985811,87.18393
649,1,1,2025-09-16,Iceland,Germany,72.023647,98.153995
650,1,1,2025-09-16,Iceland,Germany,71.781448,109.51794
651,1,1,2025-09-16,Iceland,Germany,77.395123,102.99592
652,1,1,2025-09-16,Iceland,Germany,66.851866,102.86377
653,1,1,2025-09-16,Iceland,Germany,50.143461,84.78941
654,1,1,2025-09-16,Iceland,Germany,68.640607,94.264
655,1,1,2025-09-16,Iceland,Germany,71.460559,96.944811
656,1,1,2025-09-16,Iceland,Germany,60.317431,108.41888
657,1,1,2025-09-16,Iceland,Germany,74.708777,99.264342
658,1,1,2025-09-16,Iceland,Germany,85.365834,119.36172
659,1,1,2025-09-16,Iceland,Germany,84.138243,118.81394
660,1,1,2025-09-16,Iceland,Germany,81.946477,102.06608
661,1,1,2025-09-16,Iceland,Germany,55.270683,102.52593
662,1,1,2025-09-16,Iceland,Germany,63.191738,100.08117
663,1,1,2025-09-16,Iceland,Germany,63.293761,112.05791
664,1,1,2025-09-16,Iceland,Germany,84.8168,109.23237
665,1,1,2025-09-16,Iceland,Germany,74.626294,103.69723
666,1,1,2025-09-16,Iceland,Germany,53.897018,97.043448
667,1,1,2025-09-16,Iceland,Germany,83.435306,112.24935
668,1,1,2025-09-16,Iceland,Germany,85.921415,99.583334
669,1,1,2025-09-16,Iceland,Germany,56.322936,90.686238
670,1,1,2025-09-16,Iceland,Germany,56.183827,110.06723
671,1,1,2025-09-16,Iceland,Germany,77.893475,99.512041
672,1,1,2025-09-16,Iceland,Germany,80.51971,83.182635
673,1,1,2025-09-16,Iceland,Germany,72.488928,110.71544
674,1,1,2025-09-16,Iceland,Germany,74.673059,110.24461
675,1,1,2025-09-16,Iceland,Germany,59.124263,100.619
676,1,1,2025-09-16,Iceland,Germany,60.934735,113.45654
677,1,1,2025-09-16,Iceland,Germany,78.725308,113.78772
678,1,1,2025-09-16,Iceland,Germany,65.333955,96.268182
679,1,1,2025-09-16,Iceland,Germany,59.191856,109.24915
680,1,1,2025-09-16,Iceland,Germany,61.117327,107.07215
681,1,1,2025-09-16,Iceland,Germany,59.28965,107.65025
682,1,1,2025-09-16,Iceland,Germany,76.608253,94.019716
683,1,1,2025-09-16,Iceland,Germany,52.646002,97.477591
684,1,1,2025-09-16,Iceland,Germany,64.658374,100.74022
685,1,1,2025-09-16,Iceland,Germany,49.84793,115.30433
686,1,1,2025-09-16,Iceland,Germany,70.05833,114.79147
687,1,1,2025-09-16,Iceland,Germany,65.390872,101.4122
688,1,1,2025-09-16,Iceland,Germany,81.174166,116.83563
689,1,1,2025-09-16,Iceland,Germany,86.345416,103.43642
690,1,1,2025-09-16,Iceland,Germany,51.969309,99.396543
691,1,1,2025-09-16,Iceland,Germany,75.002119,108.87739
692,1,1,2025-09-16,Iceland,Germany,66.183157,89.248534
693,1,1,2025-09-16,Iceland,Germany,78.005788,102.79868
694,1,1,2025-09-16,Iceland,Germany,57.907982,101.17542
695,1,1,2025-09-16,Iceland,Germany,59.257017,105.14554
696,1,1,2025-09-16,Iceland,Germany,78.679083,112.98017
697,1,1,2025-09-16,Iceland,Germany,81.063305,119.6958
698,1,1,2025-09-16,Iceland,Germany,83.294199,99.71312
699,1,1,2025-09-16,Iceland,Germany,63.435072,104.17944
700,1,1,2025-09-16,Iceland,Germany,77.550817,117.7683
701,1,1,2025-09-16,Iceland,Germany,54.436996,96.347467
702,1,1,2025-09-16,Iceland,Germany,64.385701,115.91039
703,1,1,2025-09-16,Iceland,Germany,80.484848,100.62413
704,1,1,2025-09-16,Iceland,Germany,74.171518,109.50354
705,1,1,2025-09-16,Iceland,Germany,75.551378,103.06585
706,1,1,2025-09-16,Iceland,Germany,63.839019,90.596523
707,1,1,2025-09-16,Iceland,Germany,79.005403,105.36747
708,1,1,2025-09-16,Iceland,Germany,57.719067,94.327534
709,1,1,2025-09-16,Iceland,Germany,77.859054,109.51949
710,1,1,2025-09-16,Iceland,Germany,60.99802,96.332494
711,1,1,2025-09-16,Iceland,Germany,66.694371,92.384008
712,1,1,2025-09-16,Iceland,Germany,68.125804,112.65233
713,1,1,2025-09-16,Iceland,Germany,64.472381,95.392162
714,1,1,2025-09-16,Iceland,Germany,72.176588,117.0845
715,1,1,2025-09-16,Iceland,Germany,60.072793,114.23723
716,1,1,2025-09-16,Iceland,Germany,74.488374,107.06841
717,1,1,2025-09-16,Iceland,Germany,74.345289,98.594351
718,1,1,2025-09-16,Iceland,Germany,67.393708,101.98168
719,1,1,2025-09-16,Iceland,Germany,71.296369,97.441041
720,1,1,2025-09-16,Iceland,Germany,68.10705,107.59497
721,1,1,2025-09-16,Iceland,Germany,84.584934,102.4332
722,1,1,2025-09-16,Iceland,Germany,47.888535,109.76078
723,1,1,2025-09-16,Iceland,Germany,88.051876,109.66336
724,1,1,2025-09-16,Iceland,Germany,68.39055,117.08165
725,1,1,2025-09-16,Iceland,Germany,74.798064,128.94712
726,1,1,2025-09-16,Iceland,Germany,80.841662,107.25141
727,1,1,2025-09-16,Iceland,Germany,89.520633,101.51767
728,1,1,2025-09-16,Iceland,Germany,59.835715,118.71751
729,1,1,2025-09-16,Iceland,Germany,68.472976,97.65752
730,1,1,2025-09-16,Iceland,Germany,68.51093,102.07552
731,1,1,2025-09-16,Iceland,Germany,69.224413,81.842199
732,1,1,2025-09-16,Iceland,Germany,71.002325,124.62616
733,1,1,2025-09-16,Iceland,Germany,74.218814,121.89686
734,1,1,2025-09-16,Iceland,Germany,60.059026,99.636315
735,1,1,2025-09-16,Iceland,Germany,73.364273,108.90148
736,1,1,2025-09-16,Iceland,Germany,75.819761,130.19034
737,1,1,2025-09-16,Iceland,Germany,72.052581,103.65896
738,1,1,2025-09-16,Iceland,Germany,72.928559,97.473492
739,1,1,2025-09-16,Iceland,Germany,94.829105,109.55212
740,1,1,2025-09-16,Iceland,Germany,83.757714000000007,104.82813
741,1,1,2025-09-16,Iceland,Germany,64.359092,98.244689
742,1,1,2025-09-16,Iceland,Germany,82.644848,95.210636
743,1,1,2025-09-16,Iceland,Germany,42.664649,94.089545
744,1,1,2025-09-16,Iceland,Germany,70.371067,121.02908
745,1,1,2025-09-16,Iceland,Germany,68.326055,120.61334
746,1,1,2025-09-16,Iceland,Germany,78.158423,105.65925
747,1,1,2025-09-16,Iceland,Germany,54.333621,82.053015
748,1,1,2025-09-16,Iceland,Germany,72.290762,104.64281
749,1,1,2025-09-16,Iceland,Germany,94.406816,124.54535
750,1,1,2025-09-16,Iceland,Germany,72.229208,111.19336
751,1,1,2025-09-16,Iceland,Germany,75.200105,113.14034
752,1,1,2025-09-16,Iceland,Germany,71.679343,109.07237
753,1,1,2025-09-16,Iceland,Germany,73.578306,120.33742
754,1,1,2025-09-16,Iceland,Germany,50.87346,108.79369
755,1,1,2025-09-16,Iceland,Germany,41.929195,86.991664
756,1,1,2025-09-16,Iceland,Germany,72.812969,98.948742
757,1,1,2025-09-16,Iceland,Germany,68.708048,111.87949
758,1,1,2025-09-16,Iceland,Germany,57.028723,83.985973
759,1,1,2025-09-16,Iceland,Germany,78.369484,115.33101
760,1,1,2025-09-16,Iceland,Germany,73.622623,117.5097
761,1,1,2025-09-16,Iceland,Germany,64.205878,129.65148
762,1,1,2025-09-16,Iceland,Germany,76.372375,104.42514
763,1,1,2025-09-16,Iceland,Germany,91.416682,124.8359
764,1,1,2025-09-16,Iceland,Germany,46.920463,89.841153
765,1,1,2025-09-16,Iceland,Germany,61.482295,86.214709
766,1,1,2025-09-16,Iceland,Germany,74.628465,127.74332
767,1,1,2025-09-16,Iceland,Germany,49.279293,75.412588
768,1,1,2025-09-16,Iceland,Germany,56.088662,94.040837
769,1,1,2025-09-16,Iceland,Germany,48.4248,98.344499
770,1,1,2025-09-16,Iceland,Germany,68.734359,129.0149
771,1,1,2025-09-16,Iceland,Germany,39.575129,100.26207
772,1,1,2025-09-16,Iceland,Germany,76.714059,106.22154
773,1,1,2025-09-16,Iceland,Germany,66.683524,110.97702
774,1,1,2025-09-16,Iceland,Germany,91.066319,119.05744
775,1,1,2025-09-16,Iceland,Germany,58.864186,111.14545
776,1,1,2025-09-16,Iceland,Germany,68.90502,104.79532
777,1,1,2025-09-16,Iceland,Germany,79.318681,108.87255999999999
778,1,1,2025-09-16,Iceland,Germany,63.183912,104.29671
779,1,1,2025-09-16,Iceland,Germany,57.49286,100.57378
780,1,1,2025-09-16,Iceland,Germany,64.986717,93.876605
781,1,1,2025-09-16,Iceland,Germany,72.808668,102.61218
782,1,1,2025-09-16,Iceland,Germany,36.997766,86.531168
783,1,1,2025-09-16,Iceland,Germany,74.088605,91.0953
784,1,1,2025-09-16,Iceland,Germany,57.864468,116.91953
785,1,1,2025-09-16,Iceland,Germany,56.826227,117.64726
786,1,1,2025-09-16,Iceland,Germany,79.312202,111.49659
787,1,1,2025-09-16,Iceland,Germany,75.182798,103.78596
788,1,1,2025-09-16,Iceland,Germany,82.87465,102.11749
789,1,1,2025-09-16,Iceland,Germany,66.782184,113.72759
790,1,1,2025-09-16,Iceland,Germany,67.560495,102.98019
791,1,1,2025-09-16,Iceland,Germany,76.173287,107.54226
792,1,1,2025-09-16,Iceland,Germany,83.911919,105.66291
793,1,1,2025-09-16,Iceland,Germany,67.58604,94.735497
794,1,1,2025-09-16,Iceland,Germany,68.242269,122.94211
795,1,1,2025-09-16,Iceland,Germany,66.057875,109.19569
796,1,1,2025-09-16,Iceland,Germany,57.569942,117.79184
797,1,1,2025-09-16,Iceland,Germany,63.557717,130.45768
798,1,1,2025-09-16,Iceland,Germany,71.424925,117.19555
799,1,1,2025-09-16,Iceland,Germany,57.567397,111.38194
800,1,1,2025-09-16,Iceland,Germany,54.878637,95.999517
801,1,1,2025-09-16,Iceland,Germany,61.90708,119.50105
802,1,1,2025-09-16,Iceland,Germany,71.141021,109.0182
803,1,1,2025-09-16,Iceland,Germany,65.809554,110.11118
804,1,1,2025-09-16,Iceland,Germany,82.621976,115.78814
805,1,1,2025-09-16,Iceland,Germany,67.367582,128.14515
806,1,1,2025-09-16,Iceland,Germany,72.025876,94.733634
807,1,1,2025-09-16,Iceland,Germany,64.976921,118.21711
808,1,1,2025-09-16,Iceland,Germany,72.938124,108.06979
809,1,1,2025-09-16,Iceland,Germany,66.250678,131.46939
810,1,1,2025-09-16,Iceland,Germany,76.350502,109.65925
811,1,1,2025-09-16,Iceland,Germany,78.297397,99.961185
812,1,1,2025-09-16,Iceland,Germany,60.784831,111.65479
813,1,1,2025-09-16,Iceland,Germany,73.480867,122.09317
814,1,1,2025-09-16,Iceland,Germany,67.431389,111.82861
815,1,1,2025-09-16,Iceland,Germany,76.298987,116.65158
816,1,1,2025-09-16,Iceland,Germany,59.761682,115.31005
817,1,1,2025-09-16,Iceland,Germany,77.046703,100.42081
818,1,1,2025-09-16,Iceland,Germany,74.108619,129.30151
819,1,1,2025-09-16,Iceland,Germany,68.190099,96.0147
820,1,1,2025-09-16,Iceland,Germany,64.614384,94.312555
821,1,1,2025-09-16,Iceland,Germany,75.225494,115.32659
822,1,1,2025-09-16,Iceland,Germany,85.151393,93.588131
823,1,1,2025-09-16,Iceland,Germany,76.112366,108.8446
824,1,1,2025-09-16,Iceland,Germany,63.936018,127.62008
825,1,1,2025-09-16,Iceland,Germany,67.429344,107.04193
826,1,1,2025-09-16,Iceland,Germany,82.751385,107.44986
827,1,1,2025-09-16,Iceland,Germany,92.095745,107.14999
828,1,1,2025-09-16,Iceland,Germany,77.346921,89.580663
829,1,1,2025-09-16,Iceland,Germany,75.699489,90.775599
830,1,1,2025-09-16,Iceland,Germany,60.164525,102.23814
831,1,1,2025-09-16,Iceland,Germany,55.119957,119.41653
832,1,1,2025-09-16,Iceland,Germany,69.944189,118.38241
833,1,1,2025-09-16,Iceland,Germany,41.978448,110.55987
834,1,1,2025-09-16,Iceland,Germany,59.947718,88.634989
835,1,1,2025-09-16,Iceland,Germany,86.032267,119.07585
836,1,1,2025-09-16,Iceland,Germany,95.856583,112.35601
837,1,1,2025-09-16,Iceland,Germany,65.86989,84.918237
838,1,1,2025-09-16,Iceland,Germany,76.70411,106.1117
839,1,1,2025-09-16,Iceland,Germany,63.5249,111.5224
840,1,1,2025-09-16,Iceland,Germany,60.822066,107.97581
841,1,1,2025-09-16,Iceland,Germany,63.290506,121.00693
842,1,1,2025-09-16,Iceland,Germany,79.410839,104.94545
843,1,1,2025-09-16,Iceland,Germany,62.731816,113.59504
844,1,1,2025-09-16,Iceland,Germany,86.573928,109.77448
845,1,1,2025-09-16,Iceland,Germany,72.622247,114.56812
846,1,1,2025-09-16,Iceland,Germany,71.361718,106.81915
847,1,1,2025-09-16,Iceland,Germany,81.280733,98.36089
848,1,1,2025-09-16,Iceland,Germany,73.319436,102.03022
849,1,1,2025-09-16,Iceland,Germany,77.411891,96.477856
850,1,1,2025-09-16,Iceland,Germany,71.013434,115.3653
851,1,1,2025-09-16,Iceland,Germany,65.295915,109.53545
852,1,1,2025-09-16,Iceland,Germany,67.714952,90.116978
853,1,1,2025-09-16,Iceland,Germany,74.996797,121.23885
854,1,1,2025-09-16,Iceland,Germany,77.080121,91.340151
855,1,1,2025-09-16,Iceland,Germany,81.12664,102.73025
856,1,1,2025-09-16,Iceland,Germany,67.70529,91.825776
857,1,1,2025-09-16,Iceland,Germany,69.483344,110.08479
858,1,1,2025-09-16,Iceland,Germany,75.225241,107.76371
859,1,1,2025-09-16,Iceland,Germany,60.766478,93.237376
860,1,1,2025-09-16,Iceland,Germany,63.60243,92.825422
861,1,1,2025-09-16,Iceland,Germany,65.146164,96.257746
862,1,1,2025-09-16,Iceland,Germany,71.041389,106.10941
863,1,1,2025-09-16,Iceland,Germany,87.635032,100.37753
864,1,1,2025-09-16,Iceland,Germany,68.893289,116.0677
865,1,1,2025-09-16,Iceland,Germany,72.702651,104.42403
866,1,1,2025-09-16,Iceland,Germany,62.629952,99.839513
867,1,1,2025-09-16,Iceland,Germany,50.221484,115.55822
868,1,1,2025-09-16,Iceland,Germany,70.411763,86.879357
869,1,1,2025-09-16,Iceland,Germany,50.890727,101.3898
870,1,1,2025-09-16,Iceland,Germany,70.092079,105.13126
871,1,1,2025-09-16,Iceland,Germany,67.904634,108.35876
872,1,1,2025-09-16,Iceland,Germany,65.294651,103.87224
873,1,1,2025-09-16,Iceland,Germany,73.820418,94.450541
874,1,1,2025-09-16,Iceland,Germany,72.107012,95.190465
875,1,1,2025-09-16,Iceland,Germany,70.367657,81.076849
876,1,1,2025-09-16,Iceland,Germany,66.236506,103.16832
877,1,1,2025-09-16,Iceland,Germany,51.771872,93.890293
878,1,1,2025-09-16,Iceland,Germany,73.676419,120.34504
879,1,1,2025-09-16,Iceland,Germany,54.977621,91.665202
880,1,1,2025-09-16,Iceland,Germany,71.702279,92.495056
881,1,1,2025-09-16,Iceland,Germany,74.826771,117.78809
882,1,1,2025-09-16,Iceland,Germany,61.011228,88.459317
883,1,1,2025-09-16,Iceland,Germany,67.330663,100.58488
884,1,1,2025-09-16,Iceland,Germany,65.65912,114.7928
885,1,1,2025-09-16,Iceland,Germany,73.271574,105.65203
886,1,1,2025-09-16,Iceland,Germany,84.620398,105.02798
887,1,1,2025-09-16,Iceland,Germany,74.695964,95.506233
888,1,1,2025-09-16,Iceland,Germany,79.146582,100.7432
889,1,1,2025-09-16,Iceland,Germany,79.345025,101.06488
890,1,1,2025-09-16,Iceland,Germany,92.368565,114.12812
891,1,1,2025-09-16,Iceland,Germany,61.393903,117.66088
892,1,1,2025-09-16,Iceland,Germany,72.172714,108.78262
893,1,1,2025-09-16,Iceland,Germany,61.5897,94.46089
894,1,1,2025-09-16,Iceland,Germany,72.773567,94.445033
895,1,1,2025-09-16,Iceland,Germany,50.147979,101.79438
896,1,1,2025-09-16,Iceland,Germany,71.591762,85.059243
897,1,1,2025-09-16,Iceland,Germany,68.456142,88.26384
898,1,1,2025-09-16,Iceland,Germany,46.573927,106.69439
899,1,1,2025-09-16,Iceland,Germany,75.911658,100.94945
900,1,1,2025-09-16,Iceland,Germany,69.730084,135.44253
901,1,1,2025-09-16,Iceland,Germany,67.325636,106.74817
902,1,1,2025-09-16,Iceland,Germany,46.454705,98.840936
903,1,1,2025-09-16,Iceland,Germany,84.124845,94.854704
904,1,1,2025-09-16,Iceland,Germany,70.986855,94.253559
905,1,1,2025-09-16,Iceland,Germany,71.050159,102.80258
906,1,1,2025-09-16,Iceland,Germany,70.542406,103.38986
907,1,1,2025-09-16,Iceland,Germany,71.979748,108.69433
908,1,1,2025-09-16,Iceland,Germany,62.84279,94.847905
909,1,1,2025-09-16,Iceland,Germany,57.950006,101.30252
910,1,1,2025-09-16,Iceland,Germany,81.471209,121.34471
911,1,1,2025-09-16,Iceland,Germany,58.520177,105.17024
912,1,1,2025-09-16,Iceland,Germany,66.002161,101.52578
913,1,1,2025-09-16,Iceland,Germany,67.094564,95.255592
914,1,1,2025-09-16,Iceland,Germany,66.550322,111.17865
915,1,1,2025-09-16,Iceland,Germany,55.953932,114.34763
916,1,1,2025-09-16,Iceland,Germany,64.494029,105.58398
917,1,1,2025-09-16,Iceland,Germany,70.932984,99.465562
918,1,1,2025-09-16,Iceland,Germany,79.908547,129.69289
919,1,1,2025-09-16,Iceland,Germany,60.416385,96.966726
920,1,1,2025-09-16,Iceland,Germany,68.331068,108.68113
921,1,1,2025-09-16,Iceland,Germany,68.254852,126.31914
922,1,1,2025-09-16,Iceland,Germany,67.662088,93.781883
923,1,1,2025-09-16,Iceland,Germany,58.417621,107.55999
924,1,1,2025-09-16,Iceland,Germany,99.848043,124.90746
925,1,1,2025-09-16,Iceland,Germany,55.492386,92.780778
926,1,1,2025-09-16,Iceland,Germany,62.250152,106.10274
927,1,1,2025-09-16,Iceland,Germany,56.68825,111.4008
928,1,1,2025-09-16,Iceland,Germany,55.700209,103.88682
929,1,1,2025-09-16,Iceland,Germany,79.216213,110.31685
930,1,1,2025-09-16,Iceland,Germany,70.00028,114.57426
931,1,1,2025-09-16,Iceland,Germany,54.685525,93.050507
932,1,1,2025-09-16,Iceland,Germany,57.002605,95.738162
933,1,1,2025-09-16,Iceland,Germany,68.560671,96.851815
934,1,1,2025-09-16,Iceland,Germany,69.935607,89.887311
935,1,1,2025-09-16,Iceland,Germany,69.8501,105.51461
936,1,1,2025-09-16,Iceland,Germany,65.747489,111.78306
937,1,1,2025-09-16,Iceland,Germany,50.622801,105.49841
938,1,1,2025-09-16,Iceland,Germany,68.73568,110.23452
939,1,1,2025-09-16,Iceland,Germany,87.628217,100.78233
940,1,1,2025-09-16,Iceland,Germany,68.829955,101.56
941,1,1,2025-09-16,Iceland,Germany,81.529875,96.719513
942,1,1,2025-09-16,Iceland,Germany,54.935456,96.753178
943,1,1,2025-09-16,Iceland,Germany,77.132198,100.64341
944,1,1,2025-09-16,Iceland,Germany,78.982247,108.87171
945,1,1,2025-09-16,Iceland,Germany,53.335766,119.34402
946,1,1,2025-09-16,Iceland,Germany,71.048739,84.38661
947,1,1,2025-09-16,Iceland,Germany,79.141574,107.70471
948,1,1,2025-09-16,Iceland,Germany,60.040065,115.30211
949,1,1,2025-09-16,Iceland,Germany,76.210337,112.58232
950,1,1,2025-09-16,Iceland,Germany,83.323212,113.913
951,1,1,2025-09-16,Iceland,Germany,81.681061,112.68693
952,1,1,2025-09-16,Iceland,Germany,66.477953,90.112335
953,1,1,2025-09-16,Iceland,Germany,77.590734,104.67951
954,1,1,2025-09-16,Iceland,Germany,76.074179,117.84227
955,1,1,2025-09-16,Iceland,Germany,55.025884,113.50802
956,1,1,2025-09-16,Iceland,Germany,60.379803,105.45479
957,1,1,2025-09-16,Iceland,Germany,73.663739,100.71427
958,1,1,2025-09-16,Iceland,Germany,62.59145,88.195899
959,1,1,2025-09-16,Iceland,Germany,63.549364,96.174354
960,1,1,2025-09-16,Iceland,Germany,77.620519,93.071852
961,1,1,2025-09-16,Iceland,Germany,68.535942,115.32464
962,1,1,2025-09-16,Iceland,Germany,65.64716,103.02611
963,1,1,2025-09-16,Iceland,Germany,80.72048,101.22832
964,1,1,2025-09-16,Iceland,Germany,66.648656,127.78605
965,1,1,2025-09-16,Iceland,Germany,65.014808,108.3644
966,1,1,2025-09-16,Iceland,Germany,77.67557,107.23991
967,1,1,2025-09-16,Iceland,Germany,78.872143,117.37636
968,1,1,2025-09-16,Iceland,Germany,58.053094,98.492174
969,1,1,2025-09-16,Iceland,Germany,60.787431,110.88185
970,1,1,2025-09-16,Iceland,Germany,75.011723,120.13338
971,1,1,2025-09-16,Iceland,Germany,68.134173,100.80669
972,1,1,2025-09-16,Iceland,Germany,72.413653,114.43873
973,1,1,2025-09-16,Iceland,Germany,82.608043,126.14594
974,1,1,2025-09-16,Iceland,Germany,86.82084,122.59917
975,1,1,2025-09-16,Iceland,Germany,67.802462,93.371256
976,1,1,2025-09-16,Iceland,Germany,65.505504,116.99668
977,1,1,2025-09-16,Iceland,Germany,58.698433,69.985393
978,1,1,2025-09-16,Iceland,Germany,74.647887,108.54628
979,1,1,2025-09-16,Iceland,Germany,78.43574,105.78293
980,1,1,2025-09-16,Iceland,Germany,63.826607,96.367264
981,1,1,2025-09-16,Iceland,Germany,61.460579,104.29958
982,1,1,2025-09-16,Iceland,Germany,72.488377,100.90123
983,1,1,2025-09-16,Iceland,Germany,72.560342,107.69465
984,1,1,2025-09-16,Iceland,Germany,54.782702,113.34511
985,1,1,2025-09-16,Iceland,Germany,63.560642,88.669399
986,1,1,2025-09-16,Iceland,Germany,66.010792,100.80435
987,1,1,2025-09-16,Iceland,Germany,50.595766,91.997156
988,1,1,2025-09-16,Iceland,Germany,70.043558,101.21736
989,1,1,2025-09-16,Iceland,Germany,76.854918,91.784247
990,1,1,2025-09-16,Iceland,Germany,86.683236,101.85526
991,1,1,2025-09-16,Iceland,Germany,55.253536,75.916655
992,1,1,2025-09-16,Iceland,Germany,81.665916,110.81998
993,1,1,2025-09-16,Iceland,Germany,76.152042,106.61513
994,1,1,2025-09-16,Iceland,Germany,69.180875,108.37303
995,1,1,2025-09-16,Iceland,Germany,61.28801,97.361348
996,1,1,2025-09-16,Iceland,Germany,85.69434,107.42947
997,1,1,2025-09-16,Iceland,Germany,50.287737,85.837125
998,1,1,2025-09-16,Iceland,Germany,50.516034,96.124964
999,1,1,2025-09-16,Iceland,Germany,76.985129,99.475353
1000,1,1,2025-09-16,Iceland,Germany,70.477162,102.28486
1001,1,1,2025-09-16,Iceland,Germany,66.434779,109.78969
1002,1,1,2025-09-16,Iceland,Germany,65.552877,111.06453
1003,1,1,2025-09-16,Iceland,Germany,69.934929,107.14963
1004,1,1,2025-09-16,Iceland,Germany,65.749548,85.649419
1005,1,1,2025-09-16,Iceland,Germany,63.139198,115.12275
1006,1,1,2025-09-16,Iceland,Germany,76.120198,90.537293
1007,1,1,2025-09-16,Iceland,Germany,66.753515,118.19471
1008,1,1,2025-09-16,Iceland,Germany,81.384977,116.16378
1009,1,1,2025-09-16,Iceland,Germany,70.093475,110.44377
1010,1,1,2025-09-16,Iceland,Germany,45.525924,108.36966
1011,1,1,2025-09-16,Iceland,Germany,71.454427,99.404779
1012,1,1,2025-09-16,Iceland,Germany,66.429205,105.99316
1013,1,1,2025-09-16,Iceland,Germany,71.536518,110.04541
1014,1,1,2025-09-16,Iceland,Germany,70.745751,118.65329
1015,1,1,2025-09-16,Iceland,Germany,89.364932,108.05541
1016,1,1,2025-09-16,Iceland,Germany,75.43937,106.82919
1017,1,1,2025-09-16,Iceland,Germany,74.76215,117.83747
1018,1,1,2025-09-16,Iceland,Germany,77.195977,105.45099
1019,1,1,2025-09-16,Iceland,Germany,69.845475,98.187917
1020,1,1,2025-09-16,Iceland,Germany,72.548151,115.94695
1021,1,1,2025-09-16,Iceland,Germany,57.737634,111.38478
1022,1,1,2025-09-16,Iceland,Germany,67.278327,107.13862
1023,1,1,2025-09-16,Iceland,Germany,63.012718,105.1304
1024,1,1,2025-09-16,Iceland,Germany,81.759421,134.64727
1025,1,1,2025-09-16,Iceland,Germany,58.496464,106.3117
1026,1,1,2025-09-16,Iceland,Germany,82.53731,122.45164
1027,1,1,2025-09-16,Iceland,Germany,65.809873,106.07615
1028,1,1,2025-09-16,Iceland,Germany,55.469082,107.03014
1029,1,1,2025-09-16,Iceland,Germany,68.873222,99.132573
1030,1,1,2025-09-16,Iceland,Germany,68.284908,90.939617
1031,1,1,2025-09-16,Iceland,Germany,73.773769,105.23122
1032,1,1,2025-09-16,Iceland,Germany,54.983692,97.345708
1033,1,1,2025-09-16,Iceland,Germany,49.462321,92.405328
1034,1,1,2025-09-16,Iceland,Germany,64.237426,97.226445
1035,1,1,2025-09-16,Iceland,Germany,69.694977,111.49857
1036,1,1,2025-09-16,Iceland,Germany,74.352904,116.34613
1037,1,1,2025-09-16,Iceland,Germany,81.881228,116.28366
1038,1,1,2025-09-16,Iceland,Germany,80.308184,113.06163
1039,1,1,2025-09-16,Iceland,Germany,66.251534,90.698582
1040,1,1,2025-09-16,Iceland,Germany,71.131251,97.087648
1041,1,1,2025-09-16,Iceland,Germany,67.852487,93.799212
1042,1,1,2025-09-16,Iceland,Germany,74.536335,104.6063
1043,1,1,2025-09-16,Iceland,Germany,76.997111,110.57982
1044,1,1,2025-09-16,Iceland,Germany,67.212984,105.64462
1045,1,1,2025-09-16,Iceland,Germany,70.74969,111.9259
1046,1,1,2025-09-16,Iceland,Germany,77.37193,97.336298
1047,1,1,2025-09-16,Iceland,Germany,75.39911,97.516028
1048,1,1,2025-09-16,Iceland,Germany,70.416892,126.7501
1049,1,1,2025-09-16,Iceland,Germany,78.457252,102.16911
1050,1,1,2025-09-16,Iceland,Germany,80.640509,113.91148
1051,1,1,2025-09-16,Iceland,Germany,57.76303,106.28604
1052,1,1,2025-09-16,Iceland,Germany,71.102409,95.934928
1053,1,1,2025-09-16,Iceland,Germany,57.111827,108.10222
1054,1,1,2025-09-16,Iceland,Germany,79.491679,81.60747
1055,1,1,2025-09-16,Iceland,Germany,80.872668,116.00631
1056,1,1,2025-09-16,Iceland,Germany,71.047775,99.661919
1057,1,1,2025-09-16,Iceland,Germany,75.128712,104.43219
1058,1,1,2025-09-16,Iceland,Germany,60.402424,109.82819
1059,1,1,2025-09-16,Iceland,Germany,86.352465,100.0121
1060,1,1,2025-09-16,Iceland,Germany,50.645365,89.674907
1061,1,1,2025-09-16,Iceland,Germany,49.140136,112.00087
1062,1,1,2025-09-16,Iceland,Germany,66.911565,103.70004
1063,1,1,2025-09-16,Iceland,Germany,48.226848,92.897446
1064,1,1,2025-09-16,Iceland,Germany,59.250876,95.737338
1065,1,1,2025-09-16,Iceland,Germany,36.939133,93.352891
1066,1,1,2025-09-16,Iceland,Germany,54.663397,97.684616
1067,1,1,2025-09-16,Iceland,Germany,48.872044,118.4027
1068,1,1,2025-09-16,Iceland,Germany,75.947583,101.58762
1069,1,1,2025-09-16,Iceland,Germany,69.120818,105.84081
1070,1,1,2025-09-16,Iceland,Germany,65.086399,104.17362
1071,1,1,2025-09-16,Iceland,Germany,94.999995,85.578745
1072,1,1,2025-09-16,Iceland,Germany,65.24286,99.728977
1073,1,1,2025-09-16,Iceland,Germany,59.883149,94.54726
1074,1,1,2025-09-16,Iceland,Germany,58.518441,106.77223
1075,1,1,2025-09-16,Iceland,Germany,60.150157,93.636254
1076,1,1,2025-09-16,Iceland,Germany,97.417047,132.81714
1077,1,1,2025-09-16,Iceland,Germany,69.29104,104.50649
1078,1,1,2025-09-16,Iceland,Germany,68.648203,111.38501
1079,1,1,2025-09-16,Iceland,Germany,82.341973,116.6334
1080,1,1,2025-09-16,Iceland,Germany,77.036293,104.08708
1081,1,1,2025-09-16,Iceland,Germany,61.401729,100.99141
1082,1,1,2025-09-16,Iceland,Germany,70.96483,97.466787
1083,1,1,2025-09-16,Iceland,Germany,75.431974,102.37299
1084,1,1,2025-09-16,Iceland,Germany,59.921235,87.722747
1085,1,1,2025-09-16,Iceland,Germany,71.031553,83.22979
1086,1,1,2025-09-16,Iceland,Germany,61.434649,96.330041
1087,1,1,2025-09-16,Iceland,Germany,84.823436,122.48446
1088,1,1,2025-09-16,Iceland,Germany,59.188421,96.529034
1089,1,1,2025-09-16,Iceland,Germany,72.040357,112.49977
1090,1,1,2025-09-16,Iceland,Germany,76.507581,114.34272
1091,1,1,2025-09-16,Iceland,Germany,77.4902,101.82665
1092,1,1,2025-09-16,Iceland,Germany,71.552726,111.80271
1093,1,1,2025-09-16,Iceland,Germany,93.550833,111.81479
1094,1,1,2025-09-16,Iceland,Germany,61.724153,107.58342
1095,1,1,2025-09-16,Iceland,Germany,69.654164,101.58391
1096,1,1,2025-09-16,Iceland,Germany,56.579624,113.12722
1097,1,1,2025-09-16,Iceland,Germany,55.204207,102.82924
1098,1,1,2025-09-16,Iceland,Germany,67.38896,99.301631
1099,1,1,2025-09-16,Iceland,Germany,52.742084,113.71455
1100,1,1,2025-09-16,Iceland,Germany,71.554639,104.12526
1101,1,1,2025-09-16,Iceland,Germany,72.675041,111.71123
1102,1,1,2025-09-16,Iceland,Germany,70.91454,107.06955
1103,1,1,2025-09-16,Iceland,Germany,76.597116,113.89979
1104,1,1,2025-09-16,Iceland,Germany,60.719504,98.40169
1105,1,1,2025-09-16,Iceland,Germany,74.768413,108.07272
1106,1,1,2025-09-16,Iceland,Germany,72.670587,108.74533
1107,1,1,2025-09-16,Iceland,Germany,82.239321,100.16052
1108,1,1,2025-09-16,Iceland,Germany,74.354652,92.595899
1109,1,1,2025-09-16,Iceland,Germany,49.743691,98.30579
1110,1,1,2025-09-16,Iceland,Germany,62.656777,105.23505
1111,1,1,2025-09-16,Iceland,Germany,42.161072,87.34587
1112,1,1,2025-09-16,Iceland,Germany,60.573184,111.321
1113,1,1,2025-09-16,Iceland,Germany,64.892991,101.12223
1114,1,1,2025-09-16,Iceland,Germany,75.284672,105.18514
1115,1,1,2025-09-16,Iceland,Germany,68.038178,103.91802
1116,1,1,2025-09-16,Iceland,Germany,82.146996,95.42989
1117,1,1,2025-09-16,Iceland,Germany,74.630774,114.56399
1118,1,1,2025-09-16,Iceland,Germany,74.522402,108.96707
1119,1,1,2025-09-16,Iceland,Germany,74.274723,112.04678
1120,1,1,2025-09-16,Iceland,Germany,54.456806,112.19395
1121,1,1,2025-09-16,Iceland,Germany,66.285196,111.36757
1122,1,1,2025-09-16,Iceland,Germany,86.148879,106.09023
1123,1,1,2025-09-16,Iceland,Germany,51.159893,96.980953
1124,1,1,2025-09-16,Iceland,Germany,73.451167,98.717723
1125,1,1,2025-09-16,Iceland,Germany,67.467819,107.36014
1126,1,1,2025-09-16,Iceland,Germany,76.001066,115.78007
1127,1,1,2025-09-16,Iceland,Germany,85.963149,110.57196
1128,1,1,2025-09-16,Iceland,Germany,83.331393,118.86972
1129,1,1,2025-09-16,Iceland,Germany,91.260831,128.37067
1130,1,1,2025-09-16,Iceland,Germany,70.782977,88.036292
1131,1,1,2025-09-16,Iceland,Germany,65.977809,117.32734
1132,1,1,2025-09-16,Iceland,Germany,81.285748,114.04553
1133,1,1,2025-09-16,Iceland,Germany,50.789664,112.18984
1134,1,1,2025-09-16,Iceland,Germany,68.155014,103.91304
1135,1,1,2025-09-16,Iceland,Germany,58.184042,107.94138
1136,1,1,2025-09-16,Iceland,Germany,53.016053,95.527066
1137,1,1,2025-09-16,Iceland,Germany,61.477663,109.8484
1138,1,1,2025-09-16,Iceland,Germany,76.643219,103.71191
1139,1,1,2025-09-16,Iceland,Germany,78.299588,113.70274
1140,1,1,2025-09-16,Iceland,Germany,67.776905,123.42309
1141,1,1,2025-09-16,Iceland,Germany,61.921204,118.15684
1142,1,1,2025-09-16,Iceland,Germany,79.987348,100.82238
1143,1,1,2025-09-16,Iceland,Germany,82.599857,100.16609
1144,1,1,2025-09-16,Iceland,Germany,79.029952,125.40042
1145,1,1,2025-09-16,Iceland,Germany,82.080342,102.16613
1146,1,1,2025-09-16,Iceland,Germany,58.19223,97.486462
1147,1,1,2025-09-16,Iceland,Germany,79.880401,111.18534
1148,1,1,2025-09-16,Iceland,Germany,74.313629,107.71455
1149,1,1,2025-09-16,Iceland,Germany,48.769763,94.227311
1150,1,1,2025-09-16,Iceland,Germany,72.657832,103.04783
1151,1,1,2025-09-16,Iceland,Germany,72.461618,80.610806
1152,1,1,2025-09-16,Iceland,Germany,69.539065,105.25405
1153,1,1,2025-09-16,Iceland,Germany,73.496861,114.65829
1154,1,1,2025-09-16,Iceland,Germany,65.283416,107.02707
1155,1,1,2025-09-16,Iceland,Germany,80.004557,102.61046
1156,1,1,2025-09-16,Iceland,Germany,78.59283,118.71815
1157,1,1,2025-09-16,Iceland,Germany,69.304989,120.59522
1158,1,1,2025-09-16,Iceland,Germany,74.616192,108.86242
1159,1,1,2025-09-16,Iceland,Germany,64.818709,100.08652
1160,1,1,2025-09-16,Iceland,Germany,86.143346,117.06694
1161,1,1,2025-09-16,Iceland,Germany,58.630634,109.75129
1162,1,1,2025-09-16,Iceland,Germany,52.6994,116.03921
1163,1,1,2025-09-16,Iceland,Germany,69.111392,116.96406
1164,1,1,2025-09-16,Iceland,Germany,70.326016,106.88769
1165,1,1,2025-09-16,Iceland,Germany,63.812372,103.40871
1166,1,1,2025-09-16,Iceland,Germany,55.503671,105.31074
1167,1,1,2025-09-16,Iceland,Germany,68.379667,93.139889
1168,1,1,2025-09-16,Iceland,Germany,73.496934,103.47411
1169,1,1,2025-09-16,Iceland,Germany,65.83675,103.21193
1170,1,1,2025-09-16,Iceland,Germany,88.946343,121.96373
1171,1,1,2025-09-16,Iceland,Germany,58.263457,120.1769
1172,1,1,2025-09-16,Iceland,Germany,77.96341,105.43945
1173,1,1,2025-09-16,Iceland,Germany,61.79157,98.311447
1174,1,1,2025-09-16,Iceland,Germany,62.288815,99.450278
1175,1,1,2025-09-16,Iceland,Germany,70.863252,101.89079
1176,1,1,2025-09-16,Iceland,Germany,80.109577,121.31836
1177,1,1,2025-09-16,Iceland,Germany,82.132989,118.21125
1178,1,1,2025-09-16,Iceland,Germany,71.343813,109.43084
1179,1,1,2025-09-16,Iceland,Germany,68.959978,99.893825
1180,1,1,2025-09-16,Iceland,Germany,40.932523,108.26047
1181,1,1,2025-09-16,Iceland,Germany,66.766464,116.02332
1182,1,1,2025-09-16,Iceland,Germany,56.817541,115.22396
1183,1,1,2025-09-16,Iceland,Germany,60.348715,109.13125
1184,1,1,2025-09-16,Iceland,Germany,64.604278,126.19334
1185,1,1,2025-09-16,Iceland,Germany,86.02688,101.43326
1186,1,1,2025-09-16,Iceland,Germany,62.425254,109.59193
1187,1,1,2025-09-16,Iceland,Germany,77.744288,113.01725
1188,1,1,2025-09-16,Iceland,Germany,82.238563,100.57209
1189,1,1,2025-09-16,Iceland,Germany,61.5397,91.296866
1190,1,1,2025-09-16,Iceland,Germany,75.585177,88.797679
1191,1,1,2025-09-16,Iceland,Germany,65.899896,99.531809
1192,1,1,2025-09-16,Iceland,Germany,64.733761,93.137099
1193,1,1,2025-09-16,Iceland,Germany,84.958846,80.870837
1194,1,1,2025-09-16,Iceland,Germany,72.628067,103.96702
1195,1,1,2025-09-16,Iceland,Germany,67.567695,97.512459
1196,1,1,2025-09-16,Iceland,Germany,71.907875,109.84616
1197,1,1,2025-09-16,Iceland,Germany,69.497502,102.8409
1198,1,1,2025-09-16,Iceland,Germany,38.199177,64.947346
1199,1,1,2025-09-16,Iceland,Germany,65.445905,109.21692
1200,1,1,2025-09-16,Iceland,Germany,75.518737,117.61614
1201,1,1,2025-09-16,Iceland,Germany,78.388086,129.83765
1202,1,1,2025-09-16,Iceland,Germany,71.969394,111.88805
1203,1,1,2025-09-16,Iceland,Germany,68.482147,107.26809
1204,1,1,2025-09-16,Iceland,Germany,55.771045,98.80206
1205,1,1,2025-09-16,Iceland,Germany,71.514725,114.54275
1206,1,1,2025-09-16,Iceland,Germany,91.997064,122.00611
1207,1,1,2025-09-16,Iceland,Germany,83.714741,109.56448
1208,1,1,2025-09-16,Iceland,Germany,70.98551,89.827352
1209,1,1,2025-09-16,Iceland,Germany,68.229537,103.86126
1210,1,1,2025-09-16,Iceland,Germany,70.059632,124.1007
1211,1,1,2025-09-16,Iceland,Germany,63.778923,104.95776
1212,1,1,2025-09-16,Iceland,Germany,56.280656,99.074786
1213,1,1,2025-09-16,Iceland,Germany,70.176258,117.90011
1214,1,1,2025-09-16,Iceland,Germany,73.296097,111.83007
1215,1,1,2025-09-16,Iceland,Germany,52.35269,103.44153
1216,1,1,2025-09-16,Iceland,Germany,68.025988,107.16237
1217,1,1,2025-09-16,Iceland,Germany,71.607498,107.48079
1218,1,1,2025-09-16,Iceland,Germany,65.713699,97.632656
1219,1,1,2025-09-16,Iceland,Germany,60.742981,93.357793
1220,1,1,2025-09-16,Iceland,Germany,62.271567,82.656078
1221,1,1,2025-09-16,Iceland,Germany,72.499462,101.34406
1222,1,1,2025-09-16,Iceland,Germany,58.048328,100.71423
1223,1,1,2025-09-16,Iceland,Germany,54.781243,111.36809
1224,1,1,2025-09-16,Iceland,Germany,80.445622,99.917663
1225,1,1,2025-09-16,Iceland,Germany,68.545918,90.901227
1226,1,1,2025-09-16,Iceland,Germany,62.601454,114.82664
1227,1,1,2025-09-16,Iceland,Germany,47.406258,108.40115
1228,1,1,2025-09-16,Iceland,Germany,62.819753,95.238134
1229,1,1,2025-09-16,Iceland,Germany,61.635886,93.486501
1230,1,1,2025-09-16,Iceland,Germany,76.508579,112.03195
1231,1,1,2025-09-16,Iceland,Germany,75.554862,100.2403
1232,1,1,2025-09-16,Iceland,Germany,68.854807,100.24626
1233,1,1,2025-09-16,Iceland,Germany,64.119244,103.74913
1234,1,1,2025-09-16,Iceland,Germany,68.093259,96.642859
1235,1,1,2025-09-16,Iceland,Germany,61.158935,90.698418
1236,1,1,2025-09-16,Iceland,Germany,85.920295,101.09019
1237,1,1,2025-09-16,Iceland,Germany,61.01714,110.53818
1238,1,1,2025-09-16,Iceland,Germany,81.290401,120.93627
1239,1,1,2025-09-16,Iceland,Germany,64.042549,99.930033
1240,1,1,2025-09-16,Iceland,Germany,67.696259,79.382841
1241,1,1,2025-09-16,Iceland,Germany,79.937791,115.88651
1242,1,1,2025-09-16,Iceland,Germany,67.21544,102.21843
1243,1,1,2025-09-16,Iceland,Germany,87.373384,93.610767
1244,1,1,2025-09-16,Iceland,Germany,85.598451,122.58872
1245,1,1,2025-09-16,Iceland,Germany,80.150037,119.09609
1246,1,1,2025-09-16,Iceland,Germany,92.277334,114.88613
1247,1,1,2025-09-16,Iceland,Germany,60.710076,88.543436
1248,1,1,2025-09-16,Iceland,Germany,66.812014,112.28322
1249,1,1,2025-09-16,Iceland,Germany,71.096108,110.71265
1250,1,1,2025-09-16,Iceland,Germany,67.309785,96.70732
1251,1,1,2025-09-16,Iceland,Germany,85.331308,121.31326
1252,1,1,2025-09-16,Iceland,Germany,61.131959,123.98452
1253,1,1,2025-09-16,Iceland,Germany,81.403964,105.51553
1254,1,1,2025-09-16,Iceland,Germany,63.321775,95.529451
1255,1,1,2025-09-16,Iceland,Germany,63.13635,114.07099
1256,1,1,2025-09-16,Iceland,Germany,87.902114,111.09969
1257,1,1,2025-09-16,Iceland,Germany,63.563381,93.099674
1258,1,1,2025-09-16,Iceland,Germany,74.048698,88.447664
1259,1,1,2025-09-16,Iceland,Germany,68.88705,107.06175
1260,1,1,2025-09-16,Iceland,Germany,73.039843,102.1896
1261,1,1,2025-09-16,Iceland,Germany,67.181472,91.27236
1262,1,1,2025-09-16,Iceland,Germany,72.951965,126.50925
1263,1,1,2025-09-16,Iceland,Germany,81.408116,99.399193
1264,1,1,2025-09-16,Iceland,Germany,72.9484,124.09334
1265,1,1,2025-09-16,Iceland,Germany,64.031025,99.587901
1266,1,1,2025-09-16,Iceland,Germany,65.157652,74.546926
1267,1,1,2025-09-16,Iceland,Germany,76.889877,107.96033
1268,1,1,2025-09-16,Iceland,Germany,61.885079,100.72119000000001
1269,1,1,2025-09-16,Iceland,Germany,74.520362,117.85811
1270,1,1,2025-09-16,Iceland,Germany,90.147867,114.63114
1271,1,1,2025-09-16,Iceland,Germany,64.751289,89.968221
1272,1,1,2025-09-16,Iceland,Germany,74.795874,115.82821
1273,1,1,2025-09-16,Iceland,Germany,82.2439,104.09421
1274,1,1,2025-09-16,Iceland,Germany,77.803203,110.98766
1275,1,1,2025-09-16,Iceland,Germany,74.882375,115.90617
1276,1,1,2025-09-16,Iceland,Germany,70.569629,93.000051
1277,1,1,2025-09-16,Iceland,Germany,93.149985,94.078556
1278,1,1,2025-09-16,Iceland,Germany,59.725248,107.46625
1279,1,1,2025-09-16,Iceland,Germany,65.341299,113.23518
1280,1,1,2025-09-16,Iceland,Germany,73.469378,112.86258
1281,1,1,2025-09-16,Iceland,Germany,78.220237,89.027529
1282,1,1,2025-09-16,Iceland,Germany,71.44472,98.764731
1283,1,1,2025-09-16,Iceland,Germany,74.639944,106.88676
1284,1,1,2025-09-16,Iceland,Germany,70.522849,113.47777
1285,1,1,2025-09-16,Iceland,Germany,83.729897,91.842334
1286,1,1,2025-09-16,Iceland,Germany,79.874948,86.885564
1287,1,1,2025-09-16,Iceland,Germany,72.217796,100.07723
1288,1,1,2025-09-16,Iceland,Germany,78.387024,110.92943
1289,1,1,2025-09-16,Iceland,Germany,69.777946,101.35506
1290,1,1,2025-09-16,Iceland,Germany,67.064934,116.01129
1291,1,1,2025-09-16,Iceland,Germany,68.872775,97.662218
1292,1,1,2025-09-16,Iceland,Germany,67.216758,105.80969
1293,1,1,2025-09-16,Iceland,Germany,70.076388,109.34354
1294,1,1,2025-09-16,Iceland,Germany,54.317722,112.56304
1295,1,1,2025-09-16,Iceland,Germany,62.367697,95.115889
1296,1,1,2025-09-16,Iceland,Germany,64.699514,91.922173
1297,1,1,2025-09-16,Iceland,Germany,100.68168,112.66264
1298,1,1,2025-09-16,Iceland,Germany,71.726232,112.22157
1299,1,1,2025-09-16,Iceland,Germany,59.314399,105.0992
1300,1,1,2025-09-16,Iceland,Germany,57.164993,111.10408
1301,1,1,2025-09-16,Iceland,Germany,82.830891,111.08228
1302,1,1,2025-09-16,Iceland,Germany,72.167945,102.32759
1303,1,1,2025-09-16,Iceland,Germany,74.877532,106.37176
1304,1,1,2025-09-16,Iceland,Germany,48.755853,98.296362
1305,1,1,2025-09-16,Iceland,Germany,75.319249,104.10592
1306,1,1,2025-09-16,Iceland,Germany,39.534134,121.45072
1307,1,1,2025-09-16,Iceland,Germany,78.357275,99.970924
1308,1,1,2025-09-16,Iceland,Germany,53.973116,119.80532
1309,1,1,2025-09-16,Iceland,Germany,77.108137,113.07257
1310,1,1,2025-09-16,Iceland,Germany,58.752024,107.17377
1311,1,1,2025-09-16,Iceland,Germany,78.071038,121.55791
1312,1,1,2025-09-16,Iceland,Germany,53.205831,98.888699
1313,1,1,2025-09-16,Iceland,Germany,95.761901,107.51307
1314,1,1,2025-09-16,Iceland,Germany,54.349769,108.84476
1315,1,1,2025-09-16,Iceland,Germany,68.292194,89.475308
1316,1,1,2025-09-16,Iceland,Germany,61.854991,98.741923
1317,1,1,2025-09-16,Iceland,Germany,67.519212,106.39859
1318,1,1,2025-09-16,Iceland,Germany,65.652206,111.62672
1319,1,1,2025-09-16,Iceland,Germany,77.369976,107.70854
1320,1,1,2025-09-16,Iceland,Germany,63.364528,114.36234
1321,1,1,2025-09-16,Iceland,Germany,71.127022,130.9004
1322,1,1,2025-09-16,Iceland,Germany,66.663449,108.49043
1323,1,1,2025-09-16,Iceland,Germany,74.566807,111.92256
1324,1,1,2025-09-16,Iceland,Germany,84.742435,129.01302
1325,1,1,2025-09-16,Iceland,Germany,79.620201,114.71144
1326,1,1,2025-09-16,Iceland,Germany,61.411739,115.3697
1327,1,1,2025-09-16,Iceland,Germany,65.753465,99.022171
1328,1,1,2025-09-16,Iceland,Germany,53.504472,98.585412
1329,1,1,2025-09-16,Iceland,Germany,80.931267,114.47788
1330,1,1,2025-09-16,Iceland,Germany,63.078679,92.239154
1331,1,1,2025-09-16,Iceland,Germany,70.82486,98.796957
1332,1,1,2025-09-16,Iceland,Germany,50.012068,95.775301
1333,1,1,2025-09-16,Iceland,Germany,86.656206,112.94596
1334,1,1,2025-09-16,Iceland,Germany,76.77915,113.22012
1335,1,1,2025-09-16,Iceland,Germany,68.609273,89.494113
1336,1,1,2025-09-16,Iceland,Germany,65.475661,97.165239
1337,1,1,2025-09-16,Iceland,Germany,69.800855,95.579686
1338,1,1,2025-09-16,Iceland,Germany,73.06039,108.03791
1339,1,1,2025-09-16,Iceland,Germany,80.888385,97.092302
1340,1,1,2025-09-16,Iceland,Germany,55.867457,100.46331
1341,1,1,2025-09-16,Iceland,Germany,75.14391,108.90244
1342,1,1,2025-09-16,Iceland,Germany,50.808516,94.398882
1343,1,1,2025-09-16,Iceland,Germany,71.612718,128.63047
1344,1,1,2025-09-16,Iceland,Germany,73.388174,106.24803
1345,1,1,2025-09-16,Iceland,Germany,64.256153,90.784163
1346,1,1,2025-09-16,Iceland,Germany,69.183391,102.1332
1347,1,1,2025-09-16,Iceland,Germany,68.475429,99.589196
1348,1,1,2025-09-16,Iceland,Germany,80.108072,119.86667
1349,1,1,2025-09-16,Iceland,Germany,62.936859,111.69643
1350,1,1,2025-09-16,Iceland,Germany,68.185791,92.428210000000007
1351,1,1,2025-09-16,Iceland,Germany,61.621841,100.1597
1352,1,1,2025-09-16,Iceland,Germany,74.26091,106.56068
1353,1,1,2025-09-16,Iceland,Germany,61.85905,101.27045
1354,1,1,2025-09-16,Iceland,Germany,47.726388,83.89328
1355,1,1,2025-09-16,Iceland,Germany,95.272386,111.45324
1356,1,1,2025-09-16,Iceland,Germany,60.914217,116.49477
1357,1,1,2025-09-16,Iceland,Germany,62.014017,111.49529
1358,1,1,2025-09-16,Iceland,Germany,78.439718,109.86123
1359,1,1,2025-09-16,Iceland,Germany,62.696734,103.62935
1360,1,1,2025-09-16,Iceland,Germany,58.147575,82.566329
1361,1,1,2025-09-16,Iceland,Germany,75.171996,98.011742
1362,1,1,2025-09-16,Iceland,Germany,61.176421,134.65777
1363,1,1,2025-09-16,Iceland,Germany,65.185727,122.94381
1364,1,1,2025-09-16,Iceland,Germany,68.382869,91.52564
1365,1,1,2025-09-16,Iceland,Germany,71.484635,100.38862
1366,1,1,2025-09-16,Iceland,Germany,60.432036,111.81131
1367,1,1,2025-09-16,Iceland,Germany,79.874122,119.86225
1368,1,1,2025-09-16,Iceland,Germany,77.347396,89.947214
1369,1,1,2025-09-16,Iceland,Germany,54.485753,112.01258
1370,1,1,2025-09-16,Iceland,Germany,66.251398,111.33874
1371,1,1,2025-09-16,Iceland,Germany,72.938713,102.274
1372,1,1,2025-09-16,Iceland,Germany,69.152352,91.547257
1373,1,1,2025-09-16,Iceland,Germany,64.0226,91.601401
1374,1,1,2025-09-16,Iceland,Germany,71.366763,103.26499
1375,1,1,2025-09-16,Iceland,Germany,79.88421,113.27872
1376,1,1,2025-09-16,Iceland,Germany,67.356812,120.05711
1377,1,1,2025-09-16,Iceland,Germany,72.000964,111.08991
1378,1,1,2025-09-16,Iceland,Germany,55.572172,108.77589
1379,1,1,2025-09-16,Iceland,Germany,70.750544,92.1881
1380,1,1,2025-09-16,Iceland,Germany,74.359766,87.406992
1381,1,1,2025-09-16,Iceland,Germany,62.380366,106.89859
1382,1,1,2025-09-16,Iceland,Germany,77.463073,87.79931
1383,1,1,2025-09-16,Iceland,Germany,61.154989,88.24637
1384,1,1,2025-09-16,Iceland,Germany,70.31472,95.453165
1385,1,1,2025-09-16,Iceland,Germany,65.279446,101.37405
1386,1,1,2025-09-16,Iceland,Germany,84.09405,108.56416
1387,1,1,2025-09-16,Iceland,Germany,63.98506,114.60587
1388,1,1,2025-09-16,Iceland,Germany,67.717748,108.688
1389,1,1,2025-09-16,Iceland,Germany,58.165445,93.573521
1390,1,1,2025-09-16,Iceland,Germany,87.182001,113.74085
1391,1,1,2025-09-16,Iceland,Germany,74.116256,111.85706
1392,1,1,2025-09-16,Iceland,Germany,70.20543,102.48392
1393,1,1,2025-09-16,Iceland,Germany,84.929279,88.850128
1394,1,1,2025-09-16,Iceland,Germany,80.46483,119.72066
1395,1,1,2025-09-16,Iceland,Germany,70.513875,115.80701
1396,1,1,2025-09-16,Iceland,Germany,64.230762,105.82818
1397,1,1,2025-09-16,Iceland,Germany,87.438819,124.00691
1398,1,1,2025-09-16,Iceland,Germany,71.760605,101.5034
1399,1,1,2025-09-16,Iceland,Germany,78.428419,100.02673
1400,1,1,2025-09-16,Iceland,Germany,72.745662,101.31008
1401,1,1,2025-09-16,Iceland,Germany,72.633713,105.38959
1402,1,1,2025-09-16,Iceland,Germany,71.678034,104.3889
1403,1,1,2025-09-16,Iceland,Germany,66.349806,107.5366
1404,1,1,2025-09-16,Iceland,Germany,73.160152,111.60392
1405,1,1,2025-09-16,Iceland,Germany,74.422271,108.70392
1406,1,1,2025-09-16,Iceland,Germany,48.305688,106.35639
1407,1,1,2025-09-16,Iceland,Germany,60.813746,96.229193
1408,1,1,2025-09-16,Iceland,Germany,78.526393,77.519801
1409,1,1,2025-09-16,Iceland,Germany,75.551195,109.25316
1410,1,1,2025-09-16,Iceland,Germany,56.97595,104.04937
1411,1,1,2025-09-16,Iceland,Germany,61.274933,107.44766
1412,1,1,2025-09-16,Iceland,Germany,62.009449,114.86303
1413,1,1,2025-09-16,Iceland,Germany,77.159841,101.70381
1414,1,1,2025-09-16,Iceland,Germany,82.917633,125.99215
1415,1,1,2025-09-16,Iceland,Germany,66.178832,103.82464
1416,1,1,2025-09-16,Iceland,Germany,74.041715,105.10432
1417,1,1,2025-09-16,Iceland,Germany,78.385687,113.63345
1418,1,1,2025-09-16,Iceland,Germany,71.717454,102.30314
1419,1,1,2025-09-16,Iceland,Germany,66.470576,112.46134
1420,1,1,2025-09-16,Iceland,Germany,65.422211,108.15635
1421,1,1,2025-09-16,Iceland,Germany,54.101373,92.752225
1422,1,1,2025-09-16,Iceland,Germany,64.565825,112.57517
1423,1,1,2025-09-16,Iceland,Germany,59.407478,90.417371
1424,1,1,2025-09-16,Iceland,Germany,65.282481,98.495656
1425,1,1,2025-09-16,Iceland,Germany,80.799125,123.0811
1426,1,1,2025-09-16,Iceland,Germany,83.319583,119.68751
1427,1,1,2025-09-16,Iceland,Germany,77.651527,81.367745
1428,1,1,2025-09-16,Iceland,Germany,60.994435,99.83126
1429,1,1,2025-09-16,Iceland,Germany,71.291786,104.97973
1430,1,1,2025-09-16,Iceland,Germany,50.990612,97.014629
1431,1,1,2025-09-16,Iceland,Germany,59.787976,100.58006
1432,1,1,2025-09-16,Iceland,Germany,74.055077,102.58058
1433,1,1,2025-09-16,Iceland,Germany,69.141774,102.56335
1434,1,1,2025-09-16,Iceland,Germany,64.623042,101.89747
1435,1,1,2025-09-16,Iceland,Germany,61.91916,119.45776
1436,1,1,2025-09-16,Iceland,Germany,64.202041,95.342904
1437,1,1,2025-09-16,Iceland,Germany,72.245485,104.45847
1438,1,1,2025-09-16,Iceland,Germany,81.249165,115.4803
1439,1,1,2025-09-16,Iceland,Germany,63.239808,115.42483
1440,1,1,2025-09-16,Iceland,Germany,79.033642,97.939268
1441,1,1,2025-09-16,Iceland,Germany,62.404027,95.122112
1442,1,1,2025-09-16,Iceland,Germany,56.4471,92.943136
1443,1,1,2025-09-16,Iceland,Germany,49.890555,130.14357
1444,1,1,2025-09-16,Iceland,Germany,64.293065,84.962058
1445,1,1,2025-09-16,Iceland,Germany,49.222585,121.33655
1446,1,1,2025-09-16,Iceland,Germany,70.176134,99.743205
1447,1,1,2025-09-16,Iceland,Germany,63.277131,98.58252
1448,1,1,2025-09-16,Iceland,Germany,61.832567,107.41377
1449,1,1,2025-09-16,Iceland,Germany,72.495694,106.67308
1450,1,1,2025-09-16,Iceland,Germany,70.069096,101.34324
1451,1,1,2025-09-16,Iceland,Germany,60.951222,80.392813
1452,1,1,2025-09-16,Iceland,Germany,64.574089,92.562361
1453,1,1,2025-09-16,Iceland,Germany,82.865086,113.31867
1454,1,1,2025-09-16,Iceland,Germany,72.615956,99.725907
1455,1,1,2025-09-16,Iceland,Germany,79.059132,115.75179
1456,1,1,2025-09-16,Iceland,Germany,71.678942,100.71279
1457,1,1,2025-09-16,Iceland,Germany,70.87656,128.91435
1458,1,1,2025-09-16,Iceland,Germany,90.185296,113.05309
1459,1,1,2025-09-16,Iceland,Germany,63.404255,93.381116
1460,1,1,2025-09-16,Iceland,Germany,61.98474,98.858391
1461,1,1,2025-09-16,Iceland,Germany,68.013918,121.21317
1462,1,1,2025-09-16,Iceland,Germany,81.659488,111.76905
1463,1,1,2025-09-16,Iceland,Germany,76.14587,88.767362
1464,1,1,2025-09-16,Iceland,Germany,62.000496,103.9938
1465,1,1,2025-09-16,Iceland,Germany,56.707593,87.284346
1466,1,1,2025-09-16,Iceland,Germany,69.081461,97.547665
1467,1,1,2025-09-16,Iceland,Germany,61.126968,93.623491
1468,1,1,2025-09-16,Iceland,Germany,43.980687,104.62175
1469,1,1,2025-09-16,Iceland,Germany,55.670224,89.299952
1470,1,1,2025-09-16,Iceland,Germany,72.880489,114.27644
1471,1,1,2025-09-16,Iceland,Germany,90.612732,122.62156
1472,1,1,2025-09-16,Iceland,Germany,67.565123,106.16747
1473,1,1,2025-09-16,Iceland,Germany,108.55912,113.10373
1474,1,1,2025-09-16,Iceland,Germany,67.122054,114.20489
1475,1,1,2025-09-16,Iceland,Germany,88.654282,123.7223
1476,1,1,2025-09-16,Iceland,Germany,57.44211,112.06283
1477,1,1,2025-09-16,Iceland,Germany,65.796456,112.40689
1478,1,1,2025-09-16,Iceland,Germany,70.763394,100.40531
1479,1,1,2025-09-16,Iceland,Germany,58.176889,106.7593
1480,1,1,2025-09-16,Iceland,Germany,81.45535,107.67976
1481,1,1,2025-09-16,Iceland,Germany,82.989003,124.94769
1482,1,1,2025-09-16,Iceland,Germany,84.708746,94.307591
1483,1,1,2025-09-16,Iceland,Germany,73.612746,118.13367
1484,1,1,2025-09-16,Iceland,Germany,56.555475,100.74721
1485,1,1,2025-09-16,Iceland,Germany,68.046045,103.04101
1486,1,1,2025-09-16,Iceland,Germany,77.721581,93.89903
1487,1,1,2025-09-16,Iceland,Germany,56.142571,92.242117
1488,1,1,2025-09-16,Iceland,Germany,54.029915,103.65104
1489,1,1,2025-09-16,Iceland,Germany,78.69064,112.4655
1490,1,1,2025-09-16,Iceland,Germany,63.342389,105.25485
1491,1,1,2025-09-16,Iceland,Germany,73.904371,122.28209
1492,1,1,2025-09-16,Iceland,Germany,61.285202,97.233912
1493,1,1,2025-09-16,Iceland,Germany,83.72018,86.110832
1494,1,1,2025-09-16,Iceland,Germany,69.544345,87.81853
1495,1,1,2025-09-16,Iceland,Germany,85.840242,98.579682
1496,1,1,2025-09-16,Iceland,Germany,70.520681,106.74113
1497,1,1,2025-09-16,Iceland,Germany,84.25917,89.293764
1498,1,1,2025-09-16,Iceland,Germany,78.788277,115.6473
1499,1,1,2025-09-16,Iceland,Germany,68.396313,110.79975
1500,1,1,2025-09-16,Iceland,Germany,60.875017,99.856377
1501,1,1,2025-09-16,Iceland,Germany,43.054005,98.21861
1502,1,1,2025-09-16,Iceland,Germany,68.763126,102.04823
1503,1,1,2025-09-16,Iceland,Germany,49.175313,92.529296
1504,1,1,2025-09-16,Iceland,Germany,69.321018,103.31601
1505,1,1,2025-09-16,Iceland,Germany,64.193507,86.491812
1506,1,1,2025-09-16,Iceland,Germany,47.424789,99.010183
1507,1,1,2025-09-16,Iceland,Germany,56.777527,103.13372
1508,1,1,2025-09-16,Iceland,Germany,72.372586,116.61771
1509,1,1,2025-09-16,Iceland,Germany,72.044505,101.01569
1510,1,1,2025-09-16,Iceland,Germany,85.399629,132.23725
1511,1,1,2025-09-16,Iceland,Germany,78.632836,107.26918
1512,1,1,2025-09-16,Iceland,Germany,85.185348,90.261147
1513,1,1,2025-09-16,Iceland,Germany,63.014357,99.605841
1514,1,1,2025-09-16,Iceland,Germany,60.073731,92.121212
1515,1,1,2025-09-16,Iceland,Germany,68.414729,120.78691
1516,1,1,2025-09-16,Iceland,Germany,66.764541,93.414663
1517,1,1,2025-09-16,Iceland,Germany,72.778641,108.54635
1518,1,1,2025-09-16,Iceland,Germany,55.244501,84.7898
1519,1,1,2025-09-16,Iceland,Germany,75.903085,96.5366
1520,1,1,2025-09-16,Iceland,Germany,63.864487,112.4903
1521,1,1,2025-09-16,Iceland,Germany,77.025882,105.66728
1522,1,1,2025-09-16,Iceland,Germany,44.425078,100.68448
1523,1,1,2025-09-16,Iceland,Germany,65.89124,112.11873
1524,1,1,2025-09-16,Iceland,Germany,67.142193,100.60123
1525,1,1,2025-09-16,Iceland,Germany,66.896259,105.96219
1526,1,1,2025-09-16,Iceland,Germany,59.819762,98.850891
1527,1,1,2025-09-16,Iceland,Germany,69.416188,98.052422000000007
1528,1,1,2025-09-16,Iceland,Germany,78.518246,102.60556
1529,1,1,2025-09-16,Iceland,Germany,80.088847,93.505222
1530,1,1,2025-09-16,Iceland,Germany,61.97198,103.61422
1531,1,1,2025-09-16,Iceland,Germany,76.291344,108.7193
1532,1,1,2025-09-16,Iceland,Germany,62.485887,90.594785
1533,1,1,2025-09-16,Iceland,Germany,71.67381,98.985336
1534,1,1,2025-09-16,Iceland,Germany,60.262658,95.099368
1535,1,1,2025-09-16,Iceland,Germany,60.746257,91.215366
1536,1,1,2025-09-16,Iceland,Germany,81.284136,124.36716
1537,1,1,2025-09-16,Iceland,Germany,71.952447,99.538024
1538,1,1,2025-09-16,Iceland,Germany,69.47343,108.94411
1539,1,1,2025-09-16,Iceland,Germany,70.734329,98.369153
1540,1,1,2025-09-16,Iceland,Germany,60.570152,97.456244
1541,1,1,2025-09-16,Iceland,Germany,66.335497,105.58556
1542,1,1,2025-09-16,Iceland,Germany,71.963806,97.55378
1543,1,1,2025-09-16,Iceland,Germany,52.103745,95.50773
1544,1,1,2025-09-16,Iceland,Germany,58.638561,79.361969
1545,1,1,2025-09-16,Iceland,Germany,74.555516,95.728975
1546,1,1,2025-09-16,Iceland,Germany,73.995527,100.57364
1547,1,1,2025-09-16,Iceland,Germany,79.10782,80.702672
1548,1,1,2025-09-16,Iceland,Germany,75.94487,106.9612
1549,1,1,2025-09-16,Iceland,Germany,87.567936,112.23267
1550,1,1,2025-09-16,Iceland,Germany,61.332935,107.60314
1551,1,1,2025-09-16,Iceland,Germany,73.617706,98.65822
1552,1,1,2025-09-16,Iceland,Germany,80.214222,97.852889
1553,1,1,2025-09-16,Iceland,Germany,95.275124,154.42423
1554,1,1,2025-09-16,Iceland,Germany,68.045555,100.77285
1555,1,1,2025-09-16,Iceland,Germany,78.064666,102.75649
1556,1,1,2025-09-16,Iceland,Germany,62.789449,102.74571
1557,1,1,2025-09-16,Iceland,Germany,80.670116,127.70016
1558,1,1,2025-09-16,Iceland,Germany,76.828294,111.75536
1559,1,1,2025-09-16,Iceland,Germany,50.900135,125.74396
1560,1,1,2025-09-16,Iceland,Germany,73.9838,106.06497
1561,1,1,2025-09-16,Iceland,Germany,83.127876,111.19039
1562,1,1,2025-09-16,Iceland,Germany,63.541628,93.08754
1563,1,1,2025-09-16,Iceland,Germany,64.381963,102.98787
1564,1,1,2025-09-16,Iceland,Germany,61.845254,114.31759
1565,1,1,2025-09-16,Iceland,Germany,71.240841,102.76381
1566,1,1,2025-09-16,Iceland,Germany,87.505784,118.40542
1567,1,1,2025-09-16,Iceland,Germany,72.958444,109.8355
1568,1,1,2025-09-16,Iceland,Germany,55.498517,102.27135
1569,1,1,2025-09-16,Iceland,Germany,70.224914,114.56961
1570,1,1,2025-09-16,Iceland,Germany,75.799305,108.67334
1571,1,1,2025-09-16,Iceland,Germany,71.439863,93.575775
1572,1,1,2025-09-16,Iceland,Germany,84.52452,87.271652
1573,1,1,2025-09-16,Iceland,Germany,76.182919,103.52485
1574,1,1,2025-09-16,Iceland,Germany,82.966294,109.66476
1575,1,1,2025-09-16,Iceland,Germany,69.141793,86.054607
1576,1,1,2025-09-16,Iceland,Germany,81.721091,95.697264
1577,1,1,2025-09-16,Iceland,Germany,78.208927,108.29378
1578,1,1,2025-09-16,Iceland,Germany,59.070225,108.06501
1579,1,1,2025-09-16,Iceland,Germany,68.386133,118.68021
1580,1,1,2025-09-16,Iceland,Germany,62.995664,108.59273
1581,1,1,2025-09-16,Iceland,Germany,50.827779,67.258697
1582,1,1,2025-09-16,Iceland,Germany,69.172776,115.19564
1583,1,1,2025-09-16,Iceland,Germany,95.057368,93.679634
1584,1,1,2025-09-16,Iceland,Germany,61.802206,112.68746
1585,1,1,2025-09-16,Iceland,Germany,79.570425,103.3975
1586,1,1,2025-09-16,Iceland,Germany,55.23368,96.075477
1587,1,1,2025-09-16,Iceland,Germany,52.139168,83.567902
1588,1,1,2025-09-16,Iceland,Germany,74.627569,106.0601
1589,1,1,2025-09-16,Iceland,Germany,74.649544,110.37334
1590,1,1,2025-09-16,Iceland,Germany,80.13257,96.372966
1591,1,1,2025-09-16,Iceland,Germany,62.220921,102.24292
1592,1,1,2025-09-16,Iceland,Germany,74.773236,112.08998
1593,1,1,2025-09-16,Iceland,Germany,70.940537,110.36739
1594,1,1,2025-09-16,Iceland,Germany,78.982349,133.49639
1595,1,1,2025-09-16,Iceland,Germany,78.458231,117.24374
1596,1,1,2025-09-16,Iceland,Germany,82.876326,106.74151
1597,1,1,2025-09-16,Iceland,Germany,62.039836,97.8535
1598,1,1,2025-09-16,Iceland,Germany,52.996472,101.1034
1599,1,1,2025-09-16,Iceland,Germany,75.84294,112.19344
1600,1,1,2025-09-16,Iceland,Germany,74.808195,116.56582
1601,1,1,2025-09-16,Iceland,Germany,80.97785,118.74221
1602,1,1,2025-09-16,Iceland,Germany,84.384502,120.90492
1603,1,1,2025-09-16,Iceland,Germany,66.672535,118.50472
1604,1,1,2025-09-16,Iceland,Germany,83.286933,108.16504
1605,1,1,2025-09-16,Iceland,Germany,55.32741,101.01703
1606,1,1,2025-09-16,Iceland,Germany,99.981953,112.49946
1607,1,1,2025-09-16,Iceland,Germany,71.821911,112.68177
1608,1,1,2025-09-16,Iceland,Germany,71.15929,113.70783
1609,1,1,2025-09-16,Iceland,Germany,68.739231,89.128873
1610,1,1,2025-09-16,Iceland,Germany,58.965997,106.92473
1611,1,1,2025-09-16,Iceland,Germany,72.054394,108.05589
1612,1,1,2025-09-16,Iceland,Germany,54.344724,108.49233
1613,1,1,2025-09-16,Iceland,Germany,50.591907,74.577442
1614,1,1,2025-09-16,Iceland,Germany,57.057702,104.98365
1615,1,1,2025-09-16,Iceland,Germany,86.377341,123.22618
1616,1,1,2025-09-16,Iceland,Germany,74.273455,116.58521
1617,1,1,2025-09-16,Iceland,Germany,76.573013,96.024745
1618,1,1,2025-09-16,Iceland,Germany,63.530369,107.97072
1619,1,1,2025-09-16,Iceland,Germany,70.250648,105.68243
1620,1,1,2025-09-16,Iceland,Germany,67.966028,84.73959
1621,1,1,2025-09-16,Iceland,Germany,83.505318,114.69277
1622,1,1,2025-09-16,Iceland,Germany,71.865496,105.42095
1623,1,1,2025-09-16,Iceland,Germany,65.36346,107.01999
1624,1,1,2025-09-16,Iceland,Germany,44.331503,97.429483
1625,1,1,2025-09-16,Iceland,Germany,66.344612,108.41977
1626,1,1,2025-09-16,Iceland,Germany,80.095032,114.41064
1627,1,1,2025-09-16,Iceland,Germany,75.254979,98.806247
1628,1,1,2025-09-16,Iceland,Germany,84.525063,113.31494000000001
1629,1,1,2025-09-16,Iceland,Germany,69.019477,117.69386
1630,1,1,2025-09-16,Iceland,Germany,95.964051,136.16671
1631,1,1,2025-09-16,Iceland,Germany,71.823412,112.03298
1632,1,1,2025-09-16,Iceland,Germany,71.592853,88.478841
1633,1,1,2025-09-16,Iceland,Germany,92.7559,100.06723
1634,1,1,2025-09-16,Iceland,Germany,69.065169,117.91813
1635,1,1,2025-09-16,Iceland,Germany,55.162127,98.282899
1636,1,1,2025-09-16,Iceland,Germany,67.019342,88.231137
1637,1,1,2025-09-16,Iceland,Germany,58.026861,88.180344
1638,1,1,2025-09-16,Iceland,Germany,59.714552,97.596284
1639,1,1,2025-09-16,Iceland,Germany,71.958019,115.78792
1640,1,1,2025-09-16,Iceland,Germany,61.122489,102.95076
1641,1,1,2025-09-16,Iceland,Germany,83.854874,111.8973
1642,1,1,2025-09-16,Iceland,Germany,73.872692,132.75637
1643,1,1,2025-09-16,Iceland,Germany,66.344192,92.477492
1644,1,1,2025-09-16,Iceland,Germany,65.75286,97.875397
1645,1,1,2025-09-16,Iceland,Germany,57.976475,86.586724
1646,1,1,2025-09-16,Iceland,Germany,71.677258,93.522842
1647,1,1,2025-09-16,Iceland,Germany,55.073154,111.058
1648,1,1,2025-09-16,Iceland,Germany,63.03379,112.78418
1649,1,1,2025-09-16,Iceland,Germany,74.624157,115.32388
1650,1,1,2025-09-16,Iceland,Germany,78.617574,111.06476
1651,1,1,2025-09-16,Iceland,Germany,100.66872,91.462848
1652,1,1,2025-09-16,Iceland,Germany,62.517372,84.140864
1653,1,1,2025-09-16,Iceland,Germany,80.390507,108.23916
1654,1,1,2025-09-16,Iceland,Germany,64.060682,102.22696
1655,1,1,2025-09-16,Iceland,Germany,86.173296,106.58913
1656,1,1,2025-09-16,Iceland,Germany,50.565149,66.491182
1657,1,1,2025-09-16,Iceland,Germany,67.088249,93.914545
1658,1,1,2025-09-16,Iceland,Germany,70.487089,103.99458
1659,1,1,2025-09-16,Iceland,Germany,62.274229,103.67182
1660,1,1,2025-09-16,Iceland,Germany,68.789807,78.817633
1661,1,1,2025-09-16,Iceland,Germany,67.396291,92.167131
1662,1,1,2025-09-16,Iceland,Germany,53.771216,94.405716
1663,1,1,2025-09-16,Iceland,Germany,59.033588,93.157381
1664,1,1,2025-09-16,Iceland,Germany,78.707258,125.29533
1665,1,1,2025-09-16,Iceland,Germany,67.5263,88.489195
1666,1,1,2025-09-16,Iceland,Germany,67.751656,100.91459
1667,1,1,2025-09-16,Iceland,Germany,68.384415,80.419922
1668,1,1,2025-09-16,Iceland,Germany,60.983293,112.92913
1669,1,1,2025-09-16,Iceland,Germany,54.114606,132.1368
1670,1,1,2025-09-16,Iceland,Germany,62.817604,75.233436
1671,1,1,2025-09-16,Iceland,Germany,74.421425,107.26076
1672,1,1,2025-09-16,Iceland,Germany,59.681471,104.78246
1673,1,1,2025-09-16,Iceland,Germany,64.921719,100.48214
1674,1,1,2025-09-16,Iceland,Germany,78.690392,95.984428
1675,1,1,2025-09-16,Iceland,Germany,67.181326,102.71324
1676,1,1,2025-09-16,Iceland,Germany,63.799683,112.76802
1677,1,1,2025-09-16,Iceland,Germany,76.513659,100.61676
1678,1,1,2025-09-16,Iceland,Germany,71.194549,114.44702
1679,1,1,2025-09-16,Iceland,Germany,58.38964,103.9916
1680,1,1,2025-09-16,Iceland,Germany,72.598696,87.523948
1681,1,1,2025-09-16,Iceland,Germany,56.866616,90.351938
1682,1,1,2025-09-16,Iceland,Germany,54.091033,101.59528
1683,1,1,2025-09-16,Iceland,Germany,67.039324,97.77701
1684,1,1,2025-09-16,Iceland,Germany,77.283302,98.830019
1685,1,1,2025-09-16,Iceland,Germany,66.034658,99.215159
1686,1,1,2025-09-16,Iceland,Germany,79.163145,111.10346
1687,1,1,2025-09-16,Iceland,Germany,95.680365,104.30051
1688,1,1,2025-09-16,Iceland,Germany,50.600035,114.41506
1689,1,1,2025-09-16,Iceland,Germany,75.165247,125.42745
1690,1,1,2025-09-16,Iceland,Germany,84.379743,86.023589
1691,1,1,2025-09-16,Iceland,Germany,61.892669,98.316966
1692,1,1,2025-09-16,Iceland,Germany,76.604797,98.779822
1693,1,1,2025-09-16,Iceland,Germany,73.913165,104.34223
1694,1,1,2025-09-16,Iceland,Germany,82.665223,91.398495
1695,1,1,2025-09-16,Iceland,Germany,71.305229,107.00264
1696,1,1,2025-09-16,Iceland,Germany,60.487452,95.555619
1697,1,1,2025-09-16,Iceland,Germany,81.182417,97.317219
1698,1,1,2025-09-16,Iceland,Germany,70.514001,110.8539
1699,1,1,2025-09-16,Iceland,Germany,61.596626,102.60654
1700,1,1,2025-09-16,Iceland,Germany,75.329753,121.85032
1701,1,1,2025-09-16,Iceland,Germany,77.151516,86.087705
1702,1,1,2025-09-16,Iceland,Germany,77.915319,119.4149
1703,1,1,2025-09-16,Iceland,Germany,64.710526,109.40543
1704,1,1,2025-09-16,Iceland,Germany,69.088449,105.37027
1705,1,1,2025-09-16,Iceland,Germany,65.683693,87.432084
1706,1,1,2025-09-16,Iceland,Germany,66.265076,111.19697
1707,1,1,2025-09-16,Iceland,Germany,62.575174,94.564533
1708,1,1,2025-09-16,Iceland,Germany,74.447128,95.844446
1709,1,1,2025-09-16,Iceland,Germany,70.655738,111.79632
1710,1,1,2025-09-16,Iceland,Germany,70.858908,108.71362
1711,1,1,2025-09-16,Iceland,Germany,87.903221,88.047108
1712,1,1,2025-09-16,Iceland,Germany,43.817302,80.258184
1713,1,1,2025-09-16,Iceland,Germany,72.044597,106.17773
1714,1,1,2025-09-16,Iceland,Germany,72.83506,108.83313
1715,1,1,2025-09-16,Iceland,Germany,71.352548,105.83293
1716,1,1,2025-09-16,Iceland,Germany,78.029369,103.58324
1717,1,1,2025-09-16,Iceland,Germany,65.476696,101.9245
1718,1,1,2025-09-16,Iceland,Germany,80.64194,95.57581
1719,1,1,2025-09-16,Iceland,Germany,69.784705,105.59136
1720,1,1,2025-09-16,Iceland,Germany,85.356082,112.89043
1721,1,1,2025-09-16,Iceland,Germany,79.223996,112.18926
1722,1,1,2025-09-16,Iceland,Germany,69.361246,99.793733
1723,1,1,2025-09-16,Iceland,Germany,57.418819,105.39891
1724,1,1,2025-09-16,Iceland,Germany,55.557362,101.20927
1725,1,1,2025-09-16,Iceland,Germany,91.315415,124.33872
1726,1,1,2025-09-16,Iceland,Germany,58.160008,91.908187
1727,1,1,2025-09-16,Iceland,Germany,80.072471,94.40085
1728,1,1,2025-09-16,Iceland,Germany,74.145059,99.542427
1729,1,1,2025-09-16,Iceland,Germany,71.256957,120.19465
1730,1,1,2025-09-16,Iceland,Germany,67.884158,93.811996
1731,1,1,2025-09-16,Iceland,Germany,66.687078,114.72158
1732,1,1,2025-09-16,Iceland,Germany,68.235954,116.0063
1733,1,1,2025-09-16,Iceland,Germany,74.719208,116.27169
1734,1,1,2025-09-16,Iceland,Germany,71.851029,97.510464
1735,1,1,2025-09-16,Iceland,Germany,61.381385,105.22264
1736,1,1,2025-09-16,Iceland,Germany,72.1952,115.70888
1737,1,1,2025-09-16,Iceland,Germany,65.56796,119.95523
1738,1,1,2025-09-16,Iceland,Germany,10.695596,80.963525
1739,1,1,2025-09-16,Iceland,Germany,69.976953,92.681143
1740,1,1,2025-09-16,Iceland,Germany,58.969073,93.122405
1741,1,1,2025-09-16,Iceland,Germany,76.611515,106.14345
1742,1,1,2025-09-16,Iceland,Germany,68.950799,87.457576
1743,1,1,2025-09-16,Iceland,Germany,63.991296,107.38849
1744,1,1,2025-09-16,Iceland,Germany,82.584856,111.14633
1745,1,1,2025-09-16,Iceland,Germany,77.307964,83.100107
1746,1,1,2025-09-16,Iceland,Germany,70.398988,100.92797
1747,1,1,2025-09-16,Iceland,Germany,60.529648,102.94606
1748,1,1,2025-09-16,Iceland,Germany,61.741294,105.63631
1749,1,1,2025-09-16,Iceland,Germany,71.133645,114.97499
1750,1,1,2025-09-16,Iceland,Germany,70.64005,101.10083
1751,1,1,2025-09-16,Iceland,Germany,47.723283,101.40681
1752,1,1,2025-09-16,Iceland,Germany,74.083301,114.23312
1753,1,1,2025-09-16,Iceland,Germany,70.811608,109.74731
1754,1,1,2025-09-16,Iceland,Germany,68.560679,118.10133
1755,1,1,2025-09-16,Iceland,Germany,75.87187,95.584471
1756,1,1,2025-09-16,Iceland,Germany,72.892699,98.428782
1757,1,1,2025-09-16,Iceland,Germany,60.213045,105.1272
1758,1,1,2025-09-16,Iceland,Germany,89.3725,101.45641
1759,1,1,2025-09-16,Iceland,Germany,73.215102,121.03465
1760,1,1,2025-09-16,Iceland,Germany,76.870687,90.328301
1761,1,1,2025-09-16,Iceland,Germany,73.307674,98.232437
1762,1,1,2025-09-16,Iceland,Germany,78.618217,100.42204
1763,1,1,2025-09-16,Iceland,Germany,83.194151,126.01195
1764,1,1,2025-09-16,Iceland,Germany,68.502203,103.0931
1765,1,1,2025-09-16,Iceland,Germany,62.766897,94.108997
1766,1,1,2025-09-16,Iceland,Germany,72.604249,116.09283
1767,1,1,2025-09-16,Iceland,Germany,72.885602,113.23017
1768,1,1,2025-09-16,Iceland,Germany,54.921061,100.63123
1769,1,1,2025-09-16,Iceland,Germany,89.021897,105.06746
1770,1,1,2025-09-16,Iceland,Germany,54.614371,100.01815
1771,1,1,2025-09-16,Iceland,Germany,68.770136,81.062467
1772,1,1,2025-09-16,Iceland,Germany,72.386229,109.81434
1773,1,1,2025-09-16,Iceland,Germany,70.799557,109.31774
1774,1,1,2025-09-16,Iceland,Germany,64.297594,98.619171
1775,1,1,2025-09-16,Iceland,Germany,73.889972,89.818934
1776,1,1,2025-09-16,Iceland,Germany,57.507599,104.96843
1777,1,1,2025-09-16,Iceland,Germany,50.671023,98.045229
1778,1,1,2025-09-16,Iceland,Germany,70.823445,100.47618
1779,1,1,2025-09-16,Iceland,Germany,81.590006,104.6586
1780,1,1,2025-09-16,Iceland,Germany,75.369272,107.53505
1781,1,1,2025-09-16,Iceland,Germany,59.724107,95.786368
1782,1,1,2025-09-16,Iceland,Germany,56.630682,106.1587
1783,1,1,2025-09-16,Iceland,Germany,68.990757,107.0207
1784,1,1,2025-09-16,Iceland,Germany,51.7311,89.517215
1785,1,1,2025-09-16,Iceland,Germany,57.405994,90.17349
1786,1,1,2025-09-16,Iceland,Germany,69.037704,105.64031
1787,1,1,2025-09-16,Iceland,Germany,64.407037,99.267968
1788,1,1,2025-09-16,Iceland,Germany,49.671399,93.61543
1789,1,1,2025-09-16,Iceland,Germany,58.993243,97.464556
1790,1,1,2025-09-16,Iceland,Germany,78.094652,91.227039
1791,1,1,2025-09-16,Iceland,Germany,87.005399,119.04261
1792,1,1,2025-09-16,Iceland,Germany,80.923158,116.21382
1793,1,1,2025-09-16,Iceland,Germany,60.244065,106.23734
1794,1,1,2025-09-16,Iceland,Germany,70.57198,109.8721
1795,1,1,2025-09-16,Iceland,Germany,61.480039,82.850514
1796,1,1,2025-09-16,Iceland,Germany,81.285189,106.12491
1797,1,1,2025-09-16,Iceland,Germany,57.409231,92.74797
1798,1,1,2025-09-16,Iceland,Germany,72.686143,112.49982
1799,1,1,2025-09-16,Iceland,Germany,67.053765,107.10633
1800,1,1,2025-09-16,Iceland,Germany,79.556541,113.47131
1801,1,1,2025-09-16,Iceland,Germany,57.334759,93.632317
1802,1,1,2025-09-16,Iceland,Germany,40.846591,118.74683
1803,1,1,2025-09-16,Iceland,Germany,55.436501,90.03993
1804,1,1,2025-09-16,Iceland,Germany,71.026831,100.33668
1805,1,1,2025-09-16,Iceland,Germany,80.455357,109.69091
1806,1,1,2025-09-16,Iceland,Germany,58.03018,102.85584
1807,1,1,2025-09-16,Iceland,Germany,62.564147,115.00026
1808,1,1,2025-09-16,Iceland,Germany,64.569453,81.402952
1809,1,1,2025-09-16,Iceland,Germany,61.258618,96.887264
1810,1,1,2025-09-16,Iceland,Germany,60.458182,102.95432
1811,1,1,2025-09-16,Iceland,Germany,51.925127,93.578717
1812,1,1,2025-09-16,Iceland,Germany,88.154794,113.33792
1813,1,1,2025-09-16,Iceland,Germany,79.044937,102.19331
1814,1,1,2025-09-16,Iceland,Germany,74.473377,99.666806
1815,1,1,2025-09-16,Iceland,Germany,74.311137,90.953397
1816,1,1,2025-09-16,Iceland,Germany,69.487235,103.50942
1817,1,1,2025-09-16,Iceland,Germany,53.610841,96.490936
1818,1,1,2025-09-16,Iceland,Germany,70.994423,114.00817
1819,1,1,2025-09-16,Iceland,Germany,49.553511,111.94503
1820,1,1,2025-09-16,Iceland,Germany,53.42724,107.13574
1821,1,1,2025-09-16,Iceland,Germany,67.598188,98.409214
1822,1,1,2025-09-16,Iceland,Germany,74.048293,110.80748
1823,1,1,2025-09-16,Iceland,Germany,68.009721,84.83875
1824,1,1,2025-09-16,Iceland,Germany,69.696791,101.13937
1825,1,1,2025-09-16,Iceland,Germany,75.037432,96.499256
1826,1,1,2025-09-16,Iceland,Germany,92.886365,102.34632
1827,1,1,2025-09-16,Iceland,Germany,85.33313,119.89056
1828,1,1,2025-09-16,Iceland,Germany,71.425909,102.89687
1829,1,1,2025-09-16,Iceland,Germany,78.157719,96.820068
1830,1,1,2025-09-16,Iceland,Germany,76.202362,102.74154
1831,1,1,2025-09-16,Iceland,Germany,69.030373,119.11453
1832,1,1,2025-09-16,Iceland,Germany,62.800829,102.53878
1833,1,1,2025-09-16,Iceland,Germany,106.12707,128.69597
1834,1,1,2025-09-16,Iceland,Germany,84.327148,114.54746
1835,1,1,2025-09-16,Iceland,Germany,67.056573,90.065081
1836,1,1,2025-09-16,Iceland,Germany,69.401287,113.35965
1837,1,1,2025-09-16,Iceland,Germany,60.822528,83.46934
1838,1,1,2025-09-16,Iceland,Germany,64.72478,102.88908
1839,1,1,2025-09-16,Iceland,Germany,61.119349,87.265934
1840,1,1,2025-09-16,Iceland,Germany,71.948823,89.139183
1841,1,1,2025-09-16,Iceland,Germany,72.282866,102.46988
1842,1,1,2025-09-16,Iceland,Germany,54.614205,108.16322
1843,1,1,2025-09-16,Iceland,Germany,56.596334,91.302852
1844,1,1,2025-09-16,Iceland,Germany,53.232823,99.202175
1845,1,1,2025-09-16,Iceland,Germany,77.567869,112.58149
1846,1,1,2025-09-16,Iceland,Germany,45.75097,91.55489
1847,1,1,2025-09-16,Iceland,Germany,63.977255,115.85002
1848,1,1,2025-09-16,Iceland,Germany,89.924936,129.89915
1849,1,1,2025-09-16,Iceland,Germany,51.604839,111.61854
1850,1,1,2025-09-16,Iceland,Germany,58.765561,107.55274
1851,1,1,2025-09-16,Iceland,Germany,82.402409,106.23833
1852,1,1,2025-09-16,Iceland,Germany,54.906562,101.97023
1853,1,1,2025-09-16,Iceland,Germany,75.133865,115.30077
1854,1,1,2025-09-16,Iceland,Germany,55.257585,109.54345000000001
1855,1,1,2025-09-16,Iceland,Germany,69.004798,101.75535
1856,1,1,2025-09-16,Iceland,Germany,67.19632,91.529164
1857,1,1,2025-09-16,Iceland,Germany,50.315644,82.300286
1858,1,1,2025-09-16,Iceland,Germany,90.696982,78.843774
1859,1,1,2025-09-16,Iceland,Germany,86.46653,80.366511
1860,1,1,2025-09-16,Iceland,Germany,76.764733,114.30019
1861,1,1,2025-09-16,Iceland,Germany,79.660753,115.45835
1862,1,1,2025-09-16,Iceland,Germany,82.104035,140.52959
1863,1,1,2025-09-16,Iceland,Germany,81.284028,92.048807
1864,1,1,2025-09-16,Iceland,Germany,62.5518,110.9558
1865,1,1,2025-09-16,Iceland,Germany,77.750647,105.87885
1866,1,1,2025-09-16,Iceland,Germany,61.788478,111.74697
1867,1,1,2025-09-16,Iceland,Germany,76.320514,105.90895
1868,1,1,2025-09-16,Iceland,Germany,54.862602,128.89899
1869,1,1,2025-09-16,Iceland,Germany,81.150807,123.78786
1870,1,1,2025-09-16,Iceland,Germany,83.191204,113.03404
1871,1,1,2025-09-16,Iceland,Germany,60.268759,101.73139
1872,1,1,2025-09-16,Iceland,Germany,71.398195,88.35779
1873,1,1,2025-09-16,Iceland,Germany,73.789393,101.07074
1874,1,1,2025-09-16,Iceland,Germany,68.974489,100.16154
1875,1,1,2025-09-16,Iceland,Germany,52.773901,93.451709
1876,1,1,2025-09-16,Iceland,Germany,64.563898,109.71585
1877,1,1,2025-09-16,Iceland,Germany,64.277302,101.06024
1878,1,1,2025-09-16,Iceland,Germany,60.612826,114.30939
1879,1,1,2025-09-16,Iceland,Germany,76.603655,121.2388
1880,1,1,2025-09-16,Iceland,Germany,82.460201,108.43065
1881,1,1,2025-09-16,Iceland,Germany,76.225931,100.13309
1882,1,1,2025-09-16,Iceland,Germany,77.351402,102.14031
1883,1,1,2025-09-16,Iceland,Germany,66.673355,123.21643
1884,1,1,2025-09-16,Iceland,Germany,47.26948,79.818154
1885,1,1,2025-09-16,Iceland,Germany,101.42538,111.65458
1886,1,1,2025-09-16,Iceland,Germany,62.952476,110.72176
1887,1,1,2025-09-16,Iceland,Germany,65.960926,113.65595
1888,1,1,2025-09-16,Iceland,Germany,69.705961,98.284818
1889,1,1,2025-09-16,Iceland,Germany,89.032504,103.66716
1890,1,1,2025-09-16,Iceland,Germany,78.760495,88.126578
1891,1,1,2025-09-16,Iceland,Germany,62.931922,104.5868
1892,1,1,2025-09-16,Iceland,Germany,54.062626,122.71372
1893,1,1,2025-09-16,Iceland,Germany,70.109328,110.64668
1894,1,1,2025-09-16,Iceland,Germany,68.914282,95.952288
1895,1,1,2025-09-16,Iceland,Germany,69.765608,113.99775
1896,1,1,2025-09-16,Iceland,Germany,56.990763,97.296781
1897,1,1,2025-09-16,Iceland,Germany,60.856554,110.403
1898,1,1,2025-09-16,Iceland,Germany,79.371832,108.33778
1899,1,1,2025-09-16,Iceland,Germany,76.66296,113.71898
1900,1,1,2025-09-16,Iceland,Germany,73.748602,109.13939
1901,1,1,2025-09-16,Iceland,Germany,71.399315,109.4099
1902,1,1,2025-09-16,Iceland,Germany,64.925544,99.849532
1903,1,1,2025-09-16,Iceland,Germany,55.206332,94.335651
1904,1,1,2025-09-16,Iceland,Germany,77.524706,91.759364
1905,1,1,2025-09-16,Iceland,Germany,49.663097,121.81632
1906,1,1,2025-09-16,Iceland,Germany,66.855661,103.10743
1907,1,1,2025-09-16,Iceland,Germany,68.774209,91.65338
1908,1,1,2025-09-16,Iceland,Germany,76.370512,125.68809
1909,1,1,2025-09-16,Iceland,Germany,73.868157,110.90814
1910,1,1,2025-09-16,Iceland,Germany,71.005752,99.478134
1911,1,1,2025-09-16,Iceland,Germany,91.197373,105.76148
1912,1,1,2025-09-16,Iceland,Germany,65.079111,112.67415
1913,1,1,2025-09-16,Iceland,Germany,66.887112,110.4175
1914,1,1,2025-09-16,Iceland,Germany,74.679288,125.40923
1915,1,1,2025-09-16,Iceland,Germany,67.105901,101.03432
1916,1,1,2025-09-16,Iceland,Germany,77.542083,118.29262
1917,1,1,2025-09-16,Iceland,Germany,73.456068,95.023539
1918,1,1,2025-09-16,Iceland,Germany,74.568832,97.430822
1919,1,1,2025-09-16,Iceland,Germany,87.728491,113.47617
1920,1,1,2025-09-16,Iceland,Germany,80.89346,112.43178
1921,1,1,2025-09-16,Iceland,Germany,79.019445,101.94935
1922,1,1,2025-09-16,Iceland,Germany,77.807771,110.51623
1923,1,1,2025-09-16,Iceland,Germany,43.408971,114.97786
1924,1,1,2025-09-16,Iceland,Germany,69.415501,85.470148
1925,1,1,2025-09-16,Iceland,Germany,69.249884,101.27562
1926,1,1,2025-09-16,Iceland,Germany,73.368235,112.34906
1927,1,1,2025-09-16,Iceland,Germany,70.969138,126.19487
1928,1,1,2025-09-16,Iceland,Germany,68.227949,107.69683
1929,1,1,2025-09-16,Iceland,Germany,73.291871,95.75846
1930,1,1,2025-09-16,Iceland,Germany,64.538367,104.06877
1931,1,1,2025-09-16,Iceland,Germany,52.080654,89.234134
1932,1,1,2025-09-16,Iceland,Germany,65.930019,102.8023
1933,1,1,2025-09-16,Iceland,Germany,69.109,123.77439
1934,1,1,2025-09-16,Iceland,Germany,76.910541,125.03925
1935,1,1,2025-09-16,Iceland,Germany,65.047863,101.30893
1936,1,1,2025-09-16,Iceland,Germany,73.231423,106.43246
1937,1,1,2025-09-16,Iceland,Germany,51.484709,93.946355
1938,1,1,2025-09-16,Iceland,Germany,61.91782,103.2445
1939,1,1,2025-09-16,Iceland,Germany,66.374822,91.607573
1940,1,1,2025-09-16,Iceland,Germany,67.618435,108.8535
1941,1,1,2025-09-16,Iceland,Germany,82.8237,99.929973
1942,1,1,2025-09-16,Iceland,Germany,63.493224,104.90445
1943,1,1,2025-09-16,Iceland,Germany,77.19776,116.56207
1944,1,1,2025-09-16,Iceland,Germany,64.142194,81.981616
1945,1,1,2025-09-16,Iceland,Germany,65.937752,96.319227
1946,1,1,2025-09-16,Iceland,Germany,73.985675,115.77103
1947,1,1,2025-09-16,Iceland,Germany,87.406281,105.72614
1948,1,1,2025-09-16,Iceland,Germany,70.033563,107.67491
1949,1,1,2025-09-16,Iceland,Germany,63.157063,98.538412
1950,1,1,2025-09-16,Iceland,Germany,72.193998,97.988194
1951,1,1,2025-09-16,Iceland,Germany,78.549972,110.8743
1952,1,1,2025-09-16,Iceland,Germany,64.828947,87.140841
1953,1,1,2025-09-16,Iceland,Germany,75.703948,106.36397
1954,1,1,2025-09-16,Iceland,Germany,62.38367,89.041837
1955,1,1,2025-09-16,Iceland,Germany,71.074783,105.77584
1956,1,1,2025-09-16,Iceland,Germany,71.961431,118.27602
1957,1,1,2025-09-16,Iceland,Germany,63.645404,108.14936
1958,1,1,2025-09-16,Iceland,Germany,70.074102,103.12816
1959,1,1,2025-09-16,Iceland,Germany,62.771478,113.19454
1960,1,1,2025-09-16,Iceland,Germany,32.8344,93.583042
1961,1,1,2025-09-16,Iceland,Germany,64.615364,99.430973
1962,1,1,2025-09-16,Iceland,Germany,77.754578,92.910966
1963,1,1,2025-09-16,Iceland,Germany,82.410953,110.20589
1964,1,1,2025-09-16,Iceland,Germany,66.098011,102.42953
1965,1,1,2025-09-16,Iceland,Germany,69.443851,123.58557
1966,1,1,2025-09-16,Iceland,Germany,71.557191,123.66349
1967,1,1,2025-09-16,Iceland,Germany,77.088898,109.85396
1968,1,1,2025-09-16,Iceland,Germany,79.051691,114.86154
1969,1,1,2025-09-16,Iceland,Germany,77.393968,99.852262
1970,1,1,2025-09-16,Iceland,Germany,62.36686,106.73875
1971,1,1,2025-09-16,Iceland,Germany,71.709128,116.16369
1972,1,1,2025-09-16,Iceland,Germany,80.814421,112.20046
1973,1,1,2025-09-16,Iceland,Germany,69.764115,86.73815
1974,1,1,2025-09-16,Iceland,Germany,65.981728,105.11486
1975,1,1,2025-09-16,Iceland,Germany,62.400936,112.13524
1976,1,1,2025-09-16,Iceland,Germany,55.585179,79.727722
1977,1,1,2025-09-16,Iceland,Germany,84.704384,101.87424
1978,1,1,2025-09-16,Iceland,Germany,65.219786,102.41829
1979,1,1,2025-09-16,Iceland,Germany,63.468842,111.57639
1980,1,1,2025-09-16,Iceland,Germany,90.852836,101.9938
1981,1,1,2025-09-16,Iceland,Germany,84.189086,106.07179
1982,1,1,2025-09-16,Iceland,Germany,59.466661,95.90023
1983,1,1,2025-09-16,Iceland,Germany,82.919226,109.02664
1984,1,1,2025-09-16,Iceland,Germany,69.47958,107.64991
1985,1,1,2025-09-16,Iceland,Germany,93.96576,115.18603
1986,1,1,2025-09-16,Iceland,Germany,83.07872,125.89015
1987,1,1,2025-09-16,Iceland,Germany,68.214713,115.10505
1988,1,1,2025-09-16,Iceland,Germany,69.004501,111.88673
1989,1,1,2025-09-16,Iceland,Germany,90.295465,108.00031
1990,1,1,2025-09-16,Iceland,Germany,45.831328,90.804475
1991,1,1,2025-09-16,Iceland,Germany,62.882918,96.99567
1992,1,1,2025-09-16,Iceland,Germany,47.228539,100.13648
1993,1,1,2025-09-16,Iceland,Germany,72.189448,99.892311
1994,1,1,2025-09-16,Iceland,Germany,61.671905,100.82791
1995,1,1,2025-09-16,Iceland,Germany,73.251872,120.64772
1996,1,1,2025-09-16,Iceland,Germany,71.306758,91.236942
1997,1,1,2025-09-16,Iceland,Germany,64.887045,102.27521
1998,1,1,2025-09-16,Iceland,Germany,58.709755,86.358302
1999,1,1,2025-09-16,Iceland,Germany,78.144802,113.7588
2000,1,1,2025-09-16,Iceland,Germany,64.568258,109.70267
2001,1,1,2025-09-16,Iceland,Germany,75.786448,133.12593
2002,1,1,2025-09-16,Iceland,Germany,64.600929,97.163608
2003,1,1,2025-09-16,Iceland,Germany,66.283522,114.1292
2004,1,1,2025-09-16,Iceland,Germany,79.16269,123.17117
2005,1,1,2025-09-16,Iceland,Germany,76.680981,100.85183
2006,1,1,2025-09-16,Iceland,Germany,90.798895,107.42556
2007,1,1,2025-09-16,Iceland,Germany,97.017543,131.34404
2008,1,1,2025-09-16,Iceland,Germany,85.670378,87.319304
2009,1,1,2025-09-16,Iceland,Germany,59.61971,102.95788
2010,1,1,2025-09-16,Iceland,Germany,73.361679,128.30008
2011,1,1,2025-09-16,Iceland,Germany,57.843708,94.853586
2012,1,1,2025-09-16,Iceland,Germany,76.750501,107.69069
2013,1,1,2025-09-16,Iceland,Germany,71.343027,94.956267
2014,1,1,2025-09-16,Iceland,Germany,63.087348,118.20439
2015,1,1,2025-09-16,Iceland,Germany,73.781287,101.5509
2016,1,1,2025-09-16,Iceland,Germany,75.906817,92.146458
2017,1,1,2025-09-16,Iceland,Germany,66.351724,110.05877
2018,1,1,2025-09-16,Iceland,Germany,75.521466,110.39274
2019,1,1,2025-09-16,Iceland,Germany,86.159921,110.54655
2020,1,1,2025-09-16,Iceland,Germany,60.495617,104.76913
2021,1,1,2025-09-16,Iceland,Germany,80.695414,117.21564
2022,1,1,2025-09-16,Iceland,Germany,69.166273,123.65142
2023,1,1,2025-09-16,Iceland,Germany,78.869047,96.051847
2024,1,1,2025-09-16,Iceland,Germany,68.690803,112.94348
2025,1,1,2025-09-16,Iceland,Germany,70.417169,109.72056
2026,1,1,2025-09-16,Iceland,Germany,61.519889,109.87091
2027,1,1,2025-09-16,Iceland,Germany,60.454978,102.09682
2028,1,1,2025-09-16,Iceland,Germany,72.883191,116.04715
2029,1,1,2025-09-16,Iceland,Germany,66.94345,94.109162
2030,1,1,2025-09-16,Iceland,Germany,67.616365,87.374607
2031,1,1,2025-09-16,Iceland,Germany,55.594508,90.922363
2032,1,1,2025-09-16,Iceland,Germany,89.389693,113.57199
2033,1,1,2025-09-16,Iceland,Germany,43.313976,111.6479
2034,1,1,2025-09-16,Iceland,Germany,64.851622,108.20909
2035,1,1,2025-09-16,Iceland,Germany,89.654141,107.73134
2036,1,1,2025-09-16,Iceland,Germany,68.33638,129.74453
2037,1,1,2025-09-16,Iceland,Germany,63.765051,90.676297
2038,1,1,2025-09-16,Iceland,Germany,64.628126,109.00986
2039,1,1,2025-09-16,Iceland,Germany,65.269256,112.17133
2040,1,1,2025-09-16,Iceland,Germany,76.659707,103.882
2041,1,1,2025-09-16,Iceland,Germany,60.555957,112.62262
2042,1,1,2025-09-16,Iceland,Germany,53.301747,110.7265
2043,1,1,2025-09-16,Iceland,Germany,60.280092,116.08524
2044,1,1,2025-09-16,Iceland,Germany,77.587225,94.249204
2045,1,1,2025-09-16,Iceland,Germany,57.346773,88.929226
2046,1,1,2025-09-16,Iceland,Germany,72.370129,106.79051
2047,1,1,2025-09-16,Iceland,Germany,49.990297,90.529925
2048,1,1,2025-09-16,Iceland,Germany,76.578151,100.09496
2049,1,1,2025-09-16,Iceland,Germany,78.55026,92.452097
2050,1,1,2025-09-16,Iceland,Germany,51.155147,108.42987
2051,1,1,2025-09-16,Iceland,Germany,73.855889,94.002866
2052,1,1,2025-09-16,Iceland,Germany,70.793213,114.23823
2053,1,1,2025-09-16,Iceland,Germany,57.38883,92.244939
2054,1,1,2025-09-16,Iceland,Germany,74.174668,113.84965
2055,1,1,2025-09-16,Iceland,Germany,67.529495,105.21347
2056,1,1,2025-09-16,Iceland,Germany,89.28123,104.44801
2057,1,1,2025-09-16,Iceland,Germany,76.617501,116.76533
2058,1,1,2025-09-16,Iceland,Germany,86.278379,112.47853
2059,1,1,2025-09-16,Iceland,Germany,81.987592,108.96183
2060,1,1,2025-09-16,Iceland,Germany,74.171474,84.678857
2061,1,1,2025-09-16,Iceland,Germany,43.050554,119.03664
2062,1,1,2025-09-16,Iceland,Germany,67.671832,108.48123
2063,1,1,2025-09-16,Iceland,Germany,72.926553,109.60046
2064,1,1,2025-09-16,Iceland,Germany,72.786761,106.48873
2065,1,1,2025-09-16,Iceland,Germany,59.663471,99.998016
2066,1,1,2025-09-16,Iceland,Germany,80.578477,115.3912
2067,1,1,2025-09-16,Iceland,Germany,57.741506,125.46952
2068,1,1,2025-09-16,Iceland,Germany,103.77173,119.68296
2069,1,1,2025-09-16,Iceland,Germany,73.123536,100.00366
2070,1,1,2025-09-16,Iceland,Germany,70.561204,104.47432
2071,1,1,2025-09-16,Iceland,Germany,73.082064,113.35611
2072,1,1,2025-09-16,Iceland,Germany,54.218837,82.900775
2073,1,1,2025-09-16,Iceland,Germany,45.997268,98.016587
2074,1,1,2025-09-16,Iceland,Germany,62.828393,110.74333
2075,1,1,2025-09-16,Iceland,Germany,60.267541,99.602137
2076,1,1,2025-09-16,Iceland,Germany,74.040014,116.83046
2077,1,1,2025-09-16,Iceland,Germany,78.569854,112.48058
2078,1,1,2025-09-16,Iceland,Germany,49.328891,96.034799
2079,1,1,2025-09-16,Iceland,Germany,56.841119,112.83087
2080,1,1,2025-09-16,Iceland,Germany,70.680508,111.27465
2081,1,1,2025-09-16,Iceland,Germany,66.360159,97.553476
2082,1,1,2025-09-16,Iceland,Germany,74.227995,118.79934
2083,1,1,2025-09-16,Iceland,Germany,62.703363,103.40529
2084,1,1,2025-09-16,Iceland,Germany,55.924283,97.229854
2085,1,1,2025-09-16,Iceland,Germany,66.413563,101.58781
2086,1,1,2025-09-16,Iceland,Germany,64.541029,109.87671
2087,1,1,2025-09-16,Iceland,Germany,81.157554,114.42143
2088,1,1,2025-09-16,Iceland,Germany,75.035646,89.953466
2089,1,1,2025-09-16,Iceland,Germany,63.650037,114.9823
2090,1,1,2025-09-16,Iceland,Germany,64.352428,121.37266
2091,1,1,2025-09-16,Iceland,Germany,69.496838,110.4202
2092,1,1,2025-09-16,Iceland,Germany,61.731932,106.37666
2093,1,1,2025-09-16,Iceland,Germany,73.494876,95.69749
2094,1,1,2025-09-16,Iceland,Germany,53.318524,86.388489
2095,1,1,2025-09-16,Iceland,Germany,71.519924,113.14981
2096,1,1,2025-09-16,Iceland,Germany,73.657721,96.323649
2097,1,1,2025-09-16,Iceland,Germany,80.270142,113.15324
2098,1,1,2025-09-16,Iceland,Germany,61.382686,97.407248
2099,1,1,2025-09-16,Iceland,Germany,85.82398,123.65811
2100,1,1,2025-09-16,Iceland,Germany,68.422231,98.811154
2101,1,1,2025-09-16,Iceland,Germany,68.364624,118.17881
2102,1,1,2025-09-16,Iceland,Germany,61.35834,98.951947
2103,1,1,2025-09-16,Iceland,Germany,67.750665,111.49323
2104,1,1,2025-09-16,Iceland,Germany,86.365322,85.991362
2105,1,1,2025-09-16,Iceland,Germany,64.492334,103.79067
2106,1,1,2025-09-16,Iceland,Germany,60.375809,88.530144
2107,1,1,2025-09-16,Iceland,Germany,70.300127,110.98566
2108,1,1,2025-09-16,Iceland,Germany,80.028183,114.57546
2109,1,1,2025-09-16,Iceland,Germany,56.351924,88.53805
2110,1,1,2025-09-16,Iceland,Germany,59.205666,84.973697
2111,1,1,2025-09-16,Iceland,Germany,65.416503,98.436936
2112,1,1,2025-09-16,Iceland,Germany,70.884592,99.777379
2113,1,1,2025-09-16,Iceland,Germany,57.437056,101.33658
2114,1,1,2025-09-16,Iceland,Germany,59.639495,107.89459
2115,1,1,2025-09-16,Iceland,Germany,59.638558,99.907305
2116,1,1,2025-09-16,Iceland,Germany,79.243438,102.07907
2117,1,1,2025-09-16,Iceland,Germany,71.492059,93.607624
2118,1,1,2025-09-16,Iceland,Germany,88.503372,123.36173
2119,1,1,2025-09-16,Iceland,Germany,71.202942,107.64477
2120,1,1,2025-09-16,Iceland,Germany,49.947987,103.60802
2121,1,1,2025-09-16,Iceland,Germany,63.749739,81.150453
2122,1,1,2025-09-16,Iceland,Germany,74.269675,124.97455
2123,1,1,2025-09-16,Iceland,Germany,48.231883,102.74403
2124,1,1,2025-09-16,Iceland,Germany,67.984687,111.62266
2125,1,1,2025-09-16,Iceland,Germany,85.070845,109.41245
2126,1,1,2025-09-16,Iceland,Germany,46.101212,106.04876
2127,1,1,2025-09-16,Iceland,Germany,51.355491,107.04057
2128,1,1,2025-09-16,Iceland,Germany,71.985542,89.357553
2129,1,1,2025-09-16,Iceland,Germany,52.883719,111.40371
2130,1,1,2025-09-16,Iceland,Germany,77.576404,105.22957
2131,1,1,2025-09-16,Iceland,Germany,69.275064,103.15433
2132,1,1,2025-09-16,Iceland,Germany,66.536966,109.34098
2133,1,1,2025-09-16,Iceland,Germany,80.663412,108.27532
2134,1,1,2025-09-16,Iceland,Germany,69.177836,97.138655
2135,1,1,2025-09-16,Iceland,Germany,57.256558,109.20722
2136,1,1,2025-09-16,Iceland,Germany,84.079287,125.45249
2137,1,1,2025-09-16,Iceland,Germany,65.10063,98.513197
2138,1,1,2025-09-16,Iceland,Germany,71.104246,95.28636
2139,1,1,2025-09-16,Iceland,Germany,60.089305,95.764112
2140,1,1,2025-09-16,Iceland,Germany,67.663568,101.40732
2141,1,1,2025-09-16,Iceland,Germany,72.957878,90.622811
2142,1,1,2025-09-16,Iceland,Germany,66.585411,126.4415
2143,1,1,2025-09-16,Iceland,Germany,86.052459,102.24212
2144,1,1,2025-09-16,Iceland,Germany,67.979151,110.33853
2145,1,1,2025-09-16,Iceland,Germany,67.067742,81.64555
2146,1,1,2025-09-16,Iceland,Germany,80.925281,106.02789
2147,1,1,2025-09-16,Iceland,Germany,62.712023,83.105382
2148,1,1,2025-09-16,Iceland,Germany,63.094902,109.3652
2149,1,1,2025-09-16,Iceland,Germany,68.71868,81.696154
2150,1,1,2025-09-16,Iceland,Germany,73.310496,110.05385
2151,1,1,2025-09-16,Iceland,Germany,79.554614,96.505208
2152,1,1,2025-09-16,Iceland,Germany,60.45918,100.0751
2153,1,1,2025-09-16,Iceland,Germany,73.350112,103.41617
2154,1,1,2025-09-16,Iceland,Germany,61.29291,103.64594
2155,1,1,2025-09-16,Iceland,Germany,56.835452,93.01365
2156,1,1,2025-09-16,Iceland,Germany,59.237138,91.300652
2157,1,1,2025-09-16,Iceland,Germany,91.11901,136.48562
2158,1,1,2025-09-16,Iceland,Germany,63.188264,93.277803
2159,1,1,2025-09-16,Iceland,Germany,58.718109,111.56837
2160,1,1,2025-09-16,Iceland,Germany,46.376693,104.92046
2161,1,1,2025-09-16,Iceland,Germany,81.271005,124.82919
2162,1,1,2025-09-16,Iceland,Germany,69.028031,107.79539
2163,1,1,2025-09-16,Iceland,Germany,90.271376,102.43538
2164,1,1,2025-09-16,Iceland,Germany,70.606888,113.46962
2165,1,1,2025-09-16,Iceland,Germany,46.637442,106.46296
2166,1,1,2025-09-16,Iceland,Germany,79.630736,127.65155
2167,1,1,2025-09-16,Iceland,Germany,41.473411,102.66711
2168,1,1,2025-09-16,Iceland,Germany,68.473434,82.788693
2169,1,1,2025-09-16,Iceland,Germany,83.354032,98.350065
2170,1,1,2025-09-16,Iceland,Germany,86.975249,116.70327
2171,1,1,2025-09-16,Iceland,Germany,95.828024,108.08736
2172,1,1,2025-09-16,Iceland,Germany,75.413451,102.55467
2173,1,1,2025-09-16,Iceland,Germany,66.181158,117.56232
2174,1,1,2025-09-16,Iceland,Germany,71.085872,126.35696
2175,1,1,2025-09-16,Iceland,Germany,49.829801,109.84242
2176,1,1,2025-09-16,Iceland,Germany,62.190261,101.37453
2177,1,1,2025-09-16,Iceland,Germany,56.501438,98.293033
2178,1,1,2025-09-16,Iceland,Germany,51.368706,87.819387
2179,1,1,2025-09-16,Iceland,Germany,69.46294,105.4312
2180,1,1,2025-09-16,Iceland,Germany,62.405673,102.2385
2181,1,1,2025-09-16,Iceland,Germany,74.304908,95.176523
2182,1,1,2025-09-16,Iceland,Germany,53.299169,105.69785
2183,1,1,2025-09-16,Iceland,Germany,76.451266,99.841227
2184,1,1,2025-09-16,Iceland,Germany,64.373944,113.00973
2185,1,1,2025-09-16,Iceland,Germany,66.448815,114.43326
2186,1,1,2025-09-16,Iceland,Germany,56.461694,101.49484
2187,1,1,2025-09-16,Iceland,Germany,71.290095,112.53868
2188,1,1,2025-09-16,Iceland,Germany,67.271793,88.628917
2189,1,1,2025-09-16,Iceland,Germany,53.25402,90.98333
2190,1,1,2025-09-16,Iceland,Germany,63.063349,97.941035
2191,1,1,2025-09-16,Iceland,Germany,75.469451,106.30236
2192,1,1,2025-09-16,Iceland,Germany,62.309363,108.84644
2193,1,1,2025-09-16,Iceland,Germany,66.141845,87.56852
2194,1,1,2025-09-16,Iceland,Germany,69.372706,97.576869
2195,1,1,2025-09-16,Iceland,Germany,61.762755,124.28027
2196,1,1,2025-09-16,Iceland,Germany,58.497089,101.27853
2197,1,1,2025-09-16,Iceland,Germany,74.667614,111.84544
2198,1,1,2025-09-16,Iceland,Germany,65.480576,97.492436
2199,1,1,2025-09-16,Iceland,Germany,84.47162,108.1035
2200,1,1,2025-09-16,Iceland,Germany,74.04078,105.25491
2201,1,1,2025-09-16,Iceland,Germany,56.142674,118.94826
2202,1,1,2025-09-16,Iceland,Germany,83.583323,104.66575
2203,1,1,2025-09-16,Iceland,Germany,89.00045,106.43375
2204,1,1,2025-09-16,Iceland,Germany,91.526897,89.994221
2205,1,1,2025-09-16,Iceland,Germany,64.567742,107.01142
2206,1,1,2025-09-16,Iceland,Germany,67.669611,129.67531
2207,1,1,2025-09-16,Iceland,Germany,56.74194,108.97577
2208,1,1,2025-09-16,Iceland,Germany,78.902966,97.420621
2209,1,1,2025-09-16,Iceland,Germany,69.077923,111.5259
2210,1,1,2025-09-16,Iceland,Germany,81.266367,100.16605
2211,1,1,2025-09-16,Iceland,Germany,73.786894,110.02001
2212,1,1,2025-09-16,Iceland,Germany,72.027168,109.66218
2213,1,1,2025-09-16,Iceland,Germany,53.215787,102.29324
2214,1,1,2025-09-16,Iceland,Germany,75.271976,103.17945
2215,1,1,2025-09-16,Iceland,Germany,70.770629,107.61598
2216,1,1,2025-09-16,Iceland,Germany,78.313234,97.754308
2217,1,1,2025-09-16,Iceland,Germany,49.394785,114.42476
2218,1,1,2025-09-16,Iceland,Germany,59.21543,122.58789
2219,1,1,2025-09-16,Iceland,Germany,66.902166,112.26354
2220,1,1,2025-09-16,Iceland,Germany,67.948315,96.192894
2221,1,1,2025-09-16,Iceland,Germany,65.337516,122.72651
2222,1,1,2025-09-16,Iceland,Germany,61.998983,96.576427
2223,1,1,2025-09-16,Iceland,Germany,77.524397,111.80808
2224,1,1,2025-09-16,Iceland,Germany,56.209577,104.1647
2225,1,1,2025-09-16,Iceland,Germany,65.803867,100.71142
2226,1,1,2025-09-16,Iceland,Germany,70.065069,103.50584
2227,1,1,2025-09-16,Iceland,Germany,75.25065,104.43081
2228,1,1,2025-09-16,Iceland,Germany,54.25009,76.201163
2229,1,1,2025-09-16,Iceland,Germany,72.680204,112.12026
2230,1,1,2025-09-16,Iceland,Germany,62.502101,97.943202
2231,1,1,2025-09-16,Iceland,Germany,71.801667,103.42576
2232,1,1,2025-09-16,Iceland,Germany,74.53052,120.44779
2233,1,1,2025-09-16,Iceland,Germany,60.39172,104.61398
2234,1,1,2025-09-16,Iceland,Germany,59.033003,112.3968
2235,1,1,2025-09-16,Iceland,Germany,86.955672,92.231045
2236,1,1,2025-09-16,Iceland,Germany,56.106123,107.02202
2237,1,1,2025-09-16,Iceland,Germany,77.409904,107.87197
2238,1,1,2025-09-16,Iceland,Germany,63.377321,102.50962
2239,1,1,2025-09-16,Iceland,Germany,60.63877,102.44685
2240,1,1,2025-09-16,Iceland,Germany,66.078445,92.99146
2241,1,1,2025-09-16,Iceland,Germany,67.994015,87.922607
2242,1,1,2025-09-16,Iceland,Germany,72.066563,100.1094
2243,1,1,2025-09-16,Iceland,Germany,52.728425,78.372145
2244,1,1,2025-09-16,Iceland,Germany,86.927948,106.74617
2245,1,1,2025-09-16,Iceland,Germany,74.910427,103.31765
2246,1,1,2025-09-16,Iceland,Germany,70.138686,108.08322
2247,1,1,2025-09-16,Iceland,Germany,57.255827,93.672432
2248,1,1,2025-09-16,Iceland,Germany,55.586909,119.19426
2249,1,1,2025-09-16,Iceland,Germany,64.605047,106.43804
2250,1,1,2025-09-16,Iceland,Germany,60.241563,99.542264
2251,1,1,2025-09-16,Iceland,Germany,70.382568,94.914165
2252,1,1,2025-09-16,Iceland,Germany,76.22563,111.64837
2253,1,1,2025-09-16,Iceland,Germany,65.492972,89.312919
2254,1,1,2025-09-16,Iceland,Germany,103.3322,83.911645
2255,1,1,2025-09-16,Iceland,Germany,64.493639,86.362121
2256,1,1,2025-09-16,Iceland,Germany,78.55992,94.345635
2257,1,1,2025-09-16,Iceland,Germany,75.439691,80.934507
2258,1,1,2025-09-16,Iceland,Germany,48.498649,110.7257
2259,1,1,2025-09-16,Iceland,Germany,80.816307,125.36794
2260,1,1,2025-09-16,Iceland,Germany,79.676628,107.16799
2261,1,1,2025-09-16,Iceland,Germany,69.39082,91.094709
2262,1,1,2025-09-16,Iceland,Germany,94.295188,100.81018
2263,1,1,2025-09-16,Iceland,Germany,64.536342,112.44976
2264,1,1,2025-09-16,Iceland,Germany,79.766012,112.88987
2265,1,1,2025-09-16,Iceland,Germany,66.958844,95.506818
2266,1,1,2025-09-16,Iceland,Germany,64.475415,96.348059
2267,1,1,2025-09-16,Iceland,Germany,72.387517,115.77385
2268,1,1,2025-09-16,Iceland,Germany,61.371527,89.355578
2269,1,1,2025-09-16,Iceland,Germany,61.573881,110.91609
2270,1,1,2025-09-16,Iceland,Germany,78.786892,114.48364
2271,1,1,2025-09-16,Iceland,Germany,73.293678,117.35255
2272,1,1,2025-09-16,Iceland,Germany,73.867306,107.39664
2273,1,1,2025-09-16,Iceland,Germany,73.334868,105.21431
2274,1,1,2025-09-16,Iceland,Germany,52.456107,92.490679
2275,1,1,2025-09-16,Iceland,Germany,73.546374,97.270444
2276,1,1,2025-09-16,Iceland,Germany,78.255382,96.631356
2277,1,1,2025-09-16,Iceland,Germany,78.359047,109.20864
2278,1,1,2025-09-16,Iceland,Germany,57.106555,84.696289
2279,1,1,2025-09-16,Iceland,Germany,83.281701,109.18286
2280,1,1,2025-09-16,Iceland,Germany,70.121277,97.542882
2281,1,1,2025-09-16,Iceland,Germany,67.913221,103.6949
2282,1,1,2025-09-16,Iceland,Germany,70.342426,98.345749
2283,1,1,2025-09-16,Iceland,Germany,90.92552,98.962319
2284,1,1,2025-09-16,Iceland,Germany,64.489045,102.49631
2285,1,1,2025-09-16,Iceland,Germany,75.260162,125.74092
2286,1,1,2025-09-16,Iceland,Germany,60.920296,114.7264
2287,1,1,2025-09-16,Iceland,Germany,59.071159,96.260336
2288,1,1,2025-09-16,Iceland,Germany,60.695533,105.7769
2289,1,1,2025-09-16,Iceland,Germany,64.243716,94.775324
2290,1,1,2025-09-16,Iceland,Germany,58.800608,110.44743
2291,1,1,2025-09-16,Iceland,Germany,66.941262,109.95795
2292,1,1,2025-09-16,Iceland,Germany,69.918917,101.54041
2293,1,1,2025-09-16,Iceland,Germany,71.675903,105.24692
2294,1,1,2025-09-16,Iceland,Germany,42.841315,102.90435
2295,1,1,2025-09-16,Iceland,Germany,61.692244,117.78052
2296,1,1,2025-09-16,Iceland,Germany,60.257979,98.626457
2297,1,1,2025-09-16,Iceland,Germany,72.427026,111.79802
2298,1,1,2025-09-16,Iceland,Germany,70.042904,95.597009
2299,1,1,2025-09-16,Iceland,Germany,72.692044,112.22193
2300,1,1,2025-09-16,Iceland,Germany,79.280078,99.331267
2301,1,1,2025-09-16,Iceland,Germany,66.444461,99.334457
2302,1,1,2025-09-16,Iceland,Germany,62.623771,103.14181
2303,1,1,2025-09-16,Iceland,Germany,72.774042,118.22988
2304,1,1,2025-09-16,Iceland,Germany,55.381837,85.915712
2305,1,1,2025-09-16,Iceland,Germany,64.831215,102.39716
2306,1,1,2025-09-16,Iceland,Germany,73.539489,100.77648
2307,1,1,2025-09-16,Iceland,Germany,76.114103,91.462426
2308,1,1,2025-09-16,Iceland,Germany,50.550406,102.37478
2309,1,1,2025-09-16,Iceland,Germany,80.797432,130.04872
2310,1,1,2025-09-16,Iceland,Germany,54.373326,98.604178
2311,1,1,2025-09-16,Iceland,Germany,58.982311,113.28959
2312,1,1,2025-09-16,Iceland,Germany,53.415682,90.505805
2313,1,1,2025-09-16,Iceland,Germany,77.022723,75.053033
2314,1,1,2025-09-16,Iceland,Germany,67.862141,110.20662
2315,1,1,2025-09-16,Iceland,Germany,65.879035,89.293244
2316,1,1,2025-09-16,Iceland,Germany,82.019396,115.04443
2317,1,1,2025-09-16,Iceland,Germany,66.225038,93.658648
2318,1,1,2025-09-16,Iceland,Germany,65.447051,112.87978
2319,1,1,2025-09-16,Iceland,Germany,61.593833,106.71873
2320,1,1,2025-09-16,Iceland,Germany,70.236364,103.93303
2321,1,1,2025-09-16,Iceland,Germany,67.586422,108.12554
2322,1,1,2025-09-16,Iceland,Germany,59.329502,91.158129
2323,1,1,2025-09-16,Iceland,Germany,57.534635,122.68819
2324,1,1,2025-09-16,Iceland,Germany,53.239323,101.94402
2325,1,1,2025-09-16,Iceland,Germany,77.357645,94.543436
2326,1,1,2025-09-16,Iceland,Germany,82.184626,102.92078
2327,1,1,2025-09-16,Iceland,Germany,66.120686,90.676577
2328,1,1,2025-09-16,Iceland,Germany,88.81083,105.38398
2329,1,1,2025-09-16,Iceland,Germany,86.582026,113.03977
2330,1,1,2025-09-16,Iceland,Germany,78.633113,107.02795
2331,1,1,2025-09-16,Iceland,Germany,70.113274,108.40509
2332,1,1,2025-09-16,Iceland,Germany,93.11676,123.53013
2333,1,1,2025-09-16,Iceland,Germany,65.467204,107.10001
2334,1,1,2025-09-16,Iceland,Germany,65.577665,107.21068
2335,1,1,2025-09-16,Iceland,Germany,73.548657,105.0847
2336,1,1,2025-09-16,Iceland,Germany,63.647343,105.3764
2337,1,1,2025-09-16,Iceland,Germany,57.420138,88.97603
2338,1,1,2025-09-16,Iceland,Germany,79.358878,113.50129
2339,1,1,2025-09-16,Iceland,Germany,61.060633,113.86983
2340,1,1,2025-09-16,Iceland,Germany,73.073845,107.86161
2341,1,1,2025-09-16,Iceland,Germany,72.25462,119.32361
2342,1,1,2025-09-16,Iceland,Germany,75.658094,113.15687
2343,1,1,2025-09-16,Iceland,Germany,73.229181,118.28565
2344,1,1,2025-09-16,Iceland,Germany,71.806505,91.990424
2345,1,1,2025-09-16,Iceland,Germany,69.337802,101.598
2346,1,1,2025-09-16,Iceland,Germany,62.949333,118.48385
2347,1,1,2025-09-16,Iceland,Germany,65.642507,120.16041
2348,1,1,2025-09-16,Iceland,Germany,62.576411,97.762647
2349,1,1,2025-09-16,Iceland,Germany,77.4505,100.59262
2350,1,1,2025-09-16,Iceland,Germany,62.169054,98.241913
2351,1,1,2025-09-16,Iceland,Germany,92.951171,98.695291
2352,1,1,2025-09-16,Iceland,Germany,74.134057,123.25555
2353,1,1,2025-09-16,Iceland,Germany,64.605113,95.232976
2354,1,1,2025-09-16,Iceland,Germany,58.010933,81.354134
2355,1,1,2025-09-16,Iceland,Germany,63.350241,102.75828
2356,1,1,2025-09-16,Iceland,Germany,87.745315,110.35988
2357,1,1,2025-09-16,Iceland,Germany,89.624568,108.62702
2358,1,1,2025-09-16,Iceland,Germany,81.275688,91.73187
2359,1,1,2025-09-16,Iceland,Germany,80.526432,107.30494
2360,1,1,2025-09-16,Iceland,Germany,61.510807,98.851266
2361,1,1,2025-09-16,Iceland,Germany,80.102186,128.80908
2362,1,1,2025-09-16,Iceland,Germany,60.754059,103.10499
2363,1,1,2025-09-16,Iceland,Germany,70.480349,109.30755
2364,1,1,2025-09-16,Iceland,Germany,63.492997,105.84779
2365,1,1,2025-09-16,Iceland,Germany,82.1296,89.572066
2366,1,1,2025-09-16,Iceland,Germany,56.011746,108.45638
2367,1,1,2025-09-16,Iceland,Germany,71.500633,106.51174
2368,1,1,2025-09-16,Iceland,Germany,58.687195,98.289446
2369,1,1,2025-09-16,Iceland,Germany,55.974116,91.531181
2370,1,1,2025-09-16,Iceland,Germany,78.837988,101.25656
2371,1,1,2025-09-16,Iceland,Germany,76.066998,91.3655
2372,1,1,2025-09-16,Iceland,Germany,53.471583,110.68034
2373,1,1,2025-09-16,Iceland,Germany,76.813381,107.21992
2374,1,1,2025-09-16,Iceland,Germany,80.158125,124.91056
2375,1,1,2025-09-16,Iceland,Germany,70.531037,95.844869
2376,1,1,2025-09-16,Iceland,Germany,62.543358,121.65014
2377,1,1,2025-09-16,Iceland,Germany,95.745506,127.10503
2378,1,1,2025-09-16,Iceland,Germany,70.992959,97.002332
2379,1,1,2025-09-16,Iceland,Germany,72.014038,81.800221
2380,1,1,2025-09-16,Iceland,Germany,82.630055,110.56845
2381,1,1,2025-09-16,Iceland,Germany,77.052405,97.489801
2382,1,1,2025-09-16,Iceland,Germany,68.415724,93.888444
2383,1,1,2025-09-16,Iceland,Germany,75.281387,98.7801
2384,1,1,2025-09-16,Iceland,Germany,63.751261,94.309551
2385,1,1,2025-09-16,Iceland,Germany,68.104128,106.82414
2386,1,1,2025-09-16,Iceland,Germany,84.048757,101.51597
2387,1,1,2025-09-16,Iceland,Germany,28.857442,107.90061
2388,1,1,2025-09-16,Iceland,Germany,66.993048,101.33605
2389,1,1,2025-09-16,Iceland,Germany,62.281792,111.22051
2390,1,1,2025-09-16,Iceland,Germany,55.794281,97.440382
2391,1,1,2025-09-16,Iceland,Germany,67.964188,126.27865
2392,1,1,2025-09-16,Iceland,Germany,63.372444,108.42195
2393,1,1,2025-09-16,Iceland,Germany,63.065019,92.531374
2394,1,1,2025-09-16,Iceland,Germany,71.307984,110.17898
2395,1,1,2025-09-16,Iceland,Germany,63.649499,100.11997
2396,1,1,2025-09-16,Iceland,Germany,53.812104,94.618806
2397,1,1,2025-09-16,Iceland,Germany,50.88308,116.40695
2398,1,1,2025-09-16,Iceland,Germany,78.410352,111.21856
2399,1,1,2025-09-16,Iceland,Germany,52.73275,102.12205
2400,1,1,2025-09-16,Iceland,Germany,90.900297,118.73433
2401,1,1,2025-09-16,Iceland,Germany,80.916097,105.93757
2402,1,1,2025-09-16,Iceland,Germany,80.980776,86.75079
2403,1,1,2025-09-16,Iceland,Germany,70.309399,127.43051
2404,1,1,2025-09-16,Iceland,Germany,61.407199,100.97814
2405,1,1,2025-09-16,Iceland,Germany,63.772156,104.53387
2406,1,1,2025-09-16,Iceland,Germany,89.667068,107.22082
2407,1,1,2025-09-16,Iceland,Germany,84.588884,107.34031
2408,1,1,2025-09-16,Iceland,Germany,90.409229,104.41648
2409,1,1,2025-09-16,Iceland,Germany,55.214364,98.883186
2410,1,1,2025-09-16,Iceland,Germany,75.564639,113.34437
2411,1,1,2025-09-16,Iceland,Germany,76.574265,99.845637
2412,1,1,2025-09-16,Iceland,Germany,66.261232,115.33125
2413,1,1,2025-09-16,Iceland,Germany,65.866743,97.040672
2414,1,1,2025-09-16,Iceland,Germany,54.766758,106.20235
2415,1,1,2025-09-16,Iceland,Germany,53.419101,84.298453
2416,1,1,2025-09-16,Iceland,Germany,59.655379,109.57897
2417,1,1,2025-09-16,Iceland,Germany,87.237748,118.62082
2418,1,1,2025-09-16,Iceland,Germany,80.726267000000007,104.68262
2419,1,1,2025-09-16,Iceland,Germany,69.296386,112.64583
2420,1,1,2025-09-16,Iceland,Germany,63.649325,114.86065
2421,1,1,2025-09-16,Iceland,Germany,77.962587,98.479807
2422,1,1,2025-09-16,Iceland,Germany,66.269931,105.10588
2423,1,1,2025-09-16,Iceland,Germany,75.632218,106.99296
2424,1,1,2025-09-16,Iceland,Germany,60.634254,101.9253
2425,1,1,2025-09-16,Iceland,Germany,67.239025,97.031677
2426,1,1,2025-09-16,Iceland,Germany,64.725626,98.046216
2427,1,1,2025-09-16,Iceland,Germany,69.368321,97.660668
2428,1,1,2025-09-16,Iceland,Germany,66.829498,103.85334
2429,1,1,2025-09-16,Iceland,Germany,82.275464,92.826196
2430,1,1,2025-09-16,Iceland,Germany,62.721488,92.035757
2431,1,1,2025-09-16,Iceland,Germany,70.303852,121.07111
2432,1,1,2025-09-16,Iceland,Germany,41.756006,95.820378
2433,1,1,2025-09-16,Iceland,Germany,64.29602,106.40266
2434,1,1,2025-09-16,Iceland,Germany,80.484095,119.11497
2435,1,1,2025-09-16,Iceland,Germany,80.036577,99.116662
2436,1,1,2025-09-16,Iceland,Germany,72.528622,102.04446
2437,1,1,2025-09-16,Iceland,Germany,57.923764,112.41698
2438,1,1,2025-09-16,Iceland,Germany,73.456543,112.25485
2439,1,1,2025-09-16,Iceland,Germany,63.72437,84.858984
2440,1,1,2025-09-16,Iceland,Germany,77.895548,116.69141
2441,1,1,2025-09-16,Iceland,Germany,61.725471,90.323893
2442,1,1,2025-09-16,Iceland,Germany,79.496052,110.19624
2443,1,1,2025-09-16,Iceland,Germany,68.121433,123.27032
2444,1,1,2025-09-16,Iceland,Germany,71.374741,118.24182
2445,1,1,2025-09-16,Iceland,Germany,69.662665,103.04391
2446,1,1,2025-09-16,Iceland,Germany,76.103181,114.29255
2447,1,1,2025-09-16,Iceland,Germany,47.615421,73.628143
2448,1,1,2025-09-16,Iceland,Germany,85.79228,123.88258
2449,1,1,2025-09-16,Iceland,Germany,70.666184,106.40157
2450,1,1,2025-09-16,Iceland,Germany,74.818411,109.33867
2451,1,1,2025-09-16,Iceland,Germany,73.840236,120.69685
2452,1,1,2025-09-16,Iceland,Germany,82.907666,117.8351
2453,1,1,2025-09-16,Iceland,Germany,65.463182,106.03771
2454,1,1,2025-09-16,Iceland,Germany,68.370861,116.20438
2455,1,1,2025-09-16,Iceland,Germany,51.220918,98.059443
2456,1,1,2025-09-16,Iceland,Germany,67.301164,93.55395
2457,1,1,2025-09-16,Iceland,Germany,85.02155,126.40791
2458,1,1,2025-09-16,Iceland,Germany,58.283376,102.48198
2459,1,1,2025-09-16,Iceland,Germany,78.185359,108.90654
2460,1,1,2025-09-16,Iceland,Germany,65.844747,104.08463
2461,1,1,2025-09-16,Iceland,Germany,74.682967,93.055935
2462,1,1,2025-09-16,Iceland,Germany,61.671947,100.02834
2463,1,1,2025-09-16,Iceland,Germany,60.768122,73.123756
2464,1,1,2025-09-16,Iceland,Germany,69.350627,98.406136
2465,1,1,2025-09-16,Iceland,Germany,71.46705,106.58893
2466,1,1,2025-09-16,Iceland,Germany,59.996078,85.486758
2467,1,1,2025-09-16,Iceland,Germany,62.223919,108.06487
2468,1,1,2025-09-16,Iceland,Germany,84.719904,99.613046
2469,1,1,2025-09-16,Iceland,Germany,67.597552,118.69739
2470,1,1,2025-09-16,Iceland,Germany,71.333597,98.770241
2471,1,1,2025-09-16,Iceland,Germany,66.392176,97.235874
2472,1,1,2025-09-16,Iceland,Germany,68.259854,120.10002
2473,1,1,2025-09-16,Iceland,Germany,67.069733,103.5621
2474,1,1,2025-09-16,Iceland,Germany,64.520203,88.83533
2475,1,1,2025-09-16,Iceland,Germany,56.174395,87.196176
2476,1,1,2025-09-16,Iceland,Germany,65.91609,88.93661
2477,1,1,2025-09-16,Iceland,Germany,91.742322,116.13433
2478,1,1,2025-09-16,Iceland,Germany,74.994584,128.15145
2479,1,1,2025-09-16,Iceland,Germany,72.96643,106.44612
2480,1,1,2025-09-16,Iceland,Germany,65.184903,105.27092
2481,1,1,2025-09-16,Iceland,Germany,65.802937,127.29991
2482,1,1,2025-09-16,Iceland,Germany,64.611378,106.43817
2483,1,1,2025-09-16,Iceland,Germany,61.603652,91.065697
2484,1,1,2025-09-16,Iceland,Germany,49.372393,92.130927
2485,1,1,2025-09-16,Iceland,Germany,69.964198,117.73009
2486,1,1,2025-09-16,Iceland,Germany,72.506168,108.25214
2487,1,1,2025-09-16,Iceland,Germany,61.220298,95.710641
2488,1,1,2025-09-16,Iceland,Germany,53.938171,86.224321
2489,1,1,2025-09-16,Iceland,Germany,70.660824,95.114062
2490,1,1,2025-09-16,Iceland,Germany,62.665091,110.53771
2491,1,1,2025-09-16,Iceland,Germany,65.910617,102.70039
2492,1,1,2025-09-16,Iceland,Germany,66.650938,99.152541
2493,1,1,2025-09-16,Iceland,Germany,61.406615,112.68778
2494,1,1,2025-09-16,Iceland,Germany,68.996642,116.37988
2495,1,1,2025-09-16,Iceland,Germany,66.657744,105.17219
2496,1,1,2025-09-16,Iceland,Germany,60.464871,79.433257
2497,1,1,2025-09-16,Iceland,Germany,84.169187,104.31566
2498,1,1,2025-09-16,Iceland,Germany,66.755132,125.65134
2499,1,1,2025-09-16,Iceland,Germany,71.802264,88.236623
2500,1,1,2025-09-16,Iceland,Germany,52.252613,110.6185
2501,1,1,2025-09-16,Iceland,Germany,76.440808,117.62557
2502,1,1,2025-09-16,Iceland,Germany,61.785309,105.63964
2503,1,1,2025-09-16,Iceland,Germany,52.686906,95.284105
2504,1,1,2025-09-16,Iceland,Germany,46.65957,88.589759
2505,1,1,2025-09-16,Iceland,Germany,53.766114,96.047787
2506,1,1,2025-09-16,Iceland,Germany,71.420275,108.40155
2507,1,1,2025-09-16,Iceland,Germany,76.89527,103.28231
2508,1,1,2025-09-16,Iceland,Germany,73.440005,112.47853
2509,1,1,2025-09-16,Iceland,Germany,81.336759,82.3774
2510,1,1,2025-09-16,Iceland,Germany,80.901506,119.50107
2511,1,1,2025-09-16,Iceland,Germany,57.165343,80.516054
2512,1,1,2025-09-16,Iceland,Germany,98.952939,106.70186
2513,1,1,2025-09-16,Iceland,Germany,75.527449,105.76898
2514,1,1,2025-09-16,Iceland,Germany,84.201513,93.883344
2515,1,1,2025-09-16,Iceland,Germany,59.38197,93.935842
2516,1,1,2025-09-16,Iceland,Germany,62.477895,106.18505
2517,1,1,2025-09-16,Iceland,Germany,76.080541,104.28449
2518,1,1,2025-09-16,Iceland,Germany,83.043316,101.40343
2519,1,1,2025-09-16,Iceland,Germany,66.842334,70.467663
2520,1,1,2025-09-16,Iceland,Germany,50.063351,92.431499
2521,1,1,2025-09-16,Iceland,Germany,89.078243,114.28469
2522,1,1,2025-09-16,Iceland,Germany,66.258416,87.092602
2523,1,1,2025-09-16,Iceland,Germany,86.994114,75.845377
2524,1,1,2025-09-16,Iceland,Germany,74.475529,111.19895
2525,1,1,2025-09-16,Iceland,Germany,74.514926,104.87336
2526,1,1,2025-09-16,Iceland,Germany,70.623625,99.555902
2527,1,1,2025-09-16,Iceland,Germany,80.049678,102.00089
2528,1,1,2025-09-16,Iceland,Germany,70.629195,111.85589
2529,1,1,2025-09-16,Iceland,Germany,91.110222,114.42025
2530,1,1,2025-09-16,Iceland,Germany,64.242105,102.5955
2531,1,1,2025-09-16,Iceland,Germany,67.10499,98.771375
2532,1,1,2025-09-16,Iceland,Germany,72.253851,104.83797
2533,1,1,2025-09-16,Iceland,Germany,59.38783,97.56065
2534,1,1,2025-09-16,Iceland,Germany,66.799579,97.469781
2535,1,1,2025-09-16,Iceland,Germany,62.895246,92.716812
2536,1,1,2025-09-16,Iceland,Germany,76.263204,115.00698
2537,1,1,2025-09-16,Iceland,Germany,62.888459,98.176954
2538,1,1,2025-09-16,Iceland,Germany,63.308494,108.90503
2539,1,1,2025-09-16,Iceland,Germany,54.658012,96.39091
2540,1,1,2025-09-16,Iceland,Germany,78.724931,101.19241
2541,1,1,2025-09-16,Iceland,Germany,79.276387,113.17271
2542,1,1,2025-09-16,Iceland,Germany,63.688087,94.612557
2543,1,1,2025-09-16,Iceland,Germany,62.217588,101.70728
2544,1,1,2025-09-16,Iceland,Germany,55.367762,83.310967
2545,1,1,2025-09-16,Iceland,Germany,77.992158,106.34008
2546,1,1,2025-09-16,Iceland,Germany,73.793056000000007,100.32047
2547,1,1,2025-09-16,Iceland,Germany,65.946624,106.02398
2548,1,1,2025-09-16,Iceland,Germany,97.620535,107.1562
2549,1,1,2025-09-16,Iceland,Germany,78.693253,102.52213
2550,1,1,2025-09-16,Iceland,Germany,79.538848,112.25275
2551,1,1,2025-09-16,Iceland,Germany,62.531704,103.47632
2552,1,1,2025-09-16,Iceland,Germany,70.841077,99.910669
2553,1,1,2025-09-16,Iceland,Germany,45.356921,83.880911
2554,1,1,2025-09-16,Iceland,Germany,69.400371,103.19911
2555,1,1,2025-09-16,Iceland,Germany,75.515121,110.71847
2556,1,1,2025-09-16,Iceland,Germany,56.949309,79.184127
2557,1,1,2025-09-16,Iceland,Germany,49.764114,90.17703
2558,1,1,2025-09-16,Iceland,Germany,65.3232,113.19133
2559,1,1,2025-09-16,Iceland,Germany,62.773551,95.166019
2560,1,1,2025-09-16,Iceland,Germany,69.888902,99.950723
2561,1,1,2025-09-16,Iceland,Germany,59.099277,120.90399
2562,1,1,2025-09-16,Iceland,Germany,57.870515,104.08287
2563,1,1,2025-09-16,Iceland,Germany,72.297803,88.507191
2564,1,1,2025-09-16,Iceland,Germany,82.686217,92.99617
2565,1,1,2025-09-16,Iceland,Germany,76.801999,101.27224
2566,1,1,2025-09-16,Iceland,Germany,61.676124,91.834356
2567,1,1,2025-09-16,Iceland,Germany,70.81449,94.043394
2568,1,1,2025-09-16,Iceland,Germany,87.779973,114.74211
2569,1,1,2025-09-16,Iceland,Germany,67.831154,116.09102
2570,1,1,2025-09-16,Iceland,Germany,74.303542,108.3603
2571,1,1,2025-09-16,Iceland,Germany,62.399977,112.84469
2572,1,1,2025-09-16,Iceland,Germany,66.700834,86.069678
2573,1,1,2025-09-16,Iceland,Germany,78.526783,111.2778
2574,1,1,2025-09-16,Iceland,Germany,83.653646,130.2913
2575,1,1,2025-09-16,Iceland,Germany,78.386507,103.42084
2576,1,1,2025-09-16,Iceland,Germany,72.510978,106.89527
2577,1,1,2025-09-16,Iceland,Germany,68.957137,107.17146
2578,1,1,2025-09-16,Iceland,Germany,71.518934,127.39043
2579,1,1,2025-09-16,Iceland,Germany,44.534316,84.729739
2580,1,1,2025-09-16,Iceland,Germany,75.171645,106.7307
2581,1,1,2025-09-16,Iceland,Germany,70.930667,85.913979
2582,1,1,2025-09-16,Iceland,Germany,57.167795,114.56729
2583,1,1,2025-09-16,Iceland,Germany,66.936894,108.51358
2584,1,1,2025-09-16,Iceland,Germany,65.733757,99.273055
2585,1,1,2025-09-16,Iceland,Germany,77.482402,102.09584
2586,1,1,2025-09-16,Iceland,Germany,75.291313,103.85251
2587,1,1,2025-09-16,Iceland,Germany,71.044111,103.44074
2588,1,1,2025-09-16,Iceland,Germany,66.655521,98.055806
2589,1,1,2025-09-16,Iceland,Germany,78.91514,100.9617
2590,1,1,2025-09-16,Iceland,Germany,71.003497,99.358838
2591,1,1,2025-09-16,Iceland,Germany,82.412083,98.003581
2592,1,1,2025-09-16,Iceland,Germany,76.390405,92.335513
2593,1,1,2025-09-16,Iceland,Germany,72.116946,99.453094
2594,1,1,2025-09-16,Iceland,Germany,79.499057,92.959238
2595,1,1,2025-09-16,Iceland,Germany,66.113228,103.61735
2596,1,1,2025-09-16,Iceland,Germany,68.963238,96.858899
2597,1,1,2025-09-16,Iceland,Germany,67.498844,117.62546
2598,1,1,2025-09-16,Iceland,Germany,90.239126,116.25929
2599,1,1,2025-09-16,Iceland,Germany,66.470711,102.58464
2600,1,1,2025-09-16,Iceland,Germany,65.987554,109.72679
2601,1,1,2025-09-16,Iceland,Germany,65.012771,100.96056
2602,1,1,2025-09-16,Iceland,Germany,63.911175,83.205734
2603,1,1,2025-09-16,Iceland,Germany,76.686297,112.68737
2604,1,1,2025-09-16,Iceland,Germany,49.574866,112.05185
2605,1,1,2025-09-16,Iceland,Germany,77.652822,128.95043
2606,1,1,2025-09-16,Iceland,Germany,72.782438,99.762068
2607,1,1,2025-09-16,Iceland,Germany,66.181274,112.38689
2608,1,1,2025-09-16,Iceland,Germany,64.792562,109.32657
2609,1,1,2025-09-16,Iceland,Germany,53.019494,97.137185
2610,1,1,2025-09-16,Iceland,Germany,68.033816,110.33517
2611,1,1,2025-09-16,Iceland,Germany,58.017581,107.35666
2612,1,1,2025-09-16,Iceland,Germany,59.844528,73.75741
2613,1,1,2025-09-16,Iceland,Germany,72.203883,94.184456
2614,1,1,2025-09-16,Iceland,Germany,70.222742,118.06616
2615,1,1,2025-09-16,Iceland,Germany,71.069397,122.03266
2616,1,1,2025-09-16,Iceland,Germany,72.560198,119.29372
2617,1,1,2025-09-16,Iceland,Germany,48.826026,131.68271
2618,1,1,2025-09-16,Iceland,Germany,55.597265,87.003733
2619,1,1,2025-09-16,Iceland,Germany,66.206365,112.87391
2620,1,1,2025-09-16,Iceland,Germany,66.844496,94.031632
2621,1,1,2025-09-16,Iceland,Germany,79.306041,113.66159
2622,1,1,2025-09-16,Iceland,Germany,54.287868,107.21583
2623,1,1,2025-09-16,Iceland,Germany,90.610369,104.03232
2624,1,1,2025-09-16,Iceland,Germany,67.229418,101.50839
2625,1,1,2025-09-16,Iceland,Germany,95.482632,99.935713
2626,1,1,2025-09-16,Iceland,Germany,63.823221,107.02077
2627,1,1,2025-09-16,Iceland,Germany,81.213505,94.107364
2628,1,1,2025-09-16,Iceland,Germany,68.292165,102.13992
2629,1,1,2025-09-16,Iceland,Germany,24.335134,87.95175
2630,1,1,2025-09-16,Iceland,Germany,76.930779,103.1375
2631,1,1,2025-09-16,Iceland,Germany,72.712238,112.23284
2632,1,1,2025-09-16,Iceland,Germany,55.713621,108.18012
2633,1,1,2025-09-16,Iceland,Germany,79.958758,116.72664
2634,1,1,2025-09-16,Iceland,Germany,66.511352,112.5502
2635,1,1,2025-09-16,Iceland,Germany,65.578933,124.5999
2636,1,1,2025-09-16,Iceland,Germany,48.24986,123.20868
2637,1,1,2025-09-16,Iceland,Germany,74.329676,92.846625
2638,1,1,2025-09-16,Iceland,Germany,64.644578,96.913551
2639,1,1,2025-09-16,Iceland,Germany,63.818398,100.41106
2640,1,1,2025-09-16,Iceland,Germany,63.459063,100.85548
2641,1,1,2025-09-16,Iceland,Germany,78.847626,101.55418
2642,1,1,2025-09-16,Iceland,Germany,51.780756,92.039147
2643,1,1,2025-09-16,Iceland,Germany,66.30645,108.7862
2644,1,1,2025-09-16,Iceland,Germany,75.782198,124.41714
2645,1,1,2025-09-16,Iceland,Germany,61.13804,89.181875
2646,1,1,2025-09-16,Iceland,Germany,87.399665,107.54792
2647,1,1,2025-09-16,Iceland,Germany,79.878087,109.04841
2648,1,1,2025-09-16,Iceland,Germany,82.738484,102.69621
2649,1,1,2025-09-16,Iceland,Germany,61.542381,99.199133
2650,1,1,2025-09-16,Iceland,Germany,70.680659,124.29782
2651,1,1,2025-09-16,Iceland,Germany,69.321474,102.44986
2652,1,1,2025-09-16,Iceland,Germany,68.420795,100.64198
2653,1,1,2025-09-16,Iceland,Germany,66.832821,116.43547
2654,1,1,2025-09-16,Iceland,Germany,70.478056,101.83708
2655,1,1,2025-09-16,Iceland,Germany,62.071883,86.832363
2656,1,1,2025-09-16,Iceland,Germany,62.428362,102.23829
2657,1,1,2025-09-16,Iceland,Germany,75.780093,108.46007
2658,1,1,2025-09-16,Iceland,Germany,66.893511,117.49017
2659,1,1,2025-09-16,Iceland,Germany,66.620691,101.19533
2660,1,1,2025-09-16,Iceland,Germany,53.410715,113.34007
2661,1,1,2025-09-16,Iceland,Germany,74.832773,120.8146
2662,1,1,2025-09-16,Iceland,Germany,66.206758,90.732536
2663,1,1,2025-09-16,Iceland,Germany,64.868578,101.19384
2664,1,1,2025-09-16,Iceland,Germany,65.269701,98.79246
2665,1,1,2025-09-16,Iceland,Germany,74.774737,108.60668
2666,1,1,2025-09-16,Iceland,Germany,65.100672,99.126498
2667,1,1,2025-09-16,Iceland,Germany,66.586808,114.71959
2668,1,1,2025-09-16,Iceland,Germany,63.786406,128.27027
2669,1,1,2025-09-16,Iceland,Germany,66.997288,105.85519
2670,1,1,2025-09-16,Iceland,Germany,86.224691000000007,120.68873
2671,1,1,2025-09-16,Iceland,Germany,65.484417,114.73118
2672,1,1,2025-09-16,Iceland,Germany,73.372158,107.53857000000001
2673,1,1,2025-09-16,Iceland,Germany,64.563174,131.30199
2674,1,1,2025-09-16,Iceland,Germany,70.763611,121.46356
2675,1,1,2025-09-16,Iceland,Germany,75.798622,105.42548
2676,1,1,2025-09-16,Iceland,Germany,85.96928,129.05542
2677,1,1,2025-09-16,Iceland,Germany,54.750785,107.06199
2678,1,1,2025-09-16,Iceland,Germany,50.434738,110.75204
2679,1,1,2025-09-16,Iceland,Germany,63.276045,115.44356
2680,1,1,2025-09-16,Iceland,Germany,67.865871,104.4952
2681,1,1,2025-09-16,Iceland,Germany,61.533371,115.10528
2682,1,1,2025-09-16,Iceland,Germany,64.208513,111.25675
2683,1,1,2025-09-16,Iceland,Germany,85.363674,112.70648
2684,1,1,2025-09-16,Iceland,Germany,71.94464,84.176754
2685,1,1,2025-09-16,Iceland,Germany,82.019994,88.395026
2686,1,1,2025-09-16,Iceland,Germany,68.817003,94.871493
2687,1,1,2025-09-16,Iceland,Germany,54.539331,107.84369
2688,1,1,2025-09-16,Iceland,Germany,60.965589,124.29826
2689,1,1,2025-09-16,Iceland,Germany,63.606634,99.966707
2690,1,1,2025-09-16,Iceland,Germany,75.490834,106.36978
2691,1,1,2025-09-16,Iceland,Germany,63.593746,105.07304
2692,1,1,2025-09-16,Iceland,Germany,71.670846,107.62046
2693,1,1,2025-09-16,Iceland,Germany,62.798948,116.57531
2694,1,1,2025-09-16,Iceland,Germany,67.31521,105.88809
2695,1,1,2025-09-16,Iceland,Germany,92.654483,132.23221
2696,1,1,2025-09-16,Iceland,Germany,71.351504,96.87449
2697,1,1,2025-09-16,Iceland,Germany,57.057765,115.46801
2698,1,1,2025-09-16,Iceland,Germany,68.074065,79.973303
2699,1,1,2025-09-16,Iceland,Germany,71.728717,125.86216
2700,1,1,2025-09-16,Iceland,Germany,63.295119,107.57076
2701,1,1,2025-09-16,Iceland,Germany,45.976983,113.45473
2702,1,1,2025-09-16,Iceland,Germany,68.573229,101.01355
2703,1,1,2025-09-16,Iceland,Germany,64.346162,114.63505
2704,1,1,2025-09-16,Iceland,Germany,76.695407,107.07621
2705,1,1,2025-09-16,Iceland,Germany,73.045371,96.539225
2706,1,1,2025-09-16,Iceland,Germany,71.42151,97.590585
2707,1,1,2025-09-16,Iceland,Germany,75.049165,109.77491
2708,1,1,2025-09-16,Iceland,Germany,87.171876,113.1936
2709,1,1,2025-09-16,Iceland,Germany,58.443055,102.4586
2710,1,1,2025-09-16,Iceland,Germany,61.860943,109.7585
2711,1,1,2025-09-16,Iceland,Germany,48.416846,76.642138
2712,1,1,2025-09-16,Iceland,Germany,59.853267,95.792078
2713,1,1,2025-09-16,Iceland,Germany,68.433607,99.963975
2714,1,1,2025-09-16,Iceland,Germany,90.632539,124.69242
2715,1,1,2025-09-16,Iceland,Germany,76.026033,104.28277
2716,1,1,2025-09-16,Iceland,Germany,54.275092,98.866818
2717,1,1,2025-09-16,Iceland,Germany,59.257554,97.425822
2718,1,1,2025-09-16,Iceland,Germany,74.221492,113.68559
2719,1,1,2025-09-16,Iceland,Germany,85.749213,128.15016
2720,1,1,2025-09-16,Iceland,Germany,48.745248,93.185929
2721,1,1,2025-09-16,Iceland,Germany,80.031776,93.202825
2722,1,1,2025-09-16,Iceland,Germany,79.713714,100.77743
2723,1,1,2025-09-16,Iceland,Germany,81.945115,111.28448
2724,1,1,2025-09-16,Iceland,Germany,70.05132,105.89314
2725,1,1,2025-09-16,Iceland,Germany,60.929294,116.8193
2726,1,1,2025-09-16,Iceland,Germany,63.699075,95.209947
2727,1,1,2025-09-16,Iceland,Germany,78.527526,135.8592
2728,1,1,2025-09-16,Iceland,Germany,67.641186,104.80364
2729,1,1,2025-09-16,Iceland,Germany,73.293822,96.922187
2730,1,1,2025-09-16,Iceland,Germany,72.889366,101.47035
2731,1,1,2025-09-16,Iceland,Germany,73.410413,89.617229
2732,1,1,2025-09-16,Iceland,Germany,69.835816,134.83014
2733,1,1,2025-09-16,Iceland,Germany,46.864557,88.589771
2734,1,1,2025-09-16,Iceland,Germany,72.51704,121.97175
2735,1,1,2025-09-16,Iceland,Germany,74.466195,98.945182
2736,1,1,2025-09-16,Iceland,Germany,67.248086,110.53664
2737,1,1,2025-09-16,Iceland,Germany,64.003016,101.76597
2738,1,1,2025-09-16,Iceland,Germany,57.859336,106.88907
2739,1,1,2025-09-16,Iceland,Germany,79.366891,113.62348
2740,1,1,2025-09-16,Iceland,Germany,75.43367,107.85846
2741,1,1,2025-09-16,Iceland,Germany,40.65153,77.831678
2742,1,1,2025-09-16,Iceland,Germany,74.556745,109.83873
2743,1,1,2025-09-16,Iceland,Germany,51.477549,103.31459
2744,1,1,2025-09-16,Iceland,Germany,70.490332,103.10267
2745,1,1,2025-09-16,Iceland,Germany,67.022302,94.402566
2746,1,1,2025-09-16,Iceland,Germany,60.194952,112.59752
2747,1,1,2025-09-16,Iceland,Germany,82.290296,113.44426
2748,1,1,2025-09-16,Iceland,Germany,83.711042,99.901032
2749,1,1,2025-09-16,Iceland,Germany,68.688854,114.0899
2750,1,1,2025-09-16,Iceland,Germany,71.810047,116.68376
2751,1,1,2025-09-16,Iceland,Germany,44.986598,100.08635
2752,1,1,2025-09-16,Iceland,Germany,74.458323,92.922021
2753,1,1,2025-09-16,Iceland,Germany,72.338472,108.27862
2754,1,1,2025-09-16,Iceland,Germany,51.439136,103.69716
2755,1,1,2025-09-16,Iceland,Germany,89.261155,111.78524
2756,1,1,2025-09-16,Iceland,Germany,76.967212,124.86458
2757,1,1,2025-09-16,Iceland,Germany,76.777732,120.9792
2758,1,1,2025-09-16,Iceland,Germany,73.000376,116.19859
2759,1,1,2025-09-16,Iceland,Germany,67.936313,103.81932
2760,1,1,2025-09-16,Iceland,Germany,74.737502,94.756971
2761,1,1,2025-09-16,Iceland,Germany,74.612979,91.287777
2762,1,1,2025-09-16,Iceland,Germany,76.650424,113.95976
2763,1,1,2025-09-16,Iceland,Germany,68.275719,96.130542
2764,1,1,2025-09-16,Iceland,Germany,39.559342,81.813265
2765,1,1,2025-09-16,Iceland,Germany,85.93452,114.14258
2766,1,1,2025-09-16,Iceland,Germany,80.335041,112.8971
2767,1,1,2025-09-16,Iceland,Germany,60.695517,99.85493
2768,1,1,2025-09-16,Iceland,Germany,60.664328,120.93808
2769,1,1,2025-09-16,Iceland,Germany,53.467353,111.51001
2770,1,1,2025-09-16,Iceland,Germany,40.865199,114.86791
2771,1,1,2025-09-16,Iceland,Germany,64.330347,110.07418
2772,1,1,2025-09-16,Iceland,Germany,62.164268,91.94863
2773,1,1,2025-09-16,Iceland,Germany,65.800015,97.424918
2774,1,1,2025-09-16,Iceland,Germany,80.710288,97.583997
2775,1,1,2025-09-16,Iceland,Germany,64.063385,75.529494
2776,1,1,2025-09-16,Iceland,Germany,87.627678,93.04592
2777,1,1,2025-09-16,Iceland,Germany,79.174972,105.74308
2778,1,1,2025-09-16,Iceland,Germany,85.003844,122.94134
2779,1,1,2025-09-16,Iceland,Germany,79.642107,114.49804
2780,1,1,2025-09-16,Iceland,Germany,89.607849,102.55029
2781,1,1,2025-09-16,Iceland,Germany,52.535074,108.16347
2782,1,1,2025-09-16,Iceland,Germany,65.385011,118.37439
2783,1,1,2025-09-16,Iceland,Germany,83.370213,96.266713
2784,1,1,2025-09-16,Iceland,Germany,77.96111,109.26017
2785,1,1,2025-09-16,Iceland,Germany,69.914744,101.5099
2786,1,1,2025-09-16,Iceland,Germany,68.648137,144.72966
2787,1,1,2025-09-16,Iceland,Germany,68.800926,98.851318
2788,1,1,2025-09-16,Iceland,Germany,75.296309,117.58687
2789,1,1,2025-09-16,Iceland,Germany,51.132675,98.999899
2790,1,1,2025-09-16,Iceland,Germany,75.235086,99.28893
2791,1,1,2025-09-16,Iceland,Germany,71.925974,106.96852
2792,1,1,2025-09-16,Iceland,Germany,76.429007,107.68825
2793,1,1,2025-09-16,Iceland,Germany,68.485873,105.45523
2794,1,1,2025-09-16,Iceland,Germany,79.263821,110.17988
2795,1,1,2025-09-16,Iceland,Germany,73.017349,108.24678
2796,1,1,2025-09-16,Iceland,Germany,73.49049,89.641857
2797,1,1,2025-09-16,Iceland,Germany,77.301375,93.393126
2798,1,1,2025-09-16,Iceland,Germany,67.166228,99.928389
2799,1,1,2025-09-16,Iceland,Germany,81.846504,97.188605
2800,1,1,2025-09-16,Iceland,Germany,84.953145,96.392319
2801,1,1,2025-09-16,Iceland,Germany,67.099872,92.356526
2802,1,1,2025-09-16,Iceland,Germany,77.917452,84.708546
2803,1,1,2025-09-16,Iceland,Germany,60.029183,109.68627
2804,1,1,2025-09-16,Iceland,Germany,63.190569000000004,89.917421
2805,1,1,2025-09-16,Iceland,Germany,65.509186,98.706921
2806,1,1,2025-09-16,Iceland,Germany,83.964831,112.13445
2807,1,1,2025-09-16,Iceland,Germany,79.313517,110.12231
2808,1,1,2025-09-16,Iceland,Germany,75.436667,108.78085
2809,1,1,2025-09-16,Iceland,Germany,52.715323,95.248525
2810,1,1,2025-09-16,Iceland,Germany,71.897052,96.154707
2811,1,1,2025-09-16,Iceland,Germany,64.211065,98.952656
2812,1,1,2025-09-16,Iceland,Germany,70.905629,124.16548
2813,1,1,2025-09-16,Iceland,Germany,72.091226,108.97254
2814,1,1,2025-09-16,Iceland,Germany,65.546979,120.89671
2815,1,1,2025-09-16,Iceland,Germany,50.770175,107.52684000000001
2816,1,1,2025-09-16,Iceland,Germany,79.3299,94.632138
2817,1,1,2025-09-16,Iceland,Germany,64.71338,92.485145
2818,1,1,2025-09-16,Iceland,Germany,65.550221,105.92261
2819,1,1,2025-09-16,Iceland,Germany,77.379983,109.10796
2820,1,1,2025-09-16,Iceland,Germany,60.229897,86.490185
2821,1,1,2025-09-16,Iceland,Germany,82.57008,109.56204
2822,1,1,2025-09-16,Iceland,Germany,60.305325,90.405408
2823,1,1,2025-09-16,Iceland,Germany,67.469301,112.49286
2824,1,1,2025-09-16,Iceland,Germany,63.781186,91.92288
2825,1,1,2025-09-16,Iceland,Germany,69.520306,92.336511
2826,1,1,2025-09-16,Iceland,Germany,75.338367,122.13476
2827,1,1,2025-09-16,Iceland,Germany,70.390317,91.047065
2828,1,1,2025-09-16,Iceland,Germany,78.897066,115.80251
2829,1,1,2025-09-16,Iceland,Germany,83.815551,94.587547
2830,1,1,2025-09-16,Iceland,Germany,48.208384,97.731074
2831,1,1,2025-09-16,Iceland,Germany,61.604563,92.946693
2832,1,1,2025-09-16,Iceland,Germany,55.175557,120.68669
2833,1,1,2025-09-16,Iceland,Germany,70.254913,105.29886
2834,1,1,2025-09-16,Iceland,Germany,71.142253,101.16549
2835,1,1,2025-09-16,Iceland,Germany,84.172071,106.83349
2836,1,1,2025-09-16,Iceland,Germany,73.198091,98.917667
2837,1,1,2025-09-16,Iceland,Germany,80.168368,93.64874
2838,1,1,2025-09-16,Iceland,Germany,73.378677,106.23811
2839,1,1,2025-09-16,Iceland,Germany,54.724834,94.730467
2840,1,1,2025-09-16,Iceland,Germany,51.055579,116.4097
2841,1,1,2025-09-16,Iceland,Germany,76.567749,90.831077
2842,1,1,2025-09-16,Iceland,Germany,68.124796,96.703555
2843,1,1,2025-09-16,Iceland,Germany,78.377503,132.17542
2844,1,1,2025-09-16,Iceland,Germany,60.805802,107.93099
2845,1,1,2025-09-16,Iceland,Germany,73.356931,108.26821
2846,1,1,2025-09-16,Iceland,Germany,81.382643,98.065855
2847,1,1,2025-09-16,Iceland,Germany,72.439275,84.773927
2848,1,1,2025-09-16,Iceland,Germany,66.297633,100.27508
2849,1,1,2025-09-16,Iceland,Germany,65.170445,105.78839
2850,1,1,2025-09-16,Iceland,Germany,63.660603,98.50036
2851,1,1,2025-09-16,Iceland,Germany,45.12285,118.39728
2852,1,1,2025-09-16,Iceland,Germany,63.030436,111.69055
2853,1,1,2025-09-16,Iceland,Germany,67.04128,115.33144
2854,1,1,2025-09-16,Iceland,Germany,63.066768,110.73282
2855,1,1,2025-09-16,Iceland,Germany,80.422985,98.186433
2856,1,1,2025-09-16,Iceland,Germany,54.509258,104.52029
2857,1,1,2025-09-16,Iceland,Germany,67.88302,110.60796
2858,1,1,2025-09-16,Iceland,Germany,73.869736,94.766693
2859,1,1,2025-09-16,Iceland,Germany,81.799662,105.86237
2860,1,1,2025-09-16,Iceland,Germany,77.078914,121.33387
2861,1,1,2025-09-16,Iceland,Germany,75.395371,125.52617
2862,1,1,2025-09-16,Iceland,Germany,74.941661,111.50633
2863,1,1,2025-09-16,Iceland,Germany,61.902442,77.953126
2864,1,1,2025-09-16,Iceland,Germany,65.661103,111.6405
2865,1,1,2025-09-16,Iceland,Germany,80.179967,115.12138
2866,1,1,2025-09-16,Iceland,Germany,66.92593,103.80359
2867,1,1,2025-09-16,Iceland,Germany,76.402379,112.38709
2868,1,1,2025-09-16,Iceland,Germany,89.380276,119.17681
2869,1,1,2025-09-16,Iceland,Germany,70.445821,110.92742
2870,1,1,2025-09-16,Iceland,Germany,86.567779,122.21829
2871,1,1,2025-09-16,Iceland,Germany,56.590885,91.432842
2872,1,1,2025-09-16,Iceland,Germany,64.335586,109.33439
2873,1,1,2025-09-16,Iceland,Germany,74.906602,114.81207
2874,1,1,2025-09-16,Iceland,Germany,59.469906,85.19156
2875,1,1,2025-09-16,Iceland,Germany,59.28143,92.772624
2876,1,1,2025-09-16,Iceland,Germany,71.942644,111.35914
2877,1,1,2025-09-16,Iceland,Germany,57.75106,91.572984
2878,1,1,2025-09-16,Iceland,Germany,56.149088,91.546331
2879,1,1,2025-09-16,Iceland,Germany,67.509442,109.1362
2880,1,1,2025-09-16,Iceland,Germany,77.224237,107.85603
2881,1,1,2025-09-16,Iceland,Germany,77.741151,110.07672
2882,1,1,2025-09-16,Iceland,Germany,67.094858,103.38149
2883,1,1,2025-09-16,Iceland,Germany,55.297615,115.5711
2884,1,1,2025-09-16,Iceland,Germany,70.854446,108.33004
2885,1,1,2025-09-16,Iceland,Germany,70.281885,98.577711
2886,1,1,2025-09-16,Iceland,Germany,90.586436,104.94465
2887,1,1,2025-09-16,Iceland,Germany,65.443436,111.99457
2888,1,1,2025-09-16,Iceland,Germany,59.264341,100.47065
2889,1,1,2025-09-16,Iceland,Germany,77.213115,111.23233
2890,1,1,2025-09-16,Iceland,Germany,70.345957,130.91724
2891,1,1,2025-09-16,Iceland,Germany,83.44346,101.72655
2892,1,1,2025-09-16,Iceland,Germany,57.855305,94.949448
2893,1,1,2025-09-16,Iceland,Germany,64.076943,99.373603
2894,1,1,2025-09-16,Iceland,Germany,77.871372,99.511944
2895,1,1,2025-09-16,Iceland,Germany,58.333,90.65513
2896,1,1,2025-09-16,Iceland,Germany,73.38948,95.137454
2897,1,1,2025-09-16,Iceland,Germany,60.218543,96.69497
2898,1,1,2025-09-16,Iceland,Germany,72.989745,103.31172
2899,1,1,2025-09-16,Iceland,Germany,66.459098,119.8653
2900,1,1,2025-09-16,Iceland,Germany,87.093693,109.06924
2901,1,1,2025-09-16,Iceland,Germany,50.000653,101.51222
2902,1,1,2025-09-16,Iceland,Germany,74.098717,99.854919
2903,1,1,2025-09-16,Iceland,Germany,68.990952,104.16194
2904,1,1,2025-09-16,Iceland,Germany,69.55326,102.61848
2905,1,1,2025-09-16,Iceland,Germany,76.795182,112.65582
2906,1,1,2025-09-16,Iceland,Germany,49.992427,107.56501
2907,1,1,2025-09-16,Iceland,Germany,59.353293,91.142387
2908,1,1,2025-09-16,Iceland,Germany,81.442419,114.66501
2909,1,1,2025-09-16,Iceland,Germany,83.811553,97.204804
2910,1,1,2025-09-16,Iceland,Germany,58.507063,102.45172
2911,1,1,2025-09-16,Iceland,Germany,82.82475,107.36975
2912,1,1,2025-09-16,Iceland,Germany,64.409607,109.96437
2913,1,1,2025-09-16,Iceland,Germany,74.464663,103.26033
2914,1,1,2025-09-16,Iceland,Germany,68.358622,96.950312
2915,1,1,2025-09-16,Iceland,Germany,69.340891,112.27748
2916,1,1,2025-09-16,Iceland,Germany,66.972463,86.923426
2917,1,1,2025-09-16,Iceland,Germany,69.568438,103.633
2918,1,1,2025-09-16,Iceland,Germany,65.366898,111.36314
2919,1,1,2025-09-16,Iceland,Germany,77.842259,111.93625
2920,1,1,2025-09-16,Iceland,Germany,72.255876,104.26754
2921,1,1,2025-09-16,Iceland,Germany,48.117296,106.52392
2922,1,1,2025-09-16,Iceland,Germany,52.58041,102.19029
2923,1,1,2025-09-16,Iceland,Germany,66.851856,127.69519
2924,1,1,2025-09-16,Iceland,Germany,73.722165,99.619699
2925,1,1,2025-09-16,Iceland,Germany,84.600705,99.741145
2926,1,1,2025-09-16,Iceland,Germany,65.039069,103.64389
2927,1,1,2025-09-16,Iceland,Germany,84.683214,120.63743
2928,1,1,2025-09-16,Iceland,Germany,89.295172,94.555137
2929,1,1,2025-09-16,Iceland,Germany,60.049074,96.907122
2930,1,1,2025-09-16,Iceland,Germany,64.401285,95.208539
2931,1,1,2025-09-16,Iceland,Germany,60.690879,102.16466
2932,1,1,2025-09-16,Iceland,Germany,82.422387,121.05164
2933,1,1,2025-09-16,Iceland,Germany,69.755931,109.69619
2934,1,1,2025-09-16,Iceland,Germany,72.289759,127.93099
2935,1,1,2025-09-16,Iceland,Germany,72.863522,116.82766
2936,1,1,2025-09-16,Iceland,Germany,74.984384,120.15357
2937,1,1,2025-09-16,Iceland,Germany,75.945911,104.5635
2938,1,1,2025-09-16,Iceland,Germany,79.591001,94.281291
2939,1,1,2025-09-16,Iceland,Germany,51.454815,82.770725
2940,1,1,2025-09-16,Iceland,Germany,79.350725,128.16632
2941,1,1,2025-09-16,Iceland,Germany,67.826113,87.967648
2942,1,1,2025-09-16,Iceland,Germany,49.122468,90.068007
2943,1,1,2025-09-16,Iceland,Germany,70.431257,93.968448
2944,1,1,2025-09-16,Iceland,Germany,72.280514,104.78025
2945,1,1,2025-09-16,Iceland,Germany,76.797985,104.29773
2946,1,1,2025-09-16,Iceland,Germany,58.57357,89.889442
2947,1,1,2025-09-16,Iceland,Germany,65.80457,100.0376
2948,1,1,2025-09-16,Iceland,Germany,57.277492,83.906021
2949,1,1,2025-09-16,Iceland,Germany,48.270373,102.43976
2950,1,1,2025-09-16,Iceland,Germany,71.245386,111.13754
2951,1,1,2025-09-16,Iceland,Germany,74.470589,111.86788
2952,1,1,2025-09-16,Iceland,Germany,76.950902,117.51773
2953,1,1,2025-09-16,Iceland,Germany,67.16095,97.435031
2954,1,1,2025-09-16,Iceland,Germany,73.931843,92.178801000000007
2955,1,1,2025-09-16,Iceland,Germany,60.383535,108.97839
2956,1,1,2025-09-16,Iceland,Germany,62.10362,105.22991
2957,1,1,2025-09-16,Iceland,Germany,74.854297,126.07899
2958,1,1,2025-09-16,Iceland,Germany,70.770319,93.426831
2959,1,1,2025-09-16,Iceland,Germany,80.128706,109.38995
2960,1,1,2025-09-16,Iceland,Germany,77.117394,107.67979
2961,1,1,2025-09-16,Iceland,Germany,60.961459,104.70799
2962,1,1,2025-09-16,Iceland,Germany,58.859,94.655965
2963,1,1,2025-09-16,Iceland,Germany,60.107178,119.249
2964,1,1,2025-09-16,Iceland,Germany,61.015692,99.056667
2965,1,1,2025-09-16,Iceland,Germany,78.88071,109.26764
2966,1,1,2025-09-16,Iceland,Germany,68.093367,103.80622
2967,1,1,2025-09-16,Iceland,Germany,60.017552,103.94605
2968,1,1,2025-09-16,Iceland,Germany,68.678243,99.46256
2969,1,1,2025-09-16,Iceland,Germany,64.679235,111.78726
2970,1,1,2025-09-16,Iceland,Germany,66.812331,105.26045
2971,1,1,2025-09-16,Iceland,Germany,61.769409,98.637932
2972,1,1,2025-09-16,Iceland,Germany,80.377388,97.096188
2973,1,1,2025-09-16,Iceland,Germany,85.824188,105.37022
2974,1,1,2025-09-16,Iceland,Germany,58.371341,86.833025
2975,1,1,2025-09-16,Iceland,Germany,50.791529,90.794675
2976,1,1,2025-09-16,Iceland,Germany,69.50546,88.029986
2977,1,1,2025-09-16,Iceland,Germany,51.830211,78.386557
2978,1,1,2025-09-16,Iceland,Germany,69.543473,90.980425
2979,1,1,2025-09-16,Iceland,Germany,61.860885,98.410715
2980,1,1,2025-09-16,Iceland,Germany,86.887336,119.60824
2981,1,1,2025-09-16,Iceland,Germany,51.347063,97.797257
2982,1,1,2025-09-16,Iceland,Germany,73.715911,77.796197
2983,1,1,2025-09-16,Iceland,Germany,69.795625,104.97864
2984,1,1,2025-09-16,Iceland,Germany,73.461196,121.85828
2985,1,1,2025-09-16,Iceland,Germany,78.418524,114.74724
2986,1,1,2025-09-16,Iceland,Germany,78.788029,83.633786
2987,1,1,2025-09-16,Iceland,Germany,69.842429,104.06076
2988,1,1,2025-09-16,Iceland,Germany,70.442547,106.11782
2989,1,1,2025-09-16,Iceland,Germany,63.246665,108.44273
2990,1,1,2025-09-16,Iceland,Germany,75.436898,107.74369
2991,1,1,2025-09-16,Iceland,Germany,73.466594,97.281332
2992,1,1,2025-09-16,Iceland,Germany,84.723621,97.304903
2993,1,1,2025-09-16,Iceland,Germany,62.889285,101.48047
2994,1,1,2025-09-16,Iceland,Germany,59.634055,103.61582
2995,1,1,2025-09-16,Iceland,Germany,69.755856,105.05088
2996,1,1,2025-09-16,Iceland,Germany,72.788154,108.40893
2997,1,1,2025-09-16,Iceland,Germany,57.142174,94.440264
2998,1,1,2025-09-16,Iceland,Germany,49.99997,107.01394
2999,1,1,2025-09-16,Iceland,Germany,59.459515,127.8759
3000,1,1,2025-09-16,Iceland,Germany,47.371343,121.45008
3001,1,1,2025-09-16,Iceland,Germany,94.571435,139.47977
3002,1,1,2025-09-16,Iceland,Germany,77.353889,99.738323
3003,1,1,2025-09-16,Iceland,Germany,68.338366,115.63537
3004,1,1,2025-09-16,Iceland,Germany,71.379001,117.72257
3005,1,1,2025-09-16,Iceland,Germany,69.124687,105.63299
3006,1,1,2025-09-16,Iceland,Germany,62.617433,99.477706
3007,1,1,2025-09-16,Iceland,Germany,78.851715,114.02076
3008,1,1,2025-09-16,Iceland,Germany,70.949313,95.233894
3009,1,1,2025-09-16,Iceland,Germany,64.908368,103.80112
3010,1,1,2025-09-16,Iceland,Germany,58.934897,93.158426
3011,1,1,2025-09-16,Iceland,Germany,81.137795,90.291157
3012,1,1,2025-09-16,Iceland,Germany,63.752201,93.082599
3013,1,1,2025-09-16,Iceland,Germany,70.378659,112.94021
3014,1,1,2025-09-16,Iceland,Germany,67.42542,125.0906
3015,1,1,2025-09-16,Iceland,Germany,66.435477,105.33909
3016,1,1,2025-09-16,Iceland,Germany,62.303918,96.614939
3017,1,1,2025-09-16,Iceland,Germany,63.523754,96.61572
3018,1,1,2025-09-16,Iceland,Germany,88.521495,102.19955
3019,1,1,2025-09-16,Iceland,Germany,69.868293,102.42831
3020,1,1,2025-09-16,Iceland,Germany,67.331672,99.074637
3021,1,1,2025-09-16,Iceland,Germany,55.392906,99.315836
3022,1,1,2025-09-16,Iceland,Germany,84.799255,118.67715
3023,1,1,2025-09-16,Iceland,Germany,74.891176,117.82835
3024,1,1,2025-09-16,Iceland,Germany,87.060111,112.4859
3025,1,1,2025-09-16,Iceland,Germany,74.801239,96.182571
3026,1,1,2025-09-16,Iceland,Germany,91.736382,124.42272
3027,1,1,2025-09-16,Iceland,Germany,66.719991,117.9441
3028,1,1,2025-09-16,Iceland,Germany,61.283712,109.21903
3029,1,1,2025-09-16,Iceland,Germany,73.560294,123.48297
3030,1,1,2025-09-16,Iceland,Germany,67.131102,91.183589
3031,1,1,2025-09-16,Iceland,Germany,67.094223,98.577163
3032,1,1,2025-09-16,Iceland,Germany,60.775301,107.57276
3033,1,1,2025-09-16,Iceland,Germany,83.378907,82.536434
3034,1,1,2025-09-16,Iceland,Germany,78.379528,83.784455
3035,1,1,2025-09-16,Iceland,Germany,51.990444,113.02549
3036,1,1,2025-09-16,Iceland,Germany,76.072251,105.99557
3037,1,1,2025-09-16,Iceland,Germany,54.219302,95.824918
3038,1,1,2025-09-16,Iceland,Germany,50.220528,79.118718
3039,1,1,2025-09-16,Iceland,Germany,76.277002,104.88315
3040,1,1,2025-09-16,Iceland,Germany,67.384076,110.12938
3041,1,1,2025-09-16,Iceland,Germany,59.184959,105.02524
3042,1,1,2025-09-16,Iceland,Germany,70.158858,120.06722
3043,1,1,2025-09-16,Iceland,Germany,61.688955,106.26974
3044,1,1,2025-09-16,Iceland,Germany,59.975779,94.364137
3045,1,1,2025-09-16,Iceland,Germany,72.271254,109.1342
3046,1,1,2025-09-16,Iceland,Germany,67.970214,113.04409
3047,1,1,2025-09-16,Iceland,Germany,73.195513,109.80407
3048,1,1,2025-09-16,Iceland,Germany,75.161985,119.58766
3049,1,1,2025-09-16,Iceland,Germany,64.763444,113.0971
3050,1,1,2025-09-16,Iceland,Germany,56.79834,102.33938
3051,1,1,2025-09-16,Iceland,Germany,75.678406,102.18001
3052,1,1,2025-09-16,Iceland,Germany,59.312424,103.05393
3053,1,1,2025-09-16,Iceland,Germany,80.579264,97.27773
3054,1,1,2025-09-16,Iceland,Germany,61.797929,103.67342
3055,1,1,2025-09-16,Iceland,Germany,61.783322,91.02091
3056,1,1,2025-09-16,Iceland,Germany,76.411121,121.47445
3057,1,1,2025-09-16,Iceland,Germany,65.655335,97.801635
3058,1,1,2025-09-16,Iceland,Germany,65.238106,65.892812
3059,1,1,2025-09-16,Iceland,Germany,59.229595,91.560404
3060,1,1,2025-09-16,Iceland,Germany,73.671209,112.69223
3061,1,1,2025-09-16,Iceland,Germany,80.854488,115.1276
3062,1,1,2025-09-16,Iceland,Germany,68.177475,113.04502
3063,1,1,2025-09-16,Iceland,Germany,62.00257,110.02642
3064,1,1,2025-09-16,Iceland,Germany,56.546111,86.408019
3065,1,1,2025-09-16,Iceland,Germany,69.51195,109.34088
3066,1,1,2025-09-16,Iceland,Germany,65.93993,87.98892
3067,1,1,2025-09-16,Iceland,Germany,73.057377,96.651634
3068,1,1,2025-09-16,Iceland,Germany,72.300505,98.447544
3069,1,1,2025-09-16,Iceland,Germany,61.741166,114.72767
3070,1,1,2025-09-16,Iceland,Germany,71.361661,94.512373
3071,1,1,2025-09-16,Iceland,Germany,80.661484,109.14921
3072,1,1,2025-09-16,Iceland,Germany,72.034504,114.72312
3073,1,1,2025-09-16,Iceland,Germany,70.7974,92.272057
3074,1,1,2025-09-16,Iceland,Germany,70.324344,111.47473
3075,1,1,2025-09-16,Iceland,Germany,77.76048,104.66577
3076,1,1,2025-09-16,Iceland,Germany,60.244497,125.00812
3077,1,1,2025-09-16,Iceland,Germany,60.333262,94.651211
3078,1,1,2025-09-16,Iceland,Germany,69.481538,119.781
3079,1,1,2025-09-16,Iceland,Germany,67.646814,98.470639
3080,1,1,2025-09-16,Iceland,Germany,77.955472,102.41611
3081,1,1,2025-09-16,Iceland,Germany,66.709681,90.186172
3082,1,1,2025-09-16,Iceland,Germany,78.782228,99.553415
3083,1,1,2025-09-16,Iceland,Germany,71.21138,98.708651
3084,1,1,2025-09-16,Iceland,Germany,73.686666,100.86756
3085,1,1,2025-09-16,Iceland,Germany,55.298483,87.072443
3086,1,1,2025-09-16,Iceland,Germany,57.443361,103.38969
3087,1,1,2025-09-16,Iceland,Germany,62.322205,107.21702
3088,1,1,2025-09-16,Iceland,Germany,61.676845,94.9959
3089,1,1,2025-09-16,Iceland,Germany,66.886167,93.285925
3090,1,1,2025-09-16,Iceland,Germany,62.156452,109.72409
3091,1,1,2025-09-16,Iceland,Germany,69.034423,85.087636
3092,1,1,2025-09-16,Iceland,Germany,53.447268,91.668697
3093,1,1,2025-09-16,Iceland,Germany,61.584157,95.677325
3094,1,1,2025-09-16,Iceland,Germany,51.524779,116.14527
3095,1,1,2025-09-16,Iceland,Germany,74.907751,108.20903
3096,1,1,2025-09-16,Iceland,Germany,73.751803,88.817818
3097,1,1,2025-09-16,Iceland,Germany,59.947434,99.056819
3098,1,1,2025-09-16,Iceland,Germany,80.77125,95.094994
3099,1,1,2025-09-16,Iceland,Germany,55.825867,100.67043
3100,1,1,2025-09-16,Iceland,Germany,73.104542,104.75355
3101,1,1,2025-09-16,Iceland,Germany,77.511135,96.542495
3102,1,1,2025-09-16,Iceland,Germany,80.962889,115.30925
3103,1,1,2025-09-16,Iceland,Germany,49.31819,111.36162
3104,1,1,2025-09-16,Iceland,Germany,78.939399,107.61633
3105,1,1,2025-09-16,Iceland,Germany,66.794472,108.19725
3106,1,1,2025-09-16,Iceland,Germany,74.869262,107.94801
3107,1,1,2025-09-16,Iceland,Germany,72.583958,100.76298
3108,1,1,2025-09-16,Iceland,Germany,84.050643,105.77971
3109,1,1,2025-09-16,Iceland,Germany,57.217959,101.55861
3110,1,1,2025-09-16,Iceland,Germany,77.39986,104.51572
3111,1,1,2025-09-16,Iceland,Germany,63.338332,96.815534
3112,1,1,2025-09-16,Iceland,Germany,81.323496,131.44893
3113,1,1,2025-09-16,Iceland,Germany,70.959345,106.59977
3114,1,1,2025-09-16,Iceland,Germany,63.070497,125.40891
3115,1,1,2025-09-16,Iceland,Germany,77.791941,98.799115
3116,1,1,2025-09-16,Iceland,Germany,54.078731,113.09579
3117,1,1,2025-09-16,Iceland,Germany,71.591245,102.22669
3118,1,1,2025-09-16,Iceland,Germany,69.764036,110.56624
3119,1,1,2025-09-16,Iceland,Germany,74.40775,106.55604
3120,1,1,2025-09-16,Iceland,Germany,68.388981,99.126117
3121,1,1,2025-09-16,Iceland,Germany,76.959653,98.532352
3122,1,1,2025-09-16,Iceland,Germany,61.81841,84.633397
3123,1,1,2025-09-16,Iceland,Germany,72.820675,108.15724
3124,1,1,2025-09-16,Iceland,Germany,53.991846,107.6628
3125,1,1,2025-09-16,Iceland,Germany,65.986332,95.784888
3126,1,1,2025-09-16,Iceland,Germany,81.548807,107.36645
3127,1,1,2025-09-16,Iceland,Germany,54.127052,82.365121
3128,1,1,2025-09-16,Iceland,Germany,65.207694,118.08314
3129,1,1,2025-09-16,Iceland,Germany,67.630895,86.159161
3130,1,1,2025-09-16,Iceland,Germany,56.710845,108.34904
3131,1,1,2025-09-16,Iceland,Germany,77.031846,99.534658
3132,1,1,2025-09-16,Iceland,Germany,68.831354,114.53064
3133,1,1,2025-09-16,Iceland,Germany,71.52079,71.065249
3134,1,1,2025-09-16,Iceland,Germany,73.80992,111.44309
3135,1,1,2025-09-16,Iceland,Germany,89.194013,98.35517
3136,1,1,2025-09-16,Iceland,Germany,82.222483,106.51978
3137,1,1,2025-09-16,Iceland,Germany,72.545688,114.04632
3138,1,1,2025-09-16,Iceland,Germany,82.889387,127.06159
3139,1,1,2025-09-16,Iceland,Germany,75.946054,106.50163
3140,1,1,2025-09-16,Iceland,Germany,58.369859,105.11845
3141,1,1,2025-09-16,Iceland,Germany,62.312337,96.524174
3142,1,1,2025-09-16,Iceland,Germany,67.809161,118.03136
3143,1,1,2025-09-16,Iceland,Germany,71.036652,126.9327
3144,1,1,2025-09-16,Iceland,Germany,76.410504,106.03531
3145,1,1,2025-09-16,Iceland,Germany,79.220041,128.44076
3146,1,1,2025-09-16,Iceland,Germany,62.726891,98.33625
3147,1,1,2025-09-16,Iceland,Germany,55.978137,108.27938
3148,1,1,2025-09-16,Iceland,Germany,70.835102,98.898179
3149,1,1,2025-09-16,Iceland,Germany,65.87101,116.44768
3150,1,1,2025-09-16,Iceland,Germany,60.690599,93.424736
3151,1,1,2025-09-16,Iceland,Germany,64.627564,102.72699
3152,1,1,2025-09-16,Iceland,Germany,77.521174,138.83795
3153,1,1,2025-09-16,Iceland,Germany,61.1199,103.31545
3154,1,1,2025-09-16,Iceland,Germany,79.226348,95.033748
3155,1,1,2025-09-16,Iceland,Germany,75.675798,106.59378
3156,1,1,2025-09-16,Iceland,Germany,67.408891,112.93014
3157,1,1,2025-09-16,Iceland,Germany,65.610326,97.634368
3158,1,1,2025-09-16,Iceland,Germany,68.369482,99.752905
3159,1,1,2025-09-16,Iceland,Germany,73.782228,113.47721
3160,1,1,2025-09-16,Iceland,Germany,70.885162,104.60093
3161,1,1,2025-09-16,Iceland,Germany,56.625373,90.142368
3162,1,1,2025-09-16,Iceland,Germany,82.722034,117.89318
3163,1,1,2025-09-16,Iceland,Germany,92.398538,116.96674
3164,1,1,2025-09-16,Iceland,Germany,67.336372,115.52397
3165,1,1,2025-09-16,Iceland,Germany,85.998959,109.40331
3166,1,1,2025-09-16,Iceland,Germany,72.072427,115.08004
3167,1,1,2025-09-16,Iceland,Germany,62.78629,89.509913
3168,1,1,2025-09-16,Iceland,Germany,64.450486,97.837505
3169,1,1,2025-09-16,Iceland,Germany,52.907065,107.19573
3170,1,1,2025-09-16,Iceland,Germany,56.66807,109.9363
3171,1,1,2025-09-16,Iceland,Germany,79.94158,102.2695
3172,1,1,2025-09-16,Iceland,Germany,58.066048,77.238328
3173,1,1,2025-09-16,Iceland,Germany,61.473572,126.97795
3174,1,1,2025-09-16,Iceland,Germany,81.610068,110.7318
3175,1,1,2025-09-16,Iceland,Germany,66.614982,96.13711
3176,1,1,2025-09-16,Iceland,Germany,74.530152,114.2605
3177,1,1,2025-09-16,Iceland,Germany,76.080214,127.88426
3178,1,1,2025-09-16,Iceland,Germany,64.079817,103.79038
3179,1,1,2025-09-16,Iceland,Germany,70.174356,134.71386
3180,1,1,2025-09-16,Iceland,Germany,64.371905,106.62133
3181,1,1,2025-09-16,Iceland,Germany,65.982834,97.526018
3182,1,1,2025-09-16,Iceland,Germany,78.768552,111.25691
3183,1,1,2025-09-16,Iceland,Germany,74.475891,95.429065
3184,1,1,2025-09-16,Iceland,Germany,75.828827,100.99006
3185,1,1,2025-09-16,Iceland,Germany,85.341891,102.5054
3186,1,1,2025-09-16,Iceland,Germany,64.715229,99.546093
3187,1,1,2025-09-16,Iceland,Germany,65.960263,105.98374
3188,1,1,2025-09-16,Iceland,Germany,81.2912,110.36551
3189,1,1,2025-09-16,Iceland,Germany,58.111576,95.255357
3190,1,1,2025-09-16,Iceland,Germany,64.46675,119.88111
3191,1,1,2025-09-16,Iceland,Germany,62.499841,104.88359
3192,1,1,2025-09-16,Iceland,Germany,56.43625,106.908
3193,1,1,2025-09-16,Iceland,Germany,84.024391,115.08386
3194,1,1,2025-09-16,Iceland,Germany,67.215133,109.88413
3195,1,1,2025-09-16,Iceland,Germany,59.866193,108.81727
3196,1,1,2025-09-16,Iceland,Germany,62.054364,100.63956
3197,1,1,2025-09-16,Iceland,Germany,67.279234,95.534045
3198,1,1,2025-09-16,Iceland,Germany,74.951486,112.76474
3199,1,1,2025-09-16,Iceland,Germany,69.8598,119.23474
3200,1,1,2025-09-16,Iceland,Germany,50.00369,100.01765
3201,1,1,2025-09-16,Iceland,Germany,69.565431,112.15527
3202,1,1,2025-09-16,Iceland,Germany,49.062539,105.13747
3203,1,1,2025-09-16,Iceland,Germany,56.708007,97.152248
3204,1,1,2025-09-16,Iceland,Germany,78.033617,112.04642
3205,1,1,2025-09-16,Iceland,Germany,67.151436,93.998396
3206,1,1,2025-09-16,Iceland,Germany,87.044554,100.5197
3207,1,1,2025-09-16,Iceland,Germany,73.926565,106.79451
3208,1,1,2025-09-16,Iceland,Germany,67.137039,105.97818
3209,1,1,2025-09-16,Iceland,Germany,69.886096,118.19
3210,1,1,2025-09-16,Iceland,Germany,65.911329,124.14114
3211,1,1,2025-09-16,Iceland,Germany,54.496515,100.69212
3212,1,1,2025-09-16,Iceland,Germany,103.12445,108.09171
3213,1,1,2025-09-16,Iceland,Germany,66.307896,96.072903
3214,1,1,2025-09-16,Iceland,Germany,79.088697,101.41522
3215,1,1,2025-09-16,Iceland,Germany,64.618066,99.607099
3216,1,1,2025-09-16,Iceland,Germany,72.499727,102.72013
3217,1,1,2025-09-16,Iceland,Germany,62.428476,99.004179
3218,1,1,2025-09-16,Iceland,Germany,79.451559,107.88134
3219,1,1,2025-09-16,Iceland,Germany,75.762591,107.1188
3220,1,1,2025-09-16,Iceland,Germany,78.46573,116.47166
3221,1,1,2025-09-16,Iceland,Germany,74.309947,95.071628
3222,1,1,2025-09-16,Iceland,Germany,69.142172,103.87339
3223,1,1,2025-09-16,Iceland,Germany,56.782463,105.13005
3224,1,1,2025-09-16,Iceland,Germany,66.981231,119.70987
3225,1,1,2025-09-16,Iceland,Germany,68.061529,95.994628
3226,1,1,2025-09-16,Iceland,Germany,63.833155,84.61732
3227,1,1,2025-09-16,Iceland,Germany,68.265236,119.99011
3228,1,1,2025-09-16,Iceland,Germany,74.253203,101.90581
3229,1,1,2025-09-16,Iceland,Germany,71.157171,125.91571
3230,1,1,2025-09-16,Iceland,Germany,74.690962,104.02472
3231,1,1,2025-09-16,Iceland,Germany,46.331541,107.22405
3232,1,1,2025-09-16,Iceland,Germany,86.22807,91.684723
3233,1,1,2025-09-16,Iceland,Germany,76.399064,113.14874
3234,1,1,2025-09-16,Iceland,Germany,72.19102,124.53721
3235,1,1,2025-09-16,Iceland,Germany,79.137203,99.788314
3236,1,1,2025-09-16,Iceland,Germany,72.077895,98.675921
3237,1,1,2025-09-16,Iceland,Germany,70.696857,91.789577
3238,1,1,2025-09-16,Iceland,Germany,78.081994,117.96162
3239,1,1,2025-09-16,Iceland,Germany,71.716301,115.70109
3240,1,1,2025-09-16,Iceland,Germany,67.148902,110.85861
3241,1,1,2025-09-16,Iceland,Germany,53.765448,108.50398
3242,1,1,2025-09-16,Iceland,Germany,62.286961,106.4476
3243,1,1,2025-09-16,Iceland,Germany,79.705633,129.97504
3244,1,1,2025-09-16,Iceland,Germany,82.860945,132.07073
3245,1,1,2025-09-16,Iceland,Germany,58.593849,106.46771
3246,1,1,2025-09-16,Iceland,Germany,71.341086,109.19296
3247,1,1,2025-09-16,Iceland,Germany,69.546758,109.5651
3248,1,1,2025-09-16,Iceland,Germany,72.057408,89.464767
3249,1,1,2025-09-16,Iceland,Germany,69.911219,104.57808
3250,1,1,2025-09-16,Iceland,Germany,76.181676,98.797549
3251,1,1,2025-09-16,Iceland,Germany,73.591743,128.51757
3252,1,1,2025-09-16,Iceland,Germany,78.316136,134.40058
3253,1,1,2025-09-16,Iceland,Germany,51.42316,110.07518
3254,1,1,2025-09-16,Iceland,Germany,72.119574,111.39555
3255,1,1,2025-09-16,Iceland,Germany,77.166714,119.07863
3256,1,1,2025-09-16,Iceland,Germany,77.767138,112.91226
3257,1,1,2025-09-16,Iceland,Germany,76.144732,119.99367
3258,1,1,2025-09-16,Iceland,Germany,102.73851,110.32491
3259,1,1,2025-09-16,Iceland,Germany,68.333285,110.8633
3260,1,1,2025-09-16,Iceland,Germany,60.996845,111.791
3261,1,1,2025-09-16,Iceland,Germany,68.867442,106.67806
3262,1,1,2025-09-16,Iceland,Germany,82.597529,105.66144
3263,1,1,2025-09-16,Iceland,Germany,78.595955,104.81176
3264,1,1,2025-09-16,Iceland,Germany,88.834395,118.69927
3265,1,1,2025-09-16,Iceland,Germany,51.311929,98.682226
3266,1,1,2025-09-16,Iceland,Germany,85.729284,113.51237
3267,1,1,2025-09-16,Iceland,Germany,90.20102,127.28929
3268,1,1,2025-09-16,Iceland,Germany,68.206063,120.62879
3269,1,1,2025-09-16,Iceland,Germany,84.36254,88.075901
3270,1,1,2025-09-16,Iceland,Germany,69.284052,111.72209
3271,1,1,2025-09-16,Iceland,Germany,66.742109,111.55047
3272,1,1,2025-09-16,Iceland,Germany,69.433327,120.59489
3273,1,1,2025-09-16,Iceland,Germany,53.43554,119.53444
3274,1,1,2025-09-16,Iceland,Germany,64.636912,132.30611
3275,1,1,2025-09-16,Iceland,Germany,84.123526,105.70667
3276,1,1,2025-09-16,Iceland,Germany,59.788382,82.061839
3277,1,1,2025-09-16,Iceland,Germany,72.098104,116.515
3278,1,1,2025-09-16,Iceland,Germany,80.196834,122.62364
3279,1,1,2025-09-16,Iceland,Germany,61.996146,113.2267
3280,1,1,2025-09-16,Iceland,Germany,69.04748,109.97272
3281,1,1,2025-09-16,Iceland,Germany,82.808324,100.8545
3282,1,1,2025-09-16,Iceland,Germany,75.041194,126.19705
3283,1,1,2025-09-16,Iceland,Germany,65.242484,127.76127
3284,1,1,2025-09-16,Iceland,Germany,76.735496,102.62368
3285,1,1,2025-09-16,Iceland,Germany,63.577709,134.208
3286,1,1,2025-09-16,Iceland,Germany,77.827417,119.25398
3287,1,1,2025-09-16,Iceland,Germany,55.873294,92.058455
3288,1,1,2025-09-16,Iceland,Germany,71.428924,121.69483
3289,1,1,2025-09-16,Iceland,Germany,75.234426,105.55943
3290,1,1,2025-09-16,Iceland,Germany,73.526326,104.10611
3291,1,1,2025-09-16,Iceland,Germany,75.493475,130.322
3292,1,1,2025-09-16,Iceland,Germany,71.615191,93.927094
3293,1,1,2025-09-16,Iceland,Germany,68.606559,106.73396
3294,1,1,2025-09-16,Iceland,Germany,77.846066,102.01018
3295,1,1,2025-09-16,Iceland,Germany,71.227034,121.20255
3296,1,1,2025-09-16,Iceland,Germany,60.917684,111.03862
3297,1,1,2025-09-16,Iceland,Germany,77.474543,109.68628
3298,1,1,2025-09-16,Iceland,Germany,76.960389,125.01835
3299,1,1,2025-09-16,Iceland,Germany,54.566436,106.47077
3300,1,1,2025-09-16,Iceland,Germany,75.643699,124.87704
3301,1,1,2025-09-16,Iceland,Germany,83.066744,118.13579
3302,1,1,2025-09-16,Iceland,Germany,90.851962,93.637847
3303,1,1,2025-09-16,Iceland,Germany,71.385314,136.1873
3304,1,1,2025-09-16,Iceland,Germany,67.67627,102.23537
3305,1,1,2025-09-16,Iceland,Germany,63.30802,116.32096
3306,1,1,2025-09-16,Iceland,Germany,69.07143,110.99354
3307,1,1,2025-09-16,Iceland,Germany,67.349428,84.69203
3308,1,1,2025-09-16,Iceland,Germany,62.825898,110.5728
3309,1,1,2025-09-16,Iceland,Germany,73.995972,108.33384
3310,1,1,2025-09-16,Iceland,Germany,70.560419,96.929481
3311,1,1,2025-09-16,Iceland,Germany,66.621272,94.386207
3312,1,1,2025-09-16,Iceland,Germany,53.618404,110.12073
3313,1,1,2025-09-16,Iceland,Germany,28.43272,90.515226
3314,1,1,2025-09-16,Iceland,Germany,48.677418,107.4889
3315,1,1,2025-09-16,Iceland,Germany,62.734374,109.96679
3316,1,1,2025-09-16,Iceland,Germany,68.79599,114.03758
3317,1,1,2025-09-16,Iceland,Germany,77.864422,105.46712
3318,1,1,2025-09-16,Iceland,Germany,57.861101,109.59504
3319,1,1,2025-09-16,Iceland,Germany,91.285082,110.51467
3320,1,1,2025-09-16,Iceland,Germany,64.407082,116.65765
3321,1,1,2025-09-16,Iceland,Germany,67.722174,124.87984
3322,1,1,2025-09-16,Iceland,Germany,69.883654,115.97818
3323,1,1,2025-09-16,Iceland,Germany,71.043117,118.50516
3324,1,1,2025-09-16,Iceland,Germany,71.975326,106.22249
3325,1,1,2025-09-16,Iceland,Germany,62.70905,113.12278
3326,1,1,2025-09-16,Iceland,Germany,83.856565,108.60152
3327,1,1,2025-09-16,Iceland,Germany,53.776734,91.68509
3328,1,1,2025-09-16,Iceland,Germany,71.965826,123.43103
3329,1,1,2025-09-16,Iceland,Germany,63.993302,98.266147
3330,1,1,2025-09-16,Iceland,Germany,90.462952,105.29509
3331,1,1,2025-09-16,Iceland,Germany,62.927446,104.96317
3332,1,1,2025-09-16,Iceland,Germany,52.12262,79.582295
3333,1,1,2025-09-16,Iceland,Germany,59.338531,101.8793
3334,1,1,2025-09-16,Iceland,Germany,65.492523,90.764902
3335,1,1,2025-09-16,Iceland,Germany,71.430087,106.2048
3336,1,1,2025-09-16,Iceland,Germany,73.843383,118.8694
3337,1,1,2025-09-16,Iceland,Germany,75.389713,91.932672
3338,1,1,2025-09-16,Iceland,Germany,64.236196,123.66018
3339,1,1,2025-09-16,Iceland,Germany,77.781894,110.73222
3340,1,1,2025-09-16,Iceland,Germany,73.19787,109.88097
3341,1,1,2025-09-16,Iceland,Germany,63.788321,114.58253
3342,1,1,2025-09-16,Iceland,Germany,89.901687,118.21024
3343,1,1,2025-09-16,Iceland,Germany,79.731433,110.95407
3344,1,1,2025-09-16,Iceland,Germany,67.598578,110.8174
3345,1,1,2025-09-16,Iceland,Germany,60.723564,99.387028
3346,1,1,2025-09-16,Iceland,Germany,67.183493,118.96808
3347,1,1,2025-09-16,Iceland,Germany,62.081358,101.12677
3348,1,1,2025-09-16,Iceland,Germany,30.801514,104.39927
3349,1,1,2025-09-16,Iceland,Germany,66.966515,108.64134
3350,1,1,2025-09-16,Iceland,Germany,61.746569,101.5594
3351,1,1,2025-09-16,Iceland,Germany,66.03191,113.25359
3352,1,1,2025-09-16,Iceland,Germany,74.45608,100.87427
3353,1,1,2025-09-16,Iceland,Germany,66.970026,120.58805
3354,1,1,2025-09-16,Iceland,Germany,67.009806,123.02781
3355,1,1,2025-09-16,Iceland,Germany,65.937181,93.14838
3356,1,1,2025-09-16,Iceland,Germany,67.053964,101.13457
3357,1,1,2025-09-16,Iceland,Germany,84.943067,109.26202
3358,1,1,2025-09-16,Iceland,Germany,89.463324,108.54697
3359,1,1,2025-09-16,Iceland,Germany,72.719462,102.4548
3360,1,1,2025-09-16,Iceland,Germany,65.836055,107.26601
3361,1,1,2025-09-16,Iceland,Germany,66.254226,132.38454
3362,1,1,2025-09-16,Iceland,Germany,81.286918,108.40303
3363,1,1,2025-09-16,Iceland,Germany,77.178847,94.857857
3364,1,1,2025-09-16,Iceland,Germany,78.934459,102.27034
3365,1,1,2025-09-16,Iceland,Germany,69.391882,111.58729
3366,1,1,2025-09-16,Iceland,Germany,68.91204,110.23089
3367,1,1,2025-09-16,Iceland,Germany,41.750968,128.96023
3368,1,1,2025-09-16,Iceland,Germany,72.788847,93.147491
3369,1,1,2025-09-16,Iceland,Germany,66.198743,97.778821
3370,1,1,2025-09-16,Iceland,Germany,52.487939,109.89452
3371,1,1,2025-09-16,Iceland,Germany,58.666042,106.17902
3372,1,1,2025-09-16,Iceland,Germany,78.594272,115.36267
3373,1,1,2025-09-16,Iceland,Germany,37.001667,88.31951
3374,1,1,2025-09-16,Iceland,Germany,85.205701,114.36658
3375,1,1,2025-09-16,Iceland,Germany,85.52497,111.77567
3376,1,1,2025-09-16,Iceland,Germany,69.316046,104.67448
3377,1,1,2025-09-16,Iceland,Germany,64.937629,111.73514
3378,1,1,2025-09-16,Iceland,Germany,73.490849,115.00681
3379,1,1,2025-09-16,Iceland,Germany,75.109625,113.55031
3380,1,1,2025-09-16,Iceland,Germany,59.213841,89.372078
3381,1,1,2025-09-16,Iceland,Germany,62.392394,112.43664
3382,1,1,2025-09-16,Iceland,Germany,84.146785,128.78291
3383,1,1,2025-09-16,Iceland,Germany,77.88194,100.90732
3384,1,1,2025-09-16,Iceland,Germany,53.435275,90.458135
3385,1,1,2025-09-16,Iceland,Germany,67.729025,118.12897
3386,1,1,2025-09-16,Iceland,Germany,72.410987,108.29991
3387,1,1,2025-09-16,Iceland,Germany,72.120736,102.74747
3388,1,1,2025-09-16,Iceland,Germany,75.707987,87.052885
3389,1,1,2025-09-16,Iceland,Germany,59.929531,94.73988
3390,1,1,2025-09-16,Iceland,Germany,63.904347,102.81897
3391,1,1,2025-09-16,Iceland,Germany,57.588572,92.752465
3392,1,1,2025-09-16,Iceland,Germany,55.411175,99.768785
3393,1,1,2025-09-16,Iceland,Germany,74.860422,104.08842
3394,1,1,2025-09-16,Iceland,Germany,56.084639,100.65801
3395,1,1,2025-09-16,Iceland,Germany,68.130618,96.823126
3396,1,1,2025-09-16,Iceland,Germany,88.551596,126.60609
3397,1,1,2025-09-16,Iceland,Germany,65.924474,94.819701
3398,1,1,2025-09-16,Iceland,Germany,79.565273,94.459709
3399,1,1,2025-09-16,Iceland,Germany,43.679038,97.092966
3400,1,1,2025-09-16,Iceland,Germany,70.384469,121.84966
3401,1,1,2025-09-16,Iceland,Germany,80.987215,117.39515
3402,1,1,2025-09-16,Iceland,Germany,79.865874,128.3883
3403,1,1,2025-09-16,Iceland,Germany,66.192308,83.674898
3404,1,1,2025-09-16,Iceland,Germany,61.22771,79.349143
3405,1,1,2025-09-16,Iceland,Germany,78.140099,95.258928
3406,1,1,2025-09-16,Iceland,Germany,61.374954,103.45854
3407,1,1,2025-09-16,Iceland,Germany,61.724261,120.89764
3408,1,1,2025-09-16,Iceland,Germany,79.282115,100.15441
3409,1,1,2025-09-16,Iceland,Germany,78.35182,98.722648
3410,1,1,2025-09-16,Iceland,Germany,79.4247,118.93583
3411,1,1,2025-09-16,Iceland,Germany,71.034011,83.01696
3412,1,1,2025-09-16,Iceland,Germany,70.236158,99.269789
3413,1,1,2025-09-16,Iceland,Germany,62.955944,100.70768
3414,1,1,2025-09-16,Iceland,Germany,48.613856,89.727388
3415,1,1,2025-09-16,Iceland,Germany,64.584843,114.94076
3416,1,1,2025-09-16,Iceland,Germany,78.452581,105.7331
3417,1,1,2025-09-16,Iceland,Germany,60.025187,113.73901
3418,1,1,2025-09-16,Iceland,Germany,81.114689,114.49277
3419,1,1,2025-09-16,Iceland,Germany,74.448863,114.44772
3420,1,1,2025-09-16,Iceland,Germany,76.435201,102.0169
3421,1,1,2025-09-16,Iceland,Germany,76.164255,103.53032
3422,1,1,2025-09-16,Iceland,Germany,66.662204,98.38093
3423,1,1,2025-09-16,Iceland,Germany,71.109772,104.12196
3424,1,1,2025-09-16,Iceland,Germany,64.675009,97.463427
3425,1,1,2025-09-16,Iceland,Germany,60.715396,106.3383
3426,1,1,2025-09-16,Iceland,Germany,61.96251,90.262494
3427,1,1,2025-09-16,Iceland,Germany,65.406867,118.28519
3428,1,1,2025-09-16,Iceland,Germany,55.757196,103.44069
3429,1,1,2025-09-16,Iceland,Germany,81.563728,106.19262
3430,1,1,2025-09-16,Iceland,Germany,71.805131,90.798308
3431,1,1,2025-09-16,Iceland,Germany,76.881152,116.37688
3432,1,1,2025-09-16,Iceland,Germany,53.146278,111.28959
3433,1,1,2025-09-16,Iceland,Germany,73.047257,110.07544
3434,1,1,2025-09-16,Iceland,Germany,88.412263,117.98082
3435,1,1,2025-09-16,Iceland,Germany,57.289943,105.91929
3436,1,1,2025-09-16,Iceland,Germany,71.686198,109.56955
3437,1,1,2025-09-16,Iceland,Germany,60.087872,97.225046
3438,1,1,2025-09-16,Iceland,Germany,84.501202,110.91909
3439,1,1,2025-09-16,Iceland,Germany,69.03851,114.02664
3440,1,1,2025-09-16,Iceland,Germany,84.698743,83.195702
3441,1,1,2025-09-16,Iceland,Germany,69.242723,103.43942
3442,1,1,2025-09-16,Iceland,Germany,80.150798,109.06381
3443,1,1,2025-09-16,Iceland,Germany,47.44531,100.42036
3444,1,1,2025-09-16,Iceland,Germany,55.314399,88.067007
3445,1,1,2025-09-16,Iceland,Germany,85.00093,109.90727
3446,1,1,2025-09-16,Iceland,Germany,50.489185,103.16007
3447,1,1,2025-09-16,Iceland,Germany,69.967171,95.221921
3448,1,1,2025-09-16,Iceland,Germany,70.867232,86.900902
3449,1,1,2025-09-16,Iceland,Germany,65.303451,94.669718
3450,1,1,2025-09-16,Iceland,Germany,66.171608,115.71497
3451,1,1,2025-09-16,Iceland,Germany,65.758525,109.55927
3452,1,1,2025-09-16,Iceland,Germany,81.178037,111.22429
3453,1,1,2025-09-16,Iceland,Germany,66.953114,114.30987
3454,1,1,2025-09-16,Iceland,Germany,81.114087,108.07456
3455,1,1,2025-09-16,Iceland,Germany,43.968603,105.31381
3456,1,1,2025-09-16,Iceland,Germany,64.326545,103.59158
3457,1,1,2025-09-16,Iceland,Germany,73.360882,97.8756
3458,1,1,2025-09-16,Iceland,Germany,59.385585,115.21533
3459,1,1,2025-09-16,Iceland,Germany,62.482565,107.12334
3460,1,1,2025-09-16,Iceland,Germany,70.184604,86.982159
3461,1,1,2025-09-16,Iceland,Germany,86.191846,104.69243
3462,1,1,2025-09-16,Iceland,Germany,65.509287,115.68567
3463,1,1,2025-09-16,Iceland,Germany,66.637422,115.49105
3464,1,1,2025-09-16,Iceland,Germany,75.867302,97.53596
3465,1,1,2025-09-16,Iceland,Germany,74.196659,101.31392
3466,1,1,2025-09-16,Iceland,Germany,106.21112,100.61251
3467,1,1,2025-09-16,Iceland,Germany,62.75864,114.69331
3468,1,1,2025-09-16,Iceland,Germany,86.413878,105.15191
3469,1,1,2025-09-16,Iceland,Germany,52.30855,108.92566
3470,1,1,2025-09-16,Iceland,Germany,61.032381,108.56602
3471,1,1,2025-09-16,Iceland,Germany,72.030378,116.51957
3472,1,1,2025-09-16,Iceland,Germany,66.870109,96.194414
3473,1,1,2025-09-16,Iceland,Germany,65.096112,95.984758
3474,1,1,2025-09-16,Iceland,Germany,51.701399,83.872301
3475,1,1,2025-09-16,Iceland,Germany,73.849815,92.753279
3476,1,1,2025-09-16,Iceland,Germany,64.622186,126.08128
3477,1,1,2025-09-16,Iceland,Germany,64.964767,87.560773
3478,1,1,2025-09-16,Iceland,Germany,83.252485,94.975107
3479,1,1,2025-09-16,Iceland,Germany,66.246466,122.62792
3480,1,1,2025-09-16,Iceland,Germany,68.705283,92.674695
3481,1,1,2025-09-16,Iceland,Germany,69.138425,98.847303
3482,1,1,2025-09-16,Iceland,Germany,75.191132,102.58785
3483,1,1,2025-09-16,Iceland,Germany,62.655326,108.67072
3484,1,1,2025-09-16,Iceland,Germany,66.869463,102.83015
3485,1,1,2025-09-16,Iceland,Germany,51.386875,100.48308
3486,1,1,2025-09-16,Iceland,Germany,59.648297,86.489386
3487,1,1,2025-09-16,Iceland,Germany,79.612072,96.159421
3488,1,1,2025-09-16,Iceland,Germany,67.161192,99.413992
3489,1,1,2025-09-16,Iceland,Germany,85.229194,101.36189
3490,1,1,2025-09-16,Iceland,Germany,77.944219,118.91559
3491,1,1,2025-09-16,Iceland,Germany,61.415269,96.293629
3492,1,1,2025-09-16,Iceland,Germany,66.947751,104.00145
3493,1,1,2025-09-16,Iceland,Germany,78.167682,118.12683
3494,1,1,2025-09-16,Iceland,Germany,65.244914,119.83805
3495,1,1,2025-09-16,Iceland,Germany,65.734031,114.07033
3496,1,1,2025-09-16,Iceland,Germany,78.89382,103.54698
3497,1,1,2025-09-16,Iceland,Germany,78.059824,109.46101
3498,1,1,2025-09-16,Iceland,Germany,63.654556,91.099712
3499,1,1,2025-09-16,Iceland,Germany,50.026396,87.423418
3500,1,1,2025-09-16,Iceland,Germany,68.935952,112.60718
3501,1,1,2025-09-16,Iceland,Germany,71.144293,98.841064
3502,1,1,2025-09-16,Iceland,Germany,88.119035,112.59373
3503,1,1,2025-09-16,Iceland,Germany,71.352306,104.09463
3504,1,1,2025-09-16,Iceland,Germany,64.366145,99.624852
3505,1,1,2025-09-16,Iceland,Germany,70.520225,98.975025
3506,1,1,2025-09-16,Iceland,Germany,83.890361,112.10727
3507,1,1,2025-09-16,Iceland,Germany,64.459485,111.90741
3508,1,1,2025-09-16,Iceland,Germany,58.396645,107.50728
3509,1,1,2025-09-16,Iceland,Germany,74.894946,96.166848
3510,1,1,2025-09-16,Iceland,Germany,68.372807,86.17936
3511,1,1,2025-09-16,Iceland,Germany,78.017668,114.72589
3512,1,1,2025-09-16,Iceland,Germany,68.64792,108.18289
3513,1,1,2025-09-16,Iceland,Germany,69.572057,96.864935
3514,1,1,2025-09-16,Iceland,Germany,59.504937,99.043027
3515,1,1,2025-09-16,Iceland,Germany,67.713979,130.54691
3516,1,1,2025-09-16,Iceland,Germany,84.375725,115.67884
3517,1,1,2025-09-16,Iceland,Germany,71.620589,109.16301
3518,1,1,2025-09-16,Iceland,Germany,58.116121,99.89532
3519,1,1,2025-09-16,Iceland,Germany,67.001169,100.26061
3520,1,1,2025-09-16,Iceland,Germany,82.085302,105.7034
3521,1,1,2025-09-16,Iceland,Germany,69.963839,104.49335
3522,1,1,2025-09-16,Iceland,Germany,69.926225,73.520022
3523,1,1,2025-09-16,Iceland,Germany,76.315017,119.60929
3524,1,1,2025-09-16,Iceland,Germany,68.371746,116.04836
3525,1,1,2025-09-16,Iceland,Germany,78.534832,102.0878
3526,1,1,2025-09-16,Iceland,Germany,52.268595,113.68235
3527,1,1,2025-09-16,Iceland,Germany,68.473926,98.851441
3528,1,1,2025-09-16,Iceland,Germany,69.351871,112.77343
3529,1,1,2025-09-16,Iceland,Germany,74.607554,114.34868
3530,1,1,2025-09-16,Iceland,Germany,78.387944,108.69739
3531,1,1,2025-09-16,Iceland,Germany,79.037431,112.35196
3532,1,1,2025-09-16,Iceland,Germany,72.425619,123.01635
3533,1,1,2025-09-16,Iceland,Germany,61.303698,91.769398
3534,1,1,2025-09-16,Iceland,Germany,68.63868,94.517052
3535,1,1,2025-09-16,Iceland,Germany,74.374926,100.04322
3536,1,1,2025-09-16,Iceland,Germany,79.92481,88.076675
3537,1,1,2025-09-16,Iceland,Germany,99.166198,125.71324
3538,1,1,2025-09-16,Iceland,Germany,74.256362,89.562073
3539,1,1,2025-09-16,Iceland,Germany,65.648124,82.019339
3540,1,1,2025-09-16,Iceland,Germany,73.764601,105.19009
3541,1,1,2025-09-16,Iceland,Germany,74.557853,112.88436
3542,1,1,2025-09-16,Iceland,Germany,72.746198,103.81261
3543,1,1,2025-09-16,Iceland,Germany,64.693995,94.90058
3544,1,1,2025-09-16,Iceland,Germany,96.728642,102.36268
3545,1,1,2025-09-16,Iceland,Germany,82.273692,111.51216
3546,1,1,2025-09-16,Iceland,Germany,68.055581,121.25089
3547,1,1,2025-09-16,Iceland,Germany,54.977432,99.738515
3548,1,1,2025-09-16,Iceland,Germany,70.358955,115.95128
3549,1,1,2025-09-16,Iceland,Germany,58.131474,94.967449
3550,1,1,2025-09-16,Iceland,Germany,59.789044,105.91655
3551,1,1,2025-09-16,Iceland,Germany,63.312673,93.957555
3552,1,1,2025-09-16,Iceland,Germany,66.058599,91.095472
3553,1,1,2025-09-16,Iceland,Germany,64.909384,112.42805
3554,1,1,2025-09-16,Iceland,Germany,79.222742,97.790711
3555,1,1,2025-09-16,Iceland,Germany,56.787368,106.14333
3556,1,1,2025-09-16,Iceland,Germany,76.748593,108.71839
3557,1,1,2025-09-16,Iceland,Germany,83.675536,93.287487
3558,1,1,2025-09-16,Iceland,Germany,63.441567,99.414964
3559,1,1,2025-09-16,Iceland,Germany,62.293454,99.221206
3560,1,1,2025-09-16,Iceland,Germany,87.645652,123.86951
3561,1,1,2025-09-16,Iceland,Germany,70.518663,108.53916
3562,1,1,2025-09-16,Iceland,Germany,62.864537,103.65722
3563,1,1,2025-09-16,Iceland,Germany,89.435155,104.38109
3564,1,1,2025-09-16,Iceland,Germany,78.52388,115.09068
3565,1,1,2025-09-16,Iceland,Germany,62.60111,108.58313
3566,1,1,2025-09-16,Iceland,Germany,66.403647,98.660848
3567,1,1,2025-09-16,Iceland,Germany,62.151216,119.57291
3568,1,1,2025-09-16,Iceland,Germany,56.801206,95.123659
3569,1,1,2025-09-16,Iceland,Germany,61.077167,81.926381
3570,1,1,2025-09-16,Iceland,Germany,67.818941,107.42122
3571,1,1,2025-09-16,Iceland,Germany,56.966064,77.822875
3572,1,1,2025-09-16,Iceland,Germany,85.230899,105.20932
3573,1,1,2025-09-16,Iceland,Germany,59.032235,106.54806
3574,1,1,2025-09-16,Iceland,Germany,69.556136,124.44196
3575,1,1,2025-09-16,Iceland,Germany,82.093526,104.8984
3576,1,1,2025-09-16,Iceland,Germany,81.336921,95.483723
3577,1,1,2025-09-16,Iceland,Germany,76.102548,108.29362
3578,1,1,2025-09-16,Iceland,Germany,60.086606,104.90277
3579,1,1,2025-09-16,Iceland,Germany,75.573318,99.09978
3580,1,1,2025-09-16,Iceland,Germany,73.638411,101.78291
3581,1,1,2025-09-16,Iceland,Germany,72.497499,108.76493
3582,1,1,2025-09-16,Iceland,Germany,85.908675,110.13262
3583,1,1,2025-09-16,Iceland,Germany,75.441505,113.21352
3584,1,1,2025-09-16,Iceland,Germany,76.921276,109.65434
3585,1,1,2025-09-16,Iceland,Germany,48.816136,96.174922
3586,1,1,2025-09-16,Iceland,Germany,56.300123,107.81104
3587,1,1,2025-09-16,Iceland,Germany,62.874807,111.07857
3588,1,1,2025-09-16,Iceland,Germany,78.081406,89.979333
3589,1,1,2025-09-16,Iceland,Germany,66.234584,97.221854
3590,1,1,2025-09-16,Iceland,Germany,60.610026,101.64029
3591,1,1,2025-09-16,Iceland,Germany,77.142779,123.00293
3592,1,1,2025-09-16,Iceland,Germany,65.171532,100.87926
3593,1,1,2025-09-16,Iceland,Germany,72.438448,100.42641
3594,1,1,2025-09-16,Iceland,Germany,73.774541,114.50923
3595,1,1,2025-09-16,Iceland,Germany,50.061915,97.558596
3596,1,1,2025-09-16,Iceland,Germany,70.129854,114.43562
3597,1,1,2025-09-16,Iceland,Germany,66.096786,103.66743
3598,1,1,2025-09-16,Iceland,Germany,69.256088,111.91221
3599,1,1,2025-09-16,Iceland,Germany,73.138712,103.17369
3600,1,1,2025-09-16,Iceland,Germany,67.491661,113.90174
3601,1,1,2025-09-16,Iceland,Germany,63.70514,93.58257
3602,1,1,2025-09-16,Iceland,Germany,64.963078,81.864118
3603,1,1,2025-09-16,Iceland,Germany,70.043781,115.23975
3604,1,1,2025-09-16,Iceland,Germany,77.961895,107.00523
3605,1,1,2025-09-16,Iceland,Germany,64.655162,106.8585
3606,1,1,2025-09-16,Iceland,Germany,64.884309,118.82969
3607,1,1,2025-09-16,Iceland,Germany,68.813274,85.018184
3608,1,1,2025-09-16,Iceland,Germany,92.491744,112.28872
3609,1,1,2025-09-16,Iceland,Germany,69.324758,103.6115
3610,1,1,2025-09-16,Iceland,Germany,75.799419,104.14519
3611,1,1,2025-09-16,Iceland,Germany,74.26227,106.47978
3612,1,1,2025-09-16,Iceland,Germany,77.01627,98.608223
3613,1,1,2025-09-16,Iceland,Germany,83.077512,116.12225
3614,1,1,2025-09-16,Iceland,Germany,65.150182,106.47037
3615,1,1,2025-09-16,Iceland,Germany,67.059852,117.55336
3616,1,1,2025-09-16,Iceland,Germany,64.513036,94.02367
3617,1,1,2025-09-16,Iceland,Germany,62.448908,110.8175
3618,1,1,2025-09-16,Iceland,Germany,90.033514,121.57454
3619,1,1,2025-09-16,Iceland,Germany,66.321416,117.45053
3620,1,1,2025-09-16,Iceland,Germany,69.17937,97.967378
3621,1,1,2025-09-16,Iceland,Germany,78.023963,99.356225
3622,1,1,2025-09-16,Iceland,Germany,60.331686,102.90169
3623,1,1,2025-09-16,Iceland,Germany,62.62642,101.13553
3624,1,1,2025-09-16,Iceland,Germany,56.81038,126.85955
3625,1,1,2025-09-16,Iceland,Germany,71.560978,112.35752
3626,1,1,2025-09-16,Iceland,Germany,55.250827,90.325126
3627,1,1,2025-09-16,Iceland,Germany,70.36028,105.89504
3628,1,1,2025-09-16,Iceland,Germany,67.842832,115.35021
3629,1,1,2025-09-16,Iceland,Germany,78.843417,120.94175
3630,1,1,2025-09-16,Iceland,Germany,75.555855,83.365908
3631,1,1,2025-09-16,Iceland,Germany,74.076801,99.988749
3632,1,1,2025-09-16,Iceland,Germany,77.570019,106.04679
3633,1,1,2025-09-16,Iceland,Germany,61.782065,99.958651
3634,1,1,2025-09-16,Iceland,Germany,64.02292,105.8373
3635,1,1,2025-09-16,Iceland,Germany,76.273057,109.11449
3636,1,1,2025-09-16,Iceland,Germany,64.344166,87.952678
3637,1,1,2025-09-16,Iceland,Germany,79.10859,118.83653
3638,1,1,2025-09-16,Iceland,Germany,65.743393,78.621677
3639,1,1,2025-09-16,Iceland,Germany,73.011911,105.66998
3640,1,1,2025-09-16,Iceland,Germany,70.631192,107.65397
3641,1,1,2025-09-16,Iceland,Germany,56.718139,104.83994
3642,1,1,2025-09-16,Iceland,Germany,62.541549,104.74239
3643,1,1,2025-09-16,Iceland,Germany,72.462451,103.7838
3644,1,1,2025-09-16,Iceland,Germany,74.040991,105.17968
3645,1,1,2025-09-16,Iceland,Germany,80.311274,119.52518
3646,1,1,2025-09-16,Iceland,Germany,53.804505,116.39121
3647,1,1,2025-09-16,Iceland,Germany,61.037799,115.50263
3648,1,1,2025-09-16,Iceland,Germany,54.566867,90.153511
3649,1,1,2025-09-16,Iceland,Germany,69.777863,98.695556
3650,1,1,2025-09-16,Iceland,Germany,72.494704,75.806485
3651,1,1,2025-09-16,Iceland,Germany,66.765808,108.62551
3652,1,1,2025-09-16,Iceland,Germany,80.895702,101.45552
3653,1,1,2025-09-16,Iceland,Germany,66.236546,108.36613
3654,1,1,2025-09-16,Iceland,Germany,68.918618,82.536925
3655,1,1,2025-09-16,Iceland,Germany,70.507959,115.03524
3656,1,1,2025-09-16,Iceland,Germany,68.493865,100.83724
3657,1,1,2025-09-16,Iceland,Germany,72.480873,109.99318
3658,1,1,2025-09-16,Iceland,Germany,80.230722,109.38919
3659,1,1,2025-09-16,Iceland,Germany,59.073621,100.31811
3660,1,1,2025-09-16,Iceland,Germany,73.724497,128.043
3661,1,1,2025-09-16,Iceland,Germany,78.104055,105.99148
3662,1,1,2025-09-16,Iceland,Germany,62.851052,113.3449
3663,1,1,2025-09-16,Iceland,Germany,64.187857,112.87165
3664,1,1,2025-09-16,Iceland,Germany,64.975613,118.48632
3665,1,1,2025-09-16,Iceland,Germany,47.966208,95.597926
3666,1,1,2025-09-16,Iceland,Germany,52.048908,118.34334
3667,1,1,2025-09-16,Iceland,Germany,49.3206,112.75133
3668,1,1,2025-09-16,Iceland,Germany,64.836695,84.481387
3669,1,1,2025-09-16,Iceland,Germany,64.067594,86.218459
3670,1,1,2025-09-16,Iceland,Germany,51.292971,111.3939
3671,1,1,2025-09-16,Iceland,Germany,82.22082,91.123538
3672,1,1,2025-09-16,Iceland,Germany,73.874664,97.916398
3673,1,1,2025-09-16,Iceland,Germany,75.079119,99.779214
3674,1,1,2025-09-16,Iceland,Germany,80.556983,113.13916
3675,1,1,2025-09-16,Iceland,Germany,57.287411,101.17267
3676,1,1,2025-09-16,Iceland,Germany,68.354322,95.983873
3677,1,1,2025-09-16,Iceland,Germany,69.331626,100.21974
3678,1,1,2025-09-16,Iceland,Germany,75.446201,122.33649
3679,1,1,2025-09-16,Iceland,Germany,84.966895,114.85915
3680,1,1,2025-09-16,Iceland,Germany,75.765963,106.27242
3681,1,1,2025-09-16,Iceland,Germany,56.676954,115.70419
3682,1,1,2025-09-16,Iceland,Germany,65.40428,98.935015
3683,1,1,2025-09-16,Iceland,Germany,68.173446,94.819905
3684,1,1,2025-09-16,Iceland,Germany,75.790603,106.83252
3685,1,1,2025-09-16,Iceland,Germany,72.014171,93.684122
3686,1,1,2025-09-16,Iceland,Germany,80.39011,106.29321
3687,1,1,2025-09-16,Iceland,Germany,64.754815,76.672271
3688,1,1,2025-09-16,Iceland,Germany,68.151186,112.253
3689,1,1,2025-09-16,Iceland,Germany,56.579749,88.213624
3690,1,1,2025-09-16,Iceland,Germany,66.045545,107.73624
3691,1,1,2025-09-16,Iceland,Germany,83.421902,113.45006
3692,1,1,2025-09-16,Iceland,Germany,82.883755,114.17626
3693,1,1,2025-09-16,Iceland,Germany,65.241201,109.19619
3694,1,1,2025-09-16,Iceland,Germany,53.818159,99.061505
3695,1,1,2025-09-16,Iceland,Germany,73.814001,128.81393
3696,1,1,2025-09-16,Iceland,Germany,65.458014,111.57628
3697,1,1,2025-09-16,Iceland,Germany,60.702995,113.4694
3698,1,1,2025-09-16,Iceland,Germany,72.13038,100.32283
3699,1,1,2025-09-16,Iceland,Germany,72.347604,104.94721
3700,1,1,2025-09-16,Iceland,Germany,60.633923,92.595073
3701,1,1,2025-09-16,Iceland,Germany,77.703873,101.34774
3702,1,1,2025-09-16,Iceland,Germany,70.066641,85.704118
3703,1,1,2025-09-16,Iceland,Germany,61.961776,95.747053
3704,1,1,2025-09-16,Iceland,Germany,49.769198,116.40716
3705,1,1,2025-09-16,Iceland,Germany,66.189323,115.78468
3706,1,1,2025-09-16,Iceland,Germany,95.948131,114.14816
3707,1,1,2025-09-16,Iceland,Germany,70.615693,112.40884
3708,1,1,2025-09-16,Iceland,Germany,73.146856,123.62395
3709,1,1,2025-09-16,Iceland,Germany,72.012995,103.04848
3710,1,1,2025-09-16,Iceland,Germany,66.999824,107.15113
3711,1,1,2025-09-16,Iceland,Germany,73.829182,96.503604
3712,1,1,2025-09-16,Iceland,Germany,74.787642,101.31965
3713,1,1,2025-09-16,Iceland,Germany,73.041556,86.5781
3714,1,1,2025-09-16,Iceland,Germany,94.749305,101.93038
3715,1,1,2025-09-16,Iceland,Germany,88.520602,110.10354
3716,1,1,2025-09-16,Iceland,Germany,67.948171,107.02512
3717,1,1,2025-09-16,Iceland,Germany,72.375929,108.35569
3718,1,1,2025-09-16,Iceland,Germany,69.482679,102.84712
3719,1,1,2025-09-16,Iceland,Germany,72.3861,114.17889
3720,1,1,2025-09-16,Iceland,Germany,68.498962,105.52684000000001
3721,1,1,2025-09-16,Iceland,Germany,58.75787,91.628452
3722,1,1,2025-09-16,Iceland,Germany,45.04939,96.719967
3723,1,1,2025-09-16,Iceland,Germany,69.311028,98.480148
3724,1,1,2025-09-16,Iceland,Germany,58.759263,107.32322
3725,1,1,2025-09-16,Iceland,Germany,55.207174,111.78139
3726,1,1,2025-09-16,Iceland,Germany,69.182448,108.92468
3727,1,1,2025-09-16,Iceland,Germany,69.163839,112.33369
3728,1,1,2025-09-16,Iceland,Germany,71.76399,91.950161
3729,1,1,2025-09-16,Iceland,Germany,72.712891,105.48599
3730,1,1,2025-09-16,Iceland,Germany,73.215474,93.705933
3731,1,1,2025-09-16,Iceland,Germany,89.562817,106.1823
3732,1,1,2025-09-16,Iceland,Germany,76.889421,117.44319
3733,1,1,2025-09-16,Iceland,Germany,65.282333,98.870221
3734,1,1,2025-09-16,Iceland,Germany,76.08954,108.96027
3735,1,1,2025-09-16,Iceland,Germany,65.172916,88.643806
3736,1,1,2025-09-16,Iceland,Germany,82.634451,119.35667
3737,1,1,2025-09-16,Iceland,Germany,51.383335,92.917056
3738,1,1,2025-09-16,Iceland,Germany,45.458048,106.76574
3739,1,1,2025-09-16,Iceland,Germany,72.162407,108.91804
3740,1,1,2025-09-16,Iceland,Germany,60.828548,94.525677
3741,1,1,2025-09-16,Iceland,Germany,70.373372,115.71537
3742,1,1,2025-09-16,Iceland,Germany,81.569852,107.62137
3743,1,1,2025-09-16,Iceland,Germany,68.112344,106.12319
3744,1,1,2025-09-16,Iceland,Germany,79.726963,106.49262
3745,1,1,2025-09-16,Iceland,Germany,56.759522,96.292336
3746,1,1,2025-09-16,Iceland,Germany,57.557769,105.71021
3747,1,1,2025-09-16,Iceland,Germany,64.373777,116.75285
3748,1,1,2025-09-16,Iceland,Germany,72.403985,110.29573
3749,1,1,2025-09-16,Iceland,Germany,74.71637,75.795275
3750,1,1,2025-09-16,Iceland,Germany,74.503288,93.078735
3751,1,1,2025-09-16,Iceland,Germany,76.948306,110.73679
3752,1,1,2025-09-16,Iceland,Germany,55.51083,84.709942
3753,1,1,2025-09-16,Iceland,Germany,73.197186,108.61606
3754,1,1,2025-09-16,Iceland,Germany,78.56831,102.68867
3755,1,1,2025-09-16,Iceland,Germany,69.181275,101.84903
3756,1,1,2025-09-16,Iceland,Germany,66.914689,121.42587
3757,1,1,2025-09-16,Iceland,Germany,74.458027,102.12011
3758,1,1,2025-09-16,Iceland,Germany,76.927128,95.285625
3759,1,1,2025-09-16,Iceland,Germany,70.894496,108.52699
3760,1,1,2025-09-16,Iceland,Germany,87.762946,88.432518
3761,1,1,2025-09-16,Iceland,Germany,56.782643,102.14855
3762,1,1,2025-09-16,Iceland,Germany,58.948641,103.90662
3763,1,1,2025-09-16,Iceland,Germany,57.986559,107.28699
3764,1,1,2025-09-16,Iceland,Germany,75.33572,89.974936
3765,1,1,2025-09-16,Iceland,Germany,62.520432,110.19801
3766,1,1,2025-09-16,Iceland,Germany,66.514254,117.1228
3767,1,1,2025-09-16,Iceland,Germany,74.86769,101.79897
3768,1,1,2025-09-16,Iceland,Germany,70.404455,96.869009
3769,1,1,2025-09-16,Iceland,Germany,70.748591,91.946582
3770,1,1,2025-09-16,Iceland,Germany,88.27725,99.308403
3771,1,1,2025-09-16,Iceland,Germany,84.605754,120.60842
3772,1,1,2025-09-16,Iceland,Germany,64.765333,89.450658
3773,1,1,2025-09-16,Iceland,Germany,72.400383,103.82033
3774,1,1,2025-09-16,Iceland,Germany,58.177491,99.942405
3775,1,1,2025-09-16,Iceland,Germany,65.265863,92.673408
3776,1,1,2025-09-16,Iceland,Germany,58.520279,111.53379
3777,1,1,2025-09-16,Iceland,Germany,73.367437,106.79882
3778,1,1,2025-09-16,Iceland,Germany,58.289689,114.14316
3779,1,1,2025-09-16,Iceland,Germany,83.443125,80.589681
3780,1,1,2025-09-16,Iceland,Germany,67.82472,112.83863
3781,1,1,2025-09-16,Iceland,Germany,50.435212,94.211347
3782,1,1,2025-09-16,Iceland,Germany,74.729702,104.97345
3783,1,1,2025-09-16,Iceland,Germany,81.154595,91.212802
3784,1,1,2025-09-16,Iceland,Germany,68.276667,90.82981
3785,1,1,2025-09-16,Iceland,Germany,57.862207,95.666775
3786,1,1,2025-09-16,Iceland,Germany,70.447156,133.88661
3787,1,1,2025-09-16,Iceland,Germany,66.434497,104.99331
3788,1,1,2025-09-16,Iceland,Germany,72.773144,114.23785
3789,1,1,2025-09-16,Iceland,Germany,64.033668,100.44178
3790,1,1,2025-09-16,Iceland,Germany,63.38098,108.78185
3791,1,1,2025-09-16,Iceland,Germany,70.07886,106.39155
3792,1,1,2025-09-16,Iceland,Germany,82.373594,104.84489
3793,1,1,2025-09-16,Iceland,Germany,49.86334,106.60838
3794,1,1,2025-09-16,Iceland,Germany,76.114387,100.84103
3795,1,1,2025-09-16,Iceland,Germany,68.571088,107.61826
3796,1,1,2025-09-16,Iceland,Germany,66.726554,106.79575
3797,1,1,2025-09-16,Iceland,Germany,68.401371,106.05314
3798,1,1,2025-09-16,Iceland,Germany,50.226405,99.297352
3799,1,1,2025-09-16,Iceland,Germany,75.264699,117.78706
3800,1,1,2025-09-16,Iceland,Germany,55.991623,79.741908
3801,1,1,2025-09-16,Iceland,Germany,65.49188,87.657337
3802,1,1,2025-09-16,Iceland,Germany,64.642753,102.60825
3803,1,1,2025-09-16,Iceland,Germany,61.263362,88.785863
3804,1,1,2025-09-16,Iceland,Germany,89.746189,101.07224
3805,1,1,2025-09-16,Iceland,Germany,65.042761,110.70524
3806,1,1,2025-09-16,Iceland,Germany,45.403966,112.2619
3807,1,1,2025-09-16,Iceland,Germany,84.55724,100.31874
3808,1,1,2025-09-16,Iceland,Germany,82.588521,99.373459
3809,1,1,2025-09-16,Iceland,Germany,84.201654,105.34496
3810,1,1,2025-09-16,Iceland,Germany,76.077849,105.44561
3811,1,1,2025-09-16,Iceland,Germany,71.234024,111.26255
3812,1,1,2025-09-16,Iceland,Germany,89.68372,94.574358
3813,1,1,2025-09-16,Iceland,Germany,84.534516,98.374884
3814,1,1,2025-09-16,Iceland,Germany,60.830604,93.819423
3815,1,1,2025-09-16,Iceland,Germany,59.152057,110.44505
3816,1,1,2025-09-16,Iceland,Germany,69.624232,92.028493
3817,1,1,2025-09-16,Iceland,Germany,79.676202,109.5819
3818,1,1,2025-09-16,Iceland,Germany,80.754924,121.07434
3819,1,1,2025-09-16,Iceland,Germany,70.671403,119.49293
3820,1,1,2025-09-16,Iceland,Germany,66.819318,113.63272
3821,1,1,2025-09-16,Iceland,Germany,56.049569,102.21417
3822,1,1,2025-09-16,Iceland,Germany,63.699199,109.01438
3823,1,1,2025-09-16,Iceland,Germany,69.597341,102.6794
3824,1,1,2025-09-16,Iceland,Germany,53.755105,86.100035
3825,1,1,2025-09-16,Iceland,Germany,58.221574,110.61555
3826,1,1,2025-09-16,Iceland,Germany,50.891681,106.81764
3827,1,1,2025-09-16,Iceland,Germany,66.103731,98.156029
3828,1,1,2025-09-16,Iceland,Germany,59.284879,113.48565
3829,1,1,2025-09-16,Iceland,Germany,78.548828,100.10073
3830,1,1,2025-09-16,Iceland,Germany,59.725794,93.300313
3831,1,1,2025-09-16,Iceland,Germany,61.543458,109.82981
3832,1,1,2025-09-16,Iceland,Germany,74.541598,90.958593
3833,1,1,2025-09-16,Iceland,Germany,81.498665,98.048114
3834,1,1,2025-09-16,Iceland,Germany,71.11234,119.31169
3835,1,1,2025-09-16,Iceland,Germany,63.880181,95.832687
3836,1,1,2025-09-16,Iceland,Germany,73.439085,90.250724
3837,1,1,2025-09-16,Iceland,Germany,57.564279,100.34636
3838,1,1,2025-09-16,Iceland,Germany,58.334377,114.52562
3839,1,1,2025-09-16,Iceland,Germany,77.332939,111.47389
3840,1,1,2025-09-16,Iceland,Germany,80.846876,101.85943
3841,1,1,2025-09-16,Iceland,Germany,60.658774,97.922434
3842,1,1,2025-09-16,Iceland,Germany,59.302036,126.23068
3843,1,1,2025-09-16,Iceland,Germany,46.19099,67.739865
3844,1,1,2025-09-16,Iceland,Germany,69.40909,96.807354
3845,1,1,2025-09-16,Iceland,Germany,73.476942,107.65147
3846,1,1,2025-09-16,Iceland,Germany,94.730137,103.80336
3847,1,1,2025-09-16,Iceland,Germany,69.650493,97.79496
3848,1,1,2025-09-16,Iceland,Germany,76.145254,102.71982
3849,1,1,2025-09-16,Iceland,Germany,60.238184,102.98554
3850,1,1,2025-09-16,Iceland,Germany,67.625543,95.327737
3851,1,1,2025-09-16,Iceland,Germany,74.91944,122.84164
3852,1,1,2025-09-16,Iceland,Germany,73.399386,101.07726
3853,1,1,2025-09-16,Iceland,Germany,74.769871,88.681674
3854,1,1,2025-09-16,Iceland,Germany,85.166055,106.45734
3855,1,1,2025-09-16,Iceland,Germany,70.170438,108.82749
3856,1,1,2025-09-16,Iceland,Germany,60.335449,97.411511
3857,1,1,2025-09-16,Iceland,Germany,65.437361,104.35049
3858,1,1,2025-09-16,Iceland,Germany,57.310815,112.54163
3859,1,1,2025-09-16,Iceland,Germany,58.090907,75.088427
3860,1,1,2025-09-16,Iceland,Germany,85.952441,96.606989
3861,1,1,2025-09-16,Iceland,Germany,72.943865,107.5215
3862,1,1,2025-09-16,Iceland,Germany,59.599144,105.40419
3863,1,1,2025-09-16,Iceland,Germany,77.211235,111.9671
3864,1,1,2025-09-16,Iceland,Germany,58.352385,81.3318
3865,1,1,2025-09-16,Iceland,Germany,66.862599,108.92942
3866,1,1,2025-09-16,Iceland,Germany,79.499991,114.14413
3867,1,1,2025-09-16,Iceland,Germany,89.177062,109.22416
3868,1,1,2025-09-16,Iceland,Germany,54.793309,109.31671
3869,1,1,2025-09-16,Iceland,Germany,71.756309,98.807216
3870,1,1,2025-09-16,Iceland,Germany,69.763715,103.52637
3871,1,1,2025-09-16,Iceland,Germany,72.172578,100.89326
3872,1,1,2025-09-16,Iceland,Germany,66.182014,106.13661
3873,1,1,2025-09-16,Iceland,Germany,48.906721,114.19228
3874,1,1,2025-09-16,Iceland,Germany,60.22209,100.74846
3875,1,1,2025-09-16,Iceland,Germany,57.561754,92.589696
3876,1,1,2025-09-16,Iceland,Germany,75.188891,99.706831
3877,1,1,2025-09-16,Iceland,Germany,68.250613,102.50378
3878,1,1,2025-09-16,Iceland,Germany,89.831099,104.1868
3879,1,1,2025-09-16,Iceland,Germany,71.814991,115.01126
3880,1,1,2025-09-16,Iceland,Germany,68.368346,100.20367
3881,1,1,2025-09-16,Iceland,Germany,57.184645,109.73123
3882,1,1,2025-09-16,Iceland,Germany,62.010938,95.120067
3883,1,1,2025-09-16,Iceland,Germany,80.297738,103.70849
3884,1,1,2025-09-16,Iceland,Germany,55.8496,85.497625
3885,1,1,2025-09-16,Iceland,Germany,79.699562,116.44372
3886,1,1,2025-09-16,Iceland,Germany,68.774955,92.92674
3887,1,1,2025-09-16,Iceland,Germany,57.175158,118.75643
3888,1,1,2025-09-16,Iceland,Germany,73.519146,113.05517999999999
3889,1,1,2025-09-16,Iceland,Germany,58.244609,105.25605
3890,1,1,2025-09-16,Iceland,Germany,68.125771,97.708892
3891,1,1,2025-09-16,Iceland,Germany,70.01397,104.44382
3892,1,1,2025-09-16,Iceland,Germany,72.009517,99.345892
3893,1,1,2025-09-16,Iceland,Germany,66.520869,87.287429
3894,1,1,2025-09-16,Iceland,Germany,68.483325,118.0941
3895,1,1,2025-09-16,Iceland,Germany,46.302561,103.42613
3896,1,1,2025-09-16,Iceland,Germany,80.418816,114.39097
3897,1,1,2025-09-16,Iceland,Germany,77.64434,94.040246
3898,1,1,2025-09-16,Iceland,Germany,55.662595,99.606624
3899,1,1,2025-09-16,Iceland,Germany,73.655001,103.1668
3900,1,1,2025-09-16,Iceland,Germany,66.818545,118.72334
3901,1,1,2025-09-16,Iceland,Germany,72.548936,114.43201
3902,1,1,2025-09-16,Iceland,Germany,72.168784,128.50496
3903,1,1,2025-09-16,Iceland,Germany,67.851334,99.248091
3904,1,1,2025-09-16,Iceland,Germany,61.313929,108.96364
3905,1,1,2025-09-16,Iceland,Germany,67.894094,107.43404
3906,1,1,2025-09-16,Iceland,Germany,88.517851,111.72133
3907,1,1,2025-09-16,Iceland,Germany,80.000719,115.94522
3908,1,1,2025-09-16,Iceland,Germany,64.303655,85.862244
3909,1,1,2025-09-16,Iceland,Germany,52.060258,85.960761
3910,1,1,2025-09-16,Iceland,Germany,69.768796,109.14025
3911,1,1,2025-09-16,Iceland,Germany,76.675195,120.91341
3912,1,1,2025-09-16,Iceland,Germany,71.794229,96.788342
3913,1,1,2025-09-16,Iceland,Germany,79.684818,92.486794
3914,1,1,2025-09-16,Iceland,Germany,62.486997,89.341494
3915,1,1,2025-09-16,Iceland,Germany,63.780973,99.090622
3916,1,1,2025-09-16,Iceland,Germany,70.176971,115.01702
3917,1,1,2025-09-16,Iceland,Germany,65.93451,128.8713
3918,1,1,2025-09-16,Iceland,Germany,78.040499,100.07204
3919,1,1,2025-09-16,Iceland,Germany,63.226661,109.93697
3920,1,1,2025-09-16,Iceland,Germany,64.86535,114.27431
3921,1,1,2025-09-16,Iceland,Germany,61.422156,95.147885
3922,1,1,2025-09-16,Iceland,Germany,65.140007,104.08237
3923,1,1,2025-09-16,Iceland,Germany,69.280862,86.715502
3924,1,1,2025-09-16,Iceland,Germany,72.66027,93.735052
3925,1,1,2025-09-16,Iceland,Germany,79.595219,112.45851
3926,1,1,2025-09-16,Iceland,Germany,87.010543,105.11165
3927,1,1,2025-09-16,Iceland,Germany,78.663107,95.183352
3928,1,1,2025-09-16,Iceland,Germany,68.564528,112.61441
3929,1,1,2025-09-16,Iceland,Germany,84.173766,99.748635
3930,1,1,2025-09-16,Iceland,Germany,57.503428,106.93414
3931,1,1,2025-09-16,Iceland,Germany,73.784886,97.802221
3932,1,1,2025-09-16,Iceland,Germany,54.952424,102.23468
3933,1,1,2025-09-16,Iceland,Germany,66.752715,104.67669
3934,1,1,2025-09-16,Iceland,Germany,64.316421,107.1252
3935,1,1,2025-09-16,Iceland,Germany,65.272845,97.42115
3936,1,1,2025-09-16,Iceland,Germany,66.112625,91.377256
3937,1,1,2025-09-16,Iceland,Germany,63.120756,94.779443
3938,1,1,2025-09-16,Iceland,Germany,51.313211,113.40688
3939,1,1,2025-09-16,Iceland,Germany,79.266867,121.38487
3940,1,1,2025-09-16,Iceland,Germany,64.190163,106.60697
3941,1,1,2025-09-16,Iceland,Germany,73.505413,103.20507
3942,1,1,2025-09-16,Iceland,Germany,69.177156,99.548079
3943,1,1,2025-09-16,Iceland,Germany,78.706114,102.56415
3944,1,1,2025-09-16,Iceland,Germany,65.463187,77.378045
3945,1,1,2025-09-16,Iceland,Germany,73.043871,103.53357
3946,1,1,2025-09-16,Iceland,Germany,52.142873,106.50682
3947,1,1,2025-09-16,Iceland,Germany,69.934381,113.08919
3948,1,1,2025-09-16,Iceland,Germany,75.45265,101.60723
3949,1,1,2025-09-16,Iceland,Germany,71.480268,103.703
3950,1,1,2025-09-16,Iceland,Germany,81.014367,115.14443
3951,1,1,2025-09-16,Iceland,Germany,69.329423,105.09856
3952,1,1,2025-09-16,Iceland,Germany,59.737468,94.962904
3953,1,1,2025-09-16,Iceland,Germany,63.29002,97.160342
3954,1,1,2025-09-16,Iceland,Germany,90.595043,106.26405
3955,1,1,2025-09-16,Iceland,Germany,70.454462,126.18288
3956,1,1,2025-09-16,Iceland,Germany,81.175409,114.56615
3957,1,1,2025-09-16,Iceland,Germany,75.145669,92.466694
3958,1,1,2025-09-16,Iceland,Germany,63.75108,117.77405
3959,1,1,2025-09-16,Iceland,Germany,85.033678,87.485298
3960,1,1,2025-09-16,Iceland,Germany,57.5698,119.55797
3961,1,1,2025-09-16,Iceland,Germany,62.226641,110.02128
3962,1,1,2025-09-16,Iceland,Germany,71.031719,96.071408
3963,1,1,2025-09-16,Iceland,Germany,81.858901,117.7695
3964,1,1,2025-09-16,Iceland,Germany,69.281148,103.54567
3965,1,1,2025-09-16,Iceland,Germany,62.312632,95.34644
3966,1,1,2025-09-16,Iceland,Germany,74.713558,118.00011
3967,1,1,2025-09-16,Iceland,Germany,52.038403,88.094872
3968,1,1,2025-09-16,Iceland,Germany,69.396507,105.97972
3969,1,1,2025-09-16,Iceland,Germany,68.905936,97.189218
3970,1,1,2025-09-16,Iceland,Germany,61.988612,114.69539
3971,1,1,2025-09-16,Iceland,Germany,73.243468,99.075057
3972,1,1,2025-09-16,Iceland,Germany,63.906615,100.0159
3973,1,1,2025-09-16,Iceland,Germany,77.527474,122.10478
3974,1,1,2025-09-16,Iceland,Germany,79.017836,91.762265
3975,1,1,2025-09-16,Iceland,Germany,48.132278,99.099056
3976,1,1,2025-09-16,Iceland,Germany,66.915079,121.33465
3977,1,1,2025-09-16,Iceland,Germany,65.638834,94.793051
3978,1,1,2025-09-16,Iceland,Germany,66.3561,106.64448
3979,1,1,2025-09-16,Iceland,Germany,84.440048,109.41506
3980,1,1,2025-09-16,Iceland,Germany,74.724137,103.59698
3981,1,1,2025-09-16,Iceland,Germany,67.115836,107.49513
3982,1,1,2025-09-16,Iceland,Germany,76.891052,89.051774
3983,1,1,2025-09-16,Iceland,Germany,77.678102,102.80494
3984,1,1,2025-09-16,Iceland,Germany,69.495194,96.857708
3985,1,1,2025-09-16,Iceland,Germany,64.22266,91.526355
3986,1,1,2025-09-16,Iceland,Germany,72.479117,90.260445
3987,1,1,2025-09-16,Iceland,Germany,57.014034,103.60574
3988,1,1,2025-09-16,Iceland,Germany,70.964491,116.78682
3989,1,1,2025-09-16,Iceland,Germany,64.919197,114.48066
3990,1,1,2025-09-16,Iceland,Germany,70.777121,104.15783
3991,1,1,2025-09-16,Iceland,Germany,63.268354,105.49778
3992,1,1,2025-09-16,Iceland,Germany,83.007082,95.63062
3993,1,1,2025-09-16,Iceland,Germany,73.1667,129.47163
3994,1,1,2025-09-16,Iceland,Germany,65.508521,104.50147
3995,1,1,2025-09-16,Iceland,Germany,78.626422,107.71206
3996,1,1,2025-09-16,Iceland,Germany,61.292116,98.628094
3997,1,1,2025-09-16,Iceland,Germany,59.38597,104.03785
3998,1,1,2025-09-16,Iceland,Germany,78.627434,109.9448
3999,1,1,2025-09-16,Iceland,Germany,56.746074,101.77789
4000,1,1,2025-09-16,Iceland,Germany,72.426993,105.73451
