iteration,game_nr,division,date,home,away,home_goals,away_goals
1,1,1,2025-09-09,Poland,Turkey,75.754831,59.168522
1,2,1,2025-09-09,Lithuania,Greece,89.70328,83.315283
1,3,1,2025-09-10,Finland,Georgia,94.414839,82.855187
1,4,1,2025-09-10,Germany,Slovenia,107.68662,116.27576
2,1,1,2025-09-09,Poland,Turkey,71.746322,89.5495
2,2,1,2025-09-09,Lithuania,Greece,82.946934,90.407979
2,3,1,2025-09-10,Finland,Georgia,110.58247,77.835262
2,4,1,2025-09-10,Germany,Slovenia,96.926415,72.190837
3,1,1,2025-09-09,Poland,Turkey,84.543958,48.387068
3,2,1,2025-09-09,Lithuania,Greece,91.46395,77.479857
3,3,1,2025-09-10,Finland,Georgia,86.613076,77.74558
3,4,1,2025-09-10,Germany,Slovenia,98.116151,82.781894
4,1,1,2025-09-09,Poland,Turkey,79.674559,86.184435
4,2,1,2025-09-09,Lithuania,Greece,72.399758,77.892866
4,3,1,2025-09-10,Finland,Georgia,100.31303,69.851571
4,4,1,2025-09-10,Germany,Slovenia,101.41669,77.749859
5,1,1,2025-09-09,Poland,Turkey,76.779005,84.003466
5,2,1,2025-09-09,Lithuania,Greece,81.687556,77.493113
5,3,1,2025-09-10,Finland,Georgia,104.04973,73.305435
5,4,1,2025-09-10,Germany,Slovenia,102.00352,71.713421
6,1,1,2025-09-09,Poland,Turkey,71.639987,73.331039
6,2,1,2025-09-09,Lithuania,Greece,78.51339,84.19045
6,3,1,2025-09-10,Finland,Georgia,90.583833,83.277629
6,4,1,2025-09-10,Germany,Slovenia,89.422597,101.9811
7,1,1,2025-09-09,Poland,Turkey,72.316332,77.079109
7,2,1,2025-09-09,Lithuania,Greece,80.452362,69.979091
7,3,1,2025-09-10,Finland,Georgia,90.109115,77.027478
7,4,1,2025-09-10,Germany,Slovenia,81.511547,81.886095
8,1,1,2025-09-09,Poland,Turkey,76.504768,83.136365
8,2,1,2025-09-09,Lithuania,Greece,83.274632,63.834311
8,3,1,2025-09-10,Finland,Georgia,97.632284,81.435105
8,4,1,2025-09-10,Germany,Slovenia,117.1921,96.606396
9,1,1,2025-09-09,Poland,Turkey,81.976972,81.50404
9,2,1,2025-09-09,Lithuania,Greece,94.412909,91.00262
9,3,1,2025-09-10,Finland,Georgia,91.272286,73.017774
9,4,1,2025-09-10,Germany,Slovenia,107.28974,93.858469
10,1,1,2025-09-09,Poland,Turkey,61.27173,80.090084
10,2,1,2025-09-09,Lithuania,Greece,95.041523,66.64287
10,3,1,2025-09-10,Finland,Georgia,88.173124,69.227675
10,4,1,2025-09-10,Germany,Slovenia,103.51207,93.726697
11,1,1,2025-09-09,Poland,Turkey,74.180794,103.30296
11,2,1,2025-09-09,Lithuania,Greece,98.503581,94.839266
11,3,1,2025-09-10,Finland,Georgia,86.103304,77.229134
11,4,1,2025-09-10,Germany,Slovenia,110.59981,80.933151
12,1,1,2025-09-09,Poland,Turkey,94.034271,94.419154
12,2,1,2025-09-09,Lithuania,Greece,93.617351,90.332041
12,3,1,2025-09-10,Finland,Georgia,83.309994,64.714055
12,4,1,2025-09-10,Germany,Slovenia,112.39736,94.178577
13,1,1,2025-09-09,Poland,Turkey,84.817208,84.604985
13,2,1,2025-09-09,Lithuania,Greece,73.440753,83.029382
13,3,1,2025-09-10,Finland,Georgia,72.560951,66.990389
13,4,1,2025-09-10,Germany,Slovenia,118.18094,103.32149
14,1,1,2025-09-09,Poland,Turkey,67.798062,100.3875
14,2,1,2025-09-09,Lithuania,Greece,106.05831,92.465825
14,3,1,2025-09-10,Finland,Georgia,89.828054,78.95243
14,4,1,2025-09-10,Germany,Slovenia,83.884377,104.58692
15,1,1,2025-09-09,Poland,Turkey,75.510643,87.30689
15,2,1,2025-09-09,Lithuania,Greece,83.346086,74.811477
15,3,1,2025-09-10,Finland,Georgia,92.137643,70.542245
15,4,1,2025-09-10,Germany,Slovenia,69.290998,101.77861
16,1,1,2025-09-09,Poland,Turkey,99.364542,106.90834
16,2,1,2025-09-09,Lithuania,Greece,101.09742,66.748246
16,3,1,2025-09-10,Finland,Georgia,94.897844,93.822334
16,4,1,2025-09-10,Germany,Slovenia,91.677863,83.656052
17,1,1,2025-09-09,Poland,Turkey,90.518859,82.150692
17,2,1,2025-09-09,Lithuania,Greece,96.027613,83.476241
17,3,1,2025-09-10,Finland,Georgia,97.221288,95.408746
17,4,1,2025-09-10,Germany,Slovenia,96.929282,81.94059
18,1,1,2025-09-09,Poland,Turkey,60.778985,82.455958
18,2,1,2025-09-09,Lithuania,Greece,99.349924,85.690352
18,3,1,2025-09-10,Finland,Georgia,90.93657,68.403716
18,4,1,2025-09-10,Germany,Slovenia,91.0834,79.293342
19,1,1,2025-09-09,Poland,Turkey,63.150215,74.064818
19,2,1,2025-09-09,Lithuania,Greece,83.354003,76.469181
19,3,1,2025-09-10,Finland,Georgia,79.988698,65.689365
19,4,1,2025-09-10,Germany,Slovenia,96.450717,77.411441
20,1,1,2025-09-09,Poland,Turkey,78.12882,103.3132
20,2,1,2025-09-09,Lithuania,Greece,94.387903,85.290983
20,3,1,2025-09-10,Finland,Georgia,86.9356,88.179707
20,4,1,2025-09-10,Germany,Slovenia,79.253435,75.525167
21,1,1,2025-09-09,Poland,Turkey,93.110288,127.01501
21,2,1,2025-09-09,Lithuania,Greece,88.23551,79.136648
21,3,1,2025-09-10,Finland,Georgia,112.36406,83.768635
21,4,1,2025-09-10,Germany,Slovenia,109.669,97.516655
22,1,1,2025-09-09,Poland,Turkey,69.346035,104.89908
22,2,1,2025-09-09,Lithuania,Greece,73.167385,47.341637
22,3,1,2025-09-10,Finland,Georgia,105.47433,70.9698
22,4,1,2025-09-10,Germany,Slovenia,91.905439,88.44041
23,1,1,2025-09-09,Poland,Turkey,60.567043,87.394104
23,2,1,2025-09-09,Lithuania,Greece,82.309167,81.637326
23,3,1,2025-09-10,Finland,Georgia,114.47591,94.545059
23,4,1,2025-09-10,Germany,Slovenia,92.521272,89.86685
24,1,1,2025-09-09,Poland,Turkey,62.03902,87.940248
24,2,1,2025-09-09,Lithuania,Greece,60.476875,94.555206
24,3,1,2025-09-10,Finland,Georgia,100.75706,84.080888
24,4,1,2025-09-10,Germany,Slovenia,106.19244,92.450777
25,1,1,2025-09-09,Poland,Turkey,64.226549,103.17606
25,2,1,2025-09-09,Lithuania,Greece,79.245734,80.053197
25,3,1,2025-09-10,Finland,Georgia,75.43853,42.378463000000004
25,4,1,2025-09-10,Germany,Slovenia,107.15158,86.951769
26,1,1,2025-09-09,Poland,Turkey,74.048575,79.824988
26,2,1,2025-09-09,Lithuania,Greece,105.79065,82.992694
26,3,1,2025-09-10,Finland,Georgia,91.511269,77.719828
26,4,1,2025-09-10,Germany,Slovenia,90.453203,68.243085
27,1,1,2025-09-09,Poland,Turkey,102.49839,87.752551
27,2,1,2025-09-09,Lithuania,Greece,68.639313,77.563916
27,3,1,2025-09-10,Finland,Georgia,103.86815,85.429157
27,4,1,2025-09-10,Germany,Slovenia,99.72008,95.905098
28,1,1,2025-09-09,Poland,Turkey,81.015793,87.305077
28,2,1,2025-09-09,Lithuania,Greece,89.990408,92.087521
28,3,1,2025-09-10,Finland,Georgia,89.42628,62.559161
28,4,1,2025-09-10,Germany,Slovenia,102.89877,78.751683
29,1,1,2025-09-09,Poland,Turkey,65.966262,101.36001
29,2,1,2025-09-09,Lithuania,Greece,68.963276,107.0908
29,3,1,2025-09-10,Finland,Georgia,99.189762,71.563354
29,4,1,2025-09-10,Germany,Slovenia,102.63418,76.173656
30,1,1,2025-09-09,Poland,Turkey,87.207241,77.552064
30,2,1,2025-09-09,Lithuania,Greece,94.202626,76.044593
30,3,1,2025-09-10,Finland,Georgia,76.371662,68.264734
30,4,1,2025-09-10,Germany,Slovenia,95.022129,88.874286
31,1,1,2025-09-09,Poland,Turkey,88.371708,84.126375
31,2,1,2025-09-09,Lithuania,Greece,83.865866,78.008462
31,3,1,2025-09-10,Finland,Georgia,102.54161,87.993714
31,4,1,2025-09-10,Germany,Slovenia,107.97776,104.25192
32,1,1,2025-09-09,Poland,Turkey,92.740979,89.639831
32,2,1,2025-09-09,Lithuania,Greece,84.118135,72.685424
32,3,1,2025-09-10,Finland,Georgia,118.85631,83.209905
32,4,1,2025-09-10,Germany,Slovenia,95.267484,95.711235
33,1,1,2025-09-09,Poland,Turkey,57.628789,102.69859
33,2,1,2025-09-09,Lithuania,Greece,92.411485,84.447715
33,3,1,2025-09-10,Finland,Georgia,83.005376,66.287792
33,4,1,2025-09-10,Germany,Slovenia,91.868194,80.302442
34,1,1,2025-09-09,Poland,Turkey,77.986829,77.847501
34,2,1,2025-09-09,Lithuania,Greece,78.410204,64.202221
34,3,1,2025-09-10,Finland,Georgia,97.069853,76.828684
34,4,1,2025-09-10,Germany,Slovenia,100.15174,90.867186
35,1,1,2025-09-09,Poland,Turkey,70.265868,94.799985
35,2,1,2025-09-09,Lithuania,Greece,77.515849,80.779604
35,3,1,2025-09-10,Finland,Georgia,107.0657,78.286348
35,4,1,2025-09-10,Germany,Slovenia,95.837132,79.953684
36,1,1,2025-09-09,Poland,Turkey,80.299449,88.521017
36,2,1,2025-09-09,Lithuania,Greece,94.134154,79.111165
36,3,1,2025-09-10,Finland,Georgia,103.14207,65.617662
36,4,1,2025-09-10,Germany,Slovenia,99.216615,88.771566000000007
37,1,1,2025-09-09,Poland,Turkey,84.918949,91.442562
37,2,1,2025-09-09,Lithuania,Greece,87.164398,69.732454
37,3,1,2025-09-10,Finland,Georgia,98.343389,75.77443
37,4,1,2025-09-10,Germany,Slovenia,100.99647,77.672327
38,1,1,2025-09-09,Poland,Turkey,65.551856,79.952476
38,2,1,2025-09-09,Lithuania,Greece,82.633795,63.235489
38,3,1,2025-09-10,Finland,Georgia,84.770968,76.707655
38,4,1,2025-09-10,Germany,Slovenia,97.695867,95.831093
39,1,1,2025-09-09,Poland,Turkey,86.187187,90.013548
39,2,1,2025-09-09,Lithuania,Greece,89.916844,74.576623
39,3,1,2025-09-10,Finland,Georgia,99.001265,72.797646
39,4,1,2025-09-10,Germany,Slovenia,101.70748,83.221409
40,1,1,2025-09-09,Poland,Turkey,75.260196,77.065152
40,2,1,2025-09-09,Lithuania,Greece,97.612492,89.011265
40,3,1,2025-09-10,Finland,Georgia,92.642454,63.139125
40,4,1,2025-09-10,Germany,Slovenia,103.50895,76.03067
41,1,1,2025-09-09,Poland,Turkey,66.321843,86.518276
41,2,1,2025-09-09,Lithuania,Greece,74.092021,77.565974
41,3,1,2025-09-10,Finland,Georgia,93.793061,71.478407
41,4,1,2025-09-10,Germany,Slovenia,99.715196,97.931198
42,1,1,2025-09-09,Poland,Turkey,78.033666,89.951317
42,2,1,2025-09-09,Lithuania,Greece,98.933329,79.301006
42,3,1,2025-09-10,Finland,Georgia,100.96825,77.015366
42,4,1,2025-09-10,Germany,Slovenia,92.017394,85.68365
43,1,1,2025-09-09,Poland,Turkey,63.270744,74.893069
43,2,1,2025-09-09,Lithuania,Greece,76.639259,82.578603
43,3,1,2025-09-10,Finland,Georgia,105.97857,64.092419
43,4,1,2025-09-10,Germany,Slovenia,114.51838,88.500419
44,1,1,2025-09-09,Poland,Turkey,102.07445,100.13547
44,2,1,2025-09-09,Lithuania,Greece,90.285671,83.356643
44,3,1,2025-09-10,Finland,Georgia,81.741958,64.722462
44,4,1,2025-09-10,Germany,Slovenia,108.0071,81.915655
45,1,1,2025-09-09,Poland,Turkey,93.057747,92.957135
45,2,1,2025-09-09,Lithuania,Greece,83.485045,72.951613
45,3,1,2025-09-10,Finland,Georgia,121.94904,94.660707
45,4,1,2025-09-10,Germany,Slovenia,126.21774,94.255152
46,1,1,2025-09-09,Poland,Turkey,66.840127,84.373562
46,2,1,2025-09-09,Lithuania,Greece,77.36791,82.153983
46,3,1,2025-09-10,Finland,Georgia,78.523282,45.822563
46,4,1,2025-09-10,Germany,Slovenia,102.2241,80.297447
47,1,1,2025-09-09,Poland,Turkey,78.95486,83.685278
47,2,1,2025-09-09,Lithuania,Greece,93.813732,71.590603
47,3,1,2025-09-10,Finland,Georgia,94.269821,86.753315
47,4,1,2025-09-10,Germany,Slovenia,111.10183,83.259992
48,1,1,2025-09-09,Poland,Turkey,75.402046,96.72917
48,2,1,2025-09-09,Lithuania,Greece,80.939006,65.036988
48,3,1,2025-09-10,Finland,Georgia,114.5769,92.302903
48,4,1,2025-09-10,Germany,Slovenia,109.86702,97.293525
49,1,1,2025-09-09,Poland,Turkey,78.585437,85.15999
49,2,1,2025-09-09,Lithuania,Greece,83.005118,77.50254
49,3,1,2025-09-10,Finland,Georgia,80.720968,95.911723
49,4,1,2025-09-10,Germany,Slovenia,102.09307,103.03203
50,1,1,2025-09-09,Poland,Turkey,73.645648,88.346269
50,2,1,2025-09-09,Lithuania,Greece,73.982444,73.865637
50,3,1,2025-09-10,Finland,Georgia,95.736102,76.351086
50,4,1,2025-09-10,Germany,Slovenia,105.86725,93.279882
51,1,1,2025-09-09,Poland,Turkey,79.023621,82.221367
51,2,1,2025-09-09,Lithuania,Greece,86.082161,81.116866
51,3,1,2025-09-10,Finland,Georgia,105.07262,71.378123
51,4,1,2025-09-10,Germany,Slovenia,98.055096,91.910812
52,1,1,2025-09-09,Poland,Turkey,61.091461,91.482442
52,2,1,2025-09-09,Lithuania,Greece,108.31516,73.784471
52,3,1,2025-09-10,Finland,Georgia,81.283947,72.476826
52,4,1,2025-09-10,Germany,Slovenia,107.28747,84.616362
53,1,1,2025-09-09,Poland,Turkey,60.87672,77.933918
53,2,1,2025-09-09,Lithuania,Greece,99.381139,85.847711
53,3,1,2025-09-10,Finland,Georgia,96.845072,78.244737
53,4,1,2025-09-10,Germany,Slovenia,105.47063,99.83179
54,1,1,2025-09-09,Poland,Turkey,75.324229,94.94016
54,2,1,2025-09-09,Lithuania,Greece,95.807137,70.36766
54,3,1,2025-09-10,Finland,Georgia,109.21695,75.580352
54,4,1,2025-09-10,Germany,Slovenia,92.246663,80.920675
55,1,1,2025-09-09,Poland,Turkey,71.061941,81.079217
55,2,1,2025-09-09,Lithuania,Greece,86.025393,72.679552
55,3,1,2025-09-10,Finland,Georgia,114.96719,85.858645
55,4,1,2025-09-10,Germany,Slovenia,113.36423,87.573406
56,1,1,2025-09-09,Poland,Turkey,72.731781,87.826827
56,2,1,2025-09-09,Lithuania,Greece,87.57547,77.655174
56,3,1,2025-09-10,Finland,Georgia,113.23144,82.842023
56,4,1,2025-09-10,Germany,Slovenia,89.833075,65.614147
57,1,1,2025-09-09,Poland,Turkey,83.956676,80.723203
57,2,1,2025-09-09,Lithuania,Greece,59.445229,75.602219
57,3,1,2025-09-10,Finland,Georgia,102.3441,89.775949
57,4,1,2025-09-10,Germany,Slovenia,119.14333,89.512108
58,1,1,2025-09-09,Poland,Turkey,83.950517,73.325822
58,2,1,2025-09-09,Lithuania,Greece,92.882254,99.814761
58,3,1,2025-09-10,Finland,Georgia,93.554963,69.294942
58,4,1,2025-09-10,Germany,Slovenia,105.60609,65.485471
59,1,1,2025-09-09,Poland,Turkey,78.942976,97.413375
59,2,1,2025-09-09,Lithuania,Greece,106.0366,79.895734
59,3,1,2025-09-10,Finland,Georgia,95.116925,80.416535
59,4,1,2025-09-10,Germany,Slovenia,95.003427,94.789183
60,1,1,2025-09-09,Poland,Turkey,80.17891,74.871474
60,2,1,2025-09-09,Lithuania,Greece,95.629123,76.541765
60,3,1,2025-09-10,Finland,Georgia,84.879382,64.811808
60,4,1,2025-09-10,Germany,Slovenia,104.96733,107.61307
61,1,1,2025-09-09,Poland,Turkey,76.266015,98.098164
61,2,1,2025-09-09,Lithuania,Greece,89.204786,71.481992
61,3,1,2025-09-10,Finland,Georgia,116.71436,83.3598
61,4,1,2025-09-10,Germany,Slovenia,120.56047,100.62532
62,1,1,2025-09-09,Poland,Turkey,65.472201,90.786541
62,2,1,2025-09-09,Lithuania,Greece,91.625134,72.191687
62,3,1,2025-09-10,Finland,Georgia,76.902616,81.640139
62,4,1,2025-09-10,Germany,Slovenia,97.573359,86.682212
63,1,1,2025-09-09,Poland,Turkey,77.942232,105.40224
63,2,1,2025-09-09,Lithuania,Greece,73.062005,70.226688
63,3,1,2025-09-10,Finland,Georgia,86.519859,67.165123
63,4,1,2025-09-10,Germany,Slovenia,88.821756,71.429056
64,1,1,2025-09-09,Poland,Turkey,101.26216,80.19668
64,2,1,2025-09-09,Lithuania,Greece,78.277236,78.838095
64,3,1,2025-09-10,Finland,Georgia,107.12483,89.111993
64,4,1,2025-09-10,Germany,Slovenia,94.671846,78.760261
65,1,1,2025-09-09,Poland,Turkey,86.0439,102.05118
65,2,1,2025-09-09,Lithuania,Greece,75.392487,78.516358
65,3,1,2025-09-10,Finland,Georgia,120.59805,71.958601
65,4,1,2025-09-10,Germany,Slovenia,99.762976,87.100514
66,1,1,2025-09-09,Poland,Turkey,92.333459,87.97251
66,2,1,2025-09-09,Lithuania,Greece,77.362271,73.829182
66,3,1,2025-09-10,Finland,Georgia,101.31004,63.387079
66,4,1,2025-09-10,Germany,Slovenia,125.41808,92.408056
67,1,1,2025-09-09,Poland,Turkey,96.599559,82.91253
67,2,1,2025-09-09,Lithuania,Greece,107.19162,82.520621
67,3,1,2025-09-10,Finland,Georgia,101.88047,90.133396
67,4,1,2025-09-10,Germany,Slovenia,119.09487,95.369713
68,1,1,2025-09-09,Poland,Turkey,85.331172,94.55874
68,2,1,2025-09-09,Lithuania,Greece,77.386015,54.687538
68,3,1,2025-09-10,Finland,Georgia,90.595665,75.098823
68,4,1,2025-09-10,Germany,Slovenia,96.315907,69.381116
69,1,1,2025-09-09,Poland,Turkey,84.542225,80.448533
69,2,1,2025-09-09,Lithuania,Greece,93.721921,70.379687
69,3,1,2025-09-10,Finland,Georgia,95.479419,86.134996
69,4,1,2025-09-10,Germany,Slovenia,108.21218,70.801152
70,1,1,2025-09-09,Poland,Turkey,77.919321,77.432439
70,2,1,2025-09-09,Lithuania,Greece,61.874285,78.146278
70,3,1,2025-09-10,Finland,Georgia,106.00438,82.062626
70,4,1,2025-09-10,Germany,Slovenia,101.49861,96.818377
71,1,1,2025-09-09,Poland,Turkey,81.439218,85.401325
71,2,1,2025-09-09,Lithuania,Greece,84.637096,68.916056
71,3,1,2025-09-10,Finland,Georgia,88.295635,84.588523
71,4,1,2025-09-10,Germany,Slovenia,118.34125,79.219967
72,1,1,2025-09-09,Poland,Turkey,52.423037,97.958342
72,2,1,2025-09-09,Lithuania,Greece,59.538332,98.706293
72,3,1,2025-09-10,Finland,Georgia,97.614371,84.777566
72,4,1,2025-09-10,Germany,Slovenia,108.96641,79.450129
73,1,1,2025-09-09,Poland,Turkey,88.211504,87.880857
73,2,1,2025-09-09,Lithuania,Greece,99.005889,84.632832
73,3,1,2025-09-10,Finland,Georgia,103.06263,91.82333
73,4,1,2025-09-10,Germany,Slovenia,107.45493,91.010068
74,1,1,2025-09-09,Poland,Turkey,94.619937,87.746674
74,2,1,2025-09-09,Lithuania,Greece,85.993928,53.578779
74,3,1,2025-09-10,Finland,Georgia,98.239878,77.84683
74,4,1,2025-09-10,Germany,Slovenia,120.31417,85.342042
75,1,1,2025-09-09,Poland,Turkey,79.664757,85.215954
75,2,1,2025-09-09,Lithuania,Greece,77.464936,68.498171
75,3,1,2025-09-10,Finland,Georgia,98.849084,60.936799
75,4,1,2025-09-10,Germany,Slovenia,112.88715,87.430496
76,1,1,2025-09-09,Poland,Turkey,78.700157,96.865125
76,2,1,2025-09-09,Lithuania,Greece,84.372323,64.231424
76,3,1,2025-09-10,Finland,Georgia,97.649519,85.7218
76,4,1,2025-09-10,Germany,Slovenia,103.36219,93.72943
77,1,1,2025-09-09,Poland,Turkey,64.718645,71.109517
77,2,1,2025-09-09,Lithuania,Greece,92.966083,68.548543
77,3,1,2025-09-10,Finland,Georgia,99.289599,79.366036
77,4,1,2025-09-10,Germany,Slovenia,102.2316,71.200893
78,1,1,2025-09-09,Poland,Turkey,69.782001,72.294784
78,2,1,2025-09-09,Lithuania,Greece,81.946865,67.877875
78,3,1,2025-09-10,Finland,Georgia,91.117323,87.495039
78,4,1,2025-09-10,Germany,Slovenia,85.228976,89.851538
79,1,1,2025-09-09,Poland,Turkey,73.631834,74.741341
79,2,1,2025-09-09,Lithuania,Greece,85.076106,81.241209
79,3,1,2025-09-10,Finland,Georgia,113.74623,80.627289
79,4,1,2025-09-10,Germany,Slovenia,111.84802,94.08946
80,1,1,2025-09-09,Poland,Turkey,86.607428,88.525834
80,2,1,2025-09-09,Lithuania,Greece,93.116042,95.082099
80,3,1,2025-09-10,Finland,Georgia,89.086814,42.044796
80,4,1,2025-09-10,Germany,Slovenia,99.562558,98.554311
81,1,1,2025-09-09,Poland,Turkey,59.434888,70.855417
81,2,1,2025-09-09,Lithuania,Greece,89.159925,67.20398
81,3,1,2025-09-10,Finland,Georgia,107.68055,90.046769
81,4,1,2025-09-10,Germany,Slovenia,118.1023,72.90598
82,1,1,2025-09-09,Poland,Turkey,79.42512,89.465913
82,2,1,2025-09-09,Lithuania,Greece,90.575687,83.056601
82,3,1,2025-09-10,Finland,Georgia,104.10898,87.641752
82,4,1,2025-09-10,Germany,Slovenia,103.64526,103.48746
83,1,1,2025-09-09,Poland,Turkey,71.449393,97.733593
83,2,1,2025-09-09,Lithuania,Greece,99.673082,92.574028
83,3,1,2025-09-10,Finland,Georgia,107.69304,71.320325
83,4,1,2025-09-10,Germany,Slovenia,119.43558,93.170446
84,1,1,2025-09-09,Poland,Turkey,62.839246,77.573313
84,2,1,2025-09-09,Lithuania,Greece,97.316183,93.309431
84,3,1,2025-09-10,Finland,Georgia,99.805744,85.471517
84,4,1,2025-09-10,Germany,Slovenia,105.14209,109.36704
85,1,1,2025-09-09,Poland,Turkey,70.840406,79.535812
85,2,1,2025-09-09,Lithuania,Greece,90.480889,68.809534
85,3,1,2025-09-10,Finland,Georgia,100.80055,75.148822
85,4,1,2025-09-10,Germany,Slovenia,99.6887,94.23417
86,1,1,2025-09-09,Poland,Turkey,71.709246,85.632428
86,2,1,2025-09-09,Lithuania,Greece,92.069017,67.820367
86,3,1,2025-09-10,Finland,Georgia,91.849058,60.571379
86,4,1,2025-09-10,Germany,Slovenia,104.24754,93.676622
87,1,1,2025-09-09,Poland,Turkey,92.618693,65.393547
87,2,1,2025-09-09,Lithuania,Greece,104.11152,77.430373
87,3,1,2025-09-10,Finland,Georgia,123.72195,90.566459
87,4,1,2025-09-10,Germany,Slovenia,99.029076,84.967854
88,1,1,2025-09-09,Poland,Turkey,73.631366,104.19419
88,2,1,2025-09-09,Lithuania,Greece,81.706898,71.069953
88,3,1,2025-09-10,Finland,Georgia,103.97892,93.123956
88,4,1,2025-09-10,Germany,Slovenia,87.610153,98.19006
89,1,1,2025-09-09,Poland,Turkey,64.831761,71.748918
89,2,1,2025-09-09,Lithuania,Greece,81.147988,82.047546
89,3,1,2025-09-10,Finland,Georgia,95.837814,84.235743
89,4,1,2025-09-10,Germany,Slovenia,109.05306,77.500967
90,1,1,2025-09-09,Poland,Turkey,65.863132,75.216623
90,2,1,2025-09-09,Lithuania,Greece,83.177413,71.852752
90,3,1,2025-09-10,Finland,Georgia,86.962659,71.908962
90,4,1,2025-09-10,Germany,Slovenia,114.16099,78.45894
91,1,1,2025-09-09,Poland,Turkey,68.519284,93.377143
91,2,1,2025-09-09,Lithuania,Greece,90.07179,64.767906
91,3,1,2025-09-10,Finland,Georgia,103.47333,75.556917
91,4,1,2025-09-10,Germany,Slovenia,110.39739,102.14594
92,1,1,2025-09-09,Poland,Turkey,77.166563,112.52066
92,2,1,2025-09-09,Lithuania,Greece,110.25235,88.641272
92,3,1,2025-09-10,Finland,Georgia,98.561749,66.527045
92,4,1,2025-09-10,Germany,Slovenia,116.19114,94.774291
93,1,1,2025-09-09,Poland,Turkey,73.400172,58.262851
93,2,1,2025-09-09,Lithuania,Greece,77.952001,64.703136
93,3,1,2025-09-10,Finland,Georgia,91.118739,78.570867
93,4,1,2025-09-10,Germany,Slovenia,65.70647,67.397311
94,1,1,2025-09-09,Poland,Turkey,65.879357,102.27233
94,2,1,2025-09-09,Lithuania,Greece,76.318177,69.964349
94,3,1,2025-09-10,Finland,Georgia,115.874,79.569387
94,4,1,2025-09-10,Germany,Slovenia,110.73857,91.595273
95,1,1,2025-09-09,Poland,Turkey,99.476909,93.515062
95,2,1,2025-09-09,Lithuania,Greece,65.351329,81.866072
95,3,1,2025-09-10,Finland,Georgia,89.64724,58.439546
95,4,1,2025-09-10,Germany,Slovenia,96.41755,92.945986
96,1,1,2025-09-09,Poland,Turkey,91.366054,95.45769
96,2,1,2025-09-09,Lithuania,Greece,90.323796,80.259052
96,3,1,2025-09-10,Finland,Georgia,110.27212,70.593883
96,4,1,2025-09-10,Germany,Slovenia,116.42716,89.965835
97,1,1,2025-09-09,Poland,Turkey,44.733546,68.655159
97,2,1,2025-09-09,Lithuania,Greece,90.888257,68.620237
97,3,1,2025-09-10,Finland,Georgia,95.042958,87.895448
97,4,1,2025-09-10,Germany,Slovenia,93.900959,86.404076
98,1,1,2025-09-09,Poland,Turkey,82.482039,76.137182
98,2,1,2025-09-09,Lithuania,Greece,100.25564,83.084148
98,3,1,2025-09-10,Finland,Georgia,85.777864,82.559589
98,4,1,2025-09-10,Germany,Slovenia,95.151485,89.710142
99,1,1,2025-09-09,Poland,Turkey,60.256286,83.456017
99,2,1,2025-09-09,Lithuania,Greece,99.096848,97.082494
99,3,1,2025-09-10,Finland,Georgia,95.324578,84.140196
99,4,1,2025-09-10,Germany,Slovenia,103.59182,82.303359
100,1,1,2025-09-09,Poland,Turkey,65.258058,98.069305
100,2,1,2025-09-09,Lithuania,Greece,87.948827,65.94962
100,3,1,2025-09-10,Finland,Georgia,127.36993,78.053081
100,4,1,2025-09-10,Germany,Slovenia,112.44513,82.852187
101,1,1,2025-09-09,Poland,Turkey,86.512652,92.010147
101,2,1,2025-09-09,Lithuania,Greece,81.545887,69.650002
101,3,1,2025-09-10,Finland,Georgia,107.30903,94.164528
101,4,1,2025-09-10,Germany,Slovenia,114.89992,83.202428
102,1,1,2025-09-09,Poland,Turkey,78.437198,104.91607
102,2,1,2025-09-09,Lithuania,Greece,85.755639,72.22923
102,3,1,2025-09-10,Finland,Georgia,103.29526,80.46381
102,4,1,2025-09-10,Germany,Slovenia,93.842609,96.462646
103,1,1,2025-09-09,Poland,Turkey,73.74246,107.81903
103,2,1,2025-09-09,Lithuania,Greece,86.781294,70.235721
103,3,1,2025-09-10,Finland,Georgia,108.91538,84.1193
103,4,1,2025-09-10,Germany,Slovenia,88.646481,81.418215
104,1,1,2025-09-09,Poland,Turkey,65.793693,77.749384
104,2,1,2025-09-09,Lithuania,Greece,96.130379,94.671573
104,3,1,2025-09-10,Finland,Georgia,94.092144,76.562772
104,4,1,2025-09-10,Germany,Slovenia,102.2253,89.311345
105,1,1,2025-09-09,Poland,Turkey,77.654108,82.6715
105,2,1,2025-09-09,Lithuania,Greece,77.634298,72.078592
105,3,1,2025-09-10,Finland,Georgia,98.372584,84.477245
105,4,1,2025-09-10,Germany,Slovenia,101.01543,75.151297
106,1,1,2025-09-09,Poland,Turkey,78.89419,88.457589
106,2,1,2025-09-09,Lithuania,Greece,104.16445,87.037889
106,3,1,2025-09-10,Finland,Georgia,94.263831,76.757211
106,4,1,2025-09-10,Germany,Slovenia,95.202971,72.805141
107,1,1,2025-09-09,Poland,Turkey,74.096587,97.501911
107,2,1,2025-09-09,Lithuania,Greece,89.986532,69.911474
107,3,1,2025-09-10,Finland,Georgia,106.44524,76.326622
107,4,1,2025-09-10,Germany,Slovenia,92.070486,82.253635
108,1,1,2025-09-09,Poland,Turkey,54.334443,101.0326
108,2,1,2025-09-09,Lithuania,Greece,104.51263,56.274494
108,3,1,2025-09-10,Finland,Georgia,90.977222,71.551872
108,4,1,2025-09-10,Germany,Slovenia,83.17918,67.281596
109,1,1,2025-09-09,Poland,Turkey,66.114732,79.249141
109,2,1,2025-09-09,Lithuania,Greece,89.639684,81.777817
109,3,1,2025-09-10,Finland,Georgia,70.616233,85.996558
109,4,1,2025-09-10,Germany,Slovenia,100.02917,83.680454
110,1,1,2025-09-09,Poland,Turkey,79.539255,91.030283
110,2,1,2025-09-09,Lithuania,Greece,82.917802,96.079744
110,3,1,2025-09-10,Finland,Georgia,87.815128,67.122321
110,4,1,2025-09-10,Germany,Slovenia,78.978102,80.22379
111,1,1,2025-09-09,Poland,Turkey,74.080854,76.10402
111,2,1,2025-09-09,Lithuania,Greece,90.479601,82.527765
111,3,1,2025-09-10,Finland,Georgia,92.759578,79.321137
111,4,1,2025-09-10,Germany,Slovenia,98.206952,72.227517
112,1,1,2025-09-09,Poland,Turkey,80.838989,78.208966
112,2,1,2025-09-09,Lithuania,Greece,92.065892,98.586687
112,3,1,2025-09-10,Finland,Georgia,85.336722,68.996311
112,4,1,2025-09-10,Germany,Slovenia,100.98427,91.49719
113,1,1,2025-09-09,Poland,Turkey,64.479659,96.373505
113,2,1,2025-09-09,Lithuania,Greece,69.235563,68.014758
113,3,1,2025-09-10,Finland,Georgia,85.851278,64.928344
113,4,1,2025-09-10,Germany,Slovenia,95.608212,85.755771
114,1,1,2025-09-09,Poland,Turkey,79.903983,87.330351
114,2,1,2025-09-09,Lithuania,Greece,95.647269,78.675191
114,3,1,2025-09-10,Finland,Georgia,83.003452,77.496258
114,4,1,2025-09-10,Germany,Slovenia,102.1484,75.054192
115,1,1,2025-09-09,Poland,Turkey,68.965508,84.818898
115,2,1,2025-09-09,Lithuania,Greece,85.246541,86.97344
115,3,1,2025-09-10,Finland,Georgia,107.4647,61.309099
115,4,1,2025-09-10,Germany,Slovenia,102.19728,83.454225
116,1,1,2025-09-09,Poland,Turkey,60.551512,73.025094
116,2,1,2025-09-09,Lithuania,Greece,95.059856,77.593549
116,3,1,2025-09-10,Finland,Georgia,101.89357,70.215115
116,4,1,2025-09-10,Germany,Slovenia,105.97187,80.259764
117,1,1,2025-09-09,Poland,Turkey,63.501556,93.767379
117,2,1,2025-09-09,Lithuania,Greece,95.868831,89.628605
117,3,1,2025-09-10,Finland,Georgia,98.384619,84.481167
117,4,1,2025-09-10,Germany,Slovenia,110.14546,72.315282
118,1,1,2025-09-09,Poland,Turkey,79.768516,80.812687
118,2,1,2025-09-09,Lithuania,Greece,85.894048,69.106589
118,3,1,2025-09-10,Finland,Georgia,87.972086,73.629878
118,4,1,2025-09-10,Germany,Slovenia,97.693234,93.654567
119,1,1,2025-09-09,Poland,Turkey,77.846191,68.602411
119,2,1,2025-09-09,Lithuania,Greece,85.65513,78.533577
119,3,1,2025-09-10,Finland,Georgia,88.450142,82.437447
119,4,1,2025-09-10,Germany,Slovenia,96.599429,85.194625
120,1,1,2025-09-09,Poland,Turkey,46.071213,71.772814
120,2,1,2025-09-09,Lithuania,Greece,87.618436,70.957641
120,3,1,2025-09-10,Finland,Georgia,98.824077,79.985734
120,4,1,2025-09-10,Germany,Slovenia,111.9158,87.0684
121,1,1,2025-09-09,Poland,Turkey,80.070146,91.376613
121,2,1,2025-09-09,Lithuania,Greece,101.83061,60.964073
121,3,1,2025-09-10,Finland,Georgia,77.928884,67.093015
121,4,1,2025-09-10,Germany,Slovenia,85.45289,68.63694
122,1,1,2025-09-09,Poland,Turkey,71.118486,86.725548
122,2,1,2025-09-09,Lithuania,Greece,86.857194,78.537764
122,3,1,2025-09-10,Finland,Georgia,114.29155,82.966591
122,4,1,2025-09-10,Germany,Slovenia,102.63044,80.854982
123,1,1,2025-09-09,Poland,Turkey,73.160054,85.246809
123,2,1,2025-09-09,Lithuania,Greece,81.350571,56.616475
123,3,1,2025-09-10,Finland,Georgia,95.780654,69.833217
123,4,1,2025-09-10,Germany,Slovenia,107.72978,78.184317
124,1,1,2025-09-09,Poland,Turkey,79.865202,95.420637
124,2,1,2025-09-09,Lithuania,Greece,97.74599,76.235152
124,3,1,2025-09-10,Finland,Georgia,74.042866,76.842239
124,4,1,2025-09-10,Germany,Slovenia,112.9627,83.779846
125,1,1,2025-09-09,Poland,Turkey,87.693755,87.542105
125,2,1,2025-09-09,Lithuania,Greece,80.351382,68.927506
125,3,1,2025-09-10,Finland,Georgia,108.9861,93.968897
125,4,1,2025-09-10,Germany,Slovenia,86.155542,96.433278
126,1,1,2025-09-09,Poland,Turkey,85.325295,106.81089
126,2,1,2025-09-09,Lithuania,Greece,84.171364,99.674945
126,3,1,2025-09-10,Finland,Georgia,93.11415,68.424405
126,4,1,2025-09-10,Germany,Slovenia,126.7957,87.584827
127,1,1,2025-09-09,Poland,Turkey,71.261095,93.714381
127,2,1,2025-09-09,Lithuania,Greece,94.79481,64.827802
127,3,1,2025-09-10,Finland,Georgia,95.982922,72.339595
127,4,1,2025-09-10,Germany,Slovenia,95.67139,80.831485
128,1,1,2025-09-09,Poland,Turkey,80.711249,78.837271
128,2,1,2025-09-09,Lithuania,Greece,77.167394,80.645604
128,3,1,2025-09-10,Finland,Georgia,87.584996,78.829129
128,4,1,2025-09-10,Germany,Slovenia,96.938583,80.109936
129,1,1,2025-09-09,Poland,Turkey,78.969263,88.422438
129,2,1,2025-09-09,Lithuania,Greece,71.957243,57.589389
129,3,1,2025-09-10,Finland,Georgia,111.27128,84.459255
129,4,1,2025-09-10,Germany,Slovenia,97.51301,92.390747
130,1,1,2025-09-09,Poland,Turkey,65.923531,83.373609
130,2,1,2025-09-09,Lithuania,Greece,83.502356,67.049567
130,3,1,2025-09-10,Finland,Georgia,101.79666,76.15996
130,4,1,2025-09-10,Germany,Slovenia,108.12,81.4237
131,1,1,2025-09-09,Poland,Turkey,86.994059,90.138111
131,2,1,2025-09-09,Lithuania,Greece,71.097321,55.575253
131,3,1,2025-09-10,Finland,Georgia,98.223445,59.04651
131,4,1,2025-09-10,Germany,Slovenia,115.37965,94.462402
132,1,1,2025-09-09,Poland,Turkey,63.993807,67.195142
132,2,1,2025-09-09,Lithuania,Greece,85.212646,77.428258
132,3,1,2025-09-10,Finland,Georgia,107.82866,81.507726
132,4,1,2025-09-10,Germany,Slovenia,92.142324,77.658094
133,1,1,2025-09-09,Poland,Turkey,85.56353,88.485393
133,2,1,2025-09-09,Lithuania,Greece,86.649645,97.539454
133,3,1,2025-09-10,Finland,Georgia,96.512584,62.480813
133,4,1,2025-09-10,Germany,Slovenia,103.18559,96.907518
134,1,1,2025-09-09,Poland,Turkey,83.839395,68.566426
134,2,1,2025-09-09,Lithuania,Greece,101.11712,110.76579
134,3,1,2025-09-10,Finland,Georgia,85.640256,50.501151
134,4,1,2025-09-10,Germany,Slovenia,105.17733,82.628193
135,1,1,2025-09-09,Poland,Turkey,76.269177,86.157654
135,2,1,2025-09-09,Lithuania,Greece,79.403337,79.368431
135,3,1,2025-09-10,Finland,Georgia,89.713709,76.456661
135,4,1,2025-09-10,Germany,Slovenia,100.31821,94.599132
136,1,1,2025-09-09,Poland,Turkey,86.348978,80.376344
136,2,1,2025-09-09,Lithuania,Greece,71.058401,77.024821
136,3,1,2025-09-10,Finland,Georgia,96.789175,63.44137
136,4,1,2025-09-10,Germany,Slovenia,95.650229,89.700889
137,1,1,2025-09-09,Poland,Turkey,67.537195,102.45355
137,2,1,2025-09-09,Lithuania,Greece,88.595034,95.352621
137,3,1,2025-09-10,Finland,Georgia,100.3452,85.530437
137,4,1,2025-09-10,Germany,Slovenia,111.87703,74.216057
138,1,1,2025-09-09,Poland,Turkey,73.047236,82.917758
138,2,1,2025-09-09,Lithuania,Greece,97.394305,70.029935
138,3,1,2025-09-10,Finland,Georgia,86.584181,76.242321
138,4,1,2025-09-10,Germany,Slovenia,95.834937,89.553455
139,1,1,2025-09-09,Poland,Turkey,72.841151,97.069967
139,2,1,2025-09-09,Lithuania,Greece,86.975334,78.157834
139,3,1,2025-09-10,Finland,Georgia,80.294707,67.551151
139,4,1,2025-09-10,Germany,Slovenia,85.29185,74.499605
140,1,1,2025-09-09,Poland,Turkey,62.686974,77.521699
140,2,1,2025-09-09,Lithuania,Greece,89.750406,85.16993
140,3,1,2025-09-10,Finland,Georgia,94.109684,80.830406
140,4,1,2025-09-10,Germany,Slovenia,136.67047,102.44739
141,1,1,2025-09-09,Poland,Turkey,70.655925,90.090448
141,2,1,2025-09-09,Lithuania,Greece,91.603926,71.832843
141,3,1,2025-09-10,Finland,Georgia,95.533247,79.394276
141,4,1,2025-09-10,Germany,Slovenia,90.757769,81.619353
142,1,1,2025-09-09,Poland,Turkey,84.7402,80.400533
142,2,1,2025-09-09,Lithuania,Greece,81.905116,66.205363
142,3,1,2025-09-10,Finland,Georgia,107.66569,75.069668
142,4,1,2025-09-10,Germany,Slovenia,107.59952,91.066504
143,1,1,2025-09-09,Poland,Turkey,68.613826,71.616728
143,2,1,2025-09-09,Lithuania,Greece,91.395974,67.503222
143,3,1,2025-09-10,Finland,Georgia,93.619771,67.357379
143,4,1,2025-09-10,Germany,Slovenia,102.14785,95.170586
144,1,1,2025-09-09,Poland,Turkey,73.238904,77.545053
144,2,1,2025-09-09,Lithuania,Greece,72.871746,70.987741
144,3,1,2025-09-10,Finland,Georgia,84.522015,93.524629
144,4,1,2025-09-10,Germany,Slovenia,115.13428,99.325879
145,1,1,2025-09-09,Poland,Turkey,84.352189,80.804574
145,2,1,2025-09-09,Lithuania,Greece,84.581604,71.587789
145,3,1,2025-09-10,Finland,Georgia,110.71985,74.032233
145,4,1,2025-09-10,Germany,Slovenia,96.068144,73.317314
146,1,1,2025-09-09,Poland,Turkey,84.005294,91.355191
146,2,1,2025-09-09,Lithuania,Greece,87.413488,66.557426
146,3,1,2025-09-10,Finland,Georgia,81.047368,72.278457
146,4,1,2025-09-10,Germany,Slovenia,116.82863,88.433038
147,1,1,2025-09-09,Poland,Turkey,72.760151,91.557306
147,2,1,2025-09-09,Lithuania,Greece,78.501202,83.946386
147,3,1,2025-09-10,Finland,Georgia,76.343079,77.432477
147,4,1,2025-09-10,Germany,Slovenia,96.199092,88.420454
148,1,1,2025-09-09,Poland,Turkey,71.20878,73.515648
148,2,1,2025-09-09,Lithuania,Greece,76.249692,71.267974
148,3,1,2025-09-10,Finland,Georgia,83.816659,62.321487
148,4,1,2025-09-10,Germany,Slovenia,101.70715,94.042133
149,1,1,2025-09-09,Poland,Turkey,80.455878,94.353701
149,2,1,2025-09-09,Lithuania,Greece,74.427164,75.009181
149,3,1,2025-09-10,Finland,Georgia,91.826018,71.027371
149,4,1,2025-09-10,Germany,Slovenia,96.946136,82.739683
150,1,1,2025-09-09,Poland,Turkey,92.873608,91.555333
150,2,1,2025-09-09,Lithuania,Greece,82.03353,73.945775
150,3,1,2025-09-10,Finland,Georgia,95.492817,79.139568
150,4,1,2025-09-10,Germany,Slovenia,88.358182,76.642171
151,1,1,2025-09-09,Poland,Turkey,74.693964,89.504767
151,2,1,2025-09-09,Lithuania,Greece,89.522296,74.776086
151,3,1,2025-09-10,Finland,Georgia,105.10323,77.582608
151,4,1,2025-09-10,Germany,Slovenia,118.38223,90.583895
152,1,1,2025-09-09,Poland,Turkey,82.43761,96.248516
152,2,1,2025-09-09,Lithuania,Greece,85.666378,75.404556
152,3,1,2025-09-10,Finland,Georgia,108.65134,65.929064
152,4,1,2025-09-10,Germany,Slovenia,107.99634,89.087844
153,1,1,2025-09-09,Poland,Turkey,82.562621,102.30491
153,2,1,2025-09-09,Lithuania,Greece,103.44661,83.521945
153,3,1,2025-09-10,Finland,Georgia,90.412505,60.748496
153,4,1,2025-09-10,Germany,Slovenia,112.35568,96.544688
154,1,1,2025-09-09,Poland,Turkey,82.790217,85.587657
154,2,1,2025-09-09,Lithuania,Greece,86.687337,90.456332
154,3,1,2025-09-10,Finland,Georgia,94.744538,62.485136
154,4,1,2025-09-10,Germany,Slovenia,114.39884,77.241514
155,1,1,2025-09-09,Poland,Turkey,91.920475,101.18485
155,2,1,2025-09-09,Lithuania,Greece,86.198622,63.33845
155,3,1,2025-09-10,Finland,Georgia,96.068628,81.653926
155,4,1,2025-09-10,Germany,Slovenia,103.01669,80.6658
156,1,1,2025-09-09,Poland,Turkey,83.204472,104.95925
156,2,1,2025-09-09,Lithuania,Greece,108.02973,73.683706
156,3,1,2025-09-10,Finland,Georgia,87.013039,63.385178
156,4,1,2025-09-10,Germany,Slovenia,85.610145,81.854233
157,1,1,2025-09-09,Poland,Turkey,85.892073,104.62904
157,2,1,2025-09-09,Lithuania,Greece,98.428482,68.7095
157,3,1,2025-09-10,Finland,Georgia,84.711494,79.467233
157,4,1,2025-09-10,Germany,Slovenia,104.91165,96.790408
158,1,1,2025-09-09,Poland,Turkey,75.20467,84.188148
158,2,1,2025-09-09,Lithuania,Greece,82.777506,64.570548
158,3,1,2025-09-10,Finland,Georgia,92.687516,63.416267
158,4,1,2025-09-10,Germany,Slovenia,102.0246,89.33585
159,1,1,2025-09-09,Poland,Turkey,70.831972,82.794201
159,2,1,2025-09-09,Lithuania,Greece,84.840551,69.265174
159,3,1,2025-09-10,Finland,Georgia,92.964109,74.90785
159,4,1,2025-09-10,Germany,Slovenia,102.78641,88.196941
160,1,1,2025-09-09,Poland,Turkey,73.778079,91.723513
160,2,1,2025-09-09,Lithuania,Greece,78.887801,67.523711
160,3,1,2025-09-10,Finland,Georgia,102.10939,74.76194
160,4,1,2025-09-10,Germany,Slovenia,107.54663,88.653365
161,1,1,2025-09-09,Poland,Turkey,67.481774,68.157436
161,2,1,2025-09-09,Lithuania,Greece,99.277254,96.309255
161,3,1,2025-09-10,Finland,Georgia,104.09601,64.564841
161,4,1,2025-09-10,Germany,Slovenia,95.096622,99.29396
162,1,1,2025-09-09,Poland,Turkey,75.273605,81.963664
162,2,1,2025-09-09,Lithuania,Greece,86.261084,64.794191
162,3,1,2025-09-10,Finland,Georgia,93.076979,70.721873
162,4,1,2025-09-10,Germany,Slovenia,77.034996,80.658472
163,1,1,2025-09-09,Poland,Turkey,86.086954,73.914424
163,2,1,2025-09-09,Lithuania,Greece,99.413069,98.193422
163,3,1,2025-09-10,Finland,Georgia,97.509274,55.742131
163,4,1,2025-09-10,Germany,Slovenia,83.573586,106.71513
164,1,1,2025-09-09,Poland,Turkey,67.457077,80.575649
164,2,1,2025-09-09,Lithuania,Greece,75.308412,87.792767
164,3,1,2025-09-10,Finland,Georgia,83.142204,70.176101
164,4,1,2025-09-10,Germany,Slovenia,102.58447,78.024145
165,1,1,2025-09-09,Poland,Turkey,94.643526,86.552809
165,2,1,2025-09-09,Lithuania,Greece,84.049622,84.496006
165,3,1,2025-09-10,Finland,Georgia,97.361209,66.793847
165,4,1,2025-09-10,Germany,Slovenia,109.44211,95.332574
166,1,1,2025-09-09,Poland,Turkey,59.125876,104.02379
166,2,1,2025-09-09,Lithuania,Greece,90.023402,65.468153
166,3,1,2025-09-10,Finland,Georgia,108.74528,39.269719
166,4,1,2025-09-10,Germany,Slovenia,91.330739,89.034472
167,1,1,2025-09-09,Poland,Turkey,78.788565,95.172017
167,2,1,2025-09-09,Lithuania,Greece,70.638989,81.545936
167,3,1,2025-09-10,Finland,Georgia,91.968575,67.672418
167,4,1,2025-09-10,Germany,Slovenia,104.15777,80.92152
168,1,1,2025-09-09,Poland,Turkey,69.012711,86.473054
168,2,1,2025-09-09,Lithuania,Greece,86.94119,72.695399
168,3,1,2025-09-10,Finland,Georgia,80.290933,71.595494
168,4,1,2025-09-10,Germany,Slovenia,119.64822,85.047052
169,1,1,2025-09-09,Poland,Turkey,72.704371,72.684153
169,2,1,2025-09-09,Lithuania,Greece,71.388153,60.276102
169,3,1,2025-09-10,Finland,Georgia,105.42654,86.119398
169,4,1,2025-09-10,Germany,Slovenia,100.16438,94.47615
170,1,1,2025-09-09,Poland,Turkey,79.479573,87.617696
170,2,1,2025-09-09,Lithuania,Greece,94.619064,67.385844
170,3,1,2025-09-10,Finland,Georgia,110.08714,74.37268
170,4,1,2025-09-10,Germany,Slovenia,79.30692,87.160971
171,1,1,2025-09-09,Poland,Turkey,93.989918,78.891726
171,2,1,2025-09-09,Lithuania,Greece,87.571056,58.99123
171,3,1,2025-09-10,Finland,Georgia,92.218756,75.00153
171,4,1,2025-09-10,Germany,Slovenia,90.240682,68.432993
172,1,1,2025-09-09,Poland,Turkey,68.77313,94.552199
172,2,1,2025-09-09,Lithuania,Greece,70.180726,71.950171
172,3,1,2025-09-10,Finland,Georgia,86.736596,83.700261
172,4,1,2025-09-10,Germany,Slovenia,107.88415,98.574676
173,1,1,2025-09-09,Poland,Turkey,66.023807,87.134378
173,2,1,2025-09-09,Lithuania,Greece,66.111796,36.952118
173,3,1,2025-09-10,Finland,Georgia,90.948133,65.427539
173,4,1,2025-09-10,Germany,Slovenia,80.651234,72.283335
174,1,1,2025-09-09,Poland,Turkey,69.418644,77.295469
174,2,1,2025-09-09,Lithuania,Greece,85.284494,58.088387
174,3,1,2025-09-10,Finland,Georgia,85.043833,49.858616
174,4,1,2025-09-10,Germany,Slovenia,110.29927,114.3278
175,1,1,2025-09-09,Poland,Turkey,84.717157,69.138799
175,2,1,2025-09-09,Lithuania,Greece,108.87101,80.961873
175,3,1,2025-09-10,Finland,Georgia,101.51485,81.89408
175,4,1,2025-09-10,Germany,Slovenia,96.797514,90.479291
176,1,1,2025-09-09,Poland,Turkey,70.695619,65.403174
176,2,1,2025-09-09,Lithuania,Greece,96.691125,85.276167
176,3,1,2025-09-10,Finland,Georgia,123.23414,67.839397
176,4,1,2025-09-10,Germany,Slovenia,107.80425,101.79425
177,1,1,2025-09-09,Poland,Turkey,98.802154,102.85677
177,2,1,2025-09-09,Lithuania,Greece,96.609314,68.020164
177,3,1,2025-09-10,Finland,Georgia,87.312691,72.784427
177,4,1,2025-09-10,Germany,Slovenia,100.30881,78.475719
178,1,1,2025-09-09,Poland,Turkey,83.565641,109.36708
178,2,1,2025-09-09,Lithuania,Greece,111.11703,77.216897
178,3,1,2025-09-10,Finland,Georgia,94.469514,62.547359
178,4,1,2025-09-10,Germany,Slovenia,79.019241,102.20941
179,1,1,2025-09-09,Poland,Turkey,70.557242,81.571761
179,2,1,2025-09-09,Lithuania,Greece,77.849063,78.163583
179,3,1,2025-09-10,Finland,Georgia,106.19895,77.869583
179,4,1,2025-09-10,Germany,Slovenia,109.52885,86.74303
180,1,1,2025-09-09,Poland,Turkey,82.844178,86.821761
180,2,1,2025-09-09,Lithuania,Greece,84.063628,76.220492
180,3,1,2025-09-10,Finland,Georgia,85.353251,62.837025
180,4,1,2025-09-10,Germany,Slovenia,115.78378,99.837249
181,1,1,2025-09-09,Poland,Turkey,75.561108,85.765427
181,2,1,2025-09-09,Lithuania,Greece,103.39115,83.006106
181,3,1,2025-09-10,Finland,Georgia,87.783638,86.231718
181,4,1,2025-09-10,Germany,Slovenia,107.99045,93.751627
182,1,1,2025-09-09,Poland,Turkey,84.853902,110.4115
182,2,1,2025-09-09,Lithuania,Greece,98.979326,81.923711
182,3,1,2025-09-10,Finland,Georgia,105.33865,61.209281
182,4,1,2025-09-10,Germany,Slovenia,91.648033,68.597064
183,1,1,2025-09-09,Poland,Turkey,83.351574,79.519985
183,2,1,2025-09-09,Lithuania,Greece,97.133313,84.021703
183,3,1,2025-09-10,Finland,Georgia,87.400704,82.747271
183,4,1,2025-09-10,Germany,Slovenia,102.47266,84.995746
184,1,1,2025-09-09,Poland,Turkey,80.922258,84.057047
184,2,1,2025-09-09,Lithuania,Greece,88.051737,90.241077
184,3,1,2025-09-10,Finland,Georgia,83.29703,69.716062
184,4,1,2025-09-10,Germany,Slovenia,97.607503,94.467079
185,1,1,2025-09-09,Poland,Turkey,70.549128,80.962598
185,2,1,2025-09-09,Lithuania,Greece,108.2464,92.851108
185,3,1,2025-09-10,Finland,Georgia,92.106377,87.832892
185,4,1,2025-09-10,Germany,Slovenia,98.349095,85.201824
186,1,1,2025-09-09,Poland,Turkey,77.321539,89.78953
186,2,1,2025-09-09,Lithuania,Greece,78.746457,80.507736
186,3,1,2025-09-10,Finland,Georgia,107.10819,89.358811
186,4,1,2025-09-10,Germany,Slovenia,101.64793,87.662845
187,1,1,2025-09-09,Poland,Turkey,98.704539,88.33417
187,2,1,2025-09-09,Lithuania,Greece,75.228399,81.336825
187,3,1,2025-09-10,Finland,Georgia,106.47266,100.21611
187,4,1,2025-09-10,Germany,Slovenia,88.08842,70.552303
188,1,1,2025-09-09,Poland,Turkey,76.549696,86.178731
188,2,1,2025-09-09,Lithuania,Greece,73.89133,65.324068
188,3,1,2025-09-10,Finland,Georgia,96.040713,79.360344
188,4,1,2025-09-10,Germany,Slovenia,89.826225,83.819241
189,1,1,2025-09-09,Poland,Turkey,85.434577,84.459174
189,2,1,2025-09-09,Lithuania,Greece,86.04718,74.943362
189,3,1,2025-09-10,Finland,Georgia,94.13298,87.716413
189,4,1,2025-09-10,Germany,Slovenia,103.44649,65.930146
190,1,1,2025-09-09,Poland,Turkey,69.156647,88.458933
190,2,1,2025-09-09,Lithuania,Greece,72.998003,69.262403
190,3,1,2025-09-10,Finland,Georgia,87.333484,85.708414
190,4,1,2025-09-10,Germany,Slovenia,105.01822,85.410744
191,1,1,2025-09-09,Poland,Turkey,78.365391,91.105262
191,2,1,2025-09-09,Lithuania,Greece,84.815718,68.213217
191,3,1,2025-09-10,Finland,Georgia,83.538756,67.909952
191,4,1,2025-09-10,Germany,Slovenia,100.18101,82.434242
192,1,1,2025-09-09,Poland,Turkey,69.086996,96.366951
192,2,1,2025-09-09,Lithuania,Greece,93.506961,78.582465
192,3,1,2025-09-10,Finland,Georgia,81.3091,58.344059
192,4,1,2025-09-10,Germany,Slovenia,94.844088,89.428486
193,1,1,2025-09-09,Poland,Turkey,49.092701,104.4684
193,2,1,2025-09-09,Lithuania,Greece,79.107755,85.829883
193,3,1,2025-09-10,Finland,Georgia,74.724468,84.83789
193,4,1,2025-09-10,Germany,Slovenia,129.58299,109.49082
194,1,1,2025-09-09,Poland,Turkey,80.08425,92.362828
194,2,1,2025-09-09,Lithuania,Greece,78.598796,72.576022
194,3,1,2025-09-10,Finland,Georgia,84.705626,52.889617
194,4,1,2025-09-10,Germany,Slovenia,82.440985,79.998777
195,1,1,2025-09-09,Poland,Turkey,87.138838,77.054323
195,2,1,2025-09-09,Lithuania,Greece,79.282733,61.626229
195,3,1,2025-09-10,Finland,Georgia,133.29717,77.359106
195,4,1,2025-09-10,Germany,Slovenia,102.69798,78.961495
196,1,1,2025-09-09,Poland,Turkey,84.144734,76.652352
196,2,1,2025-09-09,Lithuania,Greece,83.641765,74.745567
196,3,1,2025-09-10,Finland,Georgia,97.440532,90.693517
196,4,1,2025-09-10,Germany,Slovenia,86.366662,87.906614
197,1,1,2025-09-09,Poland,Turkey,77.911838,84.138057
197,2,1,2025-09-09,Lithuania,Greece,79.481476,73.954626
197,3,1,2025-09-10,Finland,Georgia,88.190943,77.716126
197,4,1,2025-09-10,Germany,Slovenia,110.59387,70.105848
198,1,1,2025-09-09,Poland,Turkey,84.363613,91.050181
198,2,1,2025-09-09,Lithuania,Greece,73.927102,92.985501
198,3,1,2025-09-10,Finland,Georgia,111.64685,70.667681
198,4,1,2025-09-10,Germany,Slovenia,101.75421,89.969212
199,1,1,2025-09-09,Poland,Turkey,90.266552,85.933626
199,2,1,2025-09-09,Lithuania,Greece,95.612384,81.703475
199,3,1,2025-09-10,Finland,Georgia,84.058803,74.130745
199,4,1,2025-09-10,Germany,Slovenia,108.6163,97.97978
200,1,1,2025-09-09,Poland,Turkey,57.998073,90.939104
200,2,1,2025-09-09,Lithuania,Greece,95.085432,106.28135
200,3,1,2025-09-10,Finland,Georgia,125.17182,86.25758
200,4,1,2025-09-10,Germany,Slovenia,104.01922,82.170945
201,1,1,2025-09-09,Poland,Turkey,83.260612,78.690417
201,2,1,2025-09-09,Lithuania,Greece,97.761922,76.467149
201,3,1,2025-09-10,Finland,Georgia,91.338341,92.885647
201,4,1,2025-09-10,Germany,Slovenia,107.59123,69.020957
202,1,1,2025-09-09,Poland,Turkey,78.275044,97.450132
202,2,1,2025-09-09,Lithuania,Greece,79.708597,75.875855
202,3,1,2025-09-10,Finland,Georgia,104.29047,74.971826
202,4,1,2025-09-10,Germany,Slovenia,117.31627,88.831793
203,1,1,2025-09-09,Poland,Turkey,72.147853,80.399547
203,2,1,2025-09-09,Lithuania,Greece,98.53781,72.226952
203,3,1,2025-09-10,Finland,Georgia,106.05382,85.129347
203,4,1,2025-09-10,Germany,Slovenia,97.035688,79.809203
204,1,1,2025-09-09,Poland,Turkey,87.294731,79.978245
204,2,1,2025-09-09,Lithuania,Greece,81.452693,84.240714
204,3,1,2025-09-10,Finland,Georgia,96.395796,61.831838
204,4,1,2025-09-10,Germany,Slovenia,116.03594,86.075116
205,1,1,2025-09-09,Poland,Turkey,68.098628,85.888002
205,2,1,2025-09-09,Lithuania,Greece,94.640512,89.767299
205,3,1,2025-09-10,Finland,Georgia,109.6231,80.740666
205,4,1,2025-09-10,Germany,Slovenia,116.76137,84.546136
206,1,1,2025-09-09,Poland,Turkey,85.962613,76.181936
206,2,1,2025-09-09,Lithuania,Greece,96.201266,84.288106
206,3,1,2025-09-10,Finland,Georgia,107.75681,65.075609
206,4,1,2025-09-10,Germany,Slovenia,99.68707,108.18659
207,1,1,2025-09-09,Poland,Turkey,77.292307,102.69596
207,2,1,2025-09-09,Lithuania,Greece,108.76656,81.77993
207,3,1,2025-09-10,Finland,Georgia,102.75656,77.964137
207,4,1,2025-09-10,Germany,Slovenia,92.371237,83.070644
208,1,1,2025-09-09,Poland,Turkey,64.441987,96.800611
208,2,1,2025-09-09,Lithuania,Greece,77.486884,67.245579
208,3,1,2025-09-10,Finland,Georgia,85.662214,73.628578
208,4,1,2025-09-10,Germany,Slovenia,98.620001,84.70092
209,1,1,2025-09-09,Poland,Turkey,72.559589,92.430069
209,2,1,2025-09-09,Lithuania,Greece,96.579051,77.347158
209,3,1,2025-09-10,Finland,Georgia,94.831346,63.45915
209,4,1,2025-09-10,Germany,Slovenia,94.498355,94.185383
210,1,1,2025-09-09,Poland,Turkey,72.07365,86.076451
210,2,1,2025-09-09,Lithuania,Greece,69.615544,72.568957
210,3,1,2025-09-10,Finland,Georgia,80.196209,86.449636
210,4,1,2025-09-10,Germany,Slovenia,119.55369,93.240866
211,1,1,2025-09-09,Poland,Turkey,96.218531,77.114173
211,2,1,2025-09-09,Lithuania,Greece,94.6762,74.210999
211,3,1,2025-09-10,Finland,Georgia,103.2889,104.50766
211,4,1,2025-09-10,Germany,Slovenia,93.394649,80.461986
212,1,1,2025-09-09,Poland,Turkey,82.090131,85.718949
212,2,1,2025-09-09,Lithuania,Greece,76.886607,72.951223
212,3,1,2025-09-10,Finland,Georgia,97.43396,79.357273
212,4,1,2025-09-10,Germany,Slovenia,121.10209,87.75113
213,1,1,2025-09-09,Poland,Turkey,96.588319,103.54142
213,2,1,2025-09-09,Lithuania,Greece,79.997929,93.887498
213,3,1,2025-09-10,Finland,Georgia,113.18637,60.980197
213,4,1,2025-09-10,Germany,Slovenia,84.194815,94.417804
214,1,1,2025-09-09,Poland,Turkey,89.214385,85.125378
214,2,1,2025-09-09,Lithuania,Greece,64.724888000000007,75.162934
214,3,1,2025-09-10,Finland,Georgia,102.39875,69.867202
214,4,1,2025-09-10,Germany,Slovenia,99.190422,85.240336
215,1,1,2025-09-09,Poland,Turkey,78.040193,87.477915
215,2,1,2025-09-09,Lithuania,Greece,70.109963,57.116786
215,3,1,2025-09-10,Finland,Georgia,91.288534,61.979149
215,4,1,2025-09-10,Germany,Slovenia,96.33401,98.64013
216,1,1,2025-09-09,Poland,Turkey,78.983897,94.829187
216,2,1,2025-09-09,Lithuania,Greece,86.631256,60.640696
216,3,1,2025-09-10,Finland,Georgia,100.48232,79.481467
216,4,1,2025-09-10,Germany,Slovenia,115.44256,94.115296
217,1,1,2025-09-09,Poland,Turkey,68.519565,100.00458
217,2,1,2025-09-09,Lithuania,Greece,59.164839,53.034057
217,3,1,2025-09-10,Finland,Georgia,77.917053,67.078463
217,4,1,2025-09-10,Germany,Slovenia,103.50071,100.46281
218,1,1,2025-09-09,Poland,Turkey,68.506927,93.313559
218,2,1,2025-09-09,Lithuania,Greece,70.644905,71.498001
218,3,1,2025-09-10,Finland,Georgia,106.34914,84.084007
218,4,1,2025-09-10,Germany,Slovenia,103.06,94.333757
219,1,1,2025-09-09,Poland,Turkey,69.319749,90.130683
219,2,1,2025-09-09,Lithuania,Greece,71.238431,82.477761
219,3,1,2025-09-10,Finland,Georgia,92.928835,83.18079
219,4,1,2025-09-10,Germany,Slovenia,104.04049,107.3323
220,1,1,2025-09-09,Poland,Turkey,82.047623,96.084268
220,2,1,2025-09-09,Lithuania,Greece,85.756386,80.152547
220,3,1,2025-09-10,Finland,Georgia,95.085389,62.855063
220,4,1,2025-09-10,Germany,Slovenia,115.35647,74.182551
221,1,1,2025-09-09,Poland,Turkey,75.876465,95.789943
221,2,1,2025-09-09,Lithuania,Greece,78.264006,65.971817
221,3,1,2025-09-10,Finland,Georgia,90.610462,78.749393
221,4,1,2025-09-10,Germany,Slovenia,109.21459,77.115568
222,1,1,2025-09-09,Poland,Turkey,67.457331,81.389647
222,2,1,2025-09-09,Lithuania,Greece,92.870223,61.326462
222,3,1,2025-09-10,Finland,Georgia,122.77912,72.727344
222,4,1,2025-09-10,Germany,Slovenia,121.72748,70.086977
223,1,1,2025-09-09,Poland,Turkey,83.730356,100.72032
223,2,1,2025-09-09,Lithuania,Greece,84.341495,68.789424
223,3,1,2025-09-10,Finland,Georgia,87.081676,66.990502
223,4,1,2025-09-10,Germany,Slovenia,103.36101,87.56806
224,1,1,2025-09-09,Poland,Turkey,70.473946,84.705148
224,2,1,2025-09-09,Lithuania,Greece,85.263101,70.259353
224,3,1,2025-09-10,Finland,Georgia,104.74841,80.30119
224,4,1,2025-09-10,Germany,Slovenia,102.97965,91.482001
225,1,1,2025-09-09,Poland,Turkey,82.249238,83.260679
225,2,1,2025-09-09,Lithuania,Greece,92.413658,56.185208
225,3,1,2025-09-10,Finland,Georgia,88.468158,65.352889
225,4,1,2025-09-10,Germany,Slovenia,118.98688,100.21527
226,1,1,2025-09-09,Poland,Turkey,66.440682,80.114135
226,2,1,2025-09-09,Lithuania,Greece,87.767573,57.353341
226,3,1,2025-09-10,Finland,Georgia,94.156429,78.988434
226,4,1,2025-09-10,Germany,Slovenia,96.260058,84.20259
227,1,1,2025-09-09,Poland,Turkey,84.515233,99.937838
227,2,1,2025-09-09,Lithuania,Greece,100.83024,77.893187
227,3,1,2025-09-10,Finland,Georgia,95.911925,74.142067
227,4,1,2025-09-10,Germany,Slovenia,99.729405,68.955297
228,1,1,2025-09-09,Poland,Turkey,94.783628,86.080463
228,2,1,2025-09-09,Lithuania,Greece,87.584739,71.455157
228,3,1,2025-09-10,Finland,Georgia,101.52371,97.372302
228,4,1,2025-09-10,Germany,Slovenia,100.40198,78.109045
229,1,1,2025-09-09,Poland,Turkey,70.801556,88.251813
229,2,1,2025-09-09,Lithuania,Greece,87.535892,66.436691
229,3,1,2025-09-10,Finland,Georgia,88.0358,66.896367
229,4,1,2025-09-10,Germany,Slovenia,103.48598,95.972199
230,1,1,2025-09-09,Poland,Turkey,82.082869,73.945897
230,2,1,2025-09-09,Lithuania,Greece,79.089787,92.989094
230,3,1,2025-09-10,Finland,Georgia,90.613501,71.442436
230,4,1,2025-09-10,Germany,Slovenia,82.786204,89.390066
231,1,1,2025-09-09,Poland,Turkey,58.088391,78.989109
231,2,1,2025-09-09,Lithuania,Greece,61.970644,73.21442
231,3,1,2025-09-10,Finland,Georgia,110.47795,72.562747
231,4,1,2025-09-10,Germany,Slovenia,114.45629,75.907367
232,1,1,2025-09-09,Poland,Turkey,74.249968,98.359567
232,2,1,2025-09-09,Lithuania,Greece,93.567076,82.901539
232,3,1,2025-09-10,Finland,Georgia,85.945798,85.07843
232,4,1,2025-09-10,Germany,Slovenia,96.466707,102.41823
233,1,1,2025-09-09,Poland,Turkey,82.040805,82.190525
233,2,1,2025-09-09,Lithuania,Greece,85.410849,75.479379
233,3,1,2025-09-10,Finland,Georgia,88.803419,83.43019
233,4,1,2025-09-10,Germany,Slovenia,106.08428,84.957154
234,1,1,2025-09-09,Poland,Turkey,69.030483,88.013504
234,2,1,2025-09-09,Lithuania,Greece,97.801354,86.954844
234,3,1,2025-09-10,Finland,Georgia,103.52202,83.720432
234,4,1,2025-09-10,Germany,Slovenia,118.43171,86.150292
235,1,1,2025-09-09,Poland,Turkey,79.068373,72.629116
235,2,1,2025-09-09,Lithuania,Greece,83.22096,91.949939
235,3,1,2025-09-10,Finland,Georgia,81.0476,72.983302
235,4,1,2025-09-10,Germany,Slovenia,107.96939,88.787258
236,1,1,2025-09-09,Poland,Turkey,105.25386,99.094562
236,2,1,2025-09-09,Lithuania,Greece,85.185788,77.982671
236,3,1,2025-09-10,Finland,Georgia,82.152359,78.105701
236,4,1,2025-09-10,Germany,Slovenia,96.035382,83.435709
237,1,1,2025-09-09,Poland,Turkey,79.211377,75.178669
237,2,1,2025-09-09,Lithuania,Greece,109.89904,88.729733
237,3,1,2025-09-10,Finland,Georgia,88.178481,85.121654
237,4,1,2025-09-10,Germany,Slovenia,108.8871,94.756141
238,1,1,2025-09-09,Poland,Turkey,72.063957,90.44948
238,2,1,2025-09-09,Lithuania,Greece,84.49698,65.364388
238,3,1,2025-09-10,Finland,Georgia,101.41394,79.494519
238,4,1,2025-09-10,Germany,Slovenia,106.54342,85.451795
239,1,1,2025-09-09,Poland,Turkey,64.751928,87.636598
239,2,1,2025-09-09,Lithuania,Greece,86.721567,67.890259
239,3,1,2025-09-10,Finland,Georgia,83.776266,57.578924
239,4,1,2025-09-10,Germany,Slovenia,96.520325,73.24239
240,1,1,2025-09-09,Poland,Turkey,70.075254,104.33493
240,2,1,2025-09-09,Lithuania,Greece,81.985425,61.95353
240,3,1,2025-09-10,Finland,Georgia,107.7535,76.599972
240,4,1,2025-09-10,Germany,Slovenia,94.687105,96.965263
241,1,1,2025-09-09,Poland,Turkey,86.86837,86.646623
241,2,1,2025-09-09,Lithuania,Greece,78.444869,54.53038
241,3,1,2025-09-10,Finland,Georgia,87.468166,76.726228
241,4,1,2025-09-10,Germany,Slovenia,102.62875,94.261257
242,1,1,2025-09-09,Poland,Turkey,73.519624,89.794877
242,2,1,2025-09-09,Lithuania,Greece,101.74616,83.377526
242,3,1,2025-09-10,Finland,Georgia,119.78305,72.153044
242,4,1,2025-09-10,Germany,Slovenia,113.60331,88.845766
243,1,1,2025-09-09,Poland,Turkey,78.785986,90.874684
243,2,1,2025-09-09,Lithuania,Greece,81.726957,89.38395
243,3,1,2025-09-10,Finland,Georgia,97.397395,84.755875
243,4,1,2025-09-10,Germany,Slovenia,104.51827,78.869679
244,1,1,2025-09-09,Poland,Turkey,88.011962,106.51104
244,2,1,2025-09-09,Lithuania,Greece,83.906321,65.006155
244,3,1,2025-09-10,Finland,Georgia,94.801259,88.617727
244,4,1,2025-09-10,Germany,Slovenia,98.746279,92.441463
245,1,1,2025-09-09,Poland,Turkey,95.545649,95.94912
245,2,1,2025-09-09,Lithuania,Greece,93.085868,84.862635
245,3,1,2025-09-10,Finland,Georgia,73.147763,57.973461
245,4,1,2025-09-10,Germany,Slovenia,88.177093,69.33712
246,1,1,2025-09-09,Poland,Turkey,85.836122,95.85232
246,2,1,2025-09-09,Lithuania,Greece,87.769406,77.460469
246,3,1,2025-09-10,Finland,Georgia,92.001202,73.30445
246,4,1,2025-09-10,Germany,Slovenia,92.404472,80.824984
247,1,1,2025-09-09,Poland,Turkey,60.40017,77.010835
247,2,1,2025-09-09,Lithuania,Greece,85.379068,106.47263
247,3,1,2025-09-10,Finland,Georgia,73.876053,79.434926
247,4,1,2025-09-10,Germany,Slovenia,113.20854,99.703732
248,1,1,2025-09-09,Poland,Turkey,79.117722,89.146803
248,2,1,2025-09-09,Lithuania,Greece,87.787706,79.313476
248,3,1,2025-09-10,Finland,Georgia,93.982181,103.91169
248,4,1,2025-09-10,Germany,Slovenia,108.33055,87.657303
249,1,1,2025-09-09,Poland,Turkey,89.857463,81.836181
249,2,1,2025-09-09,Lithuania,Greece,80.852724,72.466935
249,3,1,2025-09-10,Finland,Georgia,105.22611,75.789766
249,4,1,2025-09-10,Germany,Slovenia,101.2187,78.595636
250,1,1,2025-09-09,Poland,Turkey,91.8306,79.789606
250,2,1,2025-09-09,Lithuania,Greece,83.098997,74.423349
250,3,1,2025-09-10,Finland,Georgia,97.634373,100.1414
250,4,1,2025-09-10,Germany,Slovenia,104.23022,81.878341
251,1,1,2025-09-09,Poland,Turkey,107.21692,89.263274
251,2,1,2025-09-09,Lithuania,Greece,93.220114,90.432617
251,3,1,2025-09-10,Finland,Georgia,83.508973,77.557681
251,4,1,2025-09-10,Germany,Slovenia,86.079585,103.89541
252,1,1,2025-09-09,Poland,Turkey,103.74444,108.04341
252,2,1,2025-09-09,Lithuania,Greece,74.58049,78.006913
252,3,1,2025-09-10,Finland,Georgia,89.667378,71.853673
252,4,1,2025-09-10,Germany,Slovenia,104.18045,82.014764
253,1,1,2025-09-09,Poland,Turkey,84.216917,73.515321
253,2,1,2025-09-09,Lithuania,Greece,97.150708,92.141258
253,3,1,2025-09-10,Finland,Georgia,82.691528,66.179886
253,4,1,2025-09-10,Germany,Slovenia,84.517171,76.36853
254,1,1,2025-09-09,Poland,Turkey,71.709807,91.408422
254,2,1,2025-09-09,Lithuania,Greece,90.486985,87.548176
254,3,1,2025-09-10,Finland,Georgia,91.362232,71.404952
254,4,1,2025-09-10,Germany,Slovenia,93.546007,83.594051
255,1,1,2025-09-09,Poland,Turkey,80.863342,86.328959
255,2,1,2025-09-09,Lithuania,Greece,81.790068,83.768988
255,3,1,2025-09-10,Finland,Georgia,88.262404,72.943375
255,4,1,2025-09-10,Germany,Slovenia,94.891198,88.441021
256,1,1,2025-09-09,Poland,Turkey,77.734842,81.765699
256,2,1,2025-09-09,Lithuania,Greece,107.3739,57.696018
256,3,1,2025-09-10,Finland,Georgia,71.747913,78.696135
256,4,1,2025-09-10,Germany,Slovenia,121.13807,104.80358
257,1,1,2025-09-09,Poland,Turkey,75.800001,86.120638
257,2,1,2025-09-09,Lithuania,Greece,77.463483,62.346384
257,3,1,2025-09-10,Finland,Georgia,85.085738,92.850937
257,4,1,2025-09-10,Germany,Slovenia,103.35722,92.207709
258,1,1,2025-09-09,Poland,Turkey,76.015641,85.226179
258,2,1,2025-09-09,Lithuania,Greece,88.423987,69.963402
258,3,1,2025-09-10,Finland,Georgia,96.956009,76.565357
258,4,1,2025-09-10,Germany,Slovenia,102.9606,74.948659
259,1,1,2025-09-09,Poland,Turkey,78.025064,90.33579
259,2,1,2025-09-09,Lithuania,Greece,83.748807,57.015012
259,3,1,2025-09-10,Finland,Georgia,86.620975,75.407875
259,4,1,2025-09-10,Germany,Slovenia,106.18272,83.819805
260,1,1,2025-09-09,Poland,Turkey,78.590828,82.302518
260,2,1,2025-09-09,Lithuania,Greece,68.054293,61.053433
260,3,1,2025-09-10,Finland,Georgia,95.376398,61.546817
260,4,1,2025-09-10,Germany,Slovenia,95.09273,94.193412
261,1,1,2025-09-09,Poland,Turkey,82.011978,104.37877
261,2,1,2025-09-09,Lithuania,Greece,85.09799,85.657548
261,3,1,2025-09-10,Finland,Georgia,103.11035,92.10844
261,4,1,2025-09-10,Germany,Slovenia,99.708377,81.01882
262,1,1,2025-09-09,Poland,Turkey,78.188774,88.513029
262,2,1,2025-09-09,Lithuania,Greece,85.870182,49.187121
262,3,1,2025-09-10,Finland,Georgia,92.744503,58.576024
262,4,1,2025-09-10,Germany,Slovenia,99.569915,93.383786
263,1,1,2025-09-09,Poland,Turkey,68.614277,93.819156
263,2,1,2025-09-09,Lithuania,Greece,99.191875,73.604249
263,3,1,2025-09-10,Finland,Georgia,95.3164,74.845317
263,4,1,2025-09-10,Germany,Slovenia,102.5636,79.151751
264,1,1,2025-09-09,Poland,Turkey,54.71126,82.425215
264,2,1,2025-09-09,Lithuania,Greece,83.753442,82.296644
264,3,1,2025-09-10,Finland,Georgia,88.776596,65.456125
264,4,1,2025-09-10,Germany,Slovenia,99.377682,83.145397
265,1,1,2025-09-09,Poland,Turkey,75.445437,82.009947
265,2,1,2025-09-09,Lithuania,Greece,83.9409,80.623398
265,3,1,2025-09-10,Finland,Georgia,78.543182,65.635618
265,4,1,2025-09-10,Germany,Slovenia,97.308285,75.068546
266,1,1,2025-09-09,Poland,Turkey,45.229663,81.670817
266,2,1,2025-09-09,Lithuania,Greece,82.983614,68.604812
266,3,1,2025-09-10,Finland,Georgia,94.961219,91.286277
266,4,1,2025-09-10,Germany,Slovenia,95.607174,56.797319
267,1,1,2025-09-09,Poland,Turkey,78.951083,82.901131
267,2,1,2025-09-09,Lithuania,Greece,86.813976,81.732012
267,3,1,2025-09-10,Finland,Georgia,113.22941,73.947995
267,4,1,2025-09-10,Germany,Slovenia,107.01179,82.179667
268,1,1,2025-09-09,Poland,Turkey,71.005965,77.883383
268,2,1,2025-09-09,Lithuania,Greece,56.362326,68.635832
268,3,1,2025-09-10,Finland,Georgia,106.24605,80.887913
268,4,1,2025-09-10,Germany,Slovenia,108.40898,98.810965
269,1,1,2025-09-09,Poland,Turkey,79.603788,78.470881
269,2,1,2025-09-09,Lithuania,Greece,82.659268,86.788743
269,3,1,2025-09-10,Finland,Georgia,96.286528,63.118047
269,4,1,2025-09-10,Germany,Slovenia,99.620058,94.484597
270,1,1,2025-09-09,Poland,Turkey,57.747138,80.603448
270,2,1,2025-09-09,Lithuania,Greece,100.73974,78.868594
270,3,1,2025-09-10,Finland,Georgia,92.273186,66.853087
270,4,1,2025-09-10,Germany,Slovenia,109.95728,79.632206
271,1,1,2025-09-09,Poland,Turkey,80.194324,86.740368
271,2,1,2025-09-09,Lithuania,Greece,72.439537,80.904169
271,3,1,2025-09-10,Finland,Georgia,81.926905,55.842448
271,4,1,2025-09-10,Germany,Slovenia,100.09153,93.13889
272,1,1,2025-09-09,Poland,Turkey,73.800214,92.384564
272,2,1,2025-09-09,Lithuania,Greece,79.646512,76.421472
272,3,1,2025-09-10,Finland,Georgia,81.197466,51.940184
272,4,1,2025-09-10,Germany,Slovenia,100.97435,76.009165
273,1,1,2025-09-09,Poland,Turkey,77.767692,80.343065
273,2,1,2025-09-09,Lithuania,Greece,90.724712,79.757212
273,3,1,2025-09-10,Finland,Georgia,91.706135,74.226142
273,4,1,2025-09-10,Germany,Slovenia,94.338251,82.615702
274,1,1,2025-09-09,Poland,Turkey,75.244021,65.481571
274,2,1,2025-09-09,Lithuania,Greece,68.592348,72.548871
274,3,1,2025-09-10,Finland,Georgia,80.50181,73.157936
274,4,1,2025-09-10,Germany,Slovenia,101.82113,80.439708
275,1,1,2025-09-09,Poland,Turkey,90.378719,86.783721
275,2,1,2025-09-09,Lithuania,Greece,72.210943,66.703716
275,3,1,2025-09-10,Finland,Georgia,108.3018,77.510871
275,4,1,2025-09-10,Germany,Slovenia,95.018798,95.388598
276,1,1,2025-09-09,Poland,Turkey,66.695965,91.93346
276,2,1,2025-09-09,Lithuania,Greece,89.24988,85.866915
276,3,1,2025-09-10,Finland,Georgia,89.792445,62.860627
276,4,1,2025-09-10,Germany,Slovenia,115.26226,82.498008
277,1,1,2025-09-09,Poland,Turkey,57.840877,84.182347
277,2,1,2025-09-09,Lithuania,Greece,99.426994,74.452032
277,3,1,2025-09-10,Finland,Georgia,91.839742,91.878468
277,4,1,2025-09-10,Germany,Slovenia,93.210849,99.798484
278,1,1,2025-09-09,Poland,Turkey,60.200673,85.09241
278,2,1,2025-09-09,Lithuania,Greece,81.869993,81.840515
278,3,1,2025-09-10,Finland,Georgia,107.39798,88.660823
278,4,1,2025-09-10,Germany,Slovenia,109.67485,100.28981
279,1,1,2025-09-09,Poland,Turkey,88.18857,91.146465
279,2,1,2025-09-09,Lithuania,Greece,76.588919,72.70162
279,3,1,2025-09-10,Finland,Georgia,92.694894,84.216989
279,4,1,2025-09-10,Germany,Slovenia,115.35598,70.147064
280,1,1,2025-09-09,Poland,Turkey,74.381579,88.686373
280,2,1,2025-09-09,Lithuania,Greece,101.95434,78.368654
280,3,1,2025-09-10,Finland,Georgia,103.61219,71.262844
280,4,1,2025-09-10,Germany,Slovenia,97.109699,69.765551
281,1,1,2025-09-09,Poland,Turkey,83.615384,88.313641
281,2,1,2025-09-09,Lithuania,Greece,86.432542,72.178468
281,3,1,2025-09-10,Finland,Georgia,127.90007,68.864666
281,4,1,2025-09-10,Germany,Slovenia,87.254518,77.497345
282,1,1,2025-09-09,Poland,Turkey,75.441931,75.284351
282,2,1,2025-09-09,Lithuania,Greece,89.505919,55.72996
282,3,1,2025-09-10,Finland,Georgia,106.19675,78.339445
282,4,1,2025-09-10,Germany,Slovenia,105.32715,77.609986
283,1,1,2025-09-09,Poland,Turkey,71.022034,85.574435
283,2,1,2025-09-09,Lithuania,Greece,87.620381,83.009214
283,3,1,2025-09-10,Finland,Georgia,88.691315,79.95341
283,4,1,2025-09-10,Germany,Slovenia,90.977581,66.185428
284,1,1,2025-09-09,Poland,Turkey,85.062782,90.818115
284,2,1,2025-09-09,Lithuania,Greece,87.892894,71.507124
284,3,1,2025-09-10,Finland,Georgia,100.27529,99.059637
284,4,1,2025-09-10,Germany,Slovenia,92.637914,74.767184
285,1,1,2025-09-09,Poland,Turkey,82.58164,87.174266
285,2,1,2025-09-09,Lithuania,Greece,78.994685,68.843411
285,3,1,2025-09-10,Finland,Georgia,87.096361,74.088642
285,4,1,2025-09-10,Germany,Slovenia,106.45938,101.07039
286,1,1,2025-09-09,Poland,Turkey,91.328382,71.395447
286,2,1,2025-09-09,Lithuania,Greece,91.419355,92.824449
286,3,1,2025-09-10,Finland,Georgia,92.254657,88.370995
286,4,1,2025-09-10,Germany,Slovenia,104.75074,95.453092
287,1,1,2025-09-09,Poland,Turkey,74.137721,92.481072
287,2,1,2025-09-09,Lithuania,Greece,68.91913,70.26344
287,3,1,2025-09-10,Finland,Georgia,100.34929,72.387318
287,4,1,2025-09-10,Germany,Slovenia,94.485121,69.492136
288,1,1,2025-09-09,Poland,Turkey,85.69267,95.052422000000007
288,2,1,2025-09-09,Lithuania,Greece,82.676368,76.248863
288,3,1,2025-09-10,Finland,Georgia,93.022906,89.156735
288,4,1,2025-09-10,Germany,Slovenia,109.07681,85.889055
289,1,1,2025-09-09,Poland,Turkey,74.501796,81.782222
289,2,1,2025-09-09,Lithuania,Greece,81.725051,75.618334
289,3,1,2025-09-10,Finland,Georgia,83.632664,67.221794
289,4,1,2025-09-10,Germany,Slovenia,126.91919,94.086976
290,1,1,2025-09-09,Poland,Turkey,76.037138,76.922519
290,2,1,2025-09-09,Lithuania,Greece,83.160562,78.88718
290,3,1,2025-09-10,Finland,Georgia,107.17277,82.733885
290,4,1,2025-09-10,Germany,Slovenia,78.766717,86.891496
291,1,1,2025-09-09,Poland,Turkey,94.554959,85.410026
291,2,1,2025-09-09,Lithuania,Greece,90.435451,57.625008
291,3,1,2025-09-10,Finland,Georgia,112.26789,57.962936
291,4,1,2025-09-10,Germany,Slovenia,86.168312,76.104602
292,1,1,2025-09-09,Poland,Turkey,83.860266,75.796857
292,2,1,2025-09-09,Lithuania,Greece,89.671081,64.870139
292,3,1,2025-09-10,Finland,Georgia,90.141521,82.831578
292,4,1,2025-09-10,Germany,Slovenia,92.001006,97.038656
293,1,1,2025-09-09,Poland,Turkey,72.437111,75.235423
293,2,1,2025-09-09,Lithuania,Greece,83.06131,95.509112
293,3,1,2025-09-10,Finland,Georgia,89.310276,82.381614
293,4,1,2025-09-10,Germany,Slovenia,120.69493,93.029798
294,1,1,2025-09-09,Poland,Turkey,71.284762,108.7651
294,2,1,2025-09-09,Lithuania,Greece,82.345578,75.070775
294,3,1,2025-09-10,Finland,Georgia,90.11092,73.292977
294,4,1,2025-09-10,Germany,Slovenia,113.32023,94.177976
295,1,1,2025-09-09,Poland,Turkey,73.628062,77.795885
295,2,1,2025-09-09,Lithuania,Greece,86.037934,95.136597
295,3,1,2025-09-10,Finland,Georgia,111.89394,82.310913
295,4,1,2025-09-10,Germany,Slovenia,98.175856,88.376077
296,1,1,2025-09-09,Poland,Turkey,92.06341,90.369749
296,2,1,2025-09-09,Lithuania,Greece,64.797097,78.886429
296,3,1,2025-09-10,Finland,Georgia,95.835334,73.070618
296,4,1,2025-09-10,Germany,Slovenia,93.390219,93.643683
297,1,1,2025-09-09,Poland,Turkey,70.716019,80.497088
297,2,1,2025-09-09,Lithuania,Greece,73.761975,52.717018
297,3,1,2025-09-10,Finland,Georgia,89.891786,70.064158
297,4,1,2025-09-10,Germany,Slovenia,80.893533,76.728094
298,1,1,2025-09-09,Poland,Turkey,89.848528,82.061425
298,2,1,2025-09-09,Lithuania,Greece,89.527036,75.532963
298,3,1,2025-09-10,Finland,Georgia,108.71566,83.70313
298,4,1,2025-09-10,Germany,Slovenia,105.42331,98.110047
299,1,1,2025-09-09,Poland,Turkey,104.44593,74.564337
299,2,1,2025-09-09,Lithuania,Greece,80.908156,84.336772
299,3,1,2025-09-10,Finland,Georgia,105.38998,61.269954
299,4,1,2025-09-10,Germany,Slovenia,81.601525,81.834384
300,1,1,2025-09-09,Poland,Turkey,77.060193,92.952551
300,2,1,2025-09-09,Lithuania,Greece,79.103899,79.828633
300,3,1,2025-09-10,Finland,Georgia,99.580232,87.835972
300,4,1,2025-09-10,Germany,Slovenia,115.00093,96.894475
301,1,1,2025-09-09,Poland,Turkey,66.125181,97.24304
301,2,1,2025-09-09,Lithuania,Greece,101.217,85.745156
301,3,1,2025-09-10,Finland,Georgia,93.425943,77.283809
301,4,1,2025-09-10,Germany,Slovenia,99.279017,69.930359
302,1,1,2025-09-09,Poland,Turkey,68.46029,76.764155
302,2,1,2025-09-09,Lithuania,Greece,97.795249,78.983701
302,3,1,2025-09-10,Finland,Georgia,92.182269,102.11411
302,4,1,2025-09-10,Germany,Slovenia,104.96154,95.800674
303,1,1,2025-09-09,Poland,Turkey,74.893414,62.063018
303,2,1,2025-09-09,Lithuania,Greece,85.529563,68.180741
303,3,1,2025-09-10,Finland,Georgia,104.51181,84.922142
303,4,1,2025-09-10,Germany,Slovenia,111.51618,95.211997
304,1,1,2025-09-09,Poland,Turkey,67.331386,99.4245
304,2,1,2025-09-09,Lithuania,Greece,82.022392,76.529187
304,3,1,2025-09-10,Finland,Georgia,101.01975,70.213972
304,4,1,2025-09-10,Germany,Slovenia,90.995229,70.494273
305,1,1,2025-09-09,Poland,Turkey,95.854969,86.604947
305,2,1,2025-09-09,Lithuania,Greece,100.66056,69.25187
305,3,1,2025-09-10,Finland,Georgia,104.86197,81.725139
305,4,1,2025-09-10,Germany,Slovenia,103.74649,81.102679
306,1,1,2025-09-09,Poland,Turkey,81.918302,91.591042
306,2,1,2025-09-09,Lithuania,Greece,90.126761,80.068816
306,3,1,2025-09-10,Finland,Georgia,102.34637,89.480236
306,4,1,2025-09-10,Germany,Slovenia,112.43774,96.914003
307,1,1,2025-09-09,Poland,Turkey,60.786988,66.339467
307,2,1,2025-09-09,Lithuania,Greece,100.00738,78.379873
307,3,1,2025-09-10,Finland,Georgia,105.50611,84.451512
307,4,1,2025-09-10,Germany,Slovenia,95.201903,87.731138
308,1,1,2025-09-09,Poland,Turkey,83.88581,91.796261
308,2,1,2025-09-09,Lithuania,Greece,78.859634,66.259267
308,3,1,2025-09-10,Finland,Georgia,95.432173,59.343798
308,4,1,2025-09-10,Germany,Slovenia,104.33057,80.255409
309,1,1,2025-09-09,Poland,Turkey,70.938439,88.500977
309,2,1,2025-09-09,Lithuania,Greece,94.421735,86.087157
309,3,1,2025-09-10,Finland,Georgia,108.13808,72.496807
309,4,1,2025-09-10,Germany,Slovenia,94.157314,85.491593
310,1,1,2025-09-09,Poland,Turkey,61.791886,60.928521
310,2,1,2025-09-09,Lithuania,Greece,82.946405,94.928025
310,3,1,2025-09-10,Finland,Georgia,86.946961,90.843253
310,4,1,2025-09-10,Germany,Slovenia,95.305305,96.891879
311,1,1,2025-09-09,Poland,Turkey,76.747098,103.01297
311,2,1,2025-09-09,Lithuania,Greece,88.04794,68.146383
311,3,1,2025-09-10,Finland,Georgia,110.82169,85.337436
311,4,1,2025-09-10,Germany,Slovenia,96.34961,67.955494
312,1,1,2025-09-09,Poland,Turkey,90.266157,104.12691
312,2,1,2025-09-09,Lithuania,Greece,93.126132,69.919347
312,3,1,2025-09-10,Finland,Georgia,98.840671,93.746378000000007
312,4,1,2025-09-10,Germany,Slovenia,97.641598,103.29332
313,1,1,2025-09-09,Poland,Turkey,86.223387,74.274008
313,2,1,2025-09-09,Lithuania,Greece,100.13321,72.937361
313,3,1,2025-09-10,Finland,Georgia,105.50493,70.450056
313,4,1,2025-09-10,Germany,Slovenia,122.63538,83.603312
314,1,1,2025-09-09,Poland,Turkey,66.275039,96.270607
314,2,1,2025-09-09,Lithuania,Greece,83.080689,72.846204
314,3,1,2025-09-10,Finland,Georgia,98.003583,79.833532
314,4,1,2025-09-10,Germany,Slovenia,128.6772,102.44196
315,1,1,2025-09-09,Poland,Turkey,82.091286,101.15536
315,2,1,2025-09-09,Lithuania,Greece,95.689515,82.068357
315,3,1,2025-09-10,Finland,Georgia,72.754246,75.470302
315,4,1,2025-09-10,Germany,Slovenia,75.586011,87.270963
316,1,1,2025-09-09,Poland,Turkey,74.756017,78.721019
316,2,1,2025-09-09,Lithuania,Greece,66.714673,59.596092
316,3,1,2025-09-10,Finland,Georgia,96.675734,70.125741
316,4,1,2025-09-10,Germany,Slovenia,100.68209,82.781592
317,1,1,2025-09-09,Poland,Turkey,72.086293,101.55099
317,2,1,2025-09-09,Lithuania,Greece,84.353405,78.667307
317,3,1,2025-09-10,Finland,Georgia,94.746687,73.807896
317,4,1,2025-09-10,Germany,Slovenia,100.42012,80.648973
318,1,1,2025-09-09,Poland,Turkey,70.080719,87.651389
318,2,1,2025-09-09,Lithuania,Greece,98.690503,83.659869
318,3,1,2025-09-10,Finland,Georgia,94.240328,76.542838
318,4,1,2025-09-10,Germany,Slovenia,70.709917,94.652828
319,1,1,2025-09-09,Poland,Turkey,76.687162,103.79797
319,2,1,2025-09-09,Lithuania,Greece,95.625303,79.974723
319,3,1,2025-09-10,Finland,Georgia,93.335524,82.569896
319,4,1,2025-09-10,Germany,Slovenia,99.415104,77.113326
320,1,1,2025-09-09,Poland,Turkey,78.248707,89.054716
320,2,1,2025-09-09,Lithuania,Greece,73.954247,87.108065
320,3,1,2025-09-10,Finland,Georgia,87.534868,66.582192
320,4,1,2025-09-10,Germany,Slovenia,105.73483,80.654714
321,1,1,2025-09-09,Poland,Turkey,60.216751,96.083418
321,2,1,2025-09-09,Lithuania,Greece,87.697942,67.76279
321,3,1,2025-09-10,Finland,Georgia,88.222085,68.742688
321,4,1,2025-09-10,Germany,Slovenia,93.868789,107.19292
322,1,1,2025-09-09,Poland,Turkey,68.217091,70.253627
322,2,1,2025-09-09,Lithuania,Greece,85.20822,81.541116
322,3,1,2025-09-10,Finland,Georgia,117.44381,91.245227
322,4,1,2025-09-10,Germany,Slovenia,106.36111,75.474814
323,1,1,2025-09-09,Poland,Turkey,79.812686,99.525945
323,2,1,2025-09-09,Lithuania,Greece,72.659051,86.195185
323,3,1,2025-09-10,Finland,Georgia,98.033122,80.805229
323,4,1,2025-09-10,Germany,Slovenia,110.71322,98.770909
324,1,1,2025-09-09,Poland,Turkey,61.539514,88.674786
324,2,1,2025-09-09,Lithuania,Greece,81.023561,77.220088
324,3,1,2025-09-10,Finland,Georgia,82.559014,76.368824
324,4,1,2025-09-10,Germany,Slovenia,110.88848,66.088763
325,1,1,2025-09-09,Poland,Turkey,82.036314,99.293863
325,2,1,2025-09-09,Lithuania,Greece,82.554566,74.745632
325,3,1,2025-09-10,Finland,Georgia,82.722888,65.826538
325,4,1,2025-09-10,Germany,Slovenia,119.67531,93.905618
326,1,1,2025-09-09,Poland,Turkey,61.910616,80.536215
326,2,1,2025-09-09,Lithuania,Greece,90.119353,84.477387
326,3,1,2025-09-10,Finland,Georgia,107.97137,72.08728
326,4,1,2025-09-10,Germany,Slovenia,95.059297,109.16475
327,1,1,2025-09-09,Poland,Turkey,80.755908,89.043602
327,2,1,2025-09-09,Lithuania,Greece,90.515015,72.402595
327,3,1,2025-09-10,Finland,Georgia,110.81808,90.572506
327,4,1,2025-09-10,Germany,Slovenia,97.807925,94.473253
328,1,1,2025-09-09,Poland,Turkey,58.420514,74.8807
328,2,1,2025-09-09,Lithuania,Greece,77.649259,64.2666
328,3,1,2025-09-10,Finland,Georgia,82.426767,64.329375
328,4,1,2025-09-10,Germany,Slovenia,79.660191,75.592978
329,1,1,2025-09-09,Poland,Turkey,94.893697,107.48128
329,2,1,2025-09-09,Lithuania,Greece,90.456623,84.655862
329,3,1,2025-09-10,Finland,Georgia,84.075394,67.499667
329,4,1,2025-09-10,Germany,Slovenia,112.12896,70.804147
330,1,1,2025-09-09,Poland,Turkey,89.446271,105.25697
330,2,1,2025-09-09,Lithuania,Greece,90.043898,89.298808
330,3,1,2025-09-10,Finland,Georgia,79.036426,62.278552
330,4,1,2025-09-10,Germany,Slovenia,98.409231,59.266085
331,1,1,2025-09-09,Poland,Turkey,73.990596,74.446446
331,2,1,2025-09-09,Lithuania,Greece,101.6734,77.722836
331,3,1,2025-09-10,Finland,Georgia,105.69007,70.027808
331,4,1,2025-09-10,Germany,Slovenia,77.595458,74.980517
332,1,1,2025-09-09,Poland,Turkey,69.787789,99.136545
332,2,1,2025-09-09,Lithuania,Greece,75.982503,83.776988
332,3,1,2025-09-10,Finland,Georgia,84.049978,83.397761
332,4,1,2025-09-10,Germany,Slovenia,104.7414,86.414923
333,1,1,2025-09-09,Poland,Turkey,81.425961,102.13286
333,2,1,2025-09-09,Lithuania,Greece,93.482683,67.937783
333,3,1,2025-09-10,Finland,Georgia,104.44652,76.212497
333,4,1,2025-09-10,Germany,Slovenia,102.98652,88.05398
334,1,1,2025-09-09,Poland,Turkey,70.061234,71.80129
334,2,1,2025-09-09,Lithuania,Greece,107.66126,82.403229
334,3,1,2025-09-10,Finland,Georgia,81.029937,85.030202
334,4,1,2025-09-10,Germany,Slovenia,100.1684,96.069742
335,1,1,2025-09-09,Poland,Turkey,87.273753,86.771022
335,2,1,2025-09-09,Lithuania,Greece,93.834507,73.887226
335,3,1,2025-09-10,Finland,Georgia,91.784488,72.664196
335,4,1,2025-09-10,Germany,Slovenia,104.88755,77.059304
336,1,1,2025-09-09,Poland,Turkey,74.524678,88.398858
336,2,1,2025-09-09,Lithuania,Greece,80.020417,60.429098
336,3,1,2025-09-10,Finland,Georgia,97.81278,71.113981
336,4,1,2025-09-10,Germany,Slovenia,94.28885,75.795015
337,1,1,2025-09-09,Poland,Turkey,81.964221,72.378655
337,2,1,2025-09-09,Lithuania,Greece,75.727971,80.91784
337,3,1,2025-09-10,Finland,Georgia,107.99622,80.425284
337,4,1,2025-09-10,Germany,Slovenia,98.538777,74.514157
338,1,1,2025-09-09,Poland,Turkey,73.794685,73.985608
338,2,1,2025-09-09,Lithuania,Greece,75.42424,70.818009
338,3,1,2025-09-10,Finland,Georgia,93.089585,80.343009
338,4,1,2025-09-10,Germany,Slovenia,104.95893,101.09546
339,1,1,2025-09-09,Poland,Turkey,72.178685,78.339894
339,2,1,2025-09-09,Lithuania,Greece,113.10414,69.970375
339,3,1,2025-09-10,Finland,Georgia,119.80781,78.753394
339,4,1,2025-09-10,Germany,Slovenia,97.093352,100.69499
340,1,1,2025-09-09,Poland,Turkey,69.383147,79.553614
340,2,1,2025-09-09,Lithuania,Greece,100.03649,59.812087
340,3,1,2025-09-10,Finland,Georgia,82.351006,94.671605
340,4,1,2025-09-10,Germany,Slovenia,101.52164,86.873398
341,1,1,2025-09-09,Poland,Turkey,67.565458,69.637454
341,2,1,2025-09-09,Lithuania,Greece,93.39806,82.011551
341,3,1,2025-09-10,Finland,Georgia,68.009697,84.250715
341,4,1,2025-09-10,Germany,Slovenia,105.51163,90.408956
342,1,1,2025-09-09,Poland,Turkey,68.550093,90.857268
342,2,1,2025-09-09,Lithuania,Greece,82.780408,69.953875
342,3,1,2025-09-10,Finland,Georgia,105.90941,86.094363
342,4,1,2025-09-10,Germany,Slovenia,85.978349,76.288701
343,1,1,2025-09-09,Poland,Turkey,81.046265,99.908371
343,2,1,2025-09-09,Lithuania,Greece,90.394324,85.703622
343,3,1,2025-09-10,Finland,Georgia,89.533556,48.415125
343,4,1,2025-09-10,Germany,Slovenia,101.2829,89.432908
344,1,1,2025-09-09,Poland,Turkey,59.760343,82.929711
344,2,1,2025-09-09,Lithuania,Greece,88.957483,61.229429
344,3,1,2025-09-10,Finland,Georgia,99.300759,84.882363
344,4,1,2025-09-10,Germany,Slovenia,119.8009,98.062918
345,1,1,2025-09-09,Poland,Turkey,91.581544,85.509593
345,2,1,2025-09-09,Lithuania,Greece,67.906804,50.0755
345,3,1,2025-09-10,Finland,Georgia,80.822597,64.85033
345,4,1,2025-09-10,Germany,Slovenia,87.549038,78.112654
346,1,1,2025-09-09,Poland,Turkey,92.950923,72.731119
346,2,1,2025-09-09,Lithuania,Greece,88.605935,78.652434
346,3,1,2025-09-10,Finland,Georgia,85.381976,77.472783
346,4,1,2025-09-10,Germany,Slovenia,98.907021,94.374659
347,1,1,2025-09-09,Poland,Turkey,66.253369,82.161631
347,2,1,2025-09-09,Lithuania,Greece,89.759336,73.175016
347,3,1,2025-09-10,Finland,Georgia,95.225914,58.354339
347,4,1,2025-09-10,Germany,Slovenia,96.739407,80.015496
348,1,1,2025-09-09,Poland,Turkey,82.789469,64.423223
348,2,1,2025-09-09,Lithuania,Greece,90.006824,78.277421
348,3,1,2025-09-10,Finland,Georgia,86.692531,69.157214
348,4,1,2025-09-10,Germany,Slovenia,112.662,96.473089
349,1,1,2025-09-09,Poland,Turkey,87.434358,111.57283
349,2,1,2025-09-09,Lithuania,Greece,89.014344,74.303305
349,3,1,2025-09-10,Finland,Georgia,88.208535,59.977502
349,4,1,2025-09-10,Germany,Slovenia,107.44451,91.090752
350,1,1,2025-09-09,Poland,Turkey,78.059213,100.62888
350,2,1,2025-09-09,Lithuania,Greece,78.932515,68.655925
350,3,1,2025-09-10,Finland,Georgia,95.319317,72.256331
350,4,1,2025-09-10,Germany,Slovenia,99.520433,95.577215
351,1,1,2025-09-09,Poland,Turkey,76.79597,72.304663
351,2,1,2025-09-09,Lithuania,Greece,87.882952,85.688051
351,3,1,2025-09-10,Finland,Georgia,104.91892,89.776653
351,4,1,2025-09-10,Germany,Slovenia,106.99468,101.73945
352,1,1,2025-09-09,Poland,Turkey,72.105096,93.579964
352,2,1,2025-09-09,Lithuania,Greece,54.205453,56.007402
352,3,1,2025-09-10,Finland,Georgia,104.39076,79.495851
352,4,1,2025-09-10,Germany,Slovenia,126.69357,95.510958
353,1,1,2025-09-09,Poland,Turkey,72.637795,75.108468
353,2,1,2025-09-09,Lithuania,Greece,72.029114,73.73752
353,3,1,2025-09-10,Finland,Georgia,85.036879,82.628801
353,4,1,2025-09-10,Germany,Slovenia,111.47116,80.702715
354,1,1,2025-09-09,Poland,Turkey,81.007451,83.183279
354,2,1,2025-09-09,Lithuania,Greece,108.48779,95.469892
354,3,1,2025-09-10,Finland,Georgia,98.839225,84.658097
354,4,1,2025-09-10,Germany,Slovenia,105.57225,89.465803
355,1,1,2025-09-09,Poland,Turkey,103.45193,74.245155
355,2,1,2025-09-09,Lithuania,Greece,79.598288,75.131563
355,3,1,2025-09-10,Finland,Georgia,80.559563,77.56493
355,4,1,2025-09-10,Germany,Slovenia,104.22244,103.72331
356,1,1,2025-09-09,Poland,Turkey,76.303159,80.274163
356,2,1,2025-09-09,Lithuania,Greece,88.449769,87.329476
356,3,1,2025-09-10,Finland,Georgia,95.30183,75.203434
356,4,1,2025-09-10,Germany,Slovenia,102.64374,88.140763
357,1,1,2025-09-09,Poland,Turkey,74.289982,82.826096
357,2,1,2025-09-09,Lithuania,Greece,102.95174,72.78316
357,3,1,2025-09-10,Finland,Georgia,107.96614,74.748965
357,4,1,2025-09-10,Germany,Slovenia,97.874325,84.630434
358,1,1,2025-09-09,Poland,Turkey,87.050826,96.910274
358,2,1,2025-09-09,Lithuania,Greece,88.449534,87.232453
358,3,1,2025-09-10,Finland,Georgia,94.959102,88.300078
358,4,1,2025-09-10,Germany,Slovenia,102.36711,98.360967
359,1,1,2025-09-09,Poland,Turkey,98.316146,72.310357
359,2,1,2025-09-09,Lithuania,Greece,101.18603,89.676914
359,3,1,2025-09-10,Finland,Georgia,104.51557,87.737924
359,4,1,2025-09-10,Germany,Slovenia,106.89578,85.485621
360,1,1,2025-09-09,Poland,Turkey,71.47973,77.849366
360,2,1,2025-09-09,Lithuania,Greece,102.89891,81.803128
360,3,1,2025-09-10,Finland,Georgia,121.45099,79.48918
360,4,1,2025-09-10,Germany,Slovenia,71.887114,66.7332
361,1,1,2025-09-09,Poland,Turkey,71.352797,73.043509
361,2,1,2025-09-09,Lithuania,Greece,91.464322,79.204704
361,3,1,2025-09-10,Finland,Georgia,98.252499,74.91524
361,4,1,2025-09-10,Germany,Slovenia,81.507589,89.849011
362,1,1,2025-09-09,Poland,Turkey,77.197494,78.727888
362,2,1,2025-09-09,Lithuania,Greece,87.214081,69.819421
362,3,1,2025-09-10,Finland,Georgia,105.69946,73.672842
362,4,1,2025-09-10,Germany,Slovenia,98.201209,96.329165
363,1,1,2025-09-09,Poland,Turkey,71.779274,105.43184
363,2,1,2025-09-09,Lithuania,Greece,79.412501,80.783423
363,3,1,2025-09-10,Finland,Georgia,94.089683,93.156888
363,4,1,2025-09-10,Germany,Slovenia,119.14606,88.411797000000007
364,1,1,2025-09-09,Poland,Turkey,66.650581,96.389661
364,2,1,2025-09-09,Lithuania,Greece,74.458306,68.900336
364,3,1,2025-09-10,Finland,Georgia,107.95722,77.189168
364,4,1,2025-09-10,Germany,Slovenia,127.17449,88.424595
365,1,1,2025-09-09,Poland,Turkey,70.266423,79.889378
365,2,1,2025-09-09,Lithuania,Greece,76.275124,67.511042
365,3,1,2025-09-10,Finland,Georgia,110.04965,78.911322
365,4,1,2025-09-10,Germany,Slovenia,102.92144,82.418047
366,1,1,2025-09-09,Poland,Turkey,67.075178,97.434978
366,2,1,2025-09-09,Lithuania,Greece,69.061574,71.31363
366,3,1,2025-09-10,Finland,Georgia,77.082931,57.86344
366,4,1,2025-09-10,Germany,Slovenia,109.3631,81.036167
367,1,1,2025-09-09,Poland,Turkey,84.883321,77.147274
367,2,1,2025-09-09,Lithuania,Greece,73.451938,61.47277
367,3,1,2025-09-10,Finland,Georgia,109.30766,79.481346
367,4,1,2025-09-10,Germany,Slovenia,115.20855,93.031015
368,1,1,2025-09-09,Poland,Turkey,80.069834,96.680255
368,2,1,2025-09-09,Lithuania,Greece,83.967629,92.369334
368,3,1,2025-09-10,Finland,Georgia,85.361971,69.500565
368,4,1,2025-09-10,Germany,Slovenia,86.787356,89.125983
369,1,1,2025-09-09,Poland,Turkey,89.788202,80.079563
369,2,1,2025-09-09,Lithuania,Greece,79.483123,80.509646
369,3,1,2025-09-10,Finland,Georgia,92.409088,63.594733
369,4,1,2025-09-10,Germany,Slovenia,103.90902,81.047949
370,1,1,2025-09-09,Poland,Turkey,63.245293,90.03866
370,2,1,2025-09-09,Lithuania,Greece,93.822117,86.812344
370,3,1,2025-09-10,Finland,Georgia,88.690686,71.21554
370,4,1,2025-09-10,Germany,Slovenia,95.565278,107.53206
371,1,1,2025-09-09,Poland,Turkey,92.966352,70.625139
371,2,1,2025-09-09,Lithuania,Greece,97.347359,89.579865
371,3,1,2025-09-10,Finland,Georgia,105.10191,93.148692
371,4,1,2025-09-10,Germany,Slovenia,93.15699,80.806153
372,1,1,2025-09-09,Poland,Turkey,66.039733,91.760382
372,2,1,2025-09-09,Lithuania,Greece,88.3252,81.815809
372,3,1,2025-09-10,Finland,Georgia,103.64122,73.647474
372,4,1,2025-09-10,Germany,Slovenia,107.55221,79.480883
373,1,1,2025-09-09,Poland,Turkey,81.712489,94.128844
373,2,1,2025-09-09,Lithuania,Greece,89.072852,77.634211
373,3,1,2025-09-10,Finland,Georgia,105.4718,70.6756
373,4,1,2025-09-10,Germany,Slovenia,95.080644,99.571666
374,1,1,2025-09-09,Poland,Turkey,65.173288,96.350349
374,2,1,2025-09-09,Lithuania,Greece,85.689684,73.270312
374,3,1,2025-09-10,Finland,Georgia,100.24664,74.803263
374,4,1,2025-09-10,Germany,Slovenia,93.716156,75.421014
375,1,1,2025-09-09,Poland,Turkey,60.5249,107.72121
375,2,1,2025-09-09,Lithuania,Greece,91.603521,66.081985
375,3,1,2025-09-10,Finland,Georgia,90.753607,76.935096
375,4,1,2025-09-10,Germany,Slovenia,124.2788,108.22807
376,1,1,2025-09-09,Poland,Turkey,71.408421,74.274015
376,2,1,2025-09-09,Lithuania,Greece,85.55885,87.888525
376,3,1,2025-09-10,Finland,Georgia,91.11717,71.174601
376,4,1,2025-09-10,Germany,Slovenia,109.41702,99.320497
377,1,1,2025-09-09,Poland,Turkey,91.912772,103.59708
377,2,1,2025-09-09,Lithuania,Greece,101.38697,73.482839
377,3,1,2025-09-10,Finland,Georgia,92.922606,87.760053
377,4,1,2025-09-10,Germany,Slovenia,101.51702,109.23018
378,1,1,2025-09-09,Poland,Turkey,69.384915,93.612877
378,2,1,2025-09-09,Lithuania,Greece,85.182034,82.248016
378,3,1,2025-09-10,Finland,Georgia,102.29179,76.798881
378,4,1,2025-09-10,Germany,Slovenia,114.91876,72.5323
379,1,1,2025-09-09,Poland,Turkey,65.647283,79.825208
379,2,1,2025-09-09,Lithuania,Greece,79.685059999999993,73.189786
379,3,1,2025-09-10,Finland,Georgia,96.066483,82.350553
379,4,1,2025-09-10,Germany,Slovenia,113.27915,139.91195
380,1,1,2025-09-09,Poland,Turkey,95.416676,98.417792
380,2,1,2025-09-09,Lithuania,Greece,89.502328,85.466443
380,3,1,2025-09-10,Finland,Georgia,90.868842,101.82764
380,4,1,2025-09-10,Germany,Slovenia,85.228726,87.87983
381,1,1,2025-09-09,Poland,Turkey,59.774362000000004,87.236029
381,2,1,2025-09-09,Lithuania,Greece,87.236147,79.254001
381,3,1,2025-09-10,Finland,Georgia,80.93824,76.148367
381,4,1,2025-09-10,Germany,Slovenia,93.052267,85.502497
382,1,1,2025-09-09,Poland,Turkey,63.37861,101.87065
382,2,1,2025-09-09,Lithuania,Greece,80.173209,65.224619
382,3,1,2025-09-10,Finland,Georgia,93.880965,92.163135
382,4,1,2025-09-10,Germany,Slovenia,114.97155,82.885999
383,1,1,2025-09-09,Poland,Turkey,91.030871,86.665442
383,2,1,2025-09-09,Lithuania,Greece,71.586223,66.176947
383,3,1,2025-09-10,Finland,Georgia,110.91349,84.895445
383,4,1,2025-09-10,Germany,Slovenia,90.394751,91.264631
384,1,1,2025-09-09,Poland,Turkey,57.170902,79.604951
384,2,1,2025-09-09,Lithuania,Greece,91.049661,77.306533
384,3,1,2025-09-10,Finland,Georgia,92.469316,76.087403
384,4,1,2025-09-10,Germany,Slovenia,110.14458,75.963577
385,1,1,2025-09-09,Poland,Turkey,89.123735,95.266204
385,2,1,2025-09-09,Lithuania,Greece,85.55454,54.119847
385,3,1,2025-09-10,Finland,Georgia,107.21553,68.529421
385,4,1,2025-09-10,Germany,Slovenia,92.305662,84.617244
386,1,1,2025-09-09,Poland,Turkey,82.669676,91.316818
386,2,1,2025-09-09,Lithuania,Greece,78.397978,82.901296
386,3,1,2025-09-10,Finland,Georgia,88.942184,81.876601
386,4,1,2025-09-10,Germany,Slovenia,99.033109,77.841403
387,1,1,2025-09-09,Poland,Turkey,66.135676,99.539022
387,2,1,2025-09-09,Lithuania,Greece,68.022946,70.561835
387,3,1,2025-09-10,Finland,Georgia,80.435216,73.036951
387,4,1,2025-09-10,Germany,Slovenia,88.751156,89.263977
388,1,1,2025-09-09,Poland,Turkey,74.084108,58.499924
388,2,1,2025-09-09,Lithuania,Greece,68.651094,84.278684
388,3,1,2025-09-10,Finland,Georgia,88.581692,72.047851
388,4,1,2025-09-10,Germany,Slovenia,93.457267,81.318271
389,1,1,2025-09-09,Poland,Turkey,76.171262,87.3573
389,2,1,2025-09-09,Lithuania,Greece,98.357736,79.606411
389,3,1,2025-09-10,Finland,Georgia,88.90345,67.29487
389,4,1,2025-09-10,Germany,Slovenia,101.73144,87.148368
390,1,1,2025-09-09,Poland,Turkey,84.973189,99.375915
390,2,1,2025-09-09,Lithuania,Greece,99.53052,87.624063
390,3,1,2025-09-10,Finland,Georgia,102.80553,55.697369
390,4,1,2025-09-10,Germany,Slovenia,102.39201,76.159343
391,1,1,2025-09-09,Poland,Turkey,101.54096,114.53348
391,2,1,2025-09-09,Lithuania,Greece,98.856453,56.114658
391,3,1,2025-09-10,Finland,Georgia,86.76425,73.828579
391,4,1,2025-09-10,Germany,Slovenia,95.024675,64.525615
392,1,1,2025-09-09,Poland,Turkey,78.528306,60.005204
392,2,1,2025-09-09,Lithuania,Greece,85.120388,76.353624
392,3,1,2025-09-10,Finland,Georgia,109.95909,75.474733
392,4,1,2025-09-10,Germany,Slovenia,93.906237,99.657914
393,1,1,2025-09-09,Poland,Turkey,72.181046,84.987791
393,2,1,2025-09-09,Lithuania,Greece,93.078155,73.653511
393,3,1,2025-09-10,Finland,Georgia,92.287997,72.641952
393,4,1,2025-09-10,Germany,Slovenia,94.594341,80.400268
394,1,1,2025-09-09,Poland,Turkey,77.173886,80.084245
394,2,1,2025-09-09,Lithuania,Greece,101.97356,89.534598
394,3,1,2025-09-10,Finland,Georgia,100.08616,64.970721
394,4,1,2025-09-10,Germany,Slovenia,108.96085,84.431487
395,1,1,2025-09-09,Poland,Turkey,74.378012,100.19439
395,2,1,2025-09-09,Lithuania,Greece,114.24953,74.72075
395,3,1,2025-09-10,Finland,Georgia,103.1393,69.214457
395,4,1,2025-09-10,Germany,Slovenia,113.02264,95.790501
396,1,1,2025-09-09,Poland,Turkey,74.068218,77.578271
396,2,1,2025-09-09,Lithuania,Greece,97.822246,80.643302
396,3,1,2025-09-10,Finland,Georgia,104.35217,93.451062
396,4,1,2025-09-10,Germany,Slovenia,98.741177,82.580429
397,1,1,2025-09-09,Poland,Turkey,72.924249,102.7583
397,2,1,2025-09-09,Lithuania,Greece,73.302449,79.534503
397,3,1,2025-09-10,Finland,Georgia,67.394592,71.290437
397,4,1,2025-09-10,Germany,Slovenia,111.17924,88.326093
398,1,1,2025-09-09,Poland,Turkey,84.914736,73.18033
398,2,1,2025-09-09,Lithuania,Greece,88.095516,91.630164
398,3,1,2025-09-10,Finland,Georgia,99.294502,86.03853
398,4,1,2025-09-10,Germany,Slovenia,85.251287,71.396548
399,1,1,2025-09-09,Poland,Turkey,76.22008,87.837925
399,2,1,2025-09-09,Lithuania,Greece,77.449383,80.539939
399,3,1,2025-09-10,Finland,Georgia,93.026351,72.292952
399,4,1,2025-09-10,Germany,Slovenia,103.78136,79.90905
400,1,1,2025-09-09,Poland,Turkey,77.749038,97.078621
400,2,1,2025-09-09,Lithuania,Greece,91.742686,67.839392
400,3,1,2025-09-10,Finland,Georgia,90.199492,72.536846
400,4,1,2025-09-10,Germany,Slovenia,104.29406,90.864663
401,1,1,2025-09-09,Poland,Turkey,78.013581,79.657846
401,2,1,2025-09-09,Lithuania,Greece,96.473304,62.400265
401,3,1,2025-09-10,Finland,Georgia,96.763356,66.510825
401,4,1,2025-09-10,Germany,Slovenia,114.93468,74.280665
402,1,1,2025-09-09,Poland,Turkey,72.653536,94.502662
402,2,1,2025-09-09,Lithuania,Greece,78.716254,82.64056
402,3,1,2025-09-10,Finland,Georgia,93.5064,76.849988
402,4,1,2025-09-10,Germany,Slovenia,110.44716,107.03337
403,1,1,2025-09-09,Poland,Turkey,73.62376,95.529139
403,2,1,2025-09-09,Lithuania,Greece,74.119417,65.669304
403,3,1,2025-09-10,Finland,Georgia,91.72892,84.886821
403,4,1,2025-09-10,Germany,Slovenia,117.8389,73.909438
404,1,1,2025-09-09,Poland,Turkey,69.290664,91.213143
404,2,1,2025-09-09,Lithuania,Greece,87.243899,75.737602999999993
404,3,1,2025-09-10,Finland,Georgia,88.081827,94.247703
404,4,1,2025-09-10,Germany,Slovenia,108.71743,106.13145
405,1,1,2025-09-09,Poland,Turkey,79.311944,108.21524
405,2,1,2025-09-09,Lithuania,Greece,88.200482,77.42277
405,3,1,2025-09-10,Finland,Georgia,102.80615,74.726333
405,4,1,2025-09-10,Germany,Slovenia,101.1368,85.972037
406,1,1,2025-09-09,Poland,Turkey,77.733047,79.592769
406,2,1,2025-09-09,Lithuania,Greece,87.495403,73.193933
406,3,1,2025-09-10,Finland,Georgia,98.898843,92.664743
406,4,1,2025-09-10,Germany,Slovenia,105.86218,89.457598
407,1,1,2025-09-09,Poland,Turkey,83.452864,81.678931
407,2,1,2025-09-09,Lithuania,Greece,77.871574,82.584502
407,3,1,2025-09-10,Finland,Georgia,95.319105,75.08218
407,4,1,2025-09-10,Germany,Slovenia,104.65764,93.51626
408,1,1,2025-09-09,Poland,Turkey,89.441127,79.278453
408,2,1,2025-09-09,Lithuania,Greece,80.853281,74.411237
408,3,1,2025-09-10,Finland,Georgia,102.0426,77.837679
408,4,1,2025-09-10,Germany,Slovenia,93.158168,80.833905
409,1,1,2025-09-09,Poland,Turkey,105.70832,81.019705
409,2,1,2025-09-09,Lithuania,Greece,101.26765,80.621401
409,3,1,2025-09-10,Finland,Georgia,105.4299,75.208287
409,4,1,2025-09-10,Germany,Slovenia,98.418322,81.515531
410,1,1,2025-09-09,Poland,Turkey,60.725713,85.120227
410,2,1,2025-09-09,Lithuania,Greece,81.863162,68.419188
410,3,1,2025-09-10,Finland,Georgia,96.897331,68.275485
410,4,1,2025-09-10,Germany,Slovenia,100.77193,70.710602
411,1,1,2025-09-09,Poland,Turkey,60.075559,93.371477
411,2,1,2025-09-09,Lithuania,Greece,77.682265,77.573489
411,3,1,2025-09-10,Finland,Georgia,98.672612,75.644069
411,4,1,2025-09-10,Germany,Slovenia,108.82355,96.65164
412,1,1,2025-09-09,Poland,Turkey,82.286533,82.237032
412,2,1,2025-09-09,Lithuania,Greece,98.122768,87.653221
412,3,1,2025-09-10,Finland,Georgia,83.401939,67.845112
412,4,1,2025-09-10,Germany,Slovenia,115.04368,101.71462
413,1,1,2025-09-09,Poland,Turkey,80.924494,96.435886
413,2,1,2025-09-09,Lithuania,Greece,87.813918,64.694793
413,3,1,2025-09-10,Finland,Georgia,92.267324,74.024248
413,4,1,2025-09-10,Germany,Slovenia,94.981803,74.172435
414,1,1,2025-09-09,Poland,Turkey,85.601937,79.08047
414,2,1,2025-09-09,Lithuania,Greece,84.182688,63.290185
414,3,1,2025-09-10,Finland,Georgia,97.882463,83.122695
414,4,1,2025-09-10,Germany,Slovenia,116.91641,91.950699
415,1,1,2025-09-09,Poland,Turkey,86.036678,98.795132
415,2,1,2025-09-09,Lithuania,Greece,95.169528,77.696576
415,3,1,2025-09-10,Finland,Georgia,91.086353,67.929162
415,4,1,2025-09-10,Germany,Slovenia,77.395176,73.338417
416,1,1,2025-09-09,Poland,Turkey,75.475464,85.774021
416,2,1,2025-09-09,Lithuania,Greece,74.440681,78.315037
416,3,1,2025-09-10,Finland,Georgia,99.402695,75.886144
416,4,1,2025-09-10,Germany,Slovenia,99.51374,80.89232
417,1,1,2025-09-09,Poland,Turkey,95.777392,92.922839
417,2,1,2025-09-09,Lithuania,Greece,83.803059,51.844422
417,3,1,2025-09-10,Finland,Georgia,102.55991,62.779658
417,4,1,2025-09-10,Germany,Slovenia,93.413518,71.27774
418,1,1,2025-09-09,Poland,Turkey,69.051834,79.238443
418,2,1,2025-09-09,Lithuania,Greece,62.495167,85.195153
418,3,1,2025-09-10,Finland,Georgia,80.804866,81.297665
418,4,1,2025-09-10,Germany,Slovenia,132.3071,98.009787
419,1,1,2025-09-09,Poland,Turkey,70.200601,95.495001
419,2,1,2025-09-09,Lithuania,Greece,79.556727,81.152374
419,3,1,2025-09-10,Finland,Georgia,99.96907,62.004148
419,4,1,2025-09-10,Germany,Slovenia,98.167177,67.989688
420,1,1,2025-09-09,Poland,Turkey,69.41254,90.136922
420,2,1,2025-09-09,Lithuania,Greece,77.685452,94.705641
420,3,1,2025-09-10,Finland,Georgia,86.828947,77.512967
420,4,1,2025-09-10,Germany,Slovenia,97.462589,67.410148
421,1,1,2025-09-09,Poland,Turkey,90.646197,89.347426
421,2,1,2025-09-09,Lithuania,Greece,83.544256,79.651967
421,3,1,2025-09-10,Finland,Georgia,105.58375,80.012138
421,4,1,2025-09-10,Germany,Slovenia,99.682333,92.809265
422,1,1,2025-09-09,Poland,Turkey,80.908385,99.999828
422,2,1,2025-09-09,Lithuania,Greece,88.768301,67.337259
422,3,1,2025-09-10,Finland,Georgia,86.203194,73.269976
422,4,1,2025-09-10,Germany,Slovenia,96.127779,68.477701
423,1,1,2025-09-09,Poland,Turkey,93.334792,123.00256
423,2,1,2025-09-09,Lithuania,Greece,69.893189,71.435139
423,3,1,2025-09-10,Finland,Georgia,94.712167,79.082987
423,4,1,2025-09-10,Germany,Slovenia,107.65984,102.58718
424,1,1,2025-09-09,Poland,Turkey,81.176475,86.936262
424,2,1,2025-09-09,Lithuania,Greece,77.975505,72.772873
424,3,1,2025-09-10,Finland,Georgia,93.085326,83.242086
424,4,1,2025-09-10,Germany,Slovenia,119.62733,85.494149
425,1,1,2025-09-09,Poland,Turkey,67.931705,83.724207
425,2,1,2025-09-09,Lithuania,Greece,97.741168,66.447836
425,3,1,2025-09-10,Finland,Georgia,114.31564,91.384355
425,4,1,2025-09-10,Germany,Slovenia,104.72133,93.243629
426,1,1,2025-09-09,Poland,Turkey,83.209857,105.06374
426,2,1,2025-09-09,Lithuania,Greece,92.919846,85.110321
426,3,1,2025-09-10,Finland,Georgia,86.47073,75.740521
426,4,1,2025-09-10,Germany,Slovenia,117.79238,72.986406
427,1,1,2025-09-09,Poland,Turkey,79.734908,83.542472
427,2,1,2025-09-09,Lithuania,Greece,72.917712,84.467859
427,3,1,2025-09-10,Finland,Georgia,91.915867,68.6558
427,4,1,2025-09-10,Germany,Slovenia,98.937126,75.714348
428,1,1,2025-09-09,Poland,Turkey,83.744645,106.02447
428,2,1,2025-09-09,Lithuania,Greece,101.18818,94.702196
428,3,1,2025-09-10,Finland,Georgia,99.427497,91.900444
428,4,1,2025-09-10,Germany,Slovenia,117.81958,100.49126
429,1,1,2025-09-09,Poland,Turkey,85.344558,83.370836
429,2,1,2025-09-09,Lithuania,Greece,82.889165,76.919307
429,3,1,2025-09-10,Finland,Georgia,100.41412,95.217854
429,4,1,2025-09-10,Germany,Slovenia,117.60924,71.594445
430,1,1,2025-09-09,Poland,Turkey,68.328744,66.970564
430,2,1,2025-09-09,Lithuania,Greece,91.513828,92.001803
430,3,1,2025-09-10,Finland,Georgia,101.00375,60.109209
430,4,1,2025-09-10,Germany,Slovenia,108.86981,80.711932
431,1,1,2025-09-09,Poland,Turkey,83.874805,76.563089
431,2,1,2025-09-09,Lithuania,Greece,84.910051,67.434774
431,3,1,2025-09-10,Finland,Georgia,110.43117,73.966775
431,4,1,2025-09-10,Germany,Slovenia,93.689593,69.130603
432,1,1,2025-09-09,Poland,Turkey,75.063779,87.341796
432,2,1,2025-09-09,Lithuania,Greece,93.508782,89.059261
432,3,1,2025-09-10,Finland,Georgia,83.118781,95.703818
432,4,1,2025-09-10,Germany,Slovenia,119.82093,85.314583
433,1,1,2025-09-09,Poland,Turkey,92.379465,88.81583
433,2,1,2025-09-09,Lithuania,Greece,87.002974,78.685803
433,3,1,2025-09-10,Finland,Georgia,106.25699,85.895248
433,4,1,2025-09-10,Germany,Slovenia,96.632501,83.322812
434,1,1,2025-09-09,Poland,Turkey,80.285236,83.844428
434,2,1,2025-09-09,Lithuania,Greece,98.610134,87.650029
434,3,1,2025-09-10,Finland,Georgia,81.433043,62.756438
434,4,1,2025-09-10,Germany,Slovenia,76.449787,68.571876
435,1,1,2025-09-09,Poland,Turkey,67.064438,72.97109
435,2,1,2025-09-09,Lithuania,Greece,91.798449,82.153797
435,3,1,2025-09-10,Finland,Georgia,83.888873,72.528292
435,4,1,2025-09-10,Germany,Slovenia,96.40726,77.478102
436,1,1,2025-09-09,Poland,Turkey,75.202757,74.471171
436,2,1,2025-09-09,Lithuania,Greece,89.848537,98.660776
436,3,1,2025-09-10,Finland,Georgia,86.342925,76.810784
436,4,1,2025-09-10,Germany,Slovenia,88.874587,98.052705
437,1,1,2025-09-09,Poland,Turkey,60.929638,76.822722
437,2,1,2025-09-09,Lithuania,Greece,84.451764,82.060825
437,3,1,2025-09-10,Finland,Georgia,94.294358,78.669909
437,4,1,2025-09-10,Germany,Slovenia,105.1716,82.508051
438,1,1,2025-09-09,Poland,Turkey,69.669412,95.648981
438,2,1,2025-09-09,Lithuania,Greece,80.067488,77.266033
438,3,1,2025-09-10,Finland,Georgia,99.825473,60.835668
438,4,1,2025-09-10,Germany,Slovenia,95.600737,77.285937
439,1,1,2025-09-09,Poland,Turkey,88.596426,76.972046
439,2,1,2025-09-09,Lithuania,Greece,96.422344,76.275283
439,3,1,2025-09-10,Finland,Georgia,104.10491,78.759477
439,4,1,2025-09-10,Germany,Slovenia,110.4232,76.300265
440,1,1,2025-09-09,Poland,Turkey,78.609857,88.10232
440,2,1,2025-09-09,Lithuania,Greece,116.11971,73.806759
440,3,1,2025-09-10,Finland,Georgia,104.08759,70.492012
440,4,1,2025-09-10,Germany,Slovenia,86.756976,101.94019
441,1,1,2025-09-09,Poland,Turkey,74.706684,93.325121
441,2,1,2025-09-09,Lithuania,Greece,77.857141,47.104845
441,3,1,2025-09-10,Finland,Georgia,102.19656,106.22843
441,4,1,2025-09-10,Germany,Slovenia,102.18939,93.298471
442,1,1,2025-09-09,Poland,Turkey,60.986361,77.862102
442,2,1,2025-09-09,Lithuania,Greece,84.594808,63.807484
442,3,1,2025-09-10,Finland,Georgia,91.998501,52.580925
442,4,1,2025-09-10,Germany,Slovenia,88.837937,78.160696
443,1,1,2025-09-09,Poland,Turkey,61.336544,71.088584
443,2,1,2025-09-09,Lithuania,Greece,114.08997,80.326001
443,3,1,2025-09-10,Finland,Georgia,92.007358,82.138984
443,4,1,2025-09-10,Germany,Slovenia,83.064042,73.694719
444,1,1,2025-09-09,Poland,Turkey,74.24277,81.780182
444,2,1,2025-09-09,Lithuania,Greece,94.292406,77.057042
444,3,1,2025-09-10,Finland,Georgia,89.491178,75.012962
444,4,1,2025-09-10,Germany,Slovenia,81.596833,98.477715
445,1,1,2025-09-09,Poland,Turkey,76.030924,80.050558
445,2,1,2025-09-09,Lithuania,Greece,96.857541,67.255028
445,3,1,2025-09-10,Finland,Georgia,103.44277,76.107254
445,4,1,2025-09-10,Germany,Slovenia,125.31818,92.629516
446,1,1,2025-09-09,Poland,Turkey,84.201186,113.39275
446,2,1,2025-09-09,Lithuania,Greece,82.106551,82.226699
446,3,1,2025-09-10,Finland,Georgia,101.90572,77.435373
446,4,1,2025-09-10,Germany,Slovenia,107.54705,88.409818
447,1,1,2025-09-09,Poland,Turkey,67.335042,85.315976
447,2,1,2025-09-09,Lithuania,Greece,103.79298,78.298141
447,3,1,2025-09-10,Finland,Georgia,88.189881,87.661069
447,4,1,2025-09-10,Germany,Slovenia,111.0845,88.411467
448,1,1,2025-09-09,Poland,Turkey,78.116642,98.107345
448,2,1,2025-09-09,Lithuania,Greece,84.721539,76.78531
448,3,1,2025-09-10,Finland,Georgia,116.13457,95.881858
448,4,1,2025-09-10,Germany,Slovenia,82.092073,79.515501
449,1,1,2025-09-09,Poland,Turkey,88.540094,84.463467
449,2,1,2025-09-09,Lithuania,Greece,95.111502,89.318489
449,3,1,2025-09-10,Finland,Georgia,94.444729,90.370632
449,4,1,2025-09-10,Germany,Slovenia,104.60108,77.569429
450,1,1,2025-09-09,Poland,Turkey,79.583249,83.522552
450,2,1,2025-09-09,Lithuania,Greece,71.981793,62.546424
450,3,1,2025-09-10,Finland,Georgia,103.91553,59.001818
450,4,1,2025-09-10,Germany,Slovenia,106.13963,118.89075
451,1,1,2025-09-09,Poland,Turkey,75.822149,95.076259
451,2,1,2025-09-09,Lithuania,Greece,90.146817,80.019635
451,3,1,2025-09-10,Finland,Georgia,97.076257,81.172085
451,4,1,2025-09-10,Germany,Slovenia,83.550024,76.554395
452,1,1,2025-09-09,Poland,Turkey,59.857843,84.129589
452,2,1,2025-09-09,Lithuania,Greece,89.33127,61.648648
452,3,1,2025-09-10,Finland,Georgia,87.034393,76.099061
452,4,1,2025-09-10,Germany,Slovenia,101.57901,82.394715
453,1,1,2025-09-09,Poland,Turkey,74.261031,73.672826
453,2,1,2025-09-09,Lithuania,Greece,81.968122,94.446636
453,3,1,2025-09-10,Finland,Georgia,64.619773,75.471957
453,4,1,2025-09-10,Germany,Slovenia,105.5761,71.374334
454,1,1,2025-09-09,Poland,Turkey,86.452822,109.18817
454,2,1,2025-09-09,Lithuania,Greece,91.318692,80.000365
454,3,1,2025-09-10,Finland,Georgia,106.92372,79.865712
454,4,1,2025-09-10,Germany,Slovenia,97.319149,85.096528
455,1,1,2025-09-09,Poland,Turkey,78.440274,107.76697
455,2,1,2025-09-09,Lithuania,Greece,83.874601,77.597493
455,3,1,2025-09-10,Finland,Georgia,109.06239,83.40816
455,4,1,2025-09-10,Germany,Slovenia,92.556045,74.471725
456,1,1,2025-09-09,Poland,Turkey,59.352795,68.168604
456,2,1,2025-09-09,Lithuania,Greece,96.884963,79.949595
456,3,1,2025-09-10,Finland,Georgia,108.25635,77.828756
456,4,1,2025-09-10,Germany,Slovenia,104.41653,88.366563
457,1,1,2025-09-09,Poland,Turkey,79.436148,80.147295
457,2,1,2025-09-09,Lithuania,Greece,85.843691,83.773574
457,3,1,2025-09-10,Finland,Georgia,99.478982,66.959805
457,4,1,2025-09-10,Germany,Slovenia,98.034897,87.436387
458,1,1,2025-09-09,Poland,Turkey,68.436897,78.141438
458,2,1,2025-09-09,Lithuania,Greece,90.588099,93.551518
458,3,1,2025-09-10,Finland,Georgia,109.50053,77.976284
458,4,1,2025-09-10,Germany,Slovenia,95.165629,83.209589
459,1,1,2025-09-09,Poland,Turkey,66.308128,84.744742
459,2,1,2025-09-09,Lithuania,Greece,89.066131,69.871208
459,3,1,2025-09-10,Finland,Georgia,102.78654,73.153438
459,4,1,2025-09-10,Germany,Slovenia,100.6779,91.201145
460,1,1,2025-09-09,Poland,Turkey,67.518537,83.702759
460,2,1,2025-09-09,Lithuania,Greece,75.120912,77.438712
460,3,1,2025-09-10,Finland,Georgia,88.633513,73.521443
460,4,1,2025-09-10,Germany,Slovenia,110.99203,91.886906
461,1,1,2025-09-09,Poland,Turkey,91.05949,102.13596
461,2,1,2025-09-09,Lithuania,Greece,100.52805,76.740348
461,3,1,2025-09-10,Finland,Georgia,85.64057,61.946851
461,4,1,2025-09-10,Germany,Slovenia,102.37043,69.992446
462,1,1,2025-09-09,Poland,Turkey,86.134891,109.41117
462,2,1,2025-09-09,Lithuania,Greece,89.874631,77.237369
462,3,1,2025-09-10,Finland,Georgia,105.58182,64.514026
462,4,1,2025-09-10,Germany,Slovenia,101.42008,95.854865
463,1,1,2025-09-09,Poland,Turkey,91.073888,111.37556
463,2,1,2025-09-09,Lithuania,Greece,79.967385,56.765028
463,3,1,2025-09-10,Finland,Georgia,81.951054,71.636829
463,4,1,2025-09-10,Germany,Slovenia,87.286939,78.989624
464,1,1,2025-09-09,Poland,Turkey,75.05578,78.842157
464,2,1,2025-09-09,Lithuania,Greece,93.682982,76.496741
464,3,1,2025-09-10,Finland,Georgia,104.59391,86.456577
464,4,1,2025-09-10,Germany,Slovenia,93.764702,67.689524
465,1,1,2025-09-09,Poland,Turkey,64.488289,87.496765
465,2,1,2025-09-09,Lithuania,Greece,83.283113,72.71595
465,3,1,2025-09-10,Finland,Georgia,81.00349,56.184576
465,4,1,2025-09-10,Germany,Slovenia,91.674927,85.854168
466,1,1,2025-09-09,Poland,Turkey,64.018975,80.789346
466,2,1,2025-09-09,Lithuania,Greece,97.15377,97.297263
466,3,1,2025-09-10,Finland,Georgia,99.119247,88.661426
466,4,1,2025-09-10,Germany,Slovenia,90.413925,89.470032
467,1,1,2025-09-09,Poland,Turkey,60.408461,82.178133
467,2,1,2025-09-09,Lithuania,Greece,94.123423,87.040458
467,3,1,2025-09-10,Finland,Georgia,103.91581,96.422301
467,4,1,2025-09-10,Germany,Slovenia,101.27949,85.027575
468,1,1,2025-09-09,Poland,Turkey,80.664373,83.346531
468,2,1,2025-09-09,Lithuania,Greece,83.833873,67.283903
468,3,1,2025-09-10,Finland,Georgia,87.151948,80.388552
468,4,1,2025-09-10,Germany,Slovenia,111.19507,98.033885
469,1,1,2025-09-09,Poland,Turkey,84.524367,89.43848
469,2,1,2025-09-09,Lithuania,Greece,75.737861,74.068331
469,3,1,2025-09-10,Finland,Georgia,109.22331,103.01016
469,4,1,2025-09-10,Germany,Slovenia,87.984972,87.45381
470,1,1,2025-09-09,Poland,Turkey,77.569409,100.93926
470,2,1,2025-09-09,Lithuania,Greece,90.269753,72.606172
470,3,1,2025-09-10,Finland,Georgia,78.698621,76.405491
470,4,1,2025-09-10,Germany,Slovenia,97.187062,100.14342
471,1,1,2025-09-09,Poland,Turkey,95.591306,86.939416
471,2,1,2025-09-09,Lithuania,Greece,73.352519,71.979881
471,3,1,2025-09-10,Finland,Georgia,107.42704,82.913288
471,4,1,2025-09-10,Germany,Slovenia,109.86253,110.54421
472,1,1,2025-09-09,Poland,Turkey,70.845419,90.253651
472,2,1,2025-09-09,Lithuania,Greece,100.60143,103.2191
472,3,1,2025-09-10,Finland,Georgia,103.3629,76.974748
472,4,1,2025-09-10,Germany,Slovenia,97.843078,98.707784
473,1,1,2025-09-09,Poland,Turkey,91.394578,91.223493
473,2,1,2025-09-09,Lithuania,Greece,89.228803,68.009063
473,3,1,2025-09-10,Finland,Georgia,96.205928,73.453767
473,4,1,2025-09-10,Germany,Slovenia,92.216866,69.271874
474,1,1,2025-09-09,Poland,Turkey,78.676106,76.595552
474,2,1,2025-09-09,Lithuania,Greece,85.279662,64.402994
474,3,1,2025-09-10,Finland,Georgia,91.161521,76.308247
474,4,1,2025-09-10,Germany,Slovenia,105.81083,86.57315
475,1,1,2025-09-09,Poland,Turkey,83.632473,104.05872
475,2,1,2025-09-09,Lithuania,Greece,84.651372,68.892324
475,3,1,2025-09-10,Finland,Georgia,95.996345,74.863299
475,4,1,2025-09-10,Germany,Slovenia,89.562825,71.631696
476,1,1,2025-09-09,Poland,Turkey,73.153753,86.607695
476,2,1,2025-09-09,Lithuania,Greece,79.566038,71.986159
476,3,1,2025-09-10,Finland,Georgia,88.435606,94.215329
476,4,1,2025-09-10,Germany,Slovenia,106.41016,83.849563
477,1,1,2025-09-09,Poland,Turkey,71.260285,70.251071
477,2,1,2025-09-09,Lithuania,Greece,80.01478,81.530697
477,3,1,2025-09-10,Finland,Georgia,86.484149,89.685912
477,4,1,2025-09-10,Germany,Slovenia,113.82767,86.101371
478,1,1,2025-09-09,Poland,Turkey,74.736595,94.422975
478,2,1,2025-09-09,Lithuania,Greece,70.986343,66.182862
478,3,1,2025-09-10,Finland,Georgia,97.826082,68.204017
478,4,1,2025-09-10,Germany,Slovenia,107.95191,83.400724
479,1,1,2025-09-09,Poland,Turkey,76.045558,94.048791
479,2,1,2025-09-09,Lithuania,Greece,100.82744,67.707456
479,3,1,2025-09-10,Finland,Georgia,102.87401,67.838775
479,4,1,2025-09-10,Germany,Slovenia,113.5345,85.050207
480,1,1,2025-09-09,Poland,Turkey,80.899252,81.655586
480,2,1,2025-09-09,Lithuania,Greece,65.78589,78.081721
480,3,1,2025-09-10,Finland,Georgia,110.28598,79.497785
480,4,1,2025-09-10,Germany,Slovenia,97.273635,86.691872
481,1,1,2025-09-09,Poland,Turkey,77.233781,80.802163
481,2,1,2025-09-09,Lithuania,Greece,90.848529,44.790371
481,3,1,2025-09-10,Finland,Georgia,97.629283,58.47859
481,4,1,2025-09-10,Germany,Slovenia,120.01006,98.39713
482,1,1,2025-09-09,Poland,Turkey,65.652908,105.97566
482,2,1,2025-09-09,Lithuania,Greece,76.757581,84.433661
482,3,1,2025-09-10,Finland,Georgia,88.847618,79.670132
482,4,1,2025-09-10,Germany,Slovenia,108.35035,87.083598
483,1,1,2025-09-09,Poland,Turkey,81.091393,66.037717
483,2,1,2025-09-09,Lithuania,Greece,83.483298,69.193368
483,3,1,2025-09-10,Finland,Georgia,112.70033,59.888272
483,4,1,2025-09-10,Germany,Slovenia,113.09592,87.469394
484,1,1,2025-09-09,Poland,Turkey,73.926905,87.19758
484,2,1,2025-09-09,Lithuania,Greece,81.786112,77.933978
484,3,1,2025-09-10,Finland,Georgia,98.728176,93.526942
484,4,1,2025-09-10,Germany,Slovenia,108.38042,84.391871
485,1,1,2025-09-09,Poland,Turkey,74.818255,76.074842
485,2,1,2025-09-09,Lithuania,Greece,79.469424,77.708665
485,3,1,2025-09-10,Finland,Georgia,88.773661,82.497535
485,4,1,2025-09-10,Germany,Slovenia,120.14215,89.124578
486,1,1,2025-09-09,Poland,Turkey,73.480761,91.487817
486,2,1,2025-09-09,Lithuania,Greece,80.876264,85.291426
486,3,1,2025-09-10,Finland,Georgia,89.870872,62.0009
486,4,1,2025-09-10,Germany,Slovenia,102.58306,99.68131
487,1,1,2025-09-09,Poland,Turkey,75.147214,78.048564
487,2,1,2025-09-09,Lithuania,Greece,89.41247,77.603969
487,3,1,2025-09-10,Finland,Georgia,99.030791,79.08216
487,4,1,2025-09-10,Germany,Slovenia,97.21196,86.627833
488,1,1,2025-09-09,Poland,Turkey,78.774007,83.421845
488,2,1,2025-09-09,Lithuania,Greece,73.835657,77.380507
488,3,1,2025-09-10,Finland,Georgia,92.522413,65.519177
488,4,1,2025-09-10,Germany,Slovenia,103.18511,68.485371
489,1,1,2025-09-09,Poland,Turkey,78.943497,90.427426
489,2,1,2025-09-09,Lithuania,Greece,91.737539,83.549434
489,3,1,2025-09-10,Finland,Georgia,90.182254,95.249186
489,4,1,2025-09-10,Germany,Slovenia,105.38009,86.279815
490,1,1,2025-09-09,Poland,Turkey,83.753842,70.274735
490,2,1,2025-09-09,Lithuania,Greece,96.856059,79.207923
490,3,1,2025-09-10,Finland,Georgia,86.622905,69.735526
490,4,1,2025-09-10,Germany,Slovenia,117.79067,82.633038
491,1,1,2025-09-09,Poland,Turkey,64.182732,91.630278
491,2,1,2025-09-09,Lithuania,Greece,114.33545,84.155145
491,3,1,2025-09-10,Finland,Georgia,100.4634,70.419151
491,4,1,2025-09-10,Germany,Slovenia,86.829177,94.024726
492,1,1,2025-09-09,Poland,Turkey,93.592743,69.556577
492,2,1,2025-09-09,Lithuania,Greece,79.052451,68.678304
492,3,1,2025-09-10,Finland,Georgia,97.405653,81.970825
492,4,1,2025-09-10,Germany,Slovenia,113.31411,93.436445
493,1,1,2025-09-09,Poland,Turkey,73.965696,105.80929
493,2,1,2025-09-09,Lithuania,Greece,97.535851,62.744447
493,3,1,2025-09-10,Finland,Georgia,88.849975,66.534585
493,4,1,2025-09-10,Germany,Slovenia,105.14702,75.568503
494,1,1,2025-09-09,Poland,Turkey,104.97087,81.821877
494,2,1,2025-09-09,Lithuania,Greece,112.98936,91.99412
494,3,1,2025-09-10,Finland,Georgia,107.29026,68.041574
494,4,1,2025-09-10,Germany,Slovenia,84.182024,77.364892
495,1,1,2025-09-09,Poland,Turkey,69.256971,85.126519
495,2,1,2025-09-09,Lithuania,Greece,78.074626,82.26824
495,3,1,2025-09-10,Finland,Georgia,106.2727,55.403234
495,4,1,2025-09-10,Germany,Slovenia,79.228994,87.005939
496,1,1,2025-09-09,Poland,Turkey,83.455934,102.10903
496,2,1,2025-09-09,Lithuania,Greece,92.984728,66.946096
496,3,1,2025-09-10,Finland,Georgia,78.656023,54.508396
496,4,1,2025-09-10,Germany,Slovenia,70.8408,66.393581
497,1,1,2025-09-09,Poland,Turkey,89.690543,68.085269
497,2,1,2025-09-09,Lithuania,Greece,95.281386,61.021334
497,3,1,2025-09-10,Finland,Georgia,94.456778,78.428172
497,4,1,2025-09-10,Germany,Slovenia,100.3305,37.546985
498,1,1,2025-09-09,Poland,Turkey,40.31192,85.605219
498,2,1,2025-09-09,Lithuania,Greece,88.662137,59.276056
498,3,1,2025-09-10,Finland,Georgia,90.211912,61.76181
498,4,1,2025-09-10,Germany,Slovenia,111.56819,85.177599
499,1,1,2025-09-09,Poland,Turkey,65.574665,101.77676
499,2,1,2025-09-09,Lithuania,Greece,80.722732,90.414128
499,3,1,2025-09-10,Finland,Georgia,101.43182,75.109813
499,4,1,2025-09-10,Germany,Slovenia,96.269144,86.252857
500,1,1,2025-09-09,Poland,Turkey,73.471872,83.162847
500,2,1,2025-09-09,Lithuania,Greece,99.168354,77.598369
500,3,1,2025-09-10,Finland,Georgia,106.54055,89.854655
500,4,1,2025-09-10,Germany,Slovenia,86.775382,91.55583
501,1,1,2025-09-09,Poland,Turkey,77.647673,71.101137
501,2,1,2025-09-09,Lithuania,Greece,67.762952,77.514117
501,3,1,2025-09-10,Finland,Georgia,97.800178,67.062015
501,4,1,2025-09-10,Germany,Slovenia,90.438877,106.50902
502,1,1,2025-09-09,Poland,Turkey,60.235182,105.89914
502,2,1,2025-09-09,Lithuania,Greece,88.443152,65.893948
502,3,1,2025-09-10,Finland,Georgia,105.90427,69.836921
502,4,1,2025-09-10,Germany,Slovenia,109.66954,73.94768
503,1,1,2025-09-09,Poland,Turkey,67.221608,100.77075
503,2,1,2025-09-09,Lithuania,Greece,75.55163,87.300199
503,3,1,2025-09-10,Finland,Georgia,82.312051,71.472741
503,4,1,2025-09-10,Germany,Slovenia,91.714214,86.734393
504,1,1,2025-09-09,Poland,Turkey,68.181318,76.070454
504,2,1,2025-09-09,Lithuania,Greece,88.947146,98.52455
504,3,1,2025-09-10,Finland,Georgia,100.26686,80.141283
504,4,1,2025-09-10,Germany,Slovenia,92.06774,97.276532
505,1,1,2025-09-09,Poland,Turkey,65.491766,88.652748
505,2,1,2025-09-09,Lithuania,Greece,73.567735,68.569851
505,3,1,2025-09-10,Finland,Georgia,82.333601,81.344475
505,4,1,2025-09-10,Germany,Slovenia,91.824445,88.022626
506,1,1,2025-09-09,Poland,Turkey,90.353456,71.737538
506,2,1,2025-09-09,Lithuania,Greece,89.440481,83.317075
506,3,1,2025-09-10,Finland,Georgia,83.394482,72.649926
506,4,1,2025-09-10,Germany,Slovenia,117.82198,92.631993
507,1,1,2025-09-09,Poland,Turkey,80.804213,90.832811
507,2,1,2025-09-09,Lithuania,Greece,81.218799,65.981112
507,3,1,2025-09-10,Finland,Georgia,111.35259,75.059111
507,4,1,2025-09-10,Germany,Slovenia,100.82061,86.597795
508,1,1,2025-09-09,Poland,Turkey,74.557314,90.215157
508,2,1,2025-09-09,Lithuania,Greece,79.577161,57.509738
508,3,1,2025-09-10,Finland,Georgia,78.957641,79.054052
508,4,1,2025-09-10,Germany,Slovenia,113.4582,87.808406
509,1,1,2025-09-09,Poland,Turkey,77.803592,97.509757
509,2,1,2025-09-09,Lithuania,Greece,87.865025,73.724576
509,3,1,2025-09-10,Finland,Georgia,99.711184,70.832809
509,4,1,2025-09-10,Germany,Slovenia,109.10798,79.878003
510,1,1,2025-09-09,Poland,Turkey,73.940389,99.175636
510,2,1,2025-09-09,Lithuania,Greece,82.721359,67.587815
510,3,1,2025-09-10,Finland,Georgia,81.151775,67.542167
510,4,1,2025-09-10,Germany,Slovenia,100.53441,82.271067
511,1,1,2025-09-09,Poland,Turkey,91.322308,78.001061000000007
511,2,1,2025-09-09,Lithuania,Greece,86.904152,66.186735
511,3,1,2025-09-10,Finland,Georgia,98.114186,67.0308
511,4,1,2025-09-10,Germany,Slovenia,102.53478,95.004585
512,1,1,2025-09-09,Poland,Turkey,85.874632,96.679772
512,2,1,2025-09-09,Lithuania,Greece,102.02809,69.394237
512,3,1,2025-09-10,Finland,Georgia,124.98655,73.098889
512,4,1,2025-09-10,Germany,Slovenia,95.707937,78.368768
513,1,1,2025-09-09,Poland,Turkey,76.626113,98.101861
513,2,1,2025-09-09,Lithuania,Greece,73.199073,79.543192
513,3,1,2025-09-10,Finland,Georgia,90.873146,78.159158
513,4,1,2025-09-10,Germany,Slovenia,104.2526,95.017312
514,1,1,2025-09-09,Poland,Turkey,80.165415,73.523618
514,2,1,2025-09-09,Lithuania,Greece,98.523666,72.562718
514,3,1,2025-09-10,Finland,Georgia,89.947986,73.847878
514,4,1,2025-09-10,Germany,Slovenia,124.55301,106.62422
515,1,1,2025-09-09,Poland,Turkey,77.432196,82.255318
515,2,1,2025-09-09,Lithuania,Greece,64.975707,93.190896
515,3,1,2025-09-10,Finland,Georgia,97.010318,71.219515
515,4,1,2025-09-10,Germany,Slovenia,78.188656,74.120686
516,1,1,2025-09-09,Poland,Turkey,63.642916,88.937459
516,2,1,2025-09-09,Lithuania,Greece,96.239546,80.653008
516,3,1,2025-09-10,Finland,Georgia,105.59069,83.098367
516,4,1,2025-09-10,Germany,Slovenia,86.750942,86.992562
517,1,1,2025-09-09,Poland,Turkey,74.070605,88.507375
517,2,1,2025-09-09,Lithuania,Greece,79.633615,69.941603
517,3,1,2025-09-10,Finland,Georgia,84.774491,80.402796
517,4,1,2025-09-10,Germany,Slovenia,93.97848,76.135224
518,1,1,2025-09-09,Poland,Turkey,97.382919,115.71898
518,2,1,2025-09-09,Lithuania,Greece,100.77725,87.807644
518,3,1,2025-09-10,Finland,Georgia,104.99129,93.608306
518,4,1,2025-09-10,Germany,Slovenia,103.7669,89.608714
519,1,1,2025-09-09,Poland,Turkey,82.15351,101.60837
519,2,1,2025-09-09,Lithuania,Greece,104.60399,77.871842
519,3,1,2025-09-10,Finland,Georgia,94.95976,77.811584
519,4,1,2025-09-10,Germany,Slovenia,93.655349,94.720988
520,1,1,2025-09-09,Poland,Turkey,63.182677,75.629925
520,2,1,2025-09-09,Lithuania,Greece,87.104485,64.333014
520,3,1,2025-09-10,Finland,Georgia,93.48046,79.127636999999993
520,4,1,2025-09-10,Germany,Slovenia,102.08789,87.85782
521,1,1,2025-09-09,Poland,Turkey,76.054395,74.014381
521,2,1,2025-09-09,Lithuania,Greece,101.64638,79.60496
521,3,1,2025-09-10,Finland,Georgia,103.82376,77.836403
521,4,1,2025-09-10,Germany,Slovenia,90.370507,75.110842
522,1,1,2025-09-09,Poland,Turkey,70.207274,83.24989
522,2,1,2025-09-09,Lithuania,Greece,87.133001,75.590566
522,3,1,2025-09-10,Finland,Georgia,91.450386,79.664143
522,4,1,2025-09-10,Germany,Slovenia,105.02365,87.628168
523,1,1,2025-09-09,Poland,Turkey,92.527749,103.0649
523,2,1,2025-09-09,Lithuania,Greece,91.87524,67.150625
523,3,1,2025-09-10,Finland,Georgia,87.675387,69.931172
523,4,1,2025-09-10,Germany,Slovenia,95.321339,90.478369
524,1,1,2025-09-09,Poland,Turkey,73.362771,91.806732
524,2,1,2025-09-09,Lithuania,Greece,101.47804,66.404553
524,3,1,2025-09-10,Finland,Georgia,85.173315,79.274125
524,4,1,2025-09-10,Germany,Slovenia,80.800317,103.06873
525,1,1,2025-09-09,Poland,Turkey,101.58776,82.06826
525,2,1,2025-09-09,Lithuania,Greece,94.311652,72.360551
525,3,1,2025-09-10,Finland,Georgia,103.37132,100.92063
525,4,1,2025-09-10,Germany,Slovenia,101.1092,92.656537
526,1,1,2025-09-09,Poland,Turkey,79.980257,99.163326
526,2,1,2025-09-09,Lithuania,Greece,95.660423,77.901428
526,3,1,2025-09-10,Finland,Georgia,85.973223,53.048845
526,4,1,2025-09-10,Germany,Slovenia,114.21421,89.843425
527,1,1,2025-09-09,Poland,Turkey,59.448688,94.000259
527,2,1,2025-09-09,Lithuania,Greece,90.497119,80.405688
527,3,1,2025-09-10,Finland,Georgia,107.45914,74.163518
527,4,1,2025-09-10,Germany,Slovenia,107.24762,100.91449
528,1,1,2025-09-09,Poland,Turkey,89.568781,100.8113
528,2,1,2025-09-09,Lithuania,Greece,98.610466,84.003612
528,3,1,2025-09-10,Finland,Georgia,104.51697,78.845356
528,4,1,2025-09-10,Germany,Slovenia,107.20673,77.04281
529,1,1,2025-09-09,Poland,Turkey,88.831988,74.821123
529,2,1,2025-09-09,Lithuania,Greece,85.732406,83.04437
529,3,1,2025-09-10,Finland,Georgia,89.645218,80.701932
529,4,1,2025-09-10,Germany,Slovenia,103.40053,90.372388
530,1,1,2025-09-09,Poland,Turkey,65.142203,83.598863
530,2,1,2025-09-09,Lithuania,Greece,88.294018,77.784737
530,3,1,2025-09-10,Finland,Georgia,116.68272,75.393692
530,4,1,2025-09-10,Germany,Slovenia,113.94182,85.507738
531,1,1,2025-09-09,Poland,Turkey,67.931568,91.070069
531,2,1,2025-09-09,Lithuania,Greece,78.190815,74.053826
531,3,1,2025-09-10,Finland,Georgia,107.88915,83.63764
531,4,1,2025-09-10,Germany,Slovenia,112.66344,75.352329
532,1,1,2025-09-09,Poland,Turkey,74.864196,82.288847
532,2,1,2025-09-09,Lithuania,Greece,88.128991,78.564345
532,3,1,2025-09-10,Finland,Georgia,86.652281,70.244771
532,4,1,2025-09-10,Germany,Slovenia,94.646736,96.759412
533,1,1,2025-09-09,Poland,Turkey,80.293450000000007,88.041557
533,2,1,2025-09-09,Lithuania,Greece,92.742837,92.839652
533,3,1,2025-09-10,Finland,Georgia,109.21858,105.56294
533,4,1,2025-09-10,Germany,Slovenia,113.64304,88.420316
534,1,1,2025-09-09,Poland,Turkey,75.155322,78.338542
534,2,1,2025-09-09,Lithuania,Greece,90.399907,72.617467
534,3,1,2025-09-10,Finland,Georgia,99.136713,78.728663
534,4,1,2025-09-10,Germany,Slovenia,97.224022,84.921057
535,1,1,2025-09-09,Poland,Turkey,66.621047,76.059767
535,2,1,2025-09-09,Lithuania,Greece,93.665292,75.448722
535,3,1,2025-09-10,Finland,Georgia,113.91364,81.283729
535,4,1,2025-09-10,Germany,Slovenia,107.04792,92.730599
536,1,1,2025-09-09,Poland,Turkey,72.698996,68.142769
536,2,1,2025-09-09,Lithuania,Greece,79.852729,71.755906
536,3,1,2025-09-10,Finland,Georgia,81.844124,81.869619
536,4,1,2025-09-10,Germany,Slovenia,114.79547,78.135456
537,1,1,2025-09-09,Poland,Turkey,88.012534,85.451908
537,2,1,2025-09-09,Lithuania,Greece,89.461921,71.207997
537,3,1,2025-09-10,Finland,Georgia,91.054777,74.762639
537,4,1,2025-09-10,Germany,Slovenia,115.71905,97.955803
538,1,1,2025-09-09,Poland,Turkey,89.390539,84.352334
538,2,1,2025-09-09,Lithuania,Greece,78.843449,72.327922
538,3,1,2025-09-10,Finland,Georgia,84.257206,67.355543
538,4,1,2025-09-10,Germany,Slovenia,108.94587,67.160917
539,1,1,2025-09-09,Poland,Turkey,90.900188,80.309105
539,2,1,2025-09-09,Lithuania,Greece,77.299419,86.191598
539,3,1,2025-09-10,Finland,Georgia,99.962657,79.043167
539,4,1,2025-09-10,Germany,Slovenia,101.02272,86.963631
540,1,1,2025-09-09,Poland,Turkey,78.945149,96.960512
540,2,1,2025-09-09,Lithuania,Greece,85.608876,95.283441
540,3,1,2025-09-10,Finland,Georgia,92.253399,67.097727
540,4,1,2025-09-10,Germany,Slovenia,97.433749,88.312116
541,1,1,2025-09-09,Poland,Turkey,79.793987,96.402312
541,2,1,2025-09-09,Lithuania,Greece,109.20159,80.942826
541,3,1,2025-09-10,Finland,Georgia,78.367597,56.276481
541,4,1,2025-09-10,Germany,Slovenia,102.44693,85.164746
542,1,1,2025-09-09,Poland,Turkey,64.459605,85.591779
542,2,1,2025-09-09,Lithuania,Greece,96.581694,69.716637
542,3,1,2025-09-10,Finland,Georgia,101.6107,98.078116
542,4,1,2025-09-10,Germany,Slovenia,112.55067,91.337847
543,1,1,2025-09-09,Poland,Turkey,72.849643,93.923658
543,2,1,2025-09-09,Lithuania,Greece,94.371291,87.125674
543,3,1,2025-09-10,Finland,Georgia,64.121186,57.356819
543,4,1,2025-09-10,Germany,Slovenia,126.57298,92.108315
544,1,1,2025-09-09,Poland,Turkey,94.669928,99.185012
544,2,1,2025-09-09,Lithuania,Greece,77.704925,69.06853
544,3,1,2025-09-10,Finland,Georgia,89.188708,56.774939
544,4,1,2025-09-10,Germany,Slovenia,75.834432,66.829862
545,1,1,2025-09-09,Poland,Turkey,47.301152,82.821198
545,2,1,2025-09-09,Lithuania,Greece,90.243458,70.442293
545,3,1,2025-09-10,Finland,Georgia,99.815609,88.286583
545,4,1,2025-09-10,Germany,Slovenia,98.581546,84.145671
546,1,1,2025-09-09,Poland,Turkey,86.922118,96.96261
546,2,1,2025-09-09,Lithuania,Greece,74.909755,72.969342
546,3,1,2025-09-10,Finland,Georgia,83.079383000000007,73.116437
546,4,1,2025-09-10,Germany,Slovenia,87.865878,81.535906
547,1,1,2025-09-09,Poland,Turkey,68.456477,106.45567
547,2,1,2025-09-09,Lithuania,Greece,90.116749,71.362524
547,3,1,2025-09-10,Finland,Georgia,84.783535,55.780487
547,4,1,2025-09-10,Germany,Slovenia,115.2857,87.715341
548,1,1,2025-09-09,Poland,Turkey,83.205154,104.60458
548,2,1,2025-09-09,Lithuania,Greece,70.513833,80.454349
548,3,1,2025-09-10,Finland,Georgia,85.872583,69.459237
548,4,1,2025-09-10,Germany,Slovenia,79.895615,71.280977
549,1,1,2025-09-09,Poland,Turkey,76.463299,98.019556
549,2,1,2025-09-09,Lithuania,Greece,69.391176,74.638856
549,3,1,2025-09-10,Finland,Georgia,109.66253,92.3162
549,4,1,2025-09-10,Germany,Slovenia,80.007959,80.303947
550,1,1,2025-09-09,Poland,Turkey,89.411075,75.74644
550,2,1,2025-09-09,Lithuania,Greece,83.421037,77.201785
550,3,1,2025-09-10,Finland,Georgia,101.91004,61.555032
550,4,1,2025-09-10,Germany,Slovenia,107.38641,87.950261
551,1,1,2025-09-09,Poland,Turkey,79.38546,99.478315
551,2,1,2025-09-09,Lithuania,Greece,77.366064,74.401743
551,3,1,2025-09-10,Finland,Georgia,106.99563,78.710414
551,4,1,2025-09-10,Germany,Slovenia,114.16869,92.943256
552,1,1,2025-09-09,Poland,Turkey,78.524176,90.426451
552,2,1,2025-09-09,Lithuania,Greece,105.50412,81.807379
552,3,1,2025-09-10,Finland,Georgia,99.28056,76.012074
552,4,1,2025-09-10,Germany,Slovenia,107.51296,96.415519
553,1,1,2025-09-09,Poland,Turkey,75.588471,82.462584
553,2,1,2025-09-09,Lithuania,Greece,81.766932,66.786511
553,3,1,2025-09-10,Finland,Georgia,95.576959,80.633395
553,4,1,2025-09-10,Germany,Slovenia,125.23192,93.932722
554,1,1,2025-09-09,Poland,Turkey,73.824596,72.059474
554,2,1,2025-09-09,Lithuania,Greece,77.46474,94.021665
554,3,1,2025-09-10,Finland,Georgia,86.291121,48.992352
554,4,1,2025-09-10,Germany,Slovenia,117.16425,106.35384
555,1,1,2025-09-09,Poland,Turkey,83.216763,78.900254
555,2,1,2025-09-09,Lithuania,Greece,94.154854,69.146373
555,3,1,2025-09-10,Finland,Georgia,87.747945,103.55961
555,4,1,2025-09-10,Germany,Slovenia,108.49169,87.447767
556,1,1,2025-09-09,Poland,Turkey,76.066735,75.496095
556,2,1,2025-09-09,Lithuania,Greece,62.368669,64.435279
556,3,1,2025-09-10,Finland,Georgia,102.85688,78.298835
556,4,1,2025-09-10,Germany,Slovenia,84.359109,92.536632
557,1,1,2025-09-09,Poland,Turkey,85.055881,73.941995
557,2,1,2025-09-09,Lithuania,Greece,91.535111,69.255559
557,3,1,2025-09-10,Finland,Georgia,82.68682,73.483066
557,4,1,2025-09-10,Germany,Slovenia,108.40504,79.208643
558,1,1,2025-09-09,Poland,Turkey,82.697393,108.77404
558,2,1,2025-09-09,Lithuania,Greece,71.29457,60.948246
558,3,1,2025-09-10,Finland,Georgia,87.160683,63.908429
558,4,1,2025-09-10,Germany,Slovenia,121.36057,97.068394
559,1,1,2025-09-09,Poland,Turkey,84.246422,89.369413
559,2,1,2025-09-09,Lithuania,Greece,89.647183,68.899022
559,3,1,2025-09-10,Finland,Georgia,105.82346,83.650875
559,4,1,2025-09-10,Germany,Slovenia,78.374626,99.857842
560,1,1,2025-09-09,Poland,Turkey,77.887666,85.355932
560,2,1,2025-09-09,Lithuania,Greece,94.247379,66.224439
560,3,1,2025-09-10,Finland,Georgia,74.62666,64.773935
560,4,1,2025-09-10,Germany,Slovenia,118.46928,93.319844
561,1,1,2025-09-09,Poland,Turkey,91.345049,94.466623
561,2,1,2025-09-09,Lithuania,Greece,92.175046,66.468099
561,3,1,2025-09-10,Finland,Georgia,93.374922,67.615034
561,4,1,2025-09-10,Germany,Slovenia,94.575095,90.737199
562,1,1,2025-09-09,Poland,Turkey,81.071926,76.961468
562,2,1,2025-09-09,Lithuania,Greece,83.344433,68.735506
562,3,1,2025-09-10,Finland,Georgia,94.237609,70.37601
562,4,1,2025-09-10,Germany,Slovenia,102.66883,81.283287
563,1,1,2025-09-09,Poland,Turkey,77.397347,79.613391
563,2,1,2025-09-09,Lithuania,Greece,77.671768,68.099931
563,3,1,2025-09-10,Finland,Georgia,65.96836,92.168571
563,4,1,2025-09-10,Germany,Slovenia,118.7442,96.437674
564,1,1,2025-09-09,Poland,Turkey,75.086638,85.80791
564,2,1,2025-09-09,Lithuania,Greece,82.343801,69.626348
564,3,1,2025-09-10,Finland,Georgia,88.044972,71.570548
564,4,1,2025-09-10,Germany,Slovenia,95.631196,90.00651
565,1,1,2025-09-09,Poland,Turkey,69.38505,97.754499
565,2,1,2025-09-09,Lithuania,Greece,94.802038,63.421726
565,3,1,2025-09-10,Finland,Georgia,80.038234,73.540949
565,4,1,2025-09-10,Germany,Slovenia,105.77238,97.575276
566,1,1,2025-09-09,Poland,Turkey,92.632311,75.084173
566,2,1,2025-09-09,Lithuania,Greece,98.49952,86.623451
566,3,1,2025-09-10,Finland,Georgia,102.94043,60.109067
566,4,1,2025-09-10,Germany,Slovenia,94.670407,86.21217
567,1,1,2025-09-09,Poland,Turkey,62.465898,93.178144
567,2,1,2025-09-09,Lithuania,Greece,76.616503,70.175857
567,3,1,2025-09-10,Finland,Georgia,95.765458,61.864848
567,4,1,2025-09-10,Germany,Slovenia,90.675454,98.942057
568,1,1,2025-09-09,Poland,Turkey,87.738224,90.772024
568,2,1,2025-09-09,Lithuania,Greece,70.65396,54.552091
568,3,1,2025-09-10,Finland,Georgia,92.793127,66.75248
568,4,1,2025-09-10,Germany,Slovenia,108.47237,88.648685
569,1,1,2025-09-09,Poland,Turkey,92.912357,97.973076
569,2,1,2025-09-09,Lithuania,Greece,88.538717,76.158507
569,3,1,2025-09-10,Finland,Georgia,84.400721,59.406296
569,4,1,2025-09-10,Germany,Slovenia,70.742992,82.557993
570,1,1,2025-09-09,Poland,Turkey,68.247756,104.42058
570,2,1,2025-09-09,Lithuania,Greece,76.497198,77.402971
570,3,1,2025-09-10,Finland,Georgia,116.79454,89.230914
570,4,1,2025-09-10,Germany,Slovenia,116.27457,81.096009
571,1,1,2025-09-09,Poland,Turkey,65.406113,93.73859
571,2,1,2025-09-09,Lithuania,Greece,79.509159,66.98958
571,3,1,2025-09-10,Finland,Georgia,103.41721,69.880298
571,4,1,2025-09-10,Germany,Slovenia,81.724708,83.335976
572,1,1,2025-09-09,Poland,Turkey,79.126919,93.148684
572,2,1,2025-09-09,Lithuania,Greece,85.93554,68.080696
572,3,1,2025-09-10,Finland,Georgia,101.15397,78.622392
572,4,1,2025-09-10,Germany,Slovenia,120.09518,99.402715
573,1,1,2025-09-09,Poland,Turkey,85.656644,73.052117
573,2,1,2025-09-09,Lithuania,Greece,83.395218,72.383617
573,3,1,2025-09-10,Finland,Georgia,70.186093,53.910845
573,4,1,2025-09-10,Germany,Slovenia,98.753251,84.822711
574,1,1,2025-09-09,Poland,Turkey,88.3549,79.985592
574,2,1,2025-09-09,Lithuania,Greece,61.673881,76.53296
574,3,1,2025-09-10,Finland,Georgia,101.8665,84.276533
574,4,1,2025-09-10,Germany,Slovenia,80.011088,84.943664
575,1,1,2025-09-09,Poland,Turkey,71.789219,101.02192
575,2,1,2025-09-09,Lithuania,Greece,88.192169,88.180373
575,3,1,2025-09-10,Finland,Georgia,90.079108,79.497158
575,4,1,2025-09-10,Germany,Slovenia,95.044152,89.723867
576,1,1,2025-09-09,Poland,Turkey,74.414572,89.510537
576,2,1,2025-09-09,Lithuania,Greece,78.47345,83.879525
576,3,1,2025-09-10,Finland,Georgia,122.96498,82.756703
576,4,1,2025-09-10,Germany,Slovenia,113.19838,101.48223
577,1,1,2025-09-09,Poland,Turkey,85.248861,83.05958
577,2,1,2025-09-09,Lithuania,Greece,75.85164,88.168185
577,3,1,2025-09-10,Finland,Georgia,79.854824,78.493316
577,4,1,2025-09-10,Germany,Slovenia,101.25257,81.235695
578,1,1,2025-09-09,Poland,Turkey,81.294113,98.041798
578,2,1,2025-09-09,Lithuania,Greece,87.076601,87.751915
578,3,1,2025-09-10,Finland,Georgia,80.425076,81.191745
578,4,1,2025-09-10,Germany,Slovenia,108.39734,84.803941
579,1,1,2025-09-09,Poland,Turkey,85.43083,88.005752
579,2,1,2025-09-09,Lithuania,Greece,95.958827,86.248562
579,3,1,2025-09-10,Finland,Georgia,125.88083,92.012257
579,4,1,2025-09-10,Germany,Slovenia,107.23846,82.039887
580,1,1,2025-09-09,Poland,Turkey,74.065044,85.395038
580,2,1,2025-09-09,Lithuania,Greece,98.615254,62.377167
580,3,1,2025-09-10,Finland,Georgia,104.44817,92.371604
580,4,1,2025-09-10,Germany,Slovenia,86.764304,74.307433
581,1,1,2025-09-09,Poland,Turkey,72.016228,83.46541
581,2,1,2025-09-09,Lithuania,Greece,83.781978,66.066285
581,3,1,2025-09-10,Finland,Georgia,102.14072,81.210666
581,4,1,2025-09-10,Germany,Slovenia,115.36036,80.095629
582,1,1,2025-09-09,Poland,Turkey,68.770015,87.973275
582,2,1,2025-09-09,Lithuania,Greece,80.795854,68.872193
582,3,1,2025-09-10,Finland,Georgia,91.123656,79.07202
582,4,1,2025-09-10,Germany,Slovenia,119.36374,72.902169
583,1,1,2025-09-09,Poland,Turkey,84.263983,93.119888
583,2,1,2025-09-09,Lithuania,Greece,81.567672,81.152059
583,3,1,2025-09-10,Finland,Georgia,104.87002,78.630014
583,4,1,2025-09-10,Germany,Slovenia,91.60778,88.44041
584,1,1,2025-09-09,Poland,Turkey,73.879946,91.232456
584,2,1,2025-09-09,Lithuania,Greece,97.328497,78.229009
584,3,1,2025-09-10,Finland,Georgia,101.52978,68.608547
584,4,1,2025-09-10,Germany,Slovenia,118.52946,84.859927
585,1,1,2025-09-09,Poland,Turkey,76.93802,77.084659
585,2,1,2025-09-09,Lithuania,Greece,60.225734,64.607822
585,3,1,2025-09-10,Finland,Georgia,92.588392,60.678022
585,4,1,2025-09-10,Germany,Slovenia,150.04081,108.19287
586,1,1,2025-09-09,Poland,Turkey,82.560831,89.948385
586,2,1,2025-09-09,Lithuania,Greece,96.666275,80.043276
586,3,1,2025-09-10,Finland,Georgia,74.445089,82.959193
586,4,1,2025-09-10,Germany,Slovenia,109.24638,62.772679
587,1,1,2025-09-09,Poland,Turkey,80.102748,95.655734
587,2,1,2025-09-09,Lithuania,Greece,95.107614,82.826662
587,3,1,2025-09-10,Finland,Georgia,90.345448,73.741564
587,4,1,2025-09-10,Germany,Slovenia,93.560086,89.814154
588,1,1,2025-09-09,Poland,Turkey,68.132071,72.616743
588,2,1,2025-09-09,Lithuania,Greece,106.3443,73.999027
588,3,1,2025-09-10,Finland,Georgia,109.34742,69.493195
588,4,1,2025-09-10,Germany,Slovenia,100.85965,83.678628
589,1,1,2025-09-09,Poland,Turkey,76.632658,84.247232
589,2,1,2025-09-09,Lithuania,Greece,83.186804,72.684158
589,3,1,2025-09-10,Finland,Georgia,94.14337,67.376209
589,4,1,2025-09-10,Germany,Slovenia,95.960182,98.677614
590,1,1,2025-09-09,Poland,Turkey,86.645516,92.122145
590,2,1,2025-09-09,Lithuania,Greece,87.769382,72.842757
590,3,1,2025-09-10,Finland,Georgia,94.503837,72.272189
590,4,1,2025-09-10,Germany,Slovenia,116.7015,88.521044
591,1,1,2025-09-09,Poland,Turkey,78.73137,55.895442
591,2,1,2025-09-09,Lithuania,Greece,100.5484,60.981523
591,3,1,2025-09-10,Finland,Georgia,103.14056,78.008303
591,4,1,2025-09-10,Germany,Slovenia,103.2105,87.920359
592,1,1,2025-09-09,Poland,Turkey,90.501927,97.90136
592,2,1,2025-09-09,Lithuania,Greece,100.38768,81.672823
592,3,1,2025-09-10,Finland,Georgia,107.272,106.73345
592,4,1,2025-09-10,Germany,Slovenia,103.71485,99.907398
593,1,1,2025-09-09,Poland,Turkey,67.379711,92.98821
593,2,1,2025-09-09,Lithuania,Greece,91.319971,75.283198
593,3,1,2025-09-10,Finland,Georgia,108.52102,64.786562
593,4,1,2025-09-10,Germany,Slovenia,132.93977,79.745454
594,1,1,2025-09-09,Poland,Turkey,88.443504,78.173671
594,2,1,2025-09-09,Lithuania,Greece,88.235111,70.420087
594,3,1,2025-09-10,Finland,Georgia,115.06428,88.934731
594,4,1,2025-09-10,Germany,Slovenia,92.910843,106.91455
595,1,1,2025-09-09,Poland,Turkey,59.960279,95.01841
595,2,1,2025-09-09,Lithuania,Greece,100.919,77.244006
595,3,1,2025-09-10,Finland,Georgia,96.755581,81.567907
595,4,1,2025-09-10,Germany,Slovenia,91.11049,101.40729
596,1,1,2025-09-09,Poland,Turkey,72.684185,109.09538
596,2,1,2025-09-09,Lithuania,Greece,83.348763,65.66958
596,3,1,2025-09-10,Finland,Georgia,91.080887,91.130763
596,4,1,2025-09-10,Germany,Slovenia,98.895581,70.215241
597,1,1,2025-09-09,Poland,Turkey,73.313069,78.626577
597,2,1,2025-09-09,Lithuania,Greece,101.25653,82.921143
597,3,1,2025-09-10,Finland,Georgia,104.39675,93.579169
597,4,1,2025-09-10,Germany,Slovenia,114.90724,87.067523
598,1,1,2025-09-09,Poland,Turkey,80.927941,86.043013
598,2,1,2025-09-09,Lithuania,Greece,97.354774,66.113961
598,3,1,2025-09-10,Finland,Georgia,97.709223,80.54952
598,4,1,2025-09-10,Germany,Slovenia,103.08784,91.371221
599,1,1,2025-09-09,Poland,Turkey,71.971221,93.259843
599,2,1,2025-09-09,Lithuania,Greece,84.896727,68.197089
599,3,1,2025-09-10,Finland,Georgia,109.46515,61.959031
599,4,1,2025-09-10,Germany,Slovenia,94.250403,82.363918
600,1,1,2025-09-09,Poland,Turkey,63.182022,92.998653
600,2,1,2025-09-09,Lithuania,Greece,95.134008,70.573158
600,3,1,2025-09-10,Finland,Georgia,94.039131,74.302625
600,4,1,2025-09-10,Germany,Slovenia,114.92691,79.863969
601,1,1,2025-09-09,Poland,Turkey,82.283412,81.603666
601,2,1,2025-09-09,Lithuania,Greece,103.14922,95.554665
601,3,1,2025-09-10,Finland,Georgia,99.004442,46.863425
601,4,1,2025-09-10,Germany,Slovenia,110.76496,103.1185
602,1,1,2025-09-09,Poland,Turkey,75.081112,87.279244
602,2,1,2025-09-09,Lithuania,Greece,84.409997,78.598024
602,3,1,2025-09-10,Finland,Georgia,118.58363,70.647336
602,4,1,2025-09-10,Germany,Slovenia,107.26933,91.614229
603,1,1,2025-09-09,Poland,Turkey,79.415706,81.986595
603,2,1,2025-09-09,Lithuania,Greece,85.174278,67.12274
603,3,1,2025-09-10,Finland,Georgia,123.10626,88.959588
603,4,1,2025-09-10,Germany,Slovenia,104.17475,83.263349
604,1,1,2025-09-09,Poland,Turkey,80.866665,79.516047
604,2,1,2025-09-09,Lithuania,Greece,80.491932,73.576272
604,3,1,2025-09-10,Finland,Georgia,94.321311,60.021253
604,4,1,2025-09-10,Germany,Slovenia,111.09057,86.507862
605,1,1,2025-09-09,Poland,Turkey,97.253703,103.91922
605,2,1,2025-09-09,Lithuania,Greece,82.221731,69.617475
605,3,1,2025-09-10,Finland,Georgia,78.324517,74.467244
605,4,1,2025-09-10,Germany,Slovenia,111.21154,91.596352
606,1,1,2025-09-09,Poland,Turkey,76.120541,95.75474
606,2,1,2025-09-09,Lithuania,Greece,78.907088,94.361903
606,3,1,2025-09-10,Finland,Georgia,104.79355,51.388918
606,4,1,2025-09-10,Germany,Slovenia,115.1402,94.626323
607,1,1,2025-09-09,Poland,Turkey,62.185026,78.342423
607,2,1,2025-09-09,Lithuania,Greece,95.154175,72.911984
607,3,1,2025-09-10,Finland,Georgia,100.69149,54.944762
607,4,1,2025-09-10,Germany,Slovenia,102.05119,91.493387
608,1,1,2025-09-09,Poland,Turkey,93.841466,99.779349
608,2,1,2025-09-09,Lithuania,Greece,98.801634,77.179662
608,3,1,2025-09-10,Finland,Georgia,129.45475,90.771001
608,4,1,2025-09-10,Germany,Slovenia,92.000919,78.185711
609,1,1,2025-09-09,Poland,Turkey,79.797713,77.706931
609,2,1,2025-09-09,Lithuania,Greece,79.815338,68.645593
609,3,1,2025-09-10,Finland,Georgia,97.057256,66.379158
609,4,1,2025-09-10,Germany,Slovenia,98.019554,87.868229
610,1,1,2025-09-09,Poland,Turkey,73.230703,77.02188
610,2,1,2025-09-09,Lithuania,Greece,85.8049,84.967595
610,3,1,2025-09-10,Finland,Georgia,79.333403,75.586255
610,4,1,2025-09-10,Germany,Slovenia,104.40188,88.56038
611,1,1,2025-09-09,Poland,Turkey,85.213548,91.320077
611,2,1,2025-09-09,Lithuania,Greece,82.942874,91.469397
611,3,1,2025-09-10,Finland,Georgia,81.753831,61.076012
611,4,1,2025-09-10,Germany,Slovenia,85.91184,83.441582
612,1,1,2025-09-09,Poland,Turkey,81.44011,71.244912
612,2,1,2025-09-09,Lithuania,Greece,90.256872,93.573941
612,3,1,2025-09-10,Finland,Georgia,93.78032,77.7607
612,4,1,2025-09-10,Germany,Slovenia,89.474628,72.463637
613,1,1,2025-09-09,Poland,Turkey,83.376848,98.126979
613,2,1,2025-09-09,Lithuania,Greece,89.115418,73.954672
613,3,1,2025-09-10,Finland,Georgia,103.60711,61.362473
613,4,1,2025-09-10,Germany,Slovenia,87.264675,77.134802
614,1,1,2025-09-09,Poland,Turkey,78.561937,83.364604
614,2,1,2025-09-09,Lithuania,Greece,82.613337,67.730969
614,3,1,2025-09-10,Finland,Georgia,79.896696,67.391704
614,4,1,2025-09-10,Germany,Slovenia,121.08806,99.870797
615,1,1,2025-09-09,Poland,Turkey,80.289269,88.513195
615,2,1,2025-09-09,Lithuania,Greece,88.955124,79.79637
615,3,1,2025-09-10,Finland,Georgia,109.34637,76.24879
615,4,1,2025-09-10,Germany,Slovenia,106.01712,62.665692
616,1,1,2025-09-09,Poland,Turkey,75.605255,103.14164
616,2,1,2025-09-09,Lithuania,Greece,72.336435,57.100907
616,3,1,2025-09-10,Finland,Georgia,86.823109,86.518403
616,4,1,2025-09-10,Germany,Slovenia,99.285308,85.151038
617,1,1,2025-09-09,Poland,Turkey,73.576572,89.201174
617,2,1,2025-09-09,Lithuania,Greece,91.423612,74.729495
617,3,1,2025-09-10,Finland,Georgia,88.495877,69.085089
617,4,1,2025-09-10,Germany,Slovenia,94.226628,85.879218
618,1,1,2025-09-09,Poland,Turkey,78.456825,103.59058
618,2,1,2025-09-09,Lithuania,Greece,104.21858,91.325148
618,3,1,2025-09-10,Finland,Georgia,90.365295,75.522609
618,4,1,2025-09-10,Germany,Slovenia,107.32228,77.330785
619,1,1,2025-09-09,Poland,Turkey,107.92179,87.412537
619,2,1,2025-09-09,Lithuania,Greece,91.334427,100.38404
619,3,1,2025-09-10,Finland,Georgia,97.684967,67.498976
619,4,1,2025-09-10,Germany,Slovenia,106.40996,107.77745
620,1,1,2025-09-09,Poland,Turkey,70.728178,68.074328
620,2,1,2025-09-09,Lithuania,Greece,109.71029,71.417146
620,3,1,2025-09-10,Finland,Georgia,106.9549,79.371581
620,4,1,2025-09-10,Germany,Slovenia,85.712417,67.263008
621,1,1,2025-09-09,Poland,Turkey,75.711489,76.041348
621,2,1,2025-09-09,Lithuania,Greece,90.096961,79.792374
621,3,1,2025-09-10,Finland,Georgia,95.576156,66.503521
621,4,1,2025-09-10,Germany,Slovenia,109.86181,85.807366
622,1,1,2025-09-09,Poland,Turkey,99.917465000000007,87.131166
622,2,1,2025-09-09,Lithuania,Greece,80.504837,61.191413
622,3,1,2025-09-10,Finland,Georgia,90.601345,70.432622
622,4,1,2025-09-10,Germany,Slovenia,96.304467,79.749775
623,1,1,2025-09-09,Poland,Turkey,79.687119,94.645765
623,2,1,2025-09-09,Lithuania,Greece,93.194783,90.696579
623,3,1,2025-09-10,Finland,Georgia,84.342779,69.841519
623,4,1,2025-09-10,Germany,Slovenia,103.27429,81.984226
624,1,1,2025-09-09,Poland,Turkey,85.806085,85.328965
624,2,1,2025-09-09,Lithuania,Greece,68.865827,73.924325
624,3,1,2025-09-10,Finland,Georgia,105.14406,91.043633
624,4,1,2025-09-10,Germany,Slovenia,105.7223,94.084562
625,1,1,2025-09-09,Poland,Turkey,92.666961,100.3369
625,2,1,2025-09-09,Lithuania,Greece,62.816981,71.275682
625,3,1,2025-09-10,Finland,Georgia,106.2751,70.654075
625,4,1,2025-09-10,Germany,Slovenia,107.55665,78.333603
626,1,1,2025-09-09,Poland,Turkey,75.31143,96.953248
626,2,1,2025-09-09,Lithuania,Greece,56.554608,85.916942
626,3,1,2025-09-10,Finland,Georgia,85.665821,78.663593
626,4,1,2025-09-10,Germany,Slovenia,112.35744,79.132948
627,1,1,2025-09-09,Poland,Turkey,74.628413,90.802868
627,2,1,2025-09-09,Lithuania,Greece,81.299358,69.822421
627,3,1,2025-09-10,Finland,Georgia,106.67217,76.015396
627,4,1,2025-09-10,Germany,Slovenia,98.464706,97.429843
628,1,1,2025-09-09,Poland,Turkey,90.260656,87.703857
628,2,1,2025-09-09,Lithuania,Greece,107.42343,61.345088
628,3,1,2025-09-10,Finland,Georgia,90.494371,61.785122
628,4,1,2025-09-10,Germany,Slovenia,92.571396,83.740131
629,1,1,2025-09-09,Poland,Turkey,92.052103,79.496088
629,2,1,2025-09-09,Lithuania,Greece,112.21442,86.771461
629,3,1,2025-09-10,Finland,Georgia,100.22558,75.462958
629,4,1,2025-09-10,Germany,Slovenia,91.81123,91.466075
630,1,1,2025-09-09,Poland,Turkey,72.435004,87.805865
630,2,1,2025-09-09,Lithuania,Greece,90.028327,80.819642
630,3,1,2025-09-10,Finland,Georgia,86.065051,58.981467
630,4,1,2025-09-10,Germany,Slovenia,89.928222,77.031382
631,1,1,2025-09-09,Poland,Turkey,89.305194,107.36048
631,2,1,2025-09-09,Lithuania,Greece,90.079834,76.084491
631,3,1,2025-09-10,Finland,Georgia,85.450101,79.701057
631,4,1,2025-09-10,Germany,Slovenia,121.47133,86.209468
632,1,1,2025-09-09,Poland,Turkey,84.763246,84.348824
632,2,1,2025-09-09,Lithuania,Greece,83.061913,102.61881
632,3,1,2025-09-10,Finland,Georgia,93.014436,83.289384
632,4,1,2025-09-10,Germany,Slovenia,109.14694,94.190479
633,1,1,2025-09-09,Poland,Turkey,80.890803,82.626439
633,2,1,2025-09-09,Lithuania,Greece,71.055289,65.954967
633,3,1,2025-09-10,Finland,Georgia,86.569628,93.651323
633,4,1,2025-09-10,Germany,Slovenia,109.87287,93.422621
634,1,1,2025-09-09,Poland,Turkey,59.951475,84.137495
634,2,1,2025-09-09,Lithuania,Greece,74.077178,85.044807
634,3,1,2025-09-10,Finland,Georgia,97.401522,65.894368
634,4,1,2025-09-10,Germany,Slovenia,94.526123,71.046309
635,1,1,2025-09-09,Poland,Turkey,78.274887,90.322073
635,2,1,2025-09-09,Lithuania,Greece,90.989807,71.034795
635,3,1,2025-09-10,Finland,Georgia,87.901614,62.212232
635,4,1,2025-09-10,Germany,Slovenia,101.11157,92.582653
636,1,1,2025-09-09,Poland,Turkey,75.427258,93.399909
636,2,1,2025-09-09,Lithuania,Greece,66.068356,57.045282
636,3,1,2025-09-10,Finland,Georgia,104.08714,65.304472
636,4,1,2025-09-10,Germany,Slovenia,108.8959,77.513723
637,1,1,2025-09-09,Poland,Turkey,60.349441,76.761625
637,2,1,2025-09-09,Lithuania,Greece,86.768746,75.578281
637,3,1,2025-09-10,Finland,Georgia,105.17599,72.417675
637,4,1,2025-09-10,Germany,Slovenia,109.53224,100.41103
638,1,1,2025-09-09,Poland,Turkey,80.118785,95.675634
638,2,1,2025-09-09,Lithuania,Greece,71.46046,78.288437
638,3,1,2025-09-10,Finland,Georgia,92.289608,85.76053
638,4,1,2025-09-10,Germany,Slovenia,111.11107,105.65043
639,1,1,2025-09-09,Poland,Turkey,75.956114,92.064992
639,2,1,2025-09-09,Lithuania,Greece,82.81686,80.258919
639,3,1,2025-09-10,Finland,Georgia,91.766911,70.604899
639,4,1,2025-09-10,Germany,Slovenia,96.683267,84.061187
640,1,1,2025-09-09,Poland,Turkey,78.87877,96.534547
640,2,1,2025-09-09,Lithuania,Greece,92.04443,84.523509
640,3,1,2025-09-10,Finland,Georgia,87.50995,73.288244
640,4,1,2025-09-10,Germany,Slovenia,86.483281,93.306478
641,1,1,2025-09-09,Poland,Turkey,81.927946,88.600233
641,2,1,2025-09-09,Lithuania,Greece,106.88788,93.452922
641,3,1,2025-09-10,Finland,Georgia,108.26583,69.338357
641,4,1,2025-09-10,Germany,Slovenia,104.94645,90.711375
642,1,1,2025-09-09,Poland,Turkey,95.099174,82.538468
642,2,1,2025-09-09,Lithuania,Greece,96.281507,87.768698
642,3,1,2025-09-10,Finland,Georgia,86.687225,81.639288
642,4,1,2025-09-10,Germany,Slovenia,91.102321,74.836815
643,1,1,2025-09-09,Poland,Turkey,67.959974,96.131162
643,2,1,2025-09-09,Lithuania,Greece,93.266174,61.617109
643,3,1,2025-09-10,Finland,Georgia,104.32151,76.432568
643,4,1,2025-09-10,Germany,Slovenia,105.78254,78.176012
644,1,1,2025-09-09,Poland,Turkey,73.078828,104.1801
644,2,1,2025-09-09,Lithuania,Greece,63.174164,75.501913
644,3,1,2025-09-10,Finland,Georgia,83.955627,70.115339
644,4,1,2025-09-10,Germany,Slovenia,92.151173,71.860155
645,1,1,2025-09-09,Poland,Turkey,87.352324,101.06409
645,2,1,2025-09-09,Lithuania,Greece,88.115985,75.28871
645,3,1,2025-09-10,Finland,Georgia,90.671056,63.898029
645,4,1,2025-09-10,Germany,Slovenia,112.09428,67.624936
646,1,1,2025-09-09,Poland,Turkey,80.280634,78.112335
646,2,1,2025-09-09,Lithuania,Greece,98.0183,78.110725
646,3,1,2025-09-10,Finland,Georgia,85.559767,69.816174
646,4,1,2025-09-10,Germany,Slovenia,101.73792,105.47707
647,1,1,2025-09-09,Poland,Turkey,83.170699,103.6295
647,2,1,2025-09-09,Lithuania,Greece,81.103707,72.044766
647,3,1,2025-09-10,Finland,Georgia,98.033492,77.274952
647,4,1,2025-09-10,Germany,Slovenia,98.828204,91.72723
648,1,1,2025-09-09,Poland,Turkey,50.16178,87.059948
648,2,1,2025-09-09,Lithuania,Greece,83.037323,89.009149
648,3,1,2025-09-10,Finland,Georgia,91.628625,74.622823
648,4,1,2025-09-10,Germany,Slovenia,109.33869,81.70079
649,1,1,2025-09-09,Poland,Turkey,75.735259,89.886773
649,2,1,2025-09-09,Lithuania,Greece,75.054598,94.869827
649,3,1,2025-09-10,Finland,Georgia,83.523807,66.305993
649,4,1,2025-09-10,Germany,Slovenia,83.121576,84.642912
650,1,1,2025-09-09,Poland,Turkey,90.919284,78.987239
650,2,1,2025-09-09,Lithuania,Greece,78.209755,79.189608
650,3,1,2025-09-10,Finland,Georgia,77.78973,71.031422
650,4,1,2025-09-10,Germany,Slovenia,102.48662,91.350516
651,1,1,2025-09-09,Poland,Turkey,65.841895,99.529756
651,2,1,2025-09-09,Lithuania,Greece,90.117868,94.070783
651,3,1,2025-09-10,Finland,Georgia,85.977347,60.464187
651,4,1,2025-09-10,Germany,Slovenia,92.49688,82.311766
652,1,1,2025-09-09,Poland,Turkey,81.107617,80.915058
652,2,1,2025-09-09,Lithuania,Greece,98.91067,77.832405
652,3,1,2025-09-10,Finland,Georgia,102.81604,83.869536
652,4,1,2025-09-10,Germany,Slovenia,83.63995,81.338728
653,1,1,2025-09-09,Poland,Turkey,78.746663,89.951689
653,2,1,2025-09-09,Lithuania,Greece,112.97951,91.689814
653,3,1,2025-09-10,Finland,Georgia,82.337436,69.178194
653,4,1,2025-09-10,Germany,Slovenia,117.4341,87.621974
654,1,1,2025-09-09,Poland,Turkey,75.963833,118.68096
654,2,1,2025-09-09,Lithuania,Greece,73.435994,95.245651
654,3,1,2025-09-10,Finland,Georgia,99.165517,79.680233
654,4,1,2025-09-10,Germany,Slovenia,103.29154,72.167319
655,1,1,2025-09-09,Poland,Turkey,66.885864,78.795899
655,2,1,2025-09-09,Lithuania,Greece,86.381434,75.697455
655,3,1,2025-09-10,Finland,Georgia,91.018664,94.518878
655,4,1,2025-09-10,Germany,Slovenia,112.43732,97.036167
656,1,1,2025-09-09,Poland,Turkey,76.867283,93.434225
656,2,1,2025-09-09,Lithuania,Greece,83.610449,68.285506
656,3,1,2025-09-10,Finland,Georgia,95.389971,85.586704
656,4,1,2025-09-10,Germany,Slovenia,99.446223,60.96428
657,1,1,2025-09-09,Poland,Turkey,84.994105,90.727525
657,2,1,2025-09-09,Lithuania,Greece,106.22863,84.298568
657,3,1,2025-09-10,Finland,Georgia,95.21937,72.570245
657,4,1,2025-09-10,Germany,Slovenia,87.472953,89.908743
658,1,1,2025-09-09,Poland,Turkey,73.633122,76.287463
658,2,1,2025-09-09,Lithuania,Greece,63.098636,64.150529
658,3,1,2025-09-10,Finland,Georgia,110.29837,67.432038
658,4,1,2025-09-10,Germany,Slovenia,100.2564,90.53848
659,1,1,2025-09-09,Poland,Turkey,83.083801,114.07005
659,2,1,2025-09-09,Lithuania,Greece,89.673728,84.034863
659,3,1,2025-09-10,Finland,Georgia,102.87116,101.53336
659,4,1,2025-09-10,Germany,Slovenia,96.756689,91.64878
660,1,1,2025-09-09,Poland,Turkey,72.303404,91.442679
660,2,1,2025-09-09,Lithuania,Greece,93.184975,37.850508
660,3,1,2025-09-10,Finland,Georgia,94.428965,80.944913
660,4,1,2025-09-10,Germany,Slovenia,90.623842,76.441711
661,1,1,2025-09-09,Poland,Turkey,76.379058,79.57745
661,2,1,2025-09-09,Lithuania,Greece,93.933071,72.919058
661,3,1,2025-09-10,Finland,Georgia,85.571322,68.623835
661,4,1,2025-09-10,Germany,Slovenia,105.53195,103.04835
662,1,1,2025-09-09,Poland,Turkey,76.50938,71.576575
662,2,1,2025-09-09,Lithuania,Greece,104.04461,94.484611
662,3,1,2025-09-10,Finland,Georgia,95.155498,79.481466
662,4,1,2025-09-10,Germany,Slovenia,104.56745,94.5914
663,1,1,2025-09-09,Poland,Turkey,83.484159,93.113617
663,2,1,2025-09-09,Lithuania,Greece,90.59071,97.306887
663,3,1,2025-09-10,Finland,Georgia,93.539536,75.310853
663,4,1,2025-09-10,Germany,Slovenia,116.31758,98.712907
664,1,1,2025-09-09,Poland,Turkey,98.274979,95.058226
664,2,1,2025-09-09,Lithuania,Greece,118.39882,70.789751
664,3,1,2025-09-10,Finland,Georgia,98.779189,72.52992
664,4,1,2025-09-10,Germany,Slovenia,107.44821,88.468411
665,1,1,2025-09-09,Poland,Turkey,70.387073,90.335277
665,2,1,2025-09-09,Lithuania,Greece,95.189338,67.567526
665,3,1,2025-09-10,Finland,Georgia,93.055501,100.93275
665,4,1,2025-09-10,Germany,Slovenia,127.85743,86.593924
666,1,1,2025-09-09,Poland,Turkey,91.063929,93.243598
666,2,1,2025-09-09,Lithuania,Greece,83.737854,60.453527
666,3,1,2025-09-10,Finland,Georgia,94.516852,71.538903
666,4,1,2025-09-10,Germany,Slovenia,94.881246,84.650238
667,1,1,2025-09-09,Poland,Turkey,51.273045,78.309039
667,2,1,2025-09-09,Lithuania,Greece,81.656494,74.059012
667,3,1,2025-09-10,Finland,Georgia,102.59556,83.902826
667,4,1,2025-09-10,Germany,Slovenia,112.3878,75.588285
668,1,1,2025-09-09,Poland,Turkey,81.014469,79.23755
668,2,1,2025-09-09,Lithuania,Greece,108.07487,80.127211
668,3,1,2025-09-10,Finland,Georgia,77.50766,61.577572
668,4,1,2025-09-10,Germany,Slovenia,102.84525,79.133453
669,1,1,2025-09-09,Poland,Turkey,86.188506,98.811121
669,2,1,2025-09-09,Lithuania,Greece,79.237638,78.008265
669,3,1,2025-09-10,Finland,Georgia,84.865562,85.931877
669,4,1,2025-09-10,Germany,Slovenia,111.61104,103.46949
670,1,1,2025-09-09,Poland,Turkey,93.218923,116.20935
670,2,1,2025-09-09,Lithuania,Greece,106.22065,72.660362
670,3,1,2025-09-10,Finland,Georgia,88.65887,71.064573
670,4,1,2025-09-10,Germany,Slovenia,91.771073,67.701936
671,1,1,2025-09-09,Poland,Turkey,76.758703,83.019016
671,2,1,2025-09-09,Lithuania,Greece,88.280979,69.10721
671,3,1,2025-09-10,Finland,Georgia,90.432969,93.100973
671,4,1,2025-09-10,Germany,Slovenia,104.30693,82.672836
672,1,1,2025-09-09,Poland,Turkey,88.21797,113.89268
672,2,1,2025-09-09,Lithuania,Greece,88.544538,64.917486
672,3,1,2025-09-10,Finland,Georgia,83.248241,59.44047
672,4,1,2025-09-10,Germany,Slovenia,99.349609,88.826189
673,1,1,2025-09-09,Poland,Turkey,94.004536,102.2769
673,2,1,2025-09-09,Lithuania,Greece,100.59221,80.804915
673,3,1,2025-09-10,Finland,Georgia,87.448449,75.602555
673,4,1,2025-09-10,Germany,Slovenia,121.63631,84.503426
674,1,1,2025-09-09,Poland,Turkey,75.793424,91.800444
674,2,1,2025-09-09,Lithuania,Greece,88.423179,86.953605
674,3,1,2025-09-10,Finland,Georgia,81.569812,87.700631
674,4,1,2025-09-10,Germany,Slovenia,112.05398,91.31059
675,1,1,2025-09-09,Poland,Turkey,86.657302,88.8828
675,2,1,2025-09-09,Lithuania,Greece,96.77831,81.659997
675,3,1,2025-09-10,Finland,Georgia,70.371387,62.808378
675,4,1,2025-09-10,Germany,Slovenia,89.576818,71.283046
676,1,1,2025-09-09,Poland,Turkey,93.082243,109.59832
676,2,1,2025-09-09,Lithuania,Greece,88.924923,72.357467
676,3,1,2025-09-10,Finland,Georgia,107.45773,70.347603
676,4,1,2025-09-10,Germany,Slovenia,108.97237,105.03116
677,1,1,2025-09-09,Poland,Turkey,82.432465,90.798496
677,2,1,2025-09-09,Lithuania,Greece,72.179084,75.933914
677,3,1,2025-09-10,Finland,Georgia,86.28755,79.465816
677,4,1,2025-09-10,Germany,Slovenia,87.456409,79.924408
678,1,1,2025-09-09,Poland,Turkey,68.490988,84.782099
678,2,1,2025-09-09,Lithuania,Greece,77.701284,50.821282
678,3,1,2025-09-10,Finland,Georgia,94.805226,95.354111
678,4,1,2025-09-10,Germany,Slovenia,95.777775,76.024881
679,1,1,2025-09-09,Poland,Turkey,72.874657,81.15627
679,2,1,2025-09-09,Lithuania,Greece,76.57399,65.943881
679,3,1,2025-09-10,Finland,Georgia,104.69864,68.590614
679,4,1,2025-09-10,Germany,Slovenia,90.565256,56.281784
680,1,1,2025-09-09,Poland,Turkey,84.200916,97.287074
680,2,1,2025-09-09,Lithuania,Greece,73.953406,85.764069
680,3,1,2025-09-10,Finland,Georgia,81.076837,63.174313
680,4,1,2025-09-10,Germany,Slovenia,120.35708,92.187639
681,1,1,2025-09-09,Poland,Turkey,95.257093,91.59069
681,2,1,2025-09-09,Lithuania,Greece,101.36164,81.035104
681,3,1,2025-09-10,Finland,Georgia,110.66934,64.537971
681,4,1,2025-09-10,Germany,Slovenia,112.89406,102.86423
682,1,1,2025-09-09,Poland,Turkey,73.089067,90.603268
682,2,1,2025-09-09,Lithuania,Greece,87.024086,76.391103
682,3,1,2025-09-10,Finland,Georgia,102.75019,78.78584
682,4,1,2025-09-10,Germany,Slovenia,118.51429,86.799011
683,1,1,2025-09-09,Poland,Turkey,73.191783,77.701721
683,2,1,2025-09-09,Lithuania,Greece,95.515084,81.289549
683,3,1,2025-09-10,Finland,Georgia,69.778978,64.411895
683,4,1,2025-09-10,Germany,Slovenia,97.490189,87.110129
684,1,1,2025-09-09,Poland,Turkey,72.596061,75.403792
684,2,1,2025-09-09,Lithuania,Greece,95.055844,73.159777
684,3,1,2025-09-10,Finland,Georgia,106.11143,95.43995
684,4,1,2025-09-10,Germany,Slovenia,83.625431,83.672978
685,1,1,2025-09-09,Poland,Turkey,67.670287,90.622191
685,2,1,2025-09-09,Lithuania,Greece,81.625345,73.431059
685,3,1,2025-09-10,Finland,Georgia,102.06894,88.518608
685,4,1,2025-09-10,Germany,Slovenia,98.384306,75.618889
686,1,1,2025-09-09,Poland,Turkey,72.220563,104.05731
686,2,1,2025-09-09,Lithuania,Greece,87.359175,68.198303
686,3,1,2025-09-10,Finland,Georgia,75.778164,87.232542
686,4,1,2025-09-10,Germany,Slovenia,116.97198,90.765735
687,1,1,2025-09-09,Poland,Turkey,98.689847,87.490808
687,2,1,2025-09-09,Lithuania,Greece,86.122666,77.555373
687,3,1,2025-09-10,Finland,Georgia,93.918902,58.687992
687,4,1,2025-09-10,Germany,Slovenia,97.628929,64.845103
688,1,1,2025-09-09,Poland,Turkey,77.551752,90.349085
688,2,1,2025-09-09,Lithuania,Greece,83.594616,62.662448
688,3,1,2025-09-10,Finland,Georgia,97.740224,81.593124
688,4,1,2025-09-10,Germany,Slovenia,97.867931,58.446431
689,1,1,2025-09-09,Poland,Turkey,95.040908,80.69276
689,2,1,2025-09-09,Lithuania,Greece,100.1537,72.846416
689,3,1,2025-09-10,Finland,Georgia,111.15514,73.497622
689,4,1,2025-09-10,Germany,Slovenia,92.155866,75.401674
690,1,1,2025-09-09,Poland,Turkey,72.904136,75.747099
690,2,1,2025-09-09,Lithuania,Greece,90.360138,78.849684
690,3,1,2025-09-10,Finland,Georgia,101.76672,61.766619
690,4,1,2025-09-10,Germany,Slovenia,117.00743,80.845918
691,1,1,2025-09-09,Poland,Turkey,78.30174,91.866978
691,2,1,2025-09-09,Lithuania,Greece,89.865116,89.017952
691,3,1,2025-09-10,Finland,Georgia,84.8581,80.848168
691,4,1,2025-09-10,Germany,Slovenia,108.00206,92.372522
692,1,1,2025-09-09,Poland,Turkey,51.189511,78.27355
692,2,1,2025-09-09,Lithuania,Greece,66.267885,71.516902
692,3,1,2025-09-10,Finland,Georgia,93.934416,76.92338
692,4,1,2025-09-10,Germany,Slovenia,97.389346,79.400039
693,1,1,2025-09-09,Poland,Turkey,77.06764,99.534671
693,2,1,2025-09-09,Lithuania,Greece,109.34496,76.074272
693,3,1,2025-09-10,Finland,Georgia,99.346598,87.160045
693,4,1,2025-09-10,Germany,Slovenia,122.94144,87.613116
694,1,1,2025-09-09,Poland,Turkey,78.85366,79.349846
694,2,1,2025-09-09,Lithuania,Greece,90.734048,54.798114
694,3,1,2025-09-10,Finland,Georgia,99.935555,88.580582
694,4,1,2025-09-10,Germany,Slovenia,84.771689,75.190502
695,1,1,2025-09-09,Poland,Turkey,78.643051,74.894013
695,2,1,2025-09-09,Lithuania,Greece,98.303526,95.777982
695,3,1,2025-09-10,Finland,Georgia,79.231341,71.360406
695,4,1,2025-09-10,Germany,Slovenia,76.518457,74.720954
696,1,1,2025-09-09,Poland,Turkey,90.955041,96.273557
696,2,1,2025-09-09,Lithuania,Greece,88.540854,81.939212
696,3,1,2025-09-10,Finland,Georgia,107.3958,102.12431
696,4,1,2025-09-10,Germany,Slovenia,92.297089,95.05398
697,1,1,2025-09-09,Poland,Turkey,91.702942,97.498117
697,2,1,2025-09-09,Lithuania,Greece,77.319231,72.841375
697,3,1,2025-09-10,Finland,Georgia,90.478876,65.010669
697,4,1,2025-09-10,Germany,Slovenia,89.748585,88.467319
698,1,1,2025-09-09,Poland,Turkey,73.1978,83.856875
698,2,1,2025-09-09,Lithuania,Greece,90.123353,83.787495
698,3,1,2025-09-10,Finland,Georgia,88.138972,69.558741
698,4,1,2025-09-10,Germany,Slovenia,120.89501,79.985974
699,1,1,2025-09-09,Poland,Turkey,80.257748,59.702618
699,2,1,2025-09-09,Lithuania,Greece,80.86749,87.184174
699,3,1,2025-09-10,Finland,Georgia,101.92019,73.42411
699,4,1,2025-09-10,Germany,Slovenia,92.263095,81.610627
700,1,1,2025-09-09,Poland,Turkey,75.678405,82.816229
700,2,1,2025-09-09,Lithuania,Greece,90.713161,81.961637
700,3,1,2025-09-10,Finland,Georgia,92.134435,72.175936
700,4,1,2025-09-10,Germany,Slovenia,103.90792,82.346169
701,1,1,2025-09-09,Poland,Turkey,99.032873,62.107636
701,2,1,2025-09-09,Lithuania,Greece,92.609529,77.691682
701,3,1,2025-09-10,Finland,Georgia,82.981993,82.714817
701,4,1,2025-09-10,Germany,Slovenia,98.532681,84.385851
702,1,1,2025-09-09,Poland,Turkey,68.187535,93.978169
702,2,1,2025-09-09,Lithuania,Greece,118.80309,72.539757
702,3,1,2025-09-10,Finland,Georgia,107.27783,69.324754
702,4,1,2025-09-10,Germany,Slovenia,107.22692,85.494471
703,1,1,2025-09-09,Poland,Turkey,89.315019,94.151899
703,2,1,2025-09-09,Lithuania,Greece,87.702584,119.00399
703,3,1,2025-09-10,Finland,Georgia,97.841392,81.764366
703,4,1,2025-09-10,Germany,Slovenia,111.18317,96.608597
704,1,1,2025-09-09,Poland,Turkey,89.01219,82.48792
704,2,1,2025-09-09,Lithuania,Greece,93.303309,68.363853
704,3,1,2025-09-10,Finland,Georgia,83.746322,75.5082
704,4,1,2025-09-10,Germany,Slovenia,106.09347,76.076395
705,1,1,2025-09-09,Poland,Turkey,82.583627,70.854253
705,2,1,2025-09-09,Lithuania,Greece,96.414967,69.850472
705,3,1,2025-09-10,Finland,Georgia,56.991541,72.590298
705,4,1,2025-09-10,Germany,Slovenia,100.29288,76.944238
706,1,1,2025-09-09,Poland,Turkey,59.193854,88.640693
706,2,1,2025-09-09,Lithuania,Greece,89.65782,73.613025
706,3,1,2025-09-10,Finland,Georgia,95.780062,62.490332
706,4,1,2025-09-10,Germany,Slovenia,104.66106,81.672075
707,1,1,2025-09-09,Poland,Turkey,88.995656,81.353187
707,2,1,2025-09-09,Lithuania,Greece,77.920928,78.241916
707,3,1,2025-09-10,Finland,Georgia,105.12381,75.224048
707,4,1,2025-09-10,Germany,Slovenia,111.58049,93.957607
708,1,1,2025-09-09,Poland,Turkey,67.42898,107.59177
708,2,1,2025-09-09,Lithuania,Greece,85.897481,77.902672
708,3,1,2025-09-10,Finland,Georgia,104.51846,66.688811
708,4,1,2025-09-10,Germany,Slovenia,88.486111,89.154827
709,1,1,2025-09-09,Poland,Turkey,71.982009,93.187874
709,2,1,2025-09-09,Lithuania,Greece,80.347465,76.260421
709,3,1,2025-09-10,Finland,Georgia,118.92858,83.843892
709,4,1,2025-09-10,Germany,Slovenia,83.984355,86.932005
710,1,1,2025-09-09,Poland,Turkey,62.819689,74.560339
710,2,1,2025-09-09,Lithuania,Greece,83.780254,85.755253
710,3,1,2025-09-10,Finland,Georgia,73.071137,68.066191
710,4,1,2025-09-10,Germany,Slovenia,92.674023,86.302702
711,1,1,2025-09-09,Poland,Turkey,62.647722,91.70463
711,2,1,2025-09-09,Lithuania,Greece,101.51866,75.643974
711,3,1,2025-09-10,Finland,Georgia,115.31297000000001,69.527247
711,4,1,2025-09-10,Germany,Slovenia,111.1005,93.102133
712,1,1,2025-09-09,Poland,Turkey,78.38802,78.665653
712,2,1,2025-09-09,Lithuania,Greece,80.317486,86.469621
712,3,1,2025-09-10,Finland,Georgia,89.934349,55.161633
712,4,1,2025-09-10,Germany,Slovenia,87.257594,95.455374
713,1,1,2025-09-09,Poland,Turkey,81.812182,92.245309
713,2,1,2025-09-09,Lithuania,Greece,88.874886,87.475262
713,3,1,2025-09-10,Finland,Georgia,102.21195,71.811062
713,4,1,2025-09-10,Germany,Slovenia,94.360699,83.009374
714,1,1,2025-09-09,Poland,Turkey,70.218901,107.71115
714,2,1,2025-09-09,Lithuania,Greece,86.915683,65.763184
714,3,1,2025-09-10,Finland,Georgia,94.214302,58.258646
714,4,1,2025-09-10,Germany,Slovenia,118.22104,85.655055
715,1,1,2025-09-09,Poland,Turkey,90.105275,85.045366
715,2,1,2025-09-09,Lithuania,Greece,89.862056,68.093522
715,3,1,2025-09-10,Finland,Georgia,120.33617,91.361776
715,4,1,2025-09-10,Germany,Slovenia,95.503547,74.912546
716,1,1,2025-09-09,Poland,Turkey,84.915783,95.126944
716,2,1,2025-09-09,Lithuania,Greece,100.54017,84.134314
716,3,1,2025-09-10,Finland,Georgia,99.727678,68.756896
716,4,1,2025-09-10,Germany,Slovenia,100.17828,104.88963
717,1,1,2025-09-09,Poland,Turkey,72.695957,93.09289
717,2,1,2025-09-09,Lithuania,Greece,90.295114,75.538463
717,3,1,2025-09-10,Finland,Georgia,78.246855,61.898035
717,4,1,2025-09-10,Germany,Slovenia,125.92095,84.595198
718,1,1,2025-09-09,Poland,Turkey,68.63976,76.269176
718,2,1,2025-09-09,Lithuania,Greece,89.794644,90.793301
718,3,1,2025-09-10,Finland,Georgia,82.128707,63.201232
718,4,1,2025-09-10,Germany,Slovenia,101.92654,83.45676
719,1,1,2025-09-09,Poland,Turkey,77.773598,86.546376
719,2,1,2025-09-09,Lithuania,Greece,90.533067,82.976208
719,3,1,2025-09-10,Finland,Georgia,86.377388,65.192109
719,4,1,2025-09-10,Germany,Slovenia,87.129656,74.420241
720,1,1,2025-09-09,Poland,Turkey,72.320647,94.910311
720,2,1,2025-09-09,Lithuania,Greece,97.577266,61.651194
720,3,1,2025-09-10,Finland,Georgia,96.245042,67.432178
720,4,1,2025-09-10,Germany,Slovenia,114.59757,88.848053
721,1,1,2025-09-09,Poland,Turkey,70.487279,97.502129
721,2,1,2025-09-09,Lithuania,Greece,93.24765,90.255516
721,3,1,2025-09-10,Finland,Georgia,92.594126,87.621547
721,4,1,2025-09-10,Germany,Slovenia,112.86145,96.335115
722,1,1,2025-09-09,Poland,Turkey,90.356527,91.554585
722,2,1,2025-09-09,Lithuania,Greece,69.875808,78.83774
722,3,1,2025-09-10,Finland,Georgia,117.7558,83.794773
722,4,1,2025-09-10,Germany,Slovenia,113.26064,85.083333
723,1,1,2025-09-09,Poland,Turkey,74.535727,106.88683
723,2,1,2025-09-09,Lithuania,Greece,89.393684,82.656587
723,3,1,2025-09-10,Finland,Georgia,73.881107,68.93264
723,4,1,2025-09-10,Germany,Slovenia,99.785988,72.497821
724,1,1,2025-09-09,Poland,Turkey,69.929225,79.884194
724,2,1,2025-09-09,Lithuania,Greece,114.99353,79.813063
724,3,1,2025-09-10,Finland,Georgia,88.594973,76.693425
724,4,1,2025-09-10,Germany,Slovenia,132.48751,98.188938
725,1,1,2025-09-09,Poland,Turkey,86.041461,104.29601
725,2,1,2025-09-09,Lithuania,Greece,80.556869,80.562089
725,3,1,2025-09-10,Finland,Georgia,107.02763,68.935404
725,4,1,2025-09-10,Germany,Slovenia,97.150099,75.984852
726,1,1,2025-09-09,Poland,Turkey,66.557291,77.724078
726,2,1,2025-09-09,Lithuania,Greece,78.593101,74.192834
726,3,1,2025-09-10,Finland,Georgia,109.73316,87.589085
726,4,1,2025-09-10,Germany,Slovenia,91.595828,95.010192
727,1,1,2025-09-09,Poland,Turkey,97.41285,124.05534
727,2,1,2025-09-09,Lithuania,Greece,78.179893,45.480136
727,3,1,2025-09-10,Finland,Georgia,87.126881,74.019062
727,4,1,2025-09-10,Germany,Slovenia,95.484069,75.543009
728,1,1,2025-09-09,Poland,Turkey,84.099177,89.79458
728,2,1,2025-09-09,Lithuania,Greece,67.993021,68.866956
728,3,1,2025-09-10,Finland,Georgia,106.14497,75.255963
728,4,1,2025-09-10,Germany,Slovenia,82.918354,92.108509
729,1,1,2025-09-09,Poland,Turkey,82.214129,82.808526
729,2,1,2025-09-09,Lithuania,Greece,101.73066,48.42606
729,3,1,2025-09-10,Finland,Georgia,98.945291,68.911491
729,4,1,2025-09-10,Germany,Slovenia,106.39611,84.816172
730,1,1,2025-09-09,Poland,Turkey,73.495237,83.319338
730,2,1,2025-09-09,Lithuania,Greece,79.281335,73.045421
730,3,1,2025-09-10,Finland,Georgia,124.94647,88.975188
730,4,1,2025-09-10,Germany,Slovenia,100.8456,87.50661
731,1,1,2025-09-09,Poland,Turkey,73.888122,79.855109
731,2,1,2025-09-09,Lithuania,Greece,86.381732,55.612636
731,3,1,2025-09-10,Finland,Georgia,100.91693,90.608145
731,4,1,2025-09-10,Germany,Slovenia,105.41037,106.40776
732,1,1,2025-09-09,Poland,Turkey,89.66708,93.893463
732,2,1,2025-09-09,Lithuania,Greece,85.696086,65.620651
732,3,1,2025-09-10,Finland,Georgia,94.474946,78.616033
732,4,1,2025-09-10,Germany,Slovenia,119.1471,98.963922
733,1,1,2025-09-09,Poland,Turkey,72.474999,95.829473
733,2,1,2025-09-09,Lithuania,Greece,77.786718,88.359564
733,3,1,2025-09-10,Finland,Georgia,102.0138,66.362948
733,4,1,2025-09-10,Germany,Slovenia,103.4051,73.421707
734,1,1,2025-09-09,Poland,Turkey,94.356533,94.908083
734,2,1,2025-09-09,Lithuania,Greece,75.851677,69.805101
734,3,1,2025-09-10,Finland,Georgia,87.469771,69.287536
734,4,1,2025-09-10,Germany,Slovenia,108.91236,85.175783
735,1,1,2025-09-09,Poland,Turkey,59.576912,73.476565
735,2,1,2025-09-09,Lithuania,Greece,80.512216,60.771798
735,3,1,2025-09-10,Finland,Georgia,84.124006,75.17386
735,4,1,2025-09-10,Germany,Slovenia,107.33849,69.142913
736,1,1,2025-09-09,Poland,Turkey,63.793392,74.923839
736,2,1,2025-09-09,Lithuania,Greece,81.100565,89.362132
736,3,1,2025-09-10,Finland,Georgia,99.806443,85.561159
736,4,1,2025-09-10,Germany,Slovenia,98.078294,83.173733
737,1,1,2025-09-09,Poland,Turkey,92.408853,96.580796
737,2,1,2025-09-09,Lithuania,Greece,77.869491,58.342551
737,3,1,2025-09-10,Finland,Georgia,89.711368,85.908008
737,4,1,2025-09-10,Germany,Slovenia,91.663847,76.951566
738,1,1,2025-09-09,Poland,Turkey,47.303573,98.154547
738,2,1,2025-09-09,Lithuania,Greece,88.659128,79.39592
738,3,1,2025-09-10,Finland,Georgia,108.26546,78.237583
738,4,1,2025-09-10,Germany,Slovenia,111.19379,75.694404
739,1,1,2025-09-09,Poland,Turkey,53.487269,55.342707
739,2,1,2025-09-09,Lithuania,Greece,78.334804,90.35697
739,3,1,2025-09-10,Finland,Georgia,88.440895,89.418851
739,4,1,2025-09-10,Germany,Slovenia,103.31466,87.420347
740,1,1,2025-09-09,Poland,Turkey,75.882198,94.819025
740,2,1,2025-09-09,Lithuania,Greece,95.671391,58.069394
740,3,1,2025-09-10,Finland,Georgia,88.118661,77.309109
740,4,1,2025-09-10,Germany,Slovenia,111.43111,84.942923
741,1,1,2025-09-09,Poland,Turkey,82.565139,92.10513
741,2,1,2025-09-09,Lithuania,Greece,92.734676,78.799013
741,3,1,2025-09-10,Finland,Georgia,90.704111,71.090625
741,4,1,2025-09-10,Germany,Slovenia,96.327755,92.218417
742,1,1,2025-09-09,Poland,Turkey,53.967035,79.818789
742,2,1,2025-09-09,Lithuania,Greece,74.657034,88.255728
742,3,1,2025-09-10,Finland,Georgia,104.40098,73.343915
742,4,1,2025-09-10,Germany,Slovenia,119.14238,94.913741
743,1,1,2025-09-09,Poland,Turkey,68.94331,70.614146
743,2,1,2025-09-09,Lithuania,Greece,80.33053,64.022645
743,3,1,2025-09-10,Finland,Georgia,86.21034,85.68347
743,4,1,2025-09-10,Germany,Slovenia,99.69507,81.464277
744,1,1,2025-09-09,Poland,Turkey,68.674943,93.296947
744,2,1,2025-09-09,Lithuania,Greece,104.01597,99.331843
744,3,1,2025-09-10,Finland,Georgia,111.67324,93.402792
744,4,1,2025-09-10,Germany,Slovenia,93.782728,76.416626
745,1,1,2025-09-09,Poland,Turkey,97.155355,72.238208
745,2,1,2025-09-09,Lithuania,Greece,80.827549,84.206479
745,3,1,2025-09-10,Finland,Georgia,80.492434,59.120723
745,4,1,2025-09-10,Germany,Slovenia,89.709788,68.329759
746,1,1,2025-09-09,Poland,Turkey,56.997722,84.455712
746,2,1,2025-09-09,Lithuania,Greece,106.86855,86.561778
746,3,1,2025-09-10,Finland,Georgia,94.835507,86.684441
746,4,1,2025-09-10,Germany,Slovenia,104.62913,69.865589
747,1,1,2025-09-09,Poland,Turkey,83.415995,100.91986
747,2,1,2025-09-09,Lithuania,Greece,85.821755,82.681075
747,3,1,2025-09-10,Finland,Georgia,97.553532,67.025017
747,4,1,2025-09-10,Germany,Slovenia,78.064464,86.453644
748,1,1,2025-09-09,Poland,Turkey,46.397563,102.69132
748,2,1,2025-09-09,Lithuania,Greece,98.273408,79.265066
748,3,1,2025-09-10,Finland,Georgia,103.49958,68.6978
748,4,1,2025-09-10,Germany,Slovenia,111.28001,86.723781
749,1,1,2025-09-09,Poland,Turkey,89.257485,93.01808
749,2,1,2025-09-09,Lithuania,Greece,94.296146,93.223537
749,3,1,2025-09-10,Finland,Georgia,92.610806,73.771573
749,4,1,2025-09-10,Germany,Slovenia,103.11273,109.91235
750,1,1,2025-09-09,Poland,Turkey,71.723537,79.214681
750,2,1,2025-09-09,Lithuania,Greece,105.37549,92.365058
750,3,1,2025-09-10,Finland,Georgia,88.927891,69.496257
750,4,1,2025-09-10,Germany,Slovenia,91.026801,84.558697
751,1,1,2025-09-09,Poland,Turkey,98.634748,102.43289
751,2,1,2025-09-09,Lithuania,Greece,83.398441,73.333912
751,3,1,2025-09-10,Finland,Georgia,105.74876,97.350291
751,4,1,2025-09-10,Germany,Slovenia,79.027616,108.48387
752,1,1,2025-09-09,Poland,Turkey,75.447262,112.53483
752,2,1,2025-09-09,Lithuania,Greece,70.030736,95.734781
752,3,1,2025-09-10,Finland,Georgia,101.69788,83.208934
752,4,1,2025-09-10,Germany,Slovenia,112.23764,86.497225
753,1,1,2025-09-09,Poland,Turkey,82.944769,109.16861
753,2,1,2025-09-09,Lithuania,Greece,86.513325,99.447416
753,3,1,2025-09-10,Finland,Georgia,104.5056,101.66558
753,4,1,2025-09-10,Germany,Slovenia,91.100713,74.372064
754,1,1,2025-09-09,Poland,Turkey,66.400925,92.461308
754,2,1,2025-09-09,Lithuania,Greece,103.42345,78.922624
754,3,1,2025-09-10,Finland,Georgia,86.524886,86.11944
754,4,1,2025-09-10,Germany,Slovenia,106.60022,89.24519
755,1,1,2025-09-09,Poland,Turkey,66.407802,85.091753
755,2,1,2025-09-09,Lithuania,Greece,98.25198,87.598398
755,3,1,2025-09-10,Finland,Georgia,105.41821,78.96549
755,4,1,2025-09-10,Germany,Slovenia,89.031787,72.467658
756,1,1,2025-09-09,Poland,Turkey,85.369187,94.069094
756,2,1,2025-09-09,Lithuania,Greece,86.44704,77.128567
756,3,1,2025-09-10,Finland,Georgia,106.02675,88.792033
756,4,1,2025-09-10,Germany,Slovenia,96.90979,75.944168
757,1,1,2025-09-09,Poland,Turkey,81.723158,88.323821
757,2,1,2025-09-09,Lithuania,Greece,100.08773,78.082498
757,3,1,2025-09-10,Finland,Georgia,86.135454,92.554888
757,4,1,2025-09-10,Germany,Slovenia,99.948038,76.973686
758,1,1,2025-09-09,Poland,Turkey,84.373518,89.946337
758,2,1,2025-09-09,Lithuania,Greece,80.458761,81.737287
758,3,1,2025-09-10,Finland,Georgia,90.064461,100.76655
758,4,1,2025-09-10,Germany,Slovenia,104.72193,104.23672
759,1,1,2025-09-09,Poland,Turkey,54.678861,89.06456
759,2,1,2025-09-09,Lithuania,Greece,57.493644,73.802012
759,3,1,2025-09-10,Finland,Georgia,81.50367,81.623442
759,4,1,2025-09-10,Germany,Slovenia,108.8716,95.469947
760,1,1,2025-09-09,Poland,Turkey,73.319741,83.556294
760,2,1,2025-09-09,Lithuania,Greece,103.82109,65.359587
760,3,1,2025-09-10,Finland,Georgia,90.105064,58.197919
760,4,1,2025-09-10,Germany,Slovenia,93.999424,92.818341
761,1,1,2025-09-09,Poland,Turkey,89.209918,98.450581
761,2,1,2025-09-09,Lithuania,Greece,83.339854,86.130564
761,3,1,2025-09-10,Finland,Georgia,108.12145,79.953357
761,4,1,2025-09-10,Germany,Slovenia,107.33296,84.761319
762,1,1,2025-09-09,Poland,Turkey,74.706409,71.819905
762,2,1,2025-09-09,Lithuania,Greece,84.605431,81.755198
762,3,1,2025-09-10,Finland,Georgia,113.64779,74.868502
762,4,1,2025-09-10,Germany,Slovenia,107.61346,81.402432
763,1,1,2025-09-09,Poland,Turkey,75.198775,94.989258
763,2,1,2025-09-09,Lithuania,Greece,84.027836,71.530454
763,3,1,2025-09-10,Finland,Georgia,87.236567,63.881905
763,4,1,2025-09-10,Germany,Slovenia,108.5194,87.83626
764,1,1,2025-09-09,Poland,Turkey,83.732649,95.172107
764,2,1,2025-09-09,Lithuania,Greece,91.85378,96.677546
764,3,1,2025-09-10,Finland,Georgia,95.645472,68.174633
764,4,1,2025-09-10,Germany,Slovenia,108.14925,82.482501
765,1,1,2025-09-09,Poland,Turkey,80.571114,86.618262
765,2,1,2025-09-09,Lithuania,Greece,76.730104,80.965253
765,3,1,2025-09-10,Finland,Georgia,94.059219,67.820476
765,4,1,2025-09-10,Germany,Slovenia,95.902425,91.304716
766,1,1,2025-09-09,Poland,Turkey,73.3168,100.41696
766,2,1,2025-09-09,Lithuania,Greece,86.517754,57.869933
766,3,1,2025-09-10,Finland,Georgia,83.878907,66.151816
766,4,1,2025-09-10,Germany,Slovenia,95.071894,70.698306
767,1,1,2025-09-09,Poland,Turkey,84.369166,100.31506
767,2,1,2025-09-09,Lithuania,Greece,90.343158,80.448636
767,3,1,2025-09-10,Finland,Georgia,102.46442,76.767085
767,4,1,2025-09-10,Germany,Slovenia,105.72708,66.698976
768,1,1,2025-09-09,Poland,Turkey,80.469387,88.27807
768,2,1,2025-09-09,Lithuania,Greece,94.804088,94.078813
768,3,1,2025-09-10,Finland,Georgia,97.506317,63.449981
768,4,1,2025-09-10,Germany,Slovenia,119.03228,85.589376
769,1,1,2025-09-09,Poland,Turkey,67.518024,104.20873
769,2,1,2025-09-09,Lithuania,Greece,102.23843,98.67248
769,3,1,2025-09-10,Finland,Georgia,90.209088,69.318008
769,4,1,2025-09-10,Germany,Slovenia,97.349542,74.445317
770,1,1,2025-09-09,Poland,Turkey,90.411549,84.346965
770,2,1,2025-09-09,Lithuania,Greece,84.810639,72.443705
770,3,1,2025-09-10,Finland,Georgia,101.29705,69.853158
770,4,1,2025-09-10,Germany,Slovenia,105.26636,82.738195
771,1,1,2025-09-09,Poland,Turkey,79.36689,95.864554
771,2,1,2025-09-09,Lithuania,Greece,90.452173,71.753187
771,3,1,2025-09-10,Finland,Georgia,102.92672,87.292968
771,4,1,2025-09-10,Germany,Slovenia,100.16379,96.242529
772,1,1,2025-09-09,Poland,Turkey,74.144522,81.230964
772,2,1,2025-09-09,Lithuania,Greece,98.60491,59.271811
772,3,1,2025-09-10,Finland,Georgia,118.44509,90.284336
772,4,1,2025-09-10,Germany,Slovenia,103.37805,75.820472
773,1,1,2025-09-09,Poland,Turkey,66.770546,77.050779
773,2,1,2025-09-09,Lithuania,Greece,93.010121,82.554912
773,3,1,2025-09-10,Finland,Georgia,88.026153,57.382676
773,4,1,2025-09-10,Germany,Slovenia,114.17247,87.790902
774,1,1,2025-09-09,Poland,Turkey,53.145237,60.965309
774,2,1,2025-09-09,Lithuania,Greece,87.657644,91.155886
774,3,1,2025-09-10,Finland,Georgia,92.895951,80.782159
774,4,1,2025-09-10,Germany,Slovenia,116.3361,105.50767
775,1,1,2025-09-09,Poland,Turkey,76.046408,77.327904
775,2,1,2025-09-09,Lithuania,Greece,76.146219,74.260289
775,3,1,2025-09-10,Finland,Georgia,101.94128,64.861177
775,4,1,2025-09-10,Germany,Slovenia,88.240665,80.681025
776,1,1,2025-09-09,Poland,Turkey,61.878982,91.164476
776,2,1,2025-09-09,Lithuania,Greece,108.28509,80.274143
776,3,1,2025-09-10,Finland,Georgia,79.685745,61.590867
776,4,1,2025-09-10,Germany,Slovenia,112.35739,99.916734
777,1,1,2025-09-09,Poland,Turkey,63.097704,78.74621
777,2,1,2025-09-09,Lithuania,Greece,99.860879,86.382457
777,3,1,2025-09-10,Finland,Georgia,72.756399,59.369718
777,4,1,2025-09-10,Germany,Slovenia,87.091736,82.130145
778,1,1,2025-09-09,Poland,Turkey,73.998558,98.554143
778,2,1,2025-09-09,Lithuania,Greece,90.032176,57.201388
778,3,1,2025-09-10,Finland,Georgia,91.314147,58.215337
778,4,1,2025-09-10,Germany,Slovenia,105.33633,78.193603
779,1,1,2025-09-09,Poland,Turkey,68.59158,75.235001
779,2,1,2025-09-09,Lithuania,Greece,79.761333,46.417968
779,3,1,2025-09-10,Finland,Georgia,104.43796,71.97584
779,4,1,2025-09-10,Germany,Slovenia,114.54439,81.208994
780,1,1,2025-09-09,Poland,Turkey,101.08927,95.265471
780,2,1,2025-09-09,Lithuania,Greece,96.906891,72.07136
780,3,1,2025-09-10,Finland,Georgia,112.55739,82.28034
780,4,1,2025-09-10,Germany,Slovenia,101.99129,91.220246
781,1,1,2025-09-09,Poland,Turkey,81.226694,94.999784
781,2,1,2025-09-09,Lithuania,Greece,91.197911,69.549441
781,3,1,2025-09-10,Finland,Georgia,104.50602,70.49902
781,4,1,2025-09-10,Germany,Slovenia,101.28258,94.846366
782,1,1,2025-09-09,Poland,Turkey,61.372308,97.437933
782,2,1,2025-09-09,Lithuania,Greece,90.920393,71.766476
782,3,1,2025-09-10,Finland,Georgia,76.095116,97.246387
782,4,1,2025-09-10,Germany,Slovenia,88.989068,86.343646
783,1,1,2025-09-09,Poland,Turkey,70.955043,77.248217
783,2,1,2025-09-09,Lithuania,Greece,83.110692,81.479767
783,3,1,2025-09-10,Finland,Georgia,107.80564,73.886491
783,4,1,2025-09-10,Germany,Slovenia,91.860766,80.161975
784,1,1,2025-09-09,Poland,Turkey,67.33059,67.830369
784,2,1,2025-09-09,Lithuania,Greece,42.079379,105.14857
784,3,1,2025-09-10,Finland,Georgia,94.714771,64.611364
784,4,1,2025-09-10,Germany,Slovenia,91.085774,60.138377
785,1,1,2025-09-09,Poland,Turkey,84.335843,105.1419
785,2,1,2025-09-09,Lithuania,Greece,106.28302,80.55499
785,3,1,2025-09-10,Finland,Georgia,93.618153,76.710962
785,4,1,2025-09-10,Germany,Slovenia,102.51698,77.948498
786,1,1,2025-09-09,Poland,Turkey,68.620599,68.957568
786,2,1,2025-09-09,Lithuania,Greece,91.229023,61.561252
786,3,1,2025-09-10,Finland,Georgia,115.26347,79.744699
786,4,1,2025-09-10,Germany,Slovenia,101.06207,80.898942
787,1,1,2025-09-09,Poland,Turkey,77.144754,113.97954
787,2,1,2025-09-09,Lithuania,Greece,91.43687,65.438537
787,3,1,2025-09-10,Finland,Georgia,82.888824,86.119718
787,4,1,2025-09-10,Germany,Slovenia,98.890028,79.050761
788,1,1,2025-09-09,Poland,Turkey,86.226301,85.654171
788,2,1,2025-09-09,Lithuania,Greece,99.278722,93.072681
788,3,1,2025-09-10,Finland,Georgia,115.8172,59.004376
788,4,1,2025-09-10,Germany,Slovenia,102.71969,83.635762
789,1,1,2025-09-09,Poland,Turkey,73.936294,85.725265
789,2,1,2025-09-09,Lithuania,Greece,99.808903,91.518787
789,3,1,2025-09-10,Finland,Georgia,93.06269,66.805768
789,4,1,2025-09-10,Germany,Slovenia,108.95959,92.848592
790,1,1,2025-09-09,Poland,Turkey,79.28891,65.308855
790,2,1,2025-09-09,Lithuania,Greece,76.84117,55.774483
790,3,1,2025-09-10,Finland,Georgia,94.834676,88.360569
790,4,1,2025-09-10,Germany,Slovenia,103.13323,94.600689
791,1,1,2025-09-09,Poland,Turkey,81.668958,81.097307
791,2,1,2025-09-09,Lithuania,Greece,75.498434,92.928132
791,3,1,2025-09-10,Finland,Georgia,91.833445,81.638404
791,4,1,2025-09-10,Germany,Slovenia,97.497504,76.161938
792,1,1,2025-09-09,Poland,Turkey,80.338355,86.49395
792,2,1,2025-09-09,Lithuania,Greece,81.287823,90.116083
792,3,1,2025-09-10,Finland,Georgia,114.91491,64.734318
792,4,1,2025-09-10,Germany,Slovenia,121.348,86.515396
793,1,1,2025-09-09,Poland,Turkey,54.164624,93.087979
793,2,1,2025-09-09,Lithuania,Greece,96.290786,81.056607
793,3,1,2025-09-10,Finland,Georgia,99.85336,81.270941
793,4,1,2025-09-10,Germany,Slovenia,99.127719,69.456088
794,1,1,2025-09-09,Poland,Turkey,94.490771,89.641901
794,2,1,2025-09-09,Lithuania,Greece,87.863982,85.373756
794,3,1,2025-09-10,Finland,Georgia,96.521576,96.483845
794,4,1,2025-09-10,Germany,Slovenia,105.62874,90.279432
795,1,1,2025-09-09,Poland,Turkey,85.394742,104.42453
795,2,1,2025-09-09,Lithuania,Greece,88.538175,90.06224
795,3,1,2025-09-10,Finland,Georgia,92.89668,74.771586
795,4,1,2025-09-10,Germany,Slovenia,92.201375,81.894583
796,1,1,2025-09-09,Poland,Turkey,101.64863,98.740529
796,2,1,2025-09-09,Lithuania,Greece,92.405856,74.033664
796,3,1,2025-09-10,Finland,Georgia,90.583284,81.622407
796,4,1,2025-09-10,Germany,Slovenia,120.52721,93.078767
797,1,1,2025-09-09,Poland,Turkey,91.736025,89.311858
797,2,1,2025-09-09,Lithuania,Greece,88.408135,83.306884
797,3,1,2025-09-10,Finland,Georgia,117.95219,57.047024
797,4,1,2025-09-10,Germany,Slovenia,106.18878,82.079119
798,1,1,2025-09-09,Poland,Turkey,68.257079,102.50865
798,2,1,2025-09-09,Lithuania,Greece,86.742079,82.493594
798,3,1,2025-09-10,Finland,Georgia,106.56987,69.223976
798,4,1,2025-09-10,Germany,Slovenia,97.791261,82.792285
799,1,1,2025-09-09,Poland,Turkey,68.476089,89.064705
799,2,1,2025-09-09,Lithuania,Greece,77.244634,89.294314
799,3,1,2025-09-10,Finland,Georgia,86.636618,117.70593
799,4,1,2025-09-10,Germany,Slovenia,86.454488,87.946752
800,1,1,2025-09-09,Poland,Turkey,82.223725,88.552724
800,2,1,2025-09-09,Lithuania,Greece,76.962769,49.867478
800,3,1,2025-09-10,Finland,Georgia,112.27543,75.740068
800,4,1,2025-09-10,Germany,Slovenia,102.92231,107.18538
801,1,1,2025-09-09,Poland,Turkey,85.221486,89.767942
801,2,1,2025-09-09,Lithuania,Greece,88.918499,74.291756
801,3,1,2025-09-10,Finland,Georgia,74.962876,77.505246
801,4,1,2025-09-10,Germany,Slovenia,95.553008,73.925073
802,1,1,2025-09-09,Poland,Turkey,84.72275,105.01001
802,2,1,2025-09-09,Lithuania,Greece,84.850647,70.452606
802,3,1,2025-09-10,Finland,Georgia,77.196615,44.496287
802,4,1,2025-09-10,Germany,Slovenia,101.34818,76.898794
803,1,1,2025-09-09,Poland,Turkey,70.039213,77.842838
803,2,1,2025-09-09,Lithuania,Greece,87.787645,78.504859
803,3,1,2025-09-10,Finland,Georgia,106.27652,64.691714
803,4,1,2025-09-10,Germany,Slovenia,104.07166,106.70381
804,1,1,2025-09-09,Poland,Turkey,75.185798,103.3796
804,2,1,2025-09-09,Lithuania,Greece,81.183162,74.098479
804,3,1,2025-09-10,Finland,Georgia,87.343923,56.078361
804,4,1,2025-09-10,Germany,Slovenia,101.05732,75.002258
805,1,1,2025-09-09,Poland,Turkey,57.872433,83.055727
805,2,1,2025-09-09,Lithuania,Greece,90.870491,83.73199
805,3,1,2025-09-10,Finland,Georgia,104.46389,91.139045
805,4,1,2025-09-10,Germany,Slovenia,124.17016,83.124284
806,1,1,2025-09-09,Poland,Turkey,75.294448,78.879763
806,2,1,2025-09-09,Lithuania,Greece,86.257743,63.36261
806,3,1,2025-09-10,Finland,Georgia,92.711258,53.919048
806,4,1,2025-09-10,Germany,Slovenia,98.423139,91.604795
807,1,1,2025-09-09,Poland,Turkey,70.860529,100.82256
807,2,1,2025-09-09,Lithuania,Greece,82.097584,82.30811
807,3,1,2025-09-10,Finland,Georgia,86.827184,69.375205
807,4,1,2025-09-10,Germany,Slovenia,119.77493,103.51129
808,1,1,2025-09-09,Poland,Turkey,84.00843,102.17528
808,2,1,2025-09-09,Lithuania,Greece,87.454217,72.627985
808,3,1,2025-09-10,Finland,Georgia,95.26386,87.1156
808,4,1,2025-09-10,Germany,Slovenia,89.65876,65.708499
809,1,1,2025-09-09,Poland,Turkey,68.741447,98.2081
809,2,1,2025-09-09,Lithuania,Greece,81.792245,87.225937
809,3,1,2025-09-10,Finland,Georgia,90.174001,62.04126
809,4,1,2025-09-10,Germany,Slovenia,111.01547,71.153774
810,1,1,2025-09-09,Poland,Turkey,55.289363,84.478931
810,2,1,2025-09-09,Lithuania,Greece,89.586891,70.811146
810,3,1,2025-09-10,Finland,Georgia,94.370643,85.109767
810,4,1,2025-09-10,Germany,Slovenia,94.570234,95.541263
811,1,1,2025-09-09,Poland,Turkey,71.507056,82.101205
811,2,1,2025-09-09,Lithuania,Greece,94.733992,85.997388
811,3,1,2025-09-10,Finland,Georgia,104.56189,80.829006
811,4,1,2025-09-10,Germany,Slovenia,104.30281,84.172698
812,1,1,2025-09-09,Poland,Turkey,53.876654,89.251391
812,2,1,2025-09-09,Lithuania,Greece,104.00945,90.809887
812,3,1,2025-09-10,Finland,Georgia,82.005057,79.401019
812,4,1,2025-09-10,Germany,Slovenia,91.032195,94.34184
813,1,1,2025-09-09,Poland,Turkey,72.481678,81.677903
813,2,1,2025-09-09,Lithuania,Greece,93.153684,72.20098
813,3,1,2025-09-10,Finland,Georgia,101.01108,65.527488
813,4,1,2025-09-10,Germany,Slovenia,110.1042,90.304847
814,1,1,2025-09-09,Poland,Turkey,76.472846,116.49366
814,2,1,2025-09-09,Lithuania,Greece,76.851127,98.838253
814,3,1,2025-09-10,Finland,Georgia,97.377898,87.965158
814,4,1,2025-09-10,Germany,Slovenia,100.71062,92.455237
815,1,1,2025-09-09,Poland,Turkey,81.891538,93.89718
815,2,1,2025-09-09,Lithuania,Greece,80.493418,86.170454
815,3,1,2025-09-10,Finland,Georgia,83.356988,62.477814
815,4,1,2025-09-10,Germany,Slovenia,121.06872,86.540212
816,1,1,2025-09-09,Poland,Turkey,74.291804,87.683281
816,2,1,2025-09-09,Lithuania,Greece,101.88885,80.552036
816,3,1,2025-09-10,Finland,Georgia,97.203282,81.714283
816,4,1,2025-09-10,Germany,Slovenia,85.738608,71.716982
817,1,1,2025-09-09,Poland,Turkey,80.516037,91.991923
817,2,1,2025-09-09,Lithuania,Greece,89.53333,58.259855
817,3,1,2025-09-10,Finland,Georgia,83.513471,68.805957
817,4,1,2025-09-10,Germany,Slovenia,91.803746,83.842357
818,1,1,2025-09-09,Poland,Turkey,84.242797,72.595925
818,2,1,2025-09-09,Lithuania,Greece,90.629692,87.503862
818,3,1,2025-09-10,Finland,Georgia,96.454339,80.828073
818,4,1,2025-09-10,Germany,Slovenia,84.122969,71.765124
819,1,1,2025-09-09,Poland,Turkey,80.995003,87.051671
819,2,1,2025-09-09,Lithuania,Greece,89.809557,73.005713
819,3,1,2025-09-10,Finland,Georgia,78.747372,88.309461
819,4,1,2025-09-10,Germany,Slovenia,92.777268,99.10282
820,1,1,2025-09-09,Poland,Turkey,78.070267,92.898462
820,2,1,2025-09-09,Lithuania,Greece,88.923917,75.360782
820,3,1,2025-09-10,Finland,Georgia,98.202349,86.505789
820,4,1,2025-09-10,Germany,Slovenia,87.910613,87.059186
821,1,1,2025-09-09,Poland,Turkey,79.865949,85.074107
821,2,1,2025-09-09,Lithuania,Greece,93.548478,77.212272
821,3,1,2025-09-10,Finland,Georgia,103.12414,74.420413
821,4,1,2025-09-10,Germany,Slovenia,116.28858,93.664862
822,1,1,2025-09-09,Poland,Turkey,71.73717,89.137424
822,2,1,2025-09-09,Lithuania,Greece,92.225871,68.5489
822,3,1,2025-09-10,Finland,Georgia,93.36861,67.417453
822,4,1,2025-09-10,Germany,Slovenia,115.3898,94.597454
823,1,1,2025-09-09,Poland,Turkey,73.850984,91.921128
823,2,1,2025-09-09,Lithuania,Greece,79.84935,74.583478
823,3,1,2025-09-10,Finland,Georgia,83.933117,78.261253
823,4,1,2025-09-10,Germany,Slovenia,105.91232,90.781843
824,1,1,2025-09-09,Poland,Turkey,61.65422,80.173935
824,2,1,2025-09-09,Lithuania,Greece,96.410139,69.625119
824,3,1,2025-09-10,Finland,Georgia,114.95668,74.918612
824,4,1,2025-09-10,Germany,Slovenia,103.62804,88.504423
825,1,1,2025-09-09,Poland,Turkey,68.020363,87.961749
825,2,1,2025-09-09,Lithuania,Greece,61.975786,65.972705
825,3,1,2025-09-10,Finland,Georgia,103.54394,82.799793
825,4,1,2025-09-10,Germany,Slovenia,93.610309,68.482782
826,1,1,2025-09-09,Poland,Turkey,66.429461,78.409882
826,2,1,2025-09-09,Lithuania,Greece,85.827123,78.94843
826,3,1,2025-09-10,Finland,Georgia,87.671181,65.01886
826,4,1,2025-09-10,Germany,Slovenia,100.37996,93.34074
827,1,1,2025-09-09,Poland,Turkey,85.807236,89.535756
827,2,1,2025-09-09,Lithuania,Greece,88.07394,77.498628
827,3,1,2025-09-10,Finland,Georgia,113.50496,90.028125
827,4,1,2025-09-10,Germany,Slovenia,97.150584,93.090853
828,1,1,2025-09-09,Poland,Turkey,64.713542,83.518994
828,2,1,2025-09-09,Lithuania,Greece,79.644631,86.542558
828,3,1,2025-09-10,Finland,Georgia,112.71887,58.868153
828,4,1,2025-09-10,Germany,Slovenia,122.38566,88.605835
829,1,1,2025-09-09,Poland,Turkey,116.52428,87.824165
829,2,1,2025-09-09,Lithuania,Greece,57.914893,83.439568
829,3,1,2025-09-10,Finland,Georgia,88.185937,84.326699
829,4,1,2025-09-10,Germany,Slovenia,107.02809,76.721602
830,1,1,2025-09-09,Poland,Turkey,60.5597,95.696993
830,2,1,2025-09-09,Lithuania,Greece,88.966042,86.328492
830,3,1,2025-09-10,Finland,Georgia,94.928909,58.421321
830,4,1,2025-09-10,Germany,Slovenia,103.13477,59.362958
831,1,1,2025-09-09,Poland,Turkey,106.92031,93.514715
831,2,1,2025-09-09,Lithuania,Greece,68.381307,71.371997
831,3,1,2025-09-10,Finland,Georgia,111.63252,99.316155
831,4,1,2025-09-10,Germany,Slovenia,96.29666,89.058229
832,1,1,2025-09-09,Poland,Turkey,73.965124,91.22726
832,2,1,2025-09-09,Lithuania,Greece,71.506833,79.480524
832,3,1,2025-09-10,Finland,Georgia,104.41966,80.847628
832,4,1,2025-09-10,Germany,Slovenia,104.99484,89.534577
833,1,1,2025-09-09,Poland,Turkey,89.758267,77.738303
833,2,1,2025-09-09,Lithuania,Greece,91.638778,64.919345
833,3,1,2025-09-10,Finland,Georgia,90.996316,77.351205
833,4,1,2025-09-10,Germany,Slovenia,100.79261,101.4637
834,1,1,2025-09-09,Poland,Turkey,78.901577,86.243229
834,2,1,2025-09-09,Lithuania,Greece,89.354708,64.67286
834,3,1,2025-09-10,Finland,Georgia,95.299895,67.426843
834,4,1,2025-09-10,Germany,Slovenia,97.012159,73.027896
835,1,1,2025-09-09,Poland,Turkey,75.254284,95.762647
835,2,1,2025-09-09,Lithuania,Greece,87.441359,75.824365
835,3,1,2025-09-10,Finland,Georgia,105.60179,71.428081
835,4,1,2025-09-10,Germany,Slovenia,114.44231,94.681674
836,1,1,2025-09-09,Poland,Turkey,87.300453,101.15665
836,2,1,2025-09-09,Lithuania,Greece,95.583688,70.356418
836,3,1,2025-09-10,Finland,Georgia,100.21083,80.243068
836,4,1,2025-09-10,Germany,Slovenia,92.079822,93.933108
837,1,1,2025-09-09,Poland,Turkey,93.920644,92.799804
837,2,1,2025-09-09,Lithuania,Greece,101.86798,61.744258
837,3,1,2025-09-10,Finland,Georgia,112.50706,57.305799
837,4,1,2025-09-10,Germany,Slovenia,95.031657,77.564342
838,1,1,2025-09-09,Poland,Turkey,88.784198,98.282833
838,2,1,2025-09-09,Lithuania,Greece,84.18244,89.861998
838,3,1,2025-09-10,Finland,Georgia,90.210362,102.8523
838,4,1,2025-09-10,Germany,Slovenia,118.25233,86.808048
839,1,1,2025-09-09,Poland,Turkey,87.976065,91.117647
839,2,1,2025-09-09,Lithuania,Greece,70.826783,91.766914
839,3,1,2025-09-10,Finland,Georgia,100.21706,90.814606
839,4,1,2025-09-10,Germany,Slovenia,95.576358,96.731371
840,1,1,2025-09-09,Poland,Turkey,89.93391,97.039742
840,2,1,2025-09-09,Lithuania,Greece,85.046478,96.853207
840,3,1,2025-09-10,Finland,Georgia,96.89378,78.40997
840,4,1,2025-09-10,Germany,Slovenia,122.0739,105.3745
841,1,1,2025-09-09,Poland,Turkey,69.969666,82.311515
841,2,1,2025-09-09,Lithuania,Greece,80.108649,65.13021
841,3,1,2025-09-10,Finland,Georgia,99.911071,93.229428
841,4,1,2025-09-10,Germany,Slovenia,90.899058,89.555585
842,1,1,2025-09-09,Poland,Turkey,80.031799,85.988079
842,2,1,2025-09-09,Lithuania,Greece,79.36321,86.243172
842,3,1,2025-09-10,Finland,Georgia,108.95254,54.518096
842,4,1,2025-09-10,Germany,Slovenia,81.450016,90.811577
843,1,1,2025-09-09,Poland,Turkey,73.188638,75.002031
843,2,1,2025-09-09,Lithuania,Greece,72.504422,66.462342
843,3,1,2025-09-10,Finland,Georgia,85.486274,86.462389
843,4,1,2025-09-10,Germany,Slovenia,98.444052,73.529513
844,1,1,2025-09-09,Poland,Turkey,71.940306,81.479889
844,2,1,2025-09-09,Lithuania,Greece,84.489232,85.046949
844,3,1,2025-09-10,Finland,Georgia,101.0991,77.239768
844,4,1,2025-09-10,Germany,Slovenia,107.10774,97.312043
845,1,1,2025-09-09,Poland,Turkey,76.469466,76.39399
845,2,1,2025-09-09,Lithuania,Greece,69.849344,47.725541
845,3,1,2025-09-10,Finland,Georgia,94.938299,69.968271
845,4,1,2025-09-10,Germany,Slovenia,102.80215,73.134681
846,1,1,2025-09-09,Poland,Turkey,59.266712,93.615495
846,2,1,2025-09-09,Lithuania,Greece,82.995182,71.881655
846,3,1,2025-09-10,Finland,Georgia,102.67683,88.653077
846,4,1,2025-09-10,Germany,Slovenia,106.08872,66.089823
847,1,1,2025-09-09,Poland,Turkey,77.500533,89.061304
847,2,1,2025-09-09,Lithuania,Greece,88.151814,67.973509
847,3,1,2025-09-10,Finland,Georgia,84.186874,82.030413
847,4,1,2025-09-10,Germany,Slovenia,113.64702,81.513995
848,1,1,2025-09-09,Poland,Turkey,85.580171000000007,85.945661
848,2,1,2025-09-09,Lithuania,Greece,90.622141,79.664695
848,3,1,2025-09-10,Finland,Georgia,83.575557,69.216444
848,4,1,2025-09-10,Germany,Slovenia,112.79594,82.788308
849,1,1,2025-09-09,Poland,Turkey,96.47774,89.264138
849,2,1,2025-09-09,Lithuania,Greece,86.684713,90.646317
849,3,1,2025-09-10,Finland,Georgia,113.56959,79.965238
849,4,1,2025-09-10,Germany,Slovenia,108.43136,92.402658
850,1,1,2025-09-09,Poland,Turkey,80.444242,94.44671
850,2,1,2025-09-09,Lithuania,Greece,93.793252,100.06221
850,3,1,2025-09-10,Finland,Georgia,102.4829,77.024378
850,4,1,2025-09-10,Germany,Slovenia,103.67864,73.690695
851,1,1,2025-09-09,Poland,Turkey,62.722493,68.717915
851,2,1,2025-09-09,Lithuania,Greece,94.60318,93.065896
851,3,1,2025-09-10,Finland,Georgia,103.21885,77.722274
851,4,1,2025-09-10,Germany,Slovenia,98.171803,86.605647
852,1,1,2025-09-09,Poland,Turkey,76.152634,73.547472
852,2,1,2025-09-09,Lithuania,Greece,91.453963,74.53123
852,3,1,2025-09-10,Finland,Georgia,131.1172,69.717824
852,4,1,2025-09-10,Germany,Slovenia,89.96212,65.970855
853,1,1,2025-09-09,Poland,Turkey,73.544321,83.480267
853,2,1,2025-09-09,Lithuania,Greece,80.954584,90.076474
853,3,1,2025-09-10,Finland,Georgia,82.295157,102.12926
853,4,1,2025-09-10,Germany,Slovenia,93.218695,79.528104
854,1,1,2025-09-09,Poland,Turkey,83.144565,82.528338
854,2,1,2025-09-09,Lithuania,Greece,83.942158,75.130581
854,3,1,2025-09-10,Finland,Georgia,92.483012,89.468965
854,4,1,2025-09-10,Germany,Slovenia,80.935307,78.081018
855,1,1,2025-09-09,Poland,Turkey,83.249043,94.413567
855,2,1,2025-09-09,Lithuania,Greece,86.984764,63.940883
855,3,1,2025-09-10,Finland,Georgia,85.327258,67.426838
855,4,1,2025-09-10,Germany,Slovenia,105.19816,118.37877
856,1,1,2025-09-09,Poland,Turkey,78.441627,77.034665
856,2,1,2025-09-09,Lithuania,Greece,82.34895,73.230167
856,3,1,2025-09-10,Finland,Georgia,97.707216,68.319839
856,4,1,2025-09-10,Germany,Slovenia,83.468557,84.882924
857,1,1,2025-09-09,Poland,Turkey,84.000973,106.35391
857,2,1,2025-09-09,Lithuania,Greece,68.552592,90.067769
857,3,1,2025-09-10,Finland,Georgia,102.47017,75.424987
857,4,1,2025-09-10,Germany,Slovenia,102.79825,98.113807
858,1,1,2025-09-09,Poland,Turkey,69.269067,82.550104
858,2,1,2025-09-09,Lithuania,Greece,82.010658,74.284512
858,3,1,2025-09-10,Finland,Georgia,104.23406,87.864905
858,4,1,2025-09-10,Germany,Slovenia,81.529062,90.538369
859,1,1,2025-09-09,Poland,Turkey,80.007699,96.103194
859,2,1,2025-09-09,Lithuania,Greece,78.312103,94.838555
859,3,1,2025-09-10,Finland,Georgia,75.894462,48.602057
859,4,1,2025-09-10,Germany,Slovenia,111.78323,86.818815
860,1,1,2025-09-09,Poland,Turkey,71.42226,99.444687
860,2,1,2025-09-09,Lithuania,Greece,93.507563,79.19124
860,3,1,2025-09-10,Finland,Georgia,98.755249,72.614078
860,4,1,2025-09-10,Germany,Slovenia,104.4757,89.597086
861,1,1,2025-09-09,Poland,Turkey,75.001882,97.984715
861,2,1,2025-09-09,Lithuania,Greece,101.20465,70.169806
861,3,1,2025-09-10,Finland,Georgia,81.645667,81.922795
861,4,1,2025-09-10,Germany,Slovenia,113.33094,94.343383
862,1,1,2025-09-09,Poland,Turkey,93.807118,96.088199
862,2,1,2025-09-09,Lithuania,Greece,97.471557,91.513217
862,3,1,2025-09-10,Finland,Georgia,92.448614,74.713289
862,4,1,2025-09-10,Germany,Slovenia,106.07328,83.198472
863,1,1,2025-09-09,Poland,Turkey,81.999689,100.14602
863,2,1,2025-09-09,Lithuania,Greece,76.697242,89.4542
863,3,1,2025-09-10,Finland,Georgia,96.910235,74.839048
863,4,1,2025-09-10,Germany,Slovenia,102.43592,93.306468
864,1,1,2025-09-09,Poland,Turkey,64.157378,85.35523
864,2,1,2025-09-09,Lithuania,Greece,85.716718,74.668626
864,3,1,2025-09-10,Finland,Georgia,83.631491,78.505233
864,4,1,2025-09-10,Germany,Slovenia,107.75491,81.707516
865,1,1,2025-09-09,Poland,Turkey,72.878607,78.315393
865,2,1,2025-09-09,Lithuania,Greece,76.696666,69.555652
865,3,1,2025-09-10,Finland,Georgia,117.51208,68.593556
865,4,1,2025-09-10,Germany,Slovenia,93.391807,87.998934
866,1,1,2025-09-09,Poland,Turkey,97.320089,73.232939
866,2,1,2025-09-09,Lithuania,Greece,99.563424,92.889829
866,3,1,2025-09-10,Finland,Georgia,92.368509,65.132584
866,4,1,2025-09-10,Germany,Slovenia,118.0549,100.58073
867,1,1,2025-09-09,Poland,Turkey,59.77816,84.72727
867,2,1,2025-09-09,Lithuania,Greece,68.783072,85.227611
867,3,1,2025-09-10,Finland,Georgia,96.476228,74.787085
867,4,1,2025-09-10,Germany,Slovenia,96.647198,93.039293
868,1,1,2025-09-09,Poland,Turkey,72.372383,92.933146
868,2,1,2025-09-09,Lithuania,Greece,95.546797,70.524043
868,3,1,2025-09-10,Finland,Georgia,90.125096,92.269954
868,4,1,2025-09-10,Germany,Slovenia,93.583044,76.656083
869,1,1,2025-09-09,Poland,Turkey,63.467735,96.508285
869,2,1,2025-09-09,Lithuania,Greece,88.673823,83.243452
869,3,1,2025-09-10,Finland,Georgia,101.22464,87.443572
869,4,1,2025-09-10,Germany,Slovenia,93.037921,82.903351
870,1,1,2025-09-09,Poland,Turkey,99.703909,85.03989
870,2,1,2025-09-09,Lithuania,Greece,94.720175,68.920064
870,3,1,2025-09-10,Finland,Georgia,106.93443,69.639073
870,4,1,2025-09-10,Germany,Slovenia,102.62738,91.093873
871,1,1,2025-09-09,Poland,Turkey,75.526478,70.899904
871,2,1,2025-09-09,Lithuania,Greece,98.246653,96.870711
871,3,1,2025-09-10,Finland,Georgia,80.857636,77.235455
871,4,1,2025-09-10,Germany,Slovenia,100.54424,88.747056
872,1,1,2025-09-09,Poland,Turkey,59.471782,86.43456
872,2,1,2025-09-09,Lithuania,Greece,96.996371,89.005219
872,3,1,2025-09-10,Finland,Georgia,69.28969,70.270411
872,4,1,2025-09-10,Germany,Slovenia,101.33549,103.20645
873,1,1,2025-09-09,Poland,Turkey,70.595491,75.172144
873,2,1,2025-09-09,Lithuania,Greece,80.96315,91.044822
873,3,1,2025-09-10,Finland,Georgia,98.070674,78.307411
873,4,1,2025-09-10,Germany,Slovenia,103.02292,89.284735
874,1,1,2025-09-09,Poland,Turkey,77.568518,78.803336
874,2,1,2025-09-09,Lithuania,Greece,87.852469,74.60086
874,3,1,2025-09-10,Finland,Georgia,94.924536,82.083088
874,4,1,2025-09-10,Germany,Slovenia,89.769395,79.134915
875,1,1,2025-09-09,Poland,Turkey,67.07094,92.366548
875,2,1,2025-09-09,Lithuania,Greece,83.884023,84.389781
875,3,1,2025-09-10,Finland,Georgia,94.191991,64.757167
875,4,1,2025-09-10,Germany,Slovenia,93.63981,86.753622
876,1,1,2025-09-09,Poland,Turkey,52.423193,77.922223
876,2,1,2025-09-09,Lithuania,Greece,81.22353,66.575844
876,3,1,2025-09-10,Finland,Georgia,121.10014,81.555939
876,4,1,2025-09-10,Germany,Slovenia,108.67222,100.80308
877,1,1,2025-09-09,Poland,Turkey,76.431113,86.710843
877,2,1,2025-09-09,Lithuania,Greece,101.63705,94.746738
877,3,1,2025-09-10,Finland,Georgia,108.15362,81.566558
877,4,1,2025-09-10,Germany,Slovenia,111.09525,93.794132
878,1,1,2025-09-09,Poland,Turkey,84.425274,101.97167
878,2,1,2025-09-09,Lithuania,Greece,95.875284,80.039705
878,3,1,2025-09-10,Finland,Georgia,96.911715,80.01242
878,4,1,2025-09-10,Germany,Slovenia,104.82409,100.53751
879,1,1,2025-09-09,Poland,Turkey,71.464547,92.985742
879,2,1,2025-09-09,Lithuania,Greece,64.692058,55.25486
879,3,1,2025-09-10,Finland,Georgia,104.01853,61.673496
879,4,1,2025-09-10,Germany,Slovenia,106.17176,90.428058
880,1,1,2025-09-09,Poland,Turkey,72.618284,96.538626
880,2,1,2025-09-09,Lithuania,Greece,104.24543,103.24686
880,3,1,2025-09-10,Finland,Georgia,98.861509,81.150865
880,4,1,2025-09-10,Germany,Slovenia,95.839505,76.94276
881,1,1,2025-09-09,Poland,Turkey,72.707562,96.486476
881,2,1,2025-09-09,Lithuania,Greece,88.237176,65.289869
881,3,1,2025-09-10,Finland,Georgia,75.322644,78.805555
881,4,1,2025-09-10,Germany,Slovenia,94.746239,101.9134
882,1,1,2025-09-09,Poland,Turkey,73.296023,79.029804
882,2,1,2025-09-09,Lithuania,Greece,79.93127,133.30173
882,3,1,2025-09-10,Finland,Georgia,101.42535,67.167247
882,4,1,2025-09-10,Germany,Slovenia,113.22979,77.04715
883,1,1,2025-09-09,Poland,Turkey,99.14829,88.086785
883,2,1,2025-09-09,Lithuania,Greece,90.225134,97.221912
883,3,1,2025-09-10,Finland,Georgia,101.02251,96.682318
883,4,1,2025-09-10,Germany,Slovenia,102.17482,84.583257
884,1,1,2025-09-09,Poland,Turkey,74.320824,71.47974
884,2,1,2025-09-09,Lithuania,Greece,91.455266,100.75112
884,3,1,2025-09-10,Finland,Georgia,110.65124,65.242342
884,4,1,2025-09-10,Germany,Slovenia,82.884004,87.656359
885,1,1,2025-09-09,Poland,Turkey,72.295697,80.980846
885,2,1,2025-09-09,Lithuania,Greece,95.928643,68.373956
885,3,1,2025-09-10,Finland,Georgia,88.869388,76.100688
885,4,1,2025-09-10,Germany,Slovenia,113.60336,82.714235
886,1,1,2025-09-09,Poland,Turkey,80.132228,93.676973
886,2,1,2025-09-09,Lithuania,Greece,103.57839,102.96869
886,3,1,2025-09-10,Finland,Georgia,96.652073,70.371727
886,4,1,2025-09-10,Germany,Slovenia,118.49177,92.138911
887,1,1,2025-09-09,Poland,Turkey,85.501974,86.14514
887,2,1,2025-09-09,Lithuania,Greece,81.142848,72.456953
887,3,1,2025-09-10,Finland,Georgia,101.13372,81.379787
887,4,1,2025-09-10,Germany,Slovenia,123.51063,92.073866
888,1,1,2025-09-09,Poland,Turkey,74.872578,79.769437
888,2,1,2025-09-09,Lithuania,Greece,90.589942,81.326107
888,3,1,2025-09-10,Finland,Georgia,104.22506,68.474617
888,4,1,2025-09-10,Germany,Slovenia,101.60955,79.973081
889,1,1,2025-09-09,Poland,Turkey,68.795192,68.759328
889,2,1,2025-09-09,Lithuania,Greece,71.542651,74.955181
889,3,1,2025-09-10,Finland,Georgia,111.86183,74.190104
889,4,1,2025-09-10,Germany,Slovenia,99.423609,101.64785
890,1,1,2025-09-09,Poland,Turkey,88.660554,86.6743
890,2,1,2025-09-09,Lithuania,Greece,84.019374,78.650735
890,3,1,2025-09-10,Finland,Georgia,111.81749,84.298713
890,4,1,2025-09-10,Germany,Slovenia,89.169228,74.982042
891,1,1,2025-09-09,Poland,Turkey,57.418588,85.292694
891,2,1,2025-09-09,Lithuania,Greece,71.022153,65.214035
891,3,1,2025-09-10,Finland,Georgia,116.98108,81.567105
891,4,1,2025-09-10,Germany,Slovenia,102.85644,84.727435
892,1,1,2025-09-09,Poland,Turkey,86.638124,62.43782
892,2,1,2025-09-09,Lithuania,Greece,68.104744,92.798257
892,3,1,2025-09-10,Finland,Georgia,104.8557,98.957477
892,4,1,2025-09-10,Germany,Slovenia,110.20759,77.44436
893,1,1,2025-09-09,Poland,Turkey,65.737709,73.365079
893,2,1,2025-09-09,Lithuania,Greece,75.867993,72.389
893,3,1,2025-09-10,Finland,Georgia,90.539912,65.43249
893,4,1,2025-09-10,Germany,Slovenia,105.99169,87.097427
894,1,1,2025-09-09,Poland,Turkey,81.354242,80.997843
894,2,1,2025-09-09,Lithuania,Greece,76.32717,73.49539
894,3,1,2025-09-10,Finland,Georgia,89.363047,74.750976
894,4,1,2025-09-10,Germany,Slovenia,100.19166,89.160231
895,1,1,2025-09-09,Poland,Turkey,82.737931,97.961846
895,2,1,2025-09-09,Lithuania,Greece,93.749505,72.620785
895,3,1,2025-09-10,Finland,Georgia,112.90936,64.365474
895,4,1,2025-09-10,Germany,Slovenia,106.09363,88.29659
896,1,1,2025-09-09,Poland,Turkey,78.349064,101.37123
896,2,1,2025-09-09,Lithuania,Greece,70.5113,67.05686
896,3,1,2025-09-10,Finland,Georgia,96.970878,78.318111
896,4,1,2025-09-10,Germany,Slovenia,107.5123,71.784173
897,1,1,2025-09-09,Poland,Turkey,63.478466,86.949701
897,2,1,2025-09-09,Lithuania,Greece,71.791145,84.897935
897,3,1,2025-09-10,Finland,Georgia,98.027171,67.11692
897,4,1,2025-09-10,Germany,Slovenia,92.40553,98.035085
898,1,1,2025-09-09,Poland,Turkey,81.752305,78.323983
898,2,1,2025-09-09,Lithuania,Greece,99.68148,75.552703
898,3,1,2025-09-10,Finland,Georgia,105.29506,81.044272
898,4,1,2025-09-10,Germany,Slovenia,92.339719,63.601916
899,1,1,2025-09-09,Poland,Turkey,71.09893,85.610542
899,2,1,2025-09-09,Lithuania,Greece,86.61162,87.305607
899,3,1,2025-09-10,Finland,Georgia,84.672093,80.110024
899,4,1,2025-09-10,Germany,Slovenia,83.43261,78.332233
900,1,1,2025-09-09,Poland,Turkey,55.610026,78.862204
900,2,1,2025-09-09,Lithuania,Greece,70.02355,67.921335
900,3,1,2025-09-10,Finland,Georgia,93.628164,75.083113
900,4,1,2025-09-10,Germany,Slovenia,101.78914,98.440617
901,1,1,2025-09-09,Poland,Turkey,74.815132,78.267776
901,2,1,2025-09-09,Lithuania,Greece,98.416541,69.38322
901,3,1,2025-09-10,Finland,Georgia,111.06225,98.502935
901,4,1,2025-09-10,Germany,Slovenia,93.163668,67.127745
902,1,1,2025-09-09,Poland,Turkey,79.928524,103.11164
902,2,1,2025-09-09,Lithuania,Greece,80.444954,86.285852
902,3,1,2025-09-10,Finland,Georgia,108.21544,77.880244
902,4,1,2025-09-10,Germany,Slovenia,93.404289,85.263198
903,1,1,2025-09-09,Poland,Turkey,84.533903,67.510267
903,2,1,2025-09-09,Lithuania,Greece,66.828566,61.270423
903,3,1,2025-09-10,Finland,Georgia,110.38267,81.737105
903,4,1,2025-09-10,Germany,Slovenia,104.8389,91.402439
904,1,1,2025-09-09,Poland,Turkey,68.114796,84.021465
904,2,1,2025-09-09,Lithuania,Greece,60.473148,81.510873
904,3,1,2025-09-10,Finland,Georgia,125.4739,105.1233
904,4,1,2025-09-10,Germany,Slovenia,102.69009,66.923204
905,1,1,2025-09-09,Poland,Turkey,89.16245,99.976543
905,2,1,2025-09-09,Lithuania,Greece,96.872362,68.128675
905,3,1,2025-09-10,Finland,Georgia,87.676354,70.094749
905,4,1,2025-09-10,Germany,Slovenia,122.95854,86.29017
906,1,1,2025-09-09,Poland,Turkey,75.476977,89.140905
906,2,1,2025-09-09,Lithuania,Greece,121.27886,79.461196
906,3,1,2025-09-10,Finland,Georgia,80.573677,64.041633
906,4,1,2025-09-10,Germany,Slovenia,96.813009,81.73909
907,1,1,2025-09-09,Poland,Turkey,112.85645,114.72873
907,2,1,2025-09-09,Lithuania,Greece,104.0985,80.584127
907,3,1,2025-09-10,Finland,Georgia,95.398361,89.100254
907,4,1,2025-09-10,Germany,Slovenia,103.58508,92.352329
908,1,1,2025-09-09,Poland,Turkey,63.389674,70.765111
908,2,1,2025-09-09,Lithuania,Greece,82.250042,80.479402
908,3,1,2025-09-10,Finland,Georgia,104.79034,82.48097
908,4,1,2025-09-10,Germany,Slovenia,111.39639,82.029449
909,1,1,2025-09-09,Poland,Turkey,57.712774,106.2656
909,2,1,2025-09-09,Lithuania,Greece,80.15173,86.679904
909,3,1,2025-09-10,Finland,Georgia,72.328271,79.294116
909,4,1,2025-09-10,Germany,Slovenia,91.414372,61.957967
910,1,1,2025-09-09,Poland,Turkey,75.682641,93.985258
910,2,1,2025-09-09,Lithuania,Greece,88.668662,74.410009
910,3,1,2025-09-10,Finland,Georgia,87.423772,72.445623
910,4,1,2025-09-10,Germany,Slovenia,97.642324,94.060489
911,1,1,2025-09-09,Poland,Turkey,80.754858,69.91069
911,2,1,2025-09-09,Lithuania,Greece,94.392878,76.550078
911,3,1,2025-09-10,Finland,Georgia,98.45705,61.2732
911,4,1,2025-09-10,Germany,Slovenia,109.01537,91.499945
912,1,1,2025-09-09,Poland,Turkey,77.034284,97.577844
912,2,1,2025-09-09,Lithuania,Greece,71.843931,71.377353
912,3,1,2025-09-10,Finland,Georgia,72.053873,84.222397
912,4,1,2025-09-10,Germany,Slovenia,90.765673,62.469108
913,1,1,2025-09-09,Poland,Turkey,76.325224,77.084581
913,2,1,2025-09-09,Lithuania,Greece,82.523379,72.958208
913,3,1,2025-09-10,Finland,Georgia,83.916499,66.846295
913,4,1,2025-09-10,Germany,Slovenia,120.69861,85.620543
914,1,1,2025-09-09,Poland,Turkey,89.925803,100.37097
914,2,1,2025-09-09,Lithuania,Greece,96.631098,71.73346
914,3,1,2025-09-10,Finland,Georgia,111.01275,58.226355
914,4,1,2025-09-10,Germany,Slovenia,81.651266,86.733093
915,1,1,2025-09-09,Poland,Turkey,71.650282,93.245579
915,2,1,2025-09-09,Lithuania,Greece,92.212561,82.650194
915,3,1,2025-09-10,Finland,Georgia,63.516171,73.20805
915,4,1,2025-09-10,Germany,Slovenia,102.7123,88.876052
916,1,1,2025-09-09,Poland,Turkey,76.279596,77.020486
916,2,1,2025-09-09,Lithuania,Greece,91.08653,77.579811
916,3,1,2025-09-10,Finland,Georgia,103.17502,66.421527
916,4,1,2025-09-10,Germany,Slovenia,96.717094,78.072741
917,1,1,2025-09-09,Poland,Turkey,83.659368,107.28296
917,2,1,2025-09-09,Lithuania,Greece,71.412148,81.015603
917,3,1,2025-09-10,Finland,Georgia,107.8522,78.369217
917,4,1,2025-09-10,Germany,Slovenia,91.791415,62.896058
918,1,1,2025-09-09,Poland,Turkey,81.412798,83.455554
918,2,1,2025-09-09,Lithuania,Greece,95.7552,70.175702
918,3,1,2025-09-10,Finland,Georgia,116.67127,75.907934
918,4,1,2025-09-10,Germany,Slovenia,78.731568,75.969455
919,1,1,2025-09-09,Poland,Turkey,82.134247,94.42815
919,2,1,2025-09-09,Lithuania,Greece,112.08871,74.308216
919,3,1,2025-09-10,Finland,Georgia,91.894998,84.231346
919,4,1,2025-09-10,Germany,Slovenia,80.390338,88.919224
920,1,1,2025-09-09,Poland,Turkey,67.256237,100.84257
920,2,1,2025-09-09,Lithuania,Greece,86.546588,78.028323
920,3,1,2025-09-10,Finland,Georgia,105.70982,84.349836
920,4,1,2025-09-10,Germany,Slovenia,100.56289,88.644172
921,1,1,2025-09-09,Poland,Turkey,78.173168,84.296015
921,2,1,2025-09-09,Lithuania,Greece,93.682042,101.975
921,3,1,2025-09-10,Finland,Georgia,109.09051,74.537192
921,4,1,2025-09-10,Germany,Slovenia,105.63554,89.529696
922,1,1,2025-09-09,Poland,Turkey,78.473899,83.43835
922,2,1,2025-09-09,Lithuania,Greece,71.959187,80.445015
922,3,1,2025-09-10,Finland,Georgia,92.236889,80.291904
922,4,1,2025-09-10,Germany,Slovenia,104.84494,79.79096
923,1,1,2025-09-09,Poland,Turkey,55.541759,78.413839
923,2,1,2025-09-09,Lithuania,Greece,96.476823,83.426899
923,3,1,2025-09-10,Finland,Georgia,112.16601,81.227032
923,4,1,2025-09-10,Germany,Slovenia,110.36551,80.60671
924,1,1,2025-09-09,Poland,Turkey,83.543324,92.975923
924,2,1,2025-09-09,Lithuania,Greece,76.780827,82.437364
924,3,1,2025-09-10,Finland,Georgia,95.860703,76.90374
924,4,1,2025-09-10,Germany,Slovenia,105.73902,97.589581
925,1,1,2025-09-09,Poland,Turkey,61.69674,101.56972
925,2,1,2025-09-09,Lithuania,Greece,87.55024,87.629986
925,3,1,2025-09-10,Finland,Georgia,86.084674,74.315436
925,4,1,2025-09-10,Germany,Slovenia,92.369071,94.829155
926,1,1,2025-09-09,Poland,Turkey,98.977165,87.750645
926,2,1,2025-09-09,Lithuania,Greece,74.326817,75.874508
926,3,1,2025-09-10,Finland,Georgia,97.85089,67.51006
926,4,1,2025-09-10,Germany,Slovenia,106.53473,73.010077
927,1,1,2025-09-09,Poland,Turkey,59.425981,76.594409
927,2,1,2025-09-09,Lithuania,Greece,83.17586,67.497093
927,3,1,2025-09-10,Finland,Georgia,74.489632,75.021697
927,4,1,2025-09-10,Germany,Slovenia,84.931033,82.290125
928,1,1,2025-09-09,Poland,Turkey,82.064613,100.17487
928,2,1,2025-09-09,Lithuania,Greece,84.779685,76.15614
928,3,1,2025-09-10,Finland,Georgia,105.57472,67.931383
928,4,1,2025-09-10,Germany,Slovenia,115.99267,94.800111
929,1,1,2025-09-09,Poland,Turkey,90.871493,80.964502
929,2,1,2025-09-09,Lithuania,Greece,98.868518,97.85034
929,3,1,2025-09-10,Finland,Georgia,94.440534,70.078921
929,4,1,2025-09-10,Germany,Slovenia,97.012337,103.80358
930,1,1,2025-09-09,Poland,Turkey,82.530473,110.94712
930,2,1,2025-09-09,Lithuania,Greece,77.367627,72.856475
930,3,1,2025-09-10,Finland,Georgia,112.80214,72.42506
930,4,1,2025-09-10,Germany,Slovenia,87.730669,79.657162
931,1,1,2025-09-09,Poland,Turkey,74.747289,81.007509
931,2,1,2025-09-09,Lithuania,Greece,73.12485,81.785295
931,3,1,2025-09-10,Finland,Georgia,89.86619,72.703171
931,4,1,2025-09-10,Germany,Slovenia,97.863511,91.212956
932,1,1,2025-09-09,Poland,Turkey,68.732826,92.077
932,2,1,2025-09-09,Lithuania,Greece,86.942696,92.751513
932,3,1,2025-09-10,Finland,Georgia,84.396204,70.256509
932,4,1,2025-09-10,Germany,Slovenia,94.855031,83.36905
933,1,1,2025-09-09,Poland,Turkey,85.111147,85.338225
933,2,1,2025-09-09,Lithuania,Greece,81.448544,71.537528
933,3,1,2025-09-10,Finland,Georgia,106.21716,71.686603
933,4,1,2025-09-10,Germany,Slovenia,106.50185,101.80665
934,1,1,2025-09-09,Poland,Turkey,67.282652,90.926673
934,2,1,2025-09-09,Lithuania,Greece,80.784557,71.297856
934,3,1,2025-09-10,Finland,Georgia,84.94307,57.032159
934,4,1,2025-09-10,Germany,Slovenia,114.3943,88.661291
935,1,1,2025-09-09,Poland,Turkey,74.75136,76.755441
935,2,1,2025-09-09,Lithuania,Greece,84.346701,59.931429
935,3,1,2025-09-10,Finland,Georgia,101.24392,58.257573
935,4,1,2025-09-10,Germany,Slovenia,86.145842,92.419899
936,1,1,2025-09-09,Poland,Turkey,80.422554,90.716262
936,2,1,2025-09-09,Lithuania,Greece,81.614885,75.648413
936,3,1,2025-09-10,Finland,Georgia,89.637511,74.5098
936,4,1,2025-09-10,Germany,Slovenia,94.78209,88.546372
937,1,1,2025-09-09,Poland,Turkey,89.492574,84.868579
937,2,1,2025-09-09,Lithuania,Greece,89.954178,81.359947
937,3,1,2025-09-10,Finland,Georgia,100.87282,59.219307
937,4,1,2025-09-10,Germany,Slovenia,104.71564,86.275415
938,1,1,2025-09-09,Poland,Turkey,80.453994,54.016147
938,2,1,2025-09-09,Lithuania,Greece,87.577503,80.5821
938,3,1,2025-09-10,Finland,Georgia,85.61588,78.973582
938,4,1,2025-09-10,Germany,Slovenia,91.134474,74.357575
939,1,1,2025-09-09,Poland,Turkey,91.409953,98.03327
939,2,1,2025-09-09,Lithuania,Greece,72.168703,76.769592
939,3,1,2025-09-10,Finland,Georgia,86.085234,89.694562
939,4,1,2025-09-10,Germany,Slovenia,98.67336,91.317966
940,1,1,2025-09-09,Poland,Turkey,86.216054,106.51757
940,2,1,2025-09-09,Lithuania,Greece,83.973459,74.988179
940,3,1,2025-09-10,Finland,Georgia,86.064199,79.187598
940,4,1,2025-09-10,Germany,Slovenia,113.43623,88.813246
941,1,1,2025-09-09,Poland,Turkey,74.925937,75.375408
941,2,1,2025-09-09,Lithuania,Greece,81.952853,83.182154
941,3,1,2025-09-10,Finland,Georgia,97.526812,106.31089
941,4,1,2025-09-10,Germany,Slovenia,94.200868,79.955409
942,1,1,2025-09-09,Poland,Turkey,82.396231,93.780112
942,2,1,2025-09-09,Lithuania,Greece,82.547668,69.841299
942,3,1,2025-09-10,Finland,Georgia,97.004674,77.692809
942,4,1,2025-09-10,Germany,Slovenia,72.581176,91.340366
943,1,1,2025-09-09,Poland,Turkey,70.840804,79.877598
943,2,1,2025-09-09,Lithuania,Greece,104.54665,69.543223
943,3,1,2025-09-10,Finland,Georgia,94.49598,80.141202
943,4,1,2025-09-10,Germany,Slovenia,98.159982,85.953249
944,1,1,2025-09-09,Poland,Turkey,61.629002,67.043874
944,2,1,2025-09-09,Lithuania,Greece,94.300184,58.326075
944,3,1,2025-09-10,Finland,Georgia,83.380504,72.300623
944,4,1,2025-09-10,Germany,Slovenia,103.99833,82.783099000000007
945,1,1,2025-09-09,Poland,Turkey,83.060868,78.357707
945,2,1,2025-09-09,Lithuania,Greece,93.800955,80.920565
945,3,1,2025-09-10,Finland,Georgia,118.64366,84.71094
945,4,1,2025-09-10,Germany,Slovenia,120.16269,90.149157
946,1,1,2025-09-09,Poland,Turkey,86.178533,76.10758
946,2,1,2025-09-09,Lithuania,Greece,75.724154,68.054434
946,3,1,2025-09-10,Finland,Georgia,85.337035,80.031723
946,4,1,2025-09-10,Germany,Slovenia,104.01751,94.527886
947,1,1,2025-09-09,Poland,Turkey,73.15104,92.905413
947,2,1,2025-09-09,Lithuania,Greece,80.279596,68.620731
947,3,1,2025-09-10,Finland,Georgia,105.97098,86.660281
947,4,1,2025-09-10,Germany,Slovenia,109.99687,85.617845
948,1,1,2025-09-09,Poland,Turkey,75.125191,79.707176
948,2,1,2025-09-09,Lithuania,Greece,83.258923,63.125334
948,3,1,2025-09-10,Finland,Georgia,81.557369,82.560649
948,4,1,2025-09-10,Germany,Slovenia,88.880777,90.515304
949,1,1,2025-09-09,Poland,Turkey,78.289038,89.639904
949,2,1,2025-09-09,Lithuania,Greece,77.854609,98.820463
949,3,1,2025-09-10,Finland,Georgia,95.672187,66.504524
949,4,1,2025-09-10,Germany,Slovenia,84.639649,57.56234
950,1,1,2025-09-09,Poland,Turkey,81.727629,83.056426
950,2,1,2025-09-09,Lithuania,Greece,67.93615,59.551612
950,3,1,2025-09-10,Finland,Georgia,104.20544,95.726299
950,4,1,2025-09-10,Germany,Slovenia,106.75253,81.535305
951,1,1,2025-09-09,Poland,Turkey,103.75518,93.334969
951,2,1,2025-09-09,Lithuania,Greece,63.961232,76.701494
951,3,1,2025-09-10,Finland,Georgia,85.478257,70.615194
951,4,1,2025-09-10,Germany,Slovenia,103.09334,88.590466
952,1,1,2025-09-09,Poland,Turkey,71.9067,65.905947
952,2,1,2025-09-09,Lithuania,Greece,92.350684,76.491735
952,3,1,2025-09-10,Finland,Georgia,118.93898,66.849838
952,4,1,2025-09-10,Germany,Slovenia,118.48105,60.516133
953,1,1,2025-09-09,Poland,Turkey,71.076251,108.61124
953,2,1,2025-09-09,Lithuania,Greece,106.27502,93.467829
953,3,1,2025-09-10,Finland,Georgia,95.541178,81.933738
953,4,1,2025-09-10,Germany,Slovenia,110.02062,92.328905
954,1,1,2025-09-09,Poland,Turkey,82.674561,77.696553
954,2,1,2025-09-09,Lithuania,Greece,89.035562,71.021142
954,3,1,2025-09-10,Finland,Georgia,83.044142,79.113327
954,4,1,2025-09-10,Germany,Slovenia,103.82033,94.837272
955,1,1,2025-09-09,Poland,Turkey,77.999292,96.277076
955,2,1,2025-09-09,Lithuania,Greece,88.372091,63.967512
955,3,1,2025-09-10,Finland,Georgia,79.391213,69.616269
955,4,1,2025-09-10,Germany,Slovenia,104.46481,64.595736
956,1,1,2025-09-09,Poland,Turkey,63.819479,71.063413
956,2,1,2025-09-09,Lithuania,Greece,95.331376,73.121198
956,3,1,2025-09-10,Finland,Georgia,111.035,85.899071
956,4,1,2025-09-10,Germany,Slovenia,104.40298,95.630995
957,1,1,2025-09-09,Poland,Turkey,83.328719,96.858258
957,2,1,2025-09-09,Lithuania,Greece,73.116391,67.939105
957,3,1,2025-09-10,Finland,Georgia,90.333838,69.984736
957,4,1,2025-09-10,Germany,Slovenia,111.58584,81.264031
958,1,1,2025-09-09,Poland,Turkey,84.967611,81.393782
958,2,1,2025-09-09,Lithuania,Greece,89.42175,87.280152
958,3,1,2025-09-10,Finland,Georgia,116.98826,70.739553
958,4,1,2025-09-10,Germany,Slovenia,99.525553,89.945133
959,1,1,2025-09-09,Poland,Turkey,60.333123,99.245825
959,2,1,2025-09-09,Lithuania,Greece,85.349998,80.633517
959,3,1,2025-09-10,Finland,Georgia,112.21707,88.230895
959,4,1,2025-09-10,Germany,Slovenia,105.69814,85.743416
960,1,1,2025-09-09,Poland,Turkey,82.112259,96.813836
960,2,1,2025-09-09,Lithuania,Greece,71.630581,70.992749
960,3,1,2025-09-10,Finland,Georgia,93.042568,48.402856
960,4,1,2025-09-10,Germany,Slovenia,100.50977,76.853392
961,1,1,2025-09-09,Poland,Turkey,83.179823,96.375973
961,2,1,2025-09-09,Lithuania,Greece,73.091726,89.846711
961,3,1,2025-09-10,Finland,Georgia,84.672133,77.3636
961,4,1,2025-09-10,Germany,Slovenia,93.210881,64.47411
962,1,1,2025-09-09,Poland,Turkey,86.414836,104.7467
962,2,1,2025-09-09,Lithuania,Greece,88.727351,68.009608
962,3,1,2025-09-10,Finland,Georgia,91.749866,120.64642
962,4,1,2025-09-10,Germany,Slovenia,119.96547,85.359235
963,1,1,2025-09-09,Poland,Turkey,95.641154,78.344237
963,2,1,2025-09-09,Lithuania,Greece,97.399681,69.024123
963,3,1,2025-09-10,Finland,Georgia,107.196,76.869588
963,4,1,2025-09-10,Germany,Slovenia,79.738648,88.506447
964,1,1,2025-09-09,Poland,Turkey,73.310107,110.75674
964,2,1,2025-09-09,Lithuania,Greece,86.645196,68.664899
964,3,1,2025-09-10,Finland,Georgia,107.36197,75.132441
964,4,1,2025-09-10,Germany,Slovenia,118.78674,89.371671
965,1,1,2025-09-09,Poland,Turkey,100.12195,89.340795
965,2,1,2025-09-09,Lithuania,Greece,81.235277,65.943783
965,3,1,2025-09-10,Finland,Georgia,82.265505,84.959911
965,4,1,2025-09-10,Germany,Slovenia,91.289666,88.979668
966,1,1,2025-09-09,Poland,Turkey,94.141158,86.977019
966,2,1,2025-09-09,Lithuania,Greece,95.601025,92.633743
966,3,1,2025-09-10,Finland,Georgia,95.457929,80.317042
966,4,1,2025-09-10,Germany,Slovenia,120.89609,92.02111
967,1,1,2025-09-09,Poland,Turkey,74.712447,88.578904
967,2,1,2025-09-09,Lithuania,Greece,95.583126,74.698649
967,3,1,2025-09-10,Finland,Georgia,97.207886,103.09618
967,4,1,2025-09-10,Germany,Slovenia,102.88813,85.190462
968,1,1,2025-09-09,Poland,Turkey,80.897516,88.597562
968,2,1,2025-09-09,Lithuania,Greece,65.797877,75.504692
968,3,1,2025-09-10,Finland,Georgia,108.82539,92.540503
968,4,1,2025-09-10,Germany,Slovenia,88.922577,72.89606
969,1,1,2025-09-09,Poland,Turkey,77.066609,101.69369
969,2,1,2025-09-09,Lithuania,Greece,93.022739,84.950068
969,3,1,2025-09-10,Finland,Georgia,81.736108,77.168899
969,4,1,2025-09-10,Germany,Slovenia,98.790333,86.910287
970,1,1,2025-09-09,Poland,Turkey,79.103711,99.102989
970,2,1,2025-09-09,Lithuania,Greece,67.286143,59.99121
970,3,1,2025-09-10,Finland,Georgia,83.323915,81.675362
970,4,1,2025-09-10,Germany,Slovenia,103.43258,87.504081
971,1,1,2025-09-09,Poland,Turkey,64.311771,70.960314
971,2,1,2025-09-09,Lithuania,Greece,92.676086,74.047321
971,3,1,2025-09-10,Finland,Georgia,119.40236,79.163622
971,4,1,2025-09-10,Germany,Slovenia,104.99533,103.61219
972,1,1,2025-09-09,Poland,Turkey,84.471369,78.63123
972,2,1,2025-09-09,Lithuania,Greece,97.295704,78.313803
972,3,1,2025-09-10,Finland,Georgia,94.29414,70.955777
972,4,1,2025-09-10,Germany,Slovenia,132.92767,76.425425
973,1,1,2025-09-09,Poland,Turkey,78.288127,94.574989
973,2,1,2025-09-09,Lithuania,Greece,84.664579,63.807886
973,3,1,2025-09-10,Finland,Georgia,95.417072,76.766161
973,4,1,2025-09-10,Germany,Slovenia,105.57042,84.208934
974,1,1,2025-09-09,Poland,Turkey,78.855658,102.5772
974,2,1,2025-09-09,Lithuania,Greece,109.29326,74.271792
974,3,1,2025-09-10,Finland,Georgia,83.739709,77.923389
974,4,1,2025-09-10,Germany,Slovenia,116.03601,88.313309
975,1,1,2025-09-09,Poland,Turkey,77.257101,65.148006
975,2,1,2025-09-09,Lithuania,Greece,57.298091,57.942075
975,3,1,2025-09-10,Finland,Georgia,98.733671,80.712637
975,4,1,2025-09-10,Germany,Slovenia,93.9321,76.08543
976,1,1,2025-09-09,Poland,Turkey,74.101766,93.700901
976,2,1,2025-09-09,Lithuania,Greece,89.54644,93.472854
976,3,1,2025-09-10,Finland,Georgia,114.25008,89.997055
976,4,1,2025-09-10,Germany,Slovenia,103.31261,80.116226
977,1,1,2025-09-09,Poland,Turkey,78.776901,91.45851
977,2,1,2025-09-09,Lithuania,Greece,71.611163,56.547852
977,3,1,2025-09-10,Finland,Georgia,88.278507,75.653946
977,4,1,2025-09-10,Germany,Slovenia,99.25526,80.284587
978,1,1,2025-09-09,Poland,Turkey,75.175522,65.054232
978,2,1,2025-09-09,Lithuania,Greece,93.804624,85.039835
978,3,1,2025-09-10,Finland,Georgia,73.548531,65.303862
978,4,1,2025-09-10,Germany,Slovenia,103.5915,73.082768
979,1,1,2025-09-09,Poland,Turkey,88.064109,88.982954
979,2,1,2025-09-09,Lithuania,Greece,91.856955,79.832964
979,3,1,2025-09-10,Finland,Georgia,101.63829,70.455851
979,4,1,2025-09-10,Germany,Slovenia,102.44652,79.264576
980,1,1,2025-09-09,Poland,Turkey,81.858174,78.039722
980,2,1,2025-09-09,Lithuania,Greece,65.184963,86.299685
980,3,1,2025-09-10,Finland,Georgia,92.364032,76.174995
980,4,1,2025-09-10,Germany,Slovenia,95.792046,91.307203
981,1,1,2025-09-09,Poland,Turkey,69.736426,80.64374
981,2,1,2025-09-09,Lithuania,Greece,96.272566,79.993601
981,3,1,2025-09-10,Finland,Georgia,105.90624,78.547626
981,4,1,2025-09-10,Germany,Slovenia,122.91312,87.558764
982,1,1,2025-09-09,Poland,Turkey,70.006914,88.796065
982,2,1,2025-09-09,Lithuania,Greece,80.213043,65.802042
982,3,1,2025-09-10,Finland,Georgia,79.171625,66.341657
982,4,1,2025-09-10,Germany,Slovenia,94.663848,60.777603
983,1,1,2025-09-09,Poland,Turkey,52.297852,61.778982
983,2,1,2025-09-09,Lithuania,Greece,85.015452,92.082669
983,3,1,2025-09-10,Finland,Georgia,97.169913,61.761319
983,4,1,2025-09-10,Germany,Slovenia,94.119588,96.241069
984,1,1,2025-09-09,Poland,Turkey,74.624637,79.22245
984,2,1,2025-09-09,Lithuania,Greece,108.26464,84.846894
984,3,1,2025-09-10,Finland,Georgia,71.83828,62.687512
984,4,1,2025-09-10,Germany,Slovenia,104.51939,69.692078
985,1,1,2025-09-09,Poland,Turkey,71.918592,103.84396
985,2,1,2025-09-09,Lithuania,Greece,80.880084,86.721409
985,3,1,2025-09-10,Finland,Georgia,100.44848,105.4821
985,4,1,2025-09-10,Germany,Slovenia,99.502982,102.28629
986,1,1,2025-09-09,Poland,Turkey,66.902628000000007,88.898444
986,2,1,2025-09-09,Lithuania,Greece,73.324133,62.759935
986,3,1,2025-09-10,Finland,Georgia,104.44908,71.873719
986,4,1,2025-09-10,Germany,Slovenia,97.962066,87.742546
987,1,1,2025-09-09,Poland,Turkey,81.360458,73.945355
987,2,1,2025-09-09,Lithuania,Greece,95.490568,74.301123
987,3,1,2025-09-10,Finland,Georgia,98.253304,81.758525
987,4,1,2025-09-10,Germany,Slovenia,107.44586,83.996643
988,1,1,2025-09-09,Poland,Turkey,70.755377,95.332742
988,2,1,2025-09-09,Lithuania,Greece,95.979784,80.805423
988,3,1,2025-09-10,Finland,Georgia,86.40351,72.394672
988,4,1,2025-09-10,Germany,Slovenia,129.44474,89.407891
989,1,1,2025-09-09,Poland,Turkey,84.009082,86.077825
989,2,1,2025-09-09,Lithuania,Greece,90.717972,91.379879
989,3,1,2025-09-10,Finland,Georgia,103.42049,74.122893
989,4,1,2025-09-10,Germany,Slovenia,92.961871,67.695594
990,1,1,2025-09-09,Poland,Turkey,82.780971,82.234502
990,2,1,2025-09-09,Lithuania,Greece,88.461203,85.944820000000007
990,3,1,2025-09-10,Finland,Georgia,90.196674,71.604176
990,4,1,2025-09-10,Germany,Slovenia,99.901837,88.086982
991,1,1,2025-09-09,Poland,Turkey,60.237043,77.381148
991,2,1,2025-09-09,Lithuania,Greece,96.727915,70.869656
991,3,1,2025-09-10,Finland,Georgia,100.31367,61.810751
991,4,1,2025-09-10,Germany,Slovenia,113.55129,87.365749
992,1,1,2025-09-09,Poland,Turkey,53.240925,98.645458
992,2,1,2025-09-09,Lithuania,Greece,96.303801000000007,71.607545
992,3,1,2025-09-10,Finland,Georgia,108.50685,78.701127
992,4,1,2025-09-10,Germany,Slovenia,114.89472,87.196375
993,1,1,2025-09-09,Poland,Turkey,82.793876,83.330808
993,2,1,2025-09-09,Lithuania,Greece,75.033713,86.188741
993,3,1,2025-09-10,Finland,Georgia,103.95632,93.397114
993,4,1,2025-09-10,Germany,Slovenia,106.56169,82.042478
994,1,1,2025-09-09,Poland,Turkey,101.03347,106.06245
994,2,1,2025-09-09,Lithuania,Greece,70.904115,72.614553
994,3,1,2025-09-10,Finland,Georgia,90.514049,71.881783
994,4,1,2025-09-10,Germany,Slovenia,113.71861,102.02966
995,1,1,2025-09-09,Poland,Turkey,93.188103,95.696871
995,2,1,2025-09-09,Lithuania,Greece,81.098949,67.433412
995,3,1,2025-09-10,Finland,Georgia,95.539148,95.846803
995,4,1,2025-09-10,Germany,Slovenia,112.87316,85.204502
996,1,1,2025-09-09,Poland,Turkey,74.925449,100.37302
996,2,1,2025-09-09,Lithuania,Greece,74.79628,87.491251
996,3,1,2025-09-10,Finland,Georgia,101.82427,64.029504
996,4,1,2025-09-10,Germany,Slovenia,114.98675,97.924861
997,1,1,2025-09-09,Poland,Turkey,70.018954,105.09536
997,2,1,2025-09-09,Lithuania,Greece,80.787769,71.750496
997,3,1,2025-09-10,Finland,Georgia,87.434664,86.160279
997,4,1,2025-09-10,Germany,Slovenia,123.3704,89.136253
998,1,1,2025-09-09,Poland,Turkey,82.769577,83.353433
998,2,1,2025-09-09,Lithuania,Greece,85.941754,54.763949
998,3,1,2025-09-10,Finland,Georgia,94.545564,80.056416
998,4,1,2025-09-10,Germany,Slovenia,115.28172000000001,97.682115
999,1,1,2025-09-09,Poland,Turkey,76.772739,86.49269
999,2,1,2025-09-09,Lithuania,Greece,93.427841,74.742986
999,3,1,2025-09-10,Finland,Georgia,87.563108,64.504606
999,4,1,2025-09-10,Germany,Slovenia,112.26838,70.6228
1000,1,1,2025-09-09,Poland,Turkey,73.60839,84.091055
1000,2,1,2025-09-09,Lithuania,Greece,74.944074,68.230634
1000,3,1,2025-09-10,Finland,Georgia,99.049227,77.280534
1000,4,1,2025-09-10,Germany,Slovenia,96.134153,85.79122
1001,1,1,2025-09-09,Poland,Turkey,74.342592,91.575125
1001,2,1,2025-09-09,Lithuania,Greece,100.6611,69.406287
1001,3,1,2025-09-10,Finland,Georgia,80.546018,73.65564
1001,4,1,2025-09-10,Germany,Slovenia,106.20658,89.474772
1002,1,1,2025-09-09,Poland,Turkey,76.308236,102.41648
1002,2,1,2025-09-09,Lithuania,Greece,86.081081,78.768324
1002,3,1,2025-09-10,Finland,Georgia,95.690088,74.340135
1002,4,1,2025-09-10,Germany,Slovenia,111.57981,82.820437
1003,1,1,2025-09-09,Poland,Turkey,55.917228,70.032503
1003,2,1,2025-09-09,Lithuania,Greece,78.076865,71.520117
1003,3,1,2025-09-10,Finland,Georgia,83.521166,68.587155
1003,4,1,2025-09-10,Germany,Slovenia,111.94029,88.121793
1004,1,1,2025-09-09,Poland,Turkey,79.377598,83.481996
1004,2,1,2025-09-09,Lithuania,Greece,78.033224,79.39143
1004,3,1,2025-09-10,Finland,Georgia,89.256032,72.625012
1004,4,1,2025-09-10,Germany,Slovenia,103.97214,80.567357
1005,1,1,2025-09-09,Poland,Turkey,75.572282,92.578552
1005,2,1,2025-09-09,Lithuania,Greece,75.646638,78.408245
1005,3,1,2025-09-10,Finland,Georgia,95.767172,91.850229
1005,4,1,2025-09-10,Germany,Slovenia,94.690213,79.661531
1006,1,1,2025-09-09,Poland,Turkey,80.329143,81.553702
1006,2,1,2025-09-09,Lithuania,Greece,53.112083,82.968848
1006,3,1,2025-09-10,Finland,Georgia,110.91275,75.537793
1006,4,1,2025-09-10,Germany,Slovenia,115.09374,87.99681
1007,1,1,2025-09-09,Poland,Turkey,88.319151,96.44406
1007,2,1,2025-09-09,Lithuania,Greece,70.297676,76.909415
1007,3,1,2025-09-10,Finland,Georgia,97.095671,87.183613
1007,4,1,2025-09-10,Germany,Slovenia,76.714745,97.835847
1008,1,1,2025-09-09,Poland,Turkey,59.532503,74.671553
1008,2,1,2025-09-09,Lithuania,Greece,81.982693,64.329572
1008,3,1,2025-09-10,Finland,Georgia,106.76604,76.80987
1008,4,1,2025-09-10,Germany,Slovenia,92.270957,97.085347
1009,1,1,2025-09-09,Poland,Turkey,77.767779,63.223047
1009,2,1,2025-09-09,Lithuania,Greece,74.710889,70.348286
1009,3,1,2025-09-10,Finland,Georgia,104.45081,81.739136
1009,4,1,2025-09-10,Germany,Slovenia,92.543798,78.451673
1010,1,1,2025-09-09,Poland,Turkey,72.676418,90.334518
1010,2,1,2025-09-09,Lithuania,Greece,72.52437,78.277774
1010,3,1,2025-09-10,Finland,Georgia,93.14163,78.2274
1010,4,1,2025-09-10,Germany,Slovenia,105.43729,92.097952
1011,1,1,2025-09-09,Poland,Turkey,77.052101,60.526626
1011,2,1,2025-09-09,Lithuania,Greece,83.033295,74.951021
1011,3,1,2025-09-10,Finland,Georgia,97.256661,65.557648
1011,4,1,2025-09-10,Germany,Slovenia,97.682948,73.656765
1012,1,1,2025-09-09,Poland,Turkey,97.331302,94.905255
1012,2,1,2025-09-09,Lithuania,Greece,96.936244,101.70366
1012,3,1,2025-09-10,Finland,Georgia,84.217187,62.318299
1012,4,1,2025-09-10,Germany,Slovenia,105.80926,82.584005
1013,1,1,2025-09-09,Poland,Turkey,75.12346,102.4075
1013,2,1,2025-09-09,Lithuania,Greece,77.385538,104.85515
1013,3,1,2025-09-10,Finland,Georgia,90.429707,80.746329
1013,4,1,2025-09-10,Germany,Slovenia,82.052135,73.474799
1014,1,1,2025-09-09,Poland,Turkey,90.257935,91.035165
1014,2,1,2025-09-09,Lithuania,Greece,86.335343,73.733222
1014,3,1,2025-09-10,Finland,Georgia,94.968769,79.150592
1014,4,1,2025-09-10,Germany,Slovenia,111.90648,90.006276
1015,1,1,2025-09-09,Poland,Turkey,75.258767,88.882479
1015,2,1,2025-09-09,Lithuania,Greece,69.504614,92.021904
1015,3,1,2025-09-10,Finland,Georgia,111.62849,81.655951
1015,4,1,2025-09-10,Germany,Slovenia,105.14725,84.754943
1016,1,1,2025-09-09,Poland,Turkey,62.459399,80.400858
1016,2,1,2025-09-09,Lithuania,Greece,75.209907,77.075354
1016,3,1,2025-09-10,Finland,Georgia,102.88504,49.29986
1016,4,1,2025-09-10,Germany,Slovenia,93.721689,92.395362
1017,1,1,2025-09-09,Poland,Turkey,82.819274,103.82027
1017,2,1,2025-09-09,Lithuania,Greece,90.769958,88.582564
1017,3,1,2025-09-10,Finland,Georgia,95.18431,71.052696
1017,4,1,2025-09-10,Germany,Slovenia,129.78051,50.67187
1018,1,1,2025-09-09,Poland,Turkey,69.48592,78.562289
1018,2,1,2025-09-09,Lithuania,Greece,101.0729,78.473202
1018,3,1,2025-09-10,Finland,Georgia,93.921423,75.964181
1018,4,1,2025-09-10,Germany,Slovenia,103.96594,72.82551
1019,1,1,2025-09-09,Poland,Turkey,75.534363,95.199613
1019,2,1,2025-09-09,Lithuania,Greece,86.360227,81.792893
1019,3,1,2025-09-10,Finland,Georgia,98.732707,58.880066
1019,4,1,2025-09-10,Germany,Slovenia,119.7627,95.399874
1020,1,1,2025-09-09,Poland,Turkey,82.455834,70.700623
1020,2,1,2025-09-09,Lithuania,Greece,77.128607,73.68143
1020,3,1,2025-09-10,Finland,Georgia,85.115829,73.999399
1020,4,1,2025-09-10,Germany,Slovenia,93.811188,72.862096
1021,1,1,2025-09-09,Poland,Turkey,84.427356,64.651593
1021,2,1,2025-09-09,Lithuania,Greece,92.603524,64.589655
1021,3,1,2025-09-10,Finland,Georgia,90.094374,79.313782
1021,4,1,2025-09-10,Germany,Slovenia,103.44122,76.411745
1022,1,1,2025-09-09,Poland,Turkey,52.262987,70.284266
1022,2,1,2025-09-09,Lithuania,Greece,103.32767,72.947431
1022,3,1,2025-09-10,Finland,Georgia,99.153721,70.811674
1022,4,1,2025-09-10,Germany,Slovenia,96.944433,65.497973
1023,1,1,2025-09-09,Poland,Turkey,65.934717,83.866935
1023,2,1,2025-09-09,Lithuania,Greece,83.776564,62.305219
1023,3,1,2025-09-10,Finland,Georgia,109.83133,57.631767
1023,4,1,2025-09-10,Germany,Slovenia,113.23158,97.651421
1024,1,1,2025-09-09,Poland,Turkey,68.559644,83.883955
1024,2,1,2025-09-09,Lithuania,Greece,84.180001,83.560105
1024,3,1,2025-09-10,Finland,Georgia,87.234533,59.513602
1024,4,1,2025-09-10,Germany,Slovenia,96.717692,75.153694
1025,1,1,2025-09-09,Poland,Turkey,77.621979,88.562398
1025,2,1,2025-09-09,Lithuania,Greece,77.490872,89.325861
1025,3,1,2025-09-10,Finland,Georgia,83.852564,75.200014
1025,4,1,2025-09-10,Germany,Slovenia,124.67011,88.005893
1026,1,1,2025-09-09,Poland,Turkey,80.475299,87.852364
1026,2,1,2025-09-09,Lithuania,Greece,92.37599,64.341911
1026,3,1,2025-09-10,Finland,Georgia,97.033372,66.835339
1026,4,1,2025-09-10,Germany,Slovenia,109.52436,99.267017
1027,1,1,2025-09-09,Poland,Turkey,87.102859,93.942724
1027,2,1,2025-09-09,Lithuania,Greece,112.52878,87.520338
1027,3,1,2025-09-10,Finland,Georgia,96.035531,94.678411
1027,4,1,2025-09-10,Germany,Slovenia,95.333232,97.216637
1028,1,1,2025-09-09,Poland,Turkey,83.871909,84.763968
1028,2,1,2025-09-09,Lithuania,Greece,78.092865,60.503403
1028,3,1,2025-09-10,Finland,Georgia,93.100335,59.13968
1028,4,1,2025-09-10,Germany,Slovenia,93.423057,90.445297
1029,1,1,2025-09-09,Poland,Turkey,90.408233,97.024591
1029,2,1,2025-09-09,Lithuania,Greece,82.84147,57.453448
1029,3,1,2025-09-10,Finland,Georgia,85.675783,87.089443
1029,4,1,2025-09-10,Germany,Slovenia,95.374998,86.835691
1030,1,1,2025-09-09,Poland,Turkey,49.81519,85.133
1030,2,1,2025-09-09,Lithuania,Greece,80.246874,68.2904
1030,3,1,2025-09-10,Finland,Georgia,103.6658,82.207962
1030,4,1,2025-09-10,Germany,Slovenia,114.85052,86.212231
1031,1,1,2025-09-09,Poland,Turkey,68.312896,83.161811
1031,2,1,2025-09-09,Lithuania,Greece,82.108071,75.8222
1031,3,1,2025-09-10,Finland,Georgia,91.306872,67.308057
1031,4,1,2025-09-10,Germany,Slovenia,80.328325,89.862251
1032,1,1,2025-09-09,Poland,Turkey,70.848663,96.226716
1032,2,1,2025-09-09,Lithuania,Greece,93.209519,80.362243
1032,3,1,2025-09-10,Finland,Georgia,95.34112,61.405596
1032,4,1,2025-09-10,Germany,Slovenia,82.948465,97.653842
1033,1,1,2025-09-09,Poland,Turkey,86.684332,77.978937
1033,2,1,2025-09-09,Lithuania,Greece,85.936873,86.877647
1033,3,1,2025-09-10,Finland,Georgia,75.177583,72.475579
1033,4,1,2025-09-10,Germany,Slovenia,89.762965,72.863578
1034,1,1,2025-09-09,Poland,Turkey,67.779579,87.512283
1034,2,1,2025-09-09,Lithuania,Greece,100.72947,63.550227
1034,3,1,2025-09-10,Finland,Georgia,92.516296,83.989588
1034,4,1,2025-09-10,Germany,Slovenia,94.074517,83.123826
1035,1,1,2025-09-09,Poland,Turkey,72.445559,91.721456
1035,2,1,2025-09-09,Lithuania,Greece,99.857514,65.82685
1035,3,1,2025-09-10,Finland,Georgia,85.06781,66.706637
1035,4,1,2025-09-10,Germany,Slovenia,112.7611,92.350913
1036,1,1,2025-09-09,Poland,Turkey,69.481247,89.929992
1036,2,1,2025-09-09,Lithuania,Greece,69.59378,84.71847
1036,3,1,2025-09-10,Finland,Georgia,67.039718,75.559972
1036,4,1,2025-09-10,Germany,Slovenia,126.87272,70.902447
1037,1,1,2025-09-09,Poland,Turkey,70.966118,92.253741
1037,2,1,2025-09-09,Lithuania,Greece,62.476111,82.428116
1037,3,1,2025-09-10,Finland,Georgia,105.53287,63.157548
1037,4,1,2025-09-10,Germany,Slovenia,122.70402,102.68217
1038,1,1,2025-09-09,Poland,Turkey,86.729405,90.080379
1038,2,1,2025-09-09,Lithuania,Greece,79.812446,90.549435
1038,3,1,2025-09-10,Finland,Georgia,114.4017,46.424066
1038,4,1,2025-09-10,Germany,Slovenia,94.40043,84.223852
1039,1,1,2025-09-09,Poland,Turkey,72.520479,72.827694
1039,2,1,2025-09-09,Lithuania,Greece,87.086898,68.868163
1039,3,1,2025-09-10,Finland,Georgia,107.37075,77.357982
1039,4,1,2025-09-10,Germany,Slovenia,109.38345,101.92657
1040,1,1,2025-09-09,Poland,Turkey,96.884428,98.878432
1040,2,1,2025-09-09,Lithuania,Greece,97.166189,81.087721
1040,3,1,2025-09-10,Finland,Georgia,96.725264,76.121919
1040,4,1,2025-09-10,Germany,Slovenia,102.14322,79.838891
1041,1,1,2025-09-09,Poland,Turkey,74.766676,80.903387
1041,2,1,2025-09-09,Lithuania,Greece,93.702827,71.458146
1041,3,1,2025-09-10,Finland,Georgia,98.637254,76.775346
1041,4,1,2025-09-10,Germany,Slovenia,98.653888,100.01207
1042,1,1,2025-09-09,Poland,Turkey,54.137521,101.20103
1042,2,1,2025-09-09,Lithuania,Greece,96.45103,87.81642
1042,3,1,2025-09-10,Finland,Georgia,96.423083,85.327317
1042,4,1,2025-09-10,Germany,Slovenia,113.69978,84.534292
1043,1,1,2025-09-09,Poland,Turkey,97.879453,94.724221
1043,2,1,2025-09-09,Lithuania,Greece,64.399261,70.821815
1043,3,1,2025-09-10,Finland,Georgia,90.882046,49.239214
1043,4,1,2025-09-10,Germany,Slovenia,120.71186,79.648476
1044,1,1,2025-09-09,Poland,Turkey,67.760313,86.769213
1044,2,1,2025-09-09,Lithuania,Greece,92.048709,69.381116
1044,3,1,2025-09-10,Finland,Georgia,78.088004,57.144411
1044,4,1,2025-09-10,Germany,Slovenia,91.868588,81.28587
1045,1,1,2025-09-09,Poland,Turkey,92.572748,95.499194
1045,2,1,2025-09-09,Lithuania,Greece,66.692442,66.375392
1045,3,1,2025-09-10,Finland,Georgia,86.439096,83.636127
1045,4,1,2025-09-10,Germany,Slovenia,96.261658,42.6774
1046,1,1,2025-09-09,Poland,Turkey,78.711756,100.793
1046,2,1,2025-09-09,Lithuania,Greece,91.002759,70.450704
1046,3,1,2025-09-10,Finland,Georgia,86.645155,65.176494
1046,4,1,2025-09-10,Germany,Slovenia,110.21763,101.75972
1047,1,1,2025-09-09,Poland,Turkey,77.075573,77.484442
1047,2,1,2025-09-09,Lithuania,Greece,73.515368,61.657151
1047,3,1,2025-09-10,Finland,Georgia,105.19488,79.858124
1047,4,1,2025-09-10,Germany,Slovenia,90.411399,78.259242
1048,1,1,2025-09-09,Poland,Turkey,80.604819,100.66533
1048,2,1,2025-09-09,Lithuania,Greece,79.821099,65.690359
1048,3,1,2025-09-10,Finland,Georgia,104.04053,71.762262
1048,4,1,2025-09-10,Germany,Slovenia,100.54062,78.876682
1049,1,1,2025-09-09,Poland,Turkey,93.997194,106.77392
1049,2,1,2025-09-09,Lithuania,Greece,93.582566,82.280655
1049,3,1,2025-09-10,Finland,Georgia,116.54146,62.438098
1049,4,1,2025-09-10,Germany,Slovenia,107.78644,92.186761
1050,1,1,2025-09-09,Poland,Turkey,76.122705,61.244792
1050,2,1,2025-09-09,Lithuania,Greece,80.73148,93.286679
1050,3,1,2025-09-10,Finland,Georgia,92.514059,72.080239
1050,4,1,2025-09-10,Germany,Slovenia,109.80056,60.545649
1051,1,1,2025-09-09,Poland,Turkey,74.126462,87.251829
1051,2,1,2025-09-09,Lithuania,Greece,94.200473,80.463907
1051,3,1,2025-09-10,Finland,Georgia,101.45035,62.593827
1051,4,1,2025-09-10,Germany,Slovenia,109.17283,79.257875
1052,1,1,2025-09-09,Poland,Turkey,78.010482,88.435558
1052,2,1,2025-09-09,Lithuania,Greece,95.448186,82.223779
1052,3,1,2025-09-10,Finland,Georgia,112.10203,89.096863
1052,4,1,2025-09-10,Germany,Slovenia,106.21141,89.409227
1053,1,1,2025-09-09,Poland,Turkey,82.399721,93.024536
1053,2,1,2025-09-09,Lithuania,Greece,106.69868,82.006004
1053,3,1,2025-09-10,Finland,Georgia,108.69868,73.203753
1053,4,1,2025-09-10,Germany,Slovenia,121.57134,96.926802
1054,1,1,2025-09-09,Poland,Turkey,70.779439,75.832453
1054,2,1,2025-09-09,Lithuania,Greece,84.419619,79.202102
1054,3,1,2025-09-10,Finland,Georgia,107.49088,73.65033
1054,4,1,2025-09-10,Germany,Slovenia,99.672991,101.44491
1055,1,1,2025-09-09,Poland,Turkey,77.456139,92.38214
1055,2,1,2025-09-09,Lithuania,Greece,100.39607,67.430114
1055,3,1,2025-09-10,Finland,Georgia,88.749234,78.570284
1055,4,1,2025-09-10,Germany,Slovenia,108.55617,75.408053
1056,1,1,2025-09-09,Poland,Turkey,82.572226,98.527489
1056,2,1,2025-09-09,Lithuania,Greece,73.480016,71.405792
1056,3,1,2025-09-10,Finland,Georgia,98.299572,66.53603
1056,4,1,2025-09-10,Germany,Slovenia,89.270765,94.24829
1057,1,1,2025-09-09,Poland,Turkey,93.808377,90.50038
1057,2,1,2025-09-09,Lithuania,Greece,79.443771,59.179144
1057,3,1,2025-09-10,Finland,Georgia,96.842849,80.491541
1057,4,1,2025-09-10,Germany,Slovenia,112.50827,84.151906
1058,1,1,2025-09-09,Poland,Turkey,90.855749,111.0524
1058,2,1,2025-09-09,Lithuania,Greece,92.880402,86.055569
1058,3,1,2025-09-10,Finland,Georgia,112.40967,73.819145
1058,4,1,2025-09-10,Germany,Slovenia,99.878621,90.449103
1059,1,1,2025-09-09,Poland,Turkey,74.541544,95.900737
1059,2,1,2025-09-09,Lithuania,Greece,97.247964,77.071578
1059,3,1,2025-09-10,Finland,Georgia,118.41222,106.52848
1059,4,1,2025-09-10,Germany,Slovenia,102.95712,126.66957
1060,1,1,2025-09-09,Poland,Turkey,62.737061,96.594919
1060,2,1,2025-09-09,Lithuania,Greece,103.43053,69.922784
1060,3,1,2025-09-10,Finland,Georgia,81.358545,68.836698
1060,4,1,2025-09-10,Germany,Slovenia,76.856324,86.734341
1061,1,1,2025-09-09,Poland,Turkey,99.155284,84.058061
1061,2,1,2025-09-09,Lithuania,Greece,77.314957,75.083579
1061,3,1,2025-09-10,Finland,Georgia,103.9254,66.755757
1061,4,1,2025-09-10,Germany,Slovenia,92.871608,80.940849
1062,1,1,2025-09-09,Poland,Turkey,67.867674,68.313378
1062,2,1,2025-09-09,Lithuania,Greece,92.848061,86.549783
1062,3,1,2025-09-10,Finland,Georgia,118.62107,75.819734
1062,4,1,2025-09-10,Germany,Slovenia,110.03685,86.623291
1063,1,1,2025-09-09,Poland,Turkey,64.293415,96.307425
1063,2,1,2025-09-09,Lithuania,Greece,102.18641,90.516493
1063,3,1,2025-09-10,Finland,Georgia,73.213663,47.712185
1063,4,1,2025-09-10,Germany,Slovenia,93.834552,85.960675
1064,1,1,2025-09-09,Poland,Turkey,78.508783,79.35337
1064,2,1,2025-09-09,Lithuania,Greece,73.523854,40.986008
1064,3,1,2025-09-10,Finland,Georgia,86.259825,82.05726
1064,4,1,2025-09-10,Germany,Slovenia,107.23858,87.16018
1065,1,1,2025-09-09,Poland,Turkey,85.326673,89.001679
1065,2,1,2025-09-09,Lithuania,Greece,87.340734,70.845907
1065,3,1,2025-09-10,Finland,Georgia,116.22607000000001,82.467176
1065,4,1,2025-09-10,Germany,Slovenia,90.20193,87.227048
1066,1,1,2025-09-09,Poland,Turkey,67.773368,103.73295
1066,2,1,2025-09-09,Lithuania,Greece,84.161109,70.753836
1066,3,1,2025-09-10,Finland,Georgia,89.402218,75.749189
1066,4,1,2025-09-10,Germany,Slovenia,98.463416,92.405048
1067,1,1,2025-09-09,Poland,Turkey,72.681727,71.841536
1067,2,1,2025-09-09,Lithuania,Greece,101.86546,81.25536
1067,3,1,2025-09-10,Finland,Georgia,96.671032,66.771042
1067,4,1,2025-09-10,Germany,Slovenia,108.74646,92.757494
1068,1,1,2025-09-09,Poland,Turkey,61.646558,91.853856
1068,2,1,2025-09-09,Lithuania,Greece,86.151103,89.439592
1068,3,1,2025-09-10,Finland,Georgia,99.35586,77.642549
1068,4,1,2025-09-10,Germany,Slovenia,92.56038,80.850375
1069,1,1,2025-09-09,Poland,Turkey,68.896204,90.853408
1069,2,1,2025-09-09,Lithuania,Greece,98.386433,77.102448
1069,3,1,2025-09-10,Finland,Georgia,117.46187,74.896215
1069,4,1,2025-09-10,Germany,Slovenia,118.1603,74.135064
1070,1,1,2025-09-09,Poland,Turkey,74.120082,100.59853
1070,2,1,2025-09-09,Lithuania,Greece,91.703712,94.367354
1070,3,1,2025-09-10,Finland,Georgia,101.47581,77.911314
1070,4,1,2025-09-10,Germany,Slovenia,106.16155,83.701383
1071,1,1,2025-09-09,Poland,Turkey,61.373492,97.106134
1071,2,1,2025-09-09,Lithuania,Greece,93.733202,61.456444
1071,3,1,2025-09-10,Finland,Georgia,92.249006,65.512206
1071,4,1,2025-09-10,Germany,Slovenia,95.763717,71.529519
1072,1,1,2025-09-09,Poland,Turkey,89.733159,84.700575
1072,2,1,2025-09-09,Lithuania,Greece,84.191872,78.850666
1072,3,1,2025-09-10,Finland,Georgia,93.013927,57.362428
1072,4,1,2025-09-10,Germany,Slovenia,97.741163,87.11328
1073,1,1,2025-09-09,Poland,Turkey,56.844284,73.366361
1073,2,1,2025-09-09,Lithuania,Greece,81.612306,67.652654
1073,3,1,2025-09-10,Finland,Georgia,81.97044,78.564035
1073,4,1,2025-09-10,Germany,Slovenia,104.71031,62.552431
1074,1,1,2025-09-09,Poland,Turkey,72.661361,88.335014
1074,2,1,2025-09-09,Lithuania,Greece,85.673862,90.339078
1074,3,1,2025-09-10,Finland,Georgia,95.86705,67.597527
1074,4,1,2025-09-10,Germany,Slovenia,94.067219,108.84594
1075,1,1,2025-09-09,Poland,Turkey,104.74369,74.406989
1075,2,1,2025-09-09,Lithuania,Greece,72.316803,80.332047
1075,3,1,2025-09-10,Finland,Georgia,76.838905,77.999679
1075,4,1,2025-09-10,Germany,Slovenia,93.179434,88.690894
1076,1,1,2025-09-09,Poland,Turkey,61.589711,83.87998
1076,2,1,2025-09-09,Lithuania,Greece,110.40965,75.027148
1076,3,1,2025-09-10,Finland,Georgia,91.024165,76.306652
1076,4,1,2025-09-10,Germany,Slovenia,98.373841,93.234815
1077,1,1,2025-09-09,Poland,Turkey,88.21268,90.187342
1077,2,1,2025-09-09,Lithuania,Greece,62.770652,78.117013
1077,3,1,2025-09-10,Finland,Georgia,92.536098,67.520332
1077,4,1,2025-09-10,Germany,Slovenia,116.61268,93.590829
1078,1,1,2025-09-09,Poland,Turkey,74.468214,73.224194
1078,2,1,2025-09-09,Lithuania,Greece,79.105412,75.743832
1078,3,1,2025-09-10,Finland,Georgia,94.374553,80.306421
1078,4,1,2025-09-10,Germany,Slovenia,113.76743,74.062428
1079,1,1,2025-09-09,Poland,Turkey,76.181293,93.462273
1079,2,1,2025-09-09,Lithuania,Greece,84.294639,75.557455
1079,3,1,2025-09-10,Finland,Georgia,87.991907,81.504936
1079,4,1,2025-09-10,Germany,Slovenia,80.970462,72.884186
1080,1,1,2025-09-09,Poland,Turkey,87.25823,87.036549
1080,2,1,2025-09-09,Lithuania,Greece,76.480454,73.795004
1080,3,1,2025-09-10,Finland,Georgia,93.973553,88.937096
1080,4,1,2025-09-10,Germany,Slovenia,106.34782,90.407254
1081,1,1,2025-09-09,Poland,Turkey,69.381951,91.263617
1081,2,1,2025-09-09,Lithuania,Greece,78.709509,73.01092
1081,3,1,2025-09-10,Finland,Georgia,89.945183,74.652003
1081,4,1,2025-09-10,Germany,Slovenia,82.036234,82.192863
1082,1,1,2025-09-09,Poland,Turkey,56.746019,114.6625
1082,2,1,2025-09-09,Lithuania,Greece,81.316663,57.514827
1082,3,1,2025-09-10,Finland,Georgia,97.012509,82.888704
1082,4,1,2025-09-10,Germany,Slovenia,97.124833,70.592963
1083,1,1,2025-09-09,Poland,Turkey,81.840189,101.26814
1083,2,1,2025-09-09,Lithuania,Greece,98.651169,79.028554
1083,3,1,2025-09-10,Finland,Georgia,82.102934,50.515591
1083,4,1,2025-09-10,Germany,Slovenia,97.986996,79.698147
1084,1,1,2025-09-09,Poland,Turkey,68.951325,92.743612
1084,2,1,2025-09-09,Lithuania,Greece,88.503514,90.222019
1084,3,1,2025-09-10,Finland,Georgia,88.334255,73.050508
1084,4,1,2025-09-10,Germany,Slovenia,109.54417,78.149595
1085,1,1,2025-09-09,Poland,Turkey,81.711525,96.223397
1085,2,1,2025-09-09,Lithuania,Greece,93.172303,78.66587
1085,3,1,2025-09-10,Finland,Georgia,90.183199,64.615277
1085,4,1,2025-09-10,Germany,Slovenia,115.91693,86.578461
1086,1,1,2025-09-09,Poland,Turkey,76.692621,92.768244
1086,2,1,2025-09-09,Lithuania,Greece,85.198849,77.145224
1086,3,1,2025-09-10,Finland,Georgia,94.511069,67.959966
1086,4,1,2025-09-10,Germany,Slovenia,83.249627,72.377007
1087,1,1,2025-09-09,Poland,Turkey,69.186682,83.264077
1087,2,1,2025-09-09,Lithuania,Greece,84.654729,55.416274
1087,3,1,2025-09-10,Finland,Georgia,107.61818,69.026794
1087,4,1,2025-09-10,Germany,Slovenia,120.81232,56.95764
1088,1,1,2025-09-09,Poland,Turkey,63.459051,69.122446
1088,2,1,2025-09-09,Lithuania,Greece,87.404362,81.652948
1088,3,1,2025-09-10,Finland,Georgia,98.918589,67.640014
1088,4,1,2025-09-10,Germany,Slovenia,92.909876,70.790792
1089,1,1,2025-09-09,Poland,Turkey,72.040664,71.172753
1089,2,1,2025-09-09,Lithuania,Greece,68.380323,72.209726
1089,3,1,2025-09-10,Finland,Georgia,86.703943,91.28617
1089,4,1,2025-09-10,Germany,Slovenia,116.45552,88.066366
1090,1,1,2025-09-09,Poland,Turkey,67.968349,87.068551
1090,2,1,2025-09-09,Lithuania,Greece,100.30458,87.521449
1090,3,1,2025-09-10,Finland,Georgia,94.866076,62.055689
1090,4,1,2025-09-10,Germany,Slovenia,110.91095,101.85257
1091,1,1,2025-09-09,Poland,Turkey,83.204471,90.802323
1091,2,1,2025-09-09,Lithuania,Greece,64.471635,64.195546
1091,3,1,2025-09-10,Finland,Georgia,114.84224,87.327089
1091,4,1,2025-09-10,Germany,Slovenia,114.43577,84.923115
1092,1,1,2025-09-09,Poland,Turkey,73.393934,76.225813
1092,2,1,2025-09-09,Lithuania,Greece,91.399549,74.741283
1092,3,1,2025-09-10,Finland,Georgia,81.601167,87.831654
1092,4,1,2025-09-10,Germany,Slovenia,89.858193,71.700261
1093,1,1,2025-09-09,Poland,Turkey,74.870812,83.99109
1093,2,1,2025-09-09,Lithuania,Greece,89.458293,71.803465
1093,3,1,2025-09-10,Finland,Georgia,109.17335,74.692954
1093,4,1,2025-09-10,Germany,Slovenia,89.050799,62.818285
1094,1,1,2025-09-09,Poland,Turkey,78.23757,85.650587
1094,2,1,2025-09-09,Lithuania,Greece,84.561611,59.39661
1094,3,1,2025-09-10,Finland,Georgia,81.93166,90.654698
1094,4,1,2025-09-10,Germany,Slovenia,106.02835,79.703748
1095,1,1,2025-09-09,Poland,Turkey,79.851227,89.966627
1095,2,1,2025-09-09,Lithuania,Greece,74.08366,79.257317
1095,3,1,2025-09-10,Finland,Georgia,74.713757,95.549048
1095,4,1,2025-09-10,Germany,Slovenia,91.053633,73.833547
1096,1,1,2025-09-09,Poland,Turkey,72.221634,86.008531
1096,2,1,2025-09-09,Lithuania,Greece,93.124936,68.908344
1096,3,1,2025-09-10,Finland,Georgia,102.15629,76.709874
1096,4,1,2025-09-10,Germany,Slovenia,109.19162,83.630204
1097,1,1,2025-09-09,Poland,Turkey,61.151797,94.033813
1097,2,1,2025-09-09,Lithuania,Greece,86.652175,73.999923
1097,3,1,2025-09-10,Finland,Georgia,90.311783,57.028919
1097,4,1,2025-09-10,Germany,Slovenia,97.994805,67.55101
1098,1,1,2025-09-09,Poland,Turkey,64.197021,101.4637
1098,2,1,2025-09-09,Lithuania,Greece,84.97155,62.964381
1098,3,1,2025-09-10,Finland,Georgia,93.114966,88.208561
1098,4,1,2025-09-10,Germany,Slovenia,86.88907,71.143164
1099,1,1,2025-09-09,Poland,Turkey,79.386175,76.851194
1099,2,1,2025-09-09,Lithuania,Greece,66.320051,86.038771
1099,3,1,2025-09-10,Finland,Georgia,98.460557,85.900588
1099,4,1,2025-09-10,Germany,Slovenia,108.91128,118.30664
1100,1,1,2025-09-09,Poland,Turkey,81.298596,101.16196
1100,2,1,2025-09-09,Lithuania,Greece,86.129544,69.221891
1100,3,1,2025-09-10,Finland,Georgia,99.245433,74.683947
1100,4,1,2025-09-10,Germany,Slovenia,101.15189,94.212102
1101,1,1,2025-09-09,Poland,Turkey,83.107554,88.427514
1101,2,1,2025-09-09,Lithuania,Greece,83.533735,75.353822
1101,3,1,2025-09-10,Finland,Georgia,90.456421,88.072294
1101,4,1,2025-09-10,Germany,Slovenia,90.223968,78.575914
1102,1,1,2025-09-09,Poland,Turkey,91.843454,101.22525
1102,2,1,2025-09-09,Lithuania,Greece,94.635564,70.724323
1102,3,1,2025-09-10,Finland,Georgia,102.6595,83.020641
1102,4,1,2025-09-10,Germany,Slovenia,113.32803,80.516356
1103,1,1,2025-09-09,Poland,Turkey,89.725409,79.339392
1103,2,1,2025-09-09,Lithuania,Greece,84.104223,72.377661
1103,3,1,2025-09-10,Finland,Georgia,114.74717,68.847159
1103,4,1,2025-09-10,Germany,Slovenia,93.073911,95.258129
1104,1,1,2025-09-09,Poland,Turkey,81.376329,75.707368
1104,2,1,2025-09-09,Lithuania,Greece,91.959235,82.115036
1104,3,1,2025-09-10,Finland,Georgia,72.337037,66.563459
1104,4,1,2025-09-10,Germany,Slovenia,114.89193,84.756299
1105,1,1,2025-09-09,Poland,Turkey,79.194909,92.321227
1105,2,1,2025-09-09,Lithuania,Greece,92.947447,69.167842
1105,3,1,2025-09-10,Finland,Georgia,82.119847,74.114376
1105,4,1,2025-09-10,Germany,Slovenia,114.17777,81.330852
1106,1,1,2025-09-09,Poland,Turkey,62.605783,78.877476
1106,2,1,2025-09-09,Lithuania,Greece,94.810755,68.084809
1106,3,1,2025-09-10,Finland,Georgia,99.277976,80.499393
1106,4,1,2025-09-10,Germany,Slovenia,110.60558,91.586458
1107,1,1,2025-09-09,Poland,Turkey,65.354627,101.64547
1107,2,1,2025-09-09,Lithuania,Greece,86.728179,75.081763
1107,3,1,2025-09-10,Finland,Georgia,96.764294,85.471896
1107,4,1,2025-09-10,Germany,Slovenia,110.01096,90.407132
1108,1,1,2025-09-09,Poland,Turkey,81.086416,87.830901
1108,2,1,2025-09-09,Lithuania,Greece,91.488007,64.148157
1108,3,1,2025-09-10,Finland,Georgia,85.730508,53.790259
1108,4,1,2025-09-10,Germany,Slovenia,96.970219,70.522601
1109,1,1,2025-09-09,Poland,Turkey,90.721158,94.474006
1109,2,1,2025-09-09,Lithuania,Greece,88.029608,74.064457
1109,3,1,2025-09-10,Finland,Georgia,101.97552,77.427253
1109,4,1,2025-09-10,Germany,Slovenia,117.81255,95.974516
1110,1,1,2025-09-09,Poland,Turkey,99.588324,101.90452
1110,2,1,2025-09-09,Lithuania,Greece,94.513814,89.063267
1110,3,1,2025-09-10,Finland,Georgia,95.600035,68.48742
1110,4,1,2025-09-10,Germany,Slovenia,119.14156,113.71939
1111,1,1,2025-09-09,Poland,Turkey,75.331285,84.558857
1111,2,1,2025-09-09,Lithuania,Greece,87.356434,71.723354
1111,3,1,2025-09-10,Finland,Georgia,89.976939,71.939022
1111,4,1,2025-09-10,Germany,Slovenia,107.93761,89.858664
1112,1,1,2025-09-09,Poland,Turkey,83.357022,108.23973
1112,2,1,2025-09-09,Lithuania,Greece,100.44935,84.875757
1112,3,1,2025-09-10,Finland,Georgia,104.32177,77.43078
1112,4,1,2025-09-10,Germany,Slovenia,89.282476,84.467259
1113,1,1,2025-09-09,Poland,Turkey,60.650577,69.036463
1113,2,1,2025-09-09,Lithuania,Greece,90.426604,91.73287
1113,3,1,2025-09-10,Finland,Georgia,78.09205,52.919384
1113,4,1,2025-09-10,Germany,Slovenia,106.61586,86.34733
1114,1,1,2025-09-09,Poland,Turkey,84.41073,79.712076
1114,2,1,2025-09-09,Lithuania,Greece,79.593835,74.480851
1114,3,1,2025-09-10,Finland,Georgia,91.654893,77.904999
1114,4,1,2025-09-10,Germany,Slovenia,100.04859,85.319402
1115,1,1,2025-09-09,Poland,Turkey,61.165551,94.052462
1115,2,1,2025-09-09,Lithuania,Greece,83.383521,79.514697
1115,3,1,2025-09-10,Finland,Georgia,94.642168,74.43884
1115,4,1,2025-09-10,Germany,Slovenia,85.667265,97.848915
1116,1,1,2025-09-09,Poland,Turkey,70.047943,101.63608
1116,2,1,2025-09-09,Lithuania,Greece,87.379519,93.72461
1116,3,1,2025-09-10,Finland,Georgia,85.199448,67.77779
1116,4,1,2025-09-10,Germany,Slovenia,100.80789,87.137597
1117,1,1,2025-09-09,Poland,Turkey,82.454282,100.11183
1117,2,1,2025-09-09,Lithuania,Greece,87.666996,89.155469
1117,3,1,2025-09-10,Finland,Georgia,88.066114,102.76671
1117,4,1,2025-09-10,Germany,Slovenia,115.39816,84.471745
1118,1,1,2025-09-09,Poland,Turkey,91.511518,95.366632
1118,2,1,2025-09-09,Lithuania,Greece,89.902971,69.553183
1118,3,1,2025-09-10,Finland,Georgia,106.81761,97.341192
1118,4,1,2025-09-10,Germany,Slovenia,105.39668,77.224817
1119,1,1,2025-09-09,Poland,Turkey,71.010912,87.892316
1119,2,1,2025-09-09,Lithuania,Greece,93.559875,88.867173
1119,3,1,2025-09-10,Finland,Georgia,87.983077,60.380429
1119,4,1,2025-09-10,Germany,Slovenia,123.68555,95.38508
1120,1,1,2025-09-09,Poland,Turkey,84.801961,75.278532
1120,2,1,2025-09-09,Lithuania,Greece,83.496058,91.852958
1120,3,1,2025-09-10,Finland,Georgia,105.4946,78.992752
1120,4,1,2025-09-10,Germany,Slovenia,115.79663,85.562344
1121,1,1,2025-09-09,Poland,Turkey,72.844805,78.550104
1121,2,1,2025-09-09,Lithuania,Greece,101.32955,55.151076
1121,3,1,2025-09-10,Finland,Georgia,78.562894,80.683441
1121,4,1,2025-09-10,Germany,Slovenia,104.37848,85.023926
1122,1,1,2025-09-09,Poland,Turkey,77.59225,81.106236
1122,2,1,2025-09-09,Lithuania,Greece,75.744878,77.279277
1122,3,1,2025-09-10,Finland,Georgia,91.407231,65.115425
1122,4,1,2025-09-10,Germany,Slovenia,133.86049,103.50064
1123,1,1,2025-09-09,Poland,Turkey,84.678173,78.506753
1123,2,1,2025-09-09,Lithuania,Greece,89.387138,82.235751
1123,3,1,2025-09-10,Finland,Georgia,102.45264,70.481581
1123,4,1,2025-09-10,Germany,Slovenia,98.984724,81.025967
1124,1,1,2025-09-09,Poland,Turkey,86.775742,81.006735
1124,2,1,2025-09-09,Lithuania,Greece,84.545194,77.792595
1124,3,1,2025-09-10,Finland,Georgia,96.31537,72.020453
1124,4,1,2025-09-10,Germany,Slovenia,124.75917,81.679184
1125,1,1,2025-09-09,Poland,Turkey,80.742748,100.32841
1125,2,1,2025-09-09,Lithuania,Greece,77.953163,81.39575
1125,3,1,2025-09-10,Finland,Georgia,116.12706,94.901128
1125,4,1,2025-09-10,Germany,Slovenia,103.36871,88.549403
1126,1,1,2025-09-09,Poland,Turkey,64.706437,71.972834
1126,2,1,2025-09-09,Lithuania,Greece,76.327676,58.027633
1126,3,1,2025-09-10,Finland,Georgia,84.413043,81.188583
1126,4,1,2025-09-10,Germany,Slovenia,102.18362,82.131353
1127,1,1,2025-09-09,Poland,Turkey,67.847678,106.7764
1127,2,1,2025-09-09,Lithuania,Greece,106.75363,79.226356
1127,3,1,2025-09-10,Finland,Georgia,70.877024,60.787885
1127,4,1,2025-09-10,Germany,Slovenia,110.3807,101.66071
1128,1,1,2025-09-09,Poland,Turkey,60.308312,88.508012
1128,2,1,2025-09-09,Lithuania,Greece,97.053569,83.456576
1128,3,1,2025-09-10,Finland,Georgia,103.76447,69.685297
1128,4,1,2025-09-10,Germany,Slovenia,94.133155,98.664527
1129,1,1,2025-09-09,Poland,Turkey,84.138803,76.222577
1129,2,1,2025-09-09,Lithuania,Greece,87.076648,84.756868
1129,3,1,2025-09-10,Finland,Georgia,93.426789,66.583562
1129,4,1,2025-09-10,Germany,Slovenia,102.08847,79.401964
1130,1,1,2025-09-09,Poland,Turkey,79.276472,82.703346
1130,2,1,2025-09-09,Lithuania,Greece,85.63011,80.652356
1130,3,1,2025-09-10,Finland,Georgia,115.21386,84.545832
1130,4,1,2025-09-10,Germany,Slovenia,103.1024,95.498109
1131,1,1,2025-09-09,Poland,Turkey,79.174384,73.418073
1131,2,1,2025-09-09,Lithuania,Greece,82.573922,74.802056
1131,3,1,2025-09-10,Finland,Georgia,74.31704,64.352373
1131,4,1,2025-09-10,Germany,Slovenia,80.878801,68.505196
1132,1,1,2025-09-09,Poland,Turkey,65.953594,89.588386
1132,2,1,2025-09-09,Lithuania,Greece,82.864407,55.537044
1132,3,1,2025-09-10,Finland,Georgia,90.58472,68.24614
1132,4,1,2025-09-10,Germany,Slovenia,119.50073,90.772837
1133,1,1,2025-09-09,Poland,Turkey,78.967059,83.821765
1133,2,1,2025-09-09,Lithuania,Greece,79.772441,85.014457
1133,3,1,2025-09-10,Finland,Georgia,98.449632,81.869345
1133,4,1,2025-09-10,Germany,Slovenia,113.39951,106.97759
1134,1,1,2025-09-09,Poland,Turkey,84.246856,84.44465
1134,2,1,2025-09-09,Lithuania,Greece,81.989183,79.859526
1134,3,1,2025-09-10,Finland,Georgia,94.40569,85.255748
1134,4,1,2025-09-10,Germany,Slovenia,105.01599,78.18629
1135,1,1,2025-09-09,Poland,Turkey,81.497508,84.585589
1135,2,1,2025-09-09,Lithuania,Greece,75.720992,66.970247
1135,3,1,2025-09-10,Finland,Georgia,93.472248,80.965629
1135,4,1,2025-09-10,Germany,Slovenia,111.41862,103.72503
1136,1,1,2025-09-09,Poland,Turkey,68.863526,81.686205
1136,2,1,2025-09-09,Lithuania,Greece,88.508575,53.658114
1136,3,1,2025-09-10,Finland,Georgia,94.342024,69.105404
1136,4,1,2025-09-10,Germany,Slovenia,109.73078,89.937666
1137,1,1,2025-09-09,Poland,Turkey,76.307884,95.21543
1137,2,1,2025-09-09,Lithuania,Greece,72.877974,69.660891
1137,3,1,2025-09-10,Finland,Georgia,112.60479,83.304275
1137,4,1,2025-09-10,Germany,Slovenia,108.86128,84.382541
1138,1,1,2025-09-09,Poland,Turkey,70.099303,90.195201
1138,2,1,2025-09-09,Lithuania,Greece,85.431354,78.681342
1138,3,1,2025-09-10,Finland,Georgia,102.4581,62.392227
1138,4,1,2025-09-10,Germany,Slovenia,87.727913,73.426649
1139,1,1,2025-09-09,Poland,Turkey,83.666359,88.763402
1139,2,1,2025-09-09,Lithuania,Greece,89.185756,65.418442
1139,3,1,2025-09-10,Finland,Georgia,108.2044,76.198731
1139,4,1,2025-09-10,Germany,Slovenia,108.23348,85.952495
1140,1,1,2025-09-09,Poland,Turkey,83.875602,84.872402
1140,2,1,2025-09-09,Lithuania,Greece,77.402076,82.707489
1140,3,1,2025-09-10,Finland,Georgia,80.49723,64.331227
1140,4,1,2025-09-10,Germany,Slovenia,101.74112,88.03143
1141,1,1,2025-09-09,Poland,Turkey,78.334194,65.096945
1141,2,1,2025-09-09,Lithuania,Greece,91.723086,66.146742
1141,3,1,2025-09-10,Finland,Georgia,92.76282,70.046488
1141,4,1,2025-09-10,Germany,Slovenia,108.31001,93.191447
1142,1,1,2025-09-09,Poland,Turkey,67.415583,72.895373
1142,2,1,2025-09-09,Lithuania,Greece,95.230234,71.209744
1142,3,1,2025-09-10,Finland,Georgia,98.744794,72.986971
1142,4,1,2025-09-10,Germany,Slovenia,98.027341,72.955448
1143,1,1,2025-09-09,Poland,Turkey,70.878576,84.784047
1143,2,1,2025-09-09,Lithuania,Greece,89.105268,70.137193
1143,3,1,2025-09-10,Finland,Georgia,106.53255,78.319682
1143,4,1,2025-09-10,Germany,Slovenia,91.558514,86.607875
1144,1,1,2025-09-09,Poland,Turkey,80.833505,103.56627
1144,2,1,2025-09-09,Lithuania,Greece,93.83987,83.310218
1144,3,1,2025-09-10,Finland,Georgia,109.18013,76.276827
1144,4,1,2025-09-10,Germany,Slovenia,92.53022,84.430361
1145,1,1,2025-09-09,Poland,Turkey,81.62803,84.323119
1145,2,1,2025-09-09,Lithuania,Greece,78.079668,74.39141
1145,3,1,2025-09-10,Finland,Georgia,99.286897,76.164315
1145,4,1,2025-09-10,Germany,Slovenia,99.137773,76.858843
1146,1,1,2025-09-09,Poland,Turkey,82.560515,86.926172
1146,2,1,2025-09-09,Lithuania,Greece,89.089248,75.003618
1146,3,1,2025-09-10,Finland,Georgia,111.18551,82.420534
1146,4,1,2025-09-10,Germany,Slovenia,101.54604,72.260927
1147,1,1,2025-09-09,Poland,Turkey,65.260988,69.969604
1147,2,1,2025-09-09,Lithuania,Greece,91.604877,83.727874
1147,3,1,2025-09-10,Finland,Georgia,91.965704,50.704194
1147,4,1,2025-09-10,Germany,Slovenia,103.43408,90.196292
1148,1,1,2025-09-09,Poland,Turkey,63.986052,73.434413
1148,2,1,2025-09-09,Lithuania,Greece,74.139077,83.072743
1148,3,1,2025-09-10,Finland,Georgia,98.688383,80.094749
1148,4,1,2025-09-10,Germany,Slovenia,106.34188,75.504641
1149,1,1,2025-09-09,Poland,Turkey,78.138963,79.487059
1149,2,1,2025-09-09,Lithuania,Greece,83.20583,87.671498
1149,3,1,2025-09-10,Finland,Georgia,91.364305,71.918053
1149,4,1,2025-09-10,Germany,Slovenia,83.092171,92.963724
1150,1,1,2025-09-09,Poland,Turkey,71.489903,92.810408
1150,2,1,2025-09-09,Lithuania,Greece,96.894094,68.010238
1150,3,1,2025-09-10,Finland,Georgia,99.934235,85.7025
1150,4,1,2025-09-10,Germany,Slovenia,105.50913,109.72155
1151,1,1,2025-09-09,Poland,Turkey,102.06922,82.81252
1151,2,1,2025-09-09,Lithuania,Greece,88.682603,79.24376
1151,3,1,2025-09-10,Finland,Georgia,99.164421,80.643983
1151,4,1,2025-09-10,Germany,Slovenia,92.048411,96.721556
1152,1,1,2025-09-09,Poland,Turkey,84.908414,83.292891
1152,2,1,2025-09-09,Lithuania,Greece,91.408664,76.945227
1152,3,1,2025-09-10,Finland,Georgia,77.603769,83.0562
1152,4,1,2025-09-10,Germany,Slovenia,90.024837,79.896006
1153,1,1,2025-09-09,Poland,Turkey,70.415027,87.243338
1153,2,1,2025-09-09,Lithuania,Greece,63.076602,77.111258
1153,3,1,2025-09-10,Finland,Georgia,92.723241,76.886274
1153,4,1,2025-09-10,Germany,Slovenia,91.567386,82.304715
1154,1,1,2025-09-09,Poland,Turkey,90.106055,97.594595
1154,2,1,2025-09-09,Lithuania,Greece,76.546149,62.364079
1154,3,1,2025-09-10,Finland,Georgia,83.66908,71.287133
1154,4,1,2025-09-10,Germany,Slovenia,111.11635,94.943877
1155,1,1,2025-09-09,Poland,Turkey,74.665909,90.083014
1155,2,1,2025-09-09,Lithuania,Greece,83.969765,72.3706
1155,3,1,2025-09-10,Finland,Georgia,100.50736,89.562356
1155,4,1,2025-09-10,Germany,Slovenia,99.908558,91.355977
1156,1,1,2025-09-09,Poland,Turkey,71.193966,78.75722
1156,2,1,2025-09-09,Lithuania,Greece,84.200887,58.367872
1156,3,1,2025-09-10,Finland,Georgia,108.48218,83.734165
1156,4,1,2025-09-10,Germany,Slovenia,109.8369,81.894465
1157,1,1,2025-09-09,Poland,Turkey,82.696537,69.242744
1157,2,1,2025-09-09,Lithuania,Greece,55.560215,80.918302
1157,3,1,2025-09-10,Finland,Georgia,119.88243,79.657996
1157,4,1,2025-09-10,Germany,Slovenia,99.618673,97.910871
1158,1,1,2025-09-09,Poland,Turkey,77.779327,86.181599
1158,2,1,2025-09-09,Lithuania,Greece,86.0178,79.613557
1158,3,1,2025-09-10,Finland,Georgia,90.46502,75.268557
1158,4,1,2025-09-10,Germany,Slovenia,94.497937,91.951009
1159,1,1,2025-09-09,Poland,Turkey,72.278577,74.322031
1159,2,1,2025-09-09,Lithuania,Greece,98.964292,90.82655
1159,3,1,2025-09-10,Finland,Georgia,94.609787,57.588598
1159,4,1,2025-09-10,Germany,Slovenia,107.08843,74.589367
1160,1,1,2025-09-09,Poland,Turkey,68.972049,93.202086
1160,2,1,2025-09-09,Lithuania,Greece,83.743716,83.486671
1160,3,1,2025-09-10,Finland,Georgia,77.119496,63.514227
1160,4,1,2025-09-10,Germany,Slovenia,99.755486,78.003552
1161,1,1,2025-09-09,Poland,Turkey,75.394939,100.34811
1161,2,1,2025-09-09,Lithuania,Greece,99.321738,77.917081
1161,3,1,2025-09-10,Finland,Georgia,88.92085,88.941457
1161,4,1,2025-09-10,Germany,Slovenia,111.96089,87.919504
1162,1,1,2025-09-09,Poland,Turkey,96.401739,85.541488
1162,2,1,2025-09-09,Lithuania,Greece,83.571676,67.804871
1162,3,1,2025-09-10,Finland,Georgia,91.470173,68.034675
1162,4,1,2025-09-10,Germany,Slovenia,96.861453,96.022269
1163,1,1,2025-09-09,Poland,Turkey,55.871184,96.673219
1163,2,1,2025-09-09,Lithuania,Greece,84.847307,67.901335
1163,3,1,2025-09-10,Finland,Georgia,96.933979,105.67372
1163,4,1,2025-09-10,Germany,Slovenia,92.900049,73.718041
1164,1,1,2025-09-09,Poland,Turkey,69.560934,91.977691
1164,2,1,2025-09-09,Lithuania,Greece,82.724906,80.484912
1164,3,1,2025-09-10,Finland,Georgia,71.983,77.834273
1164,4,1,2025-09-10,Germany,Slovenia,110.21451,83.932422
1165,1,1,2025-09-09,Poland,Turkey,85.294911,99.774534
1165,2,1,2025-09-09,Lithuania,Greece,105.70797,102.10541
1165,3,1,2025-09-10,Finland,Georgia,81.635876,90.263943
1165,4,1,2025-09-10,Germany,Slovenia,95.775361,68.029155
1166,1,1,2025-09-09,Poland,Turkey,72.235596,83.449084
1166,2,1,2025-09-09,Lithuania,Greece,82.898877,77.129142
1166,3,1,2025-09-10,Finland,Georgia,84.368642,86.188269
1166,4,1,2025-09-10,Germany,Slovenia,116.99957,84.499222
1167,1,1,2025-09-09,Poland,Turkey,64.512719,78.840758
1167,2,1,2025-09-09,Lithuania,Greece,70.511477,72.98904
1167,3,1,2025-09-10,Finland,Georgia,109.34905,72.866849
1167,4,1,2025-09-10,Germany,Slovenia,102.80152,88.424492
1168,1,1,2025-09-09,Poland,Turkey,68.386294,94.153137
1168,2,1,2025-09-09,Lithuania,Greece,105.98547,77.20712
1168,3,1,2025-09-10,Finland,Georgia,86.809337,81.018628
1168,4,1,2025-09-10,Germany,Slovenia,95.744499,78.479128
1169,1,1,2025-09-09,Poland,Turkey,78.286084,94.993971
1169,2,1,2025-09-09,Lithuania,Greece,74.543106,71.573648
1169,3,1,2025-09-10,Finland,Georgia,111.12752,78.954069
1169,4,1,2025-09-10,Germany,Slovenia,116.09335,73.614038
1170,1,1,2025-09-09,Poland,Turkey,86.018166,79.052265
1170,2,1,2025-09-09,Lithuania,Greece,81.563253,96.151879
1170,3,1,2025-09-10,Finland,Georgia,99.252972,80.970252
1170,4,1,2025-09-10,Germany,Slovenia,88.340626,65.615145
1171,1,1,2025-09-09,Poland,Turkey,77.754977,92.025046
1171,2,1,2025-09-09,Lithuania,Greece,63.858594,46.746797
1171,3,1,2025-09-10,Finland,Georgia,85.284949,71.216193
1171,4,1,2025-09-10,Germany,Slovenia,98.623964,81.029414
1172,1,1,2025-09-09,Poland,Turkey,73.665336,71.696396
1172,2,1,2025-09-09,Lithuania,Greece,92.199649,62.744681
1172,3,1,2025-09-10,Finland,Georgia,114.04952,56.313716
1172,4,1,2025-09-10,Germany,Slovenia,100.74071000000001,78.061063
1173,1,1,2025-09-09,Poland,Turkey,67.382284,101.10511
1173,2,1,2025-09-09,Lithuania,Greece,88.353564,79.118752
1173,3,1,2025-09-10,Finland,Georgia,90.210275,70.938365
1173,4,1,2025-09-10,Germany,Slovenia,98.601994,90.486141
1174,1,1,2025-09-09,Poland,Turkey,67.550891,89.918181
1174,2,1,2025-09-09,Lithuania,Greece,95.495967,80.868788
1174,3,1,2025-09-10,Finland,Georgia,100.94697,74.346817
1174,4,1,2025-09-10,Germany,Slovenia,95.427462,86.02706
1175,1,1,2025-09-09,Poland,Turkey,75.043795,92.435495
1175,2,1,2025-09-09,Lithuania,Greece,68.078513,76.929939
1175,3,1,2025-09-10,Finland,Georgia,84.180488,78.968559
1175,4,1,2025-09-10,Germany,Slovenia,104.73772,88.212837
1176,1,1,2025-09-09,Poland,Turkey,84.061269,98.603233
1176,2,1,2025-09-09,Lithuania,Greece,63.628929,51.520813
1176,3,1,2025-09-10,Finland,Georgia,97.47415,80.333147
1176,4,1,2025-09-10,Germany,Slovenia,101.74021,89.234206
1177,1,1,2025-09-09,Poland,Turkey,96.68065,100.05488
1177,2,1,2025-09-09,Lithuania,Greece,90.409168,73.064492
1177,3,1,2025-09-10,Finland,Georgia,93.670032,66.047046
1177,4,1,2025-09-10,Germany,Slovenia,98.0829,75.505645
1178,1,1,2025-09-09,Poland,Turkey,76.810663,93.307553
1178,2,1,2025-09-09,Lithuania,Greece,82.573915,71.211342
1178,3,1,2025-09-10,Finland,Georgia,88.568119,64.384658
1178,4,1,2025-09-10,Germany,Slovenia,91.25078,72.880796
1179,1,1,2025-09-09,Poland,Turkey,61.823243,82.389831
1179,2,1,2025-09-09,Lithuania,Greece,103.58692,68.20834
1179,3,1,2025-09-10,Finland,Georgia,100.18275,77.772429
1179,4,1,2025-09-10,Germany,Slovenia,113.63261,96.481446
1180,1,1,2025-09-09,Poland,Turkey,86.668015,108.86057
1180,2,1,2025-09-09,Lithuania,Greece,71.934688,94.446905
1180,3,1,2025-09-10,Finland,Georgia,114.74046,73.427057
1180,4,1,2025-09-10,Germany,Slovenia,105.01828,82.791999
1181,1,1,2025-09-09,Poland,Turkey,72.518518,76.019974
1181,2,1,2025-09-09,Lithuania,Greece,61.683314,98.045053
1181,3,1,2025-09-10,Finland,Georgia,92.358566,86.149771
1181,4,1,2025-09-10,Germany,Slovenia,131.21431,85.491361
1182,1,1,2025-09-09,Poland,Turkey,101.41754,109.52143
1182,2,1,2025-09-09,Lithuania,Greece,79.564525,63.913588
1182,3,1,2025-09-10,Finland,Georgia,85.995821,81.61966
1182,4,1,2025-09-10,Germany,Slovenia,102.90076,76.256371
1183,1,1,2025-09-09,Poland,Turkey,83.259521,94.72702
1183,2,1,2025-09-09,Lithuania,Greece,74.682448,75.507422
1183,3,1,2025-09-10,Finland,Georgia,87.643819,92.140993
1183,4,1,2025-09-10,Germany,Slovenia,103.89093,83.782051
1184,1,1,2025-09-09,Poland,Turkey,93.036068,111.06875
1184,2,1,2025-09-09,Lithuania,Greece,80.970207,82.850156
1184,3,1,2025-09-10,Finland,Georgia,105.00059,74.535781
1184,4,1,2025-09-10,Germany,Slovenia,114.15538,85.076587
1185,1,1,2025-09-09,Poland,Turkey,60.855824,77.66432
1185,2,1,2025-09-09,Lithuania,Greece,89.359573,75.755022
1185,3,1,2025-09-10,Finland,Georgia,99.155,60.090914
1185,4,1,2025-09-10,Germany,Slovenia,99.810283,87.119099
1186,1,1,2025-09-09,Poland,Turkey,89.658472,99.204431
1186,2,1,2025-09-09,Lithuania,Greece,91.877582,82.07977
1186,3,1,2025-09-10,Finland,Georgia,91.048421,82.548501
1186,4,1,2025-09-10,Germany,Slovenia,113.28293,85.864738
1187,1,1,2025-09-09,Poland,Turkey,76.075006,88.703293
1187,2,1,2025-09-09,Lithuania,Greece,86.800217,82.082273
1187,3,1,2025-09-10,Finland,Georgia,81.365663,55.623826
1187,4,1,2025-09-10,Germany,Slovenia,90.37021,79.679453
1188,1,1,2025-09-09,Poland,Turkey,74.591768,94.461248
1188,2,1,2025-09-09,Lithuania,Greece,96.255602,85.691434
1188,3,1,2025-09-10,Finland,Georgia,97.645023,84.851283
1188,4,1,2025-09-10,Germany,Slovenia,108.3574,86.61179
1189,1,1,2025-09-09,Poland,Turkey,76.080063,73.578905
1189,2,1,2025-09-09,Lithuania,Greece,73.123889,70.442267
1189,3,1,2025-09-10,Finland,Georgia,76.265398,60.217236
1189,4,1,2025-09-10,Germany,Slovenia,97.686861,89.270719
1190,1,1,2025-09-09,Poland,Turkey,75.512733,99.876641
1190,2,1,2025-09-09,Lithuania,Greece,87.828924,81.551734
1190,3,1,2025-09-10,Finland,Georgia,77.554491,57.940187
1190,4,1,2025-09-10,Germany,Slovenia,115.32495,98.155984
1191,1,1,2025-09-09,Poland,Turkey,66.912217,69.104715
1191,2,1,2025-09-09,Lithuania,Greece,92.768996,73.443512
1191,3,1,2025-09-10,Finland,Georgia,92.117878,66.110722
1191,4,1,2025-09-10,Germany,Slovenia,107.82637,76.02123
1192,1,1,2025-09-09,Poland,Turkey,108.32394,89.028898
1192,2,1,2025-09-09,Lithuania,Greece,82.462594,87.48895
1192,3,1,2025-09-10,Finland,Georgia,73.161015,67.935378
1192,4,1,2025-09-10,Germany,Slovenia,93.822878,110.26686
1193,1,1,2025-09-09,Poland,Turkey,90.441113,93.20346
1193,2,1,2025-09-09,Lithuania,Greece,82.845976,65.624757
1193,3,1,2025-09-10,Finland,Georgia,86.40493,67.947882
1193,4,1,2025-09-10,Germany,Slovenia,102.02984,81.083166
1194,1,1,2025-09-09,Poland,Turkey,92.775368,93.392587
1194,2,1,2025-09-09,Lithuania,Greece,92.378387,90.370413
1194,3,1,2025-09-10,Finland,Georgia,106.27172,89.716582
1194,4,1,2025-09-10,Germany,Slovenia,105.48381,82.102818
1195,1,1,2025-09-09,Poland,Turkey,77.11357,97.10611
1195,2,1,2025-09-09,Lithuania,Greece,68.678656,53.817367
1195,3,1,2025-09-10,Finland,Georgia,98.330258,63.596419
1195,4,1,2025-09-10,Germany,Slovenia,88.877372,92.900884
1196,1,1,2025-09-09,Poland,Turkey,94.849683,110.23542
1196,2,1,2025-09-09,Lithuania,Greece,83.82001,77.523998
1196,3,1,2025-09-10,Finland,Georgia,83.786652,69.364811
1196,4,1,2025-09-10,Germany,Slovenia,98.484661,71.54486
1197,1,1,2025-09-09,Poland,Turkey,77.738682,74.255636
1197,2,1,2025-09-09,Lithuania,Greece,92.760414,62.262044
1197,3,1,2025-09-10,Finland,Georgia,89.639812,68.449996
1197,4,1,2025-09-10,Germany,Slovenia,107.72669,87.998485
1198,1,1,2025-09-09,Poland,Turkey,56.898761,102.43892
1198,2,1,2025-09-09,Lithuania,Greece,84.562511,72.233494
1198,3,1,2025-09-10,Finland,Georgia,106.71173,85.212654
1198,4,1,2025-09-10,Germany,Slovenia,106.68044,67.089116
1199,1,1,2025-09-09,Poland,Turkey,69.098841,71.532013
1199,2,1,2025-09-09,Lithuania,Greece,89.397643,78.763277
1199,3,1,2025-09-10,Finland,Georgia,119.26329,70.702275
1199,4,1,2025-09-10,Germany,Slovenia,108.7095,107.48516
1200,1,1,2025-09-09,Poland,Turkey,79.384531,80.05354
1200,2,1,2025-09-09,Lithuania,Greece,75.07753,85.237292
1200,3,1,2025-09-10,Finland,Georgia,75.825292,64.115216
1200,4,1,2025-09-10,Germany,Slovenia,103.13099,92.6673
1201,1,1,2025-09-09,Poland,Turkey,87.825733,111.49096
1201,2,1,2025-09-09,Lithuania,Greece,78.374055,64.635867
1201,3,1,2025-09-10,Finland,Georgia,90.62077,51.684549
1201,4,1,2025-09-10,Germany,Slovenia,97.097713,93.739955
1202,1,1,2025-09-09,Poland,Turkey,80.994803,90.843144
1202,2,1,2025-09-09,Lithuania,Greece,110.03172000000001,67.576391
1202,3,1,2025-09-10,Finland,Georgia,96.592271,66.670511
1202,4,1,2025-09-10,Germany,Slovenia,99.55402,85.187603
1203,1,1,2025-09-09,Poland,Turkey,82.49985,94.595083
1203,2,1,2025-09-09,Lithuania,Greece,81.969143,85.132298
1203,3,1,2025-09-10,Finland,Georgia,103.95402,107.80151
1203,4,1,2025-09-10,Germany,Slovenia,98.640179,97.875994
1204,1,1,2025-09-09,Poland,Turkey,80.90182,83.888384
1204,2,1,2025-09-09,Lithuania,Greece,98.861148,77.630529
1204,3,1,2025-09-10,Finland,Georgia,88.009542,68.766996
1204,4,1,2025-09-10,Germany,Slovenia,94.233684,84.54643
1205,1,1,2025-09-09,Poland,Turkey,83.2382,87.595978
1205,2,1,2025-09-09,Lithuania,Greece,95.509286,94.026375
1205,3,1,2025-09-10,Finland,Georgia,78.096483,67.471504
1205,4,1,2025-09-10,Germany,Slovenia,110.54821,87.865833
1206,1,1,2025-09-09,Poland,Turkey,72.295171,71.03864
1206,2,1,2025-09-09,Lithuania,Greece,94.30528,74.303416
1206,3,1,2025-09-10,Finland,Georgia,93.790246,61.614651
1206,4,1,2025-09-10,Germany,Slovenia,97.409073,88.891949
1207,1,1,2025-09-09,Poland,Turkey,79.21678,86.477464
1207,2,1,2025-09-09,Lithuania,Greece,89.714865,81.459773
1207,3,1,2025-09-10,Finland,Georgia,105.33902,70.902399
1207,4,1,2025-09-10,Germany,Slovenia,107.23767,91.884613
1208,1,1,2025-09-09,Poland,Turkey,86.032104,90.496377
1208,2,1,2025-09-09,Lithuania,Greece,101.84698,75.43497
1208,3,1,2025-09-10,Finland,Georgia,90.688741,78.815369
1208,4,1,2025-09-10,Germany,Slovenia,98.026449,86.209266
1209,1,1,2025-09-09,Poland,Turkey,59.858424,78.762331
1209,2,1,2025-09-09,Lithuania,Greece,85.14698,66.667621
1209,3,1,2025-09-10,Finland,Georgia,85.099934,59.641614
1209,4,1,2025-09-10,Germany,Slovenia,99.704594,83.46619
1210,1,1,2025-09-09,Poland,Turkey,88.040799,72.211418
1210,2,1,2025-09-09,Lithuania,Greece,78.660824,86.179213
1210,3,1,2025-09-10,Finland,Georgia,111.72085,76.521226
1210,4,1,2025-09-10,Germany,Slovenia,104.45259,75.653657
1211,1,1,2025-09-09,Poland,Turkey,76.552301,81.388827
1211,2,1,2025-09-09,Lithuania,Greece,90.674984,62.669227
1211,3,1,2025-09-10,Finland,Georgia,107.10744,91.867177
1211,4,1,2025-09-10,Germany,Slovenia,108.88151,73.749705
1212,1,1,2025-09-09,Poland,Turkey,79.932337,110.56413
1212,2,1,2025-09-09,Lithuania,Greece,86.564955,81.298168
1212,3,1,2025-09-10,Finland,Georgia,101.41625,82.353431
1212,4,1,2025-09-10,Germany,Slovenia,106.40706,102.89044
1213,1,1,2025-09-09,Poland,Turkey,90.435929,74.529744
1213,2,1,2025-09-09,Lithuania,Greece,89.569848,89.20843
1213,3,1,2025-09-10,Finland,Georgia,100.67597,101.89249
1213,4,1,2025-09-10,Germany,Slovenia,79.895847,78.126836
1214,1,1,2025-09-09,Poland,Turkey,63.4809,86.480264
1214,2,1,2025-09-09,Lithuania,Greece,79.838001,73.173974
1214,3,1,2025-09-10,Finland,Georgia,96.021447,69.243897
1214,4,1,2025-09-10,Germany,Slovenia,92.932939,83.400848
1215,1,1,2025-09-09,Poland,Turkey,75.574519,79.406228
1215,2,1,2025-09-09,Lithuania,Greece,80.3866,68.398706
1215,3,1,2025-09-10,Finland,Georgia,104.30701,83.754963
1215,4,1,2025-09-10,Germany,Slovenia,84.334445,74.888431
1216,1,1,2025-09-09,Poland,Turkey,67.096994,94.238716
1216,2,1,2025-09-09,Lithuania,Greece,76.772723,86.453602
1216,3,1,2025-09-10,Finland,Georgia,104.81696,73.77906
1216,4,1,2025-09-10,Germany,Slovenia,116.9222,88.988222
1217,1,1,2025-09-09,Poland,Turkey,66.85691,72.706045
1217,2,1,2025-09-09,Lithuania,Greece,81.34975,72.932189
1217,3,1,2025-09-10,Finland,Georgia,95.371657,79.32085
1217,4,1,2025-09-10,Germany,Slovenia,82.705712,74.576395
1218,1,1,2025-09-09,Poland,Turkey,76.364354,75.869967
1218,2,1,2025-09-09,Lithuania,Greece,72.882871,70.512952
1218,3,1,2025-09-10,Finland,Georgia,92.979095,69.11156
1218,4,1,2025-09-10,Germany,Slovenia,102.71417,86.562528
1219,1,1,2025-09-09,Poland,Turkey,73.158151,96.095642
1219,2,1,2025-09-09,Lithuania,Greece,86.788765,90.860895
1219,3,1,2025-09-10,Finland,Georgia,112.9544,68.498377
1219,4,1,2025-09-10,Germany,Slovenia,101.92887,82.528957
1220,1,1,2025-09-09,Poland,Turkey,98.36125,81.457903
1220,2,1,2025-09-09,Lithuania,Greece,84.285662,63.492895
1220,3,1,2025-09-10,Finland,Georgia,85.704418,78.623444
1220,4,1,2025-09-10,Germany,Slovenia,114.48956,100.49858
1221,1,1,2025-09-09,Poland,Turkey,65.606184,99.916492
1221,2,1,2025-09-09,Lithuania,Greece,70.179808,65.997529
1221,3,1,2025-09-10,Finland,Georgia,89.862443,78.465032
1221,4,1,2025-09-10,Germany,Slovenia,104.89087,69.567643
1222,1,1,2025-09-09,Poland,Turkey,94.819364,100.34024
1222,2,1,2025-09-09,Lithuania,Greece,74.937434,72.693576
1222,3,1,2025-09-10,Finland,Georgia,91.391315,85.343048
1222,4,1,2025-09-10,Germany,Slovenia,88.897154,80.637747
1223,1,1,2025-09-09,Poland,Turkey,75.134224,79.48043
1223,2,1,2025-09-09,Lithuania,Greece,88.55604,76.199969
1223,3,1,2025-09-10,Finland,Georgia,106.07898,78.49734
1223,4,1,2025-09-10,Germany,Slovenia,104.32703,97.196554
1224,1,1,2025-09-09,Poland,Turkey,77.716288,71.506118
1224,2,1,2025-09-09,Lithuania,Greece,78.086722,91.784221
1224,3,1,2025-09-10,Finland,Georgia,68.030505,51.991892
1224,4,1,2025-09-10,Germany,Slovenia,96.050885,107.91144
1225,1,1,2025-09-09,Poland,Turkey,95.800343,87.835086
1225,2,1,2025-09-09,Lithuania,Greece,105.62698,76.048635
1225,3,1,2025-09-10,Finland,Georgia,74.575691,81.439271
1225,4,1,2025-09-10,Germany,Slovenia,111.38665,80.038234
1226,1,1,2025-09-09,Poland,Turkey,80.659895,88.681162
1226,2,1,2025-09-09,Lithuania,Greece,77.6182,59.256386
1226,3,1,2025-09-10,Finland,Georgia,68.258912,80.502123
1226,4,1,2025-09-10,Germany,Slovenia,103.61811,82.418771
1227,1,1,2025-09-09,Poland,Turkey,76.87832,86.189281
1227,2,1,2025-09-09,Lithuania,Greece,77.609018,89.018567
1227,3,1,2025-09-10,Finland,Georgia,82.947829,75.187002
1227,4,1,2025-09-10,Germany,Slovenia,104.91638,89.673112
1228,1,1,2025-09-09,Poland,Turkey,84.133833,59.261704
1228,2,1,2025-09-09,Lithuania,Greece,90.729767,70.854539
1228,3,1,2025-09-10,Finland,Georgia,126.53876,90.859648000000007
1228,4,1,2025-09-10,Germany,Slovenia,102.53689,76.894062
1229,1,1,2025-09-09,Poland,Turkey,91.214445,103.27767
1229,2,1,2025-09-09,Lithuania,Greece,95.379579,88.702428
1229,3,1,2025-09-10,Finland,Georgia,92.308135,57.732018
1229,4,1,2025-09-10,Germany,Slovenia,96.284112,82.030563
1230,1,1,2025-09-09,Poland,Turkey,99.720781,100.3372
1230,2,1,2025-09-09,Lithuania,Greece,66.274529,59.037937
1230,3,1,2025-09-10,Finland,Georgia,87.446469,81.846031
1230,4,1,2025-09-10,Germany,Slovenia,101.76717,66.620234
1231,1,1,2025-09-09,Poland,Turkey,83.523197,91.881605
1231,2,1,2025-09-09,Lithuania,Greece,71.189292,98.959944
1231,3,1,2025-09-10,Finland,Georgia,93.921704,68.44368
1231,4,1,2025-09-10,Germany,Slovenia,102.25747,122.5171
1232,1,1,2025-09-09,Poland,Turkey,80.720418,82.560328
1232,2,1,2025-09-09,Lithuania,Greece,85.41189,75.68566
1232,3,1,2025-09-10,Finland,Georgia,89.284661,72.883521
1232,4,1,2025-09-10,Germany,Slovenia,97.630942,96.849692
1233,1,1,2025-09-09,Poland,Turkey,71.880555,93.056174
1233,2,1,2025-09-09,Lithuania,Greece,83.08977,78.441216
1233,3,1,2025-09-10,Finland,Georgia,107.67676,77.109317
1233,4,1,2025-09-10,Germany,Slovenia,99.084411,105.35544
1234,1,1,2025-09-09,Poland,Turkey,85.109307,94.336583
1234,2,1,2025-09-09,Lithuania,Greece,97.531869,85.576706
1234,3,1,2025-09-10,Finland,Georgia,98.915841,81.553351
1234,4,1,2025-09-10,Germany,Slovenia,81.897962,86.72914
1235,1,1,2025-09-09,Poland,Turkey,75.766592,83.760753
1235,2,1,2025-09-09,Lithuania,Greece,75.196522,84.907728
1235,3,1,2025-09-10,Finland,Georgia,83.066016,51.690731
1235,4,1,2025-09-10,Germany,Slovenia,99.377918,82.090911
1236,1,1,2025-09-09,Poland,Turkey,63.009519,87.288582
1236,2,1,2025-09-09,Lithuania,Greece,89.954262,69.821375
1236,3,1,2025-09-10,Finland,Georgia,100.07635,78.13157
1236,4,1,2025-09-10,Germany,Slovenia,110.68037,70.237017
1237,1,1,2025-09-09,Poland,Turkey,91.791489,56.302004
1237,2,1,2025-09-09,Lithuania,Greece,90.671108,81.479796
1237,3,1,2025-09-10,Finland,Georgia,99.885211,93.451868
1237,4,1,2025-09-10,Germany,Slovenia,101.68347,102.25284
1238,1,1,2025-09-09,Poland,Turkey,73.741165,79.353754
1238,2,1,2025-09-09,Lithuania,Greece,61.710837,77.128953
1238,3,1,2025-09-10,Finland,Georgia,94.455777,73.369895
1238,4,1,2025-09-10,Germany,Slovenia,98.296084,66.272902
1239,1,1,2025-09-09,Poland,Turkey,73.689789,85.384671
1239,2,1,2025-09-09,Lithuania,Greece,90.709953,76.97943
1239,3,1,2025-09-10,Finland,Georgia,96.504792,69.911584
1239,4,1,2025-09-10,Germany,Slovenia,109.96153,84.928176
1240,1,1,2025-09-09,Poland,Turkey,73.185486,91.199927
1240,2,1,2025-09-09,Lithuania,Greece,75.766509,84.911275
1240,3,1,2025-09-10,Finland,Georgia,101.30874,88.014593
1240,4,1,2025-09-10,Germany,Slovenia,114.10444,80.513019
1241,1,1,2025-09-09,Poland,Turkey,80.306661,93.002642
1241,2,1,2025-09-09,Lithuania,Greece,88.267922,80.113457
1241,3,1,2025-09-10,Finland,Georgia,119.72895,87.301197
1241,4,1,2025-09-10,Germany,Slovenia,112.88664,93.810003
1242,1,1,2025-09-09,Poland,Turkey,76.309665,87.738861
1242,2,1,2025-09-09,Lithuania,Greece,91.66861,69.84525
1242,3,1,2025-09-10,Finland,Georgia,87.797677,68.19688
1242,4,1,2025-09-10,Germany,Slovenia,89.999112,66.748942
1243,1,1,2025-09-09,Poland,Turkey,85.394046,94.951556
1243,2,1,2025-09-09,Lithuania,Greece,95.158928,86.067875
1243,3,1,2025-09-10,Finland,Georgia,91.307371,68.66866
1243,4,1,2025-09-10,Germany,Slovenia,118.58346,88.088471
1244,1,1,2025-09-09,Poland,Turkey,67.385159,90.331544
1244,2,1,2025-09-09,Lithuania,Greece,80.726051,72.342597
1244,3,1,2025-09-10,Finland,Georgia,82.392624,62.199402
1244,4,1,2025-09-10,Germany,Slovenia,108.88398,85.06523
1245,1,1,2025-09-09,Poland,Turkey,82.719808,91.369045
1245,2,1,2025-09-09,Lithuania,Greece,86.880964,90.453722
1245,3,1,2025-09-10,Finland,Georgia,91.986547,85.953719
1245,4,1,2025-09-10,Germany,Slovenia,91.535222,87.918379
1246,1,1,2025-09-09,Poland,Turkey,76.58903,89.97575
1246,2,1,2025-09-09,Lithuania,Greece,85.031891,74.50152
1246,3,1,2025-09-10,Finland,Georgia,101.92852,64.962002
1246,4,1,2025-09-10,Germany,Slovenia,117.04699,106.96694
1247,1,1,2025-09-09,Poland,Turkey,78.986609,95.096287
1247,2,1,2025-09-09,Lithuania,Greece,91.270534,90.056671
1247,3,1,2025-09-10,Finland,Georgia,110.84767,87.904218
1247,4,1,2025-09-10,Germany,Slovenia,86.23802,75.463789
1248,1,1,2025-09-09,Poland,Turkey,42.203456,66.927488
1248,2,1,2025-09-09,Lithuania,Greece,72.820146,78.979179
1248,3,1,2025-09-10,Finland,Georgia,87.57243,88.641923
1248,4,1,2025-09-10,Germany,Slovenia,101.59706,88.888458
1249,1,1,2025-09-09,Poland,Turkey,83.710824,82.493546
1249,2,1,2025-09-09,Lithuania,Greece,104.84532,77.314591
1249,3,1,2025-09-10,Finland,Georgia,96.047857,61.852996
1249,4,1,2025-09-10,Germany,Slovenia,93.324874,84.073943
1250,1,1,2025-09-09,Poland,Turkey,74.27914,81.743641
1250,2,1,2025-09-09,Lithuania,Greece,82.45421,77.710133
1250,3,1,2025-09-10,Finland,Georgia,91.092533,65.967872
1250,4,1,2025-09-10,Germany,Slovenia,98.865859,95.160684
1251,1,1,2025-09-09,Poland,Turkey,71.285825,74.377585
1251,2,1,2025-09-09,Lithuania,Greece,91.63834,74.176244
1251,3,1,2025-09-10,Finland,Georgia,119.69424,82.970839
1251,4,1,2025-09-10,Germany,Slovenia,109.33414,83.49893
1252,1,1,2025-09-09,Poland,Turkey,77.323545,89.313544
1252,2,1,2025-09-09,Lithuania,Greece,80.014955,85.884454
1252,3,1,2025-09-10,Finland,Georgia,102.14802,67.818332
1252,4,1,2025-09-10,Germany,Slovenia,112.53277,96.734897
1253,1,1,2025-09-09,Poland,Turkey,77.585589,108.80443
1253,2,1,2025-09-09,Lithuania,Greece,80.702978,79.665362
1253,3,1,2025-09-10,Finland,Georgia,99.665001,73.849424
1253,4,1,2025-09-10,Germany,Slovenia,113.08913,90.36082
1254,1,1,2025-09-09,Poland,Turkey,67.078838,88.911993
1254,2,1,2025-09-09,Lithuania,Greece,82.725664,84.53831
1254,3,1,2025-09-10,Finland,Georgia,83.986596,82.559447
1254,4,1,2025-09-10,Germany,Slovenia,114.11992,87.42163
1255,1,1,2025-09-09,Poland,Turkey,76.218416,82.452585
1255,2,1,2025-09-09,Lithuania,Greece,72.137327,49.863418
1255,3,1,2025-09-10,Finland,Georgia,100.53706,79.951595
1255,4,1,2025-09-10,Germany,Slovenia,110.13931,92.238931
1256,1,1,2025-09-09,Poland,Turkey,80.480655,100.95084
1256,2,1,2025-09-09,Lithuania,Greece,85.828754,75.226215
1256,3,1,2025-09-10,Finland,Georgia,73.302917,83.540609
1256,4,1,2025-09-10,Germany,Slovenia,109.5527,62.469749
1257,1,1,2025-09-09,Poland,Turkey,76.262892,108.07747
1257,2,1,2025-09-09,Lithuania,Greece,79.155713,67.708558
1257,3,1,2025-09-10,Finland,Georgia,82.081756,64.42932
1257,4,1,2025-09-10,Germany,Slovenia,96.840871,89.653348
1258,1,1,2025-09-09,Poland,Turkey,60.068768,101.61362
1258,2,1,2025-09-09,Lithuania,Greece,80.870148,82.592107
1258,3,1,2025-09-10,Finland,Georgia,102.16063,63.684145
1258,4,1,2025-09-10,Germany,Slovenia,105.01388,103.57877
1259,1,1,2025-09-09,Poland,Turkey,78.689024,82.283941
1259,2,1,2025-09-09,Lithuania,Greece,72.493995,78.737141
1259,3,1,2025-09-10,Finland,Georgia,105.12394,80.400488
1259,4,1,2025-09-10,Germany,Slovenia,88.949835,81.938767
1260,1,1,2025-09-09,Poland,Turkey,79.720259,122.83859
1260,2,1,2025-09-09,Lithuania,Greece,91.786277,79.106717
1260,3,1,2025-09-10,Finland,Georgia,93.961395,78.669971
1260,4,1,2025-09-10,Germany,Slovenia,87.354828,79.911273
1261,1,1,2025-09-09,Poland,Turkey,84.338359,94.049729
1261,2,1,2025-09-09,Lithuania,Greece,79.490831,78.398654
1261,3,1,2025-09-10,Finland,Georgia,80.923814,68.495623
1261,4,1,2025-09-10,Germany,Slovenia,107.21368,84.076202
1262,1,1,2025-09-09,Poland,Turkey,74.089297,86.382195
1262,2,1,2025-09-09,Lithuania,Greece,87.246929,70.842223
1262,3,1,2025-09-10,Finland,Georgia,86.911561,73.309739
1262,4,1,2025-09-10,Germany,Slovenia,98.178544,89.071281
1263,1,1,2025-09-09,Poland,Turkey,76.25814,80.542492
1263,2,1,2025-09-09,Lithuania,Greece,78.427401,73.660427
1263,3,1,2025-09-10,Finland,Georgia,78.710996,71.566552
1263,4,1,2025-09-10,Germany,Slovenia,86.882372,83.712834
1264,1,1,2025-09-09,Poland,Turkey,72.409615,91.751599
1264,2,1,2025-09-09,Lithuania,Greece,67.774116,77.175233
1264,3,1,2025-09-10,Finland,Georgia,102.26592,56.244396
1264,4,1,2025-09-10,Germany,Slovenia,98.46374,76.736259
1265,1,1,2025-09-09,Poland,Turkey,96.202569,80.70092
1265,2,1,2025-09-09,Lithuania,Greece,88.138294,74.794678
1265,3,1,2025-09-10,Finland,Georgia,102.42832,67.098931
1265,4,1,2025-09-10,Germany,Slovenia,116.17238,92.164623
1266,1,1,2025-09-09,Poland,Turkey,57.461441,88.630737
1266,2,1,2025-09-09,Lithuania,Greece,70.62217,77.132977
1266,3,1,2025-09-10,Finland,Georgia,109.30317,94.341773
1266,4,1,2025-09-10,Germany,Slovenia,78.154491,80.377324
1267,1,1,2025-09-09,Poland,Turkey,79.003531,94.051697
1267,2,1,2025-09-09,Lithuania,Greece,79.868317,66.50213
1267,3,1,2025-09-10,Finland,Georgia,91.839272,81.30359
1267,4,1,2025-09-10,Germany,Slovenia,98.162131,75.617465
1268,1,1,2025-09-09,Poland,Turkey,76.627829,89.165922
1268,2,1,2025-09-09,Lithuania,Greece,79.890121,66.741695000000007
1268,3,1,2025-09-10,Finland,Georgia,106.13956,67.098515
1268,4,1,2025-09-10,Germany,Slovenia,105.86653,75.187776
1269,1,1,2025-09-09,Poland,Turkey,75.999374,72.189547
1269,2,1,2025-09-09,Lithuania,Greece,96.641436,99.852104
1269,3,1,2025-09-10,Finland,Georgia,108.64841,83.337323
1269,4,1,2025-09-10,Germany,Slovenia,102.24645,66.705735
1270,1,1,2025-09-09,Poland,Turkey,64.572089,94.847365
1270,2,1,2025-09-09,Lithuania,Greece,92.664415,81.74524
1270,3,1,2025-09-10,Finland,Georgia,102.72274,84.544962
1270,4,1,2025-09-10,Germany,Slovenia,93.989216,64.830344
1271,1,1,2025-09-09,Poland,Turkey,82.165202,81.613852
1271,2,1,2025-09-09,Lithuania,Greece,92.45453,76.744676
1271,3,1,2025-09-10,Finland,Georgia,108.7794,86.71918
1271,4,1,2025-09-10,Germany,Slovenia,101.05578,88.33372
1272,1,1,2025-09-09,Poland,Turkey,68.692656,92.716004
1272,2,1,2025-09-09,Lithuania,Greece,86.701473,76.881262
1272,3,1,2025-09-10,Finland,Georgia,105.2409,95.980662
1272,4,1,2025-09-10,Germany,Slovenia,109.50271,87.441294
1273,1,1,2025-09-09,Poland,Turkey,85.743681,89.617187
1273,2,1,2025-09-09,Lithuania,Greece,92.910667,70.386557
1273,3,1,2025-09-10,Finland,Georgia,89.844059,90.705354
1273,4,1,2025-09-10,Germany,Slovenia,81.531526,73.220776
1274,1,1,2025-09-09,Poland,Turkey,66.171989,100.89913
1274,2,1,2025-09-09,Lithuania,Greece,90.771135,87.101156
1274,3,1,2025-09-10,Finland,Georgia,99.635248,64.578115
1274,4,1,2025-09-10,Germany,Slovenia,99.717951,86.1374
1275,1,1,2025-09-09,Poland,Turkey,76.996312,92.422696
1275,2,1,2025-09-09,Lithuania,Greece,79.874355,70.867545
1275,3,1,2025-09-10,Finland,Georgia,95.969809,76.980102
1275,4,1,2025-09-10,Germany,Slovenia,97.904969,85.534199
1276,1,1,2025-09-09,Poland,Turkey,89.461309,101.3676
1276,2,1,2025-09-09,Lithuania,Greece,81.884529,90.459501
1276,3,1,2025-09-10,Finland,Georgia,97.831595,94.129149
1276,4,1,2025-09-10,Germany,Slovenia,107.03973,81.103611
1277,1,1,2025-09-09,Poland,Turkey,70.517337,82.572711
1277,2,1,2025-09-09,Lithuania,Greece,98.236696,78.67688
1277,3,1,2025-09-10,Finland,Georgia,87.735601,72.283841
1277,4,1,2025-09-10,Germany,Slovenia,105.63227,76.651248
1278,1,1,2025-09-09,Poland,Turkey,73.503507,82.584076
1278,2,1,2025-09-09,Lithuania,Greece,77.033077,93.832719
1278,3,1,2025-09-10,Finland,Georgia,100.62286,77.390451
1278,4,1,2025-09-10,Germany,Slovenia,106.04268,89.533787
1279,1,1,2025-09-09,Poland,Turkey,67.21787,90.965132
1279,2,1,2025-09-09,Lithuania,Greece,99.673945,93.71231
1279,3,1,2025-09-10,Finland,Georgia,90.98345,79.799319
1279,4,1,2025-09-10,Germany,Slovenia,100.8791,92.541889
1280,1,1,2025-09-09,Poland,Turkey,79.230399,86.566109
1280,2,1,2025-09-09,Lithuania,Greece,85.505871,86.900896
1280,3,1,2025-09-10,Finland,Georgia,99.77988,90.675245
1280,4,1,2025-09-10,Germany,Slovenia,85.997564,87.012797
1281,1,1,2025-09-09,Poland,Turkey,79.05914,83.908249
1281,2,1,2025-09-09,Lithuania,Greece,95.672197,91.573955
1281,3,1,2025-09-10,Finland,Georgia,86.649076,81.729146
1281,4,1,2025-09-10,Germany,Slovenia,92.672876,72.200732
1282,1,1,2025-09-09,Poland,Turkey,69.074854,76.088242
1282,2,1,2025-09-09,Lithuania,Greece,80.219021,75.395756
1282,3,1,2025-09-10,Finland,Georgia,114.99738,86.272634
1282,4,1,2025-09-10,Germany,Slovenia,78.225737,83.67847
1283,1,1,2025-09-09,Poland,Turkey,62.270755,85.4244
1283,2,1,2025-09-09,Lithuania,Greece,80.075169,78.613282
1283,3,1,2025-09-10,Finland,Georgia,93.351125,62.495159
1283,4,1,2025-09-10,Germany,Slovenia,110.2991,81.855909
1284,1,1,2025-09-09,Poland,Turkey,74.124914,95.236309
1284,2,1,2025-09-09,Lithuania,Greece,98.517828,88.69151
1284,3,1,2025-09-10,Finland,Georgia,116.09622,66.279589
1284,4,1,2025-09-10,Germany,Slovenia,110.82515,95.791812
1285,1,1,2025-09-09,Poland,Turkey,79.355706,88.487747
1285,2,1,2025-09-09,Lithuania,Greece,102.62561,70.633099
1285,3,1,2025-09-10,Finland,Georgia,102.46078,90.259073
1285,4,1,2025-09-10,Germany,Slovenia,107.40819,91.246163
1286,1,1,2025-09-09,Poland,Turkey,67.622348,97.579149
1286,2,1,2025-09-09,Lithuania,Greece,73.43157,66.534773
1286,3,1,2025-09-10,Finland,Georgia,111.12576,72.168185
1286,4,1,2025-09-10,Germany,Slovenia,89.617904,95.735733
1287,1,1,2025-09-09,Poland,Turkey,100.97522,82.231175
1287,2,1,2025-09-09,Lithuania,Greece,82.566767,88.916262
1287,3,1,2025-09-10,Finland,Georgia,107.96139,90.210938
1287,4,1,2025-09-10,Germany,Slovenia,77.841232,82.327466
1288,1,1,2025-09-09,Poland,Turkey,76.780141,114.59075
1288,2,1,2025-09-09,Lithuania,Greece,82.965356,83.57168
1288,3,1,2025-09-10,Finland,Georgia,109.61538,72.432149
1288,4,1,2025-09-10,Germany,Slovenia,86.686614,80.279612
1289,1,1,2025-09-09,Poland,Turkey,79.323484,97.09902
1289,2,1,2025-09-09,Lithuania,Greece,84.224717,69.85246
1289,3,1,2025-09-10,Finland,Georgia,112.63888,88.375284
1289,4,1,2025-09-10,Germany,Slovenia,109.71895,72.519533
1290,1,1,2025-09-09,Poland,Turkey,81.54642,63.002735
1290,2,1,2025-09-09,Lithuania,Greece,95.093092,63.878994
1290,3,1,2025-09-10,Finland,Georgia,85.494614,62.501415
1290,4,1,2025-09-10,Germany,Slovenia,115.83344,84.504898
1291,1,1,2025-09-09,Poland,Turkey,100.04843,82.234119
1291,2,1,2025-09-09,Lithuania,Greece,79.973067,82.874883
1291,3,1,2025-09-10,Finland,Georgia,93.206607,84.316354
1291,4,1,2025-09-10,Germany,Slovenia,94.710724,66.185796
1292,1,1,2025-09-09,Poland,Turkey,71.612085,79.50259
1292,2,1,2025-09-09,Lithuania,Greece,80.165193,83.140594
1292,3,1,2025-09-10,Finland,Georgia,92.372654,86.047527
1292,4,1,2025-09-10,Germany,Slovenia,118.63862,80.175208
1293,1,1,2025-09-09,Poland,Turkey,87.974202,79.615198
1293,2,1,2025-09-09,Lithuania,Greece,69.631526,90.815469
1293,3,1,2025-09-10,Finland,Georgia,86.007386,67.33561
1293,4,1,2025-09-10,Germany,Slovenia,99.879006,82.404267
1294,1,1,2025-09-09,Poland,Turkey,63.667981,82.174439
1294,2,1,2025-09-09,Lithuania,Greece,81.738895,86.538464
1294,3,1,2025-09-10,Finland,Georgia,108.50406,74.670215
1294,4,1,2025-09-10,Germany,Slovenia,122.59463,85.939976
1295,1,1,2025-09-09,Poland,Turkey,83.554797,111.67751
1295,2,1,2025-09-09,Lithuania,Greece,86.095414,75.992643
1295,3,1,2025-09-10,Finland,Georgia,99.380762,63.689559
1295,4,1,2025-09-10,Germany,Slovenia,90.351286,97.597543
1296,1,1,2025-09-09,Poland,Turkey,76.768703,75.316037
1296,2,1,2025-09-09,Lithuania,Greece,73.779879,72.481876
1296,3,1,2025-09-10,Finland,Georgia,86.334648,88.002358
1296,4,1,2025-09-10,Germany,Slovenia,94.801837,94.245251
1297,1,1,2025-09-09,Poland,Turkey,78.409691,92.035285
1297,2,1,2025-09-09,Lithuania,Greece,78.7287,89.436125
1297,3,1,2025-09-10,Finland,Georgia,94.870762,83.078164
1297,4,1,2025-09-10,Germany,Slovenia,101.67178,82.561368
1298,1,1,2025-09-09,Poland,Turkey,56.576198,75.904812
1298,2,1,2025-09-09,Lithuania,Greece,90.051451,66.701487
1298,3,1,2025-09-10,Finland,Georgia,92.904658,84.148914
1298,4,1,2025-09-10,Germany,Slovenia,111.28812,87.665786
1299,1,1,2025-09-09,Poland,Turkey,78.364937,84.874212
1299,2,1,2025-09-09,Lithuania,Greece,77.334789,84.277021
1299,3,1,2025-09-10,Finland,Georgia,89.017911,62.731021
1299,4,1,2025-09-10,Germany,Slovenia,114.08551,87.431053
1300,1,1,2025-09-09,Poland,Turkey,82.275992,90.282127
1300,2,1,2025-09-09,Lithuania,Greece,90.937704,83.684262
1300,3,1,2025-09-10,Finland,Georgia,95.153587,88.70091
1300,4,1,2025-09-10,Germany,Slovenia,108.93408,84.965859
1301,1,1,2025-09-09,Poland,Turkey,78.234958,84.82303
1301,2,1,2025-09-09,Lithuania,Greece,84.262234,71.309988
1301,3,1,2025-09-10,Finland,Georgia,78.216056,52.014862
1301,4,1,2025-09-10,Germany,Slovenia,100.95918,83.68636
1302,1,1,2025-09-09,Poland,Turkey,50.727853,81.553965
1302,2,1,2025-09-09,Lithuania,Greece,82.790127,72.514978
1302,3,1,2025-09-10,Finland,Georgia,87.445662,90.579372
1302,4,1,2025-09-10,Germany,Slovenia,122.20978,94.624684
1303,1,1,2025-09-09,Poland,Turkey,63.878185,83.97351
1303,2,1,2025-09-09,Lithuania,Greece,81.30691,64.288019
1303,3,1,2025-09-10,Finland,Georgia,80.442292,53.6024
1303,4,1,2025-09-10,Germany,Slovenia,99.019246,72.797215
1304,1,1,2025-09-09,Poland,Turkey,92.156235,85.798808
1304,2,1,2025-09-09,Lithuania,Greece,93.556558,93.540436
1304,3,1,2025-09-10,Finland,Georgia,101.50815,76.097748
1304,4,1,2025-09-10,Germany,Slovenia,89.582545,79.298281
1305,1,1,2025-09-09,Poland,Turkey,67.937031,85.04272
1305,2,1,2025-09-09,Lithuania,Greece,76.632426,70.03474
1305,3,1,2025-09-10,Finland,Georgia,87.113433,69.857848
1305,4,1,2025-09-10,Germany,Slovenia,103.15856,81.293927
1306,1,1,2025-09-09,Poland,Turkey,95.943958,91.754648
1306,2,1,2025-09-09,Lithuania,Greece,106.8124,88.681638
1306,3,1,2025-09-10,Finland,Georgia,101.89497,70.889567
1306,4,1,2025-09-10,Germany,Slovenia,103.78571,85.782781
1307,1,1,2025-09-09,Poland,Turkey,52.40857,82.743552
1307,2,1,2025-09-09,Lithuania,Greece,79.39181,88.988237
1307,3,1,2025-09-10,Finland,Georgia,92.08389,88.5061
1307,4,1,2025-09-10,Germany,Slovenia,105.25976,96.649691
1308,1,1,2025-09-09,Poland,Turkey,67.98892,72.979391
1308,2,1,2025-09-09,Lithuania,Greece,107.58403,76.268458999999993
1308,3,1,2025-09-10,Finland,Georgia,78.284131,64.687379
1308,4,1,2025-09-10,Germany,Slovenia,115.77796,94.034016
1309,1,1,2025-09-09,Poland,Turkey,65.215856,75.654189
1309,2,1,2025-09-09,Lithuania,Greece,77.732186,69.383349
1309,3,1,2025-09-10,Finland,Georgia,112.88371,56.39684
1309,4,1,2025-09-10,Germany,Slovenia,110.86784,78.76384
1310,1,1,2025-09-09,Poland,Turkey,96.636913,89.811739
1310,2,1,2025-09-09,Lithuania,Greece,91.150272,76.182409
1310,3,1,2025-09-10,Finland,Georgia,89.505378,85.495589
1310,4,1,2025-09-10,Germany,Slovenia,95.572631,80.783067
1311,1,1,2025-09-09,Poland,Turkey,101.11631,100.60344
1311,2,1,2025-09-09,Lithuania,Greece,87.02937,86.890336
1311,3,1,2025-09-10,Finland,Georgia,84.204865,71.932176
1311,4,1,2025-09-10,Germany,Slovenia,112.23305,82.989677
1312,1,1,2025-09-09,Poland,Turkey,79.699998,84.598688
1312,2,1,2025-09-09,Lithuania,Greece,108.95989,89.969454
1312,3,1,2025-09-10,Finland,Georgia,89.528692,90.34632
1312,4,1,2025-09-10,Germany,Slovenia,93.514328,90.117766
1313,1,1,2025-09-09,Poland,Turkey,80.233436,75.208084
1313,2,1,2025-09-09,Lithuania,Greece,97.630264,84.541662
1313,3,1,2025-09-10,Finland,Georgia,95.96587,85.45762
1313,4,1,2025-09-10,Germany,Slovenia,101.60886,84.385055
1314,1,1,2025-09-09,Poland,Turkey,71.818166,87.709784
1314,2,1,2025-09-09,Lithuania,Greece,94.78302,74.506864
1314,3,1,2025-09-10,Finland,Georgia,89.345598,63.459521
1314,4,1,2025-09-10,Germany,Slovenia,89.744944,73.421035
1315,1,1,2025-09-09,Poland,Turkey,68.489224,97.009266
1315,2,1,2025-09-09,Lithuania,Greece,85.550169,84.298324
1315,3,1,2025-09-10,Finland,Georgia,114.90461,72.096609
1315,4,1,2025-09-10,Germany,Slovenia,106.13052,90.952112
1316,1,1,2025-09-09,Poland,Turkey,71.73899,77.164626
1316,2,1,2025-09-09,Lithuania,Greece,87.202111,74.517188
1316,3,1,2025-09-10,Finland,Georgia,87.154574,69.275324
1316,4,1,2025-09-10,Germany,Slovenia,95.699187,71.140471
1317,1,1,2025-09-09,Poland,Turkey,82.627252,97.365705
1317,2,1,2025-09-09,Lithuania,Greece,85.879504,87.237242
1317,3,1,2025-09-10,Finland,Georgia,103.70031,87.223348
1317,4,1,2025-09-10,Germany,Slovenia,130.12994,87.459589
1318,1,1,2025-09-09,Poland,Turkey,76.120143,84.047531
1318,2,1,2025-09-09,Lithuania,Greece,93.646442,86.712783
1318,3,1,2025-09-10,Finland,Georgia,91.674678,63.835636
1318,4,1,2025-09-10,Germany,Slovenia,106.01076,84.714647
1319,1,1,2025-09-09,Poland,Turkey,82.070189,85.83748
1319,2,1,2025-09-09,Lithuania,Greece,89.319212,82.105716
1319,3,1,2025-09-10,Finland,Georgia,90.035701,103.50514
1319,4,1,2025-09-10,Germany,Slovenia,107.76647,94.716744
1320,1,1,2025-09-09,Poland,Turkey,80.572961,93.306536
1320,2,1,2025-09-09,Lithuania,Greece,86.448943,78.299154
1320,3,1,2025-09-10,Finland,Georgia,97.826142,70.684623
1320,4,1,2025-09-10,Germany,Slovenia,106.41483,87.687245
1321,1,1,2025-09-09,Poland,Turkey,84.93188,107.75551
1321,2,1,2025-09-09,Lithuania,Greece,89.831653,71.53959
1321,3,1,2025-09-10,Finland,Georgia,93.752964,71.398814
1321,4,1,2025-09-10,Germany,Slovenia,118.77331,83.981753
1322,1,1,2025-09-09,Poland,Turkey,72.139998,78.683857
1322,2,1,2025-09-09,Lithuania,Greece,104.8685,71.92621
1322,3,1,2025-09-10,Finland,Georgia,116.24488,79.820215
1322,4,1,2025-09-10,Germany,Slovenia,103.34099,55.895335
1323,1,1,2025-09-09,Poland,Turkey,69.084494,94.959137
1323,2,1,2025-09-09,Lithuania,Greece,69.519374,76.652589
1323,3,1,2025-09-10,Finland,Georgia,79.870605,73.907929
1323,4,1,2025-09-10,Germany,Slovenia,105.09901,83.914374
1324,1,1,2025-09-09,Poland,Turkey,84.44324,89.301278
1324,2,1,2025-09-09,Lithuania,Greece,84.036858,78.89008
1324,3,1,2025-09-10,Finland,Georgia,133.80585,80.589754
1324,4,1,2025-09-10,Germany,Slovenia,109.34035,88.281782
1325,1,1,2025-09-09,Poland,Turkey,68.264961,72.240284
1325,2,1,2025-09-09,Lithuania,Greece,91.227406,72.789728
1325,3,1,2025-09-10,Finland,Georgia,113.47177,97.408171
1325,4,1,2025-09-10,Germany,Slovenia,108.39506,90.613957
1326,1,1,2025-09-09,Poland,Turkey,79.350802,90.27634
1326,2,1,2025-09-09,Lithuania,Greece,80.686739,69.463217
1326,3,1,2025-09-10,Finland,Georgia,77.877358,74.082172
1326,4,1,2025-09-10,Germany,Slovenia,76.635342,102.75501
1327,1,1,2025-09-09,Poland,Turkey,90.139462,93.443145
1327,2,1,2025-09-09,Lithuania,Greece,87.99715,81.188907
1327,3,1,2025-09-10,Finland,Georgia,113.25911,71.84701
1327,4,1,2025-09-10,Germany,Slovenia,96.010908,71.125178
1328,1,1,2025-09-09,Poland,Turkey,83.595564,97.106697
1328,2,1,2025-09-09,Lithuania,Greece,101.06917,69.118176
1328,3,1,2025-09-10,Finland,Georgia,107.10743,72.283927
1328,4,1,2025-09-10,Germany,Slovenia,94.127707,62.868145
1329,1,1,2025-09-09,Poland,Turkey,93.30928,86.88474
1329,2,1,2025-09-09,Lithuania,Greece,78.042388,51.093651
1329,3,1,2025-09-10,Finland,Georgia,108.40371,75.402349
1329,4,1,2025-09-10,Germany,Slovenia,109.93013,80.35184
1330,1,1,2025-09-09,Poland,Turkey,82.146794,99.217267
1330,2,1,2025-09-09,Lithuania,Greece,91.085052,77.680667
1330,3,1,2025-09-10,Finland,Georgia,52.883752,81.280041
1330,4,1,2025-09-10,Germany,Slovenia,108.19713,76.01102
1331,1,1,2025-09-09,Poland,Turkey,86.80717,100.11709
1331,2,1,2025-09-09,Lithuania,Greece,96.274336,65.714518
1331,3,1,2025-09-10,Finland,Georgia,93.874002,80.848412
1331,4,1,2025-09-10,Germany,Slovenia,92.444847,81.023245
1332,1,1,2025-09-09,Poland,Turkey,79.556895,91.390209
1332,2,1,2025-09-09,Lithuania,Greece,70.29851,74.199744
1332,3,1,2025-09-10,Finland,Georgia,112.01855,91.173354
1332,4,1,2025-09-10,Germany,Slovenia,84.982175,78.429947
1333,1,1,2025-09-09,Poland,Turkey,80.933387,90.02056
1333,2,1,2025-09-09,Lithuania,Greece,88.135668,92.706851
1333,3,1,2025-09-10,Finland,Georgia,66.470188,45.174079
1333,4,1,2025-09-10,Germany,Slovenia,93.770977,73.439343
1334,1,1,2025-09-09,Poland,Turkey,64.829208,77.991066
1334,2,1,2025-09-09,Lithuania,Greece,102.5078,99.569061
1334,3,1,2025-09-10,Finland,Georgia,102.23491,60.102298
1334,4,1,2025-09-10,Germany,Slovenia,94.634012,93.306579
1335,1,1,2025-09-09,Poland,Turkey,61.12939,97.745692
1335,2,1,2025-09-09,Lithuania,Greece,77.912514,63.685029
1335,3,1,2025-09-10,Finland,Georgia,91.750298,67.567275
1335,4,1,2025-09-10,Germany,Slovenia,100.55302,77.796011
1336,1,1,2025-09-09,Poland,Turkey,76.675468,95.556762
1336,2,1,2025-09-09,Lithuania,Greece,98.784272,68.107426
1336,3,1,2025-09-10,Finland,Georgia,95.15189,78.859745
1336,4,1,2025-09-10,Germany,Slovenia,89.074067,71.132076
1337,1,1,2025-09-09,Poland,Turkey,62.769926,71.868201
1337,2,1,2025-09-09,Lithuania,Greece,91.147739,84.648553
1337,3,1,2025-09-10,Finland,Georgia,102.90987,86.486335
1337,4,1,2025-09-10,Germany,Slovenia,106.58028,80.131823
1338,1,1,2025-09-09,Poland,Turkey,62.517512,93.385683
1338,2,1,2025-09-09,Lithuania,Greece,107.95938,66.859011
1338,3,1,2025-09-10,Finland,Georgia,88.58394,64.592227
1338,4,1,2025-09-10,Germany,Slovenia,115.27548,73.668066
1339,1,1,2025-09-09,Poland,Turkey,77.284852,92.137571
1339,2,1,2025-09-09,Lithuania,Greece,86.228614,80.881486
1339,3,1,2025-09-10,Finland,Georgia,89.791943,78.858588
1339,4,1,2025-09-10,Germany,Slovenia,107.64934,100.29489
1340,1,1,2025-09-09,Poland,Turkey,83.399563,90.369558
1340,2,1,2025-09-09,Lithuania,Greece,92.358501,82.774224
1340,3,1,2025-09-10,Finland,Georgia,97.178058,72.309443
1340,4,1,2025-09-10,Germany,Slovenia,108.7457,100.65185
1341,1,1,2025-09-09,Poland,Turkey,77.478438,80.328206
1341,2,1,2025-09-09,Lithuania,Greece,74.541439,67.008542
1341,3,1,2025-09-10,Finland,Georgia,109.14458,102.25713
1341,4,1,2025-09-10,Germany,Slovenia,89.719022,82.550872
1342,1,1,2025-09-09,Poland,Turkey,81.543879,98.278113
1342,2,1,2025-09-09,Lithuania,Greece,74.687379,58.043461
1342,3,1,2025-09-10,Finland,Georgia,78.922072,58.424156
1342,4,1,2025-09-10,Germany,Slovenia,90.793726,86.98343
1343,1,1,2025-09-09,Poland,Turkey,88.882733,91.313913
1343,2,1,2025-09-09,Lithuania,Greece,88.974302,70.346646
1343,3,1,2025-09-10,Finland,Georgia,113.83237,93.586937
1343,4,1,2025-09-10,Germany,Slovenia,90.526601,78.562002
1344,1,1,2025-09-09,Poland,Turkey,83.326645,80.041224
1344,2,1,2025-09-09,Lithuania,Greece,102.88412,68.580614
1344,3,1,2025-09-10,Finland,Georgia,91.780631,68.79406
1344,4,1,2025-09-10,Germany,Slovenia,105.74706,99.931395
1345,1,1,2025-09-09,Poland,Turkey,83.456794,83.020563
1345,2,1,2025-09-09,Lithuania,Greece,95.20853,78.739928
1345,3,1,2025-09-10,Finland,Georgia,106.75266,84.291113
1345,4,1,2025-09-10,Germany,Slovenia,96.351559,74.315481
1346,1,1,2025-09-09,Poland,Turkey,68.648484,87.017543
1346,2,1,2025-09-09,Lithuania,Greece,92.584535,76.011069
1346,3,1,2025-09-10,Finland,Georgia,110.37403,81.850785
1346,4,1,2025-09-10,Germany,Slovenia,96.204309,84.958085
1347,1,1,2025-09-09,Poland,Turkey,90.052442,94.021264
1347,2,1,2025-09-09,Lithuania,Greece,105.72115,79.942949
1347,3,1,2025-09-10,Finland,Georgia,89.863183,94.920236
1347,4,1,2025-09-10,Germany,Slovenia,103.42561,102.83274
1348,1,1,2025-09-09,Poland,Turkey,71.581403,69.195598
1348,2,1,2025-09-09,Lithuania,Greece,79.910859,68.880952
1348,3,1,2025-09-10,Finland,Georgia,88.607501,83.365795
1348,4,1,2025-09-10,Germany,Slovenia,113.20515,66.217545
1349,1,1,2025-09-09,Poland,Turkey,67.640563,90.438304
1349,2,1,2025-09-09,Lithuania,Greece,92.998423,69.425484
1349,3,1,2025-09-10,Finland,Georgia,82.391137,70.623047
1349,4,1,2025-09-10,Germany,Slovenia,91.152533,71.054339
1350,1,1,2025-09-09,Poland,Turkey,65.716043,89.301196
1350,2,1,2025-09-09,Lithuania,Greece,71.018335,70.009589
1350,3,1,2025-09-10,Finland,Georgia,82.104363,79.634312
1350,4,1,2025-09-10,Germany,Slovenia,98.609501,89.918291
1351,1,1,2025-09-09,Poland,Turkey,85.884899,84.11459
1351,2,1,2025-09-09,Lithuania,Greece,78.537411,64.876955
1351,3,1,2025-09-10,Finland,Georgia,100.32989,72.853758
1351,4,1,2025-09-10,Germany,Slovenia,85.865983,81.277621
1352,1,1,2025-09-09,Poland,Turkey,50.625649,86.726953
1352,2,1,2025-09-09,Lithuania,Greece,86.109062,75.487948
1352,3,1,2025-09-10,Finland,Georgia,112.62469,49.90046
1352,4,1,2025-09-10,Germany,Slovenia,91.192829,78.01508
1353,1,1,2025-09-09,Poland,Turkey,65.848779,87.949794
1353,2,1,2025-09-09,Lithuania,Greece,96.880294,75.755861
1353,3,1,2025-09-10,Finland,Georgia,78.557409,67.031795
1353,4,1,2025-09-10,Germany,Slovenia,113.23794,71.33192
1354,1,1,2025-09-09,Poland,Turkey,87.797864,100.51819
1354,2,1,2025-09-09,Lithuania,Greece,80.711053,90.589546
1354,3,1,2025-09-10,Finland,Georgia,106.84958,89.670034
1354,4,1,2025-09-10,Germany,Slovenia,105.81189,80.613164
1355,1,1,2025-09-09,Poland,Turkey,74.590029,85.714832
1355,2,1,2025-09-09,Lithuania,Greece,81.476381,83.995153
1355,3,1,2025-09-10,Finland,Georgia,111.83566,96.987367
1355,4,1,2025-09-10,Germany,Slovenia,106.08534,62.190619
1356,1,1,2025-09-09,Poland,Turkey,83.002204,80.522655
1356,2,1,2025-09-09,Lithuania,Greece,97.529856,79.284688
1356,3,1,2025-09-10,Finland,Georgia,106.30049,81.015752
1356,4,1,2025-09-10,Germany,Slovenia,97.50815,80.446971
1357,1,1,2025-09-09,Poland,Turkey,87.230254,97.559366
1357,2,1,2025-09-09,Lithuania,Greece,109.03979,69.623675
1357,3,1,2025-09-10,Finland,Georgia,92.038628,79.611468
1357,4,1,2025-09-10,Germany,Slovenia,98.703629,77.504999
1358,1,1,2025-09-09,Poland,Turkey,78.361411,67.967171
1358,2,1,2025-09-09,Lithuania,Greece,99.18628,68.971903
1358,3,1,2025-09-10,Finland,Georgia,102.44574,89.106736
1358,4,1,2025-09-10,Germany,Slovenia,106.1074,90.543746
1359,1,1,2025-09-09,Poland,Turkey,76.175659,92.04584
1359,2,1,2025-09-09,Lithuania,Greece,81.540264,70.303354
1359,3,1,2025-09-10,Finland,Georgia,127.50667,81.734275
1359,4,1,2025-09-10,Germany,Slovenia,113.06963,95.275895
1360,1,1,2025-09-09,Poland,Turkey,72.035324,78.258115
1360,2,1,2025-09-09,Lithuania,Greece,80.553738,72.223929
1360,3,1,2025-09-10,Finland,Georgia,96.356981,61.254053999999996
1360,4,1,2025-09-10,Germany,Slovenia,99.763045,87.409094
1361,1,1,2025-09-09,Poland,Turkey,77.37039,97.086862
1361,2,1,2025-09-09,Lithuania,Greece,79.83033,84.343783
1361,3,1,2025-09-10,Finland,Georgia,95.84065,62.211164
1361,4,1,2025-09-10,Germany,Slovenia,87.150206,56.625308
1362,1,1,2025-09-09,Poland,Turkey,82.023485,69.286264
1362,2,1,2025-09-09,Lithuania,Greece,76.074533,65.055434
1362,3,1,2025-09-10,Finland,Georgia,103.76637,65.556332
1362,4,1,2025-09-10,Germany,Slovenia,103.4009,67.462835
1363,1,1,2025-09-09,Poland,Turkey,97.635729,109.56839
1363,2,1,2025-09-09,Lithuania,Greece,69.001884,56.127181
1363,3,1,2025-09-10,Finland,Georgia,99.867746,74.478255
1363,4,1,2025-09-10,Germany,Slovenia,106.97939,87.443733
1364,1,1,2025-09-09,Poland,Turkey,66.268064,80.965775
1364,2,1,2025-09-09,Lithuania,Greece,82.0622,79.606684
1364,3,1,2025-09-10,Finland,Georgia,80.367965,66.084257
1364,4,1,2025-09-10,Germany,Slovenia,110.74446,98.78647
1365,1,1,2025-09-09,Poland,Turkey,77.747778,70.785437
1365,2,1,2025-09-09,Lithuania,Greece,80.791328,84.954273
1365,3,1,2025-09-10,Finland,Georgia,90.004501,71.742434
1365,4,1,2025-09-10,Germany,Slovenia,76.946983,84.863353
1366,1,1,2025-09-09,Poland,Turkey,83.632622,93.424532
1366,2,1,2025-09-09,Lithuania,Greece,98.690901,90.685078
1366,3,1,2025-09-10,Finland,Georgia,111.63328,86.800872
1366,4,1,2025-09-10,Germany,Slovenia,90.119394,88.615996
1367,1,1,2025-09-09,Poland,Turkey,75.858634,88.617535
1367,2,1,2025-09-09,Lithuania,Greece,86.152269,62.466062
1367,3,1,2025-09-10,Finland,Georgia,81.092473,88.617786
1367,4,1,2025-09-10,Germany,Slovenia,103.816,76.854646
1368,1,1,2025-09-09,Poland,Turkey,82.114167,83.314032
1368,2,1,2025-09-09,Lithuania,Greece,85.755972,74.309755
1368,3,1,2025-09-10,Finland,Georgia,95.308225,85.435411
1368,4,1,2025-09-10,Germany,Slovenia,104.34428,81.662769
1369,1,1,2025-09-09,Poland,Turkey,82.523809,86.452462
1369,2,1,2025-09-09,Lithuania,Greece,96.336179,104.56396
1369,3,1,2025-09-10,Finland,Georgia,78.840898,80.978705
1369,4,1,2025-09-10,Germany,Slovenia,126.28239,96.025348
1370,1,1,2025-09-09,Poland,Turkey,74.240287,97.031927
1370,2,1,2025-09-09,Lithuania,Greece,88.825703,72.845953
1370,3,1,2025-09-10,Finland,Georgia,98.756089,87.715413
1370,4,1,2025-09-10,Germany,Slovenia,120.55757,75.230707
1371,1,1,2025-09-09,Poland,Turkey,77.251923,115.0109
1371,2,1,2025-09-09,Lithuania,Greece,87.512128,73.346181
1371,3,1,2025-09-10,Finland,Georgia,93.586578,89.980491
1371,4,1,2025-09-10,Germany,Slovenia,106.51682,80.870958
1372,1,1,2025-09-09,Poland,Turkey,68.100006,90.275772
1372,2,1,2025-09-09,Lithuania,Greece,104.42106,88.540863
1372,3,1,2025-09-10,Finland,Georgia,116.13265,83.357287
1372,4,1,2025-09-10,Germany,Slovenia,101.5507,89.466088
1373,1,1,2025-09-09,Poland,Turkey,74.917785,81.829689
1373,2,1,2025-09-09,Lithuania,Greece,95.033807,83.724964
1373,3,1,2025-09-10,Finland,Georgia,77.878896,82.329318
1373,4,1,2025-09-10,Germany,Slovenia,114.32175,73.916997
1374,1,1,2025-09-09,Poland,Turkey,65.721446,68.701541
1374,2,1,2025-09-09,Lithuania,Greece,79.194725,93.081299
1374,3,1,2025-09-10,Finland,Georgia,87.113618,84.047092
1374,4,1,2025-09-10,Germany,Slovenia,97.516382,90.203852
1375,1,1,2025-09-09,Poland,Turkey,74.2819,92.118049
1375,2,1,2025-09-09,Lithuania,Greece,87.284601,86.584541
1375,3,1,2025-09-10,Finland,Georgia,79.984263,57.418575
1375,4,1,2025-09-10,Germany,Slovenia,85.539212,57.911975
1376,1,1,2025-09-09,Poland,Turkey,72.934862,72.881142
1376,2,1,2025-09-09,Lithuania,Greece,87.575303,92.37933
1376,3,1,2025-09-10,Finland,Georgia,110.92781,73.888291
1376,4,1,2025-09-10,Germany,Slovenia,121.82975,88.396146
1377,1,1,2025-09-09,Poland,Turkey,63.368539,67.417651
1377,2,1,2025-09-09,Lithuania,Greece,101.94703,58.469306
1377,3,1,2025-09-10,Finland,Georgia,89.523643,65.754315
1377,4,1,2025-09-10,Germany,Slovenia,85.581064,70.843995
1378,1,1,2025-09-09,Poland,Turkey,70.145125,92.729666
1378,2,1,2025-09-09,Lithuania,Greece,87.498724,70.62662
1378,3,1,2025-09-10,Finland,Georgia,108.35533,66.676158
1378,4,1,2025-09-10,Germany,Slovenia,81.439342,72.369304
1379,1,1,2025-09-09,Poland,Turkey,75.871768,85.559714
1379,2,1,2025-09-09,Lithuania,Greece,82.442535,82.796355
1379,3,1,2025-09-10,Finland,Georgia,113.44255,75.387792
1379,4,1,2025-09-10,Germany,Slovenia,98.28885,60.892624
1380,1,1,2025-09-09,Poland,Turkey,80.049932,91.155712
1380,2,1,2025-09-09,Lithuania,Greece,85.185801,86.27071
1380,3,1,2025-09-10,Finland,Georgia,102.33777,77.751774
1380,4,1,2025-09-10,Germany,Slovenia,100.91911,79.300733
1381,1,1,2025-09-09,Poland,Turkey,86.641017,88.853093
1381,2,1,2025-09-09,Lithuania,Greece,84.324311,70.674061
1381,3,1,2025-09-10,Finland,Georgia,94.195757,68.370558
1381,4,1,2025-09-10,Germany,Slovenia,96.140955,69.289291
1382,1,1,2025-09-09,Poland,Turkey,64.797712,92.319751
1382,2,1,2025-09-09,Lithuania,Greece,92.286455,68.207573
1382,3,1,2025-09-10,Finland,Georgia,69.096277,76.75348
1382,4,1,2025-09-10,Germany,Slovenia,99.460852,98.455285
1383,1,1,2025-09-09,Poland,Turkey,82.000392,86.637126
1383,2,1,2025-09-09,Lithuania,Greece,96.323268,78.512439
1383,3,1,2025-09-10,Finland,Georgia,78.098592,86.792353
1383,4,1,2025-09-10,Germany,Slovenia,97.404229,78.70341
1384,1,1,2025-09-09,Poland,Turkey,75.69323,83.350457
1384,2,1,2025-09-09,Lithuania,Greece,87.347901,55.414349
1384,3,1,2025-09-10,Finland,Georgia,97.833854,77.316344
1384,4,1,2025-09-10,Germany,Slovenia,107.32491,85.209263000000007
1385,1,1,2025-09-09,Poland,Turkey,71.694649,86.899563
1385,2,1,2025-09-09,Lithuania,Greece,80.272254,67.976676
1385,3,1,2025-09-10,Finland,Georgia,116.11042,77.607642
1385,4,1,2025-09-10,Germany,Slovenia,102.67121,94.559021
1386,1,1,2025-09-09,Poland,Turkey,64.049315000000007,88.956459
1386,2,1,2025-09-09,Lithuania,Greece,86.645614,84.352418
1386,3,1,2025-09-10,Finland,Georgia,88.503108,86.98769
1386,4,1,2025-09-10,Germany,Slovenia,106.53848,88.306421
1387,1,1,2025-09-09,Poland,Turkey,70.516698,89.194852
1387,2,1,2025-09-09,Lithuania,Greece,89.878468,81.760559
1387,3,1,2025-09-10,Finland,Georgia,91.62996,84.038558
1387,4,1,2025-09-10,Germany,Slovenia,88.114596,67.03694
1388,1,1,2025-09-09,Poland,Turkey,78.671433,81.501546
1388,2,1,2025-09-09,Lithuania,Greece,79.745072,70.525581
1388,3,1,2025-09-10,Finland,Georgia,90.881399,74.407271
1388,4,1,2025-09-10,Germany,Slovenia,89.228346,74.807021
1389,1,1,2025-09-09,Poland,Turkey,85.966652,100.52859
1389,2,1,2025-09-09,Lithuania,Greece,84.435245,61.375825
1389,3,1,2025-09-10,Finland,Georgia,91.026309,74.795381
1389,4,1,2025-09-10,Germany,Slovenia,88.955442,83.881526
1390,1,1,2025-09-09,Poland,Turkey,79.476753,83.576539
1390,2,1,2025-09-09,Lithuania,Greece,101.37865,112.74646
1390,3,1,2025-09-10,Finland,Georgia,108.25036,64.302073
1390,4,1,2025-09-10,Germany,Slovenia,102.2483,86.624719
1391,1,1,2025-09-09,Poland,Turkey,63.04273,88.832784
1391,2,1,2025-09-09,Lithuania,Greece,91.090851,80.931199
1391,3,1,2025-09-10,Finland,Georgia,103.90413,75.515929
1391,4,1,2025-09-10,Germany,Slovenia,97.782117,79.522561
1392,1,1,2025-09-09,Poland,Turkey,82.451228,87.927917
1392,2,1,2025-09-09,Lithuania,Greece,77.366219,79.19484
1392,3,1,2025-09-10,Finland,Georgia,90.87161,67.573719
1392,4,1,2025-09-10,Germany,Slovenia,99.91311,114.02117
1393,1,1,2025-09-09,Poland,Turkey,81.127873,97.733929
1393,2,1,2025-09-09,Lithuania,Greece,91.762631,74.17346
1393,3,1,2025-09-10,Finland,Georgia,89.951098,75.663243
1393,4,1,2025-09-10,Germany,Slovenia,120.07504,88.571434
1394,1,1,2025-09-09,Poland,Turkey,95.508071,74.038776
1394,2,1,2025-09-09,Lithuania,Greece,82.734299,83.453564
1394,3,1,2025-09-10,Finland,Georgia,96.889409,81.065383
1394,4,1,2025-09-10,Germany,Slovenia,111.63044,79.705421
1395,1,1,2025-09-09,Poland,Turkey,83.746427,86.334175
1395,2,1,2025-09-09,Lithuania,Greece,95.247181,113.5234
1395,3,1,2025-09-10,Finland,Georgia,101.24746,60.855467
1395,4,1,2025-09-10,Germany,Slovenia,108.63249,119.66611
1396,1,1,2025-09-09,Poland,Turkey,89.242291,87.539179
1396,2,1,2025-09-09,Lithuania,Greece,84.670855,89.680597
1396,3,1,2025-09-10,Finland,Georgia,103.66977,70.128025
1396,4,1,2025-09-10,Germany,Slovenia,96.040731,108.29754
1397,1,1,2025-09-09,Poland,Turkey,83.500996,112.86164
1397,2,1,2025-09-09,Lithuania,Greece,69.575852,85.194256
1397,3,1,2025-09-10,Finland,Georgia,94.347584,68.941051
1397,4,1,2025-09-10,Germany,Slovenia,86.774266,96.169486
1398,1,1,2025-09-09,Poland,Turkey,71.489633,78.984111
1398,2,1,2025-09-09,Lithuania,Greece,74.038712,68.10617
1398,3,1,2025-09-10,Finland,Georgia,96.756683,87.754128
1398,4,1,2025-09-10,Germany,Slovenia,98.483141,79.504005
1399,1,1,2025-09-09,Poland,Turkey,69.734297,94.046725
1399,2,1,2025-09-09,Lithuania,Greece,93.479052,72.968314
1399,3,1,2025-09-10,Finland,Georgia,101.82276,68.057352
1399,4,1,2025-09-10,Germany,Slovenia,112.5471,76.566161
1400,1,1,2025-09-09,Poland,Turkey,58.638442,90.387975
1400,2,1,2025-09-09,Lithuania,Greece,100.5746,102.13599
1400,3,1,2025-09-10,Finland,Georgia,105.32916,75.433559
1400,4,1,2025-09-10,Germany,Slovenia,96.121155,91.554124
1401,1,1,2025-09-09,Poland,Turkey,95.752493,94.692209
1401,2,1,2025-09-09,Lithuania,Greece,92.668505,59.794979
1401,3,1,2025-09-10,Finland,Georgia,94.603843,71.093669
1401,4,1,2025-09-10,Germany,Slovenia,95.630733,95.672828
1402,1,1,2025-09-09,Poland,Turkey,73.047333,93.555445
1402,2,1,2025-09-09,Lithuania,Greece,71.430281,62.003095
1402,3,1,2025-09-10,Finland,Georgia,90.510921,87.725314
1402,4,1,2025-09-10,Germany,Slovenia,107.89442,83.519593
1403,1,1,2025-09-09,Poland,Turkey,82.625322,95.104925
1403,2,1,2025-09-09,Lithuania,Greece,82.440108,82.998385
1403,3,1,2025-09-10,Finland,Georgia,78.697305,62.999771
1403,4,1,2025-09-10,Germany,Slovenia,87.242622,103.59331
1404,1,1,2025-09-09,Poland,Turkey,68.954906,77.525333
1404,2,1,2025-09-09,Lithuania,Greece,82.029471,93.953045
1404,3,1,2025-09-10,Finland,Georgia,94.446953,71.857822
1404,4,1,2025-09-10,Germany,Slovenia,116.63607,88.091227
1405,1,1,2025-09-09,Poland,Turkey,89.886023,87.289759
1405,2,1,2025-09-09,Lithuania,Greece,84.320778,85.074433
1405,3,1,2025-09-10,Finland,Georgia,87.063661,79.104472
1405,4,1,2025-09-10,Germany,Slovenia,113.54173,86.333864
1406,1,1,2025-09-09,Poland,Turkey,77.893163,94.193498
1406,2,1,2025-09-09,Lithuania,Greece,85.648257,67.843344
1406,3,1,2025-09-10,Finland,Georgia,100.0158,74.564229
1406,4,1,2025-09-10,Germany,Slovenia,99.899465,84.903085
1407,1,1,2025-09-09,Poland,Turkey,79.075679,79.248786
1407,2,1,2025-09-09,Lithuania,Greece,89.746164,81.09855
1407,3,1,2025-09-10,Finland,Georgia,91.772603,77.809064
1407,4,1,2025-09-10,Germany,Slovenia,100.61388,79.092777
1408,1,1,2025-09-09,Poland,Turkey,74.026139,61.734282
1408,2,1,2025-09-09,Lithuania,Greece,74.752048,72.876226
1408,3,1,2025-09-10,Finland,Georgia,107.29339,88.010419
1408,4,1,2025-09-10,Germany,Slovenia,86.913831,71.69689
1409,1,1,2025-09-09,Poland,Turkey,96.928121,95.892512
1409,2,1,2025-09-09,Lithuania,Greece,89.069326,80.63377
1409,3,1,2025-09-10,Finland,Georgia,109.3426,87.916084
1409,4,1,2025-09-10,Germany,Slovenia,89.033385,54.965809
1410,1,1,2025-09-09,Poland,Turkey,66.782353,81.286032
1410,2,1,2025-09-09,Lithuania,Greece,96.782016,73.502047
1410,3,1,2025-09-10,Finland,Georgia,80.454491,66.470719
1410,4,1,2025-09-10,Germany,Slovenia,87.548491,101.87331
1411,1,1,2025-09-09,Poland,Turkey,80.849988,91.250612
1411,2,1,2025-09-09,Lithuania,Greece,76.241403,76.245918
1411,3,1,2025-09-10,Finland,Georgia,105.67266,65.669051
1411,4,1,2025-09-10,Germany,Slovenia,104.72833,79.120916
1412,1,1,2025-09-09,Poland,Turkey,80.70034,100.52292
1412,2,1,2025-09-09,Lithuania,Greece,90.034051,64.891363
1412,3,1,2025-09-10,Finland,Georgia,95.286999,73.007438
1412,4,1,2025-09-10,Germany,Slovenia,108.13811,74.602318
1413,1,1,2025-09-09,Poland,Turkey,83.028336,105.53965
1413,2,1,2025-09-09,Lithuania,Greece,86.315874,71.832405
1413,3,1,2025-09-10,Finland,Georgia,97.330784,76.651572
1413,4,1,2025-09-10,Germany,Slovenia,99.531837,81.064727
1414,1,1,2025-09-09,Poland,Turkey,94.866831,76.715988
1414,2,1,2025-09-09,Lithuania,Greece,92.278639,74.169703
1414,3,1,2025-09-10,Finland,Georgia,80.805035,60.203424
1414,4,1,2025-09-10,Germany,Slovenia,95.45199,92.539185
1415,1,1,2025-09-09,Poland,Turkey,71.550576,78.447291
1415,2,1,2025-09-09,Lithuania,Greece,104.70338,85.206293
1415,3,1,2025-09-10,Finland,Georgia,99.864265,60.414248
1415,4,1,2025-09-10,Germany,Slovenia,134.04313,94.402786
1416,1,1,2025-09-09,Poland,Turkey,81.172211,91.550371
1416,2,1,2025-09-09,Lithuania,Greece,83.427767,83.454708
1416,3,1,2025-09-10,Finland,Georgia,80.021736,75.781322
1416,4,1,2025-09-10,Germany,Slovenia,121.27595,86.695992
1417,1,1,2025-09-09,Poland,Turkey,81.179267,96.652435
1417,2,1,2025-09-09,Lithuania,Greece,92.052142,77.307362
1417,3,1,2025-09-10,Finland,Georgia,101.51872,85.802523
1417,4,1,2025-09-10,Germany,Slovenia,105.57565,92.004745
1418,1,1,2025-09-09,Poland,Turkey,78.84644,88.443515
1418,2,1,2025-09-09,Lithuania,Greece,79.920163,66.01867
1418,3,1,2025-09-10,Finland,Georgia,83.07006,73.943037
1418,4,1,2025-09-10,Germany,Slovenia,118.17258,94.974704
1419,1,1,2025-09-09,Poland,Turkey,79.199264,99.153624
1419,2,1,2025-09-09,Lithuania,Greece,104.23275,72.662765
1419,3,1,2025-09-10,Finland,Georgia,87.330643,92.907481
1419,4,1,2025-09-10,Germany,Slovenia,94.894105,67.418134
1420,1,1,2025-09-09,Poland,Turkey,83.663222,78.624921
1420,2,1,2025-09-09,Lithuania,Greece,90.920084,84.344441
1420,3,1,2025-09-10,Finland,Georgia,88.608045,73.310844
1420,4,1,2025-09-10,Germany,Slovenia,98.765636,94.58819
1421,1,1,2025-09-09,Poland,Turkey,67.162296,87.992995
1421,2,1,2025-09-09,Lithuania,Greece,91.170459,64.786316
1421,3,1,2025-09-10,Finland,Georgia,84.670362,79.7535
1421,4,1,2025-09-10,Germany,Slovenia,97.813855,73.07862
1422,1,1,2025-09-09,Poland,Turkey,65.470755,73.19316
1422,2,1,2025-09-09,Lithuania,Greece,76.336136,78.147254
1422,3,1,2025-09-10,Finland,Georgia,82.405301,74.07394
1422,4,1,2025-09-10,Germany,Slovenia,99.843504,73.497372
1423,1,1,2025-09-09,Poland,Turkey,83.068577,91.373219
1423,2,1,2025-09-09,Lithuania,Greece,91.116077,59.179214
1423,3,1,2025-09-10,Finland,Georgia,93.516293,55.707054
1423,4,1,2025-09-10,Germany,Slovenia,98.893507,111.89154
1424,1,1,2025-09-09,Poland,Turkey,71.409642,70.935933
1424,2,1,2025-09-09,Lithuania,Greece,96.257813,71.173756
1424,3,1,2025-09-10,Finland,Georgia,105.59368,77.836035999999993
1424,4,1,2025-09-10,Germany,Slovenia,98.133907,80.411711
1425,1,1,2025-09-09,Poland,Turkey,86.946855,81.55023
1425,2,1,2025-09-09,Lithuania,Greece,88.627243000000007,81.66105
1425,3,1,2025-09-10,Finland,Georgia,82.692851,59.103904
1425,4,1,2025-09-10,Germany,Slovenia,107.41242,115.19201
1426,1,1,2025-09-09,Poland,Turkey,72.005966,99.255816
1426,2,1,2025-09-09,Lithuania,Greece,93.888866,81.501356
1426,3,1,2025-09-10,Finland,Georgia,93.796613,58.052625
1426,4,1,2025-09-10,Germany,Slovenia,109.47755,74.863513
1427,1,1,2025-09-09,Poland,Turkey,70.093908,85.65961
1427,2,1,2025-09-09,Lithuania,Greece,92.471112,94.385735
1427,3,1,2025-09-10,Finland,Georgia,77.467792,70.362008
1427,4,1,2025-09-10,Germany,Slovenia,109.7581,85.742263
1428,1,1,2025-09-09,Poland,Turkey,78.628261,80.537223
1428,2,1,2025-09-09,Lithuania,Greece,77.936225,92.937396
1428,3,1,2025-09-10,Finland,Georgia,74.235876,55.665691
1428,4,1,2025-09-10,Germany,Slovenia,94.045445,79.956098
1429,1,1,2025-09-09,Poland,Turkey,97.702158,100.07075
1429,2,1,2025-09-09,Lithuania,Greece,93.636539,99.410615
1429,3,1,2025-09-10,Finland,Georgia,98.408018,91.717528
1429,4,1,2025-09-10,Germany,Slovenia,85.308486,83.335943
1430,1,1,2025-09-09,Poland,Turkey,89.18297,99.234719
1430,2,1,2025-09-09,Lithuania,Greece,85.30089,71.503082
1430,3,1,2025-09-10,Finland,Georgia,88.731322,77.696735
1430,4,1,2025-09-10,Germany,Slovenia,91.320171,70.097773
1431,1,1,2025-09-09,Poland,Turkey,80.578018,88.275048
1431,2,1,2025-09-09,Lithuania,Greece,98.515963,90.520006
1431,3,1,2025-09-10,Finland,Georgia,91.214363,75.003215
1431,4,1,2025-09-10,Germany,Slovenia,89.954403,68.52373
1432,1,1,2025-09-09,Poland,Turkey,89.385951,102.17928
1432,2,1,2025-09-09,Lithuania,Greece,96.15986,83.014196
1432,3,1,2025-09-10,Finland,Georgia,95.757512,65.155151
1432,4,1,2025-09-10,Germany,Slovenia,129.99768,93.01301
1433,1,1,2025-09-09,Poland,Turkey,69.561926,94.470604
1433,2,1,2025-09-09,Lithuania,Greece,69.514748,84.711635
1433,3,1,2025-09-10,Finland,Georgia,81.405395,91.333381
1433,4,1,2025-09-10,Germany,Slovenia,107.8299,68.319988
1434,1,1,2025-09-09,Poland,Turkey,92.98159,105.24325
1434,2,1,2025-09-09,Lithuania,Greece,82.338615,65.07013
1434,3,1,2025-09-10,Finland,Georgia,119.73159,69.328562
1434,4,1,2025-09-10,Germany,Slovenia,116.53434,109.0406
1435,1,1,2025-09-09,Poland,Turkey,88.968823,95.568563
1435,2,1,2025-09-09,Lithuania,Greece,89.846415,86.137181
1435,3,1,2025-09-10,Finland,Georgia,95.877251,70.565822
1435,4,1,2025-09-10,Germany,Slovenia,74.507214,76.674038
1436,1,1,2025-09-09,Poland,Turkey,68.628772,74.879329
1436,2,1,2025-09-09,Lithuania,Greece,76.097748,69.56644
1436,3,1,2025-09-10,Finland,Georgia,95.116848,73.534568
1436,4,1,2025-09-10,Germany,Slovenia,119.7726,92.638593
1437,1,1,2025-09-09,Poland,Turkey,80.411871,83.885247
1437,2,1,2025-09-09,Lithuania,Greece,83.715621,67.006249
1437,3,1,2025-09-10,Finland,Georgia,112.67066,69.665703
1437,4,1,2025-09-10,Germany,Slovenia,95.559492,86.954998
1438,1,1,2025-09-09,Poland,Turkey,71.632248,73.133693
1438,2,1,2025-09-09,Lithuania,Greece,83.580331,82.829237
1438,3,1,2025-09-10,Finland,Georgia,93.146083,90.530651
1438,4,1,2025-09-10,Germany,Slovenia,98.297442,83.796123
1439,1,1,2025-09-09,Poland,Turkey,72.666536,68.518168
1439,2,1,2025-09-09,Lithuania,Greece,80.340969,77.848315
1439,3,1,2025-09-10,Finland,Georgia,95.411459,74.62006
1439,4,1,2025-09-10,Germany,Slovenia,102.58914,82.442761
1440,1,1,2025-09-09,Poland,Turkey,93.620471,73.49679
1440,2,1,2025-09-09,Lithuania,Greece,74.169566,86.928625
1440,3,1,2025-09-10,Finland,Georgia,105.6148,76.919384
1440,4,1,2025-09-10,Germany,Slovenia,117.24387,98.024948
1441,1,1,2025-09-09,Poland,Turkey,55.622907,100.41752
1441,2,1,2025-09-09,Lithuania,Greece,84.770712,76.027524
1441,3,1,2025-09-10,Finland,Georgia,97.073532,84.801377
1441,4,1,2025-09-10,Germany,Slovenia,112.16894,84.975132
1442,1,1,2025-09-09,Poland,Turkey,76.344799,88.400175
1442,2,1,2025-09-09,Lithuania,Greece,80.041234,61.034745
1442,3,1,2025-09-10,Finland,Georgia,92.865174,90.580648
1442,4,1,2025-09-10,Germany,Slovenia,117.12133,85.324732
1443,1,1,2025-09-09,Poland,Turkey,70.043787,87.328754
1443,2,1,2025-09-09,Lithuania,Greece,90.647753,76.373682
1443,3,1,2025-09-10,Finland,Georgia,104.86492,63.314384
1443,4,1,2025-09-10,Germany,Slovenia,103.18348,93.243942
1444,1,1,2025-09-09,Poland,Turkey,81.403579,97.57562
1444,2,1,2025-09-09,Lithuania,Greece,70.244331,77.504453
1444,3,1,2025-09-10,Finland,Georgia,80.962595,88.02685
1444,4,1,2025-09-10,Germany,Slovenia,90.709558,73.747871
1445,1,1,2025-09-09,Poland,Turkey,73.146626,102.42731
1445,2,1,2025-09-09,Lithuania,Greece,70.885181,59.115487
1445,3,1,2025-09-10,Finland,Georgia,99.579193,72.996262
1445,4,1,2025-09-10,Germany,Slovenia,130.86357,91.797253
1446,1,1,2025-09-09,Poland,Turkey,80.928581,78.421841
1446,2,1,2025-09-09,Lithuania,Greece,93.332475,88.620289
1446,3,1,2025-09-10,Finland,Georgia,92.816552,82.849778
1446,4,1,2025-09-10,Germany,Slovenia,112.8796,76.501877
1447,1,1,2025-09-09,Poland,Turkey,83.535816,86.835028
1447,2,1,2025-09-09,Lithuania,Greece,96.706029,79.993096
1447,3,1,2025-09-10,Finland,Georgia,102.85929,74.710798
1447,4,1,2025-09-10,Germany,Slovenia,106.12071,78.524334
1448,1,1,2025-09-09,Poland,Turkey,90.505851,109.76231
1448,2,1,2025-09-09,Lithuania,Greece,81.51677,73.842542
1448,3,1,2025-09-10,Finland,Georgia,116.71881,58.13657
1448,4,1,2025-09-10,Germany,Slovenia,90.144031,91.288283
1449,1,1,2025-09-09,Poland,Turkey,86.315413,97.947774
1449,2,1,2025-09-09,Lithuania,Greece,79.278306,75.726708
1449,3,1,2025-09-10,Finland,Georgia,97.062604,71.572544
1449,4,1,2025-09-10,Germany,Slovenia,87.172663,89.185558
1450,1,1,2025-09-09,Poland,Turkey,73.850162,83.078728
1450,2,1,2025-09-09,Lithuania,Greece,84.677926,91.629278
1450,3,1,2025-09-10,Finland,Georgia,81.655186,70.513396
1450,4,1,2025-09-10,Germany,Slovenia,93.276357,80.974346
1451,1,1,2025-09-09,Poland,Turkey,49.433639,79.835115
1451,2,1,2025-09-09,Lithuania,Greece,65.293373,94.551538
1451,3,1,2025-09-10,Finland,Georgia,97.207176,60.89792
1451,4,1,2025-09-10,Germany,Slovenia,110.22966,82.088489
1452,1,1,2025-09-09,Poland,Turkey,90.882174,91.271481
1452,2,1,2025-09-09,Lithuania,Greece,70.937138,73.42947
1452,3,1,2025-09-10,Finland,Georgia,86.850287,74.32308
1452,4,1,2025-09-10,Germany,Slovenia,99.445859,75.263351
1453,1,1,2025-09-09,Poland,Turkey,88.594222,110.13771
1453,2,1,2025-09-09,Lithuania,Greece,92.670251,93.537208
1453,3,1,2025-09-10,Finland,Georgia,89.97158,78.10675
1453,4,1,2025-09-10,Germany,Slovenia,103.2645,86.57185
1454,1,1,2025-09-09,Poland,Turkey,81.417515,58.849756
1454,2,1,2025-09-09,Lithuania,Greece,100.18172,83.092512
1454,3,1,2025-09-10,Finland,Georgia,94.474717,60.377622
1454,4,1,2025-09-10,Germany,Slovenia,110.35155,92.611533
1455,1,1,2025-09-09,Poland,Turkey,67.547931,105.5498
1455,2,1,2025-09-09,Lithuania,Greece,75.811985,74.470378
1455,3,1,2025-09-10,Finland,Georgia,100.31145,90.630045
1455,4,1,2025-09-10,Germany,Slovenia,116.05074,97.483783
1456,1,1,2025-09-09,Poland,Turkey,72.761237,99.099208
1456,2,1,2025-09-09,Lithuania,Greece,99.335343,90.92735
1456,3,1,2025-09-10,Finland,Georgia,86.471925,60.572784
1456,4,1,2025-09-10,Germany,Slovenia,121.91943,95.752436
1457,1,1,2025-09-09,Poland,Turkey,64.456409,67.784339
1457,2,1,2025-09-09,Lithuania,Greece,86.654072,59.78089
1457,3,1,2025-09-10,Finland,Georgia,104.59814,85.849523
1457,4,1,2025-09-10,Germany,Slovenia,99.853099,80.441065
1458,1,1,2025-09-09,Poland,Turkey,88.623467,102.43014
1458,2,1,2025-09-09,Lithuania,Greece,104.32971,72.241767
1458,3,1,2025-09-10,Finland,Georgia,86.607771,69.244352
1458,4,1,2025-09-10,Germany,Slovenia,103.21597,84.391687
1459,1,1,2025-09-09,Poland,Turkey,74.251755,87.916899
1459,2,1,2025-09-09,Lithuania,Greece,90.346631,49.976888
1459,3,1,2025-09-10,Finland,Georgia,97.317135,65.189929
1459,4,1,2025-09-10,Germany,Slovenia,109.49743,97.08009
1460,1,1,2025-09-09,Poland,Turkey,64.882302,56.722626
1460,2,1,2025-09-09,Lithuania,Greece,99.416102,84.55781
1460,3,1,2025-09-10,Finland,Georgia,99.167742,93.733412
1460,4,1,2025-09-10,Germany,Slovenia,89.480206,93.629373
1461,1,1,2025-09-09,Poland,Turkey,89.764686,73.623069
1461,2,1,2025-09-09,Lithuania,Greece,91.883693,91.796911
1461,3,1,2025-09-10,Finland,Georgia,91.056703,68.33899
1461,4,1,2025-09-10,Germany,Slovenia,113.09273,89.668516
1462,1,1,2025-09-09,Poland,Turkey,79.78595,90.018696
1462,2,1,2025-09-09,Lithuania,Greece,84.524992,71.147846
1462,3,1,2025-09-10,Finland,Georgia,99.971705,73.061156
1462,4,1,2025-09-10,Germany,Slovenia,95.121065,93.048377
1463,1,1,2025-09-09,Poland,Turkey,104.97536,104.08207
1463,2,1,2025-09-09,Lithuania,Greece,86.185064,85.137802
1463,3,1,2025-09-10,Finland,Georgia,80.311682,89.324922
1463,4,1,2025-09-10,Germany,Slovenia,109.96717,88.309852
1464,1,1,2025-09-09,Poland,Turkey,53.180198,83.221217
1464,2,1,2025-09-09,Lithuania,Greece,80.650716,81.103827
1464,3,1,2025-09-10,Finland,Georgia,75.586889,77.078267
1464,4,1,2025-09-10,Germany,Slovenia,84.884523,72.932617
1465,1,1,2025-09-09,Poland,Turkey,66.089845,89.170556
1465,2,1,2025-09-09,Lithuania,Greece,95.893482,89.971965
1465,3,1,2025-09-10,Finland,Georgia,98.735175,83.053595
1465,4,1,2025-09-10,Germany,Slovenia,122.07334,76.850091
1466,1,1,2025-09-09,Poland,Turkey,83.72615,73.051394
1466,2,1,2025-09-09,Lithuania,Greece,87.474136,56.681782
1466,3,1,2025-09-10,Finland,Georgia,70.260918,84.782101
1466,4,1,2025-09-10,Germany,Slovenia,92.18591,89.050344
1467,1,1,2025-09-09,Poland,Turkey,82.004291,87.269187
1467,2,1,2025-09-09,Lithuania,Greece,93.293815,82.263094
1467,3,1,2025-09-10,Finland,Georgia,101.90125,79.972965
1467,4,1,2025-09-10,Germany,Slovenia,101.73585,76.797892
1468,1,1,2025-09-09,Poland,Turkey,87.336696,80.662265
1468,2,1,2025-09-09,Lithuania,Greece,90.27663,66.231888
1468,3,1,2025-09-10,Finland,Georgia,92.563709,79.990451
1468,4,1,2025-09-10,Germany,Slovenia,99.3752,117.97837
1469,1,1,2025-09-09,Poland,Turkey,76.14225,115.54645
1469,2,1,2025-09-09,Lithuania,Greece,89.881611,70.371124
1469,3,1,2025-09-10,Finland,Georgia,104.34428,86.820868
1469,4,1,2025-09-10,Germany,Slovenia,96.017092,76.914162
1470,1,1,2025-09-09,Poland,Turkey,74.100019,90.571085
1470,2,1,2025-09-09,Lithuania,Greece,68.463698,81.917952
1470,3,1,2025-09-10,Finland,Georgia,107.37737,58.325078
1470,4,1,2025-09-10,Germany,Slovenia,103.96564,104.40904
1471,1,1,2025-09-09,Poland,Turkey,66.31406,77.426301
1471,2,1,2025-09-09,Lithuania,Greece,86.311405,89.80459
1471,3,1,2025-09-10,Finland,Georgia,89.162464,86.738015
1471,4,1,2025-09-10,Germany,Slovenia,97.58888,75.85681
1472,1,1,2025-09-09,Poland,Turkey,76.919533,98.798989
1472,2,1,2025-09-09,Lithuania,Greece,70.901297,65.365642
1472,3,1,2025-09-10,Finland,Georgia,100.64788,78.776941
1472,4,1,2025-09-10,Germany,Slovenia,94.914352,89.219777
1473,1,1,2025-09-09,Poland,Turkey,93.448593,69.553765
1473,2,1,2025-09-09,Lithuania,Greece,97.369357,51.647519
1473,3,1,2025-09-10,Finland,Georgia,89.576541,70.928692
1473,4,1,2025-09-10,Germany,Slovenia,120.29954,89.804793
1474,1,1,2025-09-09,Poland,Turkey,64.984396,91.871559
1474,2,1,2025-09-09,Lithuania,Greece,87.274039,78.13351
1474,3,1,2025-09-10,Finland,Georgia,96.756063,90.074841
1474,4,1,2025-09-10,Germany,Slovenia,108.62731,89.898878
1475,1,1,2025-09-09,Poland,Turkey,102.77987,110.07342
1475,2,1,2025-09-09,Lithuania,Greece,93.418497,79.193476
1475,3,1,2025-09-10,Finland,Georgia,108.227,81.409276
1475,4,1,2025-09-10,Germany,Slovenia,98.308151,85.021197
1476,1,1,2025-09-09,Poland,Turkey,75.219632,73.170079
1476,2,1,2025-09-09,Lithuania,Greece,83.276124,76.233532
1476,3,1,2025-09-10,Finland,Georgia,84.978668,73.640458
1476,4,1,2025-09-10,Germany,Slovenia,101.07452,89.483608
1477,1,1,2025-09-09,Poland,Turkey,72.51951,81.785561
1477,2,1,2025-09-09,Lithuania,Greece,90.494964,79.323505
1477,3,1,2025-09-10,Finland,Georgia,103.5592,88.687153
1477,4,1,2025-09-10,Germany,Slovenia,104.10237,86.307056
1478,1,1,2025-09-09,Poland,Turkey,63.260305,97.134657
1478,2,1,2025-09-09,Lithuania,Greece,84.989433,71.563113
1478,3,1,2025-09-10,Finland,Georgia,85.919289,76.081671
1478,4,1,2025-09-10,Germany,Slovenia,105.01348,73.338564
1479,1,1,2025-09-09,Poland,Turkey,105.32059,92.803768
1479,2,1,2025-09-09,Lithuania,Greece,78.224845,85.949143
1479,3,1,2025-09-10,Finland,Georgia,98.439765,51.459956
1479,4,1,2025-09-10,Germany,Slovenia,124.11552,95.859214
1480,1,1,2025-09-09,Poland,Turkey,74.088996,95.662942
1480,2,1,2025-09-09,Lithuania,Greece,79.306533,69.664556
1480,3,1,2025-09-10,Finland,Georgia,96.869183,94.181532
1480,4,1,2025-09-10,Germany,Slovenia,99.598014,92.813917
1481,1,1,2025-09-09,Poland,Turkey,56.69862,90.501953
1481,2,1,2025-09-09,Lithuania,Greece,84.707973,78.914718
1481,3,1,2025-09-10,Finland,Georgia,72.530589,67.868562
1481,4,1,2025-09-10,Germany,Slovenia,104.50421,83.592446
1482,1,1,2025-09-09,Poland,Turkey,72.833809,76.102098
1482,2,1,2025-09-09,Lithuania,Greece,64.027675,63.397271
1482,3,1,2025-09-10,Finland,Georgia,100.36825,74.690227
1482,4,1,2025-09-10,Germany,Slovenia,97.97108,89.101057
1483,1,1,2025-09-09,Poland,Turkey,84.81492,84.685563
1483,2,1,2025-09-09,Lithuania,Greece,86.538647,98.803326
1483,3,1,2025-09-10,Finland,Georgia,90.260637,77.930507
1483,4,1,2025-09-10,Germany,Slovenia,105.9899,28.325765
1484,1,1,2025-09-09,Poland,Turkey,90.020444,81.793176
1484,2,1,2025-09-09,Lithuania,Greece,90.937561,60.409007
1484,3,1,2025-09-10,Finland,Georgia,107.94642,80.804576
1484,4,1,2025-09-10,Germany,Slovenia,78.182745,80.226654
1485,1,1,2025-09-09,Poland,Turkey,76.007862,70.447563
1485,2,1,2025-09-09,Lithuania,Greece,87.818931,95.728337
1485,3,1,2025-09-10,Finland,Georgia,89.470239,57.206243
1485,4,1,2025-09-10,Germany,Slovenia,103.41149,99.105434
1486,1,1,2025-09-09,Poland,Turkey,61.861642,85.806
1486,2,1,2025-09-09,Lithuania,Greece,95.754949,68.277468
1486,3,1,2025-09-10,Finland,Georgia,91.180596,73.013087
1486,4,1,2025-09-10,Germany,Slovenia,116.00257,75.340492
1487,1,1,2025-09-09,Poland,Turkey,82.396228,93.526541
1487,2,1,2025-09-09,Lithuania,Greece,100.55741,63.390242
1487,3,1,2025-09-10,Finland,Georgia,103.70035,61.488048
1487,4,1,2025-09-10,Germany,Slovenia,110.14494,90.613321
1488,1,1,2025-09-09,Poland,Turkey,86.849345,93.486636
1488,2,1,2025-09-09,Lithuania,Greece,90.552043,80.883347
1488,3,1,2025-09-10,Finland,Georgia,93.296954,77.748854
1488,4,1,2025-09-10,Germany,Slovenia,92.175148,90.786919
1489,1,1,2025-09-09,Poland,Turkey,58.243168,84.486196
1489,2,1,2025-09-09,Lithuania,Greece,92.055097,78.465601
1489,3,1,2025-09-10,Finland,Georgia,114.98732,90.611529
1489,4,1,2025-09-10,Germany,Slovenia,80.780122,88.360526
1490,1,1,2025-09-09,Poland,Turkey,84.898156,72.059199
1490,2,1,2025-09-09,Lithuania,Greece,91.695853,93.639746
1490,3,1,2025-09-10,Finland,Georgia,91.892881,70.999502
1490,4,1,2025-09-10,Germany,Slovenia,98.47735,80.954991
1491,1,1,2025-09-09,Poland,Turkey,65.929127,99.999987
1491,2,1,2025-09-09,Lithuania,Greece,83.690718,64.407593
1491,3,1,2025-09-10,Finland,Georgia,83.526594,74.242806
1491,4,1,2025-09-10,Germany,Slovenia,96.489508,78.409892
1492,1,1,2025-09-09,Poland,Turkey,81.176151,53.232956
1492,2,1,2025-09-09,Lithuania,Greece,110.40186,70.208349
1492,3,1,2025-09-10,Finland,Georgia,97.762502,67.570594
1492,4,1,2025-09-10,Germany,Slovenia,87.733734,94.634533
1493,1,1,2025-09-09,Poland,Turkey,82.415492,79.332054
1493,2,1,2025-09-09,Lithuania,Greece,80.446722,84.2535
1493,3,1,2025-09-10,Finland,Georgia,103.84879,73.815757
1493,4,1,2025-09-10,Germany,Slovenia,98.468787,93.609643
1494,1,1,2025-09-09,Poland,Turkey,91.717801,80.061891
1494,2,1,2025-09-09,Lithuania,Greece,93.07873,81.185989
1494,3,1,2025-09-10,Finland,Georgia,80.458372,76.827571
1494,4,1,2025-09-10,Germany,Slovenia,114.01379,91.756521
1495,1,1,2025-09-09,Poland,Turkey,71.813973,79.152432
1495,2,1,2025-09-09,Lithuania,Greece,84.913055,80.352893
1495,3,1,2025-09-10,Finland,Georgia,102.57625,97.178962
1495,4,1,2025-09-10,Germany,Slovenia,103.2345,89.554268
1496,1,1,2025-09-09,Poland,Turkey,70.224991,90.527937
1496,2,1,2025-09-09,Lithuania,Greece,85.025103,94.353855
1496,3,1,2025-09-10,Finland,Georgia,100.22735,88.241065
1496,4,1,2025-09-10,Germany,Slovenia,102.42309,91.372857
1497,1,1,2025-09-09,Poland,Turkey,51.576572,87.67372
1497,2,1,2025-09-09,Lithuania,Greece,81.410185,84.161399
1497,3,1,2025-09-10,Finland,Georgia,99.344489,92.17874
1497,4,1,2025-09-10,Germany,Slovenia,84.892935,83.031474
1498,1,1,2025-09-09,Poland,Turkey,65.957012,74.266429
1498,2,1,2025-09-09,Lithuania,Greece,107.17929,58.612727
1498,3,1,2025-09-10,Finland,Georgia,90.462693,71.247974
1498,4,1,2025-09-10,Germany,Slovenia,112.82634,94.531599
1499,1,1,2025-09-09,Poland,Turkey,87.071613,89.119204
1499,2,1,2025-09-09,Lithuania,Greece,83.946559,92.190093
1499,3,1,2025-09-10,Finland,Georgia,112.0405,74.492967
1499,4,1,2025-09-10,Germany,Slovenia,101.13609,95.651509
1500,1,1,2025-09-09,Poland,Turkey,92.726081,99.522062
1500,2,1,2025-09-09,Lithuania,Greece,95.62433,104.42881
1500,3,1,2025-09-10,Finland,Georgia,79.014838,76.35822
1500,4,1,2025-09-10,Germany,Slovenia,112.95058,71.471213
1501,1,1,2025-09-09,Poland,Turkey,53.125912,84.949358
1501,2,1,2025-09-09,Lithuania,Greece,86.780315,83.084712
1501,3,1,2025-09-10,Finland,Georgia,80.920789,68.210618
1501,4,1,2025-09-10,Germany,Slovenia,109.79271,78.218375
1502,1,1,2025-09-09,Poland,Turkey,75.162325,84.033394
1502,2,1,2025-09-09,Lithuania,Greece,93.360447,65.684476
1502,3,1,2025-09-10,Finland,Georgia,92.774238,85.384471
1502,4,1,2025-09-10,Germany,Slovenia,109.09577,92.947572
1503,1,1,2025-09-09,Poland,Turkey,69.09911,81.266337
1503,2,1,2025-09-09,Lithuania,Greece,75.765592,77.96775
1503,3,1,2025-09-10,Finland,Georgia,75.239104,75.278454
1503,4,1,2025-09-10,Germany,Slovenia,94.973699,48.443399
1504,1,1,2025-09-09,Poland,Turkey,91.935468,72.817969
1504,2,1,2025-09-09,Lithuania,Greece,98.278979,105.63218
1504,3,1,2025-09-10,Finland,Georgia,89.290664,77.533516
1504,4,1,2025-09-10,Germany,Slovenia,108.81456,93.801144
1505,1,1,2025-09-09,Poland,Turkey,67.640763,92.230412
1505,2,1,2025-09-09,Lithuania,Greece,75.619701,71.351631
1505,3,1,2025-09-10,Finland,Georgia,102.0993,54.914164
1505,4,1,2025-09-10,Germany,Slovenia,108.12289,68.823915
1506,1,1,2025-09-09,Poland,Turkey,80.883138,85.575923
1506,2,1,2025-09-09,Lithuania,Greece,94.707952,73.39607
1506,3,1,2025-09-10,Finland,Georgia,94.184776,61.560781
1506,4,1,2025-09-10,Germany,Slovenia,96.584903,89.173683
1507,1,1,2025-09-09,Poland,Turkey,60.699488,94.402371
1507,2,1,2025-09-09,Lithuania,Greece,101.53022,76.541275
1507,3,1,2025-09-10,Finland,Georgia,87.817059,73.161661
1507,4,1,2025-09-10,Germany,Slovenia,109.92239,90.97652
1508,1,1,2025-09-09,Poland,Turkey,83.46061,102.71295
1508,2,1,2025-09-09,Lithuania,Greece,77.09433,70.971554
1508,3,1,2025-09-10,Finland,Georgia,92.95412,67.855639
1508,4,1,2025-09-10,Germany,Slovenia,95.944126,97.202988
1509,1,1,2025-09-09,Poland,Turkey,79.5542,87.59931
1509,2,1,2025-09-09,Lithuania,Greece,92.044903,63.501134
1509,3,1,2025-09-10,Finland,Georgia,93.781014,78.856894
1509,4,1,2025-09-10,Germany,Slovenia,119.84841,99.157799
1510,1,1,2025-09-09,Poland,Turkey,78.277148,77.294361
1510,2,1,2025-09-09,Lithuania,Greece,97.938842,68.429133
1510,3,1,2025-09-10,Finland,Georgia,91.457263,61.524454
1510,4,1,2025-09-10,Germany,Slovenia,95.24273,80.503403
1511,1,1,2025-09-09,Poland,Turkey,69.80192,74.091216
1511,2,1,2025-09-09,Lithuania,Greece,91.950397,88.235849
1511,3,1,2025-09-10,Finland,Georgia,92.060609,89.540767
1511,4,1,2025-09-10,Germany,Slovenia,108.58854,78.538279
1512,1,1,2025-09-09,Poland,Turkey,93.848295,79.295137
1512,2,1,2025-09-09,Lithuania,Greece,86.992152,67.567609
1512,3,1,2025-09-10,Finland,Georgia,71.390236,78.493092
1512,4,1,2025-09-10,Germany,Slovenia,111.42479,105.87808
1513,1,1,2025-09-09,Poland,Turkey,73.000963,70.740339
1513,2,1,2025-09-09,Lithuania,Greece,92.326577,64.243634
1513,3,1,2025-09-10,Finland,Georgia,84.120102,80.119079
1513,4,1,2025-09-10,Germany,Slovenia,117.75417,61.880379
1514,1,1,2025-09-09,Poland,Turkey,70.089363,86.059916
1514,2,1,2025-09-09,Lithuania,Greece,83.487611,61.198206
1514,3,1,2025-09-10,Finland,Georgia,89.307661,75.731135
1514,4,1,2025-09-10,Germany,Slovenia,102.93617,82.999937
1515,1,1,2025-09-09,Poland,Turkey,82.871107,79.379992
1515,2,1,2025-09-09,Lithuania,Greece,87.918251,79.699651
1515,3,1,2025-09-10,Finland,Georgia,109.19109,77.466309
1515,4,1,2025-09-10,Germany,Slovenia,106.83394,104.3784
1516,1,1,2025-09-09,Poland,Turkey,80.022852,104.30563
1516,2,1,2025-09-09,Lithuania,Greece,85.174156,62.500567
1516,3,1,2025-09-10,Finland,Georgia,88.832295,92.810429
1516,4,1,2025-09-10,Germany,Slovenia,96.517573,89.009043
1517,1,1,2025-09-09,Poland,Turkey,63.307727,96.822251
1517,2,1,2025-09-09,Lithuania,Greece,84.394195,79.44025
1517,3,1,2025-09-10,Finland,Georgia,92.498503,76.395107
1517,4,1,2025-09-10,Germany,Slovenia,90.272053,56.24588
1518,1,1,2025-09-09,Poland,Turkey,95.530338,93.226134
1518,2,1,2025-09-09,Lithuania,Greece,85.166309,66.506696
1518,3,1,2025-09-10,Finland,Georgia,88.475455,65.402705
1518,4,1,2025-09-10,Germany,Slovenia,105.7549,87.564562
1519,1,1,2025-09-09,Poland,Turkey,60.595933,90.435883
1519,2,1,2025-09-09,Lithuania,Greece,94.08735,65.102345
1519,3,1,2025-09-10,Finland,Georgia,82.471866,68.567332
1519,4,1,2025-09-10,Germany,Slovenia,105.43619,81.75788
1520,1,1,2025-09-09,Poland,Turkey,70.830017,77.479261
1520,2,1,2025-09-09,Lithuania,Greece,99.239668,91.21437
1520,3,1,2025-09-10,Finland,Georgia,92.468365,67.763429
1520,4,1,2025-09-10,Germany,Slovenia,109.26419,81.415592
1521,1,1,2025-09-09,Poland,Turkey,70.982619,107.81626
1521,2,1,2025-09-09,Lithuania,Greece,72.704634,85.108591
1521,3,1,2025-09-10,Finland,Georgia,92.138634,83.226352
1521,4,1,2025-09-10,Germany,Slovenia,120.21249,84.679943
1522,1,1,2025-09-09,Poland,Turkey,90.797124,77.920825
1522,2,1,2025-09-09,Lithuania,Greece,94.321677,93.945548
1522,3,1,2025-09-10,Finland,Georgia,74.612717,92.174415
1522,4,1,2025-09-10,Germany,Slovenia,118.69727,84.753983
1523,1,1,2025-09-09,Poland,Turkey,72.031263,82.771516
1523,2,1,2025-09-09,Lithuania,Greece,92.694868,72.860582
1523,3,1,2025-09-10,Finland,Georgia,99.890121,81.676747
1523,4,1,2025-09-10,Germany,Slovenia,99.96743,81.383969
1524,1,1,2025-09-09,Poland,Turkey,79.950557,90.726432
1524,2,1,2025-09-09,Lithuania,Greece,82.124967,67.746914
1524,3,1,2025-09-10,Finland,Georgia,89.213029,59.383744
1524,4,1,2025-09-10,Germany,Slovenia,95.716067,84.498032
1525,1,1,2025-09-09,Poland,Turkey,92.923643,77.823833
1525,2,1,2025-09-09,Lithuania,Greece,78.939111,69.919774
1525,3,1,2025-09-10,Finland,Georgia,94.746161,70.771241
1525,4,1,2025-09-10,Germany,Slovenia,102.34259,89.242484
1526,1,1,2025-09-09,Poland,Turkey,71.243453,73.515487
1526,2,1,2025-09-09,Lithuania,Greece,91.631194,73.028863
1526,3,1,2025-09-10,Finland,Georgia,125.92625,82.85464
1526,4,1,2025-09-10,Germany,Slovenia,100.60629,75.602163
1527,1,1,2025-09-09,Poland,Turkey,72.507442,80.223072
1527,2,1,2025-09-09,Lithuania,Greece,92.227395,86.13205
1527,3,1,2025-09-10,Finland,Georgia,89.531754,82.450574
1527,4,1,2025-09-10,Germany,Slovenia,88.877398,86.60757
1528,1,1,2025-09-09,Poland,Turkey,69.305162,78.504684
1528,2,1,2025-09-09,Lithuania,Greece,115.57305,83.468002
1528,3,1,2025-09-10,Finland,Georgia,114.1847,55.868444
1528,4,1,2025-09-10,Germany,Slovenia,103.44786,90.837481
1529,1,1,2025-09-09,Poland,Turkey,96.087103,88.836669
1529,2,1,2025-09-09,Lithuania,Greece,73.875175,79.668314
1529,3,1,2025-09-10,Finland,Georgia,111.85179,71.106479
1529,4,1,2025-09-10,Germany,Slovenia,106.84841,100.52969
1530,1,1,2025-09-09,Poland,Turkey,64.273574,92.484183
1530,2,1,2025-09-09,Lithuania,Greece,82.353149,95.357063
1530,3,1,2025-09-10,Finland,Georgia,94.676825,90.218888
1530,4,1,2025-09-10,Germany,Slovenia,115.91979,92.756624
1531,1,1,2025-09-09,Poland,Turkey,62.468182,92.757898
1531,2,1,2025-09-09,Lithuania,Greece,101.27098,68.998744
1531,3,1,2025-09-10,Finland,Georgia,93.647384,59.39486
1531,4,1,2025-09-10,Germany,Slovenia,76.340907,68.654779
1532,1,1,2025-09-09,Poland,Turkey,91.927348,88.605355
1532,2,1,2025-09-09,Lithuania,Greece,93.12457,88.452818
1532,3,1,2025-09-10,Finland,Georgia,79.723796,64.12247
1532,4,1,2025-09-10,Germany,Slovenia,108.83279,94.164472
1533,1,1,2025-09-09,Poland,Turkey,74.555884,77.039585
1533,2,1,2025-09-09,Lithuania,Greece,109.04694,78.329369
1533,3,1,2025-09-10,Finland,Georgia,91.790559,71.626905
1533,4,1,2025-09-10,Germany,Slovenia,89.82756,86.876452
1534,1,1,2025-09-09,Poland,Turkey,76.113733,87.519648
1534,2,1,2025-09-09,Lithuania,Greece,70.504919,76.044608
1534,3,1,2025-09-10,Finland,Georgia,97.022882,87.487084
1534,4,1,2025-09-10,Germany,Slovenia,140.43569,103.23341
1535,1,1,2025-09-09,Poland,Turkey,69.175519,111.93065
1535,2,1,2025-09-09,Lithuania,Greece,94.722357,28.933076
1535,3,1,2025-09-10,Finland,Georgia,88.834265,79.3548
1535,4,1,2025-09-10,Germany,Slovenia,93.404199,80.557961
1536,1,1,2025-09-09,Poland,Turkey,94.777279,87.169311
1536,2,1,2025-09-09,Lithuania,Greece,91.422125,71.91162
1536,3,1,2025-09-10,Finland,Georgia,86.615181,51.335392
1536,4,1,2025-09-10,Germany,Slovenia,90.161575,80.183761
1537,1,1,2025-09-09,Poland,Turkey,88.173814,95.834406
1537,2,1,2025-09-09,Lithuania,Greece,81.693116,69.633177
1537,3,1,2025-09-10,Finland,Georgia,99.995224,75.243423
1537,4,1,2025-09-10,Germany,Slovenia,104.61334,84.441852
1538,1,1,2025-09-09,Poland,Turkey,101.11113,86.764882
1538,2,1,2025-09-09,Lithuania,Greece,87.95299,54.782144
1538,3,1,2025-09-10,Finland,Georgia,93.405186,69.857148
1538,4,1,2025-09-10,Germany,Slovenia,119.87276,89.073991
1539,1,1,2025-09-09,Poland,Turkey,91.295435,90.489827
1539,2,1,2025-09-09,Lithuania,Greece,86.875674,71.397476
1539,3,1,2025-09-10,Finland,Georgia,112.08093,75.365012
1539,4,1,2025-09-10,Germany,Slovenia,97.145171,84.806065
1540,1,1,2025-09-09,Poland,Turkey,75.651195,65.448654
1540,2,1,2025-09-09,Lithuania,Greece,100.36244,92.168724
1540,3,1,2025-09-10,Finland,Georgia,111.86902,86.165508
1540,4,1,2025-09-10,Germany,Slovenia,105.11286,69.016848
1541,1,1,2025-09-09,Poland,Turkey,67.556458,81.609713
1541,2,1,2025-09-09,Lithuania,Greece,82.244247,73.030635
1541,3,1,2025-09-10,Finland,Georgia,77.253899,80.097899
1541,4,1,2025-09-10,Germany,Slovenia,107.88868,78.152071
1542,1,1,2025-09-09,Poland,Turkey,44.323483,104.77971
1542,2,1,2025-09-09,Lithuania,Greece,76.465082,73.928509
1542,3,1,2025-09-10,Finland,Georgia,108.58178,79.867657
1542,4,1,2025-09-10,Germany,Slovenia,103.40415,95.06973
1543,1,1,2025-09-09,Poland,Turkey,84.209164,103.43508
1543,2,1,2025-09-09,Lithuania,Greece,86.731238,73.883859
1543,3,1,2025-09-10,Finland,Georgia,100.04164,68.909595
1543,4,1,2025-09-10,Germany,Slovenia,91.583022,86.306347
1544,1,1,2025-09-09,Poland,Turkey,91.998994,101.20386
1544,2,1,2025-09-09,Lithuania,Greece,87.308211,67.168007
1544,3,1,2025-09-10,Finland,Georgia,69.250784,62.351205
1544,4,1,2025-09-10,Germany,Slovenia,94.820419,79.999437
1545,1,1,2025-09-09,Poland,Turkey,97.084684,87.513842
1545,2,1,2025-09-09,Lithuania,Greece,83.722907,64.408405
1545,3,1,2025-09-10,Finland,Georgia,89.593932,92.931106
1545,4,1,2025-09-10,Germany,Slovenia,112.89574,68.418912
1546,1,1,2025-09-09,Poland,Turkey,77.394798,101.12169
1546,2,1,2025-09-09,Lithuania,Greece,70.830539,84.463804
1546,3,1,2025-09-10,Finland,Georgia,93.784952,68.841903
1546,4,1,2025-09-10,Germany,Slovenia,108.88501,80.084460000000007
1547,1,1,2025-09-09,Poland,Turkey,84.583756,80.620218
1547,2,1,2025-09-09,Lithuania,Greece,89.387332,73.460664
1547,3,1,2025-09-10,Finland,Georgia,84.892135,76.766464
1547,4,1,2025-09-10,Germany,Slovenia,118.99131,90.012357
1548,1,1,2025-09-09,Poland,Turkey,82.597995,103.90612
1548,2,1,2025-09-09,Lithuania,Greece,101.20785,92.507151
1548,3,1,2025-09-10,Finland,Georgia,96.319971,55.760745
1548,4,1,2025-09-10,Germany,Slovenia,102.15911,96.884559
1549,1,1,2025-09-09,Poland,Turkey,51.938619,93.187252
1549,2,1,2025-09-09,Lithuania,Greece,90.844842,74.233822
1549,3,1,2025-09-10,Finland,Georgia,109.43322,93.910608
1549,4,1,2025-09-10,Germany,Slovenia,97.791298,94.215815
1550,1,1,2025-09-09,Poland,Turkey,84.880596,95.367007
1550,2,1,2025-09-09,Lithuania,Greece,76.783045,63.498036
1550,3,1,2025-09-10,Finland,Georgia,102.95281,76.054324
1550,4,1,2025-09-10,Germany,Slovenia,106.30065,72.057999
1551,1,1,2025-09-09,Poland,Turkey,61.101147,81.059884
1551,2,1,2025-09-09,Lithuania,Greece,90.003702,78.294581
1551,3,1,2025-09-10,Finland,Georgia,101.95989,102.56051
1551,4,1,2025-09-10,Germany,Slovenia,113.98428,106.5314
1552,1,1,2025-09-09,Poland,Turkey,72.810251,79.163722
1552,2,1,2025-09-09,Lithuania,Greece,76.747395,64.46167
1552,3,1,2025-09-10,Finland,Georgia,109.63896,61.515035
1552,4,1,2025-09-10,Germany,Slovenia,104.91292,97.999746
1553,1,1,2025-09-09,Poland,Turkey,76.890191,88.133895
1553,2,1,2025-09-09,Lithuania,Greece,79.987408,70.2255
1553,3,1,2025-09-10,Finland,Georgia,99.155066,83.655371
1553,4,1,2025-09-10,Germany,Slovenia,126.17244,102.08417
1554,1,1,2025-09-09,Poland,Turkey,57.984455,100.31788
1554,2,1,2025-09-09,Lithuania,Greece,90.776452,73.337196
1554,3,1,2025-09-10,Finland,Georgia,83.947443,79.518882
1554,4,1,2025-09-10,Germany,Slovenia,103.9138,98.945491
1555,1,1,2025-09-09,Poland,Turkey,67.583113,76.182407
1555,2,1,2025-09-09,Lithuania,Greece,77.444149,66.76197
1555,3,1,2025-09-10,Finland,Georgia,101.66714,84.764518
1555,4,1,2025-09-10,Germany,Slovenia,115.44697,88.724996
1556,1,1,2025-09-09,Poland,Turkey,87.370362,94.851524
1556,2,1,2025-09-09,Lithuania,Greece,78.022481,75.239711
1556,3,1,2025-09-10,Finland,Georgia,105.92195,97.976002
1556,4,1,2025-09-10,Germany,Slovenia,97.696106,80.33627
1557,1,1,2025-09-09,Poland,Turkey,68.635026,83.322637
1557,2,1,2025-09-09,Lithuania,Greece,61.208739,71.20308
1557,3,1,2025-09-10,Finland,Georgia,98.885178,74.286277
1557,4,1,2025-09-10,Germany,Slovenia,94.002045,80.374808
1558,1,1,2025-09-09,Poland,Turkey,66.992603,76.738639
1558,2,1,2025-09-09,Lithuania,Greece,85.90231,83.451886
1558,3,1,2025-09-10,Finland,Georgia,102.44089,93.175546
1558,4,1,2025-09-10,Germany,Slovenia,114.50187,101.01774
1559,1,1,2025-09-09,Poland,Turkey,64.943119,105.23308
1559,2,1,2025-09-09,Lithuania,Greece,77.439852,68.615925
1559,3,1,2025-09-10,Finland,Georgia,101.7792,83.648448
1559,4,1,2025-09-10,Germany,Slovenia,88.503461,82.836772
1560,1,1,2025-09-09,Poland,Turkey,72.965918,94.174171
1560,2,1,2025-09-09,Lithuania,Greece,89.880445,60.912777
1560,3,1,2025-09-10,Finland,Georgia,108.5183,83.075368
1560,4,1,2025-09-10,Germany,Slovenia,92.155781,79.531848
1561,1,1,2025-09-09,Poland,Turkey,77.622329,97.750808
1561,2,1,2025-09-09,Lithuania,Greece,87.308463,50.428007
1561,3,1,2025-09-10,Finland,Georgia,94.790205,73.992584
1561,4,1,2025-09-10,Germany,Slovenia,133.5006,88.087438
1562,1,1,2025-09-09,Poland,Turkey,66.559387,89.76986
1562,2,1,2025-09-09,Lithuania,Greece,103.72917,79.702235
1562,3,1,2025-09-10,Finland,Georgia,71.850584,38.546598
1562,4,1,2025-09-10,Germany,Slovenia,97.81228,70.733145
1563,1,1,2025-09-09,Poland,Turkey,84.575693,102.29948
1563,2,1,2025-09-09,Lithuania,Greece,89.301828,81.684915
1563,3,1,2025-09-10,Finland,Georgia,99.519272,76.384188
1563,4,1,2025-09-10,Germany,Slovenia,118.05055,82.010609
1564,1,1,2025-09-09,Poland,Turkey,82.536296,97.235414
1564,2,1,2025-09-09,Lithuania,Greece,90.437857,68.39798
1564,3,1,2025-09-10,Finland,Georgia,91.395698,69.162152
1564,4,1,2025-09-10,Germany,Slovenia,96.37441,92.815281
1565,1,1,2025-09-09,Poland,Turkey,81.170184,96.181269
1565,2,1,2025-09-09,Lithuania,Greece,97.408231,75.496144
1565,3,1,2025-09-10,Finland,Georgia,113.42219,69.120106
1565,4,1,2025-09-10,Germany,Slovenia,82.01012,79.275732
1566,1,1,2025-09-09,Poland,Turkey,80.369182,89.33587
1566,2,1,2025-09-09,Lithuania,Greece,81.587359,83.667133
1566,3,1,2025-09-10,Finland,Georgia,97.078389,65.06197
1566,4,1,2025-09-10,Germany,Slovenia,109.88382,85.09988
1567,1,1,2025-09-09,Poland,Turkey,87.205494,65.693039
1567,2,1,2025-09-09,Lithuania,Greece,72.854809,82.719707
1567,3,1,2025-09-10,Finland,Georgia,101.6828,63.869567
1567,4,1,2025-09-10,Germany,Slovenia,94.768845,74.182088
1568,1,1,2025-09-09,Poland,Turkey,85.302439,100.77155
1568,2,1,2025-09-09,Lithuania,Greece,95.882107,63.738431
1568,3,1,2025-09-10,Finland,Georgia,105.88191,71.884555
1568,4,1,2025-09-10,Germany,Slovenia,117.428,77.65853
1569,1,1,2025-09-09,Poland,Turkey,56.201509,76.791108
1569,2,1,2025-09-09,Lithuania,Greece,62.129723,84.849559
1569,3,1,2025-09-10,Finland,Georgia,111.62085,90.696887
1569,4,1,2025-09-10,Germany,Slovenia,102.55012,78.619511
1570,1,1,2025-09-09,Poland,Turkey,53.632839,64.037529
1570,2,1,2025-09-09,Lithuania,Greece,73.04898,80.642988
1570,3,1,2025-09-10,Finland,Georgia,94.573265,81.864088
1570,4,1,2025-09-10,Germany,Slovenia,113.91141,100.38697
1571,1,1,2025-09-09,Poland,Turkey,85.564894,82.961067
1571,2,1,2025-09-09,Lithuania,Greece,114.59073,82.719471
1571,3,1,2025-09-10,Finland,Georgia,80.849156,59.185886000000004
1571,4,1,2025-09-10,Germany,Slovenia,97.311437,68.856587
1572,1,1,2025-09-09,Poland,Turkey,78.620243,74.236473
1572,2,1,2025-09-09,Lithuania,Greece,93.578637,89.458832
1572,3,1,2025-09-10,Finland,Georgia,79.640087,82.081645
1572,4,1,2025-09-10,Germany,Slovenia,101.44358,93.327763
1573,1,1,2025-09-09,Poland,Turkey,87.708492,90.528676
1573,2,1,2025-09-09,Lithuania,Greece,90.277074,90.427386
1573,3,1,2025-09-10,Finland,Georgia,104.90395,78.183072
1573,4,1,2025-09-10,Germany,Slovenia,90.271275,93.303159
1574,1,1,2025-09-09,Poland,Turkey,78.103164,76.46837
1574,2,1,2025-09-09,Lithuania,Greece,88.182692,78.808113
1574,3,1,2025-09-10,Finland,Georgia,87.15544,99.274376
1574,4,1,2025-09-10,Germany,Slovenia,89.407372,85.412679
1575,1,1,2025-09-09,Poland,Turkey,65.652758,96.022066
1575,2,1,2025-09-09,Lithuania,Greece,76.185191,77.779904
1575,3,1,2025-09-10,Finland,Georgia,83.337702,67.953901
1575,4,1,2025-09-10,Germany,Slovenia,100.58032,88.766307
1576,1,1,2025-09-09,Poland,Turkey,86.377366,81.122362
1576,2,1,2025-09-09,Lithuania,Greece,70.91114,71.973785
1576,3,1,2025-09-10,Finland,Georgia,83.286275,85.888796
1576,4,1,2025-09-10,Germany,Slovenia,114.85505,93.839469
1577,1,1,2025-09-09,Poland,Turkey,86.196204,87.044471
1577,2,1,2025-09-09,Lithuania,Greece,67.886535,72.11779
1577,3,1,2025-09-10,Finland,Georgia,102.49178,69.451824
1577,4,1,2025-09-10,Germany,Slovenia,107.2682,107.14132
1578,1,1,2025-09-09,Poland,Turkey,88.399762,99.132523
1578,2,1,2025-09-09,Lithuania,Greece,82.859453,74.384512
1578,3,1,2025-09-10,Finland,Georgia,88.039204,64.541677
1578,4,1,2025-09-10,Germany,Slovenia,117.72299,96.887908
1579,1,1,2025-09-09,Poland,Turkey,78.444943,92.287598
1579,2,1,2025-09-09,Lithuania,Greece,86.692241,72.491511
1579,3,1,2025-09-10,Finland,Georgia,107.91846,84.036264
1579,4,1,2025-09-10,Germany,Slovenia,114.96037,89.058983
1580,1,1,2025-09-09,Poland,Turkey,82.906508,91.157222
1580,2,1,2025-09-09,Lithuania,Greece,87.673615,82.337503
1580,3,1,2025-09-10,Finland,Georgia,82.222179,62.799992
1580,4,1,2025-09-10,Germany,Slovenia,111.03434,95.14814
1581,1,1,2025-09-09,Poland,Turkey,72.807573,90.872768
1581,2,1,2025-09-09,Lithuania,Greece,84.434416,78.644976
1581,3,1,2025-09-10,Finland,Georgia,62.319461,66.899319
1581,4,1,2025-09-10,Germany,Slovenia,106.1278,91.27501
1582,1,1,2025-09-09,Poland,Turkey,73.044931,93.225454
1582,2,1,2025-09-09,Lithuania,Greece,103.3183,79.788815
1582,3,1,2025-09-10,Finland,Georgia,102.67398,70.604876
1582,4,1,2025-09-10,Germany,Slovenia,88.526271,92.894993
1583,1,1,2025-09-09,Poland,Turkey,60.886494,87.67928
1583,2,1,2025-09-09,Lithuania,Greece,75.878708,87.644604
1583,3,1,2025-09-10,Finland,Georgia,111.99267,90.778747
1583,4,1,2025-09-10,Germany,Slovenia,82.331991,76.479385
1584,1,1,2025-09-09,Poland,Turkey,60.931363,88.210621
1584,2,1,2025-09-09,Lithuania,Greece,102.78539,107.00792
1584,3,1,2025-09-10,Finland,Georgia,104.54161,81.013809
1584,4,1,2025-09-10,Germany,Slovenia,96.789459,99.177318
1585,1,1,2025-09-09,Poland,Turkey,83.896264,111.72709
1585,2,1,2025-09-09,Lithuania,Greece,94.045065,84.92975
1585,3,1,2025-09-10,Finland,Georgia,116.7952,76.084411
1585,4,1,2025-09-10,Germany,Slovenia,106.48298,72.575614
1586,1,1,2025-09-09,Poland,Turkey,75.4171,58.407266
1586,2,1,2025-09-09,Lithuania,Greece,81.788365,60.361377
1586,3,1,2025-09-10,Finland,Georgia,101.35842,69.042078
1586,4,1,2025-09-10,Germany,Slovenia,97.851949,90.577378
1587,1,1,2025-09-09,Poland,Turkey,71.977333,85.871867
1587,2,1,2025-09-09,Lithuania,Greece,83.125471,80.387395
1587,3,1,2025-09-10,Finland,Georgia,107.54757,70.235081
1587,4,1,2025-09-10,Germany,Slovenia,103.38858,90.546242
1588,1,1,2025-09-09,Poland,Turkey,75.913583,72.968598
1588,2,1,2025-09-09,Lithuania,Greece,75.573406,91.489049
1588,3,1,2025-09-10,Finland,Georgia,89.118563,84.692872
1588,4,1,2025-09-10,Germany,Slovenia,123.13976,97.692876
1589,1,1,2025-09-09,Poland,Turkey,79.365022,84.635571
1589,2,1,2025-09-09,Lithuania,Greece,90.967396,90.551658
1589,3,1,2025-09-10,Finland,Georgia,122.62086,87.969394
1589,4,1,2025-09-10,Germany,Slovenia,81.627506,108.86734
1590,1,1,2025-09-09,Poland,Turkey,64.523741,91.099838
1590,2,1,2025-09-09,Lithuania,Greece,89.093758,67.075086
1590,3,1,2025-09-10,Finland,Georgia,83.243721,92.569343
1590,4,1,2025-09-10,Germany,Slovenia,107.03069,77.502718
1591,1,1,2025-09-09,Poland,Turkey,76.713534,86.477725
1591,2,1,2025-09-09,Lithuania,Greece,91.845465,75.518025
1591,3,1,2025-09-10,Finland,Georgia,99.036318,90.743794
1591,4,1,2025-09-10,Germany,Slovenia,118.09226,93.411785
1592,1,1,2025-09-09,Poland,Turkey,80.046109,80.952617
1592,2,1,2025-09-09,Lithuania,Greece,84.56212,71.242881
1592,3,1,2025-09-10,Finland,Georgia,88.039691,83.91546
1592,4,1,2025-09-10,Germany,Slovenia,91.445702,90.596055
1593,1,1,2025-09-09,Poland,Turkey,75.748727,95.3459
1593,2,1,2025-09-09,Lithuania,Greece,62.605459,52.746801
1593,3,1,2025-09-10,Finland,Georgia,93.786586,71.784085
1593,4,1,2025-09-10,Germany,Slovenia,94.524486,93.62454
1594,1,1,2025-09-09,Poland,Turkey,75.568562,91.49495
1594,2,1,2025-09-09,Lithuania,Greece,108.2486,84.98043
1594,3,1,2025-09-10,Finland,Georgia,104.8493,66.892254
1594,4,1,2025-09-10,Germany,Slovenia,105.48681,86.495676
1595,1,1,2025-09-09,Poland,Turkey,77.539254,65.416266
1595,2,1,2025-09-09,Lithuania,Greece,87.656962,65.769498
1595,3,1,2025-09-10,Finland,Georgia,86.207493,81.154027
1595,4,1,2025-09-10,Germany,Slovenia,115.63866,74.332374
1596,1,1,2025-09-09,Poland,Turkey,75.748846,77.914075
1596,2,1,2025-09-09,Lithuania,Greece,79.914179,77.621824
1596,3,1,2025-09-10,Finland,Georgia,92.232107,76.360835
1596,4,1,2025-09-10,Germany,Slovenia,99.301996,83.820848
1597,1,1,2025-09-09,Poland,Turkey,67.255892,89.506434
1597,2,1,2025-09-09,Lithuania,Greece,102.99578,79.857449
1597,3,1,2025-09-10,Finland,Georgia,100.86945,75.934376
1597,4,1,2025-09-10,Germany,Slovenia,104.52038,81.077182
1598,1,1,2025-09-09,Poland,Turkey,96.561546,72.285969
1598,2,1,2025-09-09,Lithuania,Greece,96.131448,75.794595
1598,3,1,2025-09-10,Finland,Georgia,108.53095,69.495288
1598,4,1,2025-09-10,Germany,Slovenia,93.839498,78.432661
1599,1,1,2025-09-09,Poland,Turkey,77.833287,82.203731
1599,2,1,2025-09-09,Lithuania,Greece,89.43296,97.159917
1599,3,1,2025-09-10,Finland,Georgia,98.383961,91.566271
1599,4,1,2025-09-10,Germany,Slovenia,76.952352,90.30092
1600,1,1,2025-09-09,Poland,Turkey,66.517021,81.690849
1600,2,1,2025-09-09,Lithuania,Greece,82.792869,54.526254
1600,3,1,2025-09-10,Finland,Georgia,100.12885,55.964396
1600,4,1,2025-09-10,Germany,Slovenia,96.38982,101.18098
1601,1,1,2025-09-09,Poland,Turkey,77.809258,71.664914
1601,2,1,2025-09-09,Lithuania,Greece,70.275134,73.873851
1601,3,1,2025-09-10,Finland,Georgia,86.283124,112.72722
1601,4,1,2025-09-10,Germany,Slovenia,108.39924,93.67785
1602,1,1,2025-09-09,Poland,Turkey,76.241259,80.937392
1602,2,1,2025-09-09,Lithuania,Greece,77.671923,73.27631
1602,3,1,2025-09-10,Finland,Georgia,92.926498,64.350867
1602,4,1,2025-09-10,Germany,Slovenia,106.04711,87.131417
1603,1,1,2025-09-09,Poland,Turkey,67.035124,70.138318
1603,2,1,2025-09-09,Lithuania,Greece,69.285473,72.20843
1603,3,1,2025-09-10,Finland,Georgia,105.13926,93.171288
1603,4,1,2025-09-10,Germany,Slovenia,105.28585,75.846784
1604,1,1,2025-09-09,Poland,Turkey,54.56883,82.816372
1604,2,1,2025-09-09,Lithuania,Greece,82.656404,89.833191
1604,3,1,2025-09-10,Finland,Georgia,104.55069,84.237296
1604,4,1,2025-09-10,Germany,Slovenia,105.08603,70.451552
1605,1,1,2025-09-09,Poland,Turkey,88.923702,94.649071
1605,2,1,2025-09-09,Lithuania,Greece,87.52164,60.03262
1605,3,1,2025-09-10,Finland,Georgia,86.488074,64.097131
1605,4,1,2025-09-10,Germany,Slovenia,103.69999,79.322226
1606,1,1,2025-09-09,Poland,Turkey,64.98538,108.99647
1606,2,1,2025-09-09,Lithuania,Greece,93.084748,63.418907
1606,3,1,2025-09-10,Finland,Georgia,98.163465,55.968214
1606,4,1,2025-09-10,Germany,Slovenia,106.34227,89.35843
1607,1,1,2025-09-09,Poland,Turkey,82.717981,65.481693
1607,2,1,2025-09-09,Lithuania,Greece,97.826629,75.443678
1607,3,1,2025-09-10,Finland,Georgia,116.96822,86.576738
1607,4,1,2025-09-10,Germany,Slovenia,109.2573,85.115745
1608,1,1,2025-09-09,Poland,Turkey,89.207611,111.61506
1608,2,1,2025-09-09,Lithuania,Greece,88.476847,110.52896
1608,3,1,2025-09-10,Finland,Georgia,112.57122,93.588675
1608,4,1,2025-09-10,Germany,Slovenia,113.09578,101.05026
1609,1,1,2025-09-09,Poland,Turkey,89.389181,110.91862
1609,2,1,2025-09-09,Lithuania,Greece,69.972708,74.160833
1609,3,1,2025-09-10,Finland,Georgia,105.64047,78.25818
1609,4,1,2025-09-10,Germany,Slovenia,102.02569,90.568206
1610,1,1,2025-09-09,Poland,Turkey,84.351995,96.641097
1610,2,1,2025-09-09,Lithuania,Greece,87.523929,61.506717
1610,3,1,2025-09-10,Finland,Georgia,107.4467,83.792308
1610,4,1,2025-09-10,Germany,Slovenia,98.091598,95.976596
1611,1,1,2025-09-09,Poland,Turkey,94.721264,90.254172
1611,2,1,2025-09-09,Lithuania,Greece,59.971609,62.432165
1611,3,1,2025-09-10,Finland,Georgia,93.334043,58.235741
1611,4,1,2025-09-10,Germany,Slovenia,96.848045,107.87883
1612,1,1,2025-09-09,Poland,Turkey,83.160496,72.307917
1612,2,1,2025-09-09,Lithuania,Greece,67.361233,73.675391
1612,3,1,2025-09-10,Finland,Georgia,117.16729,92.823132
1612,4,1,2025-09-10,Germany,Slovenia,108.85698,104.58612
1613,1,1,2025-09-09,Poland,Turkey,67.265402,67.697486
1613,2,1,2025-09-09,Lithuania,Greece,73.532641,74.435079
1613,3,1,2025-09-10,Finland,Georgia,93.748464,73.914426
1613,4,1,2025-09-10,Germany,Slovenia,103.3563,71.326479
1614,1,1,2025-09-09,Poland,Turkey,76.871155,106.19283
1614,2,1,2025-09-09,Lithuania,Greece,82.858601,72.109339
1614,3,1,2025-09-10,Finland,Georgia,96.665664,84.573384
1614,4,1,2025-09-10,Germany,Slovenia,123.92184,68.978607
1615,1,1,2025-09-09,Poland,Turkey,73.006404,91.499528
1615,2,1,2025-09-09,Lithuania,Greece,84.636179,75.00275
1615,3,1,2025-09-10,Finland,Georgia,95.152257,77.49291
1615,4,1,2025-09-10,Germany,Slovenia,106.90085,84.732074
1616,1,1,2025-09-09,Poland,Turkey,74.886401,78.374705
1616,2,1,2025-09-09,Lithuania,Greece,75.17898,107.16066
1616,3,1,2025-09-10,Finland,Georgia,74.508587,65.179204
1616,4,1,2025-09-10,Germany,Slovenia,92.088907,87.161245
1617,1,1,2025-09-09,Poland,Turkey,57.855303,99.202736
1617,2,1,2025-09-09,Lithuania,Greece,93.890698,73.789146
1617,3,1,2025-09-10,Finland,Georgia,93.382874,73.852479
1617,4,1,2025-09-10,Germany,Slovenia,85.749216,86.181641
1618,1,1,2025-09-09,Poland,Turkey,77.563427,89.104081
1618,2,1,2025-09-09,Lithuania,Greece,88.121986,68.901391
1618,3,1,2025-09-10,Finland,Georgia,102.82837,86.718982
1618,4,1,2025-09-10,Germany,Slovenia,108.79433,94.345083
1619,1,1,2025-09-09,Poland,Turkey,76.462103,90.484318
1619,2,1,2025-09-09,Lithuania,Greece,93.772894,78.337305
1619,3,1,2025-09-10,Finland,Georgia,104.58395,88.150258
1619,4,1,2025-09-10,Germany,Slovenia,93.835367,99.72008
1620,1,1,2025-09-09,Poland,Turkey,86.211675,90.892472
1620,2,1,2025-09-09,Lithuania,Greece,91.199774,96.863721
1620,3,1,2025-09-10,Finland,Georgia,88.934251,75.289676
1620,4,1,2025-09-10,Germany,Slovenia,90.819022,82.72985
1621,1,1,2025-09-09,Poland,Turkey,81.28759,88.286751
1621,2,1,2025-09-09,Lithuania,Greece,85.379568,75.555
1621,3,1,2025-09-10,Finland,Georgia,104.89839,103.07733
1621,4,1,2025-09-10,Germany,Slovenia,96.108359,84.98499
1622,1,1,2025-09-09,Poland,Turkey,64.177824,90.560445
1622,2,1,2025-09-09,Lithuania,Greece,88.909453,101.90932
1622,3,1,2025-09-10,Finland,Georgia,95.175969,85.300212
1622,4,1,2025-09-10,Germany,Slovenia,120.88942,85.989827
1623,1,1,2025-09-09,Poland,Turkey,74.029397,70.640216
1623,2,1,2025-09-09,Lithuania,Greece,86.29727,82.096969
1623,3,1,2025-09-10,Finland,Georgia,76.974456,74.048841
1623,4,1,2025-09-10,Germany,Slovenia,113.70382,72.481576
1624,1,1,2025-09-09,Poland,Turkey,65.912142,88.8611
1624,2,1,2025-09-09,Lithuania,Greece,90.660969,80.325616
1624,3,1,2025-09-10,Finland,Georgia,105.36909,79.202579
1624,4,1,2025-09-10,Germany,Slovenia,111.03789,77.221856
1625,1,1,2025-09-09,Poland,Turkey,78.13661,95.452688
1625,2,1,2025-09-09,Lithuania,Greece,89.087879,68.516005
1625,3,1,2025-09-10,Finland,Georgia,88.760394,60.563678
1625,4,1,2025-09-10,Germany,Slovenia,108.60429,88.019731
1626,1,1,2025-09-09,Poland,Turkey,69.585054,84.632349
1626,2,1,2025-09-09,Lithuania,Greece,69.357129,68.815323
1626,3,1,2025-09-10,Finland,Georgia,79.615984,65.318979
1626,4,1,2025-09-10,Germany,Slovenia,116.73311,87.326117
1627,1,1,2025-09-09,Poland,Turkey,75.258365,99.715464
1627,2,1,2025-09-09,Lithuania,Greece,65.203972,72.536209
1627,3,1,2025-09-10,Finland,Georgia,105.18099,78.542241
1627,4,1,2025-09-10,Germany,Slovenia,92.840353,81.125928
1628,1,1,2025-09-09,Poland,Turkey,89.343615,83.809519
1628,2,1,2025-09-09,Lithuania,Greece,80.836076,85.256172
1628,3,1,2025-09-10,Finland,Georgia,97.182821,69.424959
1628,4,1,2025-09-10,Germany,Slovenia,91.79519,74.299738
1629,1,1,2025-09-09,Poland,Turkey,86.205626,95.832248
1629,2,1,2025-09-09,Lithuania,Greece,98.863783,79.623129
1629,3,1,2025-09-10,Finland,Georgia,90.157506,62.379992
1629,4,1,2025-09-10,Germany,Slovenia,109.17476,97.519958
1630,1,1,2025-09-09,Poland,Turkey,71.987841,100.25878
1630,2,1,2025-09-09,Lithuania,Greece,87.697592,96.632075
1630,3,1,2025-09-10,Finland,Georgia,81.057464,73.278396
1630,4,1,2025-09-10,Germany,Slovenia,96.92518,77.294234
1631,1,1,2025-09-09,Poland,Turkey,76.506293,79.602332
1631,2,1,2025-09-09,Lithuania,Greece,66.089802,57.905517
1631,3,1,2025-09-10,Finland,Georgia,84.498077,75.645553
1631,4,1,2025-09-10,Germany,Slovenia,92.92495,76.229073
1632,1,1,2025-09-09,Poland,Turkey,71.945791,75.147747
1632,2,1,2025-09-09,Lithuania,Greece,111.10889,86.462199
1632,3,1,2025-09-10,Finland,Georgia,102.02156,80.610623
1632,4,1,2025-09-10,Germany,Slovenia,99.680732,78.628967
1633,1,1,2025-09-09,Poland,Turkey,83.376368,100.71288
1633,2,1,2025-09-09,Lithuania,Greece,80.96892,86.508888
1633,3,1,2025-09-10,Finland,Georgia,104.01063,79.336621
1633,4,1,2025-09-10,Germany,Slovenia,92.974718,95.346345
1634,1,1,2025-09-09,Poland,Turkey,83.191647,90.034648
1634,2,1,2025-09-09,Lithuania,Greece,88.968013,67.50237
1634,3,1,2025-09-10,Finland,Georgia,90.506314,63.932855000000004
1634,4,1,2025-09-10,Germany,Slovenia,109.70452,68.176024
1635,1,1,2025-09-09,Poland,Turkey,68.985373,94.116977
1635,2,1,2025-09-09,Lithuania,Greece,72.471944,88.460043
1635,3,1,2025-09-10,Finland,Georgia,79.048113,57.713985
1635,4,1,2025-09-10,Germany,Slovenia,101.71751,80.334834
1636,1,1,2025-09-09,Poland,Turkey,60.891812,67.571524
1636,2,1,2025-09-09,Lithuania,Greece,96.641716,84.562615
1636,3,1,2025-09-10,Finland,Georgia,102.37654,76.245026
1636,4,1,2025-09-10,Germany,Slovenia,82.417146,100.20927
1637,1,1,2025-09-09,Poland,Turkey,75.98558,78.036371
1637,2,1,2025-09-09,Lithuania,Greece,69.476095,63.750397
1637,3,1,2025-09-10,Finland,Georgia,93.932712,65.54924
1637,4,1,2025-09-10,Germany,Slovenia,97.908862,86.060421
1638,1,1,2025-09-09,Poland,Turkey,69.817693,84.491378
1638,2,1,2025-09-09,Lithuania,Greece,99.411829,83.434557
1638,3,1,2025-09-10,Finland,Georgia,105.49323,80.298139
1638,4,1,2025-09-10,Germany,Slovenia,90.732105,78.174983
1639,1,1,2025-09-09,Poland,Turkey,76.857566,92.569649
1639,2,1,2025-09-09,Lithuania,Greece,86.191097,78.867229
1639,3,1,2025-09-10,Finland,Georgia,100.34113,80.200938
1639,4,1,2025-09-10,Germany,Slovenia,109.77888,101.11381
1640,1,1,2025-09-09,Poland,Turkey,84.095504,62.326204
1640,2,1,2025-09-09,Lithuania,Greece,95.232768,68.865739
1640,3,1,2025-09-10,Finland,Georgia,99.318342,72.759657
1640,4,1,2025-09-10,Germany,Slovenia,93.031334,83.326069
1641,1,1,2025-09-09,Poland,Turkey,77.537388000000007,98.859706
1641,2,1,2025-09-09,Lithuania,Greece,69.83654,69.258837
1641,3,1,2025-09-10,Finland,Georgia,102.6724,81.33652
1641,4,1,2025-09-10,Germany,Slovenia,94.278628,70.26308
1642,1,1,2025-09-09,Poland,Turkey,100.82743,102.3813
1642,2,1,2025-09-09,Lithuania,Greece,90.047997,76.235987
1642,3,1,2025-09-10,Finland,Georgia,87.769016,69.96217
1642,4,1,2025-09-10,Germany,Slovenia,92.434753,81.74045
1643,1,1,2025-09-09,Poland,Turkey,64.063853,104.94525
1643,2,1,2025-09-09,Lithuania,Greece,93.748545,76.788011
1643,3,1,2025-09-10,Finland,Georgia,94.720186,72.693031
1643,4,1,2025-09-10,Germany,Slovenia,105.82157,77.241672
1644,1,1,2025-09-09,Poland,Turkey,95.762231,85.083953
1644,2,1,2025-09-09,Lithuania,Greece,89.818275,76.927218
1644,3,1,2025-09-10,Finland,Georgia,102.38662,81.804418
1644,4,1,2025-09-10,Germany,Slovenia,103.77698,79.781685
1645,1,1,2025-09-09,Poland,Turkey,72.935312,84.693864
1645,2,1,2025-09-09,Lithuania,Greece,74.66062,53.411783
1645,3,1,2025-09-10,Finland,Georgia,115.8665,85.456814
1645,4,1,2025-09-10,Germany,Slovenia,132.2068,81.468602
1646,1,1,2025-09-09,Poland,Turkey,74.754527,90.546285
1646,2,1,2025-09-09,Lithuania,Greece,87.509028,75.961353
1646,3,1,2025-09-10,Finland,Georgia,105.38918,89.343699
1646,4,1,2025-09-10,Germany,Slovenia,110.14347,69.754911
1647,1,1,2025-09-09,Poland,Turkey,75.550272,105.63993
1647,2,1,2025-09-09,Lithuania,Greece,96.898002,68.337811
1647,3,1,2025-09-10,Finland,Georgia,98.927882,79.547222
1647,4,1,2025-09-10,Germany,Slovenia,123.71614,93.550682
1648,1,1,2025-09-09,Poland,Turkey,63.999236,72.96354
1648,2,1,2025-09-09,Lithuania,Greece,77.418685,64.555218
1648,3,1,2025-09-10,Finland,Georgia,86.761756,69.260304
1648,4,1,2025-09-10,Germany,Slovenia,95.420285,90.146463
1649,1,1,2025-09-09,Poland,Turkey,74.568196,90.59023
1649,2,1,2025-09-09,Lithuania,Greece,98.537566,48.182324
1649,3,1,2025-09-10,Finland,Georgia,89.804151,102.09654
1649,4,1,2025-09-10,Germany,Slovenia,81.103956,85.408346
1650,1,1,2025-09-09,Poland,Turkey,91.946258,87.685396
1650,2,1,2025-09-09,Lithuania,Greece,90.011127,57.786764
1650,3,1,2025-09-10,Finland,Georgia,91.495101,75.588814
1650,4,1,2025-09-10,Germany,Slovenia,94.169409,73.889374
1651,1,1,2025-09-09,Poland,Turkey,70.241952,78.235126
1651,2,1,2025-09-09,Lithuania,Greece,101.56159,87.43855
1651,3,1,2025-09-10,Finland,Georgia,95.161556,83.659107
1651,4,1,2025-09-10,Germany,Slovenia,95.198022,99.629354
1652,1,1,2025-09-09,Poland,Turkey,67.327854,72.279332
1652,2,1,2025-09-09,Lithuania,Greece,75.106671,51.536672
1652,3,1,2025-09-10,Finland,Georgia,121.52735,68.178564
1652,4,1,2025-09-10,Germany,Slovenia,102.48433,92.595372
1653,1,1,2025-09-09,Poland,Turkey,76.182298,94.434937
1653,2,1,2025-09-09,Lithuania,Greece,70.797749,84.055462
1653,3,1,2025-09-10,Finland,Georgia,101.31399,67.711265
1653,4,1,2025-09-10,Germany,Slovenia,110.3018,89.481402
1654,1,1,2025-09-09,Poland,Turkey,84.620865,94.234172
1654,2,1,2025-09-09,Lithuania,Greece,83.114838,59.86682
1654,3,1,2025-09-10,Finland,Georgia,84.742096,74.554287
1654,4,1,2025-09-10,Germany,Slovenia,106.81184,93.147484
1655,1,1,2025-09-09,Poland,Turkey,73.040904,89.85886
1655,2,1,2025-09-09,Lithuania,Greece,70.329141,73.573096
1655,3,1,2025-09-10,Finland,Georgia,94.031069,82.439038
1655,4,1,2025-09-10,Germany,Slovenia,109.51639,74.611112
1656,1,1,2025-09-09,Poland,Turkey,82.492863,79.825419
1656,2,1,2025-09-09,Lithuania,Greece,80.496557,83.046534
1656,3,1,2025-09-10,Finland,Georgia,105.74259,84.71956
1656,4,1,2025-09-10,Germany,Slovenia,97.419752,90.146273
1657,1,1,2025-09-09,Poland,Turkey,97.97764,83.392173
1657,2,1,2025-09-09,Lithuania,Greece,79.244275,72.559561
1657,3,1,2025-09-10,Finland,Georgia,91.096015,85.753797
1657,4,1,2025-09-10,Germany,Slovenia,110.94017,96.773371
1658,1,1,2025-09-09,Poland,Turkey,84.129267,77.538236
1658,2,1,2025-09-09,Lithuania,Greece,105.55669,58.729148
1658,3,1,2025-09-10,Finland,Georgia,99.595197,53.618453
1658,4,1,2025-09-10,Germany,Slovenia,104.12906,80.066987
1659,1,1,2025-09-09,Poland,Turkey,70.129647,72.567377
1659,2,1,2025-09-09,Lithuania,Greece,67.935218,66.617478
1659,3,1,2025-09-10,Finland,Georgia,97.447702,67.678156
1659,4,1,2025-09-10,Germany,Slovenia,81.818576,75.423442
1660,1,1,2025-09-09,Poland,Turkey,79.720892,82.130802
1660,2,1,2025-09-09,Lithuania,Greece,70.162688,74.992426
1660,3,1,2025-09-10,Finland,Georgia,79.936547,67.314842
1660,4,1,2025-09-10,Germany,Slovenia,109.46771,115.02464
1661,1,1,2025-09-09,Poland,Turkey,72.293228,103.00341
1661,2,1,2025-09-09,Lithuania,Greece,76.169413,91.514198
1661,3,1,2025-09-10,Finland,Georgia,80.706596,76.974379
1661,4,1,2025-09-10,Germany,Slovenia,84.541328,88.451429
1662,1,1,2025-09-09,Poland,Turkey,80.613328,93.032502
1662,2,1,2025-09-09,Lithuania,Greece,92.62446,70.511836
1662,3,1,2025-09-10,Finland,Georgia,90.863618,78.873896
1662,4,1,2025-09-10,Germany,Slovenia,97.026840000000007,88.975685
1663,1,1,2025-09-09,Poland,Turkey,85.398881,87.200611
1663,2,1,2025-09-09,Lithuania,Greece,81.628751,57.194848
1663,3,1,2025-09-10,Finland,Georgia,109.62651,77.792241
1663,4,1,2025-09-10,Germany,Slovenia,92.422056,84.703823
1664,1,1,2025-09-09,Poland,Turkey,86.29556,72.475675
1664,2,1,2025-09-09,Lithuania,Greece,94.949391,63.911751
1664,3,1,2025-09-10,Finland,Georgia,79.808957,66.255741
1664,4,1,2025-09-10,Germany,Slovenia,102.36155,86.39413
1665,1,1,2025-09-09,Poland,Turkey,80.453271,97.108721
1665,2,1,2025-09-09,Lithuania,Greece,89.381797,79.04121
1665,3,1,2025-09-10,Finland,Georgia,92.49225,61.730204
1665,4,1,2025-09-10,Germany,Slovenia,101.07846,61.061578
1666,1,1,2025-09-09,Poland,Turkey,74.836112,106.22886
1666,2,1,2025-09-09,Lithuania,Greece,80.791695,63.816366
1666,3,1,2025-09-10,Finland,Georgia,91.821101,67.624452
1666,4,1,2025-09-10,Germany,Slovenia,111.10617,95.529024
1667,1,1,2025-09-09,Poland,Turkey,56.359388,84.313048
1667,2,1,2025-09-09,Lithuania,Greece,97.190788,83.538432
1667,3,1,2025-09-10,Finland,Georgia,99.823982,66.70932
1667,4,1,2025-09-10,Germany,Slovenia,95.646346,100.86672
1668,1,1,2025-09-09,Poland,Turkey,94.392752,81.224092
1668,2,1,2025-09-09,Lithuania,Greece,76.853586,80.88364
1668,3,1,2025-09-10,Finland,Georgia,102.2776,59.424729
1668,4,1,2025-09-10,Germany,Slovenia,100.84935,90.495948
1669,1,1,2025-09-09,Poland,Turkey,61.690997,87.505195
1669,2,1,2025-09-09,Lithuania,Greece,104.52187,79.255645
1669,3,1,2025-09-10,Finland,Georgia,103.02222,82.36992
1669,4,1,2025-09-10,Germany,Slovenia,110.15377,66.249631
1670,1,1,2025-09-09,Poland,Turkey,80.676404,91.912183
1670,2,1,2025-09-09,Lithuania,Greece,125.80572,103.78149
1670,3,1,2025-09-10,Finland,Georgia,84.610311,68.570448
1670,4,1,2025-09-10,Germany,Slovenia,96.282485,81.202753
1671,1,1,2025-09-09,Poland,Turkey,77.237087,84.585186
1671,2,1,2025-09-09,Lithuania,Greece,81.046444,62.607572
1671,3,1,2025-09-10,Finland,Georgia,92.934431,65.496314
1671,4,1,2025-09-10,Germany,Slovenia,111.75165,69.498525
1672,1,1,2025-09-09,Poland,Turkey,68.447054,98.521276
1672,2,1,2025-09-09,Lithuania,Greece,92.547505,89.425892
1672,3,1,2025-09-10,Finland,Georgia,98.013145,98.131062
1672,4,1,2025-09-10,Germany,Slovenia,110.6517,82.379371
1673,1,1,2025-09-09,Poland,Turkey,77.302278,62.650923
1673,2,1,2025-09-09,Lithuania,Greece,91.862218,70.147824
1673,3,1,2025-09-10,Finland,Georgia,75.743697,67.772088
1673,4,1,2025-09-10,Germany,Slovenia,116.65617,110.27819
1674,1,1,2025-09-09,Poland,Turkey,72.468686,74.806949
1674,2,1,2025-09-09,Lithuania,Greece,65.332906,77.297501
1674,3,1,2025-09-10,Finland,Georgia,105.9533,77.374413
1674,4,1,2025-09-10,Germany,Slovenia,121.71605,92.499869
1675,1,1,2025-09-09,Poland,Turkey,69.273182,81.241737
1675,2,1,2025-09-09,Lithuania,Greece,92.093708,77.014605
1675,3,1,2025-09-10,Finland,Georgia,91.711408,71.400475
1675,4,1,2025-09-10,Germany,Slovenia,111.24973,95.112063
1676,1,1,2025-09-09,Poland,Turkey,85.468737,95.863509
1676,2,1,2025-09-09,Lithuania,Greece,82.314539,68.943375
1676,3,1,2025-09-10,Finland,Georgia,84.027506,69.267846
1676,4,1,2025-09-10,Germany,Slovenia,89.315635,73.749654
1677,1,1,2025-09-09,Poland,Turkey,72.561911,87.125944
1677,2,1,2025-09-09,Lithuania,Greece,88.080531,94.927925
1677,3,1,2025-09-10,Finland,Georgia,88.479837,79.44056
1677,4,1,2025-09-10,Germany,Slovenia,87.870965,87.580628
1678,1,1,2025-09-09,Poland,Turkey,72.704076,94.024685
1678,2,1,2025-09-09,Lithuania,Greece,77.782979,81.978528
1678,3,1,2025-09-10,Finland,Georgia,95.885163,86.656299
1678,4,1,2025-09-10,Germany,Slovenia,110.94346,82.017695
1679,1,1,2025-09-09,Poland,Turkey,72.424105,89.885143
1679,2,1,2025-09-09,Lithuania,Greece,105.36256,84.957652
1679,3,1,2025-09-10,Finland,Georgia,104.40749,75.636883
1679,4,1,2025-09-10,Germany,Slovenia,108.53171,87.631206
1680,1,1,2025-09-09,Poland,Turkey,82.864073,62.853822
1680,2,1,2025-09-09,Lithuania,Greece,82.452057,69.371585
1680,3,1,2025-09-10,Finland,Georgia,107.40495,64.865685
1680,4,1,2025-09-10,Germany,Slovenia,93.008894,87.194207
1681,1,1,2025-09-09,Poland,Turkey,86.119749,90.135
1681,2,1,2025-09-09,Lithuania,Greece,103.42214,42.559148
1681,3,1,2025-09-10,Finland,Georgia,89.957232,63.883081
1681,4,1,2025-09-10,Germany,Slovenia,94.599762,69.313302
1682,1,1,2025-09-09,Poland,Turkey,67.483703,97.87014
1682,2,1,2025-09-09,Lithuania,Greece,78.528177,76.69859
1682,3,1,2025-09-10,Finland,Georgia,89.800243,81.35238
1682,4,1,2025-09-10,Germany,Slovenia,122.27805,41.524626
1683,1,1,2025-09-09,Poland,Turkey,75.182996,86.26383
1683,2,1,2025-09-09,Lithuania,Greece,79.140039,81.393433
1683,3,1,2025-09-10,Finland,Georgia,92.758627,60.417007
1683,4,1,2025-09-10,Germany,Slovenia,103.76421,74.514742
1684,1,1,2025-09-09,Poland,Turkey,73.045555,88.501322
1684,2,1,2025-09-09,Lithuania,Greece,89.629872,86.584132
1684,3,1,2025-09-10,Finland,Georgia,116.05718,65.66277
1684,4,1,2025-09-10,Germany,Slovenia,101.0259,82.086293
1685,1,1,2025-09-09,Poland,Turkey,87.64991,101.10046
1685,2,1,2025-09-09,Lithuania,Greece,82.153904,73.597716
1685,3,1,2025-09-10,Finland,Georgia,96.836048,64.659028
1685,4,1,2025-09-10,Germany,Slovenia,102.25412,75.019001
1686,1,1,2025-09-09,Poland,Turkey,73.20376,78.074659
1686,2,1,2025-09-09,Lithuania,Greece,76.2183,84.708957
1686,3,1,2025-09-10,Finland,Georgia,100.68364,76.59521
1686,4,1,2025-09-10,Germany,Slovenia,107.76926,94.365007
1687,1,1,2025-09-09,Poland,Turkey,75.676232,84.398551
1687,2,1,2025-09-09,Lithuania,Greece,74.906720000000007,74.667816
1687,3,1,2025-09-10,Finland,Georgia,87.069763,76.177248
1687,4,1,2025-09-10,Germany,Slovenia,104.94786,82.392311
1688,1,1,2025-09-09,Poland,Turkey,94.600832,94.357171
1688,2,1,2025-09-09,Lithuania,Greece,87.279223,71.954846
1688,3,1,2025-09-10,Finland,Georgia,75.509389,71.417257
1688,4,1,2025-09-10,Germany,Slovenia,107.51001,88.112951
1689,1,1,2025-09-09,Poland,Turkey,73.46779,86.810761
1689,2,1,2025-09-09,Lithuania,Greece,95.447296,105.69256
1689,3,1,2025-09-10,Finland,Georgia,84.953489,70.326125
1689,4,1,2025-09-10,Germany,Slovenia,111.2929,98.16566
1690,1,1,2025-09-09,Poland,Turkey,87.13601,82.142883
1690,2,1,2025-09-09,Lithuania,Greece,61.858729,70.616405
1690,3,1,2025-09-10,Finland,Georgia,102.99312,82.764212
1690,4,1,2025-09-10,Germany,Slovenia,107.73367,107.11914
1691,1,1,2025-09-09,Poland,Turkey,80.377849,77.627539
1691,2,1,2025-09-09,Lithuania,Greece,93.784893,88.015229
1691,3,1,2025-09-10,Finland,Georgia,95.462564,85.082144
1691,4,1,2025-09-10,Germany,Slovenia,96.069899,73.984263
1692,1,1,2025-09-09,Poland,Turkey,64.168244,88.360599
1692,2,1,2025-09-09,Lithuania,Greece,79.50026,76.395063
1692,3,1,2025-09-10,Finland,Georgia,107.15012,69.200813
1692,4,1,2025-09-10,Germany,Slovenia,93.157724,93.957832
1693,1,1,2025-09-09,Poland,Turkey,89.067608,91.685439
1693,2,1,2025-09-09,Lithuania,Greece,86.245729,62.313152
1693,3,1,2025-09-10,Finland,Georgia,91.866986,73.941352
1693,4,1,2025-09-10,Germany,Slovenia,99.502314,85.821307
1694,1,1,2025-09-09,Poland,Turkey,65.333992,76.941074
1694,2,1,2025-09-09,Lithuania,Greece,81.771496,66.344785
1694,3,1,2025-09-10,Finland,Georgia,90.590415,62.81244
1694,4,1,2025-09-10,Germany,Slovenia,107.14423,92.224225
1695,1,1,2025-09-09,Poland,Turkey,85.261699,98.737072
1695,2,1,2025-09-09,Lithuania,Greece,77.945065,72.086638
1695,3,1,2025-09-10,Finland,Georgia,92.30071,91.066821
1695,4,1,2025-09-10,Germany,Slovenia,106.76717,67.851144
1696,1,1,2025-09-09,Poland,Turkey,80.682167,86.61117
1696,2,1,2025-09-09,Lithuania,Greece,88.260973,71.040267
1696,3,1,2025-09-10,Finland,Georgia,86.266297,91.817119
1696,4,1,2025-09-10,Germany,Slovenia,108.41819,81.949941
1697,1,1,2025-09-09,Poland,Turkey,72.527467,117.60974
1697,2,1,2025-09-09,Lithuania,Greece,101.12529,64.26631
1697,3,1,2025-09-10,Finland,Georgia,89.167404,91.120691
1697,4,1,2025-09-10,Germany,Slovenia,95.159288,91.963793
1698,1,1,2025-09-09,Poland,Turkey,79.1975,91.730814
1698,2,1,2025-09-09,Lithuania,Greece,74.473057,64.509989
1698,3,1,2025-09-10,Finland,Georgia,79.561404,62.805514
1698,4,1,2025-09-10,Germany,Slovenia,100.39841,76.754123
1699,1,1,2025-09-09,Poland,Turkey,71.942861,84.753713
1699,2,1,2025-09-09,Lithuania,Greece,97.003792,79.00945
1699,3,1,2025-09-10,Finland,Georgia,114.40335,95.720135
1699,4,1,2025-09-10,Germany,Slovenia,104.55247,107.10921
1700,1,1,2025-09-09,Poland,Turkey,61.903502,78.13287
1700,2,1,2025-09-09,Lithuania,Greece,92.201603,60.570518
1700,3,1,2025-09-10,Finland,Georgia,85.363038,63.926708
1700,4,1,2025-09-10,Germany,Slovenia,100.23263,79.683552
1701,1,1,2025-09-09,Poland,Turkey,73.652195,95.852764
1701,2,1,2025-09-09,Lithuania,Greece,104.32682,65.432229
1701,3,1,2025-09-10,Finland,Georgia,76.023261,73.525002
1701,4,1,2025-09-10,Germany,Slovenia,116.65933,93.324677
1702,1,1,2025-09-09,Poland,Turkey,81.322915,91.264679
1702,2,1,2025-09-09,Lithuania,Greece,79.783585,67.436554
1702,3,1,2025-09-10,Finland,Georgia,88.96932,72.946982
1702,4,1,2025-09-10,Germany,Slovenia,111.91616,103.4822
1703,1,1,2025-09-09,Poland,Turkey,75.961471,63.114621
1703,2,1,2025-09-09,Lithuania,Greece,98.658689,85.214827
1703,3,1,2025-09-10,Finland,Georgia,90.020949,68.969935
1703,4,1,2025-09-10,Germany,Slovenia,104.50143,78.694103
1704,1,1,2025-09-09,Poland,Turkey,69.116221,96.62154
1704,2,1,2025-09-09,Lithuania,Greece,90.333321,92.23411
1704,3,1,2025-09-10,Finland,Georgia,103.39978,83.534368
1704,4,1,2025-09-10,Germany,Slovenia,104.76876,76.251474
1705,1,1,2025-09-09,Poland,Turkey,96.015711,101.08463
1705,2,1,2025-09-09,Lithuania,Greece,84.038539,71.086822
1705,3,1,2025-09-10,Finland,Georgia,92.211468,67.166281
1705,4,1,2025-09-10,Germany,Slovenia,84.063428,83.528062
1706,1,1,2025-09-09,Poland,Turkey,94.050702,99.956802
1706,2,1,2025-09-09,Lithuania,Greece,111.02104,88.353368
1706,3,1,2025-09-10,Finland,Georgia,99.883943,60.792615
1706,4,1,2025-09-10,Germany,Slovenia,96.926429,75.094166
1707,1,1,2025-09-09,Poland,Turkey,73.693031,103.12019
1707,2,1,2025-09-09,Lithuania,Greece,96.735804,82.497768
1707,3,1,2025-09-10,Finland,Georgia,98.922665,75.90033
1707,4,1,2025-09-10,Germany,Slovenia,110.56738,69.024515
1708,1,1,2025-09-09,Poland,Turkey,90.088114,81.203612
1708,2,1,2025-09-09,Lithuania,Greece,86.575512,77.567459
1708,3,1,2025-09-10,Finland,Georgia,70.564217,71.07709
1708,4,1,2025-09-10,Germany,Slovenia,117.01584,101.87058
1709,1,1,2025-09-09,Poland,Turkey,69.06314,96.113474
1709,2,1,2025-09-09,Lithuania,Greece,81.229658,85.644971
1709,3,1,2025-09-10,Finland,Georgia,119.63908,68.677657
1709,4,1,2025-09-10,Germany,Slovenia,122.65971,80.45959
1710,1,1,2025-09-09,Poland,Turkey,81.594586,82.554944
1710,2,1,2025-09-09,Lithuania,Greece,79.794594,90.920852
1710,3,1,2025-09-10,Finland,Georgia,93.948191,79.480294
1710,4,1,2025-09-10,Germany,Slovenia,87.093511,94.449839
1711,1,1,2025-09-09,Poland,Turkey,83.905348,108.5901
1711,2,1,2025-09-09,Lithuania,Greece,72.588991,75.571889
1711,3,1,2025-09-10,Finland,Georgia,99.650085,86.69548
1711,4,1,2025-09-10,Germany,Slovenia,105.4108,90.826081
1712,1,1,2025-09-09,Poland,Turkey,97.12782,97.092581
1712,2,1,2025-09-09,Lithuania,Greece,90.083387,68.434443
1712,3,1,2025-09-10,Finland,Georgia,94.417292,71.293476
1712,4,1,2025-09-10,Germany,Slovenia,102.58034,97.408083
1713,1,1,2025-09-09,Poland,Turkey,92.009948,119.69137
1713,2,1,2025-09-09,Lithuania,Greece,95.497672,85.24196
1713,3,1,2025-09-10,Finland,Georgia,90.521001,70.760987
1713,4,1,2025-09-10,Germany,Slovenia,98.029766,66.421341
1714,1,1,2025-09-09,Poland,Turkey,86.208363,82.98438
1714,2,1,2025-09-09,Lithuania,Greece,81.664466,57.346829
1714,3,1,2025-09-10,Finland,Georgia,103.4814,86.813833
1714,4,1,2025-09-10,Germany,Slovenia,119.32085,99.839325
1715,1,1,2025-09-09,Poland,Turkey,81.869076,87.351442
1715,2,1,2025-09-09,Lithuania,Greece,87.711909,76.898352
1715,3,1,2025-09-10,Finland,Georgia,106.63294,63.995593
1715,4,1,2025-09-10,Germany,Slovenia,118.45989,80.361567
1716,1,1,2025-09-09,Poland,Turkey,69.079284,86.193896
1716,2,1,2025-09-09,Lithuania,Greece,118.23797,62.294405
1716,3,1,2025-09-10,Finland,Georgia,98.315525,118.3264
1716,4,1,2025-09-10,Germany,Slovenia,92.803897,85.248969
1717,1,1,2025-09-09,Poland,Turkey,74.518187,93.423526
1717,2,1,2025-09-09,Lithuania,Greece,98.948187,60.928832
1717,3,1,2025-09-10,Finland,Georgia,93.583428,87.501137
1717,4,1,2025-09-10,Germany,Slovenia,92.641572,72.638107
1718,1,1,2025-09-09,Poland,Turkey,61.982044,105.36242
1718,2,1,2025-09-09,Lithuania,Greece,68.477915,74.493527
1718,3,1,2025-09-10,Finland,Georgia,104.13095,86.759121
1718,4,1,2025-09-10,Germany,Slovenia,93.189322,92.078875
1719,1,1,2025-09-09,Poland,Turkey,71.986714,82.493752
1719,2,1,2025-09-09,Lithuania,Greece,81.319989,42.911349
1719,3,1,2025-09-10,Finland,Georgia,111.36565,86.383113
1719,4,1,2025-09-10,Germany,Slovenia,98.605294,80.896089
1720,1,1,2025-09-09,Poland,Turkey,72.416001,91.804392000000007
1720,2,1,2025-09-09,Lithuania,Greece,82.387956,77.840808
1720,3,1,2025-09-10,Finland,Georgia,104.10799,86.646644
1720,4,1,2025-09-10,Germany,Slovenia,114.32678,103.41545
1721,1,1,2025-09-09,Poland,Turkey,83.975551,92.905614
1721,2,1,2025-09-09,Lithuania,Greece,106.31389,59.956948
1721,3,1,2025-09-10,Finland,Georgia,98.001022,81.11738
1721,4,1,2025-09-10,Germany,Slovenia,103.62729,81.680305
1722,1,1,2025-09-09,Poland,Turkey,83.592657,90.891331
1722,2,1,2025-09-09,Lithuania,Greece,88.45681,84.834147
1722,3,1,2025-09-10,Finland,Georgia,79.873494,74.43349
1722,4,1,2025-09-10,Germany,Slovenia,98.754467,81.981474
1723,1,1,2025-09-09,Poland,Turkey,67.839781,76.773685
1723,2,1,2025-09-09,Lithuania,Greece,95.965993,85.286957
1723,3,1,2025-09-10,Finland,Georgia,112.02669,110.96389
1723,4,1,2025-09-10,Germany,Slovenia,108.39721,80.636724
1724,1,1,2025-09-09,Poland,Turkey,79.942049,93.720476
1724,2,1,2025-09-09,Lithuania,Greece,86.11811,81.049266
1724,3,1,2025-09-10,Finland,Georgia,97.387098,78.62117
1724,4,1,2025-09-10,Germany,Slovenia,100.16562,63.738715
1725,1,1,2025-09-09,Poland,Turkey,83.54799,79.554717
1725,2,1,2025-09-09,Lithuania,Greece,74.269022,79.808583
1725,3,1,2025-09-10,Finland,Georgia,122.09525,94.992524
1725,4,1,2025-09-10,Germany,Slovenia,90.310984,93.996718
1726,1,1,2025-09-09,Poland,Turkey,76.628053,94.403355
1726,2,1,2025-09-09,Lithuania,Greece,78.168475,69.347966
1726,3,1,2025-09-10,Finland,Georgia,92.60571,56.474926
1726,4,1,2025-09-10,Germany,Slovenia,96.831035,121.22737
1727,1,1,2025-09-09,Poland,Turkey,80.551413,86.294219
1727,2,1,2025-09-09,Lithuania,Greece,82.674235,74.028362
1727,3,1,2025-09-10,Finland,Georgia,61.957455,75.928627
1727,4,1,2025-09-10,Germany,Slovenia,98.918863,67.089699
1728,1,1,2025-09-09,Poland,Turkey,89.092199,93.704239
1728,2,1,2025-09-09,Lithuania,Greece,86.130423,66.022739
1728,3,1,2025-09-10,Finland,Georgia,101.28585,70.040812
1728,4,1,2025-09-10,Germany,Slovenia,111.5188,71.508817
1729,1,1,2025-09-09,Poland,Turkey,75.960726,84.361106
1729,2,1,2025-09-09,Lithuania,Greece,82.564264,76.329164
1729,3,1,2025-09-10,Finland,Georgia,91.152929,93.523027
1729,4,1,2025-09-10,Germany,Slovenia,118.95496,93.125121
1730,1,1,2025-09-09,Poland,Turkey,74.095323,99.226247
1730,2,1,2025-09-09,Lithuania,Greece,71.850105,61.203285
1730,3,1,2025-09-10,Finland,Georgia,79.348721,74.275326
1730,4,1,2025-09-10,Germany,Slovenia,105.95651,96.518296
1731,1,1,2025-09-09,Poland,Turkey,90.103398,95.874855
1731,2,1,2025-09-09,Lithuania,Greece,90.351517,65.46861
1731,3,1,2025-09-10,Finland,Georgia,88.706322,79.580377
1731,4,1,2025-09-10,Germany,Slovenia,83.990284,84.016899
1732,1,1,2025-09-09,Poland,Turkey,73.468856,78.158204
1732,2,1,2025-09-09,Lithuania,Greece,90.982093,69.383051
1732,3,1,2025-09-10,Finland,Georgia,87.216871,73.157528
1732,4,1,2025-09-10,Germany,Slovenia,86.075969,88.965503
1733,1,1,2025-09-09,Poland,Turkey,85.446196,89.155774
1733,2,1,2025-09-09,Lithuania,Greece,76.754663,83.338454
1733,3,1,2025-09-10,Finland,Georgia,78.767845,80.863633
1733,4,1,2025-09-10,Germany,Slovenia,86.148091,90.057638
1734,1,1,2025-09-09,Poland,Turkey,80.462586,95.069844
1734,2,1,2025-09-09,Lithuania,Greece,100.86772,68.290347
1734,3,1,2025-09-10,Finland,Georgia,80.502754,87.045645
1734,4,1,2025-09-10,Germany,Slovenia,88.203059,90.591562
1735,1,1,2025-09-09,Poland,Turkey,77.792455,98.838916
1735,2,1,2025-09-09,Lithuania,Greece,94.713342,62.422596
1735,3,1,2025-09-10,Finland,Georgia,83.97025,59.372882
1735,4,1,2025-09-10,Germany,Slovenia,105.04222,88.284922
1736,1,1,2025-09-09,Poland,Turkey,107.17186,111.39551
1736,2,1,2025-09-09,Lithuania,Greece,84.131794,68.02231
1736,3,1,2025-09-10,Finland,Georgia,88.763999,65.795519
1736,4,1,2025-09-10,Germany,Slovenia,99.036324,88.891958
1737,1,1,2025-09-09,Poland,Turkey,75.574282,97.950178
1737,2,1,2025-09-09,Lithuania,Greece,75.107837,83.937975
1737,3,1,2025-09-10,Finland,Georgia,101.28325,77.205577
1737,4,1,2025-09-10,Germany,Slovenia,118.41058,95.356061
1738,1,1,2025-09-09,Poland,Turkey,91.996438,80.528487
1738,2,1,2025-09-09,Lithuania,Greece,80.476684,65.599887
1738,3,1,2025-09-10,Finland,Georgia,108.2417,88.255566
1738,4,1,2025-09-10,Germany,Slovenia,123.47467,94.015
1739,1,1,2025-09-09,Poland,Turkey,88.831584,99.504783
1739,2,1,2025-09-09,Lithuania,Greece,97.317754,84.761349
1739,3,1,2025-09-10,Finland,Georgia,91.502032,66.175337
1739,4,1,2025-09-10,Germany,Slovenia,95.528709,98.072782
1740,1,1,2025-09-09,Poland,Turkey,76.70021,97.209222
1740,2,1,2025-09-09,Lithuania,Greece,95.540047,92.313141
1740,3,1,2025-09-10,Finland,Georgia,89.599983,70.754609
1740,4,1,2025-09-10,Germany,Slovenia,101.02091,94.349497
1741,1,1,2025-09-09,Poland,Turkey,91.489201,106.1185
1741,2,1,2025-09-09,Lithuania,Greece,83.465394,86.530021
1741,3,1,2025-09-10,Finland,Georgia,100.88414,76.618377
1741,4,1,2025-09-10,Germany,Slovenia,105.1213,67.730423
1742,1,1,2025-09-09,Poland,Turkey,71.882999,97.556758
1742,2,1,2025-09-09,Lithuania,Greece,92.789391,77.721821
1742,3,1,2025-09-10,Finland,Georgia,97.781673,80.63108
1742,4,1,2025-09-10,Germany,Slovenia,126.13415,88.683181
1743,1,1,2025-09-09,Poland,Turkey,70.444994,65.508653
1743,2,1,2025-09-09,Lithuania,Greece,77.679406,90.217997
1743,3,1,2025-09-10,Finland,Georgia,110.18982,89.76755
1743,4,1,2025-09-10,Germany,Slovenia,121.66572,91.343003
1744,1,1,2025-09-09,Poland,Turkey,78.667928,93.477786
1744,2,1,2025-09-09,Lithuania,Greece,96.285107,54.580645
1744,3,1,2025-09-10,Finland,Georgia,105.13008,72.435478
1744,4,1,2025-09-10,Germany,Slovenia,96.043097,83.92218
1745,1,1,2025-09-09,Poland,Turkey,73.093069,67.449305
1745,2,1,2025-09-09,Lithuania,Greece,67.533765,80.239048
1745,3,1,2025-09-10,Finland,Georgia,95.760883,80.74842
1745,4,1,2025-09-10,Germany,Slovenia,90.009692,97.770023
1746,1,1,2025-09-09,Poland,Turkey,62.158924,85.798619
1746,2,1,2025-09-09,Lithuania,Greece,92.643893,74.769054
1746,3,1,2025-09-10,Finland,Georgia,109.31239,82.747039
1746,4,1,2025-09-10,Germany,Slovenia,95.04259,75.36786
1747,1,1,2025-09-09,Poland,Turkey,63.034459,85.258436
1747,2,1,2025-09-09,Lithuania,Greece,87.661786,71.001154
1747,3,1,2025-09-10,Finland,Georgia,103.88437,80.319729
1747,4,1,2025-09-10,Germany,Slovenia,104.6975,100.00063
1748,1,1,2025-09-09,Poland,Turkey,83.376785,87.469005
1748,2,1,2025-09-09,Lithuania,Greece,88.770963,67.173397
1748,3,1,2025-09-10,Finland,Georgia,100.05212,79.573818
1748,4,1,2025-09-10,Germany,Slovenia,111.83714,84.822541
1749,1,1,2025-09-09,Poland,Turkey,93.613598,91.311158
1749,2,1,2025-09-09,Lithuania,Greece,68.528609,74.554692
1749,3,1,2025-09-10,Finland,Georgia,87.701137,85.682045
1749,4,1,2025-09-10,Germany,Slovenia,90.297728,74.864318
1750,1,1,2025-09-09,Poland,Turkey,67.881046,65.599656
1750,2,1,2025-09-09,Lithuania,Greece,87.283271,62.449172
1750,3,1,2025-09-10,Finland,Georgia,107.99495,79.038162
1750,4,1,2025-09-10,Germany,Slovenia,116.92815,90.006017
1751,1,1,2025-09-09,Poland,Turkey,77.786578,89.776563
1751,2,1,2025-09-09,Lithuania,Greece,91.476704,84.26419
1751,3,1,2025-09-10,Finland,Georgia,94.472823,81.155743
1751,4,1,2025-09-10,Germany,Slovenia,115.48048,87.046755
1752,1,1,2025-09-09,Poland,Turkey,66.032926,81.346004
1752,2,1,2025-09-09,Lithuania,Greece,85.186902,86.391812
1752,3,1,2025-09-10,Finland,Georgia,106.33475,71.17136
1752,4,1,2025-09-10,Germany,Slovenia,88.524239,77.375155
1753,1,1,2025-09-09,Poland,Turkey,74.870157,88.365316000000007
1753,2,1,2025-09-09,Lithuania,Greece,103.97974,64.345235
1753,3,1,2025-09-10,Finland,Georgia,104.96491,71.389212
1753,4,1,2025-09-10,Germany,Slovenia,105.82054,99.435527
1754,1,1,2025-09-09,Poland,Turkey,81.60746,84.001456
1754,2,1,2025-09-09,Lithuania,Greece,84.5157,73.801478
1754,3,1,2025-09-10,Finland,Georgia,95.997145,64.572229
1754,4,1,2025-09-10,Germany,Slovenia,102.47916,96.308587
1755,1,1,2025-09-09,Poland,Turkey,84.605794,82.256109
1755,2,1,2025-09-09,Lithuania,Greece,91.298531,78.294038
1755,3,1,2025-09-10,Finland,Georgia,82.008034,78.769244
1755,4,1,2025-09-10,Germany,Slovenia,88.456179,95.378506
1756,1,1,2025-09-09,Poland,Turkey,67.583447,86.622665
1756,2,1,2025-09-09,Lithuania,Greece,91.449672,68.813731
1756,3,1,2025-09-10,Finland,Georgia,82.742488,86.77999
1756,4,1,2025-09-10,Germany,Slovenia,104.55109,93.926192
1757,1,1,2025-09-09,Poland,Turkey,75.070271,77.198805
1757,2,1,2025-09-09,Lithuania,Greece,84.295261,62.405105
1757,3,1,2025-09-10,Finland,Georgia,79.585332,77.041699
1757,4,1,2025-09-10,Germany,Slovenia,97.441389,83.458189
1758,1,1,2025-09-09,Poland,Turkey,74.22182,93.220153
1758,2,1,2025-09-09,Lithuania,Greece,85.039418,80.346457
1758,3,1,2025-09-10,Finland,Georgia,85.947215,77.382119
1758,4,1,2025-09-10,Germany,Slovenia,98.234461,97.406175
1759,1,1,2025-09-09,Poland,Turkey,78.964066,88.779376
1759,2,1,2025-09-09,Lithuania,Greece,84.557821,91.723504
1759,3,1,2025-09-10,Finland,Georgia,89.445348,69.841595
1759,4,1,2025-09-10,Germany,Slovenia,83.777607,89.916309
1760,1,1,2025-09-09,Poland,Turkey,71.461353,76.209075
1760,2,1,2025-09-09,Lithuania,Greece,78.930927,92.904103
1760,3,1,2025-09-10,Finland,Georgia,114.47421,66.140478
1760,4,1,2025-09-10,Germany,Slovenia,108.52534,108.62139
1761,1,1,2025-09-09,Poland,Turkey,73.847755,81.181317
1761,2,1,2025-09-09,Lithuania,Greece,85.273193,91.969273
1761,3,1,2025-09-10,Finland,Georgia,72.938367,92.36194
1761,4,1,2025-09-10,Germany,Slovenia,106.541,77.983836
1762,1,1,2025-09-09,Poland,Turkey,78.615065,106.30281
1762,2,1,2025-09-09,Lithuania,Greece,88.321911,82.876701
1762,3,1,2025-09-10,Finland,Georgia,89.736345,81.604164
1762,4,1,2025-09-10,Germany,Slovenia,105.77579,82.025785
1763,1,1,2025-09-09,Poland,Turkey,69.064979,86.164149
1763,2,1,2025-09-09,Lithuania,Greece,73.131422,72.170846
1763,3,1,2025-09-10,Finland,Georgia,84.377184,69.971555
1763,4,1,2025-09-10,Germany,Slovenia,84.478674,74.503196
1764,1,1,2025-09-09,Poland,Turkey,65.365524,79.296475
1764,2,1,2025-09-09,Lithuania,Greece,79.43938,100.36878
1764,3,1,2025-09-10,Finland,Georgia,97.037184,81.751832
1764,4,1,2025-09-10,Germany,Slovenia,100.23768,89.933671
1765,1,1,2025-09-09,Poland,Turkey,75.356435,72.903929
1765,2,1,2025-09-09,Lithuania,Greece,93.890613,77.809591
1765,3,1,2025-09-10,Finland,Georgia,111.88483,79.911669
1765,4,1,2025-09-10,Germany,Slovenia,88.42085,76.488823
1766,1,1,2025-09-09,Poland,Turkey,66.632813,86.289383
1766,2,1,2025-09-09,Lithuania,Greece,95.127976,87.895115
1766,3,1,2025-09-10,Finland,Georgia,89.273973,75.28488
1766,4,1,2025-09-10,Germany,Slovenia,109.52775,84.822693
1767,1,1,2025-09-09,Poland,Turkey,86.07766,86.631174
1767,2,1,2025-09-09,Lithuania,Greece,73.244621,63.385018
1767,3,1,2025-09-10,Finland,Georgia,82.122372,72.681558
1767,4,1,2025-09-10,Germany,Slovenia,104.8229,93.205595
1768,1,1,2025-09-09,Poland,Turkey,66.62654,89.596119
1768,2,1,2025-09-09,Lithuania,Greece,54.905147,75.23048
1768,3,1,2025-09-10,Finland,Georgia,79.632926,80.17779
1768,4,1,2025-09-10,Germany,Slovenia,88.529125,78.935033
1769,1,1,2025-09-09,Poland,Turkey,82.8188,113.81149
1769,2,1,2025-09-09,Lithuania,Greece,101.91265,67.547817
1769,3,1,2025-09-10,Finland,Georgia,83.990392,60.033171
1769,4,1,2025-09-10,Germany,Slovenia,101.94091,88.788407
1770,1,1,2025-09-09,Poland,Turkey,70.991803,83.360423
1770,2,1,2025-09-09,Lithuania,Greece,72.647916,83.866165
1770,3,1,2025-09-10,Finland,Georgia,81.330195,78.855332
1770,4,1,2025-09-10,Germany,Slovenia,105.81844,85.319436
1771,1,1,2025-09-09,Poland,Turkey,85.743727,92.331196
1771,2,1,2025-09-09,Lithuania,Greece,82.733358,86.326801
1771,3,1,2025-09-10,Finland,Georgia,96.804527,95.089444
1771,4,1,2025-09-10,Germany,Slovenia,84.604394,87.547382
1772,1,1,2025-09-09,Poland,Turkey,82.755112,89.948688
1772,2,1,2025-09-09,Lithuania,Greece,98.002276,88.313227
1772,3,1,2025-09-10,Finland,Georgia,93.673415,83.542587
1772,4,1,2025-09-10,Germany,Slovenia,100.31584,80.075614
1773,1,1,2025-09-09,Poland,Turkey,70.92936,76.912222
1773,2,1,2025-09-09,Lithuania,Greece,100.13115,81.297558
1773,3,1,2025-09-10,Finland,Georgia,88.909051,69.262203
1773,4,1,2025-09-10,Germany,Slovenia,90.613465,67.365374
1774,1,1,2025-09-09,Poland,Turkey,87.334362,77.685437
1774,2,1,2025-09-09,Lithuania,Greece,100.86417,85.05907
1774,3,1,2025-09-10,Finland,Georgia,94.044728,71.198152
1774,4,1,2025-09-10,Germany,Slovenia,106.51866,93.506902
1775,1,1,2025-09-09,Poland,Turkey,84.389991,90.597547
1775,2,1,2025-09-09,Lithuania,Greece,88.828569,73.502362
1775,3,1,2025-09-10,Finland,Georgia,90.581452,81.462495
1775,4,1,2025-09-10,Germany,Slovenia,104.31972,97.34817
1776,1,1,2025-09-09,Poland,Turkey,83.836539,98.209662
1776,2,1,2025-09-09,Lithuania,Greece,73.072344,75.370363
1776,3,1,2025-09-10,Finland,Georgia,100.16197,80.838573
1776,4,1,2025-09-10,Germany,Slovenia,119.70892,113.57793
1777,1,1,2025-09-09,Poland,Turkey,81.247465,77.085678
1777,2,1,2025-09-09,Lithuania,Greece,86.489676,67.282687
1777,3,1,2025-09-10,Finland,Georgia,94.86394,74.12158
1777,4,1,2025-09-10,Germany,Slovenia,99.83515,102.22973
1778,1,1,2025-09-09,Poland,Turkey,71.724802,87.389263
1778,2,1,2025-09-09,Lithuania,Greece,99.570043,91.596117
1778,3,1,2025-09-10,Finland,Georgia,102.58423,81.929342
1778,4,1,2025-09-10,Germany,Slovenia,117.25593,98.378026
1779,1,1,2025-09-09,Poland,Turkey,86.244227,86.995821
1779,2,1,2025-09-09,Lithuania,Greece,101.10204,85.518179
1779,3,1,2025-09-10,Finland,Georgia,92.54146,67.197494
1779,4,1,2025-09-10,Germany,Slovenia,92.532622,70.744682
1780,1,1,2025-09-09,Poland,Turkey,84.013431,98.738676
1780,2,1,2025-09-09,Lithuania,Greece,82.041489,70.571444
1780,3,1,2025-09-10,Finland,Georgia,98.261666,79.692846
1780,4,1,2025-09-10,Germany,Slovenia,111.77097,99.078167
1781,1,1,2025-09-09,Poland,Turkey,75.118852,93.12889
1781,2,1,2025-09-09,Lithuania,Greece,79.182568,87.718202
1781,3,1,2025-09-10,Finland,Georgia,94.277226,72.476826
1781,4,1,2025-09-10,Germany,Slovenia,109.95199,93.913031
1782,1,1,2025-09-09,Poland,Turkey,74.229726,97.476574
1782,2,1,2025-09-09,Lithuania,Greece,109.26986,90.422522
1782,3,1,2025-09-10,Finland,Georgia,94.766944,81.261538
1782,4,1,2025-09-10,Germany,Slovenia,94.590467,70.619563
1783,1,1,2025-09-09,Poland,Turkey,85.005983,93.928697
1783,2,1,2025-09-09,Lithuania,Greece,106.72736,73.661972
1783,3,1,2025-09-10,Finland,Georgia,87.330933,77.818074
1783,4,1,2025-09-10,Germany,Slovenia,108.84567,90.949583
1784,1,1,2025-09-09,Poland,Turkey,80.715566,72.943511
1784,2,1,2025-09-09,Lithuania,Greece,81.73121,69.664572
1784,3,1,2025-09-10,Finland,Georgia,91.894136,59.078204
1784,4,1,2025-09-10,Germany,Slovenia,92.75183,96.041797
1785,1,1,2025-09-09,Poland,Turkey,95.602784,72.415848
1785,2,1,2025-09-09,Lithuania,Greece,83.61215,75.656641
1785,3,1,2025-09-10,Finland,Georgia,83.42558,73.86033
1785,4,1,2025-09-10,Germany,Slovenia,107.34718,96.156792
1786,1,1,2025-09-09,Poland,Turkey,72.527428,98.318495
1786,2,1,2025-09-09,Lithuania,Greece,98.82265,74.297258
1786,3,1,2025-09-10,Finland,Georgia,99.075043,76.958682
1786,4,1,2025-09-10,Germany,Slovenia,121.67402,62.628093
1787,1,1,2025-09-09,Poland,Turkey,72.201989,86.212675
1787,2,1,2025-09-09,Lithuania,Greece,87.017658,69.304165
1787,3,1,2025-09-10,Finland,Georgia,96.885509,72.038565
1787,4,1,2025-09-10,Germany,Slovenia,121.56342,88.838902
1788,1,1,2025-09-09,Poland,Turkey,75.595297,95.556776
1788,2,1,2025-09-09,Lithuania,Greece,80.626446,81.438368
1788,3,1,2025-09-10,Finland,Georgia,118.89306,77.480878
1788,4,1,2025-09-10,Germany,Slovenia,96.095976,73.518633
1789,1,1,2025-09-09,Poland,Turkey,63.648673,89.688277
1789,2,1,2025-09-09,Lithuania,Greece,88.218707,79.401428
1789,3,1,2025-09-10,Finland,Georgia,117.67809,94.892793
1789,4,1,2025-09-10,Germany,Slovenia,111.21306,96.097257
1790,1,1,2025-09-09,Poland,Turkey,73.959702,94.595003
1790,2,1,2025-09-09,Lithuania,Greece,83.515775,88.014553
1790,3,1,2025-09-10,Finland,Georgia,108.15465,81.57622
1790,4,1,2025-09-10,Germany,Slovenia,105.62191,72.07576
1791,1,1,2025-09-09,Poland,Turkey,85.575237,83.291991
1791,2,1,2025-09-09,Lithuania,Greece,86.752091,79.425832
1791,3,1,2025-09-10,Finland,Georgia,96.847649,70.850988
1791,4,1,2025-09-10,Germany,Slovenia,99.789735,102.51523
1792,1,1,2025-09-09,Poland,Turkey,86.098436,69.134091
1792,2,1,2025-09-09,Lithuania,Greece,95.506134,53.901082
1792,3,1,2025-09-10,Finland,Georgia,108.01803,73.353577
1792,4,1,2025-09-10,Germany,Slovenia,90.625389,102.55971
1793,1,1,2025-09-09,Poland,Turkey,84.30387,93.667668
1793,2,1,2025-09-09,Lithuania,Greece,101.27769,83.478349
1793,3,1,2025-09-10,Finland,Georgia,96.336186,90.615622
1793,4,1,2025-09-10,Germany,Slovenia,79.923976,65.840936
1794,1,1,2025-09-09,Poland,Turkey,82.223801,94.112378
1794,2,1,2025-09-09,Lithuania,Greece,100.01455,86.183021
1794,3,1,2025-09-10,Finland,Georgia,94.809586,76.329529
1794,4,1,2025-09-10,Germany,Slovenia,106.98815,88.263702
1795,1,1,2025-09-09,Poland,Turkey,84.48999,95.829094
1795,2,1,2025-09-09,Lithuania,Greece,78.44744,59.573679
1795,3,1,2025-09-10,Finland,Georgia,87.147443,81.050918
1795,4,1,2025-09-10,Germany,Slovenia,119.30387,102.2533
1796,1,1,2025-09-09,Poland,Turkey,79.108335,90.219726
1796,2,1,2025-09-09,Lithuania,Greece,91.131494,76.558256
1796,3,1,2025-09-10,Finland,Georgia,106.49443,51.531466
1796,4,1,2025-09-10,Germany,Slovenia,77.652742,88.582828
1797,1,1,2025-09-09,Poland,Turkey,84.929234,97.855948
1797,2,1,2025-09-09,Lithuania,Greece,79.883419,72.92879
1797,3,1,2025-09-10,Finland,Georgia,86.496872,63.488734
1797,4,1,2025-09-10,Germany,Slovenia,85.918128,73.441099
1798,1,1,2025-09-09,Poland,Turkey,81.670911,85.176532
1798,2,1,2025-09-09,Lithuania,Greece,82.087058,94.260781
1798,3,1,2025-09-10,Finland,Georgia,97.452934,76.910348
1798,4,1,2025-09-10,Germany,Slovenia,70.793867,91.517375
1799,1,1,2025-09-09,Poland,Turkey,81.622945,88.42179
1799,2,1,2025-09-09,Lithuania,Greece,90.566899,68.151604
1799,3,1,2025-09-10,Finland,Georgia,111.69967,81.109755
1799,4,1,2025-09-10,Germany,Slovenia,97.638317,82.297309
1800,1,1,2025-09-09,Poland,Turkey,90.65348,85.736541
1800,2,1,2025-09-09,Lithuania,Greece,86.771023,63.812499
1800,3,1,2025-09-10,Finland,Georgia,89.489146,77.78881
1800,4,1,2025-09-10,Germany,Slovenia,79.46315,91.827696
1801,1,1,2025-09-09,Poland,Turkey,79.918817,91.723718
1801,2,1,2025-09-09,Lithuania,Greece,87.244975,83.193601
1801,3,1,2025-09-10,Finland,Georgia,114.89682,77.470542
1801,4,1,2025-09-10,Germany,Slovenia,89.978463,78.313439
1802,1,1,2025-09-09,Poland,Turkey,93.272293,97.075237
1802,2,1,2025-09-09,Lithuania,Greece,86.755257,64.743473
1802,3,1,2025-09-10,Finland,Georgia,96.860191,78.417686
1802,4,1,2025-09-10,Germany,Slovenia,106.69262,85.586916
1803,1,1,2025-09-09,Poland,Turkey,80.790454,77.9588
1803,2,1,2025-09-09,Lithuania,Greece,73.004071,81.466714
1803,3,1,2025-09-10,Finland,Georgia,104.14297,62.885005
1803,4,1,2025-09-10,Germany,Slovenia,124.0737,92.270133
1804,1,1,2025-09-09,Poland,Turkey,98.720354,113.75533
1804,2,1,2025-09-09,Lithuania,Greece,62.952585,67.704985
1804,3,1,2025-09-10,Finland,Georgia,106.48554,93.606398
1804,4,1,2025-09-10,Germany,Slovenia,111.5915,81.39351
1805,1,1,2025-09-09,Poland,Turkey,56.913277,75.909843
1805,2,1,2025-09-09,Lithuania,Greece,90.645609,85.598369
1805,3,1,2025-09-10,Finland,Georgia,72.088775,66.334818
1805,4,1,2025-09-10,Germany,Slovenia,95.517291,92.103621
1806,1,1,2025-09-09,Poland,Turkey,62.484237,59.766687
1806,2,1,2025-09-09,Lithuania,Greece,88.013532,83.445528
1806,3,1,2025-09-10,Finland,Georgia,79.03571,96.586326
1806,4,1,2025-09-10,Germany,Slovenia,87.66929,71.330966
1807,1,1,2025-09-09,Poland,Turkey,86.539017,115.5503
1807,2,1,2025-09-09,Lithuania,Greece,88.374606,65.742031
1807,3,1,2025-09-10,Finland,Georgia,90.551158,94.230776
1807,4,1,2025-09-10,Germany,Slovenia,79.752414,88.859204
1808,1,1,2025-09-09,Poland,Turkey,86.603315,78.746181000000007
1808,2,1,2025-09-09,Lithuania,Greece,84.046967,67.244221
1808,3,1,2025-09-10,Finland,Georgia,93.026053,84.492295
1808,4,1,2025-09-10,Germany,Slovenia,100.31403,99.155701
1809,1,1,2025-09-09,Poland,Turkey,78.952935,82.636359
1809,2,1,2025-09-09,Lithuania,Greece,99.28305,73.724287
1809,3,1,2025-09-10,Finland,Georgia,92.569692,67.137072
1809,4,1,2025-09-10,Germany,Slovenia,102.46708,85.362704
1810,1,1,2025-09-09,Poland,Turkey,70.497268,81.281313
1810,2,1,2025-09-09,Lithuania,Greece,94.566422,71.982444
1810,3,1,2025-09-10,Finland,Georgia,103.09183,62.79313
1810,4,1,2025-09-10,Germany,Slovenia,105.60928,104.1008
1811,1,1,2025-09-09,Poland,Turkey,78.174295,88.217682
1811,2,1,2025-09-09,Lithuania,Greece,95.585584,81.209541
1811,3,1,2025-09-10,Finland,Georgia,106.30103,75.091974
1811,4,1,2025-09-10,Germany,Slovenia,105.904,91.421424
1812,1,1,2025-09-09,Poland,Turkey,78.112653,92.172702
1812,2,1,2025-09-09,Lithuania,Greece,100.31573,70.019508
1812,3,1,2025-09-10,Finland,Georgia,99.589459,73.431774
1812,4,1,2025-09-10,Germany,Slovenia,98.138691,72.002518
1813,1,1,2025-09-09,Poland,Turkey,77.628419,72.085167
1813,2,1,2025-09-09,Lithuania,Greece,78.437679,76.929948
1813,3,1,2025-09-10,Finland,Georgia,100.06527,79.524003
1813,4,1,2025-09-10,Germany,Slovenia,128.46683,98.979145
1814,1,1,2025-09-09,Poland,Turkey,67.256283,79.700994
1814,2,1,2025-09-09,Lithuania,Greece,82.140371,70.984236
1814,3,1,2025-09-10,Finland,Georgia,97.810258,86.306325
1814,4,1,2025-09-10,Germany,Slovenia,109.6114,105.34099
1815,1,1,2025-09-09,Poland,Turkey,79.687103,80.672293
1815,2,1,2025-09-09,Lithuania,Greece,78.22113,74.755298
1815,3,1,2025-09-10,Finland,Georgia,113.67308,75.03671
1815,4,1,2025-09-10,Germany,Slovenia,104.04916,81.746006
1816,1,1,2025-09-09,Poland,Turkey,81.391089,81.344195
1816,2,1,2025-09-09,Lithuania,Greece,103.38017,91.57338
1816,3,1,2025-09-10,Finland,Georgia,94.331382,78.697831
1816,4,1,2025-09-10,Germany,Slovenia,105.75496,80.157306
1817,1,1,2025-09-09,Poland,Turkey,77.48462,89.370316
1817,2,1,2025-09-09,Lithuania,Greece,69.264159,77.9087
1817,3,1,2025-09-10,Finland,Georgia,104.69799,79.021836
1817,4,1,2025-09-10,Germany,Slovenia,114.29017,80.541749
1818,1,1,2025-09-09,Poland,Turkey,67.833434,76.815087
1818,2,1,2025-09-09,Lithuania,Greece,66.674293,77.139992
1818,3,1,2025-09-10,Finland,Georgia,92.980934,76.323779
1818,4,1,2025-09-10,Germany,Slovenia,98.013003,72.204462
1819,1,1,2025-09-09,Poland,Turkey,70.399571,60.298966
1819,2,1,2025-09-09,Lithuania,Greece,88.266791,62.467698
1819,3,1,2025-09-10,Finland,Georgia,99.707821,85.994152
1819,4,1,2025-09-10,Germany,Slovenia,111.01669,91.756042
1820,1,1,2025-09-09,Poland,Turkey,72.263003,81.567388
1820,2,1,2025-09-09,Lithuania,Greece,99.343583,67.097417
1820,3,1,2025-09-10,Finland,Georgia,97.197814,80.913278
1820,4,1,2025-09-10,Germany,Slovenia,106.91697,94.538425
1821,1,1,2025-09-09,Poland,Turkey,127.50932,88.567631
1821,2,1,2025-09-09,Lithuania,Greece,86.169827,83.500028
1821,3,1,2025-09-10,Finland,Georgia,94.635652,72.883032
1821,4,1,2025-09-10,Germany,Slovenia,111.80181,100.63757
1822,1,1,2025-09-09,Poland,Turkey,72.01588,85.480324
1822,2,1,2025-09-09,Lithuania,Greece,71.626352,63.872858
1822,3,1,2025-09-10,Finland,Georgia,104.73992,77.951882
1822,4,1,2025-09-10,Germany,Slovenia,109.47384,83.49815
1823,1,1,2025-09-09,Poland,Turkey,72.750593,86.683091
1823,2,1,2025-09-09,Lithuania,Greece,93.032789,80.355463
1823,3,1,2025-09-10,Finland,Georgia,99.375714,73.246031
1823,4,1,2025-09-10,Germany,Slovenia,106.17122,87.018037
1824,1,1,2025-09-09,Poland,Turkey,72.739969,83.77592
1824,2,1,2025-09-09,Lithuania,Greece,92.894015,74.027216
1824,3,1,2025-09-10,Finland,Georgia,85.782926,76.414201
1824,4,1,2025-09-10,Germany,Slovenia,124.18466,96.5925
1825,1,1,2025-09-09,Poland,Turkey,75.819527,68.661855
1825,2,1,2025-09-09,Lithuania,Greece,84.324277,81.05096
1825,3,1,2025-09-10,Finland,Georgia,92.446679,66.452235
1825,4,1,2025-09-10,Germany,Slovenia,115.74217,90.25335
1826,1,1,2025-09-09,Poland,Turkey,72.2365,87.782903
1826,2,1,2025-09-09,Lithuania,Greece,74.961004,77.465755
1826,3,1,2025-09-10,Finland,Georgia,101.04562,69.636555
1826,4,1,2025-09-10,Germany,Slovenia,96.957026,97.186447
1827,1,1,2025-09-09,Poland,Turkey,86.674444,102.62981
1827,2,1,2025-09-09,Lithuania,Greece,71.369461,65.91137
1827,3,1,2025-09-10,Finland,Georgia,105.37776,75.616983
1827,4,1,2025-09-10,Germany,Slovenia,113.9408,61.601083
1828,1,1,2025-09-09,Poland,Turkey,74.102245,77.379047
1828,2,1,2025-09-09,Lithuania,Greece,77.695779,52.584967
1828,3,1,2025-09-10,Finland,Georgia,88.958107,87.084139
1828,4,1,2025-09-10,Germany,Slovenia,101.45379,81.535844
1829,1,1,2025-09-09,Poland,Turkey,88.529213,98.739194
1829,2,1,2025-09-09,Lithuania,Greece,81.858255,90.522763
1829,3,1,2025-09-10,Finland,Georgia,102.62568,90.864007
1829,4,1,2025-09-10,Germany,Slovenia,121.6029,101.23274
1830,1,1,2025-09-09,Poland,Turkey,71.787352,98.424815
1830,2,1,2025-09-09,Lithuania,Greece,77.37578,80.944566
1830,3,1,2025-09-10,Finland,Georgia,85.490963,73.523027
1830,4,1,2025-09-10,Germany,Slovenia,90.656278,72.698979
1831,1,1,2025-09-09,Poland,Turkey,76.274294,85.703548
1831,2,1,2025-09-09,Lithuania,Greece,84.207072,72.028194
1831,3,1,2025-09-10,Finland,Georgia,81.221103,85.830319
1831,4,1,2025-09-10,Germany,Slovenia,109.17836,88.556777
1832,1,1,2025-09-09,Poland,Turkey,64.802432,70.905155
1832,2,1,2025-09-09,Lithuania,Greece,82.705425,65.809854
1832,3,1,2025-09-10,Finland,Georgia,92.114845,66.192244
1832,4,1,2025-09-10,Germany,Slovenia,104.22261,85.02333
1833,1,1,2025-09-09,Poland,Turkey,93.980627,89.016108
1833,2,1,2025-09-09,Lithuania,Greece,97.525808,80.490665
1833,3,1,2025-09-10,Finland,Georgia,87.872408,78.587725
1833,4,1,2025-09-10,Germany,Slovenia,127.92236,90.447427
1834,1,1,2025-09-09,Poland,Turkey,71.152529,85.096674
1834,2,1,2025-09-09,Lithuania,Greece,82.949485,73.699283
1834,3,1,2025-09-10,Finland,Georgia,105.03742,83.826113
1834,4,1,2025-09-10,Germany,Slovenia,110.84467,89.366911
1835,1,1,2025-09-09,Poland,Turkey,97.387415,94.280494
1835,2,1,2025-09-09,Lithuania,Greece,96.666226,81.878988
1835,3,1,2025-09-10,Finland,Georgia,93.733967,76.796106
1835,4,1,2025-09-10,Germany,Slovenia,98.103773,91.461689
1836,1,1,2025-09-09,Poland,Turkey,70.103548,76.264679
1836,2,1,2025-09-09,Lithuania,Greece,96.957104,61.325708
1836,3,1,2025-09-10,Finland,Georgia,106.09492,81.842698
1836,4,1,2025-09-10,Germany,Slovenia,94.640084,105.60815
1837,1,1,2025-09-09,Poland,Turkey,74.884596,97.692201
1837,2,1,2025-09-09,Lithuania,Greece,95.884442,71.534974
1837,3,1,2025-09-10,Finland,Georgia,90.223523,75.743939
1837,4,1,2025-09-10,Germany,Slovenia,96.79966,89.182566
1838,1,1,2025-09-09,Poland,Turkey,67.020684,84.227581
1838,2,1,2025-09-09,Lithuania,Greece,85.104516,58.560523
1838,3,1,2025-09-10,Finland,Georgia,100.68375,67.618061
1838,4,1,2025-09-10,Germany,Slovenia,108.45057,73.693207
1839,1,1,2025-09-09,Poland,Turkey,77.091667,84.944818
1839,2,1,2025-09-09,Lithuania,Greece,83.647596,95.597903
1839,3,1,2025-09-10,Finland,Georgia,113.96021,73.944745
1839,4,1,2025-09-10,Germany,Slovenia,81.623396,73.796735
1840,1,1,2025-09-09,Poland,Turkey,81.124705,92.28286
1840,2,1,2025-09-09,Lithuania,Greece,82.452046,80.967252
1840,3,1,2025-09-10,Finland,Georgia,105.11258,73.259712
1840,4,1,2025-09-10,Germany,Slovenia,103.82395,87.708712
1841,1,1,2025-09-09,Poland,Turkey,72.644782,110.56847
1841,2,1,2025-09-09,Lithuania,Greece,84.915933,64.714403
1841,3,1,2025-09-10,Finland,Georgia,103.86166,80.368102
1841,4,1,2025-09-10,Germany,Slovenia,118.7544,89.992624
1842,1,1,2025-09-09,Poland,Turkey,63.117246,78.931787
1842,2,1,2025-09-09,Lithuania,Greece,97.264527,82.939104
1842,3,1,2025-09-10,Finland,Georgia,90.623748,71.930454
1842,4,1,2025-09-10,Germany,Slovenia,88.977501,81.675489
1843,1,1,2025-09-09,Poland,Turkey,74.901844,75.837783
1843,2,1,2025-09-09,Lithuania,Greece,86.914078,68.507318
1843,3,1,2025-09-10,Finland,Georgia,114.63256,82.050356
1843,4,1,2025-09-10,Germany,Slovenia,113.59674,86.361646
1844,1,1,2025-09-09,Poland,Turkey,70.106709,63.984471
1844,2,1,2025-09-09,Lithuania,Greece,92.487609,75.29772
1844,3,1,2025-09-10,Finland,Georgia,107.25686,84.790593
1844,4,1,2025-09-10,Germany,Slovenia,91.274399,72.61168
1845,1,1,2025-09-09,Poland,Turkey,84.814424,102.63178
1845,2,1,2025-09-09,Lithuania,Greece,92.057226,84.435969
1845,3,1,2025-09-10,Finland,Georgia,101.31912,61.5429
1845,4,1,2025-09-10,Germany,Slovenia,97.995663,76.758392
1846,1,1,2025-09-09,Poland,Turkey,66.372633,62.832279
1846,2,1,2025-09-09,Lithuania,Greece,80.124222,69.756696
1846,3,1,2025-09-10,Finland,Georgia,94.232657,89.837294
1846,4,1,2025-09-10,Germany,Slovenia,103.88298,113.12832
1847,1,1,2025-09-09,Poland,Turkey,81.216036,86.901497
1847,2,1,2025-09-09,Lithuania,Greece,63.042471,59.787052
1847,3,1,2025-09-10,Finland,Georgia,79.35743,70.9633
1847,4,1,2025-09-10,Germany,Slovenia,85.342099,91.857686
1848,1,1,2025-09-09,Poland,Turkey,95.090527,90.716686
1848,2,1,2025-09-09,Lithuania,Greece,83.362538,61.789316
1848,3,1,2025-09-10,Finland,Georgia,103.31149,66.765537
1848,4,1,2025-09-10,Germany,Slovenia,102.79407,94.040158
1849,1,1,2025-09-09,Poland,Turkey,71.60897,101.02471
1849,2,1,2025-09-09,Lithuania,Greece,89.569699,83.988811
1849,3,1,2025-09-10,Finland,Georgia,109.37906,67.555178
1849,4,1,2025-09-10,Germany,Slovenia,98.748515,86.399972
1850,1,1,2025-09-09,Poland,Turkey,80.294604,91.608927
1850,2,1,2025-09-09,Lithuania,Greece,90.390385,75.367778
1850,3,1,2025-09-10,Finland,Georgia,83.716313,64.411686
1850,4,1,2025-09-10,Germany,Slovenia,117.69146,96.133719
1851,1,1,2025-09-09,Poland,Turkey,84.622409,95.074048
1851,2,1,2025-09-09,Lithuania,Greece,52.065531,51.424212
1851,3,1,2025-09-10,Finland,Georgia,105.38309,83.387613
1851,4,1,2025-09-10,Germany,Slovenia,109.13113,100.3894
1852,1,1,2025-09-09,Poland,Turkey,92.082997,98.412945
1852,2,1,2025-09-09,Lithuania,Greece,94.86495,74.571618
1852,3,1,2025-09-10,Finland,Georgia,88.295472,73.953954
1852,4,1,2025-09-10,Germany,Slovenia,86.549056,84.361703
1853,1,1,2025-09-09,Poland,Turkey,84.560808,80.258109
1853,2,1,2025-09-09,Lithuania,Greece,83.742576,31.915879
1853,3,1,2025-09-10,Finland,Georgia,68.963255,77.780581
1853,4,1,2025-09-10,Germany,Slovenia,91.723355,86.99659
1854,1,1,2025-09-09,Poland,Turkey,67.153907,86.076186
1854,2,1,2025-09-09,Lithuania,Greece,107.27023,77.103276
1854,3,1,2025-09-10,Finland,Georgia,112.01633,71.812288
1854,4,1,2025-09-10,Germany,Slovenia,100.98194,80.717864
1855,1,1,2025-09-09,Poland,Turkey,59.297507,87.290465
1855,2,1,2025-09-09,Lithuania,Greece,96.200485,71.560453
1855,3,1,2025-09-10,Finland,Georgia,97.577085,91.669598
1855,4,1,2025-09-10,Germany,Slovenia,120.91607,90.372883
1856,1,1,2025-09-09,Poland,Turkey,78.810296,87.88683
1856,2,1,2025-09-09,Lithuania,Greece,79.339765,64.49493
1856,3,1,2025-09-10,Finland,Georgia,93.623165,90.876126
1856,4,1,2025-09-10,Germany,Slovenia,103.63009,92.267287
1857,1,1,2025-09-09,Poland,Turkey,66.764291,93.447505
1857,2,1,2025-09-09,Lithuania,Greece,60.318747,70.454524
1857,3,1,2025-09-10,Finland,Georgia,81.058188,85.916563
1857,4,1,2025-09-10,Germany,Slovenia,113.04554,81.752596
1858,1,1,2025-09-09,Poland,Turkey,60.041484,86.080871
1858,2,1,2025-09-09,Lithuania,Greece,78.234736,90.608774
1858,3,1,2025-09-10,Finland,Georgia,92.113762,86.165964
1858,4,1,2025-09-10,Germany,Slovenia,104.69685,92.514239
1859,1,1,2025-09-09,Poland,Turkey,72.995955,81.034593
1859,2,1,2025-09-09,Lithuania,Greece,96.558255,76.836416
1859,3,1,2025-09-10,Finland,Georgia,83.834605,85.764923
1859,4,1,2025-09-10,Germany,Slovenia,95.779208,90.650059
1860,1,1,2025-09-09,Poland,Turkey,67.560412,79.788179
1860,2,1,2025-09-09,Lithuania,Greece,69.821891,70.812244
1860,3,1,2025-09-10,Finland,Georgia,82.261803,59.120366
1860,4,1,2025-09-10,Germany,Slovenia,100.26826,91.913809
1861,1,1,2025-09-09,Poland,Turkey,59.125823,75.371035
1861,2,1,2025-09-09,Lithuania,Greece,88.628899,77.97055
1861,3,1,2025-09-10,Finland,Georgia,105.04024,71.105514
1861,4,1,2025-09-10,Germany,Slovenia,90.986681,87.349229
1862,1,1,2025-09-09,Poland,Turkey,70.825655,86.377141
1862,2,1,2025-09-09,Lithuania,Greece,93.766621,58.458568
1862,3,1,2025-09-10,Finland,Georgia,99.31735,71.669585
1862,4,1,2025-09-10,Germany,Slovenia,103.88968,95.661619
1863,1,1,2025-09-09,Poland,Turkey,87.049665,103.41053
1863,2,1,2025-09-09,Lithuania,Greece,75.327363,57.965789
1863,3,1,2025-09-10,Finland,Georgia,81.182999,70.567385
1863,4,1,2025-09-10,Germany,Slovenia,90.9261,96.108884
1864,1,1,2025-09-09,Poland,Turkey,72.673941,82.322535
1864,2,1,2025-09-09,Lithuania,Greece,104.92605,102.98654
1864,3,1,2025-09-10,Finland,Georgia,87.132066,72.823725
1864,4,1,2025-09-10,Germany,Slovenia,126.15545,85.783513
1865,1,1,2025-09-09,Poland,Turkey,91.492967,100.10833
1865,2,1,2025-09-09,Lithuania,Greece,84.663685,73.024033
1865,3,1,2025-09-10,Finland,Georgia,87.45221,70.398069
1865,4,1,2025-09-10,Germany,Slovenia,110.89819,83.724492
1866,1,1,2025-09-09,Poland,Turkey,61.867109,78.926037
1866,2,1,2025-09-09,Lithuania,Greece,92.52099,62.497216
1866,3,1,2025-09-10,Finland,Georgia,113.51616,93.720954
1866,4,1,2025-09-10,Germany,Slovenia,103.27471,68.239435
1867,1,1,2025-09-09,Poland,Turkey,64.554202,76.94787
1867,2,1,2025-09-09,Lithuania,Greece,88.990522,73.289594
1867,3,1,2025-09-10,Finland,Georgia,84.482658,92.274242
1867,4,1,2025-09-10,Germany,Slovenia,98.666314,101.23033
1868,1,1,2025-09-09,Poland,Turkey,70.02939,95.304799
1868,2,1,2025-09-09,Lithuania,Greece,80.448564,83.219126
1868,3,1,2025-09-10,Finland,Georgia,91.66093,53.211111
1868,4,1,2025-09-10,Germany,Slovenia,93.940989,98.543406
1869,1,1,2025-09-09,Poland,Turkey,76.589539,79.753308
1869,2,1,2025-09-09,Lithuania,Greece,85.964337,80.865253
1869,3,1,2025-09-10,Finland,Georgia,111.53582,68.128113
1869,4,1,2025-09-10,Germany,Slovenia,103.62402,88.562597
1870,1,1,2025-09-09,Poland,Turkey,90.316637,104.65259
1870,2,1,2025-09-09,Lithuania,Greece,110.58542,103.29195
1870,3,1,2025-09-10,Finland,Georgia,98.542389,68.286285
1870,4,1,2025-09-10,Germany,Slovenia,91.878716,82.473498
1871,1,1,2025-09-09,Poland,Turkey,84.182613,91.676216
1871,2,1,2025-09-09,Lithuania,Greece,84.262337,66.04033
1871,3,1,2025-09-10,Finland,Georgia,85.833761,76.936714
1871,4,1,2025-09-10,Germany,Slovenia,93.525679,87.320001
1872,1,1,2025-09-09,Poland,Turkey,81.000136,89.556953
1872,2,1,2025-09-09,Lithuania,Greece,92.571583,79.571024
1872,3,1,2025-09-10,Finland,Georgia,109.90278,97.524866
1872,4,1,2025-09-10,Germany,Slovenia,92.68087,82.689905
1873,1,1,2025-09-09,Poland,Turkey,72.552587,84.730532
1873,2,1,2025-09-09,Lithuania,Greece,88.523163,70.052089
1873,3,1,2025-09-10,Finland,Georgia,77.689973,57.177021
1873,4,1,2025-09-10,Germany,Slovenia,124.80588,79.703677
1874,1,1,2025-09-09,Poland,Turkey,61.577419,88.525243
1874,2,1,2025-09-09,Lithuania,Greece,83.168445,83.346209
1874,3,1,2025-09-10,Finland,Georgia,78.023871,72.862922
1874,4,1,2025-09-10,Germany,Slovenia,110.11413,95.763937
1875,1,1,2025-09-09,Poland,Turkey,53.413561,78.027593
1875,2,1,2025-09-09,Lithuania,Greece,104.15141,78.612146
1875,3,1,2025-09-10,Finland,Georgia,102.31241,64.163503
1875,4,1,2025-09-10,Germany,Slovenia,119.40271,79.286439
1876,1,1,2025-09-09,Poland,Turkey,59.293511,86.52551
1876,2,1,2025-09-09,Lithuania,Greece,71.088505,70.500688
1876,3,1,2025-09-10,Finland,Georgia,84.446836,98.418267
1876,4,1,2025-09-10,Germany,Slovenia,95.819893,72.397337
1877,1,1,2025-09-09,Poland,Turkey,80.868587,93.288498
1877,2,1,2025-09-09,Lithuania,Greece,101.82895,95.749507
1877,3,1,2025-09-10,Finland,Georgia,73.816794,70.331405
1877,4,1,2025-09-10,Germany,Slovenia,98.290148,89.044784
1878,1,1,2025-09-09,Poland,Turkey,64.231263,70.328414
1878,2,1,2025-09-09,Lithuania,Greece,85.177217,79.131666
1878,3,1,2025-09-10,Finland,Georgia,76.031008,65.858493
1878,4,1,2025-09-10,Germany,Slovenia,98.053833,85.039664
1879,1,1,2025-09-09,Poland,Turkey,73.206227,71.700452
1879,2,1,2025-09-09,Lithuania,Greece,90.747042,71.000828
1879,3,1,2025-09-10,Finland,Georgia,99.498631,77.054605
1879,4,1,2025-09-10,Germany,Slovenia,101.70303,58.775992
1880,1,1,2025-09-09,Poland,Turkey,80.054195000000007,91.619547
1880,2,1,2025-09-09,Lithuania,Greece,85.989834,67.426012
1880,3,1,2025-09-10,Finland,Georgia,96.193185,83.300751
1880,4,1,2025-09-10,Germany,Slovenia,84.26066,86.999805
1881,1,1,2025-09-09,Poland,Turkey,64.664896,91.792529
1881,2,1,2025-09-09,Lithuania,Greece,86.417025,81.962904
1881,3,1,2025-09-10,Finland,Georgia,77.702696,63.397012
1881,4,1,2025-09-10,Germany,Slovenia,103.89255,95.552526
1882,1,1,2025-09-09,Poland,Turkey,77.377684,95.54288
1882,2,1,2025-09-09,Lithuania,Greece,77.134014,84.355414
1882,3,1,2025-09-10,Finland,Georgia,75.572703,94.642116
1882,4,1,2025-09-10,Germany,Slovenia,86.399728,100.72558
1883,1,1,2025-09-09,Poland,Turkey,74.051444,86.307494
1883,2,1,2025-09-09,Lithuania,Greece,78.260656,70.063152
1883,3,1,2025-09-10,Finland,Georgia,83.292155,67.074516
1883,4,1,2025-09-10,Germany,Slovenia,105.69394,72.519743
1884,1,1,2025-09-09,Poland,Turkey,82.837982,96.181689
1884,2,1,2025-09-09,Lithuania,Greece,108.99018,85.374654
1884,3,1,2025-09-10,Finland,Georgia,111.26212,75.059415
1884,4,1,2025-09-10,Germany,Slovenia,113.14987,79.266654
1885,1,1,2025-09-09,Poland,Turkey,78.423145,88.832144
1885,2,1,2025-09-09,Lithuania,Greece,90.483474,87.489126
1885,3,1,2025-09-10,Finland,Georgia,90.588073,85.817334
1885,4,1,2025-09-10,Germany,Slovenia,106.37207,74.02133
1886,1,1,2025-09-09,Poland,Turkey,64.748853,83.321862
1886,2,1,2025-09-09,Lithuania,Greece,80.835948,77.616003
1886,3,1,2025-09-10,Finland,Georgia,89.220357,71.717447
1886,4,1,2025-09-10,Germany,Slovenia,90.623556,91.794865
1887,1,1,2025-09-09,Poland,Turkey,72.373408,82.836847
1887,2,1,2025-09-09,Lithuania,Greece,98.984379,74.27875
1887,3,1,2025-09-10,Finland,Georgia,83.859599,60.700652
1887,4,1,2025-09-10,Germany,Slovenia,116.09565,74.751279
1888,1,1,2025-09-09,Poland,Turkey,96.602444,108.7508
1888,2,1,2025-09-09,Lithuania,Greece,89.270559,72.234926
1888,3,1,2025-09-10,Finland,Georgia,113.35666,78.771695
1888,4,1,2025-09-10,Germany,Slovenia,103.64257,95.821043
1889,1,1,2025-09-09,Poland,Turkey,76.461662,73.002002
1889,2,1,2025-09-09,Lithuania,Greece,88.996851,51.912529
1889,3,1,2025-09-10,Finland,Georgia,87.074178,84.84312
1889,4,1,2025-09-10,Germany,Slovenia,110.05423,67.831883
1890,1,1,2025-09-09,Poland,Turkey,84.723795,97.837747
1890,2,1,2025-09-09,Lithuania,Greece,84.509103,85.241784
1890,3,1,2025-09-10,Finland,Georgia,87.786902,69.650705
1890,4,1,2025-09-10,Germany,Slovenia,94.924758,93.262516
1891,1,1,2025-09-09,Poland,Turkey,94.767188,91.658398
1891,2,1,2025-09-09,Lithuania,Greece,76.811164,90.057724
1891,3,1,2025-09-10,Finland,Georgia,86.507607,66.200738
1891,4,1,2025-09-10,Germany,Slovenia,109.4312,80.832942
1892,1,1,2025-09-09,Poland,Turkey,69.771582,93.565092
1892,2,1,2025-09-09,Lithuania,Greece,78.683271,81.055693
1892,3,1,2025-09-10,Finland,Georgia,97.402304,85.509261
1892,4,1,2025-09-10,Germany,Slovenia,95.085012,71.339125
1893,1,1,2025-09-09,Poland,Turkey,82.122681,104.45565
1893,2,1,2025-09-09,Lithuania,Greece,66.24418,48.635135
1893,3,1,2025-09-10,Finland,Georgia,79.680343,66.028075
1893,4,1,2025-09-10,Germany,Slovenia,136.17785,78.499041
1894,1,1,2025-09-09,Poland,Turkey,95.604697,79.150438
1894,2,1,2025-09-09,Lithuania,Greece,95.764402,68.007288
1894,3,1,2025-09-10,Finland,Georgia,86.209488,60.663477
1894,4,1,2025-09-10,Germany,Slovenia,98.833013,87.177132
1895,1,1,2025-09-09,Poland,Turkey,61.036306,91.572342
1895,2,1,2025-09-09,Lithuania,Greece,69.021804,80.871464
1895,3,1,2025-09-10,Finland,Georgia,114.19146,92.284017
1895,4,1,2025-09-10,Germany,Slovenia,94.301779,53.358686
1896,1,1,2025-09-09,Poland,Turkey,81.967831,98.273601
1896,2,1,2025-09-09,Lithuania,Greece,77.33872,71.278938
1896,3,1,2025-09-10,Finland,Georgia,88.918718,89.75787
1896,4,1,2025-09-10,Germany,Slovenia,94.094801,84.933355
1897,1,1,2025-09-09,Poland,Turkey,86.254522,81.754141
1897,2,1,2025-09-09,Lithuania,Greece,72.04636,71.137681
1897,3,1,2025-09-10,Finland,Georgia,100.7866,76.800186
1897,4,1,2025-09-10,Germany,Slovenia,102.74662,85.459669
1898,1,1,2025-09-09,Poland,Turkey,77.415554,84.720027
1898,2,1,2025-09-09,Lithuania,Greece,92.859772,70.699575
1898,3,1,2025-09-10,Finland,Georgia,96.622345,81.997915
1898,4,1,2025-09-10,Germany,Slovenia,100.22582,79.264958
1899,1,1,2025-09-09,Poland,Turkey,56.505305,93.915359
1899,2,1,2025-09-09,Lithuania,Greece,71.749575,78.992904
1899,3,1,2025-09-10,Finland,Georgia,97.435582,70.833213
1899,4,1,2025-09-10,Germany,Slovenia,97.431163,84.226982
1900,1,1,2025-09-09,Poland,Turkey,87.786181,85.637653
1900,2,1,2025-09-09,Lithuania,Greece,75.235652,66.983106
1900,3,1,2025-09-10,Finland,Georgia,93.735069,81.985928
1900,4,1,2025-09-10,Germany,Slovenia,86.146272,80.838088
1901,1,1,2025-09-09,Poland,Turkey,63.96699,97.055059
1901,2,1,2025-09-09,Lithuania,Greece,91.928028,98.001778
1901,3,1,2025-09-10,Finland,Georgia,101.77335,53.73525
1901,4,1,2025-09-10,Germany,Slovenia,114.91884,80.941303
1902,1,1,2025-09-09,Poland,Turkey,64.005238,91.175801
1902,2,1,2025-09-09,Lithuania,Greece,87.708904,70.824996
1902,3,1,2025-09-10,Finland,Georgia,94.838521,76.997246
1902,4,1,2025-09-10,Germany,Slovenia,108.61941,85.479726
1903,1,1,2025-09-09,Poland,Turkey,70.539129,89.460018
1903,2,1,2025-09-09,Lithuania,Greece,101.09533,90.101455
1903,3,1,2025-09-10,Finland,Georgia,100.59284,66.700683
1903,4,1,2025-09-10,Germany,Slovenia,115.91291,85.119913
1904,1,1,2025-09-09,Poland,Turkey,69.38997,80.377374
1904,2,1,2025-09-09,Lithuania,Greece,79.972157,77.19255
1904,3,1,2025-09-10,Finland,Georgia,79.052333,86.934138
1904,4,1,2025-09-10,Germany,Slovenia,104.25518,76.359376
1905,1,1,2025-09-09,Poland,Turkey,71.768649,86.099469
1905,2,1,2025-09-09,Lithuania,Greece,80.340367,64.886563
1905,3,1,2025-09-10,Finland,Georgia,108.32059,74.825655
1905,4,1,2025-09-10,Germany,Slovenia,90.445095,67.536374
1906,1,1,2025-09-09,Poland,Turkey,75.749522,92.591272
1906,2,1,2025-09-09,Lithuania,Greece,89.534487,92.574038
1906,3,1,2025-09-10,Finland,Georgia,91.818047000000007,90.959842
1906,4,1,2025-09-10,Germany,Slovenia,86.532663,90.967589
1907,1,1,2025-09-09,Poland,Turkey,76.207137,99.521592
1907,2,1,2025-09-09,Lithuania,Greece,101.93144,76.64111
1907,3,1,2025-09-10,Finland,Georgia,87.169393,81.596495
1907,4,1,2025-09-10,Germany,Slovenia,104.41093,89.60479
1908,1,1,2025-09-09,Poland,Turkey,92.129868,81.483796
1908,2,1,2025-09-09,Lithuania,Greece,111.22958,83.900635
1908,3,1,2025-09-10,Finland,Georgia,67.826303,67.907304
1908,4,1,2025-09-10,Germany,Slovenia,107.19852,61.333879
1909,1,1,2025-09-09,Poland,Turkey,79.823264,75.322878
1909,2,1,2025-09-09,Lithuania,Greece,85.611587,68.988366
1909,3,1,2025-09-10,Finland,Georgia,103.63174,76.130214
1909,4,1,2025-09-10,Germany,Slovenia,88.523265,76.21888
1910,1,1,2025-09-09,Poland,Turkey,73.627287,82.589256
1910,2,1,2025-09-09,Lithuania,Greece,82.28199,87.607182
1910,3,1,2025-09-10,Finland,Georgia,96.058606,73.953048
1910,4,1,2025-09-10,Germany,Slovenia,114.99429,88.658149
1911,1,1,2025-09-09,Poland,Turkey,98.753341,85.349794
1911,2,1,2025-09-09,Lithuania,Greece,102.58497,87.469652
1911,3,1,2025-09-10,Finland,Georgia,91.88846,92.598094
1911,4,1,2025-09-10,Germany,Slovenia,106.233,76.394344
1912,1,1,2025-09-09,Poland,Turkey,81.979012,72.116424
1912,2,1,2025-09-09,Lithuania,Greece,97.594454,86.493605
1912,3,1,2025-09-10,Finland,Georgia,109.55561,94.262147
1912,4,1,2025-09-10,Germany,Slovenia,117.53803,83.186414
1913,1,1,2025-09-09,Poland,Turkey,71.730974,85.708646
1913,2,1,2025-09-09,Lithuania,Greece,89.304918,78.404359
1913,3,1,2025-09-10,Finland,Georgia,104.02375,93.770435
1913,4,1,2025-09-10,Germany,Slovenia,97.659975,93.523181
1914,1,1,2025-09-09,Poland,Turkey,64.081013,90.44385
1914,2,1,2025-09-09,Lithuania,Greece,85.191059,86.798237
1914,3,1,2025-09-10,Finland,Georgia,86.202997,65.569255
1914,4,1,2025-09-10,Germany,Slovenia,102.60092,76.902515
1915,1,1,2025-09-09,Poland,Turkey,80.972383,93.196458
1915,2,1,2025-09-09,Lithuania,Greece,72.893976,89.566369
1915,3,1,2025-09-10,Finland,Georgia,101.58881,61.218181
1915,4,1,2025-09-10,Germany,Slovenia,106.86103,83.312302
1916,1,1,2025-09-09,Poland,Turkey,98.475124,104.45299
1916,2,1,2025-09-09,Lithuania,Greece,86.923396,73.465871
1916,3,1,2025-09-10,Finland,Georgia,101.85267,72.066007
1916,4,1,2025-09-10,Germany,Slovenia,90.843924,81.909621
1917,1,1,2025-09-09,Poland,Turkey,82.297791,90.237412
1917,2,1,2025-09-09,Lithuania,Greece,60.894541,68.029799
1917,3,1,2025-09-10,Finland,Georgia,109.16556,73.576726
1917,4,1,2025-09-10,Germany,Slovenia,101.12371,87.675718
1918,1,1,2025-09-09,Poland,Turkey,98.656753,101.9795
1918,2,1,2025-09-09,Lithuania,Greece,94.415359,74.704518
1918,3,1,2025-09-10,Finland,Georgia,89.406209,75.447191
1918,4,1,2025-09-10,Germany,Slovenia,98.998305,89.905836
1919,1,1,2025-09-09,Poland,Turkey,52.002892,75.841758
1919,2,1,2025-09-09,Lithuania,Greece,93.249639,71.16866
1919,3,1,2025-09-10,Finland,Georgia,111.04807,96.564305
1919,4,1,2025-09-10,Germany,Slovenia,104.40697,80.064738
1920,1,1,2025-09-09,Poland,Turkey,97.989881,95.653832
1920,2,1,2025-09-09,Lithuania,Greece,92.305636,72.452769
1920,3,1,2025-09-10,Finland,Georgia,79.431951,81.000463
1920,4,1,2025-09-10,Germany,Slovenia,112.64642,77.405032
1921,1,1,2025-09-09,Poland,Turkey,98.632205,73.793581
1921,2,1,2025-09-09,Lithuania,Greece,89.976319,85.114474
1921,3,1,2025-09-10,Finland,Georgia,105.9658,62.605356
1921,4,1,2025-09-10,Germany,Slovenia,108.17572,101.58035
1922,1,1,2025-09-09,Poland,Turkey,88.315018,67.630172
1922,2,1,2025-09-09,Lithuania,Greece,83.234708,95.347457
1922,3,1,2025-09-10,Finland,Georgia,90.151518,78.752524
1922,4,1,2025-09-10,Germany,Slovenia,121.3143,65.636219
1923,1,1,2025-09-09,Poland,Turkey,76.872519,77.447284
1923,2,1,2025-09-09,Lithuania,Greece,82.34109,71.554008
1923,3,1,2025-09-10,Finland,Georgia,100.93234,71.693989
1923,4,1,2025-09-10,Germany,Slovenia,120.9638,103.44338
1924,1,1,2025-09-09,Poland,Turkey,91.380605,89.920866
1924,2,1,2025-09-09,Lithuania,Greece,81.452974,75.897986
1924,3,1,2025-09-10,Finland,Georgia,94.393869,67.401891
1924,4,1,2025-09-10,Germany,Slovenia,106.45978,99.622185
1925,1,1,2025-09-09,Poland,Turkey,54.970519,78.879885
1925,2,1,2025-09-09,Lithuania,Greece,95.13548,72.50516
1925,3,1,2025-09-10,Finland,Georgia,113.53444,70.777339
1925,4,1,2025-09-10,Germany,Slovenia,93.065515,98.996802
1926,1,1,2025-09-09,Poland,Turkey,71.493212,94.604856
1926,2,1,2025-09-09,Lithuania,Greece,89.926623,81.780305
1926,3,1,2025-09-10,Finland,Georgia,91.077726,69.162302
1926,4,1,2025-09-10,Germany,Slovenia,108.57693,85.687535
1927,1,1,2025-09-09,Poland,Turkey,79.957327,87.736831
1927,2,1,2025-09-09,Lithuania,Greece,88.190502,76.985696
1927,3,1,2025-09-10,Finland,Georgia,132.62996,86.392433
1927,4,1,2025-09-10,Germany,Slovenia,89.114782,94.321836
1928,1,1,2025-09-09,Poland,Turkey,87.439282,76.207845
1928,2,1,2025-09-09,Lithuania,Greece,114.81286,102.62493
1928,3,1,2025-09-10,Finland,Georgia,114.64491,73.847351
1928,4,1,2025-09-10,Germany,Slovenia,103.14439,83.43671
1929,1,1,2025-09-09,Poland,Turkey,65.20707,77.955308
1929,2,1,2025-09-09,Lithuania,Greece,77.15026,71.448447
1929,3,1,2025-09-10,Finland,Georgia,89.808761,79.679843
1929,4,1,2025-09-10,Germany,Slovenia,93.58295,80.423429
1930,1,1,2025-09-09,Poland,Turkey,70.971331,76.747713
1930,2,1,2025-09-09,Lithuania,Greece,74.43599,69.739711
1930,3,1,2025-09-10,Finland,Georgia,123.61965,90.321749
1930,4,1,2025-09-10,Germany,Slovenia,101.04691,81.929182
1931,1,1,2025-09-09,Poland,Turkey,55.192553,76.26668
1931,2,1,2025-09-09,Lithuania,Greece,78.781514,82.912296
1931,3,1,2025-09-10,Finland,Georgia,70.735545,78.451666
1931,4,1,2025-09-10,Germany,Slovenia,100.18782,79.999883
1932,1,1,2025-09-09,Poland,Turkey,81.55121,98.112061
1932,2,1,2025-09-09,Lithuania,Greece,95.538306,91.572683
1932,3,1,2025-09-10,Finland,Georgia,97.87226,70.485712
1932,4,1,2025-09-10,Germany,Slovenia,92.835009,55.346272
1933,1,1,2025-09-09,Poland,Turkey,62.786382,94.236342
1933,2,1,2025-09-09,Lithuania,Greece,73.922662,72.032348
1933,3,1,2025-09-10,Finland,Georgia,90.7551,60.886107
1933,4,1,2025-09-10,Germany,Slovenia,113.9899,86.534925
1934,1,1,2025-09-09,Poland,Turkey,82.276187,91.97257
1934,2,1,2025-09-09,Lithuania,Greece,73.385447,71.278182
1934,3,1,2025-09-10,Finland,Georgia,114.16744,82.308154
1934,4,1,2025-09-10,Germany,Slovenia,120.76072,99.847141
1935,1,1,2025-09-09,Poland,Turkey,58.740784,91.90261
1935,2,1,2025-09-09,Lithuania,Greece,79.063995,77.460954
1935,3,1,2025-09-10,Finland,Georgia,87.137437,68.646728
1935,4,1,2025-09-10,Germany,Slovenia,96.148236,79.370177
1936,1,1,2025-09-09,Poland,Turkey,78.910285,77.242329
1936,2,1,2025-09-09,Lithuania,Greece,92.188809,71.091931
1936,3,1,2025-09-10,Finland,Georgia,116.33034,91.242954
1936,4,1,2025-09-10,Germany,Slovenia,104.24129,78.991564
1937,1,1,2025-09-09,Poland,Turkey,71.685729,93.968741
1937,2,1,2025-09-09,Lithuania,Greece,88.289848,82.467275
1937,3,1,2025-09-10,Finland,Georgia,94.251893,90.734786
1937,4,1,2025-09-10,Germany,Slovenia,102.48971,103.36334
1938,1,1,2025-09-09,Poland,Turkey,64.158503,93.655406
1938,2,1,2025-09-09,Lithuania,Greece,84.187755,59.434554
1938,3,1,2025-09-10,Finland,Georgia,107.49884,80.785928
1938,4,1,2025-09-10,Germany,Slovenia,128.31151,87.228684
1939,1,1,2025-09-09,Poland,Turkey,68.139111,97.993244
1939,2,1,2025-09-09,Lithuania,Greece,87.965307,76.675227
1939,3,1,2025-09-10,Finland,Georgia,89.340374,83.186634
1939,4,1,2025-09-10,Germany,Slovenia,110.35451,97.766862
1940,1,1,2025-09-09,Poland,Turkey,85.751226,98.283322
1940,2,1,2025-09-09,Lithuania,Greece,90.294088,85.324774
1940,3,1,2025-09-10,Finland,Georgia,82.776293,83.250734
1940,4,1,2025-09-10,Germany,Slovenia,83.02076,71.621575000000007
1941,1,1,2025-09-09,Poland,Turkey,70.58941,83.998137
1941,2,1,2025-09-09,Lithuania,Greece,97.159097,69.911572
1941,3,1,2025-09-10,Finland,Georgia,93.993262,91.091767
1941,4,1,2025-09-10,Germany,Slovenia,108.45042,81.97431
1942,1,1,2025-09-09,Poland,Turkey,83.277291,78.990376
1942,2,1,2025-09-09,Lithuania,Greece,83.634969,70.791486
1942,3,1,2025-09-10,Finland,Georgia,106.20903,86.759972
1942,4,1,2025-09-10,Germany,Slovenia,106.95329,87.802668
1943,1,1,2025-09-09,Poland,Turkey,85.41919,89.165438
1943,2,1,2025-09-09,Lithuania,Greece,96.800766,87.736291
1943,3,1,2025-09-10,Finland,Georgia,91.489629,58.574222
1943,4,1,2025-09-10,Germany,Slovenia,98.360174,81.672142
1944,1,1,2025-09-09,Poland,Turkey,81.443237,106.58534
1944,2,1,2025-09-09,Lithuania,Greece,87.188889,81.504761
1944,3,1,2025-09-10,Finland,Georgia,62.29329,61.83307
1944,4,1,2025-09-10,Germany,Slovenia,99.446769,85.490098
1945,1,1,2025-09-09,Poland,Turkey,71.200677,91.940669
1945,2,1,2025-09-09,Lithuania,Greece,98.334426,98.907431
1945,3,1,2025-09-10,Finland,Georgia,97.747267,73.656054
1945,4,1,2025-09-10,Germany,Slovenia,90.967554,73.047634
1946,1,1,2025-09-09,Poland,Turkey,81.412027,77.417793
1946,2,1,2025-09-09,Lithuania,Greece,97.159441,86.894723
1946,3,1,2025-09-10,Finland,Georgia,90.709382,73.512134
1946,4,1,2025-09-10,Germany,Slovenia,108.7415,85.110546
1947,1,1,2025-09-09,Poland,Turkey,77.724171,93.779189
1947,2,1,2025-09-09,Lithuania,Greece,73.856112,66.320408
1947,3,1,2025-09-10,Finland,Georgia,103.71155,69.009413
1947,4,1,2025-09-10,Germany,Slovenia,98.188605,96.414711
1948,1,1,2025-09-09,Poland,Turkey,78.356562,87.988894
1948,2,1,2025-09-09,Lithuania,Greece,80.384886,84.826755
1948,3,1,2025-09-10,Finland,Georgia,99.803546,54.230474
1948,4,1,2025-09-10,Germany,Slovenia,120.21869,96.315796
1949,1,1,2025-09-09,Poland,Turkey,81.185725,71.835859
1949,2,1,2025-09-09,Lithuania,Greece,83.974872,68.370239
1949,3,1,2025-09-10,Finland,Georgia,97.363315,72.381206
1949,4,1,2025-09-10,Germany,Slovenia,111.57235,78.785274
1950,1,1,2025-09-09,Poland,Turkey,89.854789,104.62775
1950,2,1,2025-09-09,Lithuania,Greece,77.769394,76.586373
1950,3,1,2025-09-10,Finland,Georgia,90.694551,82.585063
1950,4,1,2025-09-10,Germany,Slovenia,103.93364,64.390695
1951,1,1,2025-09-09,Poland,Turkey,74.784825,98.380975
1951,2,1,2025-09-09,Lithuania,Greece,92.804233,82.70255
1951,3,1,2025-09-10,Finland,Georgia,107.9161,66.435381
1951,4,1,2025-09-10,Germany,Slovenia,91.021676,82.05144
1952,1,1,2025-09-09,Poland,Turkey,86.736878,78.052533
1952,2,1,2025-09-09,Lithuania,Greece,84.312335,65.802586
1952,3,1,2025-09-10,Finland,Georgia,80.596146,66.259159
1952,4,1,2025-09-10,Germany,Slovenia,103.22564,74.680504
1953,1,1,2025-09-09,Poland,Turkey,62.377952,66.015992
1953,2,1,2025-09-09,Lithuania,Greece,86.888281,81.682004
1953,3,1,2025-09-10,Finland,Georgia,119.26297,73.990557
1953,4,1,2025-09-10,Germany,Slovenia,110.14772,75.466079
1954,1,1,2025-09-09,Poland,Turkey,77.322836,83.512731
1954,2,1,2025-09-09,Lithuania,Greece,89.152659,86.350316
1954,3,1,2025-09-10,Finland,Georgia,102.39115,70.959622
1954,4,1,2025-09-10,Germany,Slovenia,84.533781,86.065877
1955,1,1,2025-09-09,Poland,Turkey,66.624629,76.89753
1955,2,1,2025-09-09,Lithuania,Greece,95.02609,58.88642
1955,3,1,2025-09-10,Finland,Georgia,93.953997,86.583086
1955,4,1,2025-09-10,Germany,Slovenia,119.58286,103.94013
1956,1,1,2025-09-09,Poland,Turkey,65.93551,102.00973
1956,2,1,2025-09-09,Lithuania,Greece,93.177554,64.301556
1956,3,1,2025-09-10,Finland,Georgia,83.453073,78.210739
1956,4,1,2025-09-10,Germany,Slovenia,139.34157,116.39632
1957,1,1,2025-09-09,Poland,Turkey,65.951832,107.24226
1957,2,1,2025-09-09,Lithuania,Greece,85.202221,77.380005
1957,3,1,2025-09-10,Finland,Georgia,92.727228,75.086046
1957,4,1,2025-09-10,Germany,Slovenia,101.15949,79.342067
1958,1,1,2025-09-09,Poland,Turkey,80.940392,91.965994
1958,2,1,2025-09-09,Lithuania,Greece,86.470967,68.340353
1958,3,1,2025-09-10,Finland,Georgia,105.4313,75.190045
1958,4,1,2025-09-10,Germany,Slovenia,101.81104,87.594956
1959,1,1,2025-09-09,Poland,Turkey,71.539558,79.14638
1959,2,1,2025-09-09,Lithuania,Greece,78.080018,70.404278
1959,3,1,2025-09-10,Finland,Georgia,85.177263,94.775107
1959,4,1,2025-09-10,Germany,Slovenia,110.60385,82.448332
1960,1,1,2025-09-09,Poland,Turkey,81.956698,103.4277
1960,2,1,2025-09-09,Lithuania,Greece,105.47977,76.011511
1960,3,1,2025-09-10,Finland,Georgia,99.176642,84.318616
1960,4,1,2025-09-10,Germany,Slovenia,105.30392,78.115198
1961,1,1,2025-09-09,Poland,Turkey,87.111041,84.566976
1961,2,1,2025-09-09,Lithuania,Greece,60.138114,72.81223
1961,3,1,2025-09-10,Finland,Georgia,112.64099,67.686772
1961,4,1,2025-09-10,Germany,Slovenia,95.251525,83.891635
1962,1,1,2025-09-09,Poland,Turkey,80.03538,93.65783
1962,2,1,2025-09-09,Lithuania,Greece,80.180985,92.107252
1962,3,1,2025-09-10,Finland,Georgia,97.68392,80.726244
1962,4,1,2025-09-10,Germany,Slovenia,95.001658,95.625708
1963,1,1,2025-09-09,Poland,Turkey,63.011664,98.681849
1963,2,1,2025-09-09,Lithuania,Greece,77.184994,81.516426
1963,3,1,2025-09-10,Finland,Georgia,99.898728,75.847464
1963,4,1,2025-09-10,Germany,Slovenia,104.23246,81.045488
1964,1,1,2025-09-09,Poland,Turkey,75.861561,80.107234
1964,2,1,2025-09-09,Lithuania,Greece,101.38139,101.90986
1964,3,1,2025-09-10,Finland,Georgia,101.47846,73.39447
1964,4,1,2025-09-10,Germany,Slovenia,111.07064,77.957687
1965,1,1,2025-09-09,Poland,Turkey,76.872446,91.564744
1965,2,1,2025-09-09,Lithuania,Greece,92.012925,98.854878
1965,3,1,2025-09-10,Finland,Georgia,86.631634,82.827553
1965,4,1,2025-09-10,Germany,Slovenia,96.158309,105.79595
1966,1,1,2025-09-09,Poland,Turkey,86.548011,87.166216
1966,2,1,2025-09-09,Lithuania,Greece,69.155773,61.705562
1966,3,1,2025-09-10,Finland,Georgia,82.411869,76.907495
1966,4,1,2025-09-10,Germany,Slovenia,103.6732,83.543937
1967,1,1,2025-09-09,Poland,Turkey,84.283819,93.502379
1967,2,1,2025-09-09,Lithuania,Greece,90.949379,88.451504
1967,3,1,2025-09-10,Finland,Georgia,107.09732,78.109232
1967,4,1,2025-09-10,Germany,Slovenia,91.095387,88.502083
1968,1,1,2025-09-09,Poland,Turkey,64.217966,97.788333
1968,2,1,2025-09-09,Lithuania,Greece,79.162034,75.316314
1968,3,1,2025-09-10,Finland,Georgia,110.23072,88.148044
1968,4,1,2025-09-10,Germany,Slovenia,97.416752,92.351105
1969,1,1,2025-09-09,Poland,Turkey,83.116131,95.264498
1969,2,1,2025-09-09,Lithuania,Greece,89.386039,64.598821
1969,3,1,2025-09-10,Finland,Georgia,82.07244,85.114932
1969,4,1,2025-09-10,Germany,Slovenia,94.600878,85.816863
1970,1,1,2025-09-09,Poland,Turkey,64.3386,91.672869
1970,2,1,2025-09-09,Lithuania,Greece,97.607748,84.214595
1970,3,1,2025-09-10,Finland,Georgia,87.699897000000007,76.065572
1970,4,1,2025-09-10,Germany,Slovenia,106.21661,90.380094
1971,1,1,2025-09-09,Poland,Turkey,86.466065,96.31377
1971,2,1,2025-09-09,Lithuania,Greece,67.129833,66.91186
1971,3,1,2025-09-10,Finland,Georgia,112.63426,85.097386
1971,4,1,2025-09-10,Germany,Slovenia,114.16572,85.051371
1972,1,1,2025-09-09,Poland,Turkey,73.118044,87.179258
1972,2,1,2025-09-09,Lithuania,Greece,72.534689,72.612257
1972,3,1,2025-09-10,Finland,Georgia,98.600458,72.385304
1972,4,1,2025-09-10,Germany,Slovenia,101.60297,83.838362
1973,1,1,2025-09-09,Poland,Turkey,90.511601,91.672153
1973,2,1,2025-09-09,Lithuania,Greece,90.1714,91.030774
1973,3,1,2025-09-10,Finland,Georgia,79.065834,67.35844
1973,4,1,2025-09-10,Germany,Slovenia,111.64818,96.804356
1974,1,1,2025-09-09,Poland,Turkey,69.835899,88.701986
1974,2,1,2025-09-09,Lithuania,Greece,98.068982,94.374161
1974,3,1,2025-09-10,Finland,Georgia,99.606382,86.070972
1974,4,1,2025-09-10,Germany,Slovenia,101.58703,75.765637
1975,1,1,2025-09-09,Poland,Turkey,87.636312,84.154158
1975,2,1,2025-09-09,Lithuania,Greece,70.450156,66.485857
1975,3,1,2025-09-10,Finland,Georgia,93.538078,97.411851
1975,4,1,2025-09-10,Germany,Slovenia,111.55827,74.410737
1976,1,1,2025-09-09,Poland,Turkey,79.238005,88.300639
1976,2,1,2025-09-09,Lithuania,Greece,82.079032,73.5904
1976,3,1,2025-09-10,Finland,Georgia,100.77123,76.683293
1976,4,1,2025-09-10,Germany,Slovenia,94.177241,98.539751
1977,1,1,2025-09-09,Poland,Turkey,69.047387,85.201974
1977,2,1,2025-09-09,Lithuania,Greece,91.075094000000007,76.060244
1977,3,1,2025-09-10,Finland,Georgia,81.284991,69.389091
1977,4,1,2025-09-10,Germany,Slovenia,95.187613,96.093848
1978,1,1,2025-09-09,Poland,Turkey,76.931144,93.482154
1978,2,1,2025-09-09,Lithuania,Greece,63.572989,80.941482
1978,3,1,2025-09-10,Finland,Georgia,104.88579,108.17695
1978,4,1,2025-09-10,Germany,Slovenia,96.460101,77.266363
1979,1,1,2025-09-09,Poland,Turkey,57.681491,98.549193
1979,2,1,2025-09-09,Lithuania,Greece,83.028809999999993,79.540204
1979,3,1,2025-09-10,Finland,Georgia,89.863524,45.535784
1979,4,1,2025-09-10,Germany,Slovenia,99.547078,78.101492
1980,1,1,2025-09-09,Poland,Turkey,73.177333,83.611054
1980,2,1,2025-09-09,Lithuania,Greece,89.760583,73.913411
1980,3,1,2025-09-10,Finland,Georgia,98.783113,88.034307
1980,4,1,2025-09-10,Germany,Slovenia,102.24356,79.434759
1981,1,1,2025-09-09,Poland,Turkey,83.395628,80.109335
1981,2,1,2025-09-09,Lithuania,Greece,78.612174,70.733009
1981,3,1,2025-09-10,Finland,Georgia,102.37381,73.78208
1981,4,1,2025-09-10,Germany,Slovenia,109.11302,104.84483
1982,1,1,2025-09-09,Poland,Turkey,79.653998,87.68057
1982,2,1,2025-09-09,Lithuania,Greece,88.720531,77.228226
1982,3,1,2025-09-10,Finland,Georgia,101.70285,62.289278
1982,4,1,2025-09-10,Germany,Slovenia,115.6891,77.525859
1983,1,1,2025-09-09,Poland,Turkey,80.189149,91.622894
1983,2,1,2025-09-09,Lithuania,Greece,61.602245,85.522198
1983,3,1,2025-09-10,Finland,Georgia,111.94742,83.250065
1983,4,1,2025-09-10,Germany,Slovenia,107.67832,71.812116
1984,1,1,2025-09-09,Poland,Turkey,63.058237,85.665608
1984,2,1,2025-09-09,Lithuania,Greece,63.704867,65.222413
1984,3,1,2025-09-10,Finland,Georgia,73.60136,74.700791
1984,4,1,2025-09-10,Germany,Slovenia,103.64955,81.210117
1985,1,1,2025-09-09,Poland,Turkey,75.120652,72.87121
1985,2,1,2025-09-09,Lithuania,Greece,75.843765,83.578084
1985,3,1,2025-09-10,Finland,Georgia,96.30341,77.091276
1985,4,1,2025-09-10,Germany,Slovenia,92.855194,89.937694
1986,1,1,2025-09-09,Poland,Turkey,72.432049,98.085944
1986,2,1,2025-09-09,Lithuania,Greece,86.351114,74.829989
1986,3,1,2025-09-10,Finland,Georgia,107.25408,75.836546
1986,4,1,2025-09-10,Germany,Slovenia,116.57302,103.28536
1987,1,1,2025-09-09,Poland,Turkey,74.520546,87.437498
1987,2,1,2025-09-09,Lithuania,Greece,91.369271,77.861379
1987,3,1,2025-09-10,Finland,Georgia,102.46056,87.61802
1987,4,1,2025-09-10,Germany,Slovenia,107.10305,79.337656
1988,1,1,2025-09-09,Poland,Turkey,89.896284,98.596082
1988,2,1,2025-09-09,Lithuania,Greece,96.326967,79.06063
1988,3,1,2025-09-10,Finland,Georgia,98.965022,59.520058
1988,4,1,2025-09-10,Germany,Slovenia,98.06056,76.603434
1989,1,1,2025-09-09,Poland,Turkey,69.566359,92.266573
1989,2,1,2025-09-09,Lithuania,Greece,102.71842,70.486537
1989,3,1,2025-09-10,Finland,Georgia,102.09213,77.674502
1989,4,1,2025-09-10,Germany,Slovenia,103.78936,81.894007
1990,1,1,2025-09-09,Poland,Turkey,83.960315,78.304797
1990,2,1,2025-09-09,Lithuania,Greece,97.612934,72.367239
1990,3,1,2025-09-10,Finland,Georgia,102.35094,68.718135
1990,4,1,2025-09-10,Germany,Slovenia,101.21052,95.936694
1991,1,1,2025-09-09,Poland,Turkey,72.972013,81.486708
1991,2,1,2025-09-09,Lithuania,Greece,91.925587,77.843043
1991,3,1,2025-09-10,Finland,Georgia,76.302825,73.914917
1991,4,1,2025-09-10,Germany,Slovenia,108.85899,84.116303
1992,1,1,2025-09-09,Poland,Turkey,73.26236,101.21358
1992,2,1,2025-09-09,Lithuania,Greece,90.786934,71.140141
1992,3,1,2025-09-10,Finland,Georgia,122.0887,92.872698
1992,4,1,2025-09-10,Germany,Slovenia,82.556154,63.360588
1993,1,1,2025-09-09,Poland,Turkey,92.864037,94.045042
1993,2,1,2025-09-09,Lithuania,Greece,93.069472,84.95569
1993,3,1,2025-09-10,Finland,Georgia,84.787218,80.506506
1993,4,1,2025-09-10,Germany,Slovenia,104.22494,98.113554
1994,1,1,2025-09-09,Poland,Turkey,105.20568,94.789275
1994,2,1,2025-09-09,Lithuania,Greece,89.936454,73.127944
1994,3,1,2025-09-10,Finland,Georgia,110.51762,68.000102
1994,4,1,2025-09-10,Germany,Slovenia,100.66522,85.916688
1995,1,1,2025-09-09,Poland,Turkey,80.795071,99.402424
1995,2,1,2025-09-09,Lithuania,Greece,83.999636,77.772862
1995,3,1,2025-09-10,Finland,Georgia,71.162738,98.96259
1995,4,1,2025-09-10,Germany,Slovenia,106.99454,82.035584
1996,1,1,2025-09-09,Poland,Turkey,59.549656,76.680974
1996,2,1,2025-09-09,Lithuania,Greece,101.39125,67.492317
1996,3,1,2025-09-10,Finland,Georgia,105.25111,83.867524
1996,4,1,2025-09-10,Germany,Slovenia,101.99332,74.971873
1997,1,1,2025-09-09,Poland,Turkey,69.974945,98.321542
1997,2,1,2025-09-09,Lithuania,Greece,93.862112,84.167326
1997,3,1,2025-09-10,Finland,Georgia,76.580474,72.802405
1997,4,1,2025-09-10,Germany,Slovenia,102.87683,89.897689
1998,1,1,2025-09-09,Poland,Turkey,90.104752,106.66575
1998,2,1,2025-09-09,Lithuania,Greece,79.720097,69.140429
1998,3,1,2025-09-10,Finland,Georgia,94.933184,65.301761
1998,4,1,2025-09-10,Germany,Slovenia,94.880572,77.810918
1999,1,1,2025-09-09,Poland,Turkey,70.678208,81.717073
1999,2,1,2025-09-09,Lithuania,Greece,82.314255,70.917531
1999,3,1,2025-09-10,Finland,Georgia,96.890381,70.753465
1999,4,1,2025-09-10,Germany,Slovenia,97.036104,84.125551
2000,1,1,2025-09-09,Poland,Turkey,79.792387,97.991843
2000,2,1,2025-09-09,Lithuania,Greece,82.331615,75.379894
2000,3,1,2025-09-10,Finland,Georgia,112.75205,76.087077
2000,4,1,2025-09-10,Germany,Slovenia,97.551111,79.883297
2001,1,1,2025-09-09,Poland,Turkey,82.597824,74.89869
2001,2,1,2025-09-09,Lithuania,Greece,71.206431,87.007801
2001,3,1,2025-09-10,Finland,Georgia,101.70768,79.289586
2001,4,1,2025-09-10,Germany,Slovenia,91.896967,76.170245
2002,1,1,2025-09-09,Poland,Turkey,77.580384,109.11817
2002,2,1,2025-09-09,Lithuania,Greece,68.225286,61.108539
2002,3,1,2025-09-10,Finland,Georgia,113.66248,68.711661
2002,4,1,2025-09-10,Germany,Slovenia,100.38866,83.385432
2003,1,1,2025-09-09,Poland,Turkey,99.628329,71.14565
2003,2,1,2025-09-09,Lithuania,Greece,84.207269,67.682804
2003,3,1,2025-09-10,Finland,Georgia,86.101651,84.331859
2003,4,1,2025-09-10,Germany,Slovenia,98.126387,85.212272
2004,1,1,2025-09-09,Poland,Turkey,78.86955,80.900226
2004,2,1,2025-09-09,Lithuania,Greece,79.141389,68.446884
2004,3,1,2025-09-10,Finland,Georgia,84.969549,64.946046
2004,4,1,2025-09-10,Germany,Slovenia,95.926892,95.831753
2005,1,1,2025-09-09,Poland,Turkey,85.552137,85.138177
2005,2,1,2025-09-09,Lithuania,Greece,74.926853,65.498039
2005,3,1,2025-09-10,Finland,Georgia,65.760841,89.918707
2005,4,1,2025-09-10,Germany,Slovenia,101.82618,94.496577
2006,1,1,2025-09-09,Poland,Turkey,90.974997,87.303751
2006,2,1,2025-09-09,Lithuania,Greece,93.405534,80.214355
2006,3,1,2025-09-10,Finland,Georgia,110.73653,79.58207
2006,4,1,2025-09-10,Germany,Slovenia,110.98012,76.237091
2007,1,1,2025-09-09,Poland,Turkey,66.73599,91.297737
2007,2,1,2025-09-09,Lithuania,Greece,83.344801,82.859935
2007,3,1,2025-09-10,Finland,Georgia,97.459249,105.43268
2007,4,1,2025-09-10,Germany,Slovenia,87.562154,73.980763
2008,1,1,2025-09-09,Poland,Turkey,79.399105,72.401048
2008,2,1,2025-09-09,Lithuania,Greece,88.551025,56.765699
2008,3,1,2025-09-10,Finland,Georgia,104.09507,73.805085
2008,4,1,2025-09-10,Germany,Slovenia,115.84842,74.12681
2009,1,1,2025-09-09,Poland,Turkey,76.293481,81.654611
2009,2,1,2025-09-09,Lithuania,Greece,61.292572,65.113221
2009,3,1,2025-09-10,Finland,Georgia,91.50876,74.416625
2009,4,1,2025-09-10,Germany,Slovenia,86.8067,85.008294
2010,1,1,2025-09-09,Poland,Turkey,80.796433,89.687775
2010,2,1,2025-09-09,Lithuania,Greece,90.779986,61.549964
2010,3,1,2025-09-10,Finland,Georgia,108.25106,77.770037
2010,4,1,2025-09-10,Germany,Slovenia,105.32774,86.360159
2011,1,1,2025-09-09,Poland,Turkey,85.609501,113.85054
2011,2,1,2025-09-09,Lithuania,Greece,88.287725,63.174715
2011,3,1,2025-09-10,Finland,Georgia,98.133077,82.295243
2011,4,1,2025-09-10,Germany,Slovenia,114.38374,92.129733
2012,1,1,2025-09-09,Poland,Turkey,67.134535,76.983003
2012,2,1,2025-09-09,Lithuania,Greece,98.683264,64.433497
2012,3,1,2025-09-10,Finland,Georgia,109.96172,75.831971
2012,4,1,2025-09-10,Germany,Slovenia,115.73311,88.887379
2013,1,1,2025-09-09,Poland,Turkey,70.734828,79.568388
2013,2,1,2025-09-09,Lithuania,Greece,93.758938,88.714045
2013,3,1,2025-09-10,Finland,Georgia,115.89205,78.294138
2013,4,1,2025-09-10,Germany,Slovenia,104.57432,70.512012
2014,1,1,2025-09-09,Poland,Turkey,78.224396,92.792729
2014,2,1,2025-09-09,Lithuania,Greece,91.527946,73.347304
2014,3,1,2025-09-10,Finland,Georgia,125.31082,59.949635
2014,4,1,2025-09-10,Germany,Slovenia,95.825811,84.024469
2015,1,1,2025-09-09,Poland,Turkey,84.858168,77.459423
2015,2,1,2025-09-09,Lithuania,Greece,93.446684,88.177755
2015,3,1,2025-09-10,Finland,Georgia,88.881292,75.470027
2015,4,1,2025-09-10,Germany,Slovenia,113.5801,99.62085
2016,1,1,2025-09-09,Poland,Turkey,87.633284,103.70809
2016,2,1,2025-09-09,Lithuania,Greece,84.562388,79.358081
2016,3,1,2025-09-10,Finland,Georgia,97.784592,80.914773
2016,4,1,2025-09-10,Germany,Slovenia,69.001225,73.493299
2017,1,1,2025-09-09,Poland,Turkey,73.357205,87.993536
2017,2,1,2025-09-09,Lithuania,Greece,94.382128,70.66705
2017,3,1,2025-09-10,Finland,Georgia,104.53825,80.306246
2017,4,1,2025-09-10,Germany,Slovenia,104.41842,93.402407
2018,1,1,2025-09-09,Poland,Turkey,70.35076,75.215514
2018,2,1,2025-09-09,Lithuania,Greece,90.83159,80.069401
2018,3,1,2025-09-10,Finland,Georgia,87.156089,53.868194
2018,4,1,2025-09-10,Germany,Slovenia,111.23446,97.472497
2019,1,1,2025-09-09,Poland,Turkey,71.530277,90.652189
2019,2,1,2025-09-09,Lithuania,Greece,84.493412,61.894951
2019,3,1,2025-09-10,Finland,Georgia,95.729401,74.377273
2019,4,1,2025-09-10,Germany,Slovenia,114.13737,92.125049
2020,1,1,2025-09-09,Poland,Turkey,91.928771,93.264393
2020,2,1,2025-09-09,Lithuania,Greece,80.017637,71.126594
2020,3,1,2025-09-10,Finland,Georgia,118.07701,70.525977
2020,4,1,2025-09-10,Germany,Slovenia,88.564038,97.977327
2021,1,1,2025-09-09,Poland,Turkey,97.950556,81.573535
2021,2,1,2025-09-09,Lithuania,Greece,87.975086,84.953978
2021,3,1,2025-09-10,Finland,Georgia,96.44522,66.28421
2021,4,1,2025-09-10,Germany,Slovenia,92.643902,88.759407
2022,1,1,2025-09-09,Poland,Turkey,78.484925,91.120009
2022,2,1,2025-09-09,Lithuania,Greece,99.71355,92.947627
2022,3,1,2025-09-10,Finland,Georgia,102.82375,75.151253
2022,4,1,2025-09-10,Germany,Slovenia,94.024113,88.137698
2023,1,1,2025-09-09,Poland,Turkey,64.485111,85.499185
2023,2,1,2025-09-09,Lithuania,Greece,85.081961,71.933124
2023,3,1,2025-09-10,Finland,Georgia,100.86906,85.208394
2023,4,1,2025-09-10,Germany,Slovenia,98.244254,105.20429
2024,1,1,2025-09-09,Poland,Turkey,84.006622,83.338246
2024,2,1,2025-09-09,Lithuania,Greece,93.473811,91.43986
2024,3,1,2025-09-10,Finland,Georgia,95.573159,68.243841
2024,4,1,2025-09-10,Germany,Slovenia,109.69188,94.061403
2025,1,1,2025-09-09,Poland,Turkey,66.521382,91.831259
2025,2,1,2025-09-09,Lithuania,Greece,95.934022,72.334771
2025,3,1,2025-09-10,Finland,Georgia,102.41792,84.484905
2025,4,1,2025-09-10,Germany,Slovenia,105.49249,89.102568
2026,1,1,2025-09-09,Poland,Turkey,78.975789,92.775888
2026,2,1,2025-09-09,Lithuania,Greece,79.829766,49.515005
2026,3,1,2025-09-10,Finland,Georgia,89.357525,81.451644
2026,4,1,2025-09-10,Germany,Slovenia,95.292718,79.828526
2027,1,1,2025-09-09,Poland,Turkey,85.158556,77.417246
2027,2,1,2025-09-09,Lithuania,Greece,101.47044,81.606754
2027,3,1,2025-09-10,Finland,Georgia,117.16573,89.143024
2027,4,1,2025-09-10,Germany,Slovenia,93.759879,89.424194
2028,1,1,2025-09-09,Poland,Turkey,75.192202,81.898134
2028,2,1,2025-09-09,Lithuania,Greece,78.281245,65.872873
2028,3,1,2025-09-10,Finland,Georgia,98.933898,68.456046
2028,4,1,2025-09-10,Germany,Slovenia,90.778402,81.326631
2029,1,1,2025-09-09,Poland,Turkey,80.196873,72.185611
2029,2,1,2025-09-09,Lithuania,Greece,88.732082,94.728904
2029,3,1,2025-09-10,Finland,Georgia,105.37965,68.810829
2029,4,1,2025-09-10,Germany,Slovenia,95.127605,73.843672
2030,1,1,2025-09-09,Poland,Turkey,83.348915,82.901064
2030,2,1,2025-09-09,Lithuania,Greece,96.091299,91.807338
2030,3,1,2025-09-10,Finland,Georgia,88.377889,66.115939
2030,4,1,2025-09-10,Germany,Slovenia,103.94482000000001,82.319422
2031,1,1,2025-09-09,Poland,Turkey,78.439469,86.895691
2031,2,1,2025-09-09,Lithuania,Greece,67.097126,37.369398
2031,3,1,2025-09-10,Finland,Georgia,92.685214,89.63058
2031,4,1,2025-09-10,Germany,Slovenia,95.540446,90.100832
2032,1,1,2025-09-09,Poland,Turkey,76.724163,83.47126
2032,2,1,2025-09-09,Lithuania,Greece,86.606895,84.380921
2032,3,1,2025-09-10,Finland,Georgia,82.009087,75.934065
2032,4,1,2025-09-10,Germany,Slovenia,94.72381,86.788571
2033,1,1,2025-09-09,Poland,Turkey,88.142555,65.678699
2033,2,1,2025-09-09,Lithuania,Greece,100.30326,84.408466
2033,3,1,2025-09-10,Finland,Georgia,130.05847,85.454555
2033,4,1,2025-09-10,Germany,Slovenia,100.076,103.13207
2034,1,1,2025-09-09,Poland,Turkey,73.538407,80.381703
2034,2,1,2025-09-09,Lithuania,Greece,75.436684,89.310498
2034,3,1,2025-09-10,Finland,Georgia,89.168838,65.156233
2034,4,1,2025-09-10,Germany,Slovenia,100.0653,74.320779
2035,1,1,2025-09-09,Poland,Turkey,66.873624,104.4772
2035,2,1,2025-09-09,Lithuania,Greece,85.791879,65.105214
2035,3,1,2025-09-10,Finland,Georgia,109.14033,84.068632
2035,4,1,2025-09-10,Germany,Slovenia,84.891662,62.658623
2036,1,1,2025-09-09,Poland,Turkey,72.946818,85.042497
2036,2,1,2025-09-09,Lithuania,Greece,102.37399,69.700137
2036,3,1,2025-09-10,Finland,Georgia,79.969958,47.368847
2036,4,1,2025-09-10,Germany,Slovenia,92.362181,71.302451
2037,1,1,2025-09-09,Poland,Turkey,79.953276,101.29583
2037,2,1,2025-09-09,Lithuania,Greece,96.140312,70.153629
2037,3,1,2025-09-10,Finland,Georgia,87.451669,67.76999
2037,4,1,2025-09-10,Germany,Slovenia,98.341612,88.684202
2038,1,1,2025-09-09,Poland,Turkey,80.049981,88.94941
2038,2,1,2025-09-09,Lithuania,Greece,87.183703,91.258948
2038,3,1,2025-09-10,Finland,Georgia,100.41029,74.577856
2038,4,1,2025-09-10,Germany,Slovenia,97.47708,82.374508
2039,1,1,2025-09-09,Poland,Turkey,73.090238,94.188971
2039,2,1,2025-09-09,Lithuania,Greece,78.595453,78.205222
2039,3,1,2025-09-10,Finland,Georgia,91.651146,100.82158
2039,4,1,2025-09-10,Germany,Slovenia,107.95591,90.806303
2040,1,1,2025-09-09,Poland,Turkey,91.156186,99.675224
2040,2,1,2025-09-09,Lithuania,Greece,87.58276,72.850517
2040,3,1,2025-09-10,Finland,Georgia,99.176538,73.361901
2040,4,1,2025-09-10,Germany,Slovenia,97.134763,78.175001
2041,1,1,2025-09-09,Poland,Turkey,65.573683,84.177821
2041,2,1,2025-09-09,Lithuania,Greece,75.772315,51.083075
2041,3,1,2025-09-10,Finland,Georgia,112.13359,107.5915
2041,4,1,2025-09-10,Germany,Slovenia,115.94854,92.31745
2042,1,1,2025-09-09,Poland,Turkey,76.51992,83.382291
2042,2,1,2025-09-09,Lithuania,Greece,80.061519,91.549177
2042,3,1,2025-09-10,Finland,Georgia,94.929937,67.761915
2042,4,1,2025-09-10,Germany,Slovenia,86.613736,69.885145
2043,1,1,2025-09-09,Poland,Turkey,80.280209,92.320602
2043,2,1,2025-09-09,Lithuania,Greece,95.013186,80.349191
2043,3,1,2025-09-10,Finland,Georgia,88.593865,83.475342
2043,4,1,2025-09-10,Germany,Slovenia,117.49095,93.306041
2044,1,1,2025-09-09,Poland,Turkey,91.138807,94.80269
2044,2,1,2025-09-09,Lithuania,Greece,108.19314,72.752855
2044,3,1,2025-09-10,Finland,Georgia,103.8829,90.826133
2044,4,1,2025-09-10,Germany,Slovenia,77.544412,88.805405
2045,1,1,2025-09-09,Poland,Turkey,66.812903,72.822849
2045,2,1,2025-09-09,Lithuania,Greece,95.38571,80.343496
2045,3,1,2025-09-10,Finland,Georgia,81.163994,81.433421
2045,4,1,2025-09-10,Germany,Slovenia,121.65038,92.923472
2046,1,1,2025-09-09,Poland,Turkey,64.326294,78.083758
2046,2,1,2025-09-09,Lithuania,Greece,78.749016,71.93306
2046,3,1,2025-09-10,Finland,Georgia,65.819728,65.950525
2046,4,1,2025-09-10,Germany,Slovenia,65.006038,52.266251
2047,1,1,2025-09-09,Poland,Turkey,100.86276,127.65108
2047,2,1,2025-09-09,Lithuania,Greece,77.800775,79.918209
2047,3,1,2025-09-10,Finland,Georgia,103.0778,86.213303
2047,4,1,2025-09-10,Germany,Slovenia,97.759586,98.467055
2048,1,1,2025-09-09,Poland,Turkey,69.961236,83.29545
2048,2,1,2025-09-09,Lithuania,Greece,88.504991,79.91173
2048,3,1,2025-09-10,Finland,Georgia,97.686732,80.735725
2048,4,1,2025-09-10,Germany,Slovenia,103.81833,100.42671
2049,1,1,2025-09-09,Poland,Turkey,95.246841,95.608262
2049,2,1,2025-09-09,Lithuania,Greece,83.390374,86.071405
2049,3,1,2025-09-10,Finland,Georgia,87.265762,77.254631
2049,4,1,2025-09-10,Germany,Slovenia,102.95567,96.34968
2050,1,1,2025-09-09,Poland,Turkey,89.039432,93.148312
2050,2,1,2025-09-09,Lithuania,Greece,80.22406,75.449794
2050,3,1,2025-09-10,Finland,Georgia,104.90697,75.92439
2050,4,1,2025-09-10,Germany,Slovenia,96.986281,85.465462
2051,1,1,2025-09-09,Poland,Turkey,81.491843,98.07085
2051,2,1,2025-09-09,Lithuania,Greece,80.583795,54.169954
2051,3,1,2025-09-10,Finland,Georgia,104.76148,75.648251
2051,4,1,2025-09-10,Germany,Slovenia,102.47117,86.483508
2052,1,1,2025-09-09,Poland,Turkey,96.695396,110.96579
2052,2,1,2025-09-09,Lithuania,Greece,100.33131,79.954506
2052,3,1,2025-09-10,Finland,Georgia,83.221526,78.90369
2052,4,1,2025-09-10,Germany,Slovenia,112.11547,102.34772
2053,1,1,2025-09-09,Poland,Turkey,97.137738,106.62538
2053,2,1,2025-09-09,Lithuania,Greece,74.920801,70.574205
2053,3,1,2025-09-10,Finland,Georgia,96.771285,60.347909
2053,4,1,2025-09-10,Germany,Slovenia,104.52644,69.433276
2054,1,1,2025-09-09,Poland,Turkey,93.315445,65.073462
2054,2,1,2025-09-09,Lithuania,Greece,103.90032,68.45222
2054,3,1,2025-09-10,Finland,Georgia,86.835385,81.37233
2054,4,1,2025-09-10,Germany,Slovenia,115.7367,83.933132
2055,1,1,2025-09-09,Poland,Turkey,75.634629,89.982811
2055,2,1,2025-09-09,Lithuania,Greece,94.454025,78.963708
2055,3,1,2025-09-10,Finland,Georgia,90.729438,74.206265
2055,4,1,2025-09-10,Germany,Slovenia,98.507663,96.365812
2056,1,1,2025-09-09,Poland,Turkey,70.117024,86.101377
2056,2,1,2025-09-09,Lithuania,Greece,78.181239,74.16538
2056,3,1,2025-09-10,Finland,Georgia,101.76601,79.621161
2056,4,1,2025-09-10,Germany,Slovenia,114.97654,110.85568
2057,1,1,2025-09-09,Poland,Turkey,93.34365,95.243301
2057,2,1,2025-09-09,Lithuania,Greece,68.934699,72.47171
2057,3,1,2025-09-10,Finland,Georgia,92.380246,88.764312
2057,4,1,2025-09-10,Germany,Slovenia,99.471674,97.193571
2058,1,1,2025-09-09,Poland,Turkey,89.884191,103.77615
2058,2,1,2025-09-09,Lithuania,Greece,101.48624,86.016339
2058,3,1,2025-09-10,Finland,Georgia,93.995966,72.102011
2058,4,1,2025-09-10,Germany,Slovenia,99.54879,94.713657
2059,1,1,2025-09-09,Poland,Turkey,76.010565,77.472198
2059,2,1,2025-09-09,Lithuania,Greece,91.133099,70.88958
2059,3,1,2025-09-10,Finland,Georgia,100.39463,84.35326
2059,4,1,2025-09-10,Germany,Slovenia,108.06025,88.83338
2060,1,1,2025-09-09,Poland,Turkey,71.542329,97.582319
2060,2,1,2025-09-09,Lithuania,Greece,89.733878,80.478305
2060,3,1,2025-09-10,Finland,Georgia,102.97624,61.487624
2060,4,1,2025-09-10,Germany,Slovenia,111.59456,102.97106
2061,1,1,2025-09-09,Poland,Turkey,74.21413,82.765933
2061,2,1,2025-09-09,Lithuania,Greece,93.921763,78.693895
2061,3,1,2025-09-10,Finland,Georgia,86.921329,64.986602
2061,4,1,2025-09-10,Germany,Slovenia,101.72013,87.316435
2062,1,1,2025-09-09,Poland,Turkey,83.669294,86.869877
2062,2,1,2025-09-09,Lithuania,Greece,98.148197,81.2599
2062,3,1,2025-09-10,Finland,Georgia,109.57455,110.0287
2062,4,1,2025-09-10,Germany,Slovenia,102.53658,78.312947
2063,1,1,2025-09-09,Poland,Turkey,74.904696,77.682884
2063,2,1,2025-09-09,Lithuania,Greece,97.309385,72.123428
2063,3,1,2025-09-10,Finland,Georgia,92.503123,79.319145
2063,4,1,2025-09-10,Germany,Slovenia,85.493014,86.334126
2064,1,1,2025-09-09,Poland,Turkey,76.688782,83.910325
2064,2,1,2025-09-09,Lithuania,Greece,84.447011,64.297128
2064,3,1,2025-09-10,Finland,Georgia,92.802183,56.582468
2064,4,1,2025-09-10,Germany,Slovenia,104.39346,96.370472
2065,1,1,2025-09-09,Poland,Turkey,84.387622,88.93016
2065,2,1,2025-09-09,Lithuania,Greece,85.231372,84.389176
2065,3,1,2025-09-10,Finland,Georgia,90.549378,89.04925
2065,4,1,2025-09-10,Germany,Slovenia,106.68616,74.844315
2066,1,1,2025-09-09,Poland,Turkey,74.684353,99.554315
2066,2,1,2025-09-09,Lithuania,Greece,113.57462,91.110453
2066,3,1,2025-09-10,Finland,Georgia,88.795024,79.342234
2066,4,1,2025-09-10,Germany,Slovenia,111.22612,91.587341
2067,1,1,2025-09-09,Poland,Turkey,95.432035,100.5632
2067,2,1,2025-09-09,Lithuania,Greece,93.057829,69.353691
2067,3,1,2025-09-10,Finland,Georgia,112.29672,82.974562
2067,4,1,2025-09-10,Germany,Slovenia,90.297862,69.179713
2068,1,1,2025-09-09,Poland,Turkey,88.944096,90.291582
2068,2,1,2025-09-09,Lithuania,Greece,87.531363,80.385036
2068,3,1,2025-09-10,Finland,Georgia,80.914885,59.280815
2068,4,1,2025-09-10,Germany,Slovenia,94.802998,99.794898
2069,1,1,2025-09-09,Poland,Turkey,96.380363,104.23686
2069,2,1,2025-09-09,Lithuania,Greece,98.437124,94.360219
2069,3,1,2025-09-10,Finland,Georgia,104.30473,70.174385
2069,4,1,2025-09-10,Germany,Slovenia,108.14209,80.567823
2070,1,1,2025-09-09,Poland,Turkey,66.757126,89.920192
2070,2,1,2025-09-09,Lithuania,Greece,89.861234,73.473022
2070,3,1,2025-09-10,Finland,Georgia,94.72335,56.605825
2070,4,1,2025-09-10,Germany,Slovenia,102.43618,75.348009
2071,1,1,2025-09-09,Poland,Turkey,86.529136,84.514672
2071,2,1,2025-09-09,Lithuania,Greece,73.264853,83.117406
2071,3,1,2025-09-10,Finland,Georgia,98.483072,81.508103
2071,4,1,2025-09-10,Germany,Slovenia,108.53427,88.033968
2072,1,1,2025-09-09,Poland,Turkey,72.822336,88.170133
2072,2,1,2025-09-09,Lithuania,Greece,79.38632,79.418962
2072,3,1,2025-09-10,Finland,Georgia,96.169605,83.466157
2072,4,1,2025-09-10,Germany,Slovenia,100.96497,88.728044
2073,1,1,2025-09-09,Poland,Turkey,58.912965,71.082164
2073,2,1,2025-09-09,Lithuania,Greece,92.472558,89.831147
2073,3,1,2025-09-10,Finland,Georgia,88.493184,89.026387
2073,4,1,2025-09-10,Germany,Slovenia,116.53548,99.640106
2074,1,1,2025-09-09,Poland,Turkey,75.923337,96.878755
2074,2,1,2025-09-09,Lithuania,Greece,90.069226,73.047717
2074,3,1,2025-09-10,Finland,Georgia,94.279986,89.645281
2074,4,1,2025-09-10,Germany,Slovenia,101.59934,74.874586
2075,1,1,2025-09-09,Poland,Turkey,73.064048,74.564533
2075,2,1,2025-09-09,Lithuania,Greece,80.400461,85.365025
2075,3,1,2025-09-10,Finland,Georgia,99.302248,64.36721
2075,4,1,2025-09-10,Germany,Slovenia,100.14943,101.49145
2076,1,1,2025-09-09,Poland,Turkey,87.086246,99.649203
2076,2,1,2025-09-09,Lithuania,Greece,89.938991,90.652781
2076,3,1,2025-09-10,Finland,Georgia,83.858924,70.815338
2076,4,1,2025-09-10,Germany,Slovenia,95.921996,82.997183
2077,1,1,2025-09-09,Poland,Turkey,84.552989,88.208779
2077,2,1,2025-09-09,Lithuania,Greece,87.921147,69.937779
2077,3,1,2025-09-10,Finland,Georgia,94.746974,77.920997
2077,4,1,2025-09-10,Germany,Slovenia,98.374217,91.751871
2078,1,1,2025-09-09,Poland,Turkey,64.228759,84.559085
2078,2,1,2025-09-09,Lithuania,Greece,95.110052,65.701168
2078,3,1,2025-09-10,Finland,Georgia,104.98689,88.61023
2078,4,1,2025-09-10,Germany,Slovenia,109.77138,79.104351
2079,1,1,2025-09-09,Poland,Turkey,78.867691,87.654285
2079,2,1,2025-09-09,Lithuania,Greece,85.975071,61.696164
2079,3,1,2025-09-10,Finland,Georgia,104.96716,95.488973
2079,4,1,2025-09-10,Germany,Slovenia,96.784516,72.49801
2080,1,1,2025-09-09,Poland,Turkey,59.460675,72.97768
2080,2,1,2025-09-09,Lithuania,Greece,65.041099,85.938065
2080,3,1,2025-09-10,Finland,Georgia,103.72348,70.0552
2080,4,1,2025-09-10,Germany,Slovenia,101.80127,80.537765
2081,1,1,2025-09-09,Poland,Turkey,79.910439,79.001666
2081,2,1,2025-09-09,Lithuania,Greece,62.018426,71.647687
2081,3,1,2025-09-10,Finland,Georgia,90.462275,78.845443
2081,4,1,2025-09-10,Germany,Slovenia,101.84148,94.360109
2082,1,1,2025-09-09,Poland,Turkey,99.761457,88.980431
2082,2,1,2025-09-09,Lithuania,Greece,95.076355,84.77711
2082,3,1,2025-09-10,Finland,Georgia,110.75001,54.342203
2082,4,1,2025-09-10,Germany,Slovenia,109.22539,78.861577
2083,1,1,2025-09-09,Poland,Turkey,89.625689,95.288353
2083,2,1,2025-09-09,Lithuania,Greece,91.031961,76.99429
2083,3,1,2025-09-10,Finland,Georgia,99.003048,59.399403
2083,4,1,2025-09-10,Germany,Slovenia,110.31398,98.598491
2084,1,1,2025-09-09,Poland,Turkey,70.603764,87.437752
2084,2,1,2025-09-09,Lithuania,Greece,81.371007,77.124754
2084,3,1,2025-09-10,Finland,Georgia,97.702879,80.165433
2084,4,1,2025-09-10,Germany,Slovenia,116.39955,82.882818
2085,1,1,2025-09-09,Poland,Turkey,93.052489,86.721055
2085,2,1,2025-09-09,Lithuania,Greece,93.484804,67.382244
2085,3,1,2025-09-10,Finland,Georgia,78.98703,86.429131
2085,4,1,2025-09-10,Germany,Slovenia,90.696893,84.314441
2086,1,1,2025-09-09,Poland,Turkey,83.199882,89.932871
2086,2,1,2025-09-09,Lithuania,Greece,67.871359,65.351599
2086,3,1,2025-09-10,Finland,Georgia,89.938769,72.421555
2086,4,1,2025-09-10,Germany,Slovenia,107.60273,73.491778
2087,1,1,2025-09-09,Poland,Turkey,76.663677,78.413699
2087,2,1,2025-09-09,Lithuania,Greece,70.371476,78.35194
2087,3,1,2025-09-10,Finland,Georgia,113.76865,66.015208
2087,4,1,2025-09-10,Germany,Slovenia,94.642664,85.223636
2088,1,1,2025-09-09,Poland,Turkey,72.664658,80.685581
2088,2,1,2025-09-09,Lithuania,Greece,81.786305,69.530841
2088,3,1,2025-09-10,Finland,Georgia,90.68468,82.660518
2088,4,1,2025-09-10,Germany,Slovenia,89.329035,81.392801
2089,1,1,2025-09-09,Poland,Turkey,83.041816,102.91964
2089,2,1,2025-09-09,Lithuania,Greece,79.488238,69.912449
2089,3,1,2025-09-10,Finland,Georgia,98.878264,76.322591
2089,4,1,2025-09-10,Germany,Slovenia,119.98799,91.141982
2090,1,1,2025-09-09,Poland,Turkey,92.599642,101.1358
2090,2,1,2025-09-09,Lithuania,Greece,77.09363,72.086083
2090,3,1,2025-09-10,Finland,Georgia,99.735512,85.090664
2090,4,1,2025-09-10,Germany,Slovenia,115.83406,78.407299
2091,1,1,2025-09-09,Poland,Turkey,41.3988,77.887338
2091,2,1,2025-09-09,Lithuania,Greece,99.052035,77.760528
2091,3,1,2025-09-10,Finland,Georgia,85.980436,99.41935
2091,4,1,2025-09-10,Germany,Slovenia,106.98276,84.092306
2092,1,1,2025-09-09,Poland,Turkey,86.143878,82.509299
2092,2,1,2025-09-09,Lithuania,Greece,87.038446,90.2934
2092,3,1,2025-09-10,Finland,Georgia,101.69448,73.212076
2092,4,1,2025-09-10,Germany,Slovenia,114.72027,108.05385
2093,1,1,2025-09-09,Poland,Turkey,77.663322,91.435855
2093,2,1,2025-09-09,Lithuania,Greece,93.072939,93.727366
2093,3,1,2025-09-10,Finland,Georgia,95.504901,77.742283
2093,4,1,2025-09-10,Germany,Slovenia,88.123522,91.551191
2094,1,1,2025-09-09,Poland,Turkey,96.270184,102.91927
2094,2,1,2025-09-09,Lithuania,Greece,85.123722,82.698755
2094,3,1,2025-09-10,Finland,Georgia,91.758947,77.963321
2094,4,1,2025-09-10,Germany,Slovenia,96.473738,89.229874
2095,1,1,2025-09-09,Poland,Turkey,82.122578,89.813708
2095,2,1,2025-09-09,Lithuania,Greece,85.405297,50.171958
2095,3,1,2025-09-10,Finland,Georgia,96.061501,82.588498
2095,4,1,2025-09-10,Germany,Slovenia,105.40025,101.20795
2096,1,1,2025-09-09,Poland,Turkey,95.979397,84.643902
2096,2,1,2025-09-09,Lithuania,Greece,85.583181,63.654058
2096,3,1,2025-09-10,Finland,Georgia,98.026948,87.051675
2096,4,1,2025-09-10,Germany,Slovenia,102.44565,105.01141
2097,1,1,2025-09-09,Poland,Turkey,71.22464,80.060719
2097,2,1,2025-09-09,Lithuania,Greece,83.701199,74.59038
2097,3,1,2025-09-10,Finland,Georgia,111.2683,94.601311
2097,4,1,2025-09-10,Germany,Slovenia,96.037028,81.49188
2098,1,1,2025-09-09,Poland,Turkey,79.615635,97.864593
2098,2,1,2025-09-09,Lithuania,Greece,113.12061,69.810822
2098,3,1,2025-09-10,Finland,Georgia,114.06343,81.494765
2098,4,1,2025-09-10,Germany,Slovenia,84.931828,88.363211
2099,1,1,2025-09-09,Poland,Turkey,71.818845,104.03013
2099,2,1,2025-09-09,Lithuania,Greece,122.9525,96.020624
2099,3,1,2025-09-10,Finland,Georgia,81.500882,57.980334
2099,4,1,2025-09-10,Germany,Slovenia,108.42223,92.499605
2100,1,1,2025-09-09,Poland,Turkey,70.882577,91.623065
2100,2,1,2025-09-09,Lithuania,Greece,113.43354,106.07383
2100,3,1,2025-09-10,Finland,Georgia,83.648266,67.969799
2100,4,1,2025-09-10,Germany,Slovenia,108.00276,82.029439
2101,1,1,2025-09-09,Poland,Turkey,63.615393,65.928671
2101,2,1,2025-09-09,Lithuania,Greece,101.24296,80.72665
2101,3,1,2025-09-10,Finland,Georgia,102.95968,75.808395
2101,4,1,2025-09-10,Germany,Slovenia,104.37659,92.314819
2102,1,1,2025-09-09,Poland,Turkey,64.417744,90.635013
2102,2,1,2025-09-09,Lithuania,Greece,75.833606,71.233134
2102,3,1,2025-09-10,Finland,Georgia,94.957785,78.551571
2102,4,1,2025-09-10,Germany,Slovenia,116.50886,95.484049
2103,1,1,2025-09-09,Poland,Turkey,90.648375,95.470709
2103,2,1,2025-09-09,Lithuania,Greece,106.50998,112.79088
2103,3,1,2025-09-10,Finland,Georgia,110.54086,89.132972
2103,4,1,2025-09-10,Germany,Slovenia,106.08271,76.819237
2104,1,1,2025-09-09,Poland,Turkey,86.555182,73.071991
2104,2,1,2025-09-09,Lithuania,Greece,93.737183,83.664193
2104,3,1,2025-09-10,Finland,Georgia,103.14115,76.935803
2104,4,1,2025-09-10,Germany,Slovenia,104.20298,103.59654
2105,1,1,2025-09-09,Poland,Turkey,85.334077,84.660197
2105,2,1,2025-09-09,Lithuania,Greece,83.518305,65.445934
2105,3,1,2025-09-10,Finland,Georgia,117.93716,42.044227
2105,4,1,2025-09-10,Germany,Slovenia,108.78351,72.846286
2106,1,1,2025-09-09,Poland,Turkey,64.184417,111.08839
2106,2,1,2025-09-09,Lithuania,Greece,81.169191,106.53052
2106,3,1,2025-09-10,Finland,Georgia,103.03668,81.191902
2106,4,1,2025-09-10,Germany,Slovenia,106.38583,94.375413
2107,1,1,2025-09-09,Poland,Turkey,86.925135,108.88452
2107,2,1,2025-09-09,Lithuania,Greece,73.807459,79.981418
2107,3,1,2025-09-10,Finland,Georgia,108.22855,74.186953
2107,4,1,2025-09-10,Germany,Slovenia,115.662,98.705993
2108,1,1,2025-09-09,Poland,Turkey,92.753621,91.918145
2108,2,1,2025-09-09,Lithuania,Greece,81.274879,84.941009
2108,3,1,2025-09-10,Finland,Georgia,75.086801,55.457497
2108,4,1,2025-09-10,Germany,Slovenia,107.37267,115.40439
2109,1,1,2025-09-09,Poland,Turkey,77.945465,71.230014
2109,2,1,2025-09-09,Lithuania,Greece,95.260662,71.480068
2109,3,1,2025-09-10,Finland,Georgia,85.060722,51.02228
2109,4,1,2025-09-10,Germany,Slovenia,77.398518,86.905866
2110,1,1,2025-09-09,Poland,Turkey,77.226332,70.870902
2110,2,1,2025-09-09,Lithuania,Greece,78.988555,73.446614
2110,3,1,2025-09-10,Finland,Georgia,108.57109,89.181053
2110,4,1,2025-09-10,Germany,Slovenia,109.04077,87.492813
2111,1,1,2025-09-09,Poland,Turkey,83.542863,98.396531
2111,2,1,2025-09-09,Lithuania,Greece,99.115053,81.943314
2111,3,1,2025-09-10,Finland,Georgia,91.810906,71.887289
2111,4,1,2025-09-10,Germany,Slovenia,83.359512,65.941365
2112,1,1,2025-09-09,Poland,Turkey,56.489252,72.456215
2112,2,1,2025-09-09,Lithuania,Greece,93.890195,79.977532
2112,3,1,2025-09-10,Finland,Georgia,111.90145,70.721392
2112,4,1,2025-09-10,Germany,Slovenia,80.024752,77.500026
2113,1,1,2025-09-09,Poland,Turkey,70.971421,83.658655
2113,2,1,2025-09-09,Lithuania,Greece,87.942456,86.353057
2113,3,1,2025-09-10,Finland,Georgia,113.20934,94.64281
2113,4,1,2025-09-10,Germany,Slovenia,97.580185,84.531994
2114,1,1,2025-09-09,Poland,Turkey,59.502511,79.709022
2114,2,1,2025-09-09,Lithuania,Greece,74.876062,88.484982
2114,3,1,2025-09-10,Finland,Georgia,84.486791,63.206609
2114,4,1,2025-09-10,Germany,Slovenia,104.22863,85.029501
2115,1,1,2025-09-09,Poland,Turkey,78.678742,97.627887
2115,2,1,2025-09-09,Lithuania,Greece,88.021871,58.763305
2115,3,1,2025-09-10,Finland,Georgia,86.219557,76.416035
2115,4,1,2025-09-10,Germany,Slovenia,113.57024,94.720839
2116,1,1,2025-09-09,Poland,Turkey,70.816825,106.33454
2116,2,1,2025-09-09,Lithuania,Greece,82.327941,77.412905
2116,3,1,2025-09-10,Finland,Georgia,74.442747,74.265225
2116,4,1,2025-09-10,Germany,Slovenia,78.671506,68.748533
2117,1,1,2025-09-09,Poland,Turkey,101.45103,101.02151
2117,2,1,2025-09-09,Lithuania,Greece,92.485242,66.126756
2117,3,1,2025-09-10,Finland,Georgia,76.031471,82.524192
2117,4,1,2025-09-10,Germany,Slovenia,112.06069,104.25004
2118,1,1,2025-09-09,Poland,Turkey,79.753575,85.147241
2118,2,1,2025-09-09,Lithuania,Greece,92.800431,70.079504
2118,3,1,2025-09-10,Finland,Georgia,87.690804,62.73538
2118,4,1,2025-09-10,Germany,Slovenia,106.20693,83.570189
2119,1,1,2025-09-09,Poland,Turkey,71.533267,91.536138
2119,2,1,2025-09-09,Lithuania,Greece,77.53275,75.238831
2119,3,1,2025-09-10,Finland,Georgia,102.68372,73.740327
2119,4,1,2025-09-10,Germany,Slovenia,128.09338,91.39615
2120,1,1,2025-09-09,Poland,Turkey,71.662966,86.156034
2120,2,1,2025-09-09,Lithuania,Greece,79.090024,90.023128
2120,3,1,2025-09-10,Finland,Georgia,80.933133,77.916927
2120,4,1,2025-09-10,Germany,Slovenia,99.402848,93.479553
2121,1,1,2025-09-09,Poland,Turkey,88.758157,88.631318
2121,2,1,2025-09-09,Lithuania,Greece,96.277698,70.280962
2121,3,1,2025-09-10,Finland,Georgia,92.945091,76.80414
2121,4,1,2025-09-10,Germany,Slovenia,106.53914,76.021605
2122,1,1,2025-09-09,Poland,Turkey,78.945013,83.596734
2122,2,1,2025-09-09,Lithuania,Greece,108.72719,83.153396
2122,3,1,2025-09-10,Finland,Georgia,97.584274,80.070193
2122,4,1,2025-09-10,Germany,Slovenia,92.295929,69.964588
2123,1,1,2025-09-09,Poland,Turkey,77.412623,80.579441
2123,2,1,2025-09-09,Lithuania,Greece,82.738546,82.985856
2123,3,1,2025-09-10,Finland,Georgia,92.781473,79.301926
2123,4,1,2025-09-10,Germany,Slovenia,106.34029,82.546746
2124,1,1,2025-09-09,Poland,Turkey,83.269873,87.082121
2124,2,1,2025-09-09,Lithuania,Greece,96.145501,80.478091
2124,3,1,2025-09-10,Finland,Georgia,82.809424,79.146757
2124,4,1,2025-09-10,Germany,Slovenia,89.924742,71.591171
2125,1,1,2025-09-09,Poland,Turkey,77.179627,95.831803
2125,2,1,2025-09-09,Lithuania,Greece,74.834503,84.099353
2125,3,1,2025-09-10,Finland,Georgia,117.22571,69.647302
2125,4,1,2025-09-10,Germany,Slovenia,98.203193,98.985478
2126,1,1,2025-09-09,Poland,Turkey,59.200152,102.86456
2126,2,1,2025-09-09,Lithuania,Greece,86.9395,84.87112
2126,3,1,2025-09-10,Finland,Georgia,88.665897,62.472463
2126,4,1,2025-09-10,Germany,Slovenia,102.73825,71.709416
2127,1,1,2025-09-09,Poland,Turkey,74.413616,95.95735
2127,2,1,2025-09-09,Lithuania,Greece,77.947428,47.277189
2127,3,1,2025-09-10,Finland,Georgia,98.800889,56.542296
2127,4,1,2025-09-10,Germany,Slovenia,98.502858,87.629461
2128,1,1,2025-09-09,Poland,Turkey,89.067456,94.747127
2128,2,1,2025-09-09,Lithuania,Greece,96.224272,86.306613
2128,3,1,2025-09-10,Finland,Georgia,74.854938,62.088177
2128,4,1,2025-09-10,Germany,Slovenia,93.662234,77.693918
2129,1,1,2025-09-09,Poland,Turkey,62.358449,61.25298
2129,2,1,2025-09-09,Lithuania,Greece,80.12621,72.623656
2129,3,1,2025-09-10,Finland,Georgia,84.363089,70.55831
2129,4,1,2025-09-10,Germany,Slovenia,88.243724,76.538292
2130,1,1,2025-09-09,Poland,Turkey,73.499015,72.573482
2130,2,1,2025-09-09,Lithuania,Greece,98.681233,74.780153
2130,3,1,2025-09-10,Finland,Georgia,83.542241,63.909699
2130,4,1,2025-09-10,Germany,Slovenia,113.06528,91.126379
2131,1,1,2025-09-09,Poland,Turkey,76.157495,85.333266
2131,2,1,2025-09-09,Lithuania,Greece,92.392733,74.443052
2131,3,1,2025-09-10,Finland,Georgia,84.585178,59.598384
2131,4,1,2025-09-10,Germany,Slovenia,94.875261,90.565646
2132,1,1,2025-09-09,Poland,Turkey,78.714489,88.847004
2132,2,1,2025-09-09,Lithuania,Greece,67.404779,66.339824
2132,3,1,2025-09-10,Finland,Georgia,75.441996,66.529174
2132,4,1,2025-09-10,Germany,Slovenia,116.12891,110.35279
2133,1,1,2025-09-09,Poland,Turkey,81.713743,74.752991
2133,2,1,2025-09-09,Lithuania,Greece,55.090155,49.975148
2133,3,1,2025-09-10,Finland,Georgia,90.354622,59.916122
2133,4,1,2025-09-10,Germany,Slovenia,90.026377,89.443237
2134,1,1,2025-09-09,Poland,Turkey,62.529407,85.029567
2134,2,1,2025-09-09,Lithuania,Greece,85.460841,86.802728
2134,3,1,2025-09-10,Finland,Georgia,84.353755,93.1911
2134,4,1,2025-09-10,Germany,Slovenia,88.572883,85.235543
2135,1,1,2025-09-09,Poland,Turkey,76.490086,93.680819
2135,2,1,2025-09-09,Lithuania,Greece,66.417586,41.475427
2135,3,1,2025-09-10,Finland,Georgia,107.04102,79.017313
2135,4,1,2025-09-10,Germany,Slovenia,112.3528,105.94071
2136,1,1,2025-09-09,Poland,Turkey,72.63461,84.415808
2136,2,1,2025-09-09,Lithuania,Greece,86.308564,71.344733
2136,3,1,2025-09-10,Finland,Georgia,116.66791,74.294146
2136,4,1,2025-09-10,Germany,Slovenia,104.45896,90.78151
2137,1,1,2025-09-09,Poland,Turkey,72.398915,81.711726
2137,2,1,2025-09-09,Lithuania,Greece,98.925451,75.055578
2137,3,1,2025-09-10,Finland,Georgia,77.399386,75.309982
2137,4,1,2025-09-10,Germany,Slovenia,103.05038,78.273923
2138,1,1,2025-09-09,Poland,Turkey,69.757348,89.821961
2138,2,1,2025-09-09,Lithuania,Greece,92.481217,77.47417
2138,3,1,2025-09-10,Finland,Georgia,102.30574,66.405262
2138,4,1,2025-09-10,Germany,Slovenia,95.071834,72.941336
2139,1,1,2025-09-09,Poland,Turkey,86.026114,79.559096
2139,2,1,2025-09-09,Lithuania,Greece,88.570298,71.097344
2139,3,1,2025-09-10,Finland,Georgia,101.69839,78.320029
2139,4,1,2025-09-10,Germany,Slovenia,114.0648,86.547851
2140,1,1,2025-09-09,Poland,Turkey,84.066466,84.058795
2140,2,1,2025-09-09,Lithuania,Greece,90.714821,82.901593
2140,3,1,2025-09-10,Finland,Georgia,95.169715,87.046517
2140,4,1,2025-09-10,Germany,Slovenia,100.16416,94.477727
2141,1,1,2025-09-09,Poland,Turkey,66.842837,84.903314
2141,2,1,2025-09-09,Lithuania,Greece,80.72314,66.854395
2141,3,1,2025-09-10,Finland,Georgia,90.653894,82.900874
2141,4,1,2025-09-10,Germany,Slovenia,105.5011,105.00242
2142,1,1,2025-09-09,Poland,Turkey,89.176286,87.475283
2142,2,1,2025-09-09,Lithuania,Greece,79.790292,66.697321
2142,3,1,2025-09-10,Finland,Georgia,88.155559,57.616166
2142,4,1,2025-09-10,Germany,Slovenia,107.36348,84.805524
2143,1,1,2025-09-09,Poland,Turkey,68.45517,94.962637
2143,2,1,2025-09-09,Lithuania,Greece,110.96077,74.511201
2143,3,1,2025-09-10,Finland,Georgia,104.922,96.291918
2143,4,1,2025-09-10,Germany,Slovenia,110.23356,102.4173
2144,1,1,2025-09-09,Poland,Turkey,79.046225,84.81381
2144,2,1,2025-09-09,Lithuania,Greece,103.11015,87.456648
2144,3,1,2025-09-10,Finland,Georgia,86.308042,69.305867
2144,4,1,2025-09-10,Germany,Slovenia,111.49398,113.97293
2145,1,1,2025-09-09,Poland,Turkey,66.60395,72.128376
2145,2,1,2025-09-09,Lithuania,Greece,102.7008,73.74359
2145,3,1,2025-09-10,Finland,Georgia,88.328908,68.559144
2145,4,1,2025-09-10,Germany,Slovenia,116.0112,87.70379
2146,1,1,2025-09-09,Poland,Turkey,83.179624,87.061912
2146,2,1,2025-09-09,Lithuania,Greece,99.435787,74.058556
2146,3,1,2025-09-10,Finland,Georgia,84.305426,80.011464
2146,4,1,2025-09-10,Germany,Slovenia,103.90353,78.57935
2147,1,1,2025-09-09,Poland,Turkey,66.425021,105.81652
2147,2,1,2025-09-09,Lithuania,Greece,108.66783,83.722096
2147,3,1,2025-09-10,Finland,Georgia,93.554216,58.998199
2147,4,1,2025-09-10,Germany,Slovenia,94.465899,80.608204
2148,1,1,2025-09-09,Poland,Turkey,83.350612,84.229063
2148,2,1,2025-09-09,Lithuania,Greece,83.732538,95.38586
2148,3,1,2025-09-10,Finland,Georgia,91.10496,99.351526
2148,4,1,2025-09-10,Germany,Slovenia,89.092492,81.40883
2149,1,1,2025-09-09,Poland,Turkey,74.541617,77.521117
2149,2,1,2025-09-09,Lithuania,Greece,69.13237,74.044093
2149,3,1,2025-09-10,Finland,Georgia,90.305026,89.714548
2149,4,1,2025-09-10,Germany,Slovenia,101.85826,85.397247
2150,1,1,2025-09-09,Poland,Turkey,68.291347,76.033491
2150,2,1,2025-09-09,Lithuania,Greece,90.066564,84.599942
2150,3,1,2025-09-10,Finland,Georgia,104.92395,76.216178
2150,4,1,2025-09-10,Germany,Slovenia,123.51366,101.89063
2151,1,1,2025-09-09,Poland,Turkey,79.186592,90.106877
2151,2,1,2025-09-09,Lithuania,Greece,83.440328,70.822429
2151,3,1,2025-09-10,Finland,Georgia,96.786001,71.953189
2151,4,1,2025-09-10,Germany,Slovenia,106.64155,65.747151
2152,1,1,2025-09-09,Poland,Turkey,83.600192,76.800396
2152,2,1,2025-09-09,Lithuania,Greece,90.86224,89.342769
2152,3,1,2025-09-10,Finland,Georgia,95.534927,81.478991
2152,4,1,2025-09-10,Germany,Slovenia,105.74545,94.571623
2153,1,1,2025-09-09,Poland,Turkey,77.850371,102.29076
2153,2,1,2025-09-09,Lithuania,Greece,78.486391,57.409394
2153,3,1,2025-09-10,Finland,Georgia,93.427362,80.448803
2153,4,1,2025-09-10,Germany,Slovenia,115.45803,86.624339
2154,1,1,2025-09-09,Poland,Turkey,66.332881,82.946886
2154,2,1,2025-09-09,Lithuania,Greece,79.112687,77.878207
2154,3,1,2025-09-10,Finland,Georgia,94.885311,79.110816
2154,4,1,2025-09-10,Germany,Slovenia,109.3399,83.793016
2155,1,1,2025-09-09,Poland,Turkey,74.111208,76.135674
2155,2,1,2025-09-09,Lithuania,Greece,80.831219,66.777581
2155,3,1,2025-09-10,Finland,Georgia,85.537922,55.11503
2155,4,1,2025-09-10,Germany,Slovenia,103.50247,84.133606
2156,1,1,2025-09-09,Poland,Turkey,88.779962,96.973888
2156,2,1,2025-09-09,Lithuania,Greece,92.914805,91.591081
2156,3,1,2025-09-10,Finland,Georgia,93.271626,71.468567
2156,4,1,2025-09-10,Germany,Slovenia,93.681934,77.289141
2157,1,1,2025-09-09,Poland,Turkey,80.375309,88.396596
2157,2,1,2025-09-09,Lithuania,Greece,92.476109,79.582323
2157,3,1,2025-09-10,Finland,Georgia,97.296374,65.089245
2157,4,1,2025-09-10,Germany,Slovenia,106.1619,90.962253
2158,1,1,2025-09-09,Poland,Turkey,74.527587,85.185601
2158,2,1,2025-09-09,Lithuania,Greece,93.532575,84.355604
2158,3,1,2025-09-10,Finland,Georgia,102.88395,42.596125
2158,4,1,2025-09-10,Germany,Slovenia,105.7554,95.574019
2159,1,1,2025-09-09,Poland,Turkey,80.706584,85.780274
2159,2,1,2025-09-09,Lithuania,Greece,102.11694,81.772005
2159,3,1,2025-09-10,Finland,Georgia,112.55383,73.924882
2159,4,1,2025-09-10,Germany,Slovenia,104.93695,82.580779
2160,1,1,2025-09-09,Poland,Turkey,86.830215,80.645739
2160,2,1,2025-09-09,Lithuania,Greece,88.249974,71.164649
2160,3,1,2025-09-10,Finland,Georgia,120.03274,56.204163
2160,4,1,2025-09-10,Germany,Slovenia,111.57936,77.495558
2161,1,1,2025-09-09,Poland,Turkey,88.528618,83.779874
2161,2,1,2025-09-09,Lithuania,Greece,91.630302,97.325506
2161,3,1,2025-09-10,Finland,Georgia,71.202075,69.130742
2161,4,1,2025-09-10,Germany,Slovenia,88.7305,75.739357
2162,1,1,2025-09-09,Poland,Turkey,42.262885,92.503262
2162,2,1,2025-09-09,Lithuania,Greece,68.091193,61.347851
2162,3,1,2025-09-10,Finland,Georgia,98.539773,90.369169
2162,4,1,2025-09-10,Germany,Slovenia,92.600414,87.369163
2163,1,1,2025-09-09,Poland,Turkey,77.309711,76.071579
2163,2,1,2025-09-09,Lithuania,Greece,74.482689,62.986039
2163,3,1,2025-09-10,Finland,Georgia,90.733699,71.842005
2163,4,1,2025-09-10,Germany,Slovenia,112.29608,87.78174
2164,1,1,2025-09-09,Poland,Turkey,84.46009,88.307992
2164,2,1,2025-09-09,Lithuania,Greece,90.373256,85.855484
2164,3,1,2025-09-10,Finland,Georgia,106.12704,72.251542
2164,4,1,2025-09-10,Germany,Slovenia,103.3156,115.72915
2165,1,1,2025-09-09,Poland,Turkey,79.030715,79.981549
2165,2,1,2025-09-09,Lithuania,Greece,85.763791,71.887009
2165,3,1,2025-09-10,Finland,Georgia,87.744954,80.471652
2165,4,1,2025-09-10,Germany,Slovenia,90.851729,87.471358
2166,1,1,2025-09-09,Poland,Turkey,69.451148,76.675455
2166,2,1,2025-09-09,Lithuania,Greece,77.183099,66.183965
2166,3,1,2025-09-10,Finland,Georgia,108.65163,103.39895
2166,4,1,2025-09-10,Germany,Slovenia,102.25661,89.147767
2167,1,1,2025-09-09,Poland,Turkey,93.245092,101.07534
2167,2,1,2025-09-09,Lithuania,Greece,102.84154,85.484645
2167,3,1,2025-09-10,Finland,Georgia,89.531876,72.801795
2167,4,1,2025-09-10,Germany,Slovenia,108.63806,90.158547
2168,1,1,2025-09-09,Poland,Turkey,89.198962,91.906659
2168,2,1,2025-09-09,Lithuania,Greece,92.035633,84.697146
2168,3,1,2025-09-10,Finland,Georgia,94.222623,63.725557
2168,4,1,2025-09-10,Germany,Slovenia,120.81148,90.891333
2169,1,1,2025-09-09,Poland,Turkey,73.6369,109.63573
2169,2,1,2025-09-09,Lithuania,Greece,66.046728,68.483002
2169,3,1,2025-09-10,Finland,Georgia,96.63529,78.016638
2169,4,1,2025-09-10,Germany,Slovenia,98.28598,87.375941
2170,1,1,2025-09-09,Poland,Turkey,80.097773,84.421581
2170,2,1,2025-09-09,Lithuania,Greece,82.708329,63.040735
2170,3,1,2025-09-10,Finland,Georgia,105.83632,57.51412
2170,4,1,2025-09-10,Germany,Slovenia,103.58799,88.15942
2171,1,1,2025-09-09,Poland,Turkey,69.62119,86.879911
2171,2,1,2025-09-09,Lithuania,Greece,79.890057,86.530142
2171,3,1,2025-09-10,Finland,Georgia,101.40108,90.369247
2171,4,1,2025-09-10,Germany,Slovenia,108.15213,84.373276
2172,1,1,2025-09-09,Poland,Turkey,90.909179,70.303999
2172,2,1,2025-09-09,Lithuania,Greece,86.614583,80.752395
2172,3,1,2025-09-10,Finland,Georgia,98.348278,64.534803
2172,4,1,2025-09-10,Germany,Slovenia,104.47477,83.164733
2173,1,1,2025-09-09,Poland,Turkey,72.172664,72.643178
2173,2,1,2025-09-09,Lithuania,Greece,77.226023,74.598501
2173,3,1,2025-09-10,Finland,Georgia,96.616855,97.974393
2173,4,1,2025-09-10,Germany,Slovenia,92.508862,91.20894
2174,1,1,2025-09-09,Poland,Turkey,90.119236,81.963436
2174,2,1,2025-09-09,Lithuania,Greece,84.302701,88.541201
2174,3,1,2025-09-10,Finland,Georgia,84.179999,66.96012
2174,4,1,2025-09-10,Germany,Slovenia,92.154323,75.417941
2175,1,1,2025-09-09,Poland,Turkey,68.367837,87.140935
2175,2,1,2025-09-09,Lithuania,Greece,65.779563,76.454703
2175,3,1,2025-09-10,Finland,Georgia,105.76396,91.640042
2175,4,1,2025-09-10,Germany,Slovenia,114.04045,80.884673
2176,1,1,2025-09-09,Poland,Turkey,85.327366,76.650167
2176,2,1,2025-09-09,Lithuania,Greece,66.265681,68.070728
2176,3,1,2025-09-10,Finland,Georgia,88.385526,54.87728
2176,4,1,2025-09-10,Germany,Slovenia,105.0045,91.204867
2177,1,1,2025-09-09,Poland,Turkey,86.436998,92.074198
2177,2,1,2025-09-09,Lithuania,Greece,95.278232,80.274731
2177,3,1,2025-09-10,Finland,Georgia,84.838245,97.453815
2177,4,1,2025-09-10,Germany,Slovenia,124.80978,87.050456
2178,1,1,2025-09-09,Poland,Turkey,75.355475,85.645036
2178,2,1,2025-09-09,Lithuania,Greece,86.484828,75.116872
2178,3,1,2025-09-10,Finland,Georgia,91.70106,69.328073
2178,4,1,2025-09-10,Germany,Slovenia,115.90096,96.35484
2179,1,1,2025-09-09,Poland,Turkey,72.917954,80.233227
2179,2,1,2025-09-09,Lithuania,Greece,82.349911,87.574586
2179,3,1,2025-09-10,Finland,Georgia,102.4825,81.172349
2179,4,1,2025-09-10,Germany,Slovenia,107.11868,75.005368
2180,1,1,2025-09-09,Poland,Turkey,78.999344,76.467242
2180,2,1,2025-09-09,Lithuania,Greece,84.546718,93.85469
2180,3,1,2025-09-10,Finland,Georgia,107.13228,71.748514
2180,4,1,2025-09-10,Germany,Slovenia,113.47884,77.734711
2181,1,1,2025-09-09,Poland,Turkey,71.200572,92.383688
2181,2,1,2025-09-09,Lithuania,Greece,78.326758,64.592858
2181,3,1,2025-09-10,Finland,Georgia,87.495241,82.133654
2181,4,1,2025-09-10,Germany,Slovenia,123.31535,77.573696
2182,1,1,2025-09-09,Poland,Turkey,71.699347,89.658498
2182,2,1,2025-09-09,Lithuania,Greece,69.923371,77.175939
2182,3,1,2025-09-10,Finland,Georgia,95.152957,55.630558
2182,4,1,2025-09-10,Germany,Slovenia,102.5214,81.231235
2183,1,1,2025-09-09,Poland,Turkey,70.770287,97.332921
2183,2,1,2025-09-09,Lithuania,Greece,93.598453,87.083516
2183,3,1,2025-09-10,Finland,Georgia,78.796804,92.545157
2183,4,1,2025-09-10,Germany,Slovenia,120.1962,111.2815
2184,1,1,2025-09-09,Poland,Turkey,90.32153,98.386688
2184,2,1,2025-09-09,Lithuania,Greece,83.518942,81.912422
2184,3,1,2025-09-10,Finland,Georgia,108.44544,79.382923
2184,4,1,2025-09-10,Germany,Slovenia,120.28373,94.695515
2185,1,1,2025-09-09,Poland,Turkey,54.989877,75.306364
2185,2,1,2025-09-09,Lithuania,Greece,97.0215,73.608195
2185,3,1,2025-09-10,Finland,Georgia,104.93936,65.861433
2185,4,1,2025-09-10,Germany,Slovenia,97.624537,90.664146
2186,1,1,2025-09-09,Poland,Turkey,66.673008,77.433089
2186,2,1,2025-09-09,Lithuania,Greece,92.865733,83.428575
2186,3,1,2025-09-10,Finland,Georgia,114.66211,71.042743
2186,4,1,2025-09-10,Germany,Slovenia,86.416072,85.016647
2187,1,1,2025-09-09,Poland,Turkey,83.023491,76.870766
2187,2,1,2025-09-09,Lithuania,Greece,76.001725,103.51773
2187,3,1,2025-09-10,Finland,Georgia,90.887126,63.590234
2187,4,1,2025-09-10,Germany,Slovenia,94.101741,93.760781
2188,1,1,2025-09-09,Poland,Turkey,71.418404,87.779996
2188,2,1,2025-09-09,Lithuania,Greece,71.930529,58.409914
2188,3,1,2025-09-10,Finland,Georgia,78.873396,80.25918
2188,4,1,2025-09-10,Germany,Slovenia,113.25844,96.226989
2189,1,1,2025-09-09,Poland,Turkey,69.815837,98.839064
2189,2,1,2025-09-09,Lithuania,Greece,73.470072,63.574944
2189,3,1,2025-09-10,Finland,Georgia,108.21331,75.028284
2189,4,1,2025-09-10,Germany,Slovenia,106.99749,81.223735
2190,1,1,2025-09-09,Poland,Turkey,94.916738,93.453797
2190,2,1,2025-09-09,Lithuania,Greece,109.23827,70.250766
2190,3,1,2025-09-10,Finland,Georgia,101.24097,70.009754
2190,4,1,2025-09-10,Germany,Slovenia,94.684137,85.041474
2191,1,1,2025-09-09,Poland,Turkey,65.698183,79.208964
2191,2,1,2025-09-09,Lithuania,Greece,66.578162,46.098893
2191,3,1,2025-09-10,Finland,Georgia,94.904071,88.217561
2191,4,1,2025-09-10,Germany,Slovenia,108.12281,95.876719
2192,1,1,2025-09-09,Poland,Turkey,79.499083,80.418934
2192,2,1,2025-09-09,Lithuania,Greece,87.865437,77.660266
2192,3,1,2025-09-10,Finland,Georgia,99.947988,79.086814
2192,4,1,2025-09-10,Germany,Slovenia,89.92226,76.009232
2193,1,1,2025-09-09,Poland,Turkey,75.23395,82.250902
2193,2,1,2025-09-09,Lithuania,Greece,83.90263,67.838807
2193,3,1,2025-09-10,Finland,Georgia,100.51716,75.870527
2193,4,1,2025-09-10,Germany,Slovenia,106.25737,96.038231
2194,1,1,2025-09-09,Poland,Turkey,95.154851,95.785501
2194,2,1,2025-09-09,Lithuania,Greece,81.096175,71.835674
2194,3,1,2025-09-10,Finland,Georgia,102.71709,70.263948
2194,4,1,2025-09-10,Germany,Slovenia,117.56746,90.476832
2195,1,1,2025-09-09,Poland,Turkey,60.602359,91.283848
2195,2,1,2025-09-09,Lithuania,Greece,86.192343,90.682992
2195,3,1,2025-09-10,Finland,Georgia,108.36993,58.529236
2195,4,1,2025-09-10,Germany,Slovenia,111.5774,87.087601
2196,1,1,2025-09-09,Poland,Turkey,79.399911,65.686478
2196,2,1,2025-09-09,Lithuania,Greece,96.881766,66.313328
2196,3,1,2025-09-10,Finland,Georgia,91.038741,83.418774
2196,4,1,2025-09-10,Germany,Slovenia,95.97402,75.475064
2197,1,1,2025-09-09,Poland,Turkey,72.250541,100.46564
2197,2,1,2025-09-09,Lithuania,Greece,111.65193,72.634137
2197,3,1,2025-09-10,Finland,Georgia,80.475856,88.881888
2197,4,1,2025-09-10,Germany,Slovenia,110.31727,89.697123
2198,1,1,2025-09-09,Poland,Turkey,84.653232,96.592584
2198,2,1,2025-09-09,Lithuania,Greece,105.05394,95.311063
2198,3,1,2025-09-10,Finland,Georgia,83.042803,80.668066
2198,4,1,2025-09-10,Germany,Slovenia,119.7806,81.740982
2199,1,1,2025-09-09,Poland,Turkey,74.274781,85.59513
2199,2,1,2025-09-09,Lithuania,Greece,92.488642,73.015898000000007
2199,3,1,2025-09-10,Finland,Georgia,75.859121,82.356475
2199,4,1,2025-09-10,Germany,Slovenia,87.660805,75.927535
2200,1,1,2025-09-09,Poland,Turkey,58.920983,78.61293
2200,2,1,2025-09-09,Lithuania,Greece,67.70588,68.554065
2200,3,1,2025-09-10,Finland,Georgia,103.15516,60.273057
2200,4,1,2025-09-10,Germany,Slovenia,84.304176,86.45059
2201,1,1,2025-09-09,Poland,Turkey,79.997367,89.344984
2201,2,1,2025-09-09,Lithuania,Greece,100.94103,80.798985
2201,3,1,2025-09-10,Finland,Georgia,85.538197,99.402171
2201,4,1,2025-09-10,Germany,Slovenia,100.55176,100.33303
2202,1,1,2025-09-09,Poland,Turkey,76.117045,83.248074
2202,2,1,2025-09-09,Lithuania,Greece,113.75689,74.745918
2202,3,1,2025-09-10,Finland,Georgia,97.619676,72.032799
2202,4,1,2025-09-10,Germany,Slovenia,110.84098,71.792441
2203,1,1,2025-09-09,Poland,Turkey,74.847758,81.638378
2203,2,1,2025-09-09,Lithuania,Greece,93.250427,62.318658
2203,3,1,2025-09-10,Finland,Georgia,97.259422,80.55771
2203,4,1,2025-09-10,Germany,Slovenia,108.3005,88.630615
2204,1,1,2025-09-09,Poland,Turkey,60.716451,76.426046
2204,2,1,2025-09-09,Lithuania,Greece,117.21392,72.53926
2204,3,1,2025-09-10,Finland,Georgia,98.807907,70.824802
2204,4,1,2025-09-10,Germany,Slovenia,99.160612,83.159709
2205,1,1,2025-09-09,Poland,Turkey,87.824173,92.680049
2205,2,1,2025-09-09,Lithuania,Greece,85.62822,71.609878
2205,3,1,2025-09-10,Finland,Georgia,110.92543,80.041616
2205,4,1,2025-09-10,Germany,Slovenia,95.085811,84.529321
2206,1,1,2025-09-09,Poland,Turkey,87.757574,101.22337
2206,2,1,2025-09-09,Lithuania,Greece,73.185048,87.181324
2206,3,1,2025-09-10,Finland,Georgia,100.22098,82.073644
2206,4,1,2025-09-10,Germany,Slovenia,103.04316,85.930918
2207,1,1,2025-09-09,Poland,Turkey,82.112469,80.920295
2207,2,1,2025-09-09,Lithuania,Greece,79.768231,62.133795
2207,3,1,2025-09-10,Finland,Georgia,99.537051,76.148707
2207,4,1,2025-09-10,Germany,Slovenia,116.15745,94.901323
2208,1,1,2025-09-09,Poland,Turkey,94.897402,64.432279
2208,2,1,2025-09-09,Lithuania,Greece,91.692488,72.259155
2208,3,1,2025-09-10,Finland,Georgia,104.6517,72.922632
2208,4,1,2025-09-10,Germany,Slovenia,98.120016,93.09996
2209,1,1,2025-09-09,Poland,Turkey,91.445959,68.447048
2209,2,1,2025-09-09,Lithuania,Greece,110.16547,93.218871
2209,3,1,2025-09-10,Finland,Georgia,111.72247,75.277509
2209,4,1,2025-09-10,Germany,Slovenia,102.21155,83.648619
2210,1,1,2025-09-09,Poland,Turkey,57.747307,68.435531
2210,2,1,2025-09-09,Lithuania,Greece,73.66724,86.091233
2210,3,1,2025-09-10,Finland,Georgia,99.860781,85.793714
2210,4,1,2025-09-10,Germany,Slovenia,112.94936,76.017169
2211,1,1,2025-09-09,Poland,Turkey,89.079038,88.551296
2211,2,1,2025-09-09,Lithuania,Greece,88.865056,79.305281
2211,3,1,2025-09-10,Finland,Georgia,109.51793,63.170507
2211,4,1,2025-09-10,Germany,Slovenia,105.76792,78.806358
2212,1,1,2025-09-09,Poland,Turkey,64.642972,82.323601
2212,2,1,2025-09-09,Lithuania,Greece,84.924456,65.648708
2212,3,1,2025-09-10,Finland,Georgia,89.095973,63.221168
2212,4,1,2025-09-10,Germany,Slovenia,121.07825,92.681804
2213,1,1,2025-09-09,Poland,Turkey,77.200051,88.999649
2213,2,1,2025-09-09,Lithuania,Greece,79.139086,76.318729
2213,3,1,2025-09-10,Finland,Georgia,91.775883,80.731169
2213,4,1,2025-09-10,Germany,Slovenia,89.925431,76.100831
2214,1,1,2025-09-09,Poland,Turkey,95.902047,91.253085
2214,2,1,2025-09-09,Lithuania,Greece,75.170091,73.55498
2214,3,1,2025-09-10,Finland,Georgia,109.27849,70.632548
2214,4,1,2025-09-10,Germany,Slovenia,107.23726,96.079342
2215,1,1,2025-09-09,Poland,Turkey,87.798966,94.41139
2215,2,1,2025-09-09,Lithuania,Greece,76.159661,74.875368
2215,3,1,2025-09-10,Finland,Georgia,79.240519,78.138806
2215,4,1,2025-09-10,Germany,Slovenia,98.669859,85.402441
2216,1,1,2025-09-09,Poland,Turkey,77.438718,86.790006
2216,2,1,2025-09-09,Lithuania,Greece,89.30776,68.656155
2216,3,1,2025-09-10,Finland,Georgia,98.479837,81.469996
2216,4,1,2025-09-10,Germany,Slovenia,102.47423,78.997464
2217,1,1,2025-09-09,Poland,Turkey,83.506956,78.920007
2217,2,1,2025-09-09,Lithuania,Greece,84.878422,64.512931
2217,3,1,2025-09-10,Finland,Georgia,96.070887,91.195507
2217,4,1,2025-09-10,Germany,Slovenia,112.51186,90.257582
2218,1,1,2025-09-09,Poland,Turkey,81.706504,94.815462
2218,2,1,2025-09-09,Lithuania,Greece,113.82702,91.566669
2218,3,1,2025-09-10,Finland,Georgia,94.776367,84.221058
2218,4,1,2025-09-10,Germany,Slovenia,98.706927,81.746559
2219,1,1,2025-09-09,Poland,Turkey,71.810639,77.116849
2219,2,1,2025-09-09,Lithuania,Greece,65.321677,71.155229
2219,3,1,2025-09-10,Finland,Georgia,89.657896,90.130707
2219,4,1,2025-09-10,Germany,Slovenia,115.36404,89.811031
2220,1,1,2025-09-09,Poland,Turkey,78.40744,97.554746
2220,2,1,2025-09-09,Lithuania,Greece,68.940992,80.18075
2220,3,1,2025-09-10,Finland,Georgia,97.491246,94.357115
2220,4,1,2025-09-10,Germany,Slovenia,105.70476,90.161487
2221,1,1,2025-09-09,Poland,Turkey,82.431103,97.63528
2221,2,1,2025-09-09,Lithuania,Greece,94.62732,71.220789
2221,3,1,2025-09-10,Finland,Georgia,95.268774,85.638821
2221,4,1,2025-09-10,Germany,Slovenia,112.16099,88.333929
2222,1,1,2025-09-09,Poland,Turkey,75.623016,96.216214
2222,2,1,2025-09-09,Lithuania,Greece,74.209155,70.076674
2222,3,1,2025-09-10,Finland,Georgia,107.21019,82.648475
2222,4,1,2025-09-10,Germany,Slovenia,126.97381,77.129631
2223,1,1,2025-09-09,Poland,Turkey,103.01961,78.15496
2223,2,1,2025-09-09,Lithuania,Greece,90.094919,66.554348
2223,3,1,2025-09-10,Finland,Georgia,93.513458,72.545031
2223,4,1,2025-09-10,Germany,Slovenia,98.951406,93.118938
2224,1,1,2025-09-09,Poland,Turkey,79.723862,83.5371
2224,2,1,2025-09-09,Lithuania,Greece,77.108825,84.938433
2224,3,1,2025-09-10,Finland,Georgia,97.831365,55.855745
2224,4,1,2025-09-10,Germany,Slovenia,95.914606,91.376265
2225,1,1,2025-09-09,Poland,Turkey,80.759178,69.072976
2225,2,1,2025-09-09,Lithuania,Greece,77.568234,74.875158
2225,3,1,2025-09-10,Finland,Georgia,80.798499,86.2567
2225,4,1,2025-09-10,Germany,Slovenia,102.20378,84.277067
2226,1,1,2025-09-09,Poland,Turkey,82.355455,104.56302
2226,2,1,2025-09-09,Lithuania,Greece,79.702582,84.123431
2226,3,1,2025-09-10,Finland,Georgia,101.63062,88.342921
2226,4,1,2025-09-10,Germany,Slovenia,102.3697,97.006289
2227,1,1,2025-09-09,Poland,Turkey,78.694039,68.15856
2227,2,1,2025-09-09,Lithuania,Greece,83.049866,72.093787
2227,3,1,2025-09-10,Finland,Georgia,87.281201,83.341802
2227,4,1,2025-09-10,Germany,Slovenia,83.787191000000007,90.185135
2228,1,1,2025-09-09,Poland,Turkey,80.475662,101.69364
2228,2,1,2025-09-09,Lithuania,Greece,88.853981,73.120556
2228,3,1,2025-09-10,Finland,Georgia,88.078903,64.372542
2228,4,1,2025-09-10,Germany,Slovenia,103.04922,70.432215
2229,1,1,2025-09-09,Poland,Turkey,86.513351,94.406512
2229,2,1,2025-09-09,Lithuania,Greece,105.23961,73.454216
2229,3,1,2025-09-10,Finland,Georgia,100.51733,88.686075
2229,4,1,2025-09-10,Germany,Slovenia,106.67459,97.193192
2230,1,1,2025-09-09,Poland,Turkey,92.325542,112.10526
2230,2,1,2025-09-09,Lithuania,Greece,88.93419,78.39123
2230,3,1,2025-09-10,Finland,Georgia,102.9352,90.77378
2230,4,1,2025-09-10,Germany,Slovenia,94.873514,76.561245
2231,1,1,2025-09-09,Poland,Turkey,76.491027,107.78945
2231,2,1,2025-09-09,Lithuania,Greece,89.502187,62.426591
2231,3,1,2025-09-10,Finland,Georgia,98.448165,89.569238
2231,4,1,2025-09-10,Germany,Slovenia,92.518811,70.236582
2232,1,1,2025-09-09,Poland,Turkey,94.725018,91.623614
2232,2,1,2025-09-09,Lithuania,Greece,78.845365,82.111675
2232,3,1,2025-09-10,Finland,Georgia,88.631811,73.130485
2232,4,1,2025-09-10,Germany,Slovenia,97.76638,83.907989
2233,1,1,2025-09-09,Poland,Turkey,78.418728,96.318623
2233,2,1,2025-09-09,Lithuania,Greece,114.20851,69.131491
2233,3,1,2025-09-10,Finland,Georgia,100.94708,85.082494
2233,4,1,2025-09-10,Germany,Slovenia,101.25253,88.77255
2234,1,1,2025-09-09,Poland,Turkey,73.155654,94.37226
2234,2,1,2025-09-09,Lithuania,Greece,107.96603,86.344855
2234,3,1,2025-09-10,Finland,Georgia,89.92574,62.361727
2234,4,1,2025-09-10,Germany,Slovenia,88.053396,64.73597
2235,1,1,2025-09-09,Poland,Turkey,77.027333,85.448896
2235,2,1,2025-09-09,Lithuania,Greece,91.33729,64.271597
2235,3,1,2025-09-10,Finland,Georgia,108.85218,83.27756
2235,4,1,2025-09-10,Germany,Slovenia,89.004707,89.110356
2236,1,1,2025-09-09,Poland,Turkey,79.634737,74.250036
2236,2,1,2025-09-09,Lithuania,Greece,75.037323,55.382098
2236,3,1,2025-09-10,Finland,Georgia,100.37748,93.564599
2236,4,1,2025-09-10,Germany,Slovenia,107.07171,86.869899
2237,1,1,2025-09-09,Poland,Turkey,97.577214,104.09451
2237,2,1,2025-09-09,Lithuania,Greece,84.658867,68.745325
2237,3,1,2025-09-10,Finland,Georgia,100.55286,90.843552
2237,4,1,2025-09-10,Germany,Slovenia,118.04151,96.909662
2238,1,1,2025-09-09,Poland,Turkey,79.537785,79.616485
2238,2,1,2025-09-09,Lithuania,Greece,101.23299,80.117457
2238,3,1,2025-09-10,Finland,Georgia,109.61025,75.126043
2238,4,1,2025-09-10,Germany,Slovenia,111.34696,81.415871
2239,1,1,2025-09-09,Poland,Turkey,80.25136,96.564427
2239,2,1,2025-09-09,Lithuania,Greece,90.820906,92.927586
2239,3,1,2025-09-10,Finland,Georgia,112.23099,81.988106
2239,4,1,2025-09-10,Germany,Slovenia,71.640004,85.5164
2240,1,1,2025-09-09,Poland,Turkey,51.6836,78.81796
2240,2,1,2025-09-09,Lithuania,Greece,96.512051,72.361532
2240,3,1,2025-09-10,Finland,Georgia,102.1958,78.524461
2240,4,1,2025-09-10,Germany,Slovenia,104.391,92.232704
2241,1,1,2025-09-09,Poland,Turkey,92.96733,104.6069
2241,2,1,2025-09-09,Lithuania,Greece,86.778403,86.23901
2241,3,1,2025-09-10,Finland,Georgia,75.61476,58.451176
2241,4,1,2025-09-10,Germany,Slovenia,78.772445,74.411679
2242,1,1,2025-09-09,Poland,Turkey,53.996819,90.58573
2242,2,1,2025-09-09,Lithuania,Greece,83.251429,73.109988
2242,3,1,2025-09-10,Finland,Georgia,100.72177,67.842872
2242,4,1,2025-09-10,Germany,Slovenia,112.60295,74.126839
2243,1,1,2025-09-09,Poland,Turkey,91.747691,99.351786
2243,2,1,2025-09-09,Lithuania,Greece,77.582038,79.710875
2243,3,1,2025-09-10,Finland,Georgia,97.532811,59.55119
2243,4,1,2025-09-10,Germany,Slovenia,116.98386,93.113417
2244,1,1,2025-09-09,Poland,Turkey,58.704312,84.48378
2244,2,1,2025-09-09,Lithuania,Greece,73.682743,65.228929
2244,3,1,2025-09-10,Finland,Georgia,103.44933,75.914436
2244,4,1,2025-09-10,Germany,Slovenia,103.28504,92.46558
2245,1,1,2025-09-09,Poland,Turkey,63.568687,102.88326
2245,2,1,2025-09-09,Lithuania,Greece,83.175269,89.577339
2245,3,1,2025-09-10,Finland,Georgia,101.13787,86.703381
2245,4,1,2025-09-10,Germany,Slovenia,108.65085,91.66799
2246,1,1,2025-09-09,Poland,Turkey,61.98795,61.926342
2246,2,1,2025-09-09,Lithuania,Greece,87.135566,88.463255
2246,3,1,2025-09-10,Finland,Georgia,91.518311,72.109681
2246,4,1,2025-09-10,Germany,Slovenia,96.60278,84.558177
2247,1,1,2025-09-09,Poland,Turkey,91.950621,90.829479
2247,2,1,2025-09-09,Lithuania,Greece,87.402073,65.660519
2247,3,1,2025-09-10,Finland,Georgia,101.35353,88.856855
2247,4,1,2025-09-10,Germany,Slovenia,86.976615,83.765733
2248,1,1,2025-09-09,Poland,Turkey,60.886352,86.911203
2248,2,1,2025-09-09,Lithuania,Greece,90.414632,72.847393
2248,3,1,2025-09-10,Finland,Georgia,100.22491,69.414975
2248,4,1,2025-09-10,Germany,Slovenia,111.80509,85.631342
2249,1,1,2025-09-09,Poland,Turkey,72.884838,79.365608
2249,2,1,2025-09-09,Lithuania,Greece,86.001515,74.838997
2249,3,1,2025-09-10,Finland,Georgia,91.914282,84.32513
2249,4,1,2025-09-10,Germany,Slovenia,88.160088,84.339672
2250,1,1,2025-09-09,Poland,Turkey,79.626271,91.120635
2250,2,1,2025-09-09,Lithuania,Greece,90.318958,77.217835
2250,3,1,2025-09-10,Finland,Georgia,86.108603,81.832965
2250,4,1,2025-09-10,Germany,Slovenia,90.798926,79.278635
2251,1,1,2025-09-09,Poland,Turkey,89.546944,99.498629
2251,2,1,2025-09-09,Lithuania,Greece,110.31528,81.900292
2251,3,1,2025-09-10,Finland,Georgia,92.450779,81.023433
2251,4,1,2025-09-10,Germany,Slovenia,102.74676,84.180318
2252,1,1,2025-09-09,Poland,Turkey,72.18993,94.113724
2252,2,1,2025-09-09,Lithuania,Greece,85.465029,85.231639
2252,3,1,2025-09-10,Finland,Georgia,80.016713,73.975713
2252,4,1,2025-09-10,Germany,Slovenia,81.92577,96.805045
2253,1,1,2025-09-09,Poland,Turkey,96.989224,104.56528
2253,2,1,2025-09-09,Lithuania,Greece,99.718431,91.694375
2253,3,1,2025-09-10,Finland,Georgia,107.67813,88.159778
2253,4,1,2025-09-10,Germany,Slovenia,106.359,85.689437
2254,1,1,2025-09-09,Poland,Turkey,71.09183,97.013659
2254,2,1,2025-09-09,Lithuania,Greece,86.211543,82.96864
2254,3,1,2025-09-10,Finland,Georgia,95.179569,78.618863
2254,4,1,2025-09-10,Germany,Slovenia,98.750638,96.282599
2255,1,1,2025-09-09,Poland,Turkey,67.625531,89.953286
2255,2,1,2025-09-09,Lithuania,Greece,80.014614,102.39062
2255,3,1,2025-09-10,Finland,Georgia,86.602111,86.680821
2255,4,1,2025-09-10,Germany,Slovenia,122.08102,72.906635
2256,1,1,2025-09-09,Poland,Turkey,73.290897,92.751108
2256,2,1,2025-09-09,Lithuania,Greece,99.30807,81.192409
2256,3,1,2025-09-10,Finland,Georgia,101.5965,76.848499
2256,4,1,2025-09-10,Germany,Slovenia,97.905009,95.4467
2257,1,1,2025-09-09,Poland,Turkey,94.078916,100.69136
2257,2,1,2025-09-09,Lithuania,Greece,80.303276,89.680009
2257,3,1,2025-09-10,Finland,Georgia,89.432885,80.514564
2257,4,1,2025-09-10,Germany,Slovenia,110.11787,82.92208
2258,1,1,2025-09-09,Poland,Turkey,79.247497,94.15938
2258,2,1,2025-09-09,Lithuania,Greece,66.013939,70.542757
2258,3,1,2025-09-10,Finland,Georgia,86.605971,62.00965
2258,4,1,2025-09-10,Germany,Slovenia,116.31606,97.667434
2259,1,1,2025-09-09,Poland,Turkey,86.855522,83.937415
2259,2,1,2025-09-09,Lithuania,Greece,89.025937,87.601763
2259,3,1,2025-09-10,Finland,Georgia,82.0691,61.965515
2259,4,1,2025-09-10,Germany,Slovenia,114.87865,78.932806
2260,1,1,2025-09-09,Poland,Turkey,60.369851,86.086118
2260,2,1,2025-09-09,Lithuania,Greece,89.425508,68.274672
2260,3,1,2025-09-10,Finland,Georgia,128.30814,91.346096
2260,4,1,2025-09-10,Germany,Slovenia,115.74227,82.751019
2261,1,1,2025-09-09,Poland,Turkey,76.245798,99.224363
2261,2,1,2025-09-09,Lithuania,Greece,79.956098,72.066267
2261,3,1,2025-09-10,Finland,Georgia,86.114618,81.51537
2261,4,1,2025-09-10,Germany,Slovenia,110.65578,68.740512
2262,1,1,2025-09-09,Poland,Turkey,81.580702,93.540323
2262,2,1,2025-09-09,Lithuania,Greece,99.950764,93.537721
2262,3,1,2025-09-10,Finland,Georgia,97.859896,77.094805
2262,4,1,2025-09-10,Germany,Slovenia,94.706575,87.453757
2263,1,1,2025-09-09,Poland,Turkey,65.334643,77.132759
2263,2,1,2025-09-09,Lithuania,Greece,100.58089,89.330585
2263,3,1,2025-09-10,Finland,Georgia,93.68704,74.067024
2263,4,1,2025-09-10,Germany,Slovenia,102.32496,98.900571
2264,1,1,2025-09-09,Poland,Turkey,104.14739,96.030234
2264,2,1,2025-09-09,Lithuania,Greece,71.687947,78.527024
2264,3,1,2025-09-10,Finland,Georgia,76.37904,78.065375
2264,4,1,2025-09-10,Germany,Slovenia,95.497602,92.209662
2265,1,1,2025-09-09,Poland,Turkey,69.224231,79.925148
2265,2,1,2025-09-09,Lithuania,Greece,89.353579,85.283601
2265,3,1,2025-09-10,Finland,Georgia,122.41588,76.754342
2265,4,1,2025-09-10,Germany,Slovenia,104.10817,97.236133
2266,1,1,2025-09-09,Poland,Turkey,75.993899,88.414971
2266,2,1,2025-09-09,Lithuania,Greece,69.201653,59.982075
2266,3,1,2025-09-10,Finland,Georgia,95.990558,86.803301
2266,4,1,2025-09-10,Germany,Slovenia,107.06693,82.287837
2267,1,1,2025-09-09,Poland,Turkey,80.432251,92.110799
2267,2,1,2025-09-09,Lithuania,Greece,94.206205,76.333584
2267,3,1,2025-09-10,Finland,Georgia,94.739255,71.45881
2267,4,1,2025-09-10,Germany,Slovenia,95.155321,74.617789
2268,1,1,2025-09-09,Poland,Turkey,93.178991,81.588624
2268,2,1,2025-09-09,Lithuania,Greece,92.088376,90.891692
2268,3,1,2025-09-10,Finland,Georgia,101.57169,60.219265
2268,4,1,2025-09-10,Germany,Slovenia,105.63417,90.712334
2269,1,1,2025-09-09,Poland,Turkey,75.262749,82.805001
2269,2,1,2025-09-09,Lithuania,Greece,77.508424,68.024735
2269,3,1,2025-09-10,Finland,Georgia,91.753923,77.042326
2269,4,1,2025-09-10,Germany,Slovenia,97.159551,70.368142
2270,1,1,2025-09-09,Poland,Turkey,77.304374,106.51311
2270,2,1,2025-09-09,Lithuania,Greece,72.232697,76.992794
2270,3,1,2025-09-10,Finland,Georgia,95.69718,71.290502
2270,4,1,2025-09-10,Germany,Slovenia,88.602594,68.486108
2271,1,1,2025-09-09,Poland,Turkey,80.391496,76.010211
2271,2,1,2025-09-09,Lithuania,Greece,61.171459,74.238193
2271,3,1,2025-09-10,Finland,Georgia,85.573633,53.300749
2271,4,1,2025-09-10,Germany,Slovenia,123.16437,102.35157
2272,1,1,2025-09-09,Poland,Turkey,75.109547,96.554063
2272,2,1,2025-09-09,Lithuania,Greece,67.243362,56.689697
2272,3,1,2025-09-10,Finland,Georgia,69.563432,64.379725
2272,4,1,2025-09-10,Germany,Slovenia,116.87599,61.817357
2273,1,1,2025-09-09,Poland,Turkey,55.943001,76.164402
2273,2,1,2025-09-09,Lithuania,Greece,71.347709,87.486883
2273,3,1,2025-09-10,Finland,Georgia,91.899713,82.049052
2273,4,1,2025-09-10,Germany,Slovenia,97.289067,83.718088
2274,1,1,2025-09-09,Poland,Turkey,100.59492,89.986222
2274,2,1,2025-09-09,Lithuania,Greece,87.825949,61.086955
2274,3,1,2025-09-10,Finland,Georgia,96.488717,81.832769
2274,4,1,2025-09-10,Germany,Slovenia,96.803981,62.845554
2275,1,1,2025-09-09,Poland,Turkey,80.256435,89.137451
2275,2,1,2025-09-09,Lithuania,Greece,101.4678,69.949825
2275,3,1,2025-09-10,Finland,Georgia,74.689275,81.610401
2275,4,1,2025-09-10,Germany,Slovenia,113.82435,89.304414
2276,1,1,2025-09-09,Poland,Turkey,91.162083,74.157939
2276,2,1,2025-09-09,Lithuania,Greece,83.905087,65.328943
2276,3,1,2025-09-10,Finland,Georgia,93.069154,54.084212
2276,4,1,2025-09-10,Germany,Slovenia,106.07954,80.281128
2277,1,1,2025-09-09,Poland,Turkey,73.633646,68.903394
2277,2,1,2025-09-09,Lithuania,Greece,100.82138,92.256757
2277,3,1,2025-09-10,Finland,Georgia,94.470558,55.857034
2277,4,1,2025-09-10,Germany,Slovenia,89.741505,85.028186
2278,1,1,2025-09-09,Poland,Turkey,91.048583,88.368151
2278,2,1,2025-09-09,Lithuania,Greece,86.904103,81.646417
2278,3,1,2025-09-10,Finland,Georgia,74.59998,47.052887
2278,4,1,2025-09-10,Germany,Slovenia,118.94497,98.387573
2279,1,1,2025-09-09,Poland,Turkey,86.741008,104.42452
2279,2,1,2025-09-09,Lithuania,Greece,92.892063,82.396379
2279,3,1,2025-09-10,Finland,Georgia,93.381018,72.210486
2279,4,1,2025-09-10,Germany,Slovenia,76.601769,78.208302
2280,1,1,2025-09-09,Poland,Turkey,70.472581,82.627484
2280,2,1,2025-09-09,Lithuania,Greece,78.156467,80.321943
2280,3,1,2025-09-10,Finland,Georgia,107.20985,84.712598
2280,4,1,2025-09-10,Germany,Slovenia,116.32267,84.185762
2281,1,1,2025-09-09,Poland,Turkey,80.110954,82.365267
2281,2,1,2025-09-09,Lithuania,Greece,98.604684,85.456417
2281,3,1,2025-09-10,Finland,Georgia,103.30295,77.670448
2281,4,1,2025-09-10,Germany,Slovenia,104.34425,89.400894
2282,1,1,2025-09-09,Poland,Turkey,75.212168,104.80268
2282,2,1,2025-09-09,Lithuania,Greece,74.907081,57.62492
2282,3,1,2025-09-10,Finland,Georgia,88.072509,69.025139
2282,4,1,2025-09-10,Germany,Slovenia,92.806393,85.09736
2283,1,1,2025-09-09,Poland,Turkey,72.604229,67.902737
2283,2,1,2025-09-09,Lithuania,Greece,79.502433,74.341658
2283,3,1,2025-09-10,Finland,Georgia,90.293299,64.516405
2283,4,1,2025-09-10,Germany,Slovenia,109.18914,95.94567
2284,1,1,2025-09-09,Poland,Turkey,77.13508,103.64824
2284,2,1,2025-09-09,Lithuania,Greece,86.715866,91.752638
2284,3,1,2025-09-10,Finland,Georgia,96.482986,71.363733
2284,4,1,2025-09-10,Germany,Slovenia,91.755886,88.705018
2285,1,1,2025-09-09,Poland,Turkey,59.028858,81.860253
2285,2,1,2025-09-09,Lithuania,Greece,90.728976,81.030042
2285,3,1,2025-09-10,Finland,Georgia,92.263429,75.487387
2285,4,1,2025-09-10,Germany,Slovenia,84.022376,70.327146
2286,1,1,2025-09-09,Poland,Turkey,83.384832,76.836283
2286,2,1,2025-09-09,Lithuania,Greece,88.858697,64.128349
2286,3,1,2025-09-10,Finland,Georgia,87.145192,90.95673
2286,4,1,2025-09-10,Germany,Slovenia,77.820484,87.567963
2287,1,1,2025-09-09,Poland,Turkey,68.733925,80.676914
2287,2,1,2025-09-09,Lithuania,Greece,95.29342,72.441797
2287,3,1,2025-09-10,Finland,Georgia,83.794478,64.971366
2287,4,1,2025-09-10,Germany,Slovenia,115.64573,74.874415
2288,1,1,2025-09-09,Poland,Turkey,76.219084,88.430557
2288,2,1,2025-09-09,Lithuania,Greece,74.50157,62.445463
2288,3,1,2025-09-10,Finland,Georgia,95.266047,62.52865
2288,4,1,2025-09-10,Germany,Slovenia,90.000086,84.424229
2289,1,1,2025-09-09,Poland,Turkey,81.904058,88.195717
2289,2,1,2025-09-09,Lithuania,Greece,91.853924,75.498084
2289,3,1,2025-09-10,Finland,Georgia,81.2251,50.710934
2289,4,1,2025-09-10,Germany,Slovenia,104.94853,87.267987
2290,1,1,2025-09-09,Poland,Turkey,85.341424,98.845903
2290,2,1,2025-09-09,Lithuania,Greece,110.24616,77.249063
2290,3,1,2025-09-10,Finland,Georgia,88.800095,42.646127
2290,4,1,2025-09-10,Germany,Slovenia,110.67077,84.276195
2291,1,1,2025-09-09,Poland,Turkey,81.031049,93.774918
2291,2,1,2025-09-09,Lithuania,Greece,106.31218,73.014011
2291,3,1,2025-09-10,Finland,Georgia,65.447035,70.563157
2291,4,1,2025-09-10,Germany,Slovenia,96.214128,73.949675
2292,1,1,2025-09-09,Poland,Turkey,66.917322,101.1013
2292,2,1,2025-09-09,Lithuania,Greece,98.720213,71.943695
2292,3,1,2025-09-10,Finland,Georgia,98.953445,84.9175
2292,4,1,2025-09-10,Germany,Slovenia,92.847649,93.123967
2293,1,1,2025-09-09,Poland,Turkey,71.152381,81.568483
2293,2,1,2025-09-09,Lithuania,Greece,86.939373,80.049224
2293,3,1,2025-09-10,Finland,Georgia,111.42467,87.696988
2293,4,1,2025-09-10,Germany,Slovenia,134.35131,89.978049
2294,1,1,2025-09-09,Poland,Turkey,65.014982,95.835615
2294,2,1,2025-09-09,Lithuania,Greece,88.742399,61.92372
2294,3,1,2025-09-10,Finland,Georgia,94.875122,61.279933
2294,4,1,2025-09-10,Germany,Slovenia,91.544032,70.084505
2295,1,1,2025-09-09,Poland,Turkey,79.851514,87.815393
2295,2,1,2025-09-09,Lithuania,Greece,92.542423,73.824344
2295,3,1,2025-09-10,Finland,Georgia,112.12532,79.420101
2295,4,1,2025-09-10,Germany,Slovenia,107.83141,85.542737
2296,1,1,2025-09-09,Poland,Turkey,88.013727,87.817966
2296,2,1,2025-09-09,Lithuania,Greece,105.5068,64.683458
2296,3,1,2025-09-10,Finland,Georgia,96.086321,79.656698
2296,4,1,2025-09-10,Germany,Slovenia,106.53113,84.742497
2297,1,1,2025-09-09,Poland,Turkey,57.862775,93.420875
2297,2,1,2025-09-09,Lithuania,Greece,121.92517,82.677933
2297,3,1,2025-09-10,Finland,Georgia,114.80718,99.446399
2297,4,1,2025-09-10,Germany,Slovenia,106.99856,98.429114
2298,1,1,2025-09-09,Poland,Turkey,62.093635,68.009225
2298,2,1,2025-09-09,Lithuania,Greece,93.81402,74.137361
2298,3,1,2025-09-10,Finland,Georgia,92.5485,82.299776
2298,4,1,2025-09-10,Germany,Slovenia,114.24921,95.653111
2299,1,1,2025-09-09,Poland,Turkey,54.860097,70.074109000000007
2299,2,1,2025-09-09,Lithuania,Greece,85.267301,66.20442
2299,3,1,2025-09-10,Finland,Georgia,86.437832,87.319836
2299,4,1,2025-09-10,Germany,Slovenia,101.73929,84.929125
2300,1,1,2025-09-09,Poland,Turkey,96.562037,80.00737
2300,2,1,2025-09-09,Lithuania,Greece,89.118108,78.350572
2300,3,1,2025-09-10,Finland,Georgia,89.14283,92.239225
2300,4,1,2025-09-10,Germany,Slovenia,101.14426,86.137655
2301,1,1,2025-09-09,Poland,Turkey,74.053381,82.850072
2301,2,1,2025-09-09,Lithuania,Greece,109.38915,90.63624
2301,3,1,2025-09-10,Finland,Georgia,118.64372,72.648581
2301,4,1,2025-09-10,Germany,Slovenia,105.06998,83.930216
2302,1,1,2025-09-09,Poland,Turkey,84.199473,74.662561
2302,2,1,2025-09-09,Lithuania,Greece,91.399915,73.280893
2302,3,1,2025-09-10,Finland,Georgia,99.285955,73.496227
2302,4,1,2025-09-10,Germany,Slovenia,91.808607,72.614619
2303,1,1,2025-09-09,Poland,Turkey,54.764077,82.288107
2303,2,1,2025-09-09,Lithuania,Greece,83.974427,85.642368
2303,3,1,2025-09-10,Finland,Georgia,100.51019,86.771541
2303,4,1,2025-09-10,Germany,Slovenia,132.17983,89.884984
2304,1,1,2025-09-09,Poland,Turkey,59.343445,69.573008
2304,2,1,2025-09-09,Lithuania,Greece,89.150234,75.656796
2304,3,1,2025-09-10,Finland,Georgia,105.45436,62.47909
2304,4,1,2025-09-10,Germany,Slovenia,98.209379,71.580061
2305,1,1,2025-09-09,Poland,Turkey,81.071472,89.287723
2305,2,1,2025-09-09,Lithuania,Greece,97.153645,73.878367
2305,3,1,2025-09-10,Finland,Georgia,91.114472,90.424888
2305,4,1,2025-09-10,Germany,Slovenia,88.423161,82.244984
2306,1,1,2025-09-09,Poland,Turkey,84.26991,95.668134
2306,2,1,2025-09-09,Lithuania,Greece,89.113827,70.5619
2306,3,1,2025-09-10,Finland,Georgia,80.719571,73.396311
2306,4,1,2025-09-10,Germany,Slovenia,111.56815,93.611753
2307,1,1,2025-09-09,Poland,Turkey,71.978751,78.463578
2307,2,1,2025-09-09,Lithuania,Greece,88.992153,72.303872
2307,3,1,2025-09-10,Finland,Georgia,96.948439,70.904366
2307,4,1,2025-09-10,Germany,Slovenia,111.19357,86.785365
2308,1,1,2025-09-09,Poland,Turkey,91.887407,103.97803
2308,2,1,2025-09-09,Lithuania,Greece,95.272462,81.691199
2308,3,1,2025-09-10,Finland,Georgia,99.21897,89.069808
2308,4,1,2025-09-10,Germany,Slovenia,98.284856,72.788568
2309,1,1,2025-09-09,Poland,Turkey,78.003215,86.103592
2309,2,1,2025-09-09,Lithuania,Greece,90.319325,77.10734
2309,3,1,2025-09-10,Finland,Georgia,110.27439,95.565302
2309,4,1,2025-09-10,Germany,Slovenia,115.98139,77.112899
2310,1,1,2025-09-09,Poland,Turkey,78.629188,100.11568
2310,2,1,2025-09-09,Lithuania,Greece,112.69853,83.617464
2310,3,1,2025-09-10,Finland,Georgia,105.86382,68.033062
2310,4,1,2025-09-10,Germany,Slovenia,107.95744,80.698722
2311,1,1,2025-09-09,Poland,Turkey,56.730784,94.500875
2311,2,1,2025-09-09,Lithuania,Greece,104.67326,83.052968
2311,3,1,2025-09-10,Finland,Georgia,97.71019,67.582969
2311,4,1,2025-09-10,Germany,Slovenia,105.53652,89.770802
2312,1,1,2025-09-09,Poland,Turkey,88.495786,95.221076
2312,2,1,2025-09-09,Lithuania,Greece,73.816461,73.416883
2312,3,1,2025-09-10,Finland,Georgia,113.66953,80.881046
2312,4,1,2025-09-10,Germany,Slovenia,115.41457,99.882039
2313,1,1,2025-09-09,Poland,Turkey,96.55475,87.976385
2313,2,1,2025-09-09,Lithuania,Greece,66.488099,60.381134
2313,3,1,2025-09-10,Finland,Georgia,100.01724,79.882734
2313,4,1,2025-09-10,Germany,Slovenia,117.03467,82.626832
2314,1,1,2025-09-09,Poland,Turkey,69.152529,74.319671
2314,2,1,2025-09-09,Lithuania,Greece,78.724902,75.82508
2314,3,1,2025-09-10,Finland,Georgia,102.65582,85.941793
2314,4,1,2025-09-10,Germany,Slovenia,108.39405,103.63719
2315,1,1,2025-09-09,Poland,Turkey,83.494439,83.260383
2315,2,1,2025-09-09,Lithuania,Greece,92.882122,57.227971
2315,3,1,2025-09-10,Finland,Georgia,85.43938,68.006668
2315,4,1,2025-09-10,Germany,Slovenia,107.37901,85.224514
2316,1,1,2025-09-09,Poland,Turkey,81.53168,92.850902
2316,2,1,2025-09-09,Lithuania,Greece,100.94308,76.852646
2316,3,1,2025-09-10,Finland,Georgia,104.36912,70.247116
2316,4,1,2025-09-10,Germany,Slovenia,88.959976,75.03876
2317,1,1,2025-09-09,Poland,Turkey,76.68182,75.343515
2317,2,1,2025-09-09,Lithuania,Greece,98.182477,69.927168
2317,3,1,2025-09-10,Finland,Georgia,118.75317,72.747994
2317,4,1,2025-09-10,Germany,Slovenia,111.18086,87.760153
2318,1,1,2025-09-09,Poland,Turkey,73.538692,68.25232
2318,2,1,2025-09-09,Lithuania,Greece,77.68193,68.608922
2318,3,1,2025-09-10,Finland,Georgia,111.9676,63.331025
2318,4,1,2025-09-10,Germany,Slovenia,74.866051,82.412256
2319,1,1,2025-09-09,Poland,Turkey,61.824257,83.775316
2319,2,1,2025-09-09,Lithuania,Greece,80.085378,67.199623
2319,3,1,2025-09-10,Finland,Georgia,91.635118,79.556189
2319,4,1,2025-09-10,Germany,Slovenia,99.272748000000007,81.952648
2320,1,1,2025-09-09,Poland,Turkey,72.961468,75.283756
2320,2,1,2025-09-09,Lithuania,Greece,88.619824,79.946065
2320,3,1,2025-09-10,Finland,Georgia,112.60213,78.571483
2320,4,1,2025-09-10,Germany,Slovenia,97.116264,85.353218
2321,1,1,2025-09-09,Poland,Turkey,55.34697,72.035422
2321,2,1,2025-09-09,Lithuania,Greece,89.531331,90.572114
2321,3,1,2025-09-10,Finland,Georgia,96.84567,78.02692
2321,4,1,2025-09-10,Germany,Slovenia,108.38486,85.647333
2322,1,1,2025-09-09,Poland,Turkey,80.673943,89.999773
2322,2,1,2025-09-09,Lithuania,Greece,77.015547,60.893494
2322,3,1,2025-09-10,Finland,Georgia,94.428497,73.231265
2322,4,1,2025-09-10,Germany,Slovenia,100.29866,85.841428
2323,1,1,2025-09-09,Poland,Turkey,75.869646,110.28847
2323,2,1,2025-09-09,Lithuania,Greece,82.7389,83.338598
2323,3,1,2025-09-10,Finland,Georgia,79.153518,68.89991
2323,4,1,2025-09-10,Germany,Slovenia,111.52101,82.909944
2324,1,1,2025-09-09,Poland,Turkey,74.662266,89.367063
2324,2,1,2025-09-09,Lithuania,Greece,75.975885,70.139217
2324,3,1,2025-09-10,Finland,Georgia,91.78224,79.804185
2324,4,1,2025-09-10,Germany,Slovenia,108.56273,83.081544
2325,1,1,2025-09-09,Poland,Turkey,101.50366,98.168726
2325,2,1,2025-09-09,Lithuania,Greece,68.131516,79.396237
2325,3,1,2025-09-10,Finland,Georgia,102.18171,75.412358
2325,4,1,2025-09-10,Germany,Slovenia,107.94248,74.822563
2326,1,1,2025-09-09,Poland,Turkey,41.474197,94.867313
2326,2,1,2025-09-09,Lithuania,Greece,97.094817,72.080874
2326,3,1,2025-09-10,Finland,Georgia,88.203938,62.848485
2326,4,1,2025-09-10,Germany,Slovenia,98.962222,89.461485
2327,1,1,2025-09-09,Poland,Turkey,62.272996,81.195267
2327,2,1,2025-09-09,Lithuania,Greece,97.751612,88.911877
2327,3,1,2025-09-10,Finland,Georgia,100.47967,63.697242
2327,4,1,2025-09-10,Germany,Slovenia,103.77994,81.562162
2328,1,1,2025-09-09,Poland,Turkey,74.386548,83.780106
2328,2,1,2025-09-09,Lithuania,Greece,84.878002,91.611307
2328,3,1,2025-09-10,Finland,Georgia,103.9743,92.014101
2328,4,1,2025-09-10,Germany,Slovenia,113.70975,74.929296
2329,1,1,2025-09-09,Poland,Turkey,82.458287,90.983506
2329,2,1,2025-09-09,Lithuania,Greece,91.515475,75.158962
2329,3,1,2025-09-10,Finland,Georgia,88.607936,67.49683
2329,4,1,2025-09-10,Germany,Slovenia,105.62625,85.131919
2330,1,1,2025-09-09,Poland,Turkey,85.735632,93.380547000000007
2330,2,1,2025-09-09,Lithuania,Greece,97.671476,92.657796
2330,3,1,2025-09-10,Finland,Georgia,98.582999,78.365735
2330,4,1,2025-09-10,Germany,Slovenia,96.508218,97.754851
2331,1,1,2025-09-09,Poland,Turkey,79.384648,81.597998
2331,2,1,2025-09-09,Lithuania,Greece,79.942243,79.041889
2331,3,1,2025-09-10,Finland,Georgia,86.982814,55.829487
2331,4,1,2025-09-10,Germany,Slovenia,86.018815,77.505377
2332,1,1,2025-09-09,Poland,Turkey,76.792367,109.67056
2332,2,1,2025-09-09,Lithuania,Greece,89.965917,76.955657
2332,3,1,2025-09-10,Finland,Georgia,90.28159,78.314722
2332,4,1,2025-09-10,Germany,Slovenia,95.15037,72.823605
2333,1,1,2025-09-09,Poland,Turkey,70.570347,95.511698
2333,2,1,2025-09-09,Lithuania,Greece,92.494488,69.343556
2333,3,1,2025-09-10,Finland,Georgia,94.104038,90.227391
2333,4,1,2025-09-10,Germany,Slovenia,111.56355,75.881157
2334,1,1,2025-09-09,Poland,Turkey,63.36754,80.567436
2334,2,1,2025-09-09,Lithuania,Greece,85.388527,59.300076
2334,3,1,2025-09-10,Finland,Georgia,76.274008,56.995963
2334,4,1,2025-09-10,Germany,Slovenia,123.86895,98.018376
2335,1,1,2025-09-09,Poland,Turkey,77.07478,94.011328
2335,2,1,2025-09-09,Lithuania,Greece,77.212935,70.267619
2335,3,1,2025-09-10,Finland,Georgia,107.43448,72.267543
2335,4,1,2025-09-10,Germany,Slovenia,97.83279,75.202031
2336,1,1,2025-09-09,Poland,Turkey,98.470191,79.956815
2336,2,1,2025-09-09,Lithuania,Greece,77.009483,89.487363
2336,3,1,2025-09-10,Finland,Georgia,96.72363,74.713091
2336,4,1,2025-09-10,Germany,Slovenia,109.74771,88.005749
2337,1,1,2025-09-09,Poland,Turkey,72.796824,92.000617
2337,2,1,2025-09-09,Lithuania,Greece,113.88268,65.905632
2337,3,1,2025-09-10,Finland,Georgia,91.865393,83.490691
2337,4,1,2025-09-10,Germany,Slovenia,95.567259,87.14588
2338,1,1,2025-09-09,Poland,Turkey,104.03483,72.554705
2338,2,1,2025-09-09,Lithuania,Greece,94.36214,80.398864
2338,3,1,2025-09-10,Finland,Georgia,111.2409,74.407066
2338,4,1,2025-09-10,Germany,Slovenia,121.45526,101.9225
2339,1,1,2025-09-09,Poland,Turkey,30.750077,73.951828
2339,2,1,2025-09-09,Lithuania,Greece,92.025947,69.909054
2339,3,1,2025-09-10,Finland,Georgia,87.394898,69.000126
2339,4,1,2025-09-10,Germany,Slovenia,97.315309,70.368918
2340,1,1,2025-09-09,Poland,Turkey,78.707929,83.160598
2340,2,1,2025-09-09,Lithuania,Greece,75.482574,81.226847
2340,3,1,2025-09-10,Finland,Georgia,112.56649,68.969888
2340,4,1,2025-09-10,Germany,Slovenia,102.28439,102.03425
2341,1,1,2025-09-09,Poland,Turkey,58.405817,77.669783
2341,2,1,2025-09-09,Lithuania,Greece,97.357431,74.183217
2341,3,1,2025-09-10,Finland,Georgia,95.695812,71.11062
2341,4,1,2025-09-10,Germany,Slovenia,95.351925,82.746196
2342,1,1,2025-09-09,Poland,Turkey,77.987225,82.186333
2342,2,1,2025-09-09,Lithuania,Greece,97.538447,65.98787
2342,3,1,2025-09-10,Finland,Georgia,99.684119,73.583825
2342,4,1,2025-09-10,Germany,Slovenia,119.57685,89.079144
2343,1,1,2025-09-09,Poland,Turkey,89.768586,105.69918
2343,2,1,2025-09-09,Lithuania,Greece,82.678797,71.284669
2343,3,1,2025-09-10,Finland,Georgia,100.06201,90.078171
2343,4,1,2025-09-10,Germany,Slovenia,99.319682,85.488056
2344,1,1,2025-09-09,Poland,Turkey,74.694221,85.483489
2344,2,1,2025-09-09,Lithuania,Greece,101.13329,100.81546
2344,3,1,2025-09-10,Finland,Georgia,106.00677,74.194871
2344,4,1,2025-09-10,Germany,Slovenia,113.86318,87.845078
2345,1,1,2025-09-09,Poland,Turkey,63.565807,100.1782
2345,2,1,2025-09-09,Lithuania,Greece,92.01903,86.140459
2345,3,1,2025-09-10,Finland,Georgia,95.70201,62.264963
2345,4,1,2025-09-10,Germany,Slovenia,101.14441,78.554085
2346,1,1,2025-09-09,Poland,Turkey,57.039026,71.146923
2346,2,1,2025-09-09,Lithuania,Greece,96.614324,84.19972
2346,3,1,2025-09-10,Finland,Georgia,84.931147,52.047115
2346,4,1,2025-09-10,Germany,Slovenia,89.376454,75.526471
2347,1,1,2025-09-09,Poland,Turkey,78.775843,78.607184
2347,2,1,2025-09-09,Lithuania,Greece,94.517667,78.511562
2347,3,1,2025-09-10,Finland,Georgia,106.53413,71.447374
2347,4,1,2025-09-10,Germany,Slovenia,90.730959,77.830324
2348,1,1,2025-09-09,Poland,Turkey,85.47086,72.143976
2348,2,1,2025-09-09,Lithuania,Greece,86.667214,75.370067
2348,3,1,2025-09-10,Finland,Georgia,115.49717,93.222536
2348,4,1,2025-09-10,Germany,Slovenia,111.79765,84.472524
2349,1,1,2025-09-09,Poland,Turkey,80.153553,104.09335
2349,2,1,2025-09-09,Lithuania,Greece,83.335723,68.39513
2349,3,1,2025-09-10,Finland,Georgia,87.794056,77.721304
2349,4,1,2025-09-10,Germany,Slovenia,104.6023,80.152492
2350,1,1,2025-09-09,Poland,Turkey,79.817876,104.7245
2350,2,1,2025-09-09,Lithuania,Greece,77.067225,77.97318
2350,3,1,2025-09-10,Finland,Georgia,115.66979,65.693065
2350,4,1,2025-09-10,Germany,Slovenia,72.035057,60.523826
2351,1,1,2025-09-09,Poland,Turkey,90.108134,92.104863
2351,2,1,2025-09-09,Lithuania,Greece,84.597728,77.669303
2351,3,1,2025-09-10,Finland,Georgia,99.389727,79.002155
2351,4,1,2025-09-10,Germany,Slovenia,90.347608,92.150616
2352,1,1,2025-09-09,Poland,Turkey,75.491752,95.995961
2352,2,1,2025-09-09,Lithuania,Greece,82.239069,83.259037
2352,3,1,2025-09-10,Finland,Georgia,92.369114,83.46948
2352,4,1,2025-09-10,Germany,Slovenia,93.537581,83.809351
2353,1,1,2025-09-09,Poland,Turkey,75.143381,94.963757
2353,2,1,2025-09-09,Lithuania,Greece,88.940542,84.889397
2353,3,1,2025-09-10,Finland,Georgia,91.567883,52.811034
2353,4,1,2025-09-10,Germany,Slovenia,131.65036,121.32216
2354,1,1,2025-09-09,Poland,Turkey,94.652388,82.398332
2354,2,1,2025-09-09,Lithuania,Greece,91.938321,83.417491
2354,3,1,2025-09-10,Finland,Georgia,83.4425,58.206458
2354,4,1,2025-09-10,Germany,Slovenia,116.15721,98.523432
2355,1,1,2025-09-09,Poland,Turkey,69.801943,84.507851
2355,2,1,2025-09-09,Lithuania,Greece,89.676673,69.998838
2355,3,1,2025-09-10,Finland,Georgia,79.448671,65.495177
2355,4,1,2025-09-10,Germany,Slovenia,138.19096,93.812994
2356,1,1,2025-09-09,Poland,Turkey,77.381417,88.296881
2356,2,1,2025-09-09,Lithuania,Greece,96.574166,77.244719
2356,3,1,2025-09-10,Finland,Georgia,92.857144,62.048934
2356,4,1,2025-09-10,Germany,Slovenia,102.56754,95.718763
2357,1,1,2025-09-09,Poland,Turkey,64.564256,65.664434
2357,2,1,2025-09-09,Lithuania,Greece,94.43787,70.816238
2357,3,1,2025-09-10,Finland,Georgia,99.610401,67.496829
2357,4,1,2025-09-10,Germany,Slovenia,92.794622,67.579493
2358,1,1,2025-09-09,Poland,Turkey,59.446164,85.656443
2358,2,1,2025-09-09,Lithuania,Greece,94.198376,88.416961
2358,3,1,2025-09-10,Finland,Georgia,104.96534,83.25737
2358,4,1,2025-09-10,Germany,Slovenia,92.992895,73.899552
2359,1,1,2025-09-09,Poland,Turkey,75.039667,99.400573
2359,2,1,2025-09-09,Lithuania,Greece,107.83971,66.540706
2359,3,1,2025-09-10,Finland,Georgia,113.09325,68.338277
2359,4,1,2025-09-10,Germany,Slovenia,108.64249,109.68984
2360,1,1,2025-09-09,Poland,Turkey,66.984737,78.473181
2360,2,1,2025-09-09,Lithuania,Greece,77.71081,75.584962
2360,3,1,2025-09-10,Finland,Georgia,129.55513,57.954719
2360,4,1,2025-09-10,Germany,Slovenia,90.924483,82.166148
2361,1,1,2025-09-09,Poland,Turkey,95.2448,104.88185
2361,2,1,2025-09-09,Lithuania,Greece,94.716341,78.365152
2361,3,1,2025-09-10,Finland,Georgia,94.131207,74.316665
2361,4,1,2025-09-10,Germany,Slovenia,116.64104,87.940627
2362,1,1,2025-09-09,Poland,Turkey,62.369469,86.601689
2362,2,1,2025-09-09,Lithuania,Greece,93.302826,86.851041
2362,3,1,2025-09-10,Finland,Georgia,98.667261,89.447888
2362,4,1,2025-09-10,Germany,Slovenia,120.69562,81.107021
2363,1,1,2025-09-09,Poland,Turkey,64.559993,88.229752
2363,2,1,2025-09-09,Lithuania,Greece,62.063438,60.173672
2363,3,1,2025-09-10,Finland,Georgia,101.14018,75.313502
2363,4,1,2025-09-10,Germany,Slovenia,119.29169,91.433925
2364,1,1,2025-09-09,Poland,Turkey,53.554686,87.152445
2364,2,1,2025-09-09,Lithuania,Greece,93.992367,84.041861
2364,3,1,2025-09-10,Finland,Georgia,76.949112,72.987032
2364,4,1,2025-09-10,Germany,Slovenia,116.75961,83.754395
2365,1,1,2025-09-09,Poland,Turkey,57.647252,79.829749
2365,2,1,2025-09-09,Lithuania,Greece,82.933247,72.731095
2365,3,1,2025-09-10,Finland,Georgia,107.17646,72.160167
2365,4,1,2025-09-10,Germany,Slovenia,102.69066,93.459233
2366,1,1,2025-09-09,Poland,Turkey,75.078379,89.63154
2366,2,1,2025-09-09,Lithuania,Greece,66.081525,59.123279
2366,3,1,2025-09-10,Finland,Georgia,88.424803,51.917728
2366,4,1,2025-09-10,Germany,Slovenia,94.022387,78.608792
2367,1,1,2025-09-09,Poland,Turkey,89.122775,78.00725
2367,2,1,2025-09-09,Lithuania,Greece,92.539479,64.584092
2367,3,1,2025-09-10,Finland,Georgia,85.030116,94.468128
2367,4,1,2025-09-10,Germany,Slovenia,117.69459,96.092365
2368,1,1,2025-09-09,Poland,Turkey,86.816074,82.419879
2368,2,1,2025-09-09,Lithuania,Greece,85.741056,57.601194
2368,3,1,2025-09-10,Finland,Georgia,98.259086,85.660158
2368,4,1,2025-09-10,Germany,Slovenia,123.05688,95.615646
2369,1,1,2025-09-09,Poland,Turkey,63.096583,82.459071
2369,2,1,2025-09-09,Lithuania,Greece,79.836034,81.759409
2369,3,1,2025-09-10,Finland,Georgia,101.70305,85.234367
2369,4,1,2025-09-10,Germany,Slovenia,113.64412,83.985777
2370,1,1,2025-09-09,Poland,Turkey,75.503666,98.2841
2370,2,1,2025-09-09,Lithuania,Greece,90.328582,80.466804
2370,3,1,2025-09-10,Finland,Georgia,102.43424,72.566906
2370,4,1,2025-09-10,Germany,Slovenia,104.42319,73.37837
2371,1,1,2025-09-09,Poland,Turkey,50.301301,66.289417
2371,2,1,2025-09-09,Lithuania,Greece,95.240606,85.054138
2371,3,1,2025-09-10,Finland,Georgia,103.09264,66.131039
2371,4,1,2025-09-10,Germany,Slovenia,118.31125,84.082965
2372,1,1,2025-09-09,Poland,Turkey,79.103998,88.120304
2372,2,1,2025-09-09,Lithuania,Greece,91.639704,64.667711
2372,3,1,2025-09-10,Finland,Georgia,88.841615,56.546898
2372,4,1,2025-09-10,Germany,Slovenia,96.40669,84.880283
2373,1,1,2025-09-09,Poland,Turkey,87.826786,98.337606
2373,2,1,2025-09-09,Lithuania,Greece,91.847839,86.153819
2373,3,1,2025-09-10,Finland,Georgia,106.8422,76.599316
2373,4,1,2025-09-10,Germany,Slovenia,89.404878,86.515002
2374,1,1,2025-09-09,Poland,Turkey,98.909939,86.195257
2374,2,1,2025-09-09,Lithuania,Greece,81.333592,76.827568
2374,3,1,2025-09-10,Finland,Georgia,97.875164,67.426278
2374,4,1,2025-09-10,Germany,Slovenia,96.423655,88.684335
2375,1,1,2025-09-09,Poland,Turkey,80.136336,94.002597
2375,2,1,2025-09-09,Lithuania,Greece,87.820145,47.668148
2375,3,1,2025-09-10,Finland,Georgia,94.896004,82.307352
2375,4,1,2025-09-10,Germany,Slovenia,90.905381,88.505807
2376,1,1,2025-09-09,Poland,Turkey,48.799095,71.482197
2376,2,1,2025-09-09,Lithuania,Greece,124.81767,80.162068
2376,3,1,2025-09-10,Finland,Georgia,108.50048,73.028853
2376,4,1,2025-09-10,Germany,Slovenia,109.52015,91.576191
2377,1,1,2025-09-09,Poland,Turkey,53.575565,72.377457
2377,2,1,2025-09-09,Lithuania,Greece,90.059012,61.378426
2377,3,1,2025-09-10,Finland,Georgia,107.08496,88.611309
2377,4,1,2025-09-10,Germany,Slovenia,118.15515,86.361956
2378,1,1,2025-09-09,Poland,Turkey,74.246291,100.11534
2378,2,1,2025-09-09,Lithuania,Greece,96.318253,98.0396
2378,3,1,2025-09-10,Finland,Georgia,104.72239,63.790117
2378,4,1,2025-09-10,Germany,Slovenia,103.11007,83.617937
2379,1,1,2025-09-09,Poland,Turkey,65.688615,72.844686
2379,2,1,2025-09-09,Lithuania,Greece,80.242743,75.847314
2379,3,1,2025-09-10,Finland,Georgia,93.024986,69.52798
2379,4,1,2025-09-10,Germany,Slovenia,112.29277,92.986081
2380,1,1,2025-09-09,Poland,Turkey,59.568544,77.735832
2380,2,1,2025-09-09,Lithuania,Greece,103.19091,79.301829
2380,3,1,2025-09-10,Finland,Georgia,97.876717,68.527474
2380,4,1,2025-09-10,Germany,Slovenia,97.900132,78.68364
2381,1,1,2025-09-09,Poland,Turkey,93.403865,84.231025
2381,2,1,2025-09-09,Lithuania,Greece,84.979596,79.872068
2381,3,1,2025-09-10,Finland,Georgia,101.56899,82.647576
2381,4,1,2025-09-10,Germany,Slovenia,109.56481,85.804626
2382,1,1,2025-09-09,Poland,Turkey,81.702763,76.425581
2382,2,1,2025-09-09,Lithuania,Greece,93.344647,75.818958
2382,3,1,2025-09-10,Finland,Georgia,89.18971,89.075563
2382,4,1,2025-09-10,Germany,Slovenia,101.69518,91.894355
2383,1,1,2025-09-09,Poland,Turkey,65.585983,74.246231
2383,2,1,2025-09-09,Lithuania,Greece,76.947618,94.926927
2383,3,1,2025-09-10,Finland,Georgia,118.47571,79.963374
2383,4,1,2025-09-10,Germany,Slovenia,97.983453,71.977458
2384,1,1,2025-09-09,Poland,Turkey,76.592538,93.363089
2384,2,1,2025-09-09,Lithuania,Greece,72.880045,75.597466
2384,3,1,2025-09-10,Finland,Georgia,108.86704,80.551287
2384,4,1,2025-09-10,Germany,Slovenia,113.40753,80.985289
2385,1,1,2025-09-09,Poland,Turkey,67.508724,112.64484
2385,2,1,2025-09-09,Lithuania,Greece,91.385155,98.056314
2385,3,1,2025-09-10,Finland,Georgia,106.35979,82.187287
2385,4,1,2025-09-10,Germany,Slovenia,97.888435,81.744806
2386,1,1,2025-09-09,Poland,Turkey,79.70888,87.890746
2386,2,1,2025-09-09,Lithuania,Greece,70.664428,70.997618
2386,3,1,2025-09-10,Finland,Georgia,84.849861,60.947872
2386,4,1,2025-09-10,Germany,Slovenia,103.71659,92.710759
2387,1,1,2025-09-09,Poland,Turkey,64.078922,88.292638
2387,2,1,2025-09-09,Lithuania,Greece,66.370179,83.426199
2387,3,1,2025-09-10,Finland,Georgia,92.212746,59.709958
2387,4,1,2025-09-10,Germany,Slovenia,96.786047,87.295667
2388,1,1,2025-09-09,Poland,Turkey,63.07172,80.61457
2388,2,1,2025-09-09,Lithuania,Greece,89.116174,98.654285
2388,3,1,2025-09-10,Finland,Georgia,93.860346,78.087723
2388,4,1,2025-09-10,Germany,Slovenia,115.23802,89.201706
2389,1,1,2025-09-09,Poland,Turkey,70.727382,109.98639
2389,2,1,2025-09-09,Lithuania,Greece,92.067277,66.175556
2389,3,1,2025-09-10,Finland,Georgia,109.09488,92.55793
2389,4,1,2025-09-10,Germany,Slovenia,120.43558,66.807047
2390,1,1,2025-09-09,Poland,Turkey,70.715838,80.447512
2390,2,1,2025-09-09,Lithuania,Greece,82.528319,76.814995
2390,3,1,2025-09-10,Finland,Georgia,100.53384,89.579226
2390,4,1,2025-09-10,Germany,Slovenia,102.60683,83.454488
2391,1,1,2025-09-09,Poland,Turkey,75.029601,83.180958
2391,2,1,2025-09-09,Lithuania,Greece,91.52372,84.313697
2391,3,1,2025-09-10,Finland,Georgia,97.441381,92.039716
2391,4,1,2025-09-10,Germany,Slovenia,99.780604,85.327882
2392,1,1,2025-09-09,Poland,Turkey,72.91292,75.777519
2392,2,1,2025-09-09,Lithuania,Greece,93.258215,75.291714
2392,3,1,2025-09-10,Finland,Georgia,101.01866,85.585228
2392,4,1,2025-09-10,Germany,Slovenia,100.1146,90.111385
2393,1,1,2025-09-09,Poland,Turkey,59.456617,75.209437
2393,2,1,2025-09-09,Lithuania,Greece,88.682873,88.946277
2393,3,1,2025-09-10,Finland,Georgia,83.180851,77.147081
2393,4,1,2025-09-10,Germany,Slovenia,85.67378,89.55535
2394,1,1,2025-09-09,Poland,Turkey,71.415497,91.57608
2394,2,1,2025-09-09,Lithuania,Greece,99.232291,78.520468
2394,3,1,2025-09-10,Finland,Georgia,92.912914,72.597627
2394,4,1,2025-09-10,Germany,Slovenia,109.56403,90.476272
2395,1,1,2025-09-09,Poland,Turkey,82.282213,79.67686
2395,2,1,2025-09-09,Lithuania,Greece,82.572585,59.651233
2395,3,1,2025-09-10,Finland,Georgia,94.28559,67.15651
2395,4,1,2025-09-10,Germany,Slovenia,104.41124,83.040879
2396,1,1,2025-09-09,Poland,Turkey,60.423202,81.042072
2396,2,1,2025-09-09,Lithuania,Greece,87.181919,62.559885
2396,3,1,2025-09-10,Finland,Georgia,106.84004,81.747354
2396,4,1,2025-09-10,Germany,Slovenia,102.76311,95.502242
2397,1,1,2025-09-09,Poland,Turkey,71.004061,78.19191
2397,2,1,2025-09-09,Lithuania,Greece,100.1972,80.494574
2397,3,1,2025-09-10,Finland,Georgia,70.29583,56.184905
2397,4,1,2025-09-10,Germany,Slovenia,105.44998,71.057809
2398,1,1,2025-09-09,Poland,Turkey,106.44736,82.098827
2398,2,1,2025-09-09,Lithuania,Greece,89.26083,73.573833
2398,3,1,2025-09-10,Finland,Georgia,89.680562,77.483214
2398,4,1,2025-09-10,Germany,Slovenia,105.09564,94.870854
2399,1,1,2025-09-09,Poland,Turkey,76.524877,78.366014
2399,2,1,2025-09-09,Lithuania,Greece,73.693777,84.542144
2399,3,1,2025-09-10,Finland,Georgia,96.961973,73.528678
2399,4,1,2025-09-10,Germany,Slovenia,101.41496,79.190576
2400,1,1,2025-09-09,Poland,Turkey,73.264682,92.771773
2400,2,1,2025-09-09,Lithuania,Greece,99.581595,66.328659
2400,3,1,2025-09-10,Finland,Georgia,109.45101,69.328943
2400,4,1,2025-09-10,Germany,Slovenia,108.0639,74.879176
2401,1,1,2025-09-09,Poland,Turkey,76.625113,86.872423
2401,2,1,2025-09-09,Lithuania,Greece,92.936087,84.349614
2401,3,1,2025-09-10,Finland,Georgia,96.067388,67.464918
2401,4,1,2025-09-10,Germany,Slovenia,108.99053,73.411477
2402,1,1,2025-09-09,Poland,Turkey,86.016279,91.946252
2402,2,1,2025-09-09,Lithuania,Greece,83.398786,72.434262
2402,3,1,2025-09-10,Finland,Georgia,79.797731,78.717286
2402,4,1,2025-09-10,Germany,Slovenia,101.84455,90.983754
2403,1,1,2025-09-09,Poland,Turkey,89.489345,79.363701
2403,2,1,2025-09-09,Lithuania,Greece,62.401352,70.992942
2403,3,1,2025-09-10,Finland,Georgia,93.775451,74.259441
2403,4,1,2025-09-10,Germany,Slovenia,104.78332,85.177633
2404,1,1,2025-09-09,Poland,Turkey,97.0115,81.820023
2404,2,1,2025-09-09,Lithuania,Greece,67.036778,65.061461
2404,3,1,2025-09-10,Finland,Georgia,81.118563,65.754326
2404,4,1,2025-09-10,Germany,Slovenia,116.65452,77.690797
2405,1,1,2025-09-09,Poland,Turkey,66.395025,68.916013
2405,2,1,2025-09-09,Lithuania,Greece,84.154735,74.037511
2405,3,1,2025-09-10,Finland,Georgia,110.36879,59.226812
2405,4,1,2025-09-10,Germany,Slovenia,101.43139,89.95263
2406,1,1,2025-09-09,Poland,Turkey,75.638307,100.29032
2406,2,1,2025-09-09,Lithuania,Greece,76.154572,75.2738
2406,3,1,2025-09-10,Finland,Georgia,90.161999,77.155427
2406,4,1,2025-09-10,Germany,Slovenia,105.21008,85.124778
2407,1,1,2025-09-09,Poland,Turkey,69.536091,93.958348
2407,2,1,2025-09-09,Lithuania,Greece,94.636839,77.504881
2407,3,1,2025-09-10,Finland,Georgia,96.601553,64.403523
2407,4,1,2025-09-10,Germany,Slovenia,94.001929,79.710443
2408,1,1,2025-09-09,Poland,Turkey,53.035748,78.445779
2408,2,1,2025-09-09,Lithuania,Greece,88.559779,60.14017
2408,3,1,2025-09-10,Finland,Georgia,88.567106,68.736622
2408,4,1,2025-09-10,Germany,Slovenia,117.93757,98.291037
2409,1,1,2025-09-09,Poland,Turkey,82.656883,99.458173
2409,2,1,2025-09-09,Lithuania,Greece,83.687339,64.171528
2409,3,1,2025-09-10,Finland,Georgia,104.50344,83.219508
2409,4,1,2025-09-10,Germany,Slovenia,104.44454,85.451697
2410,1,1,2025-09-09,Poland,Turkey,81.674203,97.368955
2410,2,1,2025-09-09,Lithuania,Greece,70.678317,85.178503
2410,3,1,2025-09-10,Finland,Georgia,100.62008,74.258741
2410,4,1,2025-09-10,Germany,Slovenia,90.239797,94.411429
2411,1,1,2025-09-09,Poland,Turkey,67.611986,74.816452
2411,2,1,2025-09-09,Lithuania,Greece,89.959393,64.373256
2411,3,1,2025-09-10,Finland,Georgia,105.7944,81.706414
2411,4,1,2025-09-10,Germany,Slovenia,124.28097,90.709218
2412,1,1,2025-09-09,Poland,Turkey,57.844122,83.506197
2412,2,1,2025-09-09,Lithuania,Greece,86.218993,84.769606
2412,3,1,2025-09-10,Finland,Georgia,99.831795,77.811241
2412,4,1,2025-09-10,Germany,Slovenia,88.814583,72.927912
2413,1,1,2025-09-09,Poland,Turkey,65.784614,85.761454
2413,2,1,2025-09-09,Lithuania,Greece,101.89807,88.790931
2413,3,1,2025-09-10,Finland,Georgia,76.075333,70.802777
2413,4,1,2025-09-10,Germany,Slovenia,103.71466,90.448982
2414,1,1,2025-09-09,Poland,Turkey,60.868466,87.585837
2414,2,1,2025-09-09,Lithuania,Greece,101.68716,80.668864
2414,3,1,2025-09-10,Finland,Georgia,107.09273,71.270298
2414,4,1,2025-09-10,Germany,Slovenia,117.91182,106.77556
2415,1,1,2025-09-09,Poland,Turkey,77.836353,100.66801
2415,2,1,2025-09-09,Lithuania,Greece,89.719807,82.483669
2415,3,1,2025-09-10,Finland,Georgia,64.428862,88.322207
2415,4,1,2025-09-10,Germany,Slovenia,98.306389,91.616924
2416,1,1,2025-09-09,Poland,Turkey,82.062637,88.167124
2416,2,1,2025-09-09,Lithuania,Greece,82.094404,61.402228
2416,3,1,2025-09-10,Finland,Georgia,95.351422,67.84884
2416,4,1,2025-09-10,Germany,Slovenia,109.39835,84.930214
2417,1,1,2025-09-09,Poland,Turkey,65.075988,82.317762
2417,2,1,2025-09-09,Lithuania,Greece,98.524894,85.538031
2417,3,1,2025-09-10,Finland,Georgia,109.34332,92.848898
2417,4,1,2025-09-10,Germany,Slovenia,87.016362,72.750093
2418,1,1,2025-09-09,Poland,Turkey,89.045942,103.92593
2418,2,1,2025-09-09,Lithuania,Greece,77.183752,77.701392
2418,3,1,2025-09-10,Finland,Georgia,95.739745,88.240772
2418,4,1,2025-09-10,Germany,Slovenia,109.57701,79.427233
2419,1,1,2025-09-09,Poland,Turkey,79.876163,90.434825
2419,2,1,2025-09-09,Lithuania,Greece,104.40003,97.650464
2419,3,1,2025-09-10,Finland,Georgia,96.950512,87.40216
2419,4,1,2025-09-10,Germany,Slovenia,94.880801,82.001686
2420,1,1,2025-09-09,Poland,Turkey,94.546183,82.862578
2420,2,1,2025-09-09,Lithuania,Greece,80.741059,73.0292
2420,3,1,2025-09-10,Finland,Georgia,101.30175,79.812192
2420,4,1,2025-09-10,Germany,Slovenia,107.64197,75.061792
2421,1,1,2025-09-09,Poland,Turkey,92.483562,97.616274
2421,2,1,2025-09-09,Lithuania,Greece,88.971646,85.473894
2421,3,1,2025-09-10,Finland,Georgia,62.082465,54.482189
2421,4,1,2025-09-10,Germany,Slovenia,95.330827,80.007113
2422,1,1,2025-09-09,Poland,Turkey,81.969471,77.246404
2422,2,1,2025-09-09,Lithuania,Greece,102.35158,67.349404
2422,3,1,2025-09-10,Finland,Georgia,99.998473,80.258001
2422,4,1,2025-09-10,Germany,Slovenia,98.350207,93.659197
2423,1,1,2025-09-09,Poland,Turkey,77.703653,90.795662
2423,2,1,2025-09-09,Lithuania,Greece,82.925617,77.845791
2423,3,1,2025-09-10,Finland,Georgia,113.31883,92.766715
2423,4,1,2025-09-10,Germany,Slovenia,102.68557,79.726818
2424,1,1,2025-09-09,Poland,Turkey,92.550226,96.609008
2424,2,1,2025-09-09,Lithuania,Greece,88.919966,82.927105
2424,3,1,2025-09-10,Finland,Georgia,90.787422,80.217547
2424,4,1,2025-09-10,Germany,Slovenia,107.45807,75.784376
2425,1,1,2025-09-09,Poland,Turkey,81.464901,83.595664
2425,2,1,2025-09-09,Lithuania,Greece,78.992701,56.533016
2425,3,1,2025-09-10,Finland,Georgia,96.102975,77.625638
2425,4,1,2025-09-10,Germany,Slovenia,100.76323,91.609218
2426,1,1,2025-09-09,Poland,Turkey,70.390394,77.483832
2426,2,1,2025-09-09,Lithuania,Greece,105.93583,83.411208
2426,3,1,2025-09-10,Finland,Georgia,115.56818,87.80941
2426,4,1,2025-09-10,Germany,Slovenia,111.73812,80.086962
2427,1,1,2025-09-09,Poland,Turkey,83.434762,73.954574
2427,2,1,2025-09-09,Lithuania,Greece,87.889332,75.090178
2427,3,1,2025-09-10,Finland,Georgia,90.611768,66.325774
2427,4,1,2025-09-10,Germany,Slovenia,107.70089,90.822169
2428,1,1,2025-09-09,Poland,Turkey,70.628909,88.596071
2428,2,1,2025-09-09,Lithuania,Greece,61.644999,72.38872
2428,3,1,2025-09-10,Finland,Georgia,109.38244,69.828735
2428,4,1,2025-09-10,Germany,Slovenia,97.068809,69.046489
2429,1,1,2025-09-09,Poland,Turkey,81.383544,88.42415
2429,2,1,2025-09-09,Lithuania,Greece,91.108905,86.753833
2429,3,1,2025-09-10,Finland,Georgia,89.425269,69.618629
2429,4,1,2025-09-10,Germany,Slovenia,94.162411,85.272942
2430,1,1,2025-09-09,Poland,Turkey,71.940087,78.470799
2430,2,1,2025-09-09,Lithuania,Greece,87.121923,69.718484
2430,3,1,2025-09-10,Finland,Georgia,103.47435,80.713021
2430,4,1,2025-09-10,Germany,Slovenia,103.85972,81.527582
2431,1,1,2025-09-09,Poland,Turkey,69.412073,88.457688
2431,2,1,2025-09-09,Lithuania,Greece,88.453614,61.654621
2431,3,1,2025-09-10,Finland,Georgia,88.950761,74.310199
2431,4,1,2025-09-10,Germany,Slovenia,94.194933,79.218804
2432,1,1,2025-09-09,Poland,Turkey,42.527449,83.832082
2432,2,1,2025-09-09,Lithuania,Greece,85.518289,53.628294
2432,3,1,2025-09-10,Finland,Georgia,110.77332,83.55183
2432,4,1,2025-09-10,Germany,Slovenia,120.9647,84.880657
2433,1,1,2025-09-09,Poland,Turkey,92.061385,82.368142
2433,2,1,2025-09-09,Lithuania,Greece,105.00368,80.968357
2433,3,1,2025-09-10,Finland,Georgia,81.039393,66.242868
2433,4,1,2025-09-10,Germany,Slovenia,128.73259,89.386899
2434,1,1,2025-09-09,Poland,Turkey,79.015994,86.41682
2434,2,1,2025-09-09,Lithuania,Greece,76.018105,73.49514
2434,3,1,2025-09-10,Finland,Georgia,109.04718,85.12177
2434,4,1,2025-09-10,Germany,Slovenia,94.695434,93.66796
2435,1,1,2025-09-09,Poland,Turkey,87.47166,87.714733
2435,2,1,2025-09-09,Lithuania,Greece,62.529903,84.006075
2435,3,1,2025-09-10,Finland,Georgia,95.809197,67.5777
2435,4,1,2025-09-10,Germany,Slovenia,96.968967,62.001287
2436,1,1,2025-09-09,Poland,Turkey,42.018086,89.307059
2436,2,1,2025-09-09,Lithuania,Greece,84.577173,82.353656
2436,3,1,2025-09-10,Finland,Georgia,94.923915,73.568997
2436,4,1,2025-09-10,Germany,Slovenia,98.112876,97.514861
2437,1,1,2025-09-09,Poland,Turkey,79.617356,76.138399
2437,2,1,2025-09-09,Lithuania,Greece,68.158126,65.796946
2437,3,1,2025-09-10,Finland,Georgia,108.8046,92.448683
2437,4,1,2025-09-10,Germany,Slovenia,97.839787,95.935332
2438,1,1,2025-09-09,Poland,Turkey,79.254237,94.650694
2438,2,1,2025-09-09,Lithuania,Greece,97.104775,76.990566
2438,3,1,2025-09-10,Finland,Georgia,92.471234,80.888598
2438,4,1,2025-09-10,Germany,Slovenia,101.60129,92.00056
2439,1,1,2025-09-09,Poland,Turkey,75.510472,103.69301
2439,2,1,2025-09-09,Lithuania,Greece,89.452575,86.156477
2439,3,1,2025-09-10,Finland,Georgia,106.4598,86.73893
2439,4,1,2025-09-10,Germany,Slovenia,99.075907,84.698345
2440,1,1,2025-09-09,Poland,Turkey,84.46822,91.827892
2440,2,1,2025-09-09,Lithuania,Greece,80.741155,72.944306
2440,3,1,2025-09-10,Finland,Georgia,93.679431,69.841453
2440,4,1,2025-09-10,Germany,Slovenia,106.09276,94.356808
2441,1,1,2025-09-09,Poland,Turkey,68.914218,85.911143
2441,2,1,2025-09-09,Lithuania,Greece,85.452445,75.681914
2441,3,1,2025-09-10,Finland,Georgia,97.170205,71.077352
2441,4,1,2025-09-10,Germany,Slovenia,101.75931,85.645322
2442,1,1,2025-09-09,Poland,Turkey,71.641264,85.097965
2442,2,1,2025-09-09,Lithuania,Greece,80.809407,88.329152
2442,3,1,2025-09-10,Finland,Georgia,115.41364,88.467691
2442,4,1,2025-09-10,Germany,Slovenia,117.74483,84.593482
2443,1,1,2025-09-09,Poland,Turkey,88.890823,117.15677
2443,2,1,2025-09-09,Lithuania,Greece,91.114809,62.805287
2443,3,1,2025-09-10,Finland,Georgia,104.92867,87.607504
2443,4,1,2025-09-10,Germany,Slovenia,97.480748,74.396588
2444,1,1,2025-09-09,Poland,Turkey,70.460477,105.57598
2444,2,1,2025-09-09,Lithuania,Greece,85.118512,87.538142
2444,3,1,2025-09-10,Finland,Georgia,76.92803,59.335388
2444,4,1,2025-09-10,Germany,Slovenia,103.61027,101.28059
2445,1,1,2025-09-09,Poland,Turkey,86.1037,91.523408
2445,2,1,2025-09-09,Lithuania,Greece,93.542892,85.215145
2445,3,1,2025-09-10,Finland,Georgia,94.069734,76.300042
2445,4,1,2025-09-10,Germany,Slovenia,84.001288,71.892738
2446,1,1,2025-09-09,Poland,Turkey,72.568286,94.430641
2446,2,1,2025-09-09,Lithuania,Greece,90.938336,85.517697
2446,3,1,2025-09-10,Finland,Georgia,92.412487,86.707458
2446,4,1,2025-09-10,Germany,Slovenia,105.3253,84.936663
2447,1,1,2025-09-09,Poland,Turkey,82.385269,74.476854
2447,2,1,2025-09-09,Lithuania,Greece,86.566738,83.681198
2447,3,1,2025-09-10,Finland,Georgia,121.97837,92.080012
2447,4,1,2025-09-10,Germany,Slovenia,92.815574,75.365617
2448,1,1,2025-09-09,Poland,Turkey,88.221686,94.710451
2448,2,1,2025-09-09,Lithuania,Greece,92.422906,79.709075
2448,3,1,2025-09-10,Finland,Georgia,93.117496,103.11423
2448,4,1,2025-09-10,Germany,Slovenia,99.942646,72.951549
2449,1,1,2025-09-09,Poland,Turkey,80.739987,90.664362
2449,2,1,2025-09-09,Lithuania,Greece,84.172969,84.731607
2449,3,1,2025-09-10,Finland,Georgia,84.927086,74.621726
2449,4,1,2025-09-10,Germany,Slovenia,111.6644,81.630539
2450,1,1,2025-09-09,Poland,Turkey,64.011063,97.014315
2450,2,1,2025-09-09,Lithuania,Greece,75.899598,66.410367
2450,3,1,2025-09-10,Finland,Georgia,97.611491,71.008384
2450,4,1,2025-09-10,Germany,Slovenia,94.472039,86.429569
2451,1,1,2025-09-09,Poland,Turkey,87.074732,92.678555
2451,2,1,2025-09-09,Lithuania,Greece,79.624078,65.65126
2451,3,1,2025-09-10,Finland,Georgia,82.09631,65.2269
2451,4,1,2025-09-10,Germany,Slovenia,97.667763,66.381703
2452,1,1,2025-09-09,Poland,Turkey,81.956115,85.439978
2452,2,1,2025-09-09,Lithuania,Greece,101.36665,87.93318
2452,3,1,2025-09-10,Finland,Georgia,96.317962,65.887351
2452,4,1,2025-09-10,Germany,Slovenia,119.22573,84.120022
2453,1,1,2025-09-09,Poland,Turkey,68.330734,108.84596
2453,2,1,2025-09-09,Lithuania,Greece,82.777541,84.116733
2453,3,1,2025-09-10,Finland,Georgia,97.901022,76.830714
2453,4,1,2025-09-10,Germany,Slovenia,99.974388,78.450564
2454,1,1,2025-09-09,Poland,Turkey,70.116285,74.272738
2454,2,1,2025-09-09,Lithuania,Greece,71.608327,78.900705
2454,3,1,2025-09-10,Finland,Georgia,100.28143,78.147851
2454,4,1,2025-09-10,Germany,Slovenia,78.817659,81.876832
2455,1,1,2025-09-09,Poland,Turkey,79.46209,85.25191
2455,2,1,2025-09-09,Lithuania,Greece,96.412573,89.347066
2455,3,1,2025-09-10,Finland,Georgia,93.333685,82.271744
2455,4,1,2025-09-10,Germany,Slovenia,104.86285,89.694568
2456,1,1,2025-09-09,Poland,Turkey,77.823188,84.581551
2456,2,1,2025-09-09,Lithuania,Greece,97.601028,92.146949
2456,3,1,2025-09-10,Finland,Georgia,91.710017,61.928093
2456,4,1,2025-09-10,Germany,Slovenia,90.442067,79.031043
2457,1,1,2025-09-09,Poland,Turkey,62.95414,93.442993
2457,2,1,2025-09-09,Lithuania,Greece,81.518264,69.159231
2457,3,1,2025-09-10,Finland,Georgia,77.006386,87.32195
2457,4,1,2025-09-10,Germany,Slovenia,100.67397,84.211029
2458,1,1,2025-09-09,Poland,Turkey,58.137535,91.961638
2458,2,1,2025-09-09,Lithuania,Greece,78.230123,91.907506
2458,3,1,2025-09-10,Finland,Georgia,87.458286,68.891275
2458,4,1,2025-09-10,Germany,Slovenia,104.65207,83.551797
2459,1,1,2025-09-09,Poland,Turkey,90.064513,82.140603
2459,2,1,2025-09-09,Lithuania,Greece,92.268066,88.113887
2459,3,1,2025-09-10,Finland,Georgia,102.77578,67.556551
2459,4,1,2025-09-10,Germany,Slovenia,102.38184,76.863402
2460,1,1,2025-09-09,Poland,Turkey,74.942554,71.85615
2460,2,1,2025-09-09,Lithuania,Greece,95.974483,72.932182
2460,3,1,2025-09-10,Finland,Georgia,121.03112,91.775244
2460,4,1,2025-09-10,Germany,Slovenia,96.228225,86.488338
2461,1,1,2025-09-09,Poland,Turkey,83.23899,84.322525
2461,2,1,2025-09-09,Lithuania,Greece,64.46944,71.406083
2461,3,1,2025-09-10,Finland,Georgia,79.011002,74.755981
2461,4,1,2025-09-10,Germany,Slovenia,97.414936,67.898914
2462,1,1,2025-09-09,Poland,Turkey,91.79269,91.511452
2462,2,1,2025-09-09,Lithuania,Greece,72.471731,73.728606
2462,3,1,2025-09-10,Finland,Georgia,88.956695,44.219493
2462,4,1,2025-09-10,Germany,Slovenia,113.05516,92.917917
2463,1,1,2025-09-09,Poland,Turkey,86.458865,79.699007
2463,2,1,2025-09-09,Lithuania,Greece,85.256477,91.86097
2463,3,1,2025-09-10,Finland,Georgia,110.11319,67.383382
2463,4,1,2025-09-10,Germany,Slovenia,100.71205,70.404684
2464,1,1,2025-09-09,Poland,Turkey,85.281435,103.89407
2464,2,1,2025-09-09,Lithuania,Greece,93.168456,80.877298
2464,3,1,2025-09-10,Finland,Georgia,94.077379,87.782223
2464,4,1,2025-09-10,Germany,Slovenia,79.484901,73.063379
2465,1,1,2025-09-09,Poland,Turkey,63.142735,77.672202
2465,2,1,2025-09-09,Lithuania,Greece,82.814873,81.2161
2465,3,1,2025-09-10,Finland,Georgia,102.58432,80.080523
2465,4,1,2025-09-10,Germany,Slovenia,95.718728,84.13142
2466,1,1,2025-09-09,Poland,Turkey,69.537296,82.665112
2466,2,1,2025-09-09,Lithuania,Greece,80.525939,75.750586
2466,3,1,2025-09-10,Finland,Georgia,103.67271,70.903066
2466,4,1,2025-09-10,Germany,Slovenia,100.90732,73.069848
2467,1,1,2025-09-09,Poland,Turkey,83.931503,92.940747
2467,2,1,2025-09-09,Lithuania,Greece,71.527677,67.728879
2467,3,1,2025-09-10,Finland,Georgia,85.219915,65.585452
2467,4,1,2025-09-10,Germany,Slovenia,101.77903,107.83777
2468,1,1,2025-09-09,Poland,Turkey,71.152098,93.5937
2468,2,1,2025-09-09,Lithuania,Greece,66.500209,80.658464
2468,3,1,2025-09-10,Finland,Georgia,101.70895,85.215248
2468,4,1,2025-09-10,Germany,Slovenia,113.61633,94.397594
2469,1,1,2025-09-09,Poland,Turkey,85.098306,103.55384
2469,2,1,2025-09-09,Lithuania,Greece,90.509672,86.365859
2469,3,1,2025-09-10,Finland,Georgia,93.29871,72.351692
2469,4,1,2025-09-10,Germany,Slovenia,102.53914,86.659182
2470,1,1,2025-09-09,Poland,Turkey,79.071888,79.377891
2470,2,1,2025-09-09,Lithuania,Greece,90.465889,84.465002
2470,3,1,2025-09-10,Finland,Georgia,104.42429,83.708676
2470,4,1,2025-09-10,Germany,Slovenia,103.80534,87.153749
2471,1,1,2025-09-09,Poland,Turkey,90.320493,103.26213
2471,2,1,2025-09-09,Lithuania,Greece,72.176065,51.639905
2471,3,1,2025-09-10,Finland,Georgia,92.692312,98.19276
2471,4,1,2025-09-10,Germany,Slovenia,103.16989,73.031059
2472,1,1,2025-09-09,Poland,Turkey,85.099587,94.917761
2472,2,1,2025-09-09,Lithuania,Greece,98.392594,69.904361
2472,3,1,2025-09-10,Finland,Georgia,83.010719,80.966487
2472,4,1,2025-09-10,Germany,Slovenia,93.702953,70.297545
2473,1,1,2025-09-09,Poland,Turkey,67.120556,99.689831
2473,2,1,2025-09-09,Lithuania,Greece,97.94342,65.493772
2473,3,1,2025-09-10,Finland,Georgia,100.19662,75.942276
2473,4,1,2025-09-10,Germany,Slovenia,113.47941,83.480911
2474,1,1,2025-09-09,Poland,Turkey,77.350335,81.066698
2474,2,1,2025-09-09,Lithuania,Greece,87.647895,76.297457
2474,3,1,2025-09-10,Finland,Georgia,74.058422,78.946261
2474,4,1,2025-09-10,Germany,Slovenia,105.69402,82.675882
2475,1,1,2025-09-09,Poland,Turkey,57.341737,87.361653
2475,2,1,2025-09-09,Lithuania,Greece,87.096235,45.292715
2475,3,1,2025-09-10,Finland,Georgia,106.71561,70.314429
2475,4,1,2025-09-10,Germany,Slovenia,107.62107,84.21702
2476,1,1,2025-09-09,Poland,Turkey,79.104335,81.029018
2476,2,1,2025-09-09,Lithuania,Greece,100.54498,93.917217
2476,3,1,2025-09-10,Finland,Georgia,97.720662,74.545333
2476,4,1,2025-09-10,Germany,Slovenia,111.15364,81.878059
2477,1,1,2025-09-09,Poland,Turkey,68.73894,89.243294
2477,2,1,2025-09-09,Lithuania,Greece,85.699185,78.742457
2477,3,1,2025-09-10,Finland,Georgia,104.43862,77.35759
2477,4,1,2025-09-10,Germany,Slovenia,90.328811,64.020449
2478,1,1,2025-09-09,Poland,Turkey,74.644793,80.291897
2478,2,1,2025-09-09,Lithuania,Greece,85.738555,94.77472
2478,3,1,2025-09-10,Finland,Georgia,102.9594,86.517808
2478,4,1,2025-09-10,Germany,Slovenia,125.73203,89.441257
2479,1,1,2025-09-09,Poland,Turkey,85.445968,90.831858
2479,2,1,2025-09-09,Lithuania,Greece,70.240979,69.119761
2479,3,1,2025-09-10,Finland,Georgia,82.970499,73.397574
2479,4,1,2025-09-10,Germany,Slovenia,96.661479,84.844172
2480,1,1,2025-09-09,Poland,Turkey,87.228432,79.447567
2480,2,1,2025-09-09,Lithuania,Greece,81.02785,73.690514
2480,3,1,2025-09-10,Finland,Georgia,117.03405,61.342281
2480,4,1,2025-09-10,Germany,Slovenia,113.50992,73.953196
2481,1,1,2025-09-09,Poland,Turkey,63.939986,78.485704
2481,2,1,2025-09-09,Lithuania,Greece,67.029651,58.211211
2481,3,1,2025-09-10,Finland,Georgia,101.40321,107.16392
2481,4,1,2025-09-10,Germany,Slovenia,110.59635,93.446816
2482,1,1,2025-09-09,Poland,Turkey,90.494618,108.81005999999999
2482,2,1,2025-09-09,Lithuania,Greece,94.549384,81.733608
2482,3,1,2025-09-10,Finland,Georgia,117.32737,67.358231
2482,4,1,2025-09-10,Germany,Slovenia,106.53794,98.514432
2483,1,1,2025-09-09,Poland,Turkey,65.204259,94.81812
2483,2,1,2025-09-09,Lithuania,Greece,100.04165,82.683059
2483,3,1,2025-09-10,Finland,Georgia,118.54378,65.872271
2483,4,1,2025-09-10,Germany,Slovenia,107.48124,77.606045
2484,1,1,2025-09-09,Poland,Turkey,83.279623,85.494524
2484,2,1,2025-09-09,Lithuania,Greece,84.565101,96.514958
2484,3,1,2025-09-10,Finland,Georgia,89.320784,75.856869
2484,4,1,2025-09-10,Germany,Slovenia,121.29748,91.23431
2485,1,1,2025-09-09,Poland,Turkey,76.705301,90.43509
2485,2,1,2025-09-09,Lithuania,Greece,94.748259,73.571482
2485,3,1,2025-09-10,Finland,Georgia,89.631163,52.492705
2485,4,1,2025-09-10,Germany,Slovenia,99.818279,75.819431
2486,1,1,2025-09-09,Poland,Turkey,67.705783,89.785345
2486,2,1,2025-09-09,Lithuania,Greece,92.219719,74.23852
2486,3,1,2025-09-10,Finland,Georgia,87.671075,80.641589
2486,4,1,2025-09-10,Germany,Slovenia,98.126271,85.282933
2487,1,1,2025-09-09,Poland,Turkey,81.420631,101.70454
2487,2,1,2025-09-09,Lithuania,Greece,102.80587,79.253796
2487,3,1,2025-09-10,Finland,Georgia,117.90209,73.593228
2487,4,1,2025-09-10,Germany,Slovenia,120.93142,91.393695
2488,1,1,2025-09-09,Poland,Turkey,64.93597,82.587973
2488,2,1,2025-09-09,Lithuania,Greece,75.282739,78.298464
2488,3,1,2025-09-10,Finland,Georgia,93.916516,80.627762
2488,4,1,2025-09-10,Germany,Slovenia,100.55531,88.998728
2489,1,1,2025-09-09,Poland,Turkey,84.443051,85.174597
2489,2,1,2025-09-09,Lithuania,Greece,81.126518,79.86726
2489,3,1,2025-09-10,Finland,Georgia,114.95118,91.287404
2489,4,1,2025-09-10,Germany,Slovenia,97.407168,79.315276
2490,1,1,2025-09-09,Poland,Turkey,67.724521,89.468526
2490,2,1,2025-09-09,Lithuania,Greece,88.134311,70.011231
2490,3,1,2025-09-10,Finland,Georgia,93.660378,76.388944
2490,4,1,2025-09-10,Germany,Slovenia,100.34739,99.235769
2491,1,1,2025-09-09,Poland,Turkey,77.62949,93.941462
2491,2,1,2025-09-09,Lithuania,Greece,71.660671,62.734004
2491,3,1,2025-09-10,Finland,Georgia,111.94082,88.219773
2491,4,1,2025-09-10,Germany,Slovenia,100.85511,87.308182
2492,1,1,2025-09-09,Poland,Turkey,86.422342,99.758383
2492,2,1,2025-09-09,Lithuania,Greece,92.362304,70.304942
2492,3,1,2025-09-10,Finland,Georgia,95.036514,85.128186
2492,4,1,2025-09-10,Germany,Slovenia,98.443624,77.636542
2493,1,1,2025-09-09,Poland,Turkey,77.037102,83.290844
2493,2,1,2025-09-09,Lithuania,Greece,84.1728,93.031663
2493,3,1,2025-09-10,Finland,Georgia,67.898882,70.449752
2493,4,1,2025-09-10,Germany,Slovenia,101.18587,84.845617
2494,1,1,2025-09-09,Poland,Turkey,78.930826,94.297807
2494,2,1,2025-09-09,Lithuania,Greece,75.645335,73.502676
2494,3,1,2025-09-10,Finland,Georgia,110.41745,67.290345
2494,4,1,2025-09-10,Germany,Slovenia,117.18895,92.443242
2495,1,1,2025-09-09,Poland,Turkey,81.923595,65.919228
2495,2,1,2025-09-09,Lithuania,Greece,87.261966,65.733607
2495,3,1,2025-09-10,Finland,Georgia,84.0094,51.181665
2495,4,1,2025-09-10,Germany,Slovenia,99.15636,85.426202
2496,1,1,2025-09-09,Poland,Turkey,95.624569,104.07773
2496,2,1,2025-09-09,Lithuania,Greece,90.382535,64.00108
2496,3,1,2025-09-10,Finland,Georgia,75.62722,50.01689
2496,4,1,2025-09-10,Germany,Slovenia,110.79626,91.230075
2497,1,1,2025-09-09,Poland,Turkey,74.853328,84.106549
2497,2,1,2025-09-09,Lithuania,Greece,86.856736,67.480178
2497,3,1,2025-09-10,Finland,Georgia,116.09866,66.401106
2497,4,1,2025-09-10,Germany,Slovenia,105.37198,91.615088
2498,1,1,2025-09-09,Poland,Turkey,76.405588,88.807145
2498,2,1,2025-09-09,Lithuania,Greece,86.843769,73.551657
2498,3,1,2025-09-10,Finland,Georgia,83.577715,77.931887
2498,4,1,2025-09-10,Germany,Slovenia,92.929036,91.209315
2499,1,1,2025-09-09,Poland,Turkey,83.157546,64.006125
2499,2,1,2025-09-09,Lithuania,Greece,68.74572,41.999197
2499,3,1,2025-09-10,Finland,Georgia,84.896169,61.760980000000004
2499,4,1,2025-09-10,Germany,Slovenia,115.57524,92.295584
2500,1,1,2025-09-09,Poland,Turkey,80.163545,76.215431
2500,2,1,2025-09-09,Lithuania,Greece,77.257524,75.847844
2500,3,1,2025-09-10,Finland,Georgia,87.574613,69.582808
2500,4,1,2025-09-10,Germany,Slovenia,103.8842,77.655874
2501,1,1,2025-09-09,Poland,Turkey,62.983743,94.904402
2501,2,1,2025-09-09,Lithuania,Greece,83.704986,74.175423
2501,3,1,2025-09-10,Finland,Georgia,88.426617,103.44431
2501,4,1,2025-09-10,Germany,Slovenia,102.12927,91.485743
2502,1,1,2025-09-09,Poland,Turkey,69.020765,72.745176
2502,2,1,2025-09-09,Lithuania,Greece,69.89351,90.067828
2502,3,1,2025-09-10,Finland,Georgia,103.41186,75.43599
2502,4,1,2025-09-10,Germany,Slovenia,115.65816,94.009117
2503,1,1,2025-09-09,Poland,Turkey,63.295203,91.720888
2503,2,1,2025-09-09,Lithuania,Greece,94.936991,84.609317
2503,3,1,2025-09-10,Finland,Georgia,114.18774,73.984097
2503,4,1,2025-09-10,Germany,Slovenia,101.57042,74.141125
2504,1,1,2025-09-09,Poland,Turkey,72.645215,98.842424
2504,2,1,2025-09-09,Lithuania,Greece,80.856366,77.078976
2504,3,1,2025-09-10,Finland,Georgia,88.005704,81.046269
2504,4,1,2025-09-10,Germany,Slovenia,114.06222,94.836933
2505,1,1,2025-09-09,Poland,Turkey,83.799006,88.426312
2505,2,1,2025-09-09,Lithuania,Greece,86.023037,100.78687
2505,3,1,2025-09-10,Finland,Georgia,124.0535,55.262242
2505,4,1,2025-09-10,Germany,Slovenia,96.52819,88.07722
2506,1,1,2025-09-09,Poland,Turkey,94.565258,101.3314
2506,2,1,2025-09-09,Lithuania,Greece,92.797367,73.021985
2506,3,1,2025-09-10,Finland,Georgia,105.06259,75.526849
2506,4,1,2025-09-10,Germany,Slovenia,94.900813,67.579194
2507,1,1,2025-09-09,Poland,Turkey,69.626472,92.372417
2507,2,1,2025-09-09,Lithuania,Greece,65.928744,74.929568
2507,3,1,2025-09-10,Finland,Georgia,98.710634,81.504407
2507,4,1,2025-09-10,Germany,Slovenia,98.508024,116.03359
2508,1,1,2025-09-09,Poland,Turkey,79.815535,107.92683
2508,2,1,2025-09-09,Lithuania,Greece,89.918268,64.662034
2508,3,1,2025-09-10,Finland,Georgia,106.54938,65.864037
2508,4,1,2025-09-10,Germany,Slovenia,95.310742,78.254925
2509,1,1,2025-09-09,Poland,Turkey,74.990579,84.096932
2509,2,1,2025-09-09,Lithuania,Greece,88.39842,82.784622
2509,3,1,2025-09-10,Finland,Georgia,108.94068,71.807575
2509,4,1,2025-09-10,Germany,Slovenia,104.99872,70.661962
2510,1,1,2025-09-09,Poland,Turkey,97.115408,102.72581
2510,2,1,2025-09-09,Lithuania,Greece,72.362269,68.223867
2510,3,1,2025-09-10,Finland,Georgia,90.615293,77.431601
2510,4,1,2025-09-10,Germany,Slovenia,105.7706,82.834127
2511,1,1,2025-09-09,Poland,Turkey,87.151724,75.074205
2511,2,1,2025-09-09,Lithuania,Greece,109.29589,88.382329
2511,3,1,2025-09-10,Finland,Georgia,89.952834,81.909858
2511,4,1,2025-09-10,Germany,Slovenia,105.73149,71.906328
2512,1,1,2025-09-09,Poland,Turkey,73.958514,80.070864
2512,2,1,2025-09-09,Lithuania,Greece,68.964951,73.408586
2512,3,1,2025-09-10,Finland,Georgia,104.31464,78.487341
2512,4,1,2025-09-10,Germany,Slovenia,100.83715,89.745715
2513,1,1,2025-09-09,Poland,Turkey,79.727256,110.44252
2513,2,1,2025-09-09,Lithuania,Greece,94.162745,86.353765
2513,3,1,2025-09-10,Finland,Georgia,98.011388,60.046617
2513,4,1,2025-09-10,Germany,Slovenia,101.36119,88.841946
2514,1,1,2025-09-09,Poland,Turkey,54.285347,74.512757
2514,2,1,2025-09-09,Lithuania,Greece,84.199263,79.215136
2514,3,1,2025-09-10,Finland,Georgia,122.53109,84.13163
2514,4,1,2025-09-10,Germany,Slovenia,112.04494,106.85806
2515,1,1,2025-09-09,Poland,Turkey,83.165398,93.196446
2515,2,1,2025-09-09,Lithuania,Greece,94.314321,87.959867
2515,3,1,2025-09-10,Finland,Georgia,88.25926,81.845182
2515,4,1,2025-09-10,Germany,Slovenia,119.09405,80.178426
2516,1,1,2025-09-09,Poland,Turkey,77.580624,68.899138
2516,2,1,2025-09-09,Lithuania,Greece,90.998943,74.766237
2516,3,1,2025-09-10,Finland,Georgia,110.05772,64.725562
2516,4,1,2025-09-10,Germany,Slovenia,101.20988,79.856574
2517,1,1,2025-09-09,Poland,Turkey,76.74831,87.67491
2517,2,1,2025-09-09,Lithuania,Greece,90.276582,64.980566
2517,3,1,2025-09-10,Finland,Georgia,104.09216,77.310105
2517,4,1,2025-09-10,Germany,Slovenia,102.3638,84.30721
2518,1,1,2025-09-09,Poland,Turkey,83.508176,84.935066
2518,2,1,2025-09-09,Lithuania,Greece,90.204292,74.566464
2518,3,1,2025-09-10,Finland,Georgia,93.13076,88.7351
2518,4,1,2025-09-10,Germany,Slovenia,115.46518,102.32538
2519,1,1,2025-09-09,Poland,Turkey,89.484061,81.161578
2519,2,1,2025-09-09,Lithuania,Greece,72.84448,80.466841
2519,3,1,2025-09-10,Finland,Georgia,97.251354,71.474604
2519,4,1,2025-09-10,Germany,Slovenia,109.60185,107.82482
2520,1,1,2025-09-09,Poland,Turkey,76.454395,79.810819
2520,2,1,2025-09-09,Lithuania,Greece,81.648429,73.630049
2520,3,1,2025-09-10,Finland,Georgia,96.052182,80.782984
2520,4,1,2025-09-10,Germany,Slovenia,89.170046,73.624441
2521,1,1,2025-09-09,Poland,Turkey,101.37906,89.076366
2521,2,1,2025-09-09,Lithuania,Greece,77.828658,72.19375
2521,3,1,2025-09-10,Finland,Georgia,82.459205,60.604714
2521,4,1,2025-09-10,Germany,Slovenia,76.205703,66.52576
2522,1,1,2025-09-09,Poland,Turkey,75.95193,86.708725
2522,2,1,2025-09-09,Lithuania,Greece,98.385294,91.479302
2522,3,1,2025-09-10,Finland,Georgia,93.991806,70.278318
2522,4,1,2025-09-10,Germany,Slovenia,113.16369,85.820817
2523,1,1,2025-09-09,Poland,Turkey,48.230657,111.23825
2523,2,1,2025-09-09,Lithuania,Greece,62.460996,77.738746
2523,3,1,2025-09-10,Finland,Georgia,100.69127,81.171967
2523,4,1,2025-09-10,Germany,Slovenia,105.31289,107.24087
2524,1,1,2025-09-09,Poland,Turkey,67.722542,73.968988
2524,2,1,2025-09-09,Lithuania,Greece,82.182127,81.314478
2524,3,1,2025-09-10,Finland,Georgia,88.783284,70.507681
2524,4,1,2025-09-10,Germany,Slovenia,72.24586,85.929829
2525,1,1,2025-09-09,Poland,Turkey,76.424568,83.206584
2525,2,1,2025-09-09,Lithuania,Greece,73.88225,74.084386
2525,3,1,2025-09-10,Finland,Georgia,88.394714,80.673159
2525,4,1,2025-09-10,Germany,Slovenia,102.17653,94.279259
2526,1,1,2025-09-09,Poland,Turkey,81.104618,87.434522
2526,2,1,2025-09-09,Lithuania,Greece,67.906683,73.961944
2526,3,1,2025-09-10,Finland,Georgia,92.272675,75.890705
2526,4,1,2025-09-10,Germany,Slovenia,85.843071,73.686276
2527,1,1,2025-09-09,Poland,Turkey,64.661098,79.914474
2527,2,1,2025-09-09,Lithuania,Greece,83.032363,78.65238
2527,3,1,2025-09-10,Finland,Georgia,103.724,68.901171
2527,4,1,2025-09-10,Germany,Slovenia,105.18362,99.920946
2528,1,1,2025-09-09,Poland,Turkey,69.642985,73.384674
2528,2,1,2025-09-09,Lithuania,Greece,87.653431,83.526534
2528,3,1,2025-09-10,Finland,Georgia,95.005882,72.54687
2528,4,1,2025-09-10,Germany,Slovenia,111.74285,71.520209
2529,1,1,2025-09-09,Poland,Turkey,81.326444,85.926348
2529,2,1,2025-09-09,Lithuania,Greece,77.792006,72.401922
2529,3,1,2025-09-10,Finland,Georgia,104.46815,82.514703
2529,4,1,2025-09-10,Germany,Slovenia,102.17973,105.4256
2530,1,1,2025-09-09,Poland,Turkey,77.140556,110.69799
2530,2,1,2025-09-09,Lithuania,Greece,98.399864,86.80901
2530,3,1,2025-09-10,Finland,Georgia,102.15219,83.834358
2530,4,1,2025-09-10,Germany,Slovenia,109.92792,62.788703
2531,1,1,2025-09-09,Poland,Turkey,75.20301,87.990952
2531,2,1,2025-09-09,Lithuania,Greece,72.075276,71.746244
2531,3,1,2025-09-10,Finland,Georgia,102.97144,71.521825
2531,4,1,2025-09-10,Germany,Slovenia,112.58543,74.991888
2532,1,1,2025-09-09,Poland,Turkey,73.287884,84.094244
2532,2,1,2025-09-09,Lithuania,Greece,93.211713,71.826657
2532,3,1,2025-09-10,Finland,Georgia,107.8559,69.80688
2532,4,1,2025-09-10,Germany,Slovenia,105.22056,82.128515
2533,1,1,2025-09-09,Poland,Turkey,94.908318,79.599043
2533,2,1,2025-09-09,Lithuania,Greece,79.856179,78.12159
2533,3,1,2025-09-10,Finland,Georgia,100.94419,81.668545
2533,4,1,2025-09-10,Germany,Slovenia,93.842895,75.406809
2534,1,1,2025-09-09,Poland,Turkey,65.160155,84.243777
2534,2,1,2025-09-09,Lithuania,Greece,101.22775,93.94692
2534,3,1,2025-09-10,Finland,Georgia,101.72871,69.232274
2534,4,1,2025-09-10,Germany,Slovenia,101.1078,86.676613
2535,1,1,2025-09-09,Poland,Turkey,35.158684,75.849898
2535,2,1,2025-09-09,Lithuania,Greece,87.863648,74.160075
2535,3,1,2025-09-10,Finland,Georgia,109.8758,70.351251
2535,4,1,2025-09-10,Germany,Slovenia,117.07806,77.490412
2536,1,1,2025-09-09,Poland,Turkey,78.87461,96.813893
2536,2,1,2025-09-09,Lithuania,Greece,95.126476,71.787241
2536,3,1,2025-09-10,Finland,Georgia,99.610983,63.738419
2536,4,1,2025-09-10,Germany,Slovenia,113.02893,82.026853
2537,1,1,2025-09-09,Poland,Turkey,75.375599,90.136199
2537,2,1,2025-09-09,Lithuania,Greece,91.093779,85.66108
2537,3,1,2025-09-10,Finland,Georgia,106.04727,63.598727
2537,4,1,2025-09-10,Germany,Slovenia,109.54936,85.700272
2538,1,1,2025-09-09,Poland,Turkey,82.062762,99.760033
2538,2,1,2025-09-09,Lithuania,Greece,86.393397,74.403402
2538,3,1,2025-09-10,Finland,Georgia,96.108872,64.760882
2538,4,1,2025-09-10,Germany,Slovenia,115.95902,108.72657
2539,1,1,2025-09-09,Poland,Turkey,65.478166,82.505171
2539,2,1,2025-09-09,Lithuania,Greece,90.388442,85.65231
2539,3,1,2025-09-10,Finland,Georgia,104.34756,87.30397
2539,4,1,2025-09-10,Germany,Slovenia,89.047848,81.071447
2540,1,1,2025-09-09,Poland,Turkey,106.74122,73.69198
2540,2,1,2025-09-09,Lithuania,Greece,83.160359,72.518489
2540,3,1,2025-09-10,Finland,Georgia,88.517211,77.522041
2540,4,1,2025-09-10,Germany,Slovenia,108.73471,85.213745
2541,1,1,2025-09-09,Poland,Turkey,72.113321,90.999624
2541,2,1,2025-09-09,Lithuania,Greece,106.00323,93.958761
2541,3,1,2025-09-10,Finland,Georgia,106.8085,77.347999
2541,4,1,2025-09-10,Germany,Slovenia,123.57072,88.402104
2542,1,1,2025-09-09,Poland,Turkey,85.268183,85.359038
2542,2,1,2025-09-09,Lithuania,Greece,75.267211,60.084185
2542,3,1,2025-09-10,Finland,Georgia,96.523552,72.563517
2542,4,1,2025-09-10,Germany,Slovenia,110.6648,95.03301
2543,1,1,2025-09-09,Poland,Turkey,70.182361,106.11092
2543,2,1,2025-09-09,Lithuania,Greece,97.554247,75.451546
2543,3,1,2025-09-10,Finland,Georgia,89.58534,65.075509
2543,4,1,2025-09-10,Germany,Slovenia,108.41858,85.954992
2544,1,1,2025-09-09,Poland,Turkey,92.906907,96.232835
2544,2,1,2025-09-09,Lithuania,Greece,100.50202,84.495012
2544,3,1,2025-09-10,Finland,Georgia,100.64661,62.469788
2544,4,1,2025-09-10,Germany,Slovenia,103.68902,91.994531
2545,1,1,2025-09-09,Poland,Turkey,79.814302,81.42178
2545,2,1,2025-09-09,Lithuania,Greece,90.063231,77.328635
2545,3,1,2025-09-10,Finland,Georgia,93.031727,67.288643
2545,4,1,2025-09-10,Germany,Slovenia,78.347004,63.288051
2546,1,1,2025-09-09,Poland,Turkey,80.326302,78.843511
2546,2,1,2025-09-09,Lithuania,Greece,104.27865,87.159327
2546,3,1,2025-09-10,Finland,Georgia,98.357927,67.021228
2546,4,1,2025-09-10,Germany,Slovenia,117.67255,102.86323
2547,1,1,2025-09-09,Poland,Turkey,89.391751,79.425896
2547,2,1,2025-09-09,Lithuania,Greece,94.992369,94.221358
2547,3,1,2025-09-10,Finland,Georgia,111.3573,68.341715
2547,4,1,2025-09-10,Germany,Slovenia,92.633543,93.324556
2548,1,1,2025-09-09,Poland,Turkey,86.609943,84.269414
2548,2,1,2025-09-09,Lithuania,Greece,93.279809,72.76108
2548,3,1,2025-09-10,Finland,Georgia,81.635674,77.726441
2548,4,1,2025-09-10,Germany,Slovenia,97.999543,79.831374
2549,1,1,2025-09-09,Poland,Turkey,79.578142,81.18425
2549,2,1,2025-09-09,Lithuania,Greece,76.963799,57.013687
2549,3,1,2025-09-10,Finland,Georgia,115.97146,82.834202
2549,4,1,2025-09-10,Germany,Slovenia,104.69107,86.688908
2550,1,1,2025-09-09,Poland,Turkey,71.518288,78.438287
2550,2,1,2025-09-09,Lithuania,Greece,81.603505,58.227805
2550,3,1,2025-09-10,Finland,Georgia,85.097771,64.816427
2550,4,1,2025-09-10,Germany,Slovenia,86.573822,91.428428
2551,1,1,2025-09-09,Poland,Turkey,87.012493,79.970083
2551,2,1,2025-09-09,Lithuania,Greece,91.580452,72.967829
2551,3,1,2025-09-10,Finland,Georgia,102.52813,71.685188
2551,4,1,2025-09-10,Germany,Slovenia,98.504874,87.66379
2552,1,1,2025-09-09,Poland,Turkey,73.662439,89.1284
2552,2,1,2025-09-09,Lithuania,Greece,73.526019,79.320444
2552,3,1,2025-09-10,Finland,Georgia,103.57306,79.649803
2552,4,1,2025-09-10,Germany,Slovenia,100.71307,83.578459
2553,1,1,2025-09-09,Poland,Turkey,68.298085,82.767594
2553,2,1,2025-09-09,Lithuania,Greece,98.199681,83.826491
2553,3,1,2025-09-10,Finland,Georgia,117.0657,56.727034
2553,4,1,2025-09-10,Germany,Slovenia,100.18275,101.91189
2554,1,1,2025-09-09,Poland,Turkey,71.526004,82.773666
2554,2,1,2025-09-09,Lithuania,Greece,97.7491,78.478149
2554,3,1,2025-09-10,Finland,Georgia,91.304051,85.083117
2554,4,1,2025-09-10,Germany,Slovenia,97.191258,95.899956
2555,1,1,2025-09-09,Poland,Turkey,58.239834,84.773548
2555,2,1,2025-09-09,Lithuania,Greece,94.034422,61.589055
2555,3,1,2025-09-10,Finland,Georgia,105.13538,70.435781
2555,4,1,2025-09-10,Germany,Slovenia,83.756817,106.77075
2556,1,1,2025-09-09,Poland,Turkey,83.615359,83.670556
2556,2,1,2025-09-09,Lithuania,Greece,87.136863,85.464012
2556,3,1,2025-09-10,Finland,Georgia,103.85379,79.78961
2556,4,1,2025-09-10,Germany,Slovenia,87.283259,72.664671
2557,1,1,2025-09-09,Poland,Turkey,97.470673,83.506399
2557,2,1,2025-09-09,Lithuania,Greece,70.529548,63.137862
2557,3,1,2025-09-10,Finland,Georgia,87.271328,73.844986
2557,4,1,2025-09-10,Germany,Slovenia,92.461159,76.49056
2558,1,1,2025-09-09,Poland,Turkey,80.034239,92.2416
2558,2,1,2025-09-09,Lithuania,Greece,99.260765,90.368545
2558,3,1,2025-09-10,Finland,Georgia,90.945394,68.610235
2558,4,1,2025-09-10,Germany,Slovenia,106.76554,75.101316
2559,1,1,2025-09-09,Poland,Turkey,92.953438,91.343937
2559,2,1,2025-09-09,Lithuania,Greece,77.858028,84.822769
2559,3,1,2025-09-10,Finland,Georgia,89.955972,66.426073
2559,4,1,2025-09-10,Germany,Slovenia,93.600602,63.049394
2560,1,1,2025-09-09,Poland,Turkey,88.083615,72.94438
2560,2,1,2025-09-09,Lithuania,Greece,81.529616,87.459624
2560,3,1,2025-09-10,Finland,Georgia,72.264286,71.181126
2560,4,1,2025-09-10,Germany,Slovenia,109.94161,80.95051
2561,1,1,2025-09-09,Poland,Turkey,78.828002,81.586749
2561,2,1,2025-09-09,Lithuania,Greece,87.676773,69.853184
2561,3,1,2025-09-10,Finland,Georgia,108.47624,85.304926
2561,4,1,2025-09-10,Germany,Slovenia,108.79078,79.923064
2562,1,1,2025-09-09,Poland,Turkey,86.200459,100.95708
2562,2,1,2025-09-09,Lithuania,Greece,83.437622,74.84187
2562,3,1,2025-09-10,Finland,Georgia,93.842015,77.987862
2562,4,1,2025-09-10,Germany,Slovenia,126.38092,95.559236
2563,1,1,2025-09-09,Poland,Turkey,80.266111,100.29229
2563,2,1,2025-09-09,Lithuania,Greece,98.555601,90.07575
2563,3,1,2025-09-10,Finland,Georgia,93.740452,82.245555
2563,4,1,2025-09-10,Germany,Slovenia,92.651859,74.960662
2564,1,1,2025-09-09,Poland,Turkey,79.833626,73.72252
2564,2,1,2025-09-09,Lithuania,Greece,69.816241,81.101601
2564,3,1,2025-09-10,Finland,Georgia,86.113122,66.074436
2564,4,1,2025-09-10,Germany,Slovenia,101.66572,93.855595
2565,1,1,2025-09-09,Poland,Turkey,79.377274,76.329888
2565,2,1,2025-09-09,Lithuania,Greece,77.072888,84.470352
2565,3,1,2025-09-10,Finland,Georgia,101.48201,74.676929
2565,4,1,2025-09-10,Germany,Slovenia,89.498641,98.272176
2566,1,1,2025-09-09,Poland,Turkey,74.916581,76.957486
2566,2,1,2025-09-09,Lithuania,Greece,85.030822,77.874423
2566,3,1,2025-09-10,Finland,Georgia,99.056827,73.809084
2566,4,1,2025-09-10,Germany,Slovenia,115.18107,109.9488
2567,1,1,2025-09-09,Poland,Turkey,74.829467,100.77882
2567,2,1,2025-09-09,Lithuania,Greece,91.148486,70.055972
2567,3,1,2025-09-10,Finland,Georgia,96.30613,75.990774
2567,4,1,2025-09-10,Germany,Slovenia,102.55945,88.209866
2568,1,1,2025-09-09,Poland,Turkey,81.052601,89.990927
2568,2,1,2025-09-09,Lithuania,Greece,99.243409,56.911934
2568,3,1,2025-09-10,Finland,Georgia,80.888134,66.570257
2568,4,1,2025-09-10,Germany,Slovenia,101.1024,96.594779
2569,1,1,2025-09-09,Poland,Turkey,51.699053,77.403642
2569,2,1,2025-09-09,Lithuania,Greece,75.378014,77.066226
2569,3,1,2025-09-10,Finland,Georgia,56.215086,40.325308
2569,4,1,2025-09-10,Germany,Slovenia,105.68987,86.125376
2570,1,1,2025-09-09,Poland,Turkey,64.965745,81.711391
2570,2,1,2025-09-09,Lithuania,Greece,76.787151,78.066128
2570,3,1,2025-09-10,Finland,Georgia,103.63298,87.890187
2570,4,1,2025-09-10,Germany,Slovenia,110.25315,87.101948
2571,1,1,2025-09-09,Poland,Turkey,80.563956,85.520368
2571,2,1,2025-09-09,Lithuania,Greece,101.09516,88.040261
2571,3,1,2025-09-10,Finland,Georgia,86.052853,69.311534
2571,4,1,2025-09-10,Germany,Slovenia,106.95151,83.852416
2572,1,1,2025-09-09,Poland,Turkey,78.666259,92.043813
2572,2,1,2025-09-09,Lithuania,Greece,94.856389,84.426457
2572,3,1,2025-09-10,Finland,Georgia,97.57636,70.899458
2572,4,1,2025-09-10,Germany,Slovenia,109.13475,94.964535
2573,1,1,2025-09-09,Poland,Turkey,95.7202,84.558466
2573,2,1,2025-09-09,Lithuania,Greece,89.356495,82.090657
2573,3,1,2025-09-10,Finland,Georgia,84.546718,68.221619
2573,4,1,2025-09-10,Germany,Slovenia,105.95077,88.41984
2574,1,1,2025-09-09,Poland,Turkey,89.046734,75.314852
2574,2,1,2025-09-09,Lithuania,Greece,69.728235,72.337744
2574,3,1,2025-09-10,Finland,Georgia,83.887044,78.274369
2574,4,1,2025-09-10,Germany,Slovenia,103.35573,73.165612
2575,1,1,2025-09-09,Poland,Turkey,87.57408,89.176905
2575,2,1,2025-09-09,Lithuania,Greece,78.614081,85.97778
2575,3,1,2025-09-10,Finland,Georgia,93.831488,90.725537
2575,4,1,2025-09-10,Germany,Slovenia,87.61527,90.696462
2576,1,1,2025-09-09,Poland,Turkey,78.693477,92.257658
2576,2,1,2025-09-09,Lithuania,Greece,79.59443,73.511903
2576,3,1,2025-09-10,Finland,Georgia,77.271634,93.813583
2576,4,1,2025-09-10,Germany,Slovenia,115.06651,58.028383
2577,1,1,2025-09-09,Poland,Turkey,76.4583,95.223933
2577,2,1,2025-09-09,Lithuania,Greece,71.225035,85.280822
2577,3,1,2025-09-10,Finland,Georgia,116.382,68.487143
2577,4,1,2025-09-10,Germany,Slovenia,108.27267,105.41115
2578,1,1,2025-09-09,Poland,Turkey,82.180003,89.12826
2578,2,1,2025-09-09,Lithuania,Greece,85.340375,87.288623
2578,3,1,2025-09-10,Finland,Georgia,96.524319,53.054457
2578,4,1,2025-09-10,Germany,Slovenia,98.880283,66.780844
2579,1,1,2025-09-09,Poland,Turkey,87.630125,76.622687
2579,2,1,2025-09-09,Lithuania,Greece,100.31571,91.96151
2579,3,1,2025-09-10,Finland,Georgia,81.037611,64.86131
2579,4,1,2025-09-10,Germany,Slovenia,115.67898,87.261081
2580,1,1,2025-09-09,Poland,Turkey,85.59865,96.162821
2580,2,1,2025-09-09,Lithuania,Greece,102.34913,94.866119
2580,3,1,2025-09-10,Finland,Georgia,92.95278,71.92565
2580,4,1,2025-09-10,Germany,Slovenia,98.087462,82.065403
2581,1,1,2025-09-09,Poland,Turkey,71.331821,85.387377
2581,2,1,2025-09-09,Lithuania,Greece,104.48282,68.988296
2581,3,1,2025-09-10,Finland,Georgia,97.414423,77.658342
2581,4,1,2025-09-10,Germany,Slovenia,121.68838,81.553862
2582,1,1,2025-09-09,Poland,Turkey,77.202944,78.762075
2582,2,1,2025-09-09,Lithuania,Greece,79.367355,78.520771
2582,3,1,2025-09-10,Finland,Georgia,112.75364,70.015949
2582,4,1,2025-09-10,Germany,Slovenia,96.152612,79.683258
2583,1,1,2025-09-09,Poland,Turkey,76.839508,82.606817
2583,2,1,2025-09-09,Lithuania,Greece,91.740011,69.936768
2583,3,1,2025-09-10,Finland,Georgia,100.83681,84.846362
2583,4,1,2025-09-10,Germany,Slovenia,91.210918,84.109338
2584,1,1,2025-09-09,Poland,Turkey,86.47582,72.477377
2584,2,1,2025-09-09,Lithuania,Greece,78.703738,67.953543
2584,3,1,2025-09-10,Finland,Georgia,108.32161,72.640121
2584,4,1,2025-09-10,Germany,Slovenia,102.17929,81.404036
2585,1,1,2025-09-09,Poland,Turkey,86.255714,90.570997
2585,2,1,2025-09-09,Lithuania,Greece,83.146342,76.330176
2585,3,1,2025-09-10,Finland,Georgia,85.514502,60.681173
2585,4,1,2025-09-10,Germany,Slovenia,100.57912,100.32212
2586,1,1,2025-09-09,Poland,Turkey,89.514767,94.83716
2586,2,1,2025-09-09,Lithuania,Greece,57.024547,64.857237
2586,3,1,2025-09-10,Finland,Georgia,111.63674,76.058053
2586,4,1,2025-09-10,Germany,Slovenia,105.63875,74.958397
2587,1,1,2025-09-09,Poland,Turkey,72.473526,78.071316
2587,2,1,2025-09-09,Lithuania,Greece,90.769595,71.791389
2587,3,1,2025-09-10,Finland,Georgia,98.624058,57.982994
2587,4,1,2025-09-10,Germany,Slovenia,97.50827,96.793942
2588,1,1,2025-09-09,Poland,Turkey,76.663419,91.375753
2588,2,1,2025-09-09,Lithuania,Greece,85.43442,82.890572
2588,3,1,2025-09-10,Finland,Georgia,113.31403,77.64388
2588,4,1,2025-09-10,Germany,Slovenia,109.98587,76.345174
2589,1,1,2025-09-09,Poland,Turkey,75.00277,71.744487
2589,2,1,2025-09-09,Lithuania,Greece,75.870547,72.281577
2589,3,1,2025-09-10,Finland,Georgia,105.82149,82.828856
2589,4,1,2025-09-10,Germany,Slovenia,105.66117,72.137744
2590,1,1,2025-09-09,Poland,Turkey,70.977534,100.51988
2590,2,1,2025-09-09,Lithuania,Greece,89.133985,52.195853
2590,3,1,2025-09-10,Finland,Georgia,83.700713,84.626676
2590,4,1,2025-09-10,Germany,Slovenia,118.69373,87.27125
2591,1,1,2025-09-09,Poland,Turkey,73.509563,100.75401
2591,2,1,2025-09-09,Lithuania,Greece,91.509655,102.22243
2591,3,1,2025-09-10,Finland,Georgia,98.293876,79.442978
2591,4,1,2025-09-10,Germany,Slovenia,113.14231,97.753064
2592,1,1,2025-09-09,Poland,Turkey,73.213844,101.20075
2592,2,1,2025-09-09,Lithuania,Greece,72.733332,77.140923
2592,3,1,2025-09-10,Finland,Georgia,73.773312,84.091965
2592,4,1,2025-09-10,Germany,Slovenia,103.72719,91.786011
2593,1,1,2025-09-09,Poland,Turkey,73.971691,96.051748
2593,2,1,2025-09-09,Lithuania,Greece,91.774175,67.450754
2593,3,1,2025-09-10,Finland,Georgia,92.989497,91.411746
2593,4,1,2025-09-10,Germany,Slovenia,107.21564,86.340082
2594,1,1,2025-09-09,Poland,Turkey,69.796138,69.153479
2594,2,1,2025-09-09,Lithuania,Greece,79.958636,74.586675
2594,3,1,2025-09-10,Finland,Georgia,104.99559000000001,96.921987
2594,4,1,2025-09-10,Germany,Slovenia,91.224462,78.359168
2595,1,1,2025-09-09,Poland,Turkey,73.552128,102.20479
2595,2,1,2025-09-09,Lithuania,Greece,93.821217,66.731669
2595,3,1,2025-09-10,Finland,Georgia,97.495465,79.725352
2595,4,1,2025-09-10,Germany,Slovenia,93.493353,75.898898
2596,1,1,2025-09-09,Poland,Turkey,62.205186,83.504458
2596,2,1,2025-09-09,Lithuania,Greece,72.761246,71.246009
2596,3,1,2025-09-10,Finland,Georgia,67.699715,61.353416
2596,4,1,2025-09-10,Germany,Slovenia,83.113315,81.281608
2597,1,1,2025-09-09,Poland,Turkey,65.975464,91.914104
2597,2,1,2025-09-09,Lithuania,Greece,90.031146,52.764377
2597,3,1,2025-09-10,Finland,Georgia,106.21898,77.090959
2597,4,1,2025-09-10,Germany,Slovenia,113.73102,84.181321
2598,1,1,2025-09-09,Poland,Turkey,78.492154,71.251956
2598,2,1,2025-09-09,Lithuania,Greece,96.339032,66.216173
2598,3,1,2025-09-10,Finland,Georgia,82.253231,83.53801
2598,4,1,2025-09-10,Germany,Slovenia,99.127478,84.439414
2599,1,1,2025-09-09,Poland,Turkey,73.052386,69.174515
2599,2,1,2025-09-09,Lithuania,Greece,80.793435,64.051192
2599,3,1,2025-09-10,Finland,Georgia,112.54705,68.860328
2599,4,1,2025-09-10,Germany,Slovenia,112.75543,88.629208
2600,1,1,2025-09-09,Poland,Turkey,72.305363,70.963958
2600,2,1,2025-09-09,Lithuania,Greece,67.651133,76.58467
2600,3,1,2025-09-10,Finland,Georgia,74.450827,64.894398
2600,4,1,2025-09-10,Germany,Slovenia,99.753971,81.298213
2601,1,1,2025-09-09,Poland,Turkey,86.103918,90.079513
2601,2,1,2025-09-09,Lithuania,Greece,92.879739,71.749733
2601,3,1,2025-09-10,Finland,Georgia,93.224223,103.74892
2601,4,1,2025-09-10,Germany,Slovenia,103.64568,67.921246
2602,1,1,2025-09-09,Poland,Turkey,63.887543,66.738561
2602,2,1,2025-09-09,Lithuania,Greece,89.012134,63.55182
2602,3,1,2025-09-10,Finland,Georgia,100.39714,83.519057
2602,4,1,2025-09-10,Germany,Slovenia,117.03443,85.173685
2603,1,1,2025-09-09,Poland,Turkey,78.803195,94.451429
2603,2,1,2025-09-09,Lithuania,Greece,88.205855,78.818595
2603,3,1,2025-09-10,Finland,Georgia,95.712794,57.923993
2603,4,1,2025-09-10,Germany,Slovenia,97.11365,91.495916
2604,1,1,2025-09-09,Poland,Turkey,57.051979,78.687663
2604,2,1,2025-09-09,Lithuania,Greece,92.419145,86.926209
2604,3,1,2025-09-10,Finland,Georgia,78.322664,82.314034
2604,4,1,2025-09-10,Germany,Slovenia,94.218422,89.021345
2605,1,1,2025-09-09,Poland,Turkey,67.024894,86.623651
2605,2,1,2025-09-09,Lithuania,Greece,82.067751,57.178635
2605,3,1,2025-09-10,Finland,Georgia,87.955578,75.782212
2605,4,1,2025-09-10,Germany,Slovenia,110.03314,84.370801
2606,1,1,2025-09-09,Poland,Turkey,80.174047,75.549114
2606,2,1,2025-09-09,Lithuania,Greece,69.252226,83.506821
2606,3,1,2025-09-10,Finland,Georgia,100.69578,72.912731
2606,4,1,2025-09-10,Germany,Slovenia,110.47705,77.224595
2607,1,1,2025-09-09,Poland,Turkey,78.089832,88.566858
2607,2,1,2025-09-09,Lithuania,Greece,103.558,67.619401
2607,3,1,2025-09-10,Finland,Georgia,106.84469,66.694414
2607,4,1,2025-09-10,Germany,Slovenia,93.853442,67.204821
2608,1,1,2025-09-09,Poland,Turkey,67.642366,69.625376
2608,2,1,2025-09-09,Lithuania,Greece,87.998247,93.220008000000007
2608,3,1,2025-09-10,Finland,Georgia,109.95553,79.246634
2608,4,1,2025-09-10,Germany,Slovenia,97.359701,101.09694
2609,1,1,2025-09-09,Poland,Turkey,79.307684,93.021715
2609,2,1,2025-09-09,Lithuania,Greece,79.484848,77.012675
2609,3,1,2025-09-10,Finland,Georgia,94.215246,67.755616
2609,4,1,2025-09-10,Germany,Slovenia,94.793566,79.228389
2610,1,1,2025-09-09,Poland,Turkey,77.184462,79.750103
2610,2,1,2025-09-09,Lithuania,Greece,66.222297,63.970824
2610,3,1,2025-09-10,Finland,Georgia,90.936716,75.002569
2610,4,1,2025-09-10,Germany,Slovenia,104.80357,77.802613
2611,1,1,2025-09-09,Poland,Turkey,88.472945,91.519408
2611,2,1,2025-09-09,Lithuania,Greece,96.485832,79.23622
2611,3,1,2025-09-10,Finland,Georgia,70.919135,63.263697
2611,4,1,2025-09-10,Germany,Slovenia,98.325896,85.805323
2612,1,1,2025-09-09,Poland,Turkey,68.38747,94.143477
2612,2,1,2025-09-09,Lithuania,Greece,98.325707,69.351374
2612,3,1,2025-09-10,Finland,Georgia,86.745809,52.38806
2612,4,1,2025-09-10,Germany,Slovenia,104.16256,93.984508
2613,1,1,2025-09-09,Poland,Turkey,79.779282,69.770702
2613,2,1,2025-09-09,Lithuania,Greece,69.600657,62.3893
2613,3,1,2025-09-10,Finland,Georgia,92.916073,74.868642
2613,4,1,2025-09-10,Germany,Slovenia,100.32319,85.078253
2614,1,1,2025-09-09,Poland,Turkey,87.653789,111.01212
2614,2,1,2025-09-09,Lithuania,Greece,110.46652,75.419024
2614,3,1,2025-09-10,Finland,Georgia,87.98231,66.706002
2614,4,1,2025-09-10,Germany,Slovenia,118.83333,111.93496
2615,1,1,2025-09-09,Poland,Turkey,83.542281,78.410187
2615,2,1,2025-09-09,Lithuania,Greece,108.25027,85.086381
2615,3,1,2025-09-10,Finland,Georgia,106.76748,63.878055
2615,4,1,2025-09-10,Germany,Slovenia,106.69042,103.94768
2616,1,1,2025-09-09,Poland,Turkey,70.459694,69.02579
2616,2,1,2025-09-09,Lithuania,Greece,67.097613,62.390758
2616,3,1,2025-09-10,Finland,Georgia,92.270527,64.507514
2616,4,1,2025-09-10,Germany,Slovenia,117.434,73.821718
2617,1,1,2025-09-09,Poland,Turkey,75.518309,84.289908
2617,2,1,2025-09-09,Lithuania,Greece,82.670098,91.582273
2617,3,1,2025-09-10,Finland,Georgia,84.623338,83.679879
2617,4,1,2025-09-10,Germany,Slovenia,121.30318,86.222365
2618,1,1,2025-09-09,Poland,Turkey,84.727755,105.57925
2618,2,1,2025-09-09,Lithuania,Greece,97.6089,53.956021
2618,3,1,2025-09-10,Finland,Georgia,91.419888,60.159571
2618,4,1,2025-09-10,Germany,Slovenia,101.62233,71.997847
2619,1,1,2025-09-09,Poland,Turkey,90.022584,70.952043
2619,2,1,2025-09-09,Lithuania,Greece,88.664227,74.917067
2619,3,1,2025-09-10,Finland,Georgia,87.780512,69.522196
2619,4,1,2025-09-10,Germany,Slovenia,106.0507,94.478225
2620,1,1,2025-09-09,Poland,Turkey,81.465042,90.993752
2620,2,1,2025-09-09,Lithuania,Greece,85.151927,62.973892
2620,3,1,2025-09-10,Finland,Georgia,93.924899,88.99211
2620,4,1,2025-09-10,Germany,Slovenia,119.22433,81.4289
2621,1,1,2025-09-09,Poland,Turkey,68.174356,99.259962
2621,2,1,2025-09-09,Lithuania,Greece,86.467087,80.858289
2621,3,1,2025-09-10,Finland,Georgia,80.479816,75.417877
2621,4,1,2025-09-10,Germany,Slovenia,104.48039,79.52857
2622,1,1,2025-09-09,Poland,Turkey,83.217943,76.656025
2622,2,1,2025-09-09,Lithuania,Greece,80.685128,87.319384
2622,3,1,2025-09-10,Finland,Georgia,105.68268,79.734009
2622,4,1,2025-09-10,Germany,Slovenia,90.770095,83.707853
2623,1,1,2025-09-09,Poland,Turkey,64.578929,81.852135
2623,2,1,2025-09-09,Lithuania,Greece,71.023173,77.423366
2623,3,1,2025-09-10,Finland,Georgia,98.734289,67.581181
2623,4,1,2025-09-10,Germany,Slovenia,99.52669,99.87838
2624,1,1,2025-09-09,Poland,Turkey,88.532168,75.773206
2624,2,1,2025-09-09,Lithuania,Greece,82.65401,68.242054
2624,3,1,2025-09-10,Finland,Georgia,103.56662,48.365146
2624,4,1,2025-09-10,Germany,Slovenia,94.927526,80.437406
2625,1,1,2025-09-09,Poland,Turkey,90.250809,75.278689
2625,2,1,2025-09-09,Lithuania,Greece,98.853602,84.883535
2625,3,1,2025-09-10,Finland,Georgia,96.890689,79.110145
2625,4,1,2025-09-10,Germany,Slovenia,112.82989,80.770239
2626,1,1,2025-09-09,Poland,Turkey,77.731093,61.521064
2626,2,1,2025-09-09,Lithuania,Greece,89.635706,64.219814
2626,3,1,2025-09-10,Finland,Georgia,88.385068,84.948711
2626,4,1,2025-09-10,Germany,Slovenia,96.511452,80.65232
2627,1,1,2025-09-09,Poland,Turkey,66.985546,84.167474
2627,2,1,2025-09-09,Lithuania,Greece,90.912397,67.134957
2627,3,1,2025-09-10,Finland,Georgia,103.86654,86.452361
2627,4,1,2025-09-10,Germany,Slovenia,98.167694,89.944689
2628,1,1,2025-09-09,Poland,Turkey,102.33057,79.258241
2628,2,1,2025-09-09,Lithuania,Greece,87.861409,85.300168
2628,3,1,2025-09-10,Finland,Georgia,84.8481,68.571984
2628,4,1,2025-09-10,Germany,Slovenia,110.45789,100.06575
2629,1,1,2025-09-09,Poland,Turkey,63.815704,78.758096
2629,2,1,2025-09-09,Lithuania,Greece,88.993532,64.304102
2629,3,1,2025-09-10,Finland,Georgia,102.26772,85.642036
2629,4,1,2025-09-10,Germany,Slovenia,114.67418,81.544335
2630,1,1,2025-09-09,Poland,Turkey,84.433362,82.717775
2630,2,1,2025-09-09,Lithuania,Greece,80.418753,59.463385
2630,3,1,2025-09-10,Finland,Georgia,79.51318,79.679513
2630,4,1,2025-09-10,Germany,Slovenia,99.48092,106.36448
2631,1,1,2025-09-09,Poland,Turkey,74.831391,88.767633
2631,2,1,2025-09-09,Lithuania,Greece,82.740674,65.700001
2631,3,1,2025-09-10,Finland,Georgia,95.132085,75.358734
2631,4,1,2025-09-10,Germany,Slovenia,122.26311,80.761621
2632,1,1,2025-09-09,Poland,Turkey,69.856114,87.352489
2632,2,1,2025-09-09,Lithuania,Greece,77.860292,69.266821
2632,3,1,2025-09-10,Finland,Georgia,116.65401,91.727565
2632,4,1,2025-09-10,Germany,Slovenia,97.638488,80.848642
2633,1,1,2025-09-09,Poland,Turkey,73.481716,83.471778
2633,2,1,2025-09-09,Lithuania,Greece,82.624286,60.415861
2633,3,1,2025-09-10,Finland,Georgia,86.345975,90.037917
2633,4,1,2025-09-10,Germany,Slovenia,119.11018,89.233391
2634,1,1,2025-09-09,Poland,Turkey,68.594549,77.929859
2634,2,1,2025-09-09,Lithuania,Greece,84.867636,72.989204
2634,3,1,2025-09-10,Finland,Georgia,73.316668,74.851606
2634,4,1,2025-09-10,Germany,Slovenia,114.46734,115.02488
2635,1,1,2025-09-09,Poland,Turkey,86.384899,97.829729
2635,2,1,2025-09-09,Lithuania,Greece,92.022577,85.854873
2635,3,1,2025-09-10,Finland,Georgia,89.32255,53.03033
2635,4,1,2025-09-10,Germany,Slovenia,85.528459,96.420271
2636,1,1,2025-09-09,Poland,Turkey,101.53312,89.951057
2636,2,1,2025-09-09,Lithuania,Greece,78.135016,81.135612
2636,3,1,2025-09-10,Finland,Georgia,105.51124,71.910176
2636,4,1,2025-09-10,Germany,Slovenia,118.54091,96.098556
2637,1,1,2025-09-09,Poland,Turkey,74.241087,83.788079
2637,2,1,2025-09-09,Lithuania,Greece,101.7885,90.48768
2637,3,1,2025-09-10,Finland,Georgia,86.439455,74.64216
2637,4,1,2025-09-10,Germany,Slovenia,138.07093,100.91595
2638,1,1,2025-09-09,Poland,Turkey,97.57864,110.19595
2638,2,1,2025-09-09,Lithuania,Greece,82.512743,65.352646
2638,3,1,2025-09-10,Finland,Georgia,93.975144,67.533691
2638,4,1,2025-09-10,Germany,Slovenia,120.14918,93.634013
2639,1,1,2025-09-09,Poland,Turkey,79.604138,97.075668
2639,2,1,2025-09-09,Lithuania,Greece,90.235769,75.707051
2639,3,1,2025-09-10,Finland,Georgia,106.06955,71.288795
2639,4,1,2025-09-10,Germany,Slovenia,93.483115,77.424586
2640,1,1,2025-09-09,Poland,Turkey,73.658235,94.10027
2640,2,1,2025-09-09,Lithuania,Greece,91.951121,64.066186
2640,3,1,2025-09-10,Finland,Georgia,110.5749,74.832934
2640,4,1,2025-09-10,Germany,Slovenia,98.554516,50.415698
2641,1,1,2025-09-09,Poland,Turkey,73.739272,80.887788
2641,2,1,2025-09-09,Lithuania,Greece,84.227141,86.910619
2641,3,1,2025-09-10,Finland,Georgia,104.54973,67.773814
2641,4,1,2025-09-10,Germany,Slovenia,101.18463,96.342972
2642,1,1,2025-09-09,Poland,Turkey,71.311999,81.690666
2642,2,1,2025-09-09,Lithuania,Greece,97.739363,95.505503
2642,3,1,2025-09-10,Finland,Georgia,95.780568,77.591659
2642,4,1,2025-09-10,Germany,Slovenia,106.57811,77.094093
2643,1,1,2025-09-09,Poland,Turkey,84.635018,81.092069
2643,2,1,2025-09-09,Lithuania,Greece,78.844872,75.736736
2643,3,1,2025-09-10,Finland,Georgia,104.60999,88.339238
2643,4,1,2025-09-10,Germany,Slovenia,113.14751,79.147352
2644,1,1,2025-09-09,Poland,Turkey,69.745628,93.341238
2644,2,1,2025-09-09,Lithuania,Greece,111.91229,84.671218
2644,3,1,2025-09-10,Finland,Georgia,91.918191,66.26298
2644,4,1,2025-09-10,Germany,Slovenia,90.706468,85.137199
2645,1,1,2025-09-09,Poland,Turkey,82.572303,101.83059
2645,2,1,2025-09-09,Lithuania,Greece,98.671016,89.958481
2645,3,1,2025-09-10,Finland,Georgia,76.680806,92.520661
2645,4,1,2025-09-10,Germany,Slovenia,99.611963,91.985168
2646,1,1,2025-09-09,Poland,Turkey,54.319839,89.696803
2646,2,1,2025-09-09,Lithuania,Greece,102.38393,66.446499
2646,3,1,2025-09-10,Finland,Georgia,83.539117,87.102891
2646,4,1,2025-09-10,Germany,Slovenia,100.90697,73.212553
2647,1,1,2025-09-09,Poland,Turkey,62.046963,79.18679
2647,2,1,2025-09-09,Lithuania,Greece,90.628503,68.65618
2647,3,1,2025-09-10,Finland,Georgia,88.60129,72.090198
2647,4,1,2025-09-10,Germany,Slovenia,117.81254,92.784757
2648,1,1,2025-09-09,Poland,Turkey,87.641699,83.154555
2648,2,1,2025-09-09,Lithuania,Greece,72.536049,72.24204
2648,3,1,2025-09-10,Finland,Georgia,96.519971,59.96594
2648,4,1,2025-09-10,Germany,Slovenia,84.670628,83.584889
2649,1,1,2025-09-09,Poland,Turkey,70.479442,77.777313
2649,2,1,2025-09-09,Lithuania,Greece,79.195459,95.100941
2649,3,1,2025-09-10,Finland,Georgia,91.746372,72.394332
2649,4,1,2025-09-10,Germany,Slovenia,100.41764,79.88708
2650,1,1,2025-09-09,Poland,Turkey,70.110948,84.805441
2650,2,1,2025-09-09,Lithuania,Greece,79.83516,83.291397
2650,3,1,2025-09-10,Finland,Georgia,89.493634,77.320371
2650,4,1,2025-09-10,Germany,Slovenia,116.9147,98.198242
2651,1,1,2025-09-09,Poland,Turkey,73.812973,89.726175
2651,2,1,2025-09-09,Lithuania,Greece,100.08784,75.995174
2651,3,1,2025-09-10,Finland,Georgia,84.295763,79.632276
2651,4,1,2025-09-10,Germany,Slovenia,58.831754,50.336476
2652,1,1,2025-09-09,Poland,Turkey,62.870402,71.589573
2652,2,1,2025-09-09,Lithuania,Greece,84.391606,57.928746
2652,3,1,2025-09-10,Finland,Georgia,94.846191,66.828707
2652,4,1,2025-09-10,Germany,Slovenia,97.047157,83.41529
2653,1,1,2025-09-09,Poland,Turkey,73.036213,80.228574
2653,2,1,2025-09-09,Lithuania,Greece,84.364365,73.97749
2653,3,1,2025-09-10,Finland,Georgia,86.710583,71.952463
2653,4,1,2025-09-10,Germany,Slovenia,101.19213,91.564355
2654,1,1,2025-09-09,Poland,Turkey,83.237779,69.107028
2654,2,1,2025-09-09,Lithuania,Greece,102.30648,91.694245
2654,3,1,2025-09-10,Finland,Georgia,86.267798,80.752163
2654,4,1,2025-09-10,Germany,Slovenia,108.18988,89.598965
2655,1,1,2025-09-09,Poland,Turkey,63.749399,90.056983
2655,2,1,2025-09-09,Lithuania,Greece,98.781886,102.31372
2655,3,1,2025-09-10,Finland,Georgia,78.764483,61.883543
2655,4,1,2025-09-10,Germany,Slovenia,108.8494,86.193735
2656,1,1,2025-09-09,Poland,Turkey,82.341042,76.623866
2656,2,1,2025-09-09,Lithuania,Greece,89.265079,102.00998
2656,3,1,2025-09-10,Finland,Georgia,85.711175,93.126202
2656,4,1,2025-09-10,Germany,Slovenia,94.451865,57.885072
2657,1,1,2025-09-09,Poland,Turkey,84.614149,65.018816
2657,2,1,2025-09-09,Lithuania,Greece,94.43293,60.60747
2657,3,1,2025-09-10,Finland,Georgia,69.844969,56.937961
2657,4,1,2025-09-10,Germany,Slovenia,104.72022,103.66335
2658,1,1,2025-09-09,Poland,Turkey,61.897219,86.164501
2658,2,1,2025-09-09,Lithuania,Greece,95.459307,83.49449
2658,3,1,2025-09-10,Finland,Georgia,101.13286,89.777467
2658,4,1,2025-09-10,Germany,Slovenia,92.244024,98.913686
2659,1,1,2025-09-09,Poland,Turkey,77.49455,96.978157
2659,2,1,2025-09-09,Lithuania,Greece,80.159859,64.594009
2659,3,1,2025-09-10,Finland,Georgia,105.22947,91.95467
2659,4,1,2025-09-10,Germany,Slovenia,108.46472,83.043545
2660,1,1,2025-09-09,Poland,Turkey,82.82156,105.23768
2660,2,1,2025-09-09,Lithuania,Greece,77.054882,81.050023
2660,3,1,2025-09-10,Finland,Georgia,101.39548,74.461047
2660,4,1,2025-09-10,Germany,Slovenia,100.07006,71.398691
2661,1,1,2025-09-09,Poland,Turkey,69.565159,106.40639
2661,2,1,2025-09-09,Lithuania,Greece,94.219109,104.48286
2661,3,1,2025-09-10,Finland,Georgia,112.29783,79.089681
2661,4,1,2025-09-10,Germany,Slovenia,97.263179,74.046928
2662,1,1,2025-09-09,Poland,Turkey,89.285547,91.422391
2662,2,1,2025-09-09,Lithuania,Greece,102.37994,93.136411
2662,3,1,2025-09-10,Finland,Georgia,109.40263,78.058172
2662,4,1,2025-09-10,Germany,Slovenia,108.89984,89.793147
2663,1,1,2025-09-09,Poland,Turkey,69.257836,99.591421
2663,2,1,2025-09-09,Lithuania,Greece,96.336664,87.80493
2663,3,1,2025-09-10,Finland,Georgia,96.73913,69.968213
2663,4,1,2025-09-10,Germany,Slovenia,104.24353,83.972224
2664,1,1,2025-09-09,Poland,Turkey,85.194276,106.11587
2664,2,1,2025-09-09,Lithuania,Greece,72.73983,73.03027
2664,3,1,2025-09-10,Finland,Georgia,96.25614,63.612175
2664,4,1,2025-09-10,Germany,Slovenia,110.56159,86.624863
2665,1,1,2025-09-09,Poland,Turkey,78.343199,93.3459
2665,2,1,2025-09-09,Lithuania,Greece,98.538929,72.806561
2665,3,1,2025-09-10,Finland,Georgia,104.6905,91.872461
2665,4,1,2025-09-10,Germany,Slovenia,99.358829,89.10593
2666,1,1,2025-09-09,Poland,Turkey,81.529512,77.519811
2666,2,1,2025-09-09,Lithuania,Greece,79.142665,64.62175
2666,3,1,2025-09-10,Finland,Georgia,98.558955,72.585096
2666,4,1,2025-09-10,Germany,Slovenia,102.09733,99.617741
2667,1,1,2025-09-09,Poland,Turkey,82.67603,100.91715
2667,2,1,2025-09-09,Lithuania,Greece,96.046679,82.464787
2667,3,1,2025-09-10,Finland,Georgia,98.986785,94.308548
2667,4,1,2025-09-10,Germany,Slovenia,115.68037,84.337148
2668,1,1,2025-09-09,Poland,Turkey,68.065158,93.765564
2668,2,1,2025-09-09,Lithuania,Greece,98.936885,90.069202
2668,3,1,2025-09-10,Finland,Georgia,103.7253,76.22254
2668,4,1,2025-09-10,Germany,Slovenia,113.63737,86.441254
2669,1,1,2025-09-09,Poland,Turkey,64.760627,71.121138
2669,2,1,2025-09-09,Lithuania,Greece,77.101203,72.055837
2669,3,1,2025-09-10,Finland,Georgia,104.13265,74.598427
2669,4,1,2025-09-10,Germany,Slovenia,90.30942,88.969124
2670,1,1,2025-09-09,Poland,Turkey,80.04395,93.408337
2670,2,1,2025-09-09,Lithuania,Greece,83.958634,64.049664
2670,3,1,2025-09-10,Finland,Georgia,103.43719,87.442221
2670,4,1,2025-09-10,Germany,Slovenia,89.16422,88.64445
2671,1,1,2025-09-09,Poland,Turkey,77.70618,97.6789
2671,2,1,2025-09-09,Lithuania,Greece,102.7416,75.313296
2671,3,1,2025-09-10,Finland,Georgia,100.75625,75.904096
2671,4,1,2025-09-10,Germany,Slovenia,107.63982,92.394418
2672,1,1,2025-09-09,Poland,Turkey,81.809272000000007,64.089885
2672,2,1,2025-09-09,Lithuania,Greece,86.769876,99.010152
2672,3,1,2025-09-10,Finland,Georgia,101.71098,79.745155
2672,4,1,2025-09-10,Germany,Slovenia,101.27036,85.120112
2673,1,1,2025-09-09,Poland,Turkey,64.795677,84.920988
2673,2,1,2025-09-09,Lithuania,Greece,89.024116,84.087914
2673,3,1,2025-09-10,Finland,Georgia,107.41215,66.504059
2673,4,1,2025-09-10,Germany,Slovenia,113.98348,87.367513
2674,1,1,2025-09-09,Poland,Turkey,68.53586,112.05033
2674,2,1,2025-09-09,Lithuania,Greece,84.376059,90.507448
2674,3,1,2025-09-10,Finland,Georgia,85.474861,79.990141
2674,4,1,2025-09-10,Germany,Slovenia,121.57367,102.95791
2675,1,1,2025-09-09,Poland,Turkey,71.392306,118.75868
2675,2,1,2025-09-09,Lithuania,Greece,83.703475,89.950939
2675,3,1,2025-09-10,Finland,Georgia,106.546,77.833661
2675,4,1,2025-09-10,Germany,Slovenia,124.27749,87.086148
2676,1,1,2025-09-09,Poland,Turkey,94.31515,88.302951
2676,2,1,2025-09-09,Lithuania,Greece,78.031985,67.564315
2676,3,1,2025-09-10,Finland,Georgia,90.123522,77.187283
2676,4,1,2025-09-10,Germany,Slovenia,96.539425,94.508814
2677,1,1,2025-09-09,Poland,Turkey,84.285366,83.274343
2677,2,1,2025-09-09,Lithuania,Greece,82.081119,76.916532
2677,3,1,2025-09-10,Finland,Georgia,94.809861,60.099504
2677,4,1,2025-09-10,Germany,Slovenia,99.18528,79.893145
2678,1,1,2025-09-09,Poland,Turkey,72.63958,72.483084
2678,2,1,2025-09-09,Lithuania,Greece,90.861743,78.408497
2678,3,1,2025-09-10,Finland,Georgia,103.89141,82.84369
2678,4,1,2025-09-10,Germany,Slovenia,87.304521,79.644612
2679,1,1,2025-09-09,Poland,Turkey,100.31765,74.728683
2679,2,1,2025-09-09,Lithuania,Greece,68.299987,69.336813
2679,3,1,2025-09-10,Finland,Georgia,102.24977,79.786645
2679,4,1,2025-09-10,Germany,Slovenia,89.016493,71.784466
2680,1,1,2025-09-09,Poland,Turkey,92.655649,110.85928
2680,2,1,2025-09-09,Lithuania,Greece,107.70793,83.367489
2680,3,1,2025-09-10,Finland,Georgia,91.803619,56.980629
2680,4,1,2025-09-10,Germany,Slovenia,88.116014,97.514622
2681,1,1,2025-09-09,Poland,Turkey,60.697253,84.070086
2681,2,1,2025-09-09,Lithuania,Greece,92.620114,74.855006
2681,3,1,2025-09-10,Finland,Georgia,118.59848,104.73712
2681,4,1,2025-09-10,Germany,Slovenia,120.08763,93.140408
2682,1,1,2025-09-09,Poland,Turkey,82.621317,89.79311
2682,2,1,2025-09-09,Lithuania,Greece,76.608601,68.607951
2682,3,1,2025-09-10,Finland,Georgia,97.417804,79.127515
2682,4,1,2025-09-10,Germany,Slovenia,115.50292,87.321569
2683,1,1,2025-09-09,Poland,Turkey,83.013394,102.219
2683,2,1,2025-09-09,Lithuania,Greece,72.87636,69.959598
2683,3,1,2025-09-10,Finland,Georgia,95.16379,81.674294
2683,4,1,2025-09-10,Germany,Slovenia,111.09401,84.990531
2684,1,1,2025-09-09,Poland,Turkey,65.073178,80.429696
2684,2,1,2025-09-09,Lithuania,Greece,67.732511,76.924491
2684,3,1,2025-09-10,Finland,Georgia,90.701123,79.51419
2684,4,1,2025-09-10,Germany,Slovenia,102.17724,83.525579
2685,1,1,2025-09-09,Poland,Turkey,63.61672,77.238903
2685,2,1,2025-09-09,Lithuania,Greece,72.591652,71.410392
2685,3,1,2025-09-10,Finland,Georgia,101.94727,80.502061
2685,4,1,2025-09-10,Germany,Slovenia,103.19245,68.859724
2686,1,1,2025-09-09,Poland,Turkey,72.065878,95.364728
2686,2,1,2025-09-09,Lithuania,Greece,91.151977,102.4657
2686,3,1,2025-09-10,Finland,Georgia,113.47702,73.655207
2686,4,1,2025-09-10,Germany,Slovenia,107.81702,105.4605
2687,1,1,2025-09-09,Poland,Turkey,78.698694,103.13784
2687,2,1,2025-09-09,Lithuania,Greece,89.55762,70.371575000000007
2687,3,1,2025-09-10,Finland,Georgia,102.11092,71.642498
2687,4,1,2025-09-10,Germany,Slovenia,119.71084,86.331941
2688,1,1,2025-09-09,Poland,Turkey,61.622493,95.996751
2688,2,1,2025-09-09,Lithuania,Greece,89.179745,89.677738
2688,3,1,2025-09-10,Finland,Georgia,73.086017,66.768082
2688,4,1,2025-09-10,Germany,Slovenia,88.270033,82.027538
2689,1,1,2025-09-09,Poland,Turkey,68.937848,86.488772
2689,2,1,2025-09-09,Lithuania,Greece,90.841206,78.926874
2689,3,1,2025-09-10,Finland,Georgia,107.08111,83.564794
2689,4,1,2025-09-10,Germany,Slovenia,103.80512,77.817123
2690,1,1,2025-09-09,Poland,Turkey,79.664058,77.150734
2690,2,1,2025-09-09,Lithuania,Greece,99.788376,75.959733
2690,3,1,2025-09-10,Finland,Georgia,104.89842,72.984785
2690,4,1,2025-09-10,Germany,Slovenia,83.932005,75.130044
2691,1,1,2025-09-09,Poland,Turkey,95.651815,76.782592
2691,2,1,2025-09-09,Lithuania,Greece,78.019837,72.264914
2691,3,1,2025-09-10,Finland,Georgia,94.5449,71.678517
2691,4,1,2025-09-10,Germany,Slovenia,127.42966,78.846536
2692,1,1,2025-09-09,Poland,Turkey,83.695779,84.928523
2692,2,1,2025-09-09,Lithuania,Greece,97.369869,85.493425
2692,3,1,2025-09-10,Finland,Georgia,91.114978,70.755593
2692,4,1,2025-09-10,Germany,Slovenia,112.78983,98.515393
2693,1,1,2025-09-09,Poland,Turkey,78.954506,100.12062
2693,2,1,2025-09-09,Lithuania,Greece,93.723549,88.15579
2693,3,1,2025-09-10,Finland,Georgia,107.25483,84.278109
2693,4,1,2025-09-10,Germany,Slovenia,98.485986,83.7449
2694,1,1,2025-09-09,Poland,Turkey,83.869668,71.186048
2694,2,1,2025-09-09,Lithuania,Greece,72.963686,79.519096
2694,3,1,2025-09-10,Finland,Georgia,77.623092,61.155432
2694,4,1,2025-09-10,Germany,Slovenia,114.95047,80.120297
2695,1,1,2025-09-09,Poland,Turkey,60.045422,92.701281
2695,2,1,2025-09-09,Lithuania,Greece,75.594593,82.251975
2695,3,1,2025-09-10,Finland,Georgia,82.149322,77.489732
2695,4,1,2025-09-10,Germany,Slovenia,109.50654,76.18167
2696,1,1,2025-09-09,Poland,Turkey,86.099546,86.636112
2696,2,1,2025-09-09,Lithuania,Greece,88.469143,81.222976
2696,3,1,2025-09-10,Finland,Georgia,89.947302,69.933115
2696,4,1,2025-09-10,Germany,Slovenia,114.49586,86.220921
2697,1,1,2025-09-09,Poland,Turkey,79.652019,95.920873
2697,2,1,2025-09-09,Lithuania,Greece,81.839072,58.573535
2697,3,1,2025-09-10,Finland,Georgia,90.375663,60.026691
2697,4,1,2025-09-10,Germany,Slovenia,117.91095,84.699794
2698,1,1,2025-09-09,Poland,Turkey,64.498667,93.930845
2698,2,1,2025-09-09,Lithuania,Greece,102.85732,74.154119
2698,3,1,2025-09-10,Finland,Georgia,93.261188,76.458422
2698,4,1,2025-09-10,Germany,Slovenia,120.98433,85.364043
2699,1,1,2025-09-09,Poland,Turkey,79.114489,72.517573
2699,2,1,2025-09-09,Lithuania,Greece,73.489446,88.842662
2699,3,1,2025-09-10,Finland,Georgia,107.12292,67.665525
2699,4,1,2025-09-10,Germany,Slovenia,127.79538,85.439358
2700,1,1,2025-09-09,Poland,Turkey,63.781797,79.269873
2700,2,1,2025-09-09,Lithuania,Greece,85.61037,60.27104
2700,3,1,2025-09-10,Finland,Georgia,118.26754,88.212743
2700,4,1,2025-09-10,Germany,Slovenia,99.826978,67.565215
2701,1,1,2025-09-09,Poland,Turkey,76.04051,84.313297
2701,2,1,2025-09-09,Lithuania,Greece,83.93489,90.963914
2701,3,1,2025-09-10,Finland,Georgia,97.926139,88.208517
2701,4,1,2025-09-10,Germany,Slovenia,113.18514,98.434242
2702,1,1,2025-09-09,Poland,Turkey,88.19256,92.888179
2702,2,1,2025-09-09,Lithuania,Greece,96.675466,85.540072
2702,3,1,2025-09-10,Finland,Georgia,101.93666,65.276144
2702,4,1,2025-09-10,Germany,Slovenia,101.66741,77.86074
2703,1,1,2025-09-09,Poland,Turkey,59.685104,94.312814
2703,2,1,2025-09-09,Lithuania,Greece,83.632983,64.491815
2703,3,1,2025-09-10,Finland,Georgia,105.65658,81.292402
2703,4,1,2025-09-10,Germany,Slovenia,98.398311,89.166487
2704,1,1,2025-09-09,Poland,Turkey,94.34126,99.364822
2704,2,1,2025-09-09,Lithuania,Greece,116.99151,64.953991
2704,3,1,2025-09-10,Finland,Georgia,105.76393,89.251197
2704,4,1,2025-09-10,Germany,Slovenia,109.23767,96.380428
2705,1,1,2025-09-09,Poland,Turkey,76.473344,77.743532
2705,2,1,2025-09-09,Lithuania,Greece,81.060298,65.203279
2705,3,1,2025-09-10,Finland,Georgia,107.29968,74.239031
2705,4,1,2025-09-10,Germany,Slovenia,102.30404,68.168515
2706,1,1,2025-09-09,Poland,Turkey,77.14204,77.629254
2706,2,1,2025-09-09,Lithuania,Greece,89.525169,87.534851
2706,3,1,2025-09-10,Finland,Georgia,80.708241,85.000706
2706,4,1,2025-09-10,Germany,Slovenia,101.48781,96.131139
2707,1,1,2025-09-09,Poland,Turkey,83.808855,97.715029
2707,2,1,2025-09-09,Lithuania,Greece,104.85416,76.681856
2707,3,1,2025-09-10,Finland,Georgia,104.03567,85.155923
2707,4,1,2025-09-10,Germany,Slovenia,83.404077,43.186826
2708,1,1,2025-09-09,Poland,Turkey,86.706332,100.19674
2708,2,1,2025-09-09,Lithuania,Greece,82.806622,70.753426
2708,3,1,2025-09-10,Finland,Georgia,91.719355,80.693939
2708,4,1,2025-09-10,Germany,Slovenia,103.48174,92.474492
2709,1,1,2025-09-09,Poland,Turkey,76.849065,85.152918
2709,2,1,2025-09-09,Lithuania,Greece,79.040026,81.624743
2709,3,1,2025-09-10,Finland,Georgia,89.104169,81.72883
2709,4,1,2025-09-10,Germany,Slovenia,109.07483,85.191556
2710,1,1,2025-09-09,Poland,Turkey,75.781262,90.490942
2710,2,1,2025-09-09,Lithuania,Greece,91.898041,68.86103
2710,3,1,2025-09-10,Finland,Georgia,81.18273,69.329098
2710,4,1,2025-09-10,Germany,Slovenia,104.19697,80.061096
2711,1,1,2025-09-09,Poland,Turkey,84.612424,91.518154
2711,2,1,2025-09-09,Lithuania,Greece,96.027846,80.230364
2711,3,1,2025-09-10,Finland,Georgia,70.00238,59.996004
2711,4,1,2025-09-10,Germany,Slovenia,92.837329,89.06328
2712,1,1,2025-09-09,Poland,Turkey,75.768402,89.417292
2712,2,1,2025-09-09,Lithuania,Greece,84.946485,95.55669
2712,3,1,2025-09-10,Finland,Georgia,81.390103,55.495417
2712,4,1,2025-09-10,Germany,Slovenia,106.46044,85.763046
2713,1,1,2025-09-09,Poland,Turkey,62.645894,92.540725
2713,2,1,2025-09-09,Lithuania,Greece,88.243964,77.93472
2713,3,1,2025-09-10,Finland,Georgia,77.272457,80.345209
2713,4,1,2025-09-10,Germany,Slovenia,115.9412,80.321128
2714,1,1,2025-09-09,Poland,Turkey,79.306782,105.76565
2714,2,1,2025-09-09,Lithuania,Greece,70.191513,64.456889
2714,3,1,2025-09-10,Finland,Georgia,111.38726,71.004304
2714,4,1,2025-09-10,Germany,Slovenia,95.34368,100.47382
2715,1,1,2025-09-09,Poland,Turkey,79.979213,89.489657
2715,2,1,2025-09-09,Lithuania,Greece,96.023059,85.215087
2715,3,1,2025-09-10,Finland,Georgia,99.567627,82.25169
2715,4,1,2025-09-10,Germany,Slovenia,106.33062,89.145158
2716,1,1,2025-09-09,Poland,Turkey,76.433867,79.596802
2716,2,1,2025-09-09,Lithuania,Greece,99.54532,87.90999
2716,3,1,2025-09-10,Finland,Georgia,97.026812,72.921129
2716,4,1,2025-09-10,Germany,Slovenia,96.564506,84.292789
2717,1,1,2025-09-09,Poland,Turkey,74.823536,90.898234
2717,2,1,2025-09-09,Lithuania,Greece,84.122652,68.469626
2717,3,1,2025-09-10,Finland,Georgia,107.26094,119.91221
2717,4,1,2025-09-10,Germany,Slovenia,97.19569,88.198347
2718,1,1,2025-09-09,Poland,Turkey,84.243063,85.595265
2718,2,1,2025-09-09,Lithuania,Greece,83.940385,75.931097
2718,3,1,2025-09-10,Finland,Georgia,101.85432,93.647179
2718,4,1,2025-09-10,Germany,Slovenia,97.065534,73.726583
2719,1,1,2025-09-09,Poland,Turkey,65.885046,80.548259
2719,2,1,2025-09-09,Lithuania,Greece,95.055876,76.217405
2719,3,1,2025-09-10,Finland,Georgia,69.531377,49.618879
2719,4,1,2025-09-10,Germany,Slovenia,94.420722,90.553361
2720,1,1,2025-09-09,Poland,Turkey,99.069217,91.577365
2720,2,1,2025-09-09,Lithuania,Greece,84.601137,80.23454
2720,3,1,2025-09-10,Finland,Georgia,98.282704,71.346488
2720,4,1,2025-09-10,Germany,Slovenia,116.80083,93.375093
2721,1,1,2025-09-09,Poland,Turkey,80.975444,88.162671
2721,2,1,2025-09-09,Lithuania,Greece,96.417875,67.115718
2721,3,1,2025-09-10,Finland,Georgia,75.721972,66.924268
2721,4,1,2025-09-10,Germany,Slovenia,100.52833,88.110082
2722,1,1,2025-09-09,Poland,Turkey,74.542526,81.98079
2722,2,1,2025-09-09,Lithuania,Greece,74.566891,88.682711
2722,3,1,2025-09-10,Finland,Georgia,101.85136,68.428708
2722,4,1,2025-09-10,Germany,Slovenia,129.41484,97.783286
2723,1,1,2025-09-09,Poland,Turkey,95.172738,80.192144
2723,2,1,2025-09-09,Lithuania,Greece,100.27,63.072054
2723,3,1,2025-09-10,Finland,Georgia,114.29955,66.029224
2723,4,1,2025-09-10,Germany,Slovenia,105.80043,83.353602
2724,1,1,2025-09-09,Poland,Turkey,83.084426,107.56607
2724,2,1,2025-09-09,Lithuania,Greece,79.68536,68.681356
2724,3,1,2025-09-10,Finland,Georgia,85.770829,61.735997
2724,4,1,2025-09-10,Germany,Slovenia,94.606698,76.232868
2725,1,1,2025-09-09,Poland,Turkey,79.873419,95.326208
2725,2,1,2025-09-09,Lithuania,Greece,74.727747,72.011794
2725,3,1,2025-09-10,Finland,Georgia,94.080404,95.263956
2725,4,1,2025-09-10,Germany,Slovenia,117.59662,84.991143
2726,1,1,2025-09-09,Poland,Turkey,68.907394,63.159646
2726,2,1,2025-09-09,Lithuania,Greece,73.987984,75.806786
2726,3,1,2025-09-10,Finland,Georgia,102.26466,89.484274
2726,4,1,2025-09-10,Germany,Slovenia,101.8388,82.029445
2727,1,1,2025-09-09,Poland,Turkey,43.087275,76.542501
2727,2,1,2025-09-09,Lithuania,Greece,89.210123,75.575086
2727,3,1,2025-09-10,Finland,Georgia,117.53613,92.360235
2727,4,1,2025-09-10,Germany,Slovenia,126.18568,80.307989
2728,1,1,2025-09-09,Poland,Turkey,75.493468,88.492989
2728,2,1,2025-09-09,Lithuania,Greece,92.21415,81.370042
2728,3,1,2025-09-10,Finland,Georgia,104.11795,66.666506
2728,4,1,2025-09-10,Germany,Slovenia,123.59856,81.294871
2729,1,1,2025-09-09,Poland,Turkey,61.241403,105.02244
2729,2,1,2025-09-09,Lithuania,Greece,103.96291,107.50506
2729,3,1,2025-09-10,Finland,Georgia,95.85682,72.61079
2729,4,1,2025-09-10,Germany,Slovenia,101.62636,78.482047
2730,1,1,2025-09-09,Poland,Turkey,105.02039,84.707913
2730,2,1,2025-09-09,Lithuania,Greece,101.06165,75.415066
2730,3,1,2025-09-10,Finland,Georgia,104.25068,81.468824
2730,4,1,2025-09-10,Germany,Slovenia,99.899011,87.077327
2731,1,1,2025-09-09,Poland,Turkey,75.786037,114.1698
2731,2,1,2025-09-09,Lithuania,Greece,59.422026,92.328032
2731,3,1,2025-09-10,Finland,Georgia,99.528145,59.538252
2731,4,1,2025-09-10,Germany,Slovenia,104.28692,82.8212
2732,1,1,2025-09-09,Poland,Turkey,77.235542,84.245599
2732,2,1,2025-09-09,Lithuania,Greece,76.165129,89.159055
2732,3,1,2025-09-10,Finland,Georgia,104.7914,60.883163
2732,4,1,2025-09-10,Germany,Slovenia,113.90703,94.670159
2733,1,1,2025-09-09,Poland,Turkey,82.931518,94.752137
2733,2,1,2025-09-09,Lithuania,Greece,79.643813,62.407572
2733,3,1,2025-09-10,Finland,Georgia,103.046,65.051446
2733,4,1,2025-09-10,Germany,Slovenia,108.54027,107.79756
2734,1,1,2025-09-09,Poland,Turkey,105.86996,78.337826
2734,2,1,2025-09-09,Lithuania,Greece,98.581982,59.040324
2734,3,1,2025-09-10,Finland,Georgia,92.34571,83.361903
2734,4,1,2025-09-10,Germany,Slovenia,92.702616,88.608056
2735,1,1,2025-09-09,Poland,Turkey,80.084738,81.59344
2735,2,1,2025-09-09,Lithuania,Greece,85.295298,71.963342
2735,3,1,2025-09-10,Finland,Georgia,108.93887,84.901074
2735,4,1,2025-09-10,Germany,Slovenia,96.986729,86.364772
2736,1,1,2025-09-09,Poland,Turkey,81.486089,73.955606
2736,2,1,2025-09-09,Lithuania,Greece,91.174631,81.519564
2736,3,1,2025-09-10,Finland,Georgia,81.850407,79.930959
2736,4,1,2025-09-10,Germany,Slovenia,103.56905,95.172857
2737,1,1,2025-09-09,Poland,Turkey,89.217509,81.521463
2737,2,1,2025-09-09,Lithuania,Greece,84.714302,62.753876
2737,3,1,2025-09-10,Finland,Georgia,106.46923,60.334094
2737,4,1,2025-09-10,Germany,Slovenia,108.95268,94.779761
2738,1,1,2025-09-09,Poland,Turkey,79.867848,77.750602
2738,2,1,2025-09-09,Lithuania,Greece,79.784219,76.14818
2738,3,1,2025-09-10,Finland,Georgia,78.349527,66.928743
2738,4,1,2025-09-10,Germany,Slovenia,110.07158,98.522678
2739,1,1,2025-09-09,Poland,Turkey,85.159897,96.196384
2739,2,1,2025-09-09,Lithuania,Greece,84.032888,77.208248
2739,3,1,2025-09-10,Finland,Georgia,98.228271,73.294778
2739,4,1,2025-09-10,Germany,Slovenia,104.80741,86.91041
2740,1,1,2025-09-09,Poland,Turkey,74.329925,87.997089
2740,2,1,2025-09-09,Lithuania,Greece,88.514095,77.156589
2740,3,1,2025-09-10,Finland,Georgia,105.13318,74.677065
2740,4,1,2025-09-10,Germany,Slovenia,117.30991,101.82105
2741,1,1,2025-09-09,Poland,Turkey,73.147026,76.590176
2741,2,1,2025-09-09,Lithuania,Greece,81.117274,77.26364
2741,3,1,2025-09-10,Finland,Georgia,83.215016,83.544864
2741,4,1,2025-09-10,Germany,Slovenia,107.72671,79.111318
2742,1,1,2025-09-09,Poland,Turkey,75.854326,79.585106
2742,2,1,2025-09-09,Lithuania,Greece,86.459263000000007,59.634088
2742,3,1,2025-09-10,Finland,Georgia,96.043504,67.722361
2742,4,1,2025-09-10,Germany,Slovenia,112.7817,84.649831
2743,1,1,2025-09-09,Poland,Turkey,52.499166,38.278292
2743,2,1,2025-09-09,Lithuania,Greece,96.026121,73.890501
2743,3,1,2025-09-10,Finland,Georgia,89.845958,72.542773
2743,4,1,2025-09-10,Germany,Slovenia,113.76071,97.617282
2744,1,1,2025-09-09,Poland,Turkey,83.018986,105.75498
2744,2,1,2025-09-09,Lithuania,Greece,78.140798,67.666105
2744,3,1,2025-09-10,Finland,Georgia,105.97077,74.940973
2744,4,1,2025-09-10,Germany,Slovenia,111.15299,74.411764
2745,1,1,2025-09-09,Poland,Turkey,87.879855,90.642979
2745,2,1,2025-09-09,Lithuania,Greece,79.712992,62.467629
2745,3,1,2025-09-10,Finland,Georgia,105.71621,77.331473
2745,4,1,2025-09-10,Germany,Slovenia,87.119504,88.039891
2746,1,1,2025-09-09,Poland,Turkey,96.673324,73.26019
2746,2,1,2025-09-09,Lithuania,Greece,90.371856,85.472631
2746,3,1,2025-09-10,Finland,Georgia,78.569616,80.766327
2746,4,1,2025-09-10,Germany,Slovenia,95.671229,81.986762
2747,1,1,2025-09-09,Poland,Turkey,90.612999,101.98185
2747,2,1,2025-09-09,Lithuania,Greece,83.658433,80.749415
2747,3,1,2025-09-10,Finland,Georgia,101.53395,76.506429
2747,4,1,2025-09-10,Germany,Slovenia,107.44906,89.304821
2748,1,1,2025-09-09,Poland,Turkey,61.641681,81.585547
2748,2,1,2025-09-09,Lithuania,Greece,76.376278,75.789969
2748,3,1,2025-09-10,Finland,Georgia,100.5024,67.475836
2748,4,1,2025-09-10,Germany,Slovenia,104.12837,72.853221
2749,1,1,2025-09-09,Poland,Turkey,88.712683,98.935841
2749,2,1,2025-09-09,Lithuania,Greece,93.669511,72.173935
2749,3,1,2025-09-10,Finland,Georgia,99.244904,67.88653
2749,4,1,2025-09-10,Germany,Slovenia,124.26278,102.78629
2750,1,1,2025-09-09,Poland,Turkey,98.444091,111.76431
2750,2,1,2025-09-09,Lithuania,Greece,81.728394,63.30824
2750,3,1,2025-09-10,Finland,Georgia,109.84668,66.890377
2750,4,1,2025-09-10,Germany,Slovenia,108.64183,86.985374
2751,1,1,2025-09-09,Poland,Turkey,74.439426,90.853912
2751,2,1,2025-09-09,Lithuania,Greece,101.29584,80.900324
2751,3,1,2025-09-10,Finland,Georgia,85.118189,74.69745
2751,4,1,2025-09-10,Germany,Slovenia,96.67417,71.668191
2752,1,1,2025-09-09,Poland,Turkey,88.970607,81.571036
2752,2,1,2025-09-09,Lithuania,Greece,92.739929,85.909286
2752,3,1,2025-09-10,Finland,Georgia,96.437764,80.380266
2752,4,1,2025-09-10,Germany,Slovenia,94.899273,75.926036
2753,1,1,2025-09-09,Poland,Turkey,83.887119,94.528524
2753,2,1,2025-09-09,Lithuania,Greece,73.677177,78.09475
2753,3,1,2025-09-10,Finland,Georgia,106.01974,72.999724
2753,4,1,2025-09-10,Germany,Slovenia,114.06596,106.69072
2754,1,1,2025-09-09,Poland,Turkey,69.629799,85.613235
2754,2,1,2025-09-09,Lithuania,Greece,79.966948,74.276577
2754,3,1,2025-09-10,Finland,Georgia,94.477889,75.985099
2754,4,1,2025-09-10,Germany,Slovenia,91.100375,81.988762
2755,1,1,2025-09-09,Poland,Turkey,79.252542,91.197664
2755,2,1,2025-09-09,Lithuania,Greece,98.728335,78.454372
2755,3,1,2025-09-10,Finland,Georgia,121.11221,81.405089
2755,4,1,2025-09-10,Germany,Slovenia,117.83254,74.725626
2756,1,1,2025-09-09,Poland,Turkey,50.166405,70.607039
2756,2,1,2025-09-09,Lithuania,Greece,83.235329,71.036939
2756,3,1,2025-09-10,Finland,Georgia,90.880906,63.475091
2756,4,1,2025-09-10,Germany,Slovenia,125.10355,107.94237
2757,1,1,2025-09-09,Poland,Turkey,72.050574,100.81242
2757,2,1,2025-09-09,Lithuania,Greece,98.307307,89.851184
2757,3,1,2025-09-10,Finland,Georgia,98.893197,58.513391
2757,4,1,2025-09-10,Germany,Slovenia,90.877041,94.801423
2758,1,1,2025-09-09,Poland,Turkey,76.034622,99.290084
2758,2,1,2025-09-09,Lithuania,Greece,106.10699,75.554555
2758,3,1,2025-09-10,Finland,Georgia,83.120306,54.792026
2758,4,1,2025-09-10,Germany,Slovenia,107.34486,74.725657
2759,1,1,2025-09-09,Poland,Turkey,73.283767,92.360668
2759,2,1,2025-09-09,Lithuania,Greece,83.028111,80.265873
2759,3,1,2025-09-10,Finland,Georgia,95.267087,83.489579
2759,4,1,2025-09-10,Germany,Slovenia,108.18582,82.191104
2760,1,1,2025-09-09,Poland,Turkey,84.522996,76.249169
2760,2,1,2025-09-09,Lithuania,Greece,85.680047,93.760447
2760,3,1,2025-09-10,Finland,Georgia,78.650457,79.277347
2760,4,1,2025-09-10,Germany,Slovenia,89.83601,99.666279
2761,1,1,2025-09-09,Poland,Turkey,84.447488,89.424879
2761,2,1,2025-09-09,Lithuania,Greece,72.062523,59.784174
2761,3,1,2025-09-10,Finland,Georgia,105.75857,88.818492
2761,4,1,2025-09-10,Germany,Slovenia,98.937549,82.421809
2762,1,1,2025-09-09,Poland,Turkey,96.236743,87.453906
2762,2,1,2025-09-09,Lithuania,Greece,74.384373,72.243017
2762,3,1,2025-09-10,Finland,Georgia,75.209318,100.03676
2762,4,1,2025-09-10,Germany,Slovenia,107.56336,75.676258
2763,1,1,2025-09-09,Poland,Turkey,63.130393,89.292397
2763,2,1,2025-09-09,Lithuania,Greece,79.768851,79.658119
2763,3,1,2025-09-10,Finland,Georgia,108.09921,77.824118
2763,4,1,2025-09-10,Germany,Slovenia,106.91802,84.527847
2764,1,1,2025-09-09,Poland,Turkey,80.229015,100.7395
2764,2,1,2025-09-09,Lithuania,Greece,72.642742,65.817373
2764,3,1,2025-09-10,Finland,Georgia,106.61571000000001,82.105084
2764,4,1,2025-09-10,Germany,Slovenia,115.05812,88.344471
2765,1,1,2025-09-09,Poland,Turkey,89.357227,80.860695
2765,2,1,2025-09-09,Lithuania,Greece,69.24222,82.442909
2765,3,1,2025-09-10,Finland,Georgia,82.485092,67.16786
2765,4,1,2025-09-10,Germany,Slovenia,108.43182,55.568088
2766,1,1,2025-09-09,Poland,Turkey,59.980329,86.923796
2766,2,1,2025-09-09,Lithuania,Greece,77.705097,64.569504
2766,3,1,2025-09-10,Finland,Georgia,78.147911,69.503303
2766,4,1,2025-09-10,Germany,Slovenia,92.636908,102.63548
2767,1,1,2025-09-09,Poland,Turkey,82.391653,90.539488
2767,2,1,2025-09-09,Lithuania,Greece,84.516073,76.51017
2767,3,1,2025-09-10,Finland,Georgia,103.77546,91.779154
2767,4,1,2025-09-10,Germany,Slovenia,100.09552,104.20858
2768,1,1,2025-09-09,Poland,Turkey,85.667279,82.421277
2768,2,1,2025-09-09,Lithuania,Greece,90.011225,69.725114
2768,3,1,2025-09-10,Finland,Georgia,94.979027,101.26082
2768,4,1,2025-09-10,Germany,Slovenia,103.1438,78.114701
2769,1,1,2025-09-09,Poland,Turkey,66.114382,81.473934
2769,2,1,2025-09-09,Lithuania,Greece,80.131687,86.196544
2769,3,1,2025-09-10,Finland,Georgia,91.925601,75.256621
2769,4,1,2025-09-10,Germany,Slovenia,95.613129,65.272942
2770,1,1,2025-09-09,Poland,Turkey,90.245836,112.20861
2770,2,1,2025-09-09,Lithuania,Greece,84.539992,73.173656
2770,3,1,2025-09-10,Finland,Georgia,55.76385,69.479685
2770,4,1,2025-09-10,Germany,Slovenia,87.921083,76.732496
2771,1,1,2025-09-09,Poland,Turkey,80.084495,88.143404
2771,2,1,2025-09-09,Lithuania,Greece,68.324348,67.343281
2771,3,1,2025-09-10,Finland,Georgia,81.07283,77.438009
2771,4,1,2025-09-10,Germany,Slovenia,92.615197,89.223109
2772,1,1,2025-09-09,Poland,Turkey,88.967603,89.423474
2772,2,1,2025-09-09,Lithuania,Greece,84.30243,63.807152
2772,3,1,2025-09-10,Finland,Georgia,115.65525,65.98827
2772,4,1,2025-09-10,Germany,Slovenia,110.20112,76.730352
2773,1,1,2025-09-09,Poland,Turkey,88.348289,79.631474
2773,2,1,2025-09-09,Lithuania,Greece,82.699651,76.135294
2773,3,1,2025-09-10,Finland,Georgia,111.70326,63.351764
2773,4,1,2025-09-10,Germany,Slovenia,112.0403,71.70262
2774,1,1,2025-09-09,Poland,Turkey,91.608982,90.106756
2774,2,1,2025-09-09,Lithuania,Greece,78.462203,75.494454
2774,3,1,2025-09-10,Finland,Georgia,95.143504,93.259375
2774,4,1,2025-09-10,Germany,Slovenia,103.29583,79.602704
2775,1,1,2025-09-09,Poland,Turkey,75.418454,59.078724
2775,2,1,2025-09-09,Lithuania,Greece,105.40748,87.575775
2775,3,1,2025-09-10,Finland,Georgia,98.965407,81.569319
2775,4,1,2025-09-10,Germany,Slovenia,106.71212,81.845225
2776,1,1,2025-09-09,Poland,Turkey,58.889325,86.152837
2776,2,1,2025-09-09,Lithuania,Greece,95.464807,72.794318
2776,3,1,2025-09-10,Finland,Georgia,93.427098,75.699874
2776,4,1,2025-09-10,Germany,Slovenia,85.805776,84.240883
2777,1,1,2025-09-09,Poland,Turkey,74.772873,71.75301
2777,2,1,2025-09-09,Lithuania,Greece,99.282316,84.213242
2777,3,1,2025-09-10,Finland,Georgia,81.578323,68.625898
2777,4,1,2025-09-10,Germany,Slovenia,108.04771,90.156215
2778,1,1,2025-09-09,Poland,Turkey,82.607079,100.21643
2778,2,1,2025-09-09,Lithuania,Greece,101.34441,79.982632
2778,3,1,2025-09-10,Finland,Georgia,82.42863,67.290282
2778,4,1,2025-09-10,Germany,Slovenia,115.84755,87.50381
2779,1,1,2025-09-09,Poland,Turkey,71.098518,82.59178
2779,2,1,2025-09-09,Lithuania,Greece,74.732097,83.2446
2779,3,1,2025-09-10,Finland,Georgia,102.08715,62.723595
2779,4,1,2025-09-10,Germany,Slovenia,103.52405,96.341222
2780,1,1,2025-09-09,Poland,Turkey,76.42237,85.772399
2780,2,1,2025-09-09,Lithuania,Greece,89.633582,80.280441
2780,3,1,2025-09-10,Finland,Georgia,90.874712,62.320556
2780,4,1,2025-09-10,Germany,Slovenia,111.02829,81.607424
2781,1,1,2025-09-09,Poland,Turkey,78.340996,98.267866
2781,2,1,2025-09-09,Lithuania,Greece,46.200771,94.598526
2781,3,1,2025-09-10,Finland,Georgia,87.96378,65.862142
2781,4,1,2025-09-10,Germany,Slovenia,107.63769,82.346501
2782,1,1,2025-09-09,Poland,Turkey,69.089683,72.072544
2782,2,1,2025-09-09,Lithuania,Greece,85.023377,61.420742
2782,3,1,2025-09-10,Finland,Georgia,105.85343,88.380974
2782,4,1,2025-09-10,Germany,Slovenia,116.91999,90.016031
2783,1,1,2025-09-09,Poland,Turkey,84.901067,78.170835
2783,2,1,2025-09-09,Lithuania,Greece,87.790369,84.41903
2783,3,1,2025-09-10,Finland,Georgia,102.39103,70.667512
2783,4,1,2025-09-10,Germany,Slovenia,100.51109,86.789585
2784,1,1,2025-09-09,Poland,Turkey,66.320675,83.242866
2784,2,1,2025-09-09,Lithuania,Greece,77.205823,85.66609
2784,3,1,2025-09-10,Finland,Georgia,96.261503,72.256697
2784,4,1,2025-09-10,Germany,Slovenia,91.104882,70.403931
2785,1,1,2025-09-09,Poland,Turkey,86.99287,90.926384
2785,2,1,2025-09-09,Lithuania,Greece,95.082795,81.952674
2785,3,1,2025-09-10,Finland,Georgia,95.956527,86.061584
2785,4,1,2025-09-10,Germany,Slovenia,99.452536,78.06771
2786,1,1,2025-09-09,Poland,Turkey,50.958124,67.885252
2786,2,1,2025-09-09,Lithuania,Greece,80.850073,65.350491
2786,3,1,2025-09-10,Finland,Georgia,89.158964,75.428107
2786,4,1,2025-09-10,Germany,Slovenia,133.72012,112.78761
2787,1,1,2025-09-09,Poland,Turkey,63.872229,102.01813
2787,2,1,2025-09-09,Lithuania,Greece,78.895992,73.254501
2787,3,1,2025-09-10,Finland,Georgia,95.559192,82.285102
2787,4,1,2025-09-10,Germany,Slovenia,107.88961,82.715028
2788,1,1,2025-09-09,Poland,Turkey,73.90091,98.375583
2788,2,1,2025-09-09,Lithuania,Greece,89.605758,68.792929
2788,3,1,2025-09-10,Finland,Georgia,85.118313,69.11997
2788,4,1,2025-09-10,Germany,Slovenia,95.785923,93.275929
2789,1,1,2025-09-09,Poland,Turkey,66.520591,52.052402
2789,2,1,2025-09-09,Lithuania,Greece,84.090219,88.376316
2789,3,1,2025-09-10,Finland,Georgia,96.400359,82.274897
2789,4,1,2025-09-10,Germany,Slovenia,94.212855,104.3674
2790,1,1,2025-09-09,Poland,Turkey,80.980218,108.14968
2790,2,1,2025-09-09,Lithuania,Greece,100.46005,50.11303
2790,3,1,2025-09-10,Finland,Georgia,88.318332,77.342824
2790,4,1,2025-09-10,Germany,Slovenia,109.9629,83.141303
2791,1,1,2025-09-09,Poland,Turkey,79.306133,99.856052
2791,2,1,2025-09-09,Lithuania,Greece,79.932018,52.03998
2791,3,1,2025-09-10,Finland,Georgia,79.455461,85.15261
2791,4,1,2025-09-10,Germany,Slovenia,92.635934,95.487619
2792,1,1,2025-09-09,Poland,Turkey,71.861293,94.134369
2792,2,1,2025-09-09,Lithuania,Greece,97.421464,92.256946
2792,3,1,2025-09-10,Finland,Georgia,94.446696,91.944376
2792,4,1,2025-09-10,Germany,Slovenia,101.44609,51.175233
2793,1,1,2025-09-09,Poland,Turkey,76.63159,87.478834
2793,2,1,2025-09-09,Lithuania,Greece,97.925362,68.161418
2793,3,1,2025-09-10,Finland,Georgia,99.462274,80.757272
2793,4,1,2025-09-10,Germany,Slovenia,121.95964,81.412436
2794,1,1,2025-09-09,Poland,Turkey,73.037917,85.515008
2794,2,1,2025-09-09,Lithuania,Greece,68.742262,63.219517
2794,3,1,2025-09-10,Finland,Georgia,87.543117,75.482295
2794,4,1,2025-09-10,Germany,Slovenia,105.20324,89.210253
2795,1,1,2025-09-09,Poland,Turkey,77.816145,87.698861
2795,2,1,2025-09-09,Lithuania,Greece,61.585361,73.241293
2795,3,1,2025-09-10,Finland,Georgia,85.966748,62.580954
2795,4,1,2025-09-10,Germany,Slovenia,85.805505,42.644864
2796,1,1,2025-09-09,Poland,Turkey,75.616641,97.240731
2796,2,1,2025-09-09,Lithuania,Greece,95.190281,90.644102
2796,3,1,2025-09-10,Finland,Georgia,102.0993,73.4285
2796,4,1,2025-09-10,Germany,Slovenia,98.633379,87.978754
2797,1,1,2025-09-09,Poland,Turkey,80.697874,93.524293
2797,2,1,2025-09-09,Lithuania,Greece,105.23727,83.481066
2797,3,1,2025-09-10,Finland,Georgia,79.6473,92.190801
2797,4,1,2025-09-10,Germany,Slovenia,82.95027,87.691543
2798,1,1,2025-09-09,Poland,Turkey,78.750982,92.783711
2798,2,1,2025-09-09,Lithuania,Greece,110.41317,81.655886
2798,3,1,2025-09-10,Finland,Georgia,119.57746,78.008683
2798,4,1,2025-09-10,Germany,Slovenia,108.74217,97.344548
2799,1,1,2025-09-09,Poland,Turkey,76.597012,92.727962
2799,2,1,2025-09-09,Lithuania,Greece,72.90443,67.710819
2799,3,1,2025-09-10,Finland,Georgia,82.922788,55.204915
2799,4,1,2025-09-10,Germany,Slovenia,105.08618,97.043202
2800,1,1,2025-09-09,Poland,Turkey,81.708763,98.190631
2800,2,1,2025-09-09,Lithuania,Greece,83.527955,69.433423
2800,3,1,2025-09-10,Finland,Georgia,107.0275,88.585623
2800,4,1,2025-09-10,Germany,Slovenia,94.254741,96.735803
2801,1,1,2025-09-09,Poland,Turkey,77.125901,98.640431
2801,2,1,2025-09-09,Lithuania,Greece,76.335257,82.09849
2801,3,1,2025-09-10,Finland,Georgia,94.527628000000007,65.394295
2801,4,1,2025-09-10,Germany,Slovenia,114.51238,89.748355
2802,1,1,2025-09-09,Poland,Turkey,74.023064,81.446892
2802,2,1,2025-09-09,Lithuania,Greece,97.361417,71.847463
2802,3,1,2025-09-10,Finland,Georgia,108.6317,78.035034
2802,4,1,2025-09-10,Germany,Slovenia,105.36487,103.35699
2803,1,1,2025-09-09,Poland,Turkey,67.948119,107.328
2803,2,1,2025-09-09,Lithuania,Greece,84.42445,73.649428
2803,3,1,2025-09-10,Finland,Georgia,92.14279,67.976065
2803,4,1,2025-09-10,Germany,Slovenia,97.699141,99.013558
2804,1,1,2025-09-09,Poland,Turkey,87.216686,107.43782
2804,2,1,2025-09-09,Lithuania,Greece,85.960867,81.228524
2804,3,1,2025-09-10,Finland,Georgia,122.7343,86.232215
2804,4,1,2025-09-10,Germany,Slovenia,101.82701,76.065725
2805,1,1,2025-09-09,Poland,Turkey,68.646836,84.164253
2805,2,1,2025-09-09,Lithuania,Greece,74.49189,74.702586
2805,3,1,2025-09-10,Finland,Georgia,80.979192,64.35639
2805,4,1,2025-09-10,Germany,Slovenia,90.781425,86.698718
2806,1,1,2025-09-09,Poland,Turkey,77.628518,116.52893
2806,2,1,2025-09-09,Lithuania,Greece,81.896139,70.51688
2806,3,1,2025-09-10,Finland,Georgia,95.924112,90.813106
2806,4,1,2025-09-10,Germany,Slovenia,111.21796,94.666648
2807,1,1,2025-09-09,Poland,Turkey,79.557411,86.701471
2807,2,1,2025-09-09,Lithuania,Greece,102.08234,88.467546
2807,3,1,2025-09-10,Finland,Georgia,93.012161,82.99159
2807,4,1,2025-09-10,Germany,Slovenia,114.29254,90.662678
2808,1,1,2025-09-09,Poland,Turkey,78.153334,58.246182
2808,2,1,2025-09-09,Lithuania,Greece,74.573232,99.658506
2808,3,1,2025-09-10,Finland,Georgia,99.473795,68.86318
2808,4,1,2025-09-10,Germany,Slovenia,102.03737,91.429565
2809,1,1,2025-09-09,Poland,Turkey,83.207613,102.72366
2809,2,1,2025-09-09,Lithuania,Greece,71.474764,61.426123
2809,3,1,2025-09-10,Finland,Georgia,91.545515,85.674779
2809,4,1,2025-09-10,Germany,Slovenia,120.79067,94.530873
2810,1,1,2025-09-09,Poland,Turkey,79.491321,92.916482
2810,2,1,2025-09-09,Lithuania,Greece,83.49963,76.619541
2810,3,1,2025-09-10,Finland,Georgia,103.87283,81.513036
2810,4,1,2025-09-10,Germany,Slovenia,110.65013,94.199439
2811,1,1,2025-09-09,Poland,Turkey,55.578035,70.788079
2811,2,1,2025-09-09,Lithuania,Greece,83.421499,92.720408
2811,3,1,2025-09-10,Finland,Georgia,83.874913,56.704573
2811,4,1,2025-09-10,Germany,Slovenia,111.57814,106.95232
2812,1,1,2025-09-09,Poland,Turkey,75.371102,113.23117
2812,2,1,2025-09-09,Lithuania,Greece,79.057144,69.926647
2812,3,1,2025-09-10,Finland,Georgia,87.200275,81.803803
2812,4,1,2025-09-10,Germany,Slovenia,125.08527,85.199076
2813,1,1,2025-09-09,Poland,Turkey,87.02667,102.98028
2813,2,1,2025-09-09,Lithuania,Greece,92.538448,84.014335
2813,3,1,2025-09-10,Finland,Georgia,89.896389,51.419521
2813,4,1,2025-09-10,Germany,Slovenia,104.44256,96.203702
2814,1,1,2025-09-09,Poland,Turkey,68.554133,84.369306
2814,2,1,2025-09-09,Lithuania,Greece,86.02384,84.222505
2814,3,1,2025-09-10,Finland,Georgia,94.971087,83.553241
2814,4,1,2025-09-10,Germany,Slovenia,91.520194,79.118723
2815,1,1,2025-09-09,Poland,Turkey,82.786616,93.394555
2815,2,1,2025-09-09,Lithuania,Greece,73.352048,81.273446
2815,3,1,2025-09-10,Finland,Georgia,89.805707,78.026597
2815,4,1,2025-09-10,Germany,Slovenia,107.8852,99.5679
2816,1,1,2025-09-09,Poland,Turkey,47.984282,88.800433
2816,2,1,2025-09-09,Lithuania,Greece,90.32856,79.336826
2816,3,1,2025-09-10,Finland,Georgia,82.706453,72.528521
2816,4,1,2025-09-10,Germany,Slovenia,93.596787,104.43425
2817,1,1,2025-09-09,Poland,Turkey,73.776361,89.376092
2817,2,1,2025-09-09,Lithuania,Greece,95.02882,67.19026
2817,3,1,2025-09-10,Finland,Georgia,102.87011,75.398361
2817,4,1,2025-09-10,Germany,Slovenia,114.30529,83.269655
2818,1,1,2025-09-09,Poland,Turkey,67.915322,80.359057
2818,2,1,2025-09-09,Lithuania,Greece,87.677263,107.48161
2818,3,1,2025-09-10,Finland,Georgia,89.169603,59.11324
2818,4,1,2025-09-10,Germany,Slovenia,93.758039,84.135201
2819,1,1,2025-09-09,Poland,Turkey,76.35237,75.067221
2819,2,1,2025-09-09,Lithuania,Greece,95.757534,75.178174
2819,3,1,2025-09-10,Finland,Georgia,89.280823,79.423363
2819,4,1,2025-09-10,Germany,Slovenia,87.18091,74.493584
2820,1,1,2025-09-09,Poland,Turkey,83.780575,87.980325
2820,2,1,2025-09-09,Lithuania,Greece,95.844806,75.297491
2820,3,1,2025-09-10,Finland,Georgia,90.249355,63.626968
2820,4,1,2025-09-10,Germany,Slovenia,125.20049,89.651911
2821,1,1,2025-09-09,Poland,Turkey,75.685511,80.176686
2821,2,1,2025-09-09,Lithuania,Greece,87.439747,58.810576
2821,3,1,2025-09-10,Finland,Georgia,104.05346,74.855599
2821,4,1,2025-09-10,Germany,Slovenia,93.303797,82.425286
2822,1,1,2025-09-09,Poland,Turkey,67.282964,89.528474
2822,2,1,2025-09-09,Lithuania,Greece,71.801811,73.996148
2822,3,1,2025-09-10,Finland,Georgia,111.01903,92.940702
2822,4,1,2025-09-10,Germany,Slovenia,123.23241,102.83377
2823,1,1,2025-09-09,Poland,Turkey,75.882118,88.292649
2823,2,1,2025-09-09,Lithuania,Greece,95.030392,71.835334
2823,3,1,2025-09-10,Finland,Georgia,99.707391,64.475828
2823,4,1,2025-09-10,Germany,Slovenia,106.84655,87.428898
2824,1,1,2025-09-09,Poland,Turkey,72.197776,81.445835
2824,2,1,2025-09-09,Lithuania,Greece,72.589194,81.959225
2824,3,1,2025-09-10,Finland,Georgia,91.547507,62.701983
2824,4,1,2025-09-10,Germany,Slovenia,103.63005,98.335468
2825,1,1,2025-09-09,Poland,Turkey,87.877859,92.016423
2825,2,1,2025-09-09,Lithuania,Greece,85.720112,84.676373
2825,3,1,2025-09-10,Finland,Georgia,101.9315,64.169332
2825,4,1,2025-09-10,Germany,Slovenia,110.76656,90.242989
2826,1,1,2025-09-09,Poland,Turkey,81.34285,99.867381
2826,2,1,2025-09-09,Lithuania,Greece,89.09629,85.149721
2826,3,1,2025-09-10,Finland,Georgia,94.459425,92.592746
2826,4,1,2025-09-10,Germany,Slovenia,104.61186,74.369788
2827,1,1,2025-09-09,Poland,Turkey,82.15725,89.432645
2827,2,1,2025-09-09,Lithuania,Greece,89.525837,79.488395
2827,3,1,2025-09-10,Finland,Georgia,97.68306,89.444696
2827,4,1,2025-09-10,Germany,Slovenia,124.19842,106.08363
2828,1,1,2025-09-09,Poland,Turkey,76.252445,76.146816
2828,2,1,2025-09-09,Lithuania,Greece,75.819265,83.248287
2828,3,1,2025-09-10,Finland,Georgia,89.837185,68.937193
2828,4,1,2025-09-10,Germany,Slovenia,98.518192,88.900578
2829,1,1,2025-09-09,Poland,Turkey,78.080283,100.27721
2829,2,1,2025-09-09,Lithuania,Greece,87.867355,83.792962
2829,3,1,2025-09-10,Finland,Georgia,95.119392,85.356464
2829,4,1,2025-09-10,Germany,Slovenia,102.37802,95.008144
2830,1,1,2025-09-09,Poland,Turkey,76.805141,70.126548
2830,2,1,2025-09-09,Lithuania,Greece,78.459827,86.682711
2830,3,1,2025-09-10,Finland,Georgia,92.045031,71.847958
2830,4,1,2025-09-10,Germany,Slovenia,103.01239,82.924067
2831,1,1,2025-09-09,Poland,Turkey,80.922122,103.79602
2831,2,1,2025-09-09,Lithuania,Greece,87.456873,88.789847
2831,3,1,2025-09-10,Finland,Georgia,108.2566,79.117338
2831,4,1,2025-09-10,Germany,Slovenia,98.756488,73.465384
2832,1,1,2025-09-09,Poland,Turkey,77.261362,81.215581
2832,2,1,2025-09-09,Lithuania,Greece,94.717293,69.68967
2832,3,1,2025-09-10,Finland,Georgia,89.199402,81.20137
2832,4,1,2025-09-10,Germany,Slovenia,104.18468,98.327935
2833,1,1,2025-09-09,Poland,Turkey,84.310504,78.461824
2833,2,1,2025-09-09,Lithuania,Greece,91.373462,77.779206
2833,3,1,2025-09-10,Finland,Georgia,117.09439,89.29284
2833,4,1,2025-09-10,Germany,Slovenia,113.96616,80.305463
2834,1,1,2025-09-09,Poland,Turkey,74.030201,61.763126
2834,2,1,2025-09-09,Lithuania,Greece,82.182941,60.965699
2834,3,1,2025-09-10,Finland,Georgia,116.36887,81.084062
2834,4,1,2025-09-10,Germany,Slovenia,104.59213,89.888093
2835,1,1,2025-09-09,Poland,Turkey,67.544839,78.537838
2835,2,1,2025-09-09,Lithuania,Greece,103.61175,88.601583
2835,3,1,2025-09-10,Finland,Georgia,92.842882,103.63879
2835,4,1,2025-09-10,Germany,Slovenia,117.7411,90.04213
2836,1,1,2025-09-09,Poland,Turkey,77.030247,76.438364000000007
2836,2,1,2025-09-09,Lithuania,Greece,77.669913,85.031942
2836,3,1,2025-09-10,Finland,Georgia,95.732409,75.121773
2836,4,1,2025-09-10,Germany,Slovenia,106.32716,78.744975
2837,1,1,2025-09-09,Poland,Turkey,77.331992,101.82004
2837,2,1,2025-09-09,Lithuania,Greece,89.853542,79.5734
2837,3,1,2025-09-10,Finland,Georgia,99.066385,88.088641
2837,4,1,2025-09-10,Germany,Slovenia,112.67905,85.376147
2838,1,1,2025-09-09,Poland,Turkey,61.313337,84.500609
2838,2,1,2025-09-09,Lithuania,Greece,87.898015,100.0153
2838,3,1,2025-09-10,Finland,Georgia,98.174327,76.272034
2838,4,1,2025-09-10,Germany,Slovenia,96.039751999999993,80.80952
2839,1,1,2025-09-09,Poland,Turkey,77.288121,88.509091
2839,2,1,2025-09-09,Lithuania,Greece,96.709109,57.571231
2839,3,1,2025-09-10,Finland,Georgia,98.016286,79.858504
2839,4,1,2025-09-10,Germany,Slovenia,97.716513,81.04292
2840,1,1,2025-09-09,Poland,Turkey,94.062447,111.17969
2840,2,1,2025-09-09,Lithuania,Greece,93.845212,101.29592
2840,3,1,2025-09-10,Finland,Georgia,89.222752,74.573411
2840,4,1,2025-09-10,Germany,Slovenia,109.98009,96.538708
2841,1,1,2025-09-09,Poland,Turkey,90.045456,84.602266
2841,2,1,2025-09-09,Lithuania,Greece,74.239155,75.48377
2841,3,1,2025-09-10,Finland,Georgia,105.34221,87.755782
2841,4,1,2025-09-10,Germany,Slovenia,80.516506,83.390203
2842,1,1,2025-09-09,Poland,Turkey,97.191248,97.277469
2842,2,1,2025-09-09,Lithuania,Greece,83.012806,63.604596
2842,3,1,2025-09-10,Finland,Georgia,98.192795,89.760037
2842,4,1,2025-09-10,Germany,Slovenia,82.73804,80.724899
2843,1,1,2025-09-09,Poland,Turkey,70.802931,78.771462
2843,2,1,2025-09-09,Lithuania,Greece,88.27207,64.367823
2843,3,1,2025-09-10,Finland,Georgia,113.38813,68.102514
2843,4,1,2025-09-10,Germany,Slovenia,104.37882,80.132872
2844,1,1,2025-09-09,Poland,Turkey,78.087407,77.712813
2844,2,1,2025-09-09,Lithuania,Greece,87.14488,82.592872
2844,3,1,2025-09-10,Finland,Georgia,95.769625,81.997165
2844,4,1,2025-09-10,Germany,Slovenia,97.699631,83.771637
2845,1,1,2025-09-09,Poland,Turkey,110.36107,95.710155
2845,2,1,2025-09-09,Lithuania,Greece,95.736764,99.746723
2845,3,1,2025-09-10,Finland,Georgia,92.030621,87.131239
2845,4,1,2025-09-10,Germany,Slovenia,108.57331,95.792864
2846,1,1,2025-09-09,Poland,Turkey,81.550926,76.496411
2846,2,1,2025-09-09,Lithuania,Greece,83.502935,73.538669
2846,3,1,2025-09-10,Finland,Georgia,84.931541,53.757257
2846,4,1,2025-09-10,Germany,Slovenia,101.54063,101.63129
2847,1,1,2025-09-09,Poland,Turkey,77.841569,97.558721
2847,2,1,2025-09-09,Lithuania,Greece,70.82523,59.879107
2847,3,1,2025-09-10,Finland,Georgia,104.93715,75.035458
2847,4,1,2025-09-10,Germany,Slovenia,118.83031,87.008028
2848,1,1,2025-09-09,Poland,Turkey,79.364455,96.834206
2848,2,1,2025-09-09,Lithuania,Greece,96.362946,76.80529
2848,3,1,2025-09-10,Finland,Georgia,103.38268,59.158754
2848,4,1,2025-09-10,Germany,Slovenia,97.581641,88.499356
2849,1,1,2025-09-09,Poland,Turkey,88.997772,70.129459
2849,2,1,2025-09-09,Lithuania,Greece,112.37513,92.734892
2849,3,1,2025-09-10,Finland,Georgia,99.096817,86.410299
2849,4,1,2025-09-10,Germany,Slovenia,109.94943,102.54882
2850,1,1,2025-09-09,Poland,Turkey,80.460763,73.984518
2850,2,1,2025-09-09,Lithuania,Greece,78.323327,73.311651
2850,3,1,2025-09-10,Finland,Georgia,101.0862,74.875583
2850,4,1,2025-09-10,Germany,Slovenia,87.377195,75.941622
2851,1,1,2025-09-09,Poland,Turkey,95.194049,95.31861
2851,2,1,2025-09-09,Lithuania,Greece,102.27936,80.584444
2851,3,1,2025-09-10,Finland,Georgia,101.65414,67.226534
2851,4,1,2025-09-10,Germany,Slovenia,99.195268,66.50784
2852,1,1,2025-09-09,Poland,Turkey,58.535001,82.498602
2852,2,1,2025-09-09,Lithuania,Greece,91.765116,74.314494
2852,3,1,2025-09-10,Finland,Georgia,101.09841,76.067836
2852,4,1,2025-09-10,Germany,Slovenia,106.89623,100.69970000000001
2853,1,1,2025-09-09,Poland,Turkey,92.520167,94.493601
2853,2,1,2025-09-09,Lithuania,Greece,74.933359,83.769961
2853,3,1,2025-09-10,Finland,Georgia,93.295326,68.550356
2853,4,1,2025-09-10,Germany,Slovenia,103.12068,73.189392
2854,1,1,2025-09-09,Poland,Turkey,77.22585,62.782373
2854,2,1,2025-09-09,Lithuania,Greece,84.801783,64.124762
2854,3,1,2025-09-10,Finland,Georgia,102.5893,74.895276
2854,4,1,2025-09-10,Germany,Slovenia,97.48534,95.445502
2855,1,1,2025-09-09,Poland,Turkey,91.866583,89.078343
2855,2,1,2025-09-09,Lithuania,Greece,78.177291,72.502017
2855,3,1,2025-09-10,Finland,Georgia,85.046095,67.523539
2855,4,1,2025-09-10,Germany,Slovenia,90.721175,55.750346
2856,1,1,2025-09-09,Poland,Turkey,83.409733,97.126917
2856,2,1,2025-09-09,Lithuania,Greece,82.890233,54.943374
2856,3,1,2025-09-10,Finland,Georgia,95.897318,72.83895
2856,4,1,2025-09-10,Germany,Slovenia,107.11109,90.708583
2857,1,1,2025-09-09,Poland,Turkey,76.670016,84.313219
2857,2,1,2025-09-09,Lithuania,Greece,96.330083,69.646691
2857,3,1,2025-09-10,Finland,Georgia,98.781405,85.799343
2857,4,1,2025-09-10,Germany,Slovenia,96.490846,88.887864
2858,1,1,2025-09-09,Poland,Turkey,75.426602,77.896197
2858,2,1,2025-09-09,Lithuania,Greece,95.593493,61.56561
2858,3,1,2025-09-10,Finland,Georgia,81.508756,63.816621
2858,4,1,2025-09-10,Germany,Slovenia,94.953221,91.125762
2859,1,1,2025-09-09,Poland,Turkey,73.366268,78.159309
2859,2,1,2025-09-09,Lithuania,Greece,71.490529,74.707807
2859,3,1,2025-09-10,Finland,Georgia,109.428,68.087507
2859,4,1,2025-09-10,Germany,Slovenia,104.32225,63.241091
2860,1,1,2025-09-09,Poland,Turkey,72.187331,96.579558
2860,2,1,2025-09-09,Lithuania,Greece,87.418266,69.594722
2860,3,1,2025-09-10,Finland,Georgia,97.599802,104.57302
2860,4,1,2025-09-10,Germany,Slovenia,99.949702,81.119649
2861,1,1,2025-09-09,Poland,Turkey,78.289167,96.030098
2861,2,1,2025-09-09,Lithuania,Greece,92.62516,92.185903
2861,3,1,2025-09-10,Finland,Georgia,94.797825,76.01729
2861,4,1,2025-09-10,Germany,Slovenia,108.64143,77.562968
2862,1,1,2025-09-09,Poland,Turkey,57.135032,78.937672
2862,2,1,2025-09-09,Lithuania,Greece,82.841515,76.379907
2862,3,1,2025-09-10,Finland,Georgia,85.412825,68.203388
2862,4,1,2025-09-10,Germany,Slovenia,110.25539,77.131762
2863,1,1,2025-09-09,Poland,Turkey,62.245762,71.047082
2863,2,1,2025-09-09,Lithuania,Greece,85.022795,73.617057
2863,3,1,2025-09-10,Finland,Georgia,96.588548,66.326268
2863,4,1,2025-09-10,Germany,Slovenia,90.833584,79.592056
2864,1,1,2025-09-09,Poland,Turkey,84.00782,90.111814
2864,2,1,2025-09-09,Lithuania,Greece,99.123489,69.992391
2864,3,1,2025-09-10,Finland,Georgia,88.789066,78.278311
2864,4,1,2025-09-10,Germany,Slovenia,96.441586,86.162218
2865,1,1,2025-09-09,Poland,Turkey,67.394491,75.569306
2865,2,1,2025-09-09,Lithuania,Greece,76.561885,87.001144
2865,3,1,2025-09-10,Finland,Georgia,85.028697,77.823411
2865,4,1,2025-09-10,Germany,Slovenia,85.848177,94.111151
2866,1,1,2025-09-09,Poland,Turkey,93.935796,83.551538
2866,2,1,2025-09-09,Lithuania,Greece,83.387198,48.534515
2866,3,1,2025-09-10,Finland,Georgia,97.150579,69.992423
2866,4,1,2025-09-10,Germany,Slovenia,111.05176,94.173073
2867,1,1,2025-09-09,Poland,Turkey,94.96039,78.328864
2867,2,1,2025-09-09,Lithuania,Greece,84.782951,60.112041
2867,3,1,2025-09-10,Finland,Georgia,106.72576,64.787139
2867,4,1,2025-09-10,Germany,Slovenia,106.94219,95.634731
2868,1,1,2025-09-09,Poland,Turkey,62.004342,78.20206
2868,2,1,2025-09-09,Lithuania,Greece,92.797855,77.659648
2868,3,1,2025-09-10,Finland,Georgia,100.82661,79.899933
2868,4,1,2025-09-10,Germany,Slovenia,81.637119,64.694404
2869,1,1,2025-09-09,Poland,Turkey,62.589525,86.01609
2869,2,1,2025-09-09,Lithuania,Greece,94.151215,80.603473
2869,3,1,2025-09-10,Finland,Georgia,93.850352,91.324732
2869,4,1,2025-09-10,Germany,Slovenia,111.89828,79.797343
2870,1,1,2025-09-09,Poland,Turkey,73.378743,92.875758
2870,2,1,2025-09-09,Lithuania,Greece,78.775268,82.940042
2870,3,1,2025-09-10,Finland,Georgia,101.68684,85.739037
2870,4,1,2025-09-10,Germany,Slovenia,103.81198,66.741945
2871,1,1,2025-09-09,Poland,Turkey,86.174637,119.35838
2871,2,1,2025-09-09,Lithuania,Greece,89.943202,78.572138
2871,3,1,2025-09-10,Finland,Georgia,108.93655,64.799946
2871,4,1,2025-09-10,Germany,Slovenia,85.374543,75.066812
2872,1,1,2025-09-09,Poland,Turkey,70.58286,88.012137
2872,2,1,2025-09-09,Lithuania,Greece,78.297746,63.678226
2872,3,1,2025-09-10,Finland,Georgia,108.96564,92.817192
2872,4,1,2025-09-10,Germany,Slovenia,84.769966,92.756128
2873,1,1,2025-09-09,Poland,Turkey,93.1444,90.555666
2873,2,1,2025-09-09,Lithuania,Greece,97.047698,67.53764
2873,3,1,2025-09-10,Finland,Georgia,95.880396,74.365844
2873,4,1,2025-09-10,Germany,Slovenia,105.6484,72.13395
2874,1,1,2025-09-09,Poland,Turkey,87.774938,78.656587
2874,2,1,2025-09-09,Lithuania,Greece,70.522203,67.730969
2874,3,1,2025-09-10,Finland,Georgia,75.821619,66.427718
2874,4,1,2025-09-10,Germany,Slovenia,93.617465,74.859639
2875,1,1,2025-09-09,Poland,Turkey,80.157073,109.86683
2875,2,1,2025-09-09,Lithuania,Greece,92.585608,90.833203
2875,3,1,2025-09-10,Finland,Georgia,107.88273,104.34329
2875,4,1,2025-09-10,Germany,Slovenia,110.23664,74.162182
2876,1,1,2025-09-09,Poland,Turkey,67.042975,78.117584
2876,2,1,2025-09-09,Lithuania,Greece,96.041529,66.929536
2876,3,1,2025-09-10,Finland,Georgia,88.665326,69.355407
2876,4,1,2025-09-10,Germany,Slovenia,84.397019,95.047524
2877,1,1,2025-09-09,Poland,Turkey,97.973966,88.349345
2877,2,1,2025-09-09,Lithuania,Greece,81.649263,86.145789
2877,3,1,2025-09-10,Finland,Georgia,94.791493,73.475985
2877,4,1,2025-09-10,Germany,Slovenia,98.762558,80.342862
2878,1,1,2025-09-09,Poland,Turkey,71.569444,83.317586
2878,2,1,2025-09-09,Lithuania,Greece,81.834451,69.492735
2878,3,1,2025-09-10,Finland,Georgia,91.048589,89.528055
2878,4,1,2025-09-10,Germany,Slovenia,106.20999,81.786721
2879,1,1,2025-09-09,Poland,Turkey,67.909477999999993,92.565967
2879,2,1,2025-09-09,Lithuania,Greece,95.503723,77.868747
2879,3,1,2025-09-10,Finland,Georgia,93.018203,55.890068
2879,4,1,2025-09-10,Germany,Slovenia,116.40271,89.713493
2880,1,1,2025-09-09,Poland,Turkey,74.21646,81.402906
2880,2,1,2025-09-09,Lithuania,Greece,106.24617,54.268469
2880,3,1,2025-09-10,Finland,Georgia,98.687474,85.884206
2880,4,1,2025-09-10,Germany,Slovenia,108.37873,77.032208
2881,1,1,2025-09-09,Poland,Turkey,76.030194,89.42758
2881,2,1,2025-09-09,Lithuania,Greece,70.994825,80.36911
2881,3,1,2025-09-10,Finland,Georgia,87.404288,63.309513
2881,4,1,2025-09-10,Germany,Slovenia,119.04993,78.462543
2882,1,1,2025-09-09,Poland,Turkey,80.655683,87.569829
2882,2,1,2025-09-09,Lithuania,Greece,98.541951,78.342448
2882,3,1,2025-09-10,Finland,Georgia,86.857277,64.518443
2882,4,1,2025-09-10,Germany,Slovenia,112.11748,93.55313
2883,1,1,2025-09-09,Poland,Turkey,70.52376,82.166472
2883,2,1,2025-09-09,Lithuania,Greece,92.062258,70.908158
2883,3,1,2025-09-10,Finland,Georgia,76.730446,66.076682
2883,4,1,2025-09-10,Germany,Slovenia,118.6917,115.19324
2884,1,1,2025-09-09,Poland,Turkey,71.68735,93.285822
2884,2,1,2025-09-09,Lithuania,Greece,101.342,91.253922
2884,3,1,2025-09-10,Finland,Georgia,89.831668,68.12565
2884,4,1,2025-09-10,Germany,Slovenia,111.14985,99.763556
2885,1,1,2025-09-09,Poland,Turkey,66.640729,67.573165
2885,2,1,2025-09-09,Lithuania,Greece,92.430521,64.423563
2885,3,1,2025-09-10,Finland,Georgia,111.94182,63.202122
2885,4,1,2025-09-10,Germany,Slovenia,95.212948,77.84844
2886,1,1,2025-09-09,Poland,Turkey,66.447283,84.712909
2886,2,1,2025-09-09,Lithuania,Greece,83.008287,78.333479
2886,3,1,2025-09-10,Finland,Georgia,78.820652,69.731075
2886,4,1,2025-09-10,Germany,Slovenia,121.32449,83.640934
2887,1,1,2025-09-09,Poland,Turkey,73.65447,81.392879
2887,2,1,2025-09-09,Lithuania,Greece,98.212843,89.787359
2887,3,1,2025-09-10,Finland,Georgia,106.64557,65.717335
2887,4,1,2025-09-10,Germany,Slovenia,116.71589,66.075952
2888,1,1,2025-09-09,Poland,Turkey,77.964115,100.63061
2888,2,1,2025-09-09,Lithuania,Greece,83.695046,82.230434
2888,3,1,2025-09-10,Finland,Georgia,85.5847,73.238053
2888,4,1,2025-09-10,Germany,Slovenia,127.40001,85.444541
2889,1,1,2025-09-09,Poland,Turkey,64.414593,94.556868
2889,2,1,2025-09-09,Lithuania,Greece,75.032292,76.352066
2889,3,1,2025-09-10,Finland,Georgia,96.089716,93.745307
2889,4,1,2025-09-10,Germany,Slovenia,100.70408,79.594066
2890,1,1,2025-09-09,Poland,Turkey,80.454821,104.2553
2890,2,1,2025-09-09,Lithuania,Greece,79.198022,69.560689
2890,3,1,2025-09-10,Finland,Georgia,103.82963,80.580973
2890,4,1,2025-09-10,Germany,Slovenia,101.32169,103.93485
2891,1,1,2025-09-09,Poland,Turkey,89.792726,92.102079
2891,2,1,2025-09-09,Lithuania,Greece,92.011627,79.514759
2891,3,1,2025-09-10,Finland,Georgia,94.489946,83.848256
2891,4,1,2025-09-10,Germany,Slovenia,98.828945,105.00858
2892,1,1,2025-09-09,Poland,Turkey,62.812166,83.520637
2892,2,1,2025-09-09,Lithuania,Greece,105.14586,85.565075
2892,3,1,2025-09-10,Finland,Georgia,105.17622,71.864838
2892,4,1,2025-09-10,Germany,Slovenia,93.782156,82.358441
2893,1,1,2025-09-09,Poland,Turkey,73.665022,95.406202
2893,2,1,2025-09-09,Lithuania,Greece,66.498368,79.202539
2893,3,1,2025-09-10,Finland,Georgia,86.716191,93.313891
2893,4,1,2025-09-10,Germany,Slovenia,105.68413,85.257375
2894,1,1,2025-09-09,Poland,Turkey,86.836909,99.141958
2894,2,1,2025-09-09,Lithuania,Greece,98.902592,74.596042
2894,3,1,2025-09-10,Finland,Georgia,107.1173,96.747745
2894,4,1,2025-09-10,Germany,Slovenia,86.598352,97.091394
2895,1,1,2025-09-09,Poland,Turkey,78.306697,104.38462
2895,2,1,2025-09-09,Lithuania,Greece,79.76058,86.339247
2895,3,1,2025-09-10,Finland,Georgia,106.73389,70.583716
2895,4,1,2025-09-10,Germany,Slovenia,97.741778,90.204396
2896,1,1,2025-09-09,Poland,Turkey,64.154392,88.879883
2896,2,1,2025-09-09,Lithuania,Greece,76.468361,71.078791
2896,3,1,2025-09-10,Finland,Georgia,101.22056,85.345536
2896,4,1,2025-09-10,Germany,Slovenia,91.203648,80.570838
2897,1,1,2025-09-09,Poland,Turkey,77.899942,80.16791
2897,2,1,2025-09-09,Lithuania,Greece,104.15254,84.612797
2897,3,1,2025-09-10,Finland,Georgia,101.62048,67.417916
2897,4,1,2025-09-10,Germany,Slovenia,91.554606,80.043647000000007
2898,1,1,2025-09-09,Poland,Turkey,81.924765,88.79351
2898,2,1,2025-09-09,Lithuania,Greece,80.030257,57.240538
2898,3,1,2025-09-10,Finland,Georgia,100.2797,67.443543
2898,4,1,2025-09-10,Germany,Slovenia,109.148,88.095832
2899,1,1,2025-09-09,Poland,Turkey,86.948335,82.043257
2899,2,1,2025-09-09,Lithuania,Greece,69.582634,70.812173
2899,3,1,2025-09-10,Finland,Georgia,81.565153,89.458556
2899,4,1,2025-09-10,Germany,Slovenia,106.56458,97.474464
2900,1,1,2025-09-09,Poland,Turkey,76.59357,97.456434
2900,2,1,2025-09-09,Lithuania,Greece,89.302132,76.418173
2900,3,1,2025-09-10,Finland,Georgia,108.25898,87.193381
2900,4,1,2025-09-10,Germany,Slovenia,113.53278,91.610022
2901,1,1,2025-09-09,Poland,Turkey,77.840278,71.762312
2901,2,1,2025-09-09,Lithuania,Greece,104.27787,78.847225
2901,3,1,2025-09-10,Finland,Georgia,100.63419,73.016509
2901,4,1,2025-09-10,Germany,Slovenia,99.044617,84.631237
2902,1,1,2025-09-09,Poland,Turkey,61.671882,95.763244
2902,2,1,2025-09-09,Lithuania,Greece,76.32741,91.759376
2902,3,1,2025-09-10,Finland,Georgia,99.734253,88.943142
2902,4,1,2025-09-10,Germany,Slovenia,102.93686,80.392171
2903,1,1,2025-09-09,Poland,Turkey,85.297954,95.349011
2903,2,1,2025-09-09,Lithuania,Greece,70.09078,83.506307
2903,3,1,2025-09-10,Finland,Georgia,98.975472,78.058204
2903,4,1,2025-09-10,Germany,Slovenia,91.298737,85.303894
2904,1,1,2025-09-09,Poland,Turkey,86.112871,78.966318
2904,2,1,2025-09-09,Lithuania,Greece,66.708564,92.957985
2904,3,1,2025-09-10,Finland,Georgia,97.780471,69.072647
2904,4,1,2025-09-10,Germany,Slovenia,99.573996,114.78143
2905,1,1,2025-09-09,Poland,Turkey,67.22323,81.056926
2905,2,1,2025-09-09,Lithuania,Greece,87.206861,82.770127
2905,3,1,2025-09-10,Finland,Georgia,99.585795,81.873705
2905,4,1,2025-09-10,Germany,Slovenia,97.355552,83.873337
2906,1,1,2025-09-09,Poland,Turkey,74.199158,104.93812
2906,2,1,2025-09-09,Lithuania,Greece,76.584869,54.565235
2906,3,1,2025-09-10,Finland,Georgia,106.36697,78.674814
2906,4,1,2025-09-10,Germany,Slovenia,98.304739,84.60147
2907,1,1,2025-09-09,Poland,Turkey,88.375861,107.70945
2907,2,1,2025-09-09,Lithuania,Greece,103.88481,87.788877
2907,3,1,2025-09-10,Finland,Georgia,110.60167,100.26576
2907,4,1,2025-09-10,Germany,Slovenia,107.75458,75.386877
2908,1,1,2025-09-09,Poland,Turkey,83.022159,102.33547
2908,2,1,2025-09-09,Lithuania,Greece,91.525503,72.563784
2908,3,1,2025-09-10,Finland,Georgia,130.77553,84.185353
2908,4,1,2025-09-10,Germany,Slovenia,91.203004,91.656055
2909,1,1,2025-09-09,Poland,Turkey,61.83836,77.345987
2909,2,1,2025-09-09,Lithuania,Greece,77.583063,65.707158
2909,3,1,2025-09-10,Finland,Georgia,101.12828,70.346691
2909,4,1,2025-09-10,Germany,Slovenia,116.62405,77.75522
2910,1,1,2025-09-09,Poland,Turkey,82.448363,92.331271
2910,2,1,2025-09-09,Lithuania,Greece,95.252805,70.930687
2910,3,1,2025-09-10,Finland,Georgia,119.20167,79.283503
2910,4,1,2025-09-10,Germany,Slovenia,105.64663,91.967303
2911,1,1,2025-09-09,Poland,Turkey,54.378657,77.596575
2911,2,1,2025-09-09,Lithuania,Greece,95.209272,71.396637
2911,3,1,2025-09-10,Finland,Georgia,97.265982,72.130828
2911,4,1,2025-09-10,Germany,Slovenia,90.155204,64.403221
2912,1,1,2025-09-09,Poland,Turkey,56.51772,89.493179
2912,2,1,2025-09-09,Lithuania,Greece,99.248842,49.534659
2912,3,1,2025-09-10,Finland,Georgia,80.021965,78.855644
2912,4,1,2025-09-10,Germany,Slovenia,96.125296,90.516923
2913,1,1,2025-09-09,Poland,Turkey,85.455246,95.274726
2913,2,1,2025-09-09,Lithuania,Greece,87.619449,72.639956
2913,3,1,2025-09-10,Finland,Georgia,99.611643,70.093451
2913,4,1,2025-09-10,Germany,Slovenia,121.03907,94.060189
2914,1,1,2025-09-09,Poland,Turkey,72.505254,98.886937
2914,2,1,2025-09-09,Lithuania,Greece,86.609533,90.769078
2914,3,1,2025-09-10,Finland,Georgia,91.258207,75.362652
2914,4,1,2025-09-10,Germany,Slovenia,104.13619,88.098733
2915,1,1,2025-09-09,Poland,Turkey,77.621685,92.595989
2915,2,1,2025-09-09,Lithuania,Greece,90.367768,72.733007
2915,3,1,2025-09-10,Finland,Georgia,109.27703,67.005641
2915,4,1,2025-09-10,Germany,Slovenia,109.16061,96.725959
2916,1,1,2025-09-09,Poland,Turkey,74.712991,100.00427
2916,2,1,2025-09-09,Lithuania,Greece,87.621297,74.636568
2916,3,1,2025-09-10,Finland,Georgia,94.901912,74.489648
2916,4,1,2025-09-10,Germany,Slovenia,117.43739,91.162816
2917,1,1,2025-09-09,Poland,Turkey,70.500745,78.863034
2917,2,1,2025-09-09,Lithuania,Greece,91.585071,77.147673
2917,3,1,2025-09-10,Finland,Georgia,84.540771,66.760252
2917,4,1,2025-09-10,Germany,Slovenia,97.87898,93.01075
2918,1,1,2025-09-09,Poland,Turkey,76.720258,90.029303
2918,2,1,2025-09-09,Lithuania,Greece,84.566183,91.243448
2918,3,1,2025-09-10,Finland,Georgia,94.016688,70.719626
2918,4,1,2025-09-10,Germany,Slovenia,106.16935,102.94276
2919,1,1,2025-09-09,Poland,Turkey,74.525403,84.910467
2919,2,1,2025-09-09,Lithuania,Greece,58.062032,71.35331
2919,3,1,2025-09-10,Finland,Georgia,91.482113,86.88615
2919,4,1,2025-09-10,Germany,Slovenia,121.56811,71.589574
2920,1,1,2025-09-09,Poland,Turkey,58.841368,65.440875
2920,2,1,2025-09-09,Lithuania,Greece,105.29003,78.238641
2920,3,1,2025-09-10,Finland,Georgia,87.210156,73.179566
2920,4,1,2025-09-10,Germany,Slovenia,99.227029,69.595882
2921,1,1,2025-09-09,Poland,Turkey,88.627322,96.89743
2921,2,1,2025-09-09,Lithuania,Greece,63.202653,75.805509
2921,3,1,2025-09-10,Finland,Georgia,91.517665,73.198668
2921,4,1,2025-09-10,Germany,Slovenia,105.73756,93.43598
2922,1,1,2025-09-09,Poland,Turkey,74.943081,75.220944
2922,2,1,2025-09-09,Lithuania,Greece,107.6378,73.540138
2922,3,1,2025-09-10,Finland,Georgia,82.562504,64.847954
2922,4,1,2025-09-10,Germany,Slovenia,98.64069,89.11379
2923,1,1,2025-09-09,Poland,Turkey,72.04772,82.203293
2923,2,1,2025-09-09,Lithuania,Greece,87.829455,83.64305
2923,3,1,2025-09-10,Finland,Georgia,123.19847,73.848228
2923,4,1,2025-09-10,Germany,Slovenia,100.41023,68.991285
2924,1,1,2025-09-09,Poland,Turkey,86.056063,89.699762
2924,2,1,2025-09-09,Lithuania,Greece,77.215012,53.908614
2924,3,1,2025-09-10,Finland,Georgia,101.67372,68.050371
2924,4,1,2025-09-10,Germany,Slovenia,91.607043,80.418874
2925,1,1,2025-09-09,Poland,Turkey,69.955893,77.925112
2925,2,1,2025-09-09,Lithuania,Greece,80.918749,68.600728
2925,3,1,2025-09-10,Finland,Georgia,101.70361,81.726313
2925,4,1,2025-09-10,Germany,Slovenia,124.73127,90.735459
2926,1,1,2025-09-09,Poland,Turkey,72.20524,85.993066
2926,2,1,2025-09-09,Lithuania,Greece,106.68658,77.09725
2926,3,1,2025-09-10,Finland,Georgia,79.996503,83.077669
2926,4,1,2025-09-10,Germany,Slovenia,80.979894,82.818493
2927,1,1,2025-09-09,Poland,Turkey,72.783539,83.212312
2927,2,1,2025-09-09,Lithuania,Greece,79.76563,70.122338
2927,3,1,2025-09-10,Finland,Georgia,107.68663,84.863279
2927,4,1,2025-09-10,Germany,Slovenia,99.78481,81.803742
2928,1,1,2025-09-09,Poland,Turkey,63.211374,91.285048
2928,2,1,2025-09-09,Lithuania,Greece,104.08777,83.183007
2928,3,1,2025-09-10,Finland,Georgia,80.428221,60.704742
2928,4,1,2025-09-10,Germany,Slovenia,101.4329,94.31047
2929,1,1,2025-09-09,Poland,Turkey,96.091488,88.404548
2929,2,1,2025-09-09,Lithuania,Greece,82.4801,67.268032
2929,3,1,2025-09-10,Finland,Georgia,102.27023,78.387343
2929,4,1,2025-09-10,Germany,Slovenia,105.18219,80.336663
2930,1,1,2025-09-09,Poland,Turkey,97.43211,77.991174
2930,2,1,2025-09-09,Lithuania,Greece,103.43946,61.888517
2930,3,1,2025-09-10,Finland,Georgia,100.01279,60.514313
2930,4,1,2025-09-10,Germany,Slovenia,101.17734,82.340633
2931,1,1,2025-09-09,Poland,Turkey,91.444197,81.406962
2931,2,1,2025-09-09,Lithuania,Greece,98.763733,74.779868
2931,3,1,2025-09-10,Finland,Georgia,105.01424,77.716308
2931,4,1,2025-09-10,Germany,Slovenia,111.93758,98.70281
2932,1,1,2025-09-09,Poland,Turkey,62.634897,102.46408
2932,2,1,2025-09-09,Lithuania,Greece,76.213912,55.505993
2932,3,1,2025-09-10,Finland,Georgia,97.544424,56.856478
2932,4,1,2025-09-10,Germany,Slovenia,114.53415,79.430055
2933,1,1,2025-09-09,Poland,Turkey,81.113907,84.845152
2933,2,1,2025-09-09,Lithuania,Greece,73.49131,55.945215
2933,3,1,2025-09-10,Finland,Georgia,92.29713,72.739327
2933,4,1,2025-09-10,Germany,Slovenia,97.920633,92.122578
2934,1,1,2025-09-09,Poland,Turkey,66.873256,94.232841
2934,2,1,2025-09-09,Lithuania,Greece,100.81268,75.030299
2934,3,1,2025-09-10,Finland,Georgia,102.16048,83.068953
2934,4,1,2025-09-10,Germany,Slovenia,109.85973,93.710412
2935,1,1,2025-09-09,Poland,Turkey,96.113347,73.213407
2935,2,1,2025-09-09,Lithuania,Greece,103.41332,88.164017
2935,3,1,2025-09-10,Finland,Georgia,95.784419,80.292929
2935,4,1,2025-09-10,Germany,Slovenia,107.3448,89.571731
2936,1,1,2025-09-09,Poland,Turkey,74.762202,95.534761
2936,2,1,2025-09-09,Lithuania,Greece,88.331502,77.680139
2936,3,1,2025-09-10,Finland,Georgia,95.878956,66.240455
2936,4,1,2025-09-10,Germany,Slovenia,103.02259,99.548228
2937,1,1,2025-09-09,Poland,Turkey,77.772795,68.461902
2937,2,1,2025-09-09,Lithuania,Greece,73.992427,82.52162
2937,3,1,2025-09-10,Finland,Georgia,99.120639,74.062162
2937,4,1,2025-09-10,Germany,Slovenia,108.39702,86.674659
2938,1,1,2025-09-09,Poland,Turkey,85.169541,92.902611
2938,2,1,2025-09-09,Lithuania,Greece,88.897843,76.487891
2938,3,1,2025-09-10,Finland,Georgia,89.358865,71.332678
2938,4,1,2025-09-10,Germany,Slovenia,80.209742,66.822493
2939,1,1,2025-09-09,Poland,Turkey,84.454543,85.666402
2939,2,1,2025-09-09,Lithuania,Greece,82.803822,77.444974
2939,3,1,2025-09-10,Finland,Georgia,104.87455,83.759385
2939,4,1,2025-09-10,Germany,Slovenia,97.884259,82.468196
2940,1,1,2025-09-09,Poland,Turkey,82.822058,89.84202
2940,2,1,2025-09-09,Lithuania,Greece,85.270421,72.127996
2940,3,1,2025-09-10,Finland,Georgia,83.235571,76.973634
2940,4,1,2025-09-10,Germany,Slovenia,108.55279,71.820246
2941,1,1,2025-09-09,Poland,Turkey,75.022879,99.205652
2941,2,1,2025-09-09,Lithuania,Greece,100.75718,77.471595
2941,3,1,2025-09-10,Finland,Georgia,99.2519,87.570298
2941,4,1,2025-09-10,Germany,Slovenia,89.755394,83.114671
2942,1,1,2025-09-09,Poland,Turkey,78.113771,55.75682
2942,2,1,2025-09-09,Lithuania,Greece,91.393355,88.741611
2942,3,1,2025-09-10,Finland,Georgia,119.14679,77.091738
2942,4,1,2025-09-10,Germany,Slovenia,106.75909,91.767377
2943,1,1,2025-09-09,Poland,Turkey,90.753693,88.955687
2943,2,1,2025-09-09,Lithuania,Greece,95.586072,81.078091
2943,3,1,2025-09-10,Finland,Georgia,76.509198,46.370021
2943,4,1,2025-09-10,Germany,Slovenia,101.95787,94.417421
2944,1,1,2025-09-09,Poland,Turkey,102.51354,88.610595
2944,2,1,2025-09-09,Lithuania,Greece,63.841292,85.825117
2944,3,1,2025-09-10,Finland,Georgia,94.20279,68.165242
2944,4,1,2025-09-10,Germany,Slovenia,107.59787,78.633383
2945,1,1,2025-09-09,Poland,Turkey,60.468768,98.333167
2945,2,1,2025-09-09,Lithuania,Greece,79.134876,70.716057
2945,3,1,2025-09-10,Finland,Georgia,98.696026,99.226656
2945,4,1,2025-09-10,Germany,Slovenia,108.39984,77.352027
2946,1,1,2025-09-09,Poland,Turkey,83.875318,81.50323
2946,2,1,2025-09-09,Lithuania,Greece,45.615719,60.130306
2946,3,1,2025-09-10,Finland,Georgia,92.655503,75.869459
2946,4,1,2025-09-10,Germany,Slovenia,102.77106,74.186441
2947,1,1,2025-09-09,Poland,Turkey,69.650643,96.89473
2947,2,1,2025-09-09,Lithuania,Greece,95.025734,72.544604
2947,3,1,2025-09-10,Finland,Georgia,67.79791,84.327257
2947,4,1,2025-09-10,Germany,Slovenia,100.89948,84.999112
2948,1,1,2025-09-09,Poland,Turkey,60.537488,81.70221
2948,2,1,2025-09-09,Lithuania,Greece,86.28954,67.6217
2948,3,1,2025-09-10,Finland,Georgia,109.50109,77.778312
2948,4,1,2025-09-10,Germany,Slovenia,97.225058,87.012349
2949,1,1,2025-09-09,Poland,Turkey,82.376216,83.570113
2949,2,1,2025-09-09,Lithuania,Greece,79.479591,76.830573
2949,3,1,2025-09-10,Finland,Georgia,92.271084,64.478832
2949,4,1,2025-09-10,Germany,Slovenia,109.43957,103.67563
2950,1,1,2025-09-09,Poland,Turkey,79.623508,86.389904
2950,2,1,2025-09-09,Lithuania,Greece,74.368943,66.510307
2950,3,1,2025-09-10,Finland,Georgia,91.370423,73.77156
2950,4,1,2025-09-10,Germany,Slovenia,84.476147,71.750688
2951,1,1,2025-09-09,Poland,Turkey,77.230735,103.1734
2951,2,1,2025-09-09,Lithuania,Greece,89.265528,97.332766
2951,3,1,2025-09-10,Finland,Georgia,95.670741,74.702321
2951,4,1,2025-09-10,Germany,Slovenia,97.372542,87.531187
2952,1,1,2025-09-09,Poland,Turkey,58.239919,89.518387
2952,2,1,2025-09-09,Lithuania,Greece,68.036177,76.401035
2952,3,1,2025-09-10,Finland,Georgia,92.34153,80.003454
2952,4,1,2025-09-10,Germany,Slovenia,103.08258,91.802563
2953,1,1,2025-09-09,Poland,Turkey,66.601319,79.546099
2953,2,1,2025-09-09,Lithuania,Greece,74.915636,66.758208
2953,3,1,2025-09-10,Finland,Georgia,85.456951,100.71692
2953,4,1,2025-09-10,Germany,Slovenia,105.3069,97.813068
2954,1,1,2025-09-09,Poland,Turkey,85.766369,94.299352
2954,2,1,2025-09-09,Lithuania,Greece,103.05493,88.824476
2954,3,1,2025-09-10,Finland,Georgia,104.68859,92.986842
2954,4,1,2025-09-10,Germany,Slovenia,81.519624,88.028353
2955,1,1,2025-09-09,Poland,Turkey,78.738163,70.557589
2955,2,1,2025-09-09,Lithuania,Greece,85.950386,67.456941
2955,3,1,2025-09-10,Finland,Georgia,97.323631,84.606901
2955,4,1,2025-09-10,Germany,Slovenia,92.624562,78.566335
2956,1,1,2025-09-09,Poland,Turkey,87.311629,83.484249
2956,2,1,2025-09-09,Lithuania,Greece,91.092058,87.701922
2956,3,1,2025-09-10,Finland,Georgia,109.02199,66.854
2956,4,1,2025-09-10,Germany,Slovenia,106.57084,77.764296
2957,1,1,2025-09-09,Poland,Turkey,61.021499,90.178763
2957,2,1,2025-09-09,Lithuania,Greece,104.99232,91.976056
2957,3,1,2025-09-10,Finland,Georgia,102.02017,74.980429
2957,4,1,2025-09-10,Germany,Slovenia,82.000195,77.319115
2958,1,1,2025-09-09,Poland,Turkey,60.539266,117.38488
2958,2,1,2025-09-09,Lithuania,Greece,92.186115,68.184945
2958,3,1,2025-09-10,Finland,Georgia,83.902552,75.339808
2958,4,1,2025-09-10,Germany,Slovenia,104.49657,91.054304
2959,1,1,2025-09-09,Poland,Turkey,84.064442,82.786382
2959,2,1,2025-09-09,Lithuania,Greece,61.274256,72.087604
2959,3,1,2025-09-10,Finland,Georgia,93.259994,68.040002
2959,4,1,2025-09-10,Germany,Slovenia,113.82719,77.007181
2960,1,1,2025-09-09,Poland,Turkey,82.691898,85.605175
2960,2,1,2025-09-09,Lithuania,Greece,78.434155,72.716238
2960,3,1,2025-09-10,Finland,Georgia,101.3934,74.35493
2960,4,1,2025-09-10,Germany,Slovenia,82.824562,85.851297
2961,1,1,2025-09-09,Poland,Turkey,74.033974,106.00924
2961,2,1,2025-09-09,Lithuania,Greece,78.024067,57.953716
2961,3,1,2025-09-10,Finland,Georgia,92.064564,65.923829
2961,4,1,2025-09-10,Germany,Slovenia,103.36067,101.76492
2962,1,1,2025-09-09,Poland,Turkey,86.836282,80.981642
2962,2,1,2025-09-09,Lithuania,Greece,79.906716,64.210971
2962,3,1,2025-09-10,Finland,Georgia,94.977315,71.222971
2962,4,1,2025-09-10,Germany,Slovenia,81.843219,101.24827
2963,1,1,2025-09-09,Poland,Turkey,73.834951,86.945991
2963,2,1,2025-09-09,Lithuania,Greece,52.449773,68.67142
2963,3,1,2025-09-10,Finland,Georgia,90.709475,73.473401
2963,4,1,2025-09-10,Germany,Slovenia,98.981963,88.913898
2964,1,1,2025-09-09,Poland,Turkey,78.44862,74.24033
2964,2,1,2025-09-09,Lithuania,Greece,81.123516,70.156857
2964,3,1,2025-09-10,Finland,Georgia,114.80227,86.272248
2964,4,1,2025-09-10,Germany,Slovenia,110.27425,88.969056
2965,1,1,2025-09-09,Poland,Turkey,77.799555,81.775009
2965,2,1,2025-09-09,Lithuania,Greece,87.940656,88.07622
2965,3,1,2025-09-10,Finland,Georgia,113.73418,71.514606
2965,4,1,2025-09-10,Germany,Slovenia,101.05517999999999,86.735064
2966,1,1,2025-09-09,Poland,Turkey,77.220997,76.606052
2966,2,1,2025-09-09,Lithuania,Greece,99.427901,86.346955
2966,3,1,2025-09-10,Finland,Georgia,87.175741,89.525329
2966,4,1,2025-09-10,Germany,Slovenia,100.34875,96.814527
2967,1,1,2025-09-09,Poland,Turkey,79.214313,95.903237
2967,2,1,2025-09-09,Lithuania,Greece,92.595203,78.676238
2967,3,1,2025-09-10,Finland,Georgia,92.882723,61.545269
2967,4,1,2025-09-10,Germany,Slovenia,92.189013,93.029522
2968,1,1,2025-09-09,Poland,Turkey,77.33785,70.722545
2968,2,1,2025-09-09,Lithuania,Greece,85.046742,72.957415
2968,3,1,2025-09-10,Finland,Georgia,95.315318,74.887373
2968,4,1,2025-09-10,Germany,Slovenia,78.609887,102.10148
2969,1,1,2025-09-09,Poland,Turkey,64.815602,83.073347
2969,2,1,2025-09-09,Lithuania,Greece,79.55294,94.66119
2969,3,1,2025-09-10,Finland,Georgia,84.790831,77.823401
2969,4,1,2025-09-10,Germany,Slovenia,103.55351,106.51673
2970,1,1,2025-09-09,Poland,Turkey,60.834585,94.450306
2970,2,1,2025-09-09,Lithuania,Greece,101.00668,82.896905
2970,3,1,2025-09-10,Finland,Georgia,96.836004,87.90689
2970,4,1,2025-09-10,Germany,Slovenia,103.14577,84.456401
2971,1,1,2025-09-09,Poland,Turkey,83.376195,104.31467
2971,2,1,2025-09-09,Lithuania,Greece,86.266549,84.85724
2971,3,1,2025-09-10,Finland,Georgia,93.665008,80.731947
2971,4,1,2025-09-10,Germany,Slovenia,91.619767,88.250137
2972,1,1,2025-09-09,Poland,Turkey,89.6562,81.068369
2972,2,1,2025-09-09,Lithuania,Greece,85.246938,81.221947
2972,3,1,2025-09-10,Finland,Georgia,96.137598,78.601048
2972,4,1,2025-09-10,Germany,Slovenia,109.34283,79.410923
2973,1,1,2025-09-09,Poland,Turkey,80.990312,96.113251
2973,2,1,2025-09-09,Lithuania,Greece,98.617525,87.389136
2973,3,1,2025-09-10,Finland,Georgia,95.489638,80.418164
2973,4,1,2025-09-10,Germany,Slovenia,106.36983,79.144541
2974,1,1,2025-09-09,Poland,Turkey,100.52981,89.083564
2974,2,1,2025-09-09,Lithuania,Greece,87.366465,70.296677
2974,3,1,2025-09-10,Finland,Georgia,107.94217,95.322348
2974,4,1,2025-09-10,Germany,Slovenia,114.9929,87.714888
2975,1,1,2025-09-09,Poland,Turkey,74.214119,73.604262
2975,2,1,2025-09-09,Lithuania,Greece,101.7365,83.644645
2975,3,1,2025-09-10,Finland,Georgia,91.451598,94.608814
2975,4,1,2025-09-10,Germany,Slovenia,112.61108,101.80161
2976,1,1,2025-09-09,Poland,Turkey,110.46463,133.2753
2976,2,1,2025-09-09,Lithuania,Greece,100.45384,91.418525
2976,3,1,2025-09-10,Finland,Georgia,90.270833,65.600901
2976,4,1,2025-09-10,Germany,Slovenia,82.158531,71.132507
2977,1,1,2025-09-09,Poland,Turkey,56.995966,62.091004
2977,2,1,2025-09-09,Lithuania,Greece,97.996668,49.725093
2977,3,1,2025-09-10,Finland,Georgia,85.833919,65.282474
2977,4,1,2025-09-10,Germany,Slovenia,92.526917,95.567938
2978,1,1,2025-09-09,Poland,Turkey,88.448811,75.166643
2978,2,1,2025-09-09,Lithuania,Greece,83.20794,67.883591
2978,3,1,2025-09-10,Finland,Georgia,87.025412,75.938751
2978,4,1,2025-09-10,Germany,Slovenia,102.97813,79.057937
2979,1,1,2025-09-09,Poland,Turkey,73.826066,79.908524
2979,2,1,2025-09-09,Lithuania,Greece,102.50022,86.254893
2979,3,1,2025-09-10,Finland,Georgia,100.12145,76.985526
2979,4,1,2025-09-10,Germany,Slovenia,107.47627,74.475844
2980,1,1,2025-09-09,Poland,Turkey,82.879049,94.442431
2980,2,1,2025-09-09,Lithuania,Greece,76.756436,61.530072
2980,3,1,2025-09-10,Finland,Georgia,93.619144,82.633468
2980,4,1,2025-09-10,Germany,Slovenia,99.634744,73.658014
2981,1,1,2025-09-09,Poland,Turkey,75.895685,92.173827
2981,2,1,2025-09-09,Lithuania,Greece,88.521067,81.024079
2981,3,1,2025-09-10,Finland,Georgia,114.65759,96.705249
2981,4,1,2025-09-10,Germany,Slovenia,100.2093,92.679876
2982,1,1,2025-09-09,Poland,Turkey,85.518335,83.497821
2982,2,1,2025-09-09,Lithuania,Greece,88.634687,81.762369
2982,3,1,2025-09-10,Finland,Georgia,81.612341,50.042043
2982,4,1,2025-09-10,Germany,Slovenia,112.58489,91.509379
2983,1,1,2025-09-09,Poland,Turkey,77.570186,69.071811
2983,2,1,2025-09-09,Lithuania,Greece,83.874265,64.140256
2983,3,1,2025-09-10,Finland,Georgia,84.26112,72.204509
2983,4,1,2025-09-10,Germany,Slovenia,107.31401,91.409467
2984,1,1,2025-09-09,Poland,Turkey,86.715749,103.0925
2984,2,1,2025-09-09,Lithuania,Greece,96.702708,71.412213
2984,3,1,2025-09-10,Finland,Georgia,86.957087,67.991938
2984,4,1,2025-09-10,Germany,Slovenia,93.287896,82.748721
2985,1,1,2025-09-09,Poland,Turkey,82.127994,71.765332
2985,2,1,2025-09-09,Lithuania,Greece,80.960783,67.555368
2985,3,1,2025-09-10,Finland,Georgia,86.314149,78.591979
2985,4,1,2025-09-10,Germany,Slovenia,96.548544,89.374757
2986,1,1,2025-09-09,Poland,Turkey,85.175404,80.962293
2986,2,1,2025-09-09,Lithuania,Greece,109.57676,74.067367
2986,3,1,2025-09-10,Finland,Georgia,98.25808,65.258715
2986,4,1,2025-09-10,Germany,Slovenia,110.0708,82.565781
2987,1,1,2025-09-09,Poland,Turkey,67.025962,62.681869
2987,2,1,2025-09-09,Lithuania,Greece,84.940415,73.888974
2987,3,1,2025-09-10,Finland,Georgia,94.096318,91.94201
2987,4,1,2025-09-10,Germany,Slovenia,111.17827,93.241047
2988,1,1,2025-09-09,Poland,Turkey,68.71021,81.19816
2988,2,1,2025-09-09,Lithuania,Greece,69.086145,92.610516
2988,3,1,2025-09-10,Finland,Georgia,101.09247,79.714388
2988,4,1,2025-09-10,Germany,Slovenia,113.41776,80.947054
2989,1,1,2025-09-09,Poland,Turkey,56.043652,83.605463
2989,2,1,2025-09-09,Lithuania,Greece,94.475744,92.333649
2989,3,1,2025-09-10,Finland,Georgia,96.121186,84.365116
2989,4,1,2025-09-10,Germany,Slovenia,111.22937,70.703426
2990,1,1,2025-09-09,Poland,Turkey,74.58669,110.98958
2990,2,1,2025-09-09,Lithuania,Greece,81.554332,65.032157
2990,3,1,2025-09-10,Finland,Georgia,73.127792,72.733327
2990,4,1,2025-09-10,Germany,Slovenia,84.938277,89.551379
2991,1,1,2025-09-09,Poland,Turkey,98.748346,88.780841
2991,2,1,2025-09-09,Lithuania,Greece,90.96713,93.325358
2991,3,1,2025-09-10,Finland,Georgia,74.085842,74.002993
2991,4,1,2025-09-10,Germany,Slovenia,107.69758,76.41656
2992,1,1,2025-09-09,Poland,Turkey,81.324393,106.08612
2992,2,1,2025-09-09,Lithuania,Greece,60.158702,56.838245
2992,3,1,2025-09-10,Finland,Georgia,84.364619,70.436759
2992,4,1,2025-09-10,Germany,Slovenia,96.922108,78.590697
2993,1,1,2025-09-09,Poland,Turkey,78.684535,82.081659
2993,2,1,2025-09-09,Lithuania,Greece,94.480792,68.867592
2993,3,1,2025-09-10,Finland,Georgia,98.92538,87.148275
2993,4,1,2025-09-10,Germany,Slovenia,136.20564,75.516069
2994,1,1,2025-09-09,Poland,Turkey,66.544922,91.765681
2994,2,1,2025-09-09,Lithuania,Greece,88.835885,70.191958
2994,3,1,2025-09-10,Finland,Georgia,103.60234,77.198268
2994,4,1,2025-09-10,Germany,Slovenia,105.71944,74.915617
2995,1,1,2025-09-09,Poland,Turkey,89.982564,91.651873
2995,2,1,2025-09-09,Lithuania,Greece,84.348066,88.40719
2995,3,1,2025-09-10,Finland,Georgia,86.373472,75.515785
2995,4,1,2025-09-10,Germany,Slovenia,92.806538,74.378993
2996,1,1,2025-09-09,Poland,Turkey,63.238246,72.54923
2996,2,1,2025-09-09,Lithuania,Greece,77.799167,72.401879
2996,3,1,2025-09-10,Finland,Georgia,96.786739,75.403572
2996,4,1,2025-09-10,Germany,Slovenia,102.34661,96.090204
2997,1,1,2025-09-09,Poland,Turkey,68.152975,91.425372
2997,2,1,2025-09-09,Lithuania,Greece,89.039874,73.755262
2997,3,1,2025-09-10,Finland,Georgia,108.19583,105.25582
2997,4,1,2025-09-10,Germany,Slovenia,92.67506,66.22457
2998,1,1,2025-09-09,Poland,Turkey,68.519882,98.129759
2998,2,1,2025-09-09,Lithuania,Greece,97.371838,63.624472
2998,3,1,2025-09-10,Finland,Georgia,87.418154,54.318026
2998,4,1,2025-09-10,Germany,Slovenia,130.46379,98.508452
2999,1,1,2025-09-09,Poland,Turkey,81.667839,109.0864
2999,2,1,2025-09-09,Lithuania,Greece,89.883352,78.61904
2999,3,1,2025-09-10,Finland,Georgia,85.445766,69.777408
2999,4,1,2025-09-10,Germany,Slovenia,106.43606,91.704138
3000,1,1,2025-09-09,Poland,Turkey,81.027432,69.593457
3000,2,1,2025-09-09,Lithuania,Greece,76.81947,72.749311
3000,3,1,2025-09-10,Finland,Georgia,90.405526,88.022491
3000,4,1,2025-09-10,Germany,Slovenia,101.53995,105.86282
3001,1,1,2025-09-09,Poland,Turkey,74.304105,64.265354
3001,2,1,2025-09-09,Lithuania,Greece,94.773595,86.648001
3001,3,1,2025-09-10,Finland,Georgia,93.984128,75.185475
3001,4,1,2025-09-10,Germany,Slovenia,86.30909,93.490101
3002,1,1,2025-09-09,Poland,Turkey,91.18651,103.54967
3002,2,1,2025-09-09,Lithuania,Greece,100.65669,67.033183
3002,3,1,2025-09-10,Finland,Georgia,86.174355,76.949
3002,4,1,2025-09-10,Germany,Slovenia,117.72282,103.1232
3003,1,1,2025-09-09,Poland,Turkey,20.46043,87.29398
3003,2,1,2025-09-09,Lithuania,Greece,89.61932,88.157263
3003,3,1,2025-09-10,Finland,Georgia,92.044678,71.467021
3003,4,1,2025-09-10,Germany,Slovenia,105.94665,81.343467
3004,1,1,2025-09-09,Poland,Turkey,77.906976,82.712775
3004,2,1,2025-09-09,Lithuania,Greece,98.846714,73.884945
3004,3,1,2025-09-10,Finland,Georgia,97.977624,81.046831
3004,4,1,2025-09-10,Germany,Slovenia,94.945173,93.352801
3005,1,1,2025-09-09,Poland,Turkey,69.457907,77.860801
3005,2,1,2025-09-09,Lithuania,Greece,98.067836,67.048215
3005,3,1,2025-09-10,Finland,Georgia,113.0187,87.238993
3005,4,1,2025-09-10,Germany,Slovenia,110.11537,103.39859
3006,1,1,2025-09-09,Poland,Turkey,96.310683,83.229234
3006,2,1,2025-09-09,Lithuania,Greece,114.79592,59.305903
3006,3,1,2025-09-10,Finland,Georgia,80.390405,85.00896
3006,4,1,2025-09-10,Germany,Slovenia,26.500407,87.395754
3007,1,1,2025-09-09,Poland,Turkey,86.866325,85.961626999999993
3007,2,1,2025-09-09,Lithuania,Greece,74.565817,75.297397
3007,3,1,2025-09-10,Finland,Georgia,117.84028,90.318449
3007,4,1,2025-09-10,Germany,Slovenia,97.294877,99.196425
3008,1,1,2025-09-09,Poland,Turkey,71.793013,74.598286
3008,2,1,2025-09-09,Lithuania,Greece,82.131057,75.451502
3008,3,1,2025-09-10,Finland,Georgia,71.691542,72.194584
3008,4,1,2025-09-10,Germany,Slovenia,97.947728,98.472132
3009,1,1,2025-09-09,Poland,Turkey,65.0559,101.74961
3009,2,1,2025-09-09,Lithuania,Greece,73.3677,74.622921
3009,3,1,2025-09-10,Finland,Georgia,112.56206,86.125838
3009,4,1,2025-09-10,Germany,Slovenia,104.88907,77.844011
3010,1,1,2025-09-09,Poland,Turkey,100.12827,71.364432
3010,2,1,2025-09-09,Lithuania,Greece,92.601278,81.482641
3010,3,1,2025-09-10,Finland,Georgia,86.240311,61.257961
3010,4,1,2025-09-10,Germany,Slovenia,113.63294,84.088241
3011,1,1,2025-09-09,Poland,Turkey,72.609133,82.328708
3011,2,1,2025-09-09,Lithuania,Greece,90.998473,75.346506
3011,3,1,2025-09-10,Finland,Georgia,85.654742,82.462783
3011,4,1,2025-09-10,Germany,Slovenia,86.114064,80.138704
3012,1,1,2025-09-09,Poland,Turkey,96.171969,102.44107
3012,2,1,2025-09-09,Lithuania,Greece,68.673143,57.633567
3012,3,1,2025-09-10,Finland,Georgia,66.210573,79.565082
3012,4,1,2025-09-10,Germany,Slovenia,100.37319,100.03065
3013,1,1,2025-09-09,Poland,Turkey,85.930523,91.034788
3013,2,1,2025-09-09,Lithuania,Greece,76.303562,93.38517
3013,3,1,2025-09-10,Finland,Georgia,102.63925,64.905091
3013,4,1,2025-09-10,Germany,Slovenia,91.071813,105.74889
3014,1,1,2025-09-09,Poland,Turkey,85.048264,98.8844
3014,2,1,2025-09-09,Lithuania,Greece,85.681104,77.84476
3014,3,1,2025-09-10,Finland,Georgia,90.804317,71.52732
3014,4,1,2025-09-10,Germany,Slovenia,102.63416,102.10669
3015,1,1,2025-09-09,Poland,Turkey,73.980073,99.503687
3015,2,1,2025-09-09,Lithuania,Greece,94.613343,61.347732
3015,3,1,2025-09-10,Finland,Georgia,105.18811,66.327467
3015,4,1,2025-09-10,Germany,Slovenia,104.80291,83.606465
3016,1,1,2025-09-09,Poland,Turkey,78.908119,81.048125
3016,2,1,2025-09-09,Lithuania,Greece,90.928414,76.30417
3016,3,1,2025-09-10,Finland,Georgia,103.98183,81.674186
3016,4,1,2025-09-10,Germany,Slovenia,117.13192,82.712969
3017,1,1,2025-09-09,Poland,Turkey,65.321293,71.908497
3017,2,1,2025-09-09,Lithuania,Greece,81.261213,66.626656
3017,3,1,2025-09-10,Finland,Georgia,95.589801,72.404741
3017,4,1,2025-09-10,Germany,Slovenia,117.89656,90.986783
3018,1,1,2025-09-09,Poland,Turkey,76.950006,94.476064
3018,2,1,2025-09-09,Lithuania,Greece,82.426743,57.615779
3018,3,1,2025-09-10,Finland,Georgia,100.31943,71.046979
3018,4,1,2025-09-10,Germany,Slovenia,114.82374,83.511581
3019,1,1,2025-09-09,Poland,Turkey,59.630878,109.01047
3019,2,1,2025-09-09,Lithuania,Greece,76.311971,80.091669
3019,3,1,2025-09-10,Finland,Georgia,100.6889,68.629859
3019,4,1,2025-09-10,Germany,Slovenia,106.80332,63.940713
3020,1,1,2025-09-09,Poland,Turkey,61.642654,81.57376
3020,2,1,2025-09-09,Lithuania,Greece,90.936544,102.89683
3020,3,1,2025-09-10,Finland,Georgia,82.127077,58.700086
3020,4,1,2025-09-10,Germany,Slovenia,104.8388,80.354176
3021,1,1,2025-09-09,Poland,Turkey,86.557726,73.941644
3021,2,1,2025-09-09,Lithuania,Greece,86.566422,83.278212
3021,3,1,2025-09-10,Finland,Georgia,94.202666,83.179522
3021,4,1,2025-09-10,Germany,Slovenia,98.373734,90.775655
3022,1,1,2025-09-09,Poland,Turkey,64.015457,79.799889
3022,2,1,2025-09-09,Lithuania,Greece,108.85386,70.419807
3022,3,1,2025-09-10,Finland,Georgia,100.84023,72.891645
3022,4,1,2025-09-10,Germany,Slovenia,124.07518,92.266204
3023,1,1,2025-09-09,Poland,Turkey,87.367706,84.823744
3023,2,1,2025-09-09,Lithuania,Greece,96.355036,89.350237
3023,3,1,2025-09-10,Finland,Georgia,111.21651,68.863728
3023,4,1,2025-09-10,Germany,Slovenia,110.84283,96.663271
3024,1,1,2025-09-09,Poland,Turkey,83.911684,74.723964
3024,2,1,2025-09-09,Lithuania,Greece,97.347426,81.795513
3024,3,1,2025-09-10,Finland,Georgia,86.944477,71.325754
3024,4,1,2025-09-10,Germany,Slovenia,109.62949,75.578119
3025,1,1,2025-09-09,Poland,Turkey,113.92212,78.334071
3025,2,1,2025-09-09,Lithuania,Greece,84.895779,88.123731
3025,3,1,2025-09-10,Finland,Georgia,84.629709,61.122814
3025,4,1,2025-09-10,Germany,Slovenia,106.15917,90.981904
3026,1,1,2025-09-09,Poland,Turkey,90.324208,96.19516
3026,2,1,2025-09-09,Lithuania,Greece,110.58433,86.486711
3026,3,1,2025-09-10,Finland,Georgia,81.874727,63.719013
3026,4,1,2025-09-10,Germany,Slovenia,93.143493,74.205974
3027,1,1,2025-09-09,Poland,Turkey,83.532877,81.272949
3027,2,1,2025-09-09,Lithuania,Greece,107.05885,91.347195
3027,3,1,2025-09-10,Finland,Georgia,84.196055,72.850301
3027,4,1,2025-09-10,Germany,Slovenia,98.762499,76.548281
3028,1,1,2025-09-09,Poland,Turkey,91.352498,92.478064
3028,2,1,2025-09-09,Lithuania,Greece,80.846874,77.973332
3028,3,1,2025-09-10,Finland,Georgia,93.358401,86.979189
3028,4,1,2025-09-10,Germany,Slovenia,91.872506,72.024845
3029,1,1,2025-09-09,Poland,Turkey,73.569141,70.637088
3029,2,1,2025-09-09,Lithuania,Greece,71.209787,84.579014
3029,3,1,2025-09-10,Finland,Georgia,100.47242,67.029524
3029,4,1,2025-09-10,Germany,Slovenia,80.389113,73.178167
3030,1,1,2025-09-09,Poland,Turkey,63.004109,69.039036
3030,2,1,2025-09-09,Lithuania,Greece,93.599979,79.37876
3030,3,1,2025-09-10,Finland,Georgia,102.98804,83.700507
3030,4,1,2025-09-10,Germany,Slovenia,97.822957,88.290875
3031,1,1,2025-09-09,Poland,Turkey,76.084292,64.436773
3031,2,1,2025-09-09,Lithuania,Greece,82.165817,61.086063
3031,3,1,2025-09-10,Finland,Georgia,81.267761,80.384268
3031,4,1,2025-09-10,Germany,Slovenia,95.287048,88.782875
3032,1,1,2025-09-09,Poland,Turkey,83.317354,98.200836
3032,2,1,2025-09-09,Lithuania,Greece,108.92746,71.527684
3032,3,1,2025-09-10,Finland,Georgia,94.802898,98.699943
3032,4,1,2025-09-10,Germany,Slovenia,92.555156,104.19079
3033,1,1,2025-09-09,Poland,Turkey,95.641091,77.867617
3033,2,1,2025-09-09,Lithuania,Greece,100.26845,64.021174
3033,3,1,2025-09-10,Finland,Georgia,103.80614,72.394733
3033,4,1,2025-09-10,Germany,Slovenia,117.76804,104.69679
3034,1,1,2025-09-09,Poland,Turkey,83.201385,72.064825
3034,2,1,2025-09-09,Lithuania,Greece,90.166656,94.528861
3034,3,1,2025-09-10,Finland,Georgia,95.306826,71.825292
3034,4,1,2025-09-10,Germany,Slovenia,123.72112,103.70696
3035,1,1,2025-09-09,Poland,Turkey,86.111404,93.421209
3035,2,1,2025-09-09,Lithuania,Greece,81.248856,64.651428
3035,3,1,2025-09-10,Finland,Georgia,95.594449,83.800711
3035,4,1,2025-09-10,Germany,Slovenia,84.485971,79.424726
3036,1,1,2025-09-09,Poland,Turkey,81.091349,73.630909
3036,2,1,2025-09-09,Lithuania,Greece,89.413155,81.650845
3036,3,1,2025-09-10,Finland,Georgia,88.079492,70.106923
3036,4,1,2025-09-10,Germany,Slovenia,98.418694,73.523099
3037,1,1,2025-09-09,Poland,Turkey,84.270259,92.232762
3037,2,1,2025-09-09,Lithuania,Greece,106.88789,92.713789
3037,3,1,2025-09-10,Finland,Georgia,92.359472,73.442246
3037,4,1,2025-09-10,Germany,Slovenia,124.99513,90.698218
3038,1,1,2025-09-09,Poland,Turkey,96.264534,84.714837
3038,2,1,2025-09-09,Lithuania,Greece,77.891844,74.689028
3038,3,1,2025-09-10,Finland,Georgia,98.558228,82.493694
3038,4,1,2025-09-10,Germany,Slovenia,118.5099,87.384073
3039,1,1,2025-09-09,Poland,Turkey,69.250537,110.96719
3039,2,1,2025-09-09,Lithuania,Greece,108.99523,74.973096
3039,3,1,2025-09-10,Finland,Georgia,95.547017,83.293997
3039,4,1,2025-09-10,Germany,Slovenia,107.75245,97.191366
3040,1,1,2025-09-09,Poland,Turkey,87.874748,95.818996
3040,2,1,2025-09-09,Lithuania,Greece,72.87686,65.701502
3040,3,1,2025-09-10,Finland,Georgia,86.233885,74.880286
3040,4,1,2025-09-10,Germany,Slovenia,103.49751,84.210878
3041,1,1,2025-09-09,Poland,Turkey,97.354654,96.316036
3041,2,1,2025-09-09,Lithuania,Greece,84.329471,54.530121
3041,3,1,2025-09-10,Finland,Georgia,86.035576,76.121975
3041,4,1,2025-09-10,Germany,Slovenia,109.65386,76.256411
3042,1,1,2025-09-09,Poland,Turkey,95.351947,93.226945
3042,2,1,2025-09-09,Lithuania,Greece,88.172767,83.819298
3042,3,1,2025-09-10,Finland,Georgia,93.244468,81.481434
3042,4,1,2025-09-10,Germany,Slovenia,90.973291,79.863386
3043,1,1,2025-09-09,Poland,Turkey,79.172078,70.195589
3043,2,1,2025-09-09,Lithuania,Greece,92.970702,89.836283
3043,3,1,2025-09-10,Finland,Georgia,100.17927,87.684992
3043,4,1,2025-09-10,Germany,Slovenia,106.40037,96.973339
3044,1,1,2025-09-09,Poland,Turkey,89.821724,78.293202
3044,2,1,2025-09-09,Lithuania,Greece,92.51404,78.557387
3044,3,1,2025-09-10,Finland,Georgia,80.63984,83.0371
3044,4,1,2025-09-10,Germany,Slovenia,110.2735,79.242492
3045,1,1,2025-09-09,Poland,Turkey,61.541892,73.190068
3045,2,1,2025-09-09,Lithuania,Greece,79.543965,71.746183
3045,3,1,2025-09-10,Finland,Georgia,69.57936,86.283281
3045,4,1,2025-09-10,Germany,Slovenia,113.64168,84.512203
3046,1,1,2025-09-09,Poland,Turkey,91.660925,95.26943
3046,2,1,2025-09-09,Lithuania,Greece,80.106913,73.439406
3046,3,1,2025-09-10,Finland,Georgia,88.297924,88.982725
3046,4,1,2025-09-10,Germany,Slovenia,121.761,85.068899
3047,1,1,2025-09-09,Poland,Turkey,94.515999,89.607272
3047,2,1,2025-09-09,Lithuania,Greece,85.719554,88.923052
3047,3,1,2025-09-10,Finland,Georgia,76.187366,91.378323
3047,4,1,2025-09-10,Germany,Slovenia,89.053908,100.52392999999999
3048,1,1,2025-09-09,Poland,Turkey,75.66477,102.46264
3048,2,1,2025-09-09,Lithuania,Greece,80.238617,66.720851
3048,3,1,2025-09-10,Finland,Georgia,96.127079,88.527676
3048,4,1,2025-09-10,Germany,Slovenia,132.26245,67.841582
3049,1,1,2025-09-09,Poland,Turkey,75.903534,83.709657000000007
3049,2,1,2025-09-09,Lithuania,Greece,94.837045,88.225009
3049,3,1,2025-09-10,Finland,Georgia,92.027304,80.004352
3049,4,1,2025-09-10,Germany,Slovenia,102.72103,96.056661
3050,1,1,2025-09-09,Poland,Turkey,75.29775,74.78948
3050,2,1,2025-09-09,Lithuania,Greece,62.401702,77.622354
3050,3,1,2025-09-10,Finland,Georgia,116.13253,74.384774
3050,4,1,2025-09-10,Germany,Slovenia,113.12475,81.408066
3051,1,1,2025-09-09,Poland,Turkey,69.108067,92.078927
3051,2,1,2025-09-09,Lithuania,Greece,94.624113,49.707911
3051,3,1,2025-09-10,Finland,Georgia,99.358943,75.437651
3051,4,1,2025-09-10,Germany,Slovenia,100.59797,91.4961
3052,1,1,2025-09-09,Poland,Turkey,73.961566,82.23148
3052,2,1,2025-09-09,Lithuania,Greece,87.151983,71.262004
3052,3,1,2025-09-10,Finland,Georgia,99.348891,58.816425
3052,4,1,2025-09-10,Germany,Slovenia,117.03071,90.966131
3053,1,1,2025-09-09,Poland,Turkey,74.042192,90.086014
3053,2,1,2025-09-09,Lithuania,Greece,85.960642000000007,78.943936
3053,3,1,2025-09-10,Finland,Georgia,85.725599,82.147235
3053,4,1,2025-09-10,Germany,Slovenia,111.05665,98.950354
3054,1,1,2025-09-09,Poland,Turkey,55.043811,79.029697
3054,2,1,2025-09-09,Lithuania,Greece,75.154945,69.054398
3054,3,1,2025-09-10,Finland,Georgia,108.29356,75.104415
3054,4,1,2025-09-10,Germany,Slovenia,99.911449,101.8292
3055,1,1,2025-09-09,Poland,Turkey,76.812708,65.53021
3055,2,1,2025-09-09,Lithuania,Greece,88.218935,75.278719
3055,3,1,2025-09-10,Finland,Georgia,97.484721,84.239906
3055,4,1,2025-09-10,Germany,Slovenia,86.170676,80.117132
3056,1,1,2025-09-09,Poland,Turkey,75.819958,93.070578
3056,2,1,2025-09-09,Lithuania,Greece,100.28053,92.865995
3056,3,1,2025-09-10,Finland,Georgia,74.89409,78.142319
3056,4,1,2025-09-10,Germany,Slovenia,94.030767,83.623043
3057,1,1,2025-09-09,Poland,Turkey,82.393358,87.518686
3057,2,1,2025-09-09,Lithuania,Greece,92.689468,85.415968
3057,3,1,2025-09-10,Finland,Georgia,112.91763,80.726358
3057,4,1,2025-09-10,Germany,Slovenia,104.06835,81.25938
3058,1,1,2025-09-09,Poland,Turkey,65.85816,72.824287
3058,2,1,2025-09-09,Lithuania,Greece,95.465267,82.969893
3058,3,1,2025-09-10,Finland,Georgia,95.121066,90.467684
3058,4,1,2025-09-10,Germany,Slovenia,83.631529,93.803531
3059,1,1,2025-09-09,Poland,Turkey,68.319636,94.116279
3059,2,1,2025-09-09,Lithuania,Greece,81.926143,80.413423
3059,3,1,2025-09-10,Finland,Georgia,98.221995,79.221838
3059,4,1,2025-09-10,Germany,Slovenia,134.75449,101.63754
3060,1,1,2025-09-09,Poland,Turkey,78.840012,93.262272
3060,2,1,2025-09-09,Lithuania,Greece,97.279078,105.32534
3060,3,1,2025-09-10,Finland,Georgia,115.76533,71.360057
3060,4,1,2025-09-10,Germany,Slovenia,107.59594,85.409685
3061,1,1,2025-09-09,Poland,Turkey,82.054137,89.787633
3061,2,1,2025-09-09,Lithuania,Greece,79.908763,68.190903
3061,3,1,2025-09-10,Finland,Georgia,93.899794,85.332397
3061,4,1,2025-09-10,Germany,Slovenia,122.50829,102.86743
3062,1,1,2025-09-09,Poland,Turkey,70.718889,73.061462
3062,2,1,2025-09-09,Lithuania,Greece,68.655116,85.795845
3062,3,1,2025-09-10,Finland,Georgia,96.744208,74.60535
3062,4,1,2025-09-10,Germany,Slovenia,96.366477,86.892236
3063,1,1,2025-09-09,Poland,Turkey,81.668977,80.084967
3063,2,1,2025-09-09,Lithuania,Greece,87.162561,70.976071
3063,3,1,2025-09-10,Finland,Georgia,93.481976,73.362043
3063,4,1,2025-09-10,Germany,Slovenia,87.423272,72.953343
3064,1,1,2025-09-09,Poland,Turkey,78.152832,95.985909
3064,2,1,2025-09-09,Lithuania,Greece,77.961144,68.778035
3064,3,1,2025-09-10,Finland,Georgia,87.018724,71.511094
3064,4,1,2025-09-10,Germany,Slovenia,104.43805,84.18039
3065,1,1,2025-09-09,Poland,Turkey,70.94564,85.632695
3065,2,1,2025-09-09,Lithuania,Greece,85.045919,59.236183
3065,3,1,2025-09-10,Finland,Georgia,98.705526,92.443067
3065,4,1,2025-09-10,Germany,Slovenia,117.5181,93.830015
3066,1,1,2025-09-09,Poland,Turkey,72.866506,72.246391
3066,2,1,2025-09-09,Lithuania,Greece,107.88047,75.1092
3066,3,1,2025-09-10,Finland,Georgia,91.896467,100.14474
3066,4,1,2025-09-10,Germany,Slovenia,108.00554,85.876576
3067,1,1,2025-09-09,Poland,Turkey,91.248503,89.351701
3067,2,1,2025-09-09,Lithuania,Greece,87.63088,75.91955
3067,3,1,2025-09-10,Finland,Georgia,99.243483,68.857593
3067,4,1,2025-09-10,Germany,Slovenia,111.96014,85.826438
3068,1,1,2025-09-09,Poland,Turkey,55.133036,81.675131
3068,2,1,2025-09-09,Lithuania,Greece,81.796754,79.31316
3068,3,1,2025-09-10,Finland,Georgia,96.865593,80.566159
3068,4,1,2025-09-10,Germany,Slovenia,90.762924,85.875679
3069,1,1,2025-09-09,Poland,Turkey,96.608628,94.822985
3069,2,1,2025-09-09,Lithuania,Greece,72.416606,73.876126
3069,3,1,2025-09-10,Finland,Georgia,93.469534,59.731949
3069,4,1,2025-09-10,Germany,Slovenia,98.960782,88.63535
3070,1,1,2025-09-09,Poland,Turkey,69.561494,92.337136
3070,2,1,2025-09-09,Lithuania,Greece,60.566329,80.052847
3070,3,1,2025-09-10,Finland,Georgia,101.46511,73.42195
3070,4,1,2025-09-10,Germany,Slovenia,91.591435,77.073275
3071,1,1,2025-09-09,Poland,Turkey,74.064922,92.786933
3071,2,1,2025-09-09,Lithuania,Greece,88.580479,70.468663
3071,3,1,2025-09-10,Finland,Georgia,104.77169,85.949943
3071,4,1,2025-09-10,Germany,Slovenia,101.0787,98.969986
3072,1,1,2025-09-09,Poland,Turkey,90.197413,95.668849
3072,2,1,2025-09-09,Lithuania,Greece,84.437408,68.030472
3072,3,1,2025-09-10,Finland,Georgia,92.523886,93.629414
3072,4,1,2025-09-10,Germany,Slovenia,108.6017,87.084299
3073,1,1,2025-09-09,Poland,Turkey,73.156098,101.08542
3073,2,1,2025-09-09,Lithuania,Greece,88.125522,74.104178
3073,3,1,2025-09-10,Finland,Georgia,90.29564,79.760134
3073,4,1,2025-09-10,Germany,Slovenia,126.01382,73.087693
3074,1,1,2025-09-09,Poland,Turkey,71.448167,78.739949
3074,2,1,2025-09-09,Lithuania,Greece,95.167638,91.29501
3074,3,1,2025-09-10,Finland,Georgia,117.5128,88.170586
3074,4,1,2025-09-10,Germany,Slovenia,85.584258,87.615479
3075,1,1,2025-09-09,Poland,Turkey,89.829056,84.226193
3075,2,1,2025-09-09,Lithuania,Greece,99.14472,71.964982
3075,3,1,2025-09-10,Finland,Georgia,85.161209,60.136429
3075,4,1,2025-09-10,Germany,Slovenia,92.994243,89.642329
3076,1,1,2025-09-09,Poland,Turkey,100.00851,102.98002
3076,2,1,2025-09-09,Lithuania,Greece,82.641248,50.260264
3076,3,1,2025-09-10,Finland,Georgia,76.798294,87.806632
3076,4,1,2025-09-10,Germany,Slovenia,96.220644,64.969745
3077,1,1,2025-09-09,Poland,Turkey,90.751089,102.99625
3077,2,1,2025-09-09,Lithuania,Greece,84.539624,80.409755
3077,3,1,2025-09-10,Finland,Georgia,97.505204,85.131819
3077,4,1,2025-09-10,Germany,Slovenia,99.089362,99.965062
3078,1,1,2025-09-09,Poland,Turkey,83.990885,79.480897
3078,2,1,2025-09-09,Lithuania,Greece,94.196523,72.289002
3078,3,1,2025-09-10,Finland,Georgia,103.9401,69.316833
3078,4,1,2025-09-10,Germany,Slovenia,89.698783,73.98732
3079,1,1,2025-09-09,Poland,Turkey,63.99916,80.674041
3079,2,1,2025-09-09,Lithuania,Greece,85.085227,87.455001
3079,3,1,2025-09-10,Finland,Georgia,98.125693,68.420403
3079,4,1,2025-09-10,Germany,Slovenia,100.51079,121.41935
3080,1,1,2025-09-09,Poland,Turkey,79.153474,65.983419
3080,2,1,2025-09-09,Lithuania,Greece,76.121713,93.670726
3080,3,1,2025-09-10,Finland,Georgia,98.382527,69.558106
3080,4,1,2025-09-10,Germany,Slovenia,110.62785,65.00714
3081,1,1,2025-09-09,Poland,Turkey,73.480078,85.545434
3081,2,1,2025-09-09,Lithuania,Greece,67.531519,79.414735
3081,3,1,2025-09-10,Finland,Georgia,94.515104,79.755849
3081,4,1,2025-09-10,Germany,Slovenia,90.521682,107.78244
3082,1,1,2025-09-09,Poland,Turkey,83.207994,76.419214
3082,2,1,2025-09-09,Lithuania,Greece,85.741192,85.283619
3082,3,1,2025-09-10,Finland,Georgia,77.611893,72.021103
3082,4,1,2025-09-10,Germany,Slovenia,100.3254,85.456591
3083,1,1,2025-09-09,Poland,Turkey,79.478378,98.203698
3083,2,1,2025-09-09,Lithuania,Greece,99.971991,80.229141
3083,3,1,2025-09-10,Finland,Georgia,123.37785,84.310919
3083,4,1,2025-09-10,Germany,Slovenia,112.20944,85.60388
3084,1,1,2025-09-09,Poland,Turkey,44.383058,91.142636
3084,2,1,2025-09-09,Lithuania,Greece,88.589316,69.285783
3084,3,1,2025-09-10,Finland,Georgia,78.18314,85.680207
3084,4,1,2025-09-10,Germany,Slovenia,94.845094,100.21944
3085,1,1,2025-09-09,Poland,Turkey,81.430046,84.023487
3085,2,1,2025-09-09,Lithuania,Greece,82.248939,70.013749
3085,3,1,2025-09-10,Finland,Georgia,84.000661,65.502299
3085,4,1,2025-09-10,Germany,Slovenia,73.142358,78.630074
3086,1,1,2025-09-09,Poland,Turkey,77.925855,91.937402
3086,2,1,2025-09-09,Lithuania,Greece,68.04225,87.551682
3086,3,1,2025-09-10,Finland,Georgia,77.582326,66.694554
3086,4,1,2025-09-10,Germany,Slovenia,119.57714,92.627161
3087,1,1,2025-09-09,Poland,Turkey,51.501461,79.781831
3087,2,1,2025-09-09,Lithuania,Greece,99.900608,67.935574
3087,3,1,2025-09-10,Finland,Georgia,94.008674,77.929996
3087,4,1,2025-09-10,Germany,Slovenia,114.29736,70.251344
3088,1,1,2025-09-09,Poland,Turkey,60.532505,73.124061
3088,2,1,2025-09-09,Lithuania,Greece,74.410819,71.457034
3088,3,1,2025-09-10,Finland,Georgia,89.159636,67.673929
3088,4,1,2025-09-10,Germany,Slovenia,102.56134,109.59036
3089,1,1,2025-09-09,Poland,Turkey,75.520635,86.345749
3089,2,1,2025-09-09,Lithuania,Greece,96.128921,81.418958
3089,3,1,2025-09-10,Finland,Georgia,95.902897,74.760796
3089,4,1,2025-09-10,Germany,Slovenia,110.48362,104.2576
3090,1,1,2025-09-09,Poland,Turkey,71.156241,74.226465
3090,2,1,2025-09-09,Lithuania,Greece,65.730604,72.379721
3090,3,1,2025-09-10,Finland,Georgia,112.05056,76.390333
3090,4,1,2025-09-10,Germany,Slovenia,92.596742,93.725284
3091,1,1,2025-09-09,Poland,Turkey,66.95374,93.547521
3091,2,1,2025-09-09,Lithuania,Greece,100.5885,72.915194
3091,3,1,2025-09-10,Finland,Georgia,79.409731,77.469266
3091,4,1,2025-09-10,Germany,Slovenia,128.4078,95.610591
3092,1,1,2025-09-09,Poland,Turkey,78.40591,88.313945
3092,2,1,2025-09-09,Lithuania,Greece,85.181595,81.80954
3092,3,1,2025-09-10,Finland,Georgia,108.6895,58.012447
3092,4,1,2025-09-10,Germany,Slovenia,99.588604,99.676306
3093,1,1,2025-09-09,Poland,Turkey,79.129788,76.138901
3093,2,1,2025-09-09,Lithuania,Greece,75.798763,82.305972
3093,3,1,2025-09-10,Finland,Georgia,102.52791,77.806901
3093,4,1,2025-09-10,Germany,Slovenia,106.83264,90.383644
3094,1,1,2025-09-09,Poland,Turkey,66.167219,81.37682
3094,2,1,2025-09-09,Lithuania,Greece,70.991986,69.469148
3094,3,1,2025-09-10,Finland,Georgia,106.06748,62.622676
3094,4,1,2025-09-10,Germany,Slovenia,80.449478,96.223149
3095,1,1,2025-09-09,Poland,Turkey,72.268049,92.70351
3095,2,1,2025-09-09,Lithuania,Greece,79.379674,82.942122
3095,3,1,2025-09-10,Finland,Georgia,75.315918,67.604797
3095,4,1,2025-09-10,Germany,Slovenia,105.7247,90.337545
3096,1,1,2025-09-09,Poland,Turkey,76.694613,86.564108
3096,2,1,2025-09-09,Lithuania,Greece,88.822637,91.262433
3096,3,1,2025-09-10,Finland,Georgia,94.76931,87.969998
3096,4,1,2025-09-10,Germany,Slovenia,90.571413,84.6354
3097,1,1,2025-09-09,Poland,Turkey,82.613127,90.502091
3097,2,1,2025-09-09,Lithuania,Greece,100.18832,73.640823
3097,3,1,2025-09-10,Finland,Georgia,86.807968,76.409524
3097,4,1,2025-09-10,Germany,Slovenia,92.747112,85.01432
3098,1,1,2025-09-09,Poland,Turkey,56.555971,83.918221
3098,2,1,2025-09-09,Lithuania,Greece,93.496632,68.323598
3098,3,1,2025-09-10,Finland,Georgia,90.921181,85.120869
3098,4,1,2025-09-10,Germany,Slovenia,89.580636,75.724004
3099,1,1,2025-09-09,Poland,Turkey,80.159814,96.807339
3099,2,1,2025-09-09,Lithuania,Greece,92.290799,67.945977
3099,3,1,2025-09-10,Finland,Georgia,82.785821,70.107668
3099,4,1,2025-09-10,Germany,Slovenia,103.69981,70.870609
3100,1,1,2025-09-09,Poland,Turkey,82.758485,91.182131
3100,2,1,2025-09-09,Lithuania,Greece,76.325645,72.503641
3100,3,1,2025-09-10,Finland,Georgia,122.01043,83.029545
3100,4,1,2025-09-10,Germany,Slovenia,96.066715,78.358664
3101,1,1,2025-09-09,Poland,Turkey,80.44923,101.21804
3101,2,1,2025-09-09,Lithuania,Greece,97.275292,89.842316
3101,3,1,2025-09-10,Finland,Georgia,78.899289,78.483713
3101,4,1,2025-09-10,Germany,Slovenia,112.12303,93.234833
3102,1,1,2025-09-09,Poland,Turkey,90.352384,89.747521
3102,2,1,2025-09-09,Lithuania,Greece,81.364144,76.402779
3102,3,1,2025-09-10,Finland,Georgia,105.71717,84.734407
3102,4,1,2025-09-10,Germany,Slovenia,104.52758,59.594047
3103,1,1,2025-09-09,Poland,Turkey,57.379571,78.753215
3103,2,1,2025-09-09,Lithuania,Greece,75.710191,81.801806
3103,3,1,2025-09-10,Finland,Georgia,101.51218,97.208884
3103,4,1,2025-09-10,Germany,Slovenia,100.96868,84.674328
3104,1,1,2025-09-09,Poland,Turkey,96.118183,98.199979
3104,2,1,2025-09-09,Lithuania,Greece,105.05938,75.666237
3104,3,1,2025-09-10,Finland,Georgia,103.66607,63.876893
3104,4,1,2025-09-10,Germany,Slovenia,93.500781,78.844119
3105,1,1,2025-09-09,Poland,Turkey,87.818283,84.727914
3105,2,1,2025-09-09,Lithuania,Greece,76.557534,78.51311
3105,3,1,2025-09-10,Finland,Georgia,107.90024,82.979825
3105,4,1,2025-09-10,Germany,Slovenia,84.331458,82.989619
3106,1,1,2025-09-09,Poland,Turkey,56.876744,84.024828
3106,2,1,2025-09-09,Lithuania,Greece,71.663611,63.012662
3106,3,1,2025-09-10,Finland,Georgia,90.726194,80.614678
3106,4,1,2025-09-10,Germany,Slovenia,85.716892,74.842533
3107,1,1,2025-09-09,Poland,Turkey,65.987014,89.261086
3107,2,1,2025-09-09,Lithuania,Greece,76.96623,63.898963
3107,3,1,2025-09-10,Finland,Georgia,84.037926,69.02234
3107,4,1,2025-09-10,Germany,Slovenia,101.88625,78.895379
3108,1,1,2025-09-09,Poland,Turkey,77.255964,96.860377
3108,2,1,2025-09-09,Lithuania,Greece,80.008839,83.008446
3108,3,1,2025-09-10,Finland,Georgia,92.233318,95.187706
3108,4,1,2025-09-10,Germany,Slovenia,91.024477,92.751337
3109,1,1,2025-09-09,Poland,Turkey,79.999165,89.292707
3109,2,1,2025-09-09,Lithuania,Greece,92.962463,73.106306
3109,3,1,2025-09-10,Finland,Georgia,81.895936,72.826701
3109,4,1,2025-09-10,Germany,Slovenia,112.38513,86.328386
3110,1,1,2025-09-09,Poland,Turkey,86.030867,87.193005
3110,2,1,2025-09-09,Lithuania,Greece,81.063964,69.472255
3110,3,1,2025-09-10,Finland,Georgia,110.11702,90.079175
3110,4,1,2025-09-10,Germany,Slovenia,85.704646,79.783093
3111,1,1,2025-09-09,Poland,Turkey,85.651534,99.091325
3111,2,1,2025-09-09,Lithuania,Greece,83.492223,61.245563
3111,3,1,2025-09-10,Finland,Georgia,83.655782,82.090401
3111,4,1,2025-09-10,Germany,Slovenia,96.816679,79.772291
3112,1,1,2025-09-09,Poland,Turkey,77.814973,94.549169
3112,2,1,2025-09-09,Lithuania,Greece,102.67675,78.462
3112,3,1,2025-09-10,Finland,Georgia,92.973193,65.842221
3112,4,1,2025-09-10,Germany,Slovenia,87.779807,72.097119
3113,1,1,2025-09-09,Poland,Turkey,75.41623,92.898511
3113,2,1,2025-09-09,Lithuania,Greece,84.873157,77.222296
3113,3,1,2025-09-10,Finland,Georgia,85.813065,93.362711
3113,4,1,2025-09-10,Germany,Slovenia,85.065209,75.010394
3114,1,1,2025-09-09,Poland,Turkey,68.024328,74.113727
3114,2,1,2025-09-09,Lithuania,Greece,101.64761,49.966821
3114,3,1,2025-09-10,Finland,Georgia,82.360609,75.244371
3114,4,1,2025-09-10,Germany,Slovenia,86.657365,97.101485
3115,1,1,2025-09-09,Poland,Turkey,80.036312,91.077632
3115,2,1,2025-09-09,Lithuania,Greece,80.11344,87.882059
3115,3,1,2025-09-10,Finland,Georgia,67.178768,86.346391
3115,4,1,2025-09-10,Germany,Slovenia,83.810853,77.87144
3116,1,1,2025-09-09,Poland,Turkey,93.858854,101.40244
3116,2,1,2025-09-09,Lithuania,Greece,89.846692,67.700411
3116,3,1,2025-09-10,Finland,Georgia,104.49484,81.877128
3116,4,1,2025-09-10,Germany,Slovenia,109.60726,104.98444
3117,1,1,2025-09-09,Poland,Turkey,88.09114,84.230382
3117,2,1,2025-09-09,Lithuania,Greece,83.691578,83.217517
3117,3,1,2025-09-10,Finland,Georgia,76.417393,54.678399
3117,4,1,2025-09-10,Germany,Slovenia,98.015351,97.18359
3118,1,1,2025-09-09,Poland,Turkey,60.889506,77.019965
3118,2,1,2025-09-09,Lithuania,Greece,96.117532,90.419585
3118,3,1,2025-09-10,Finland,Georgia,110.76254,105.48032
3118,4,1,2025-09-10,Germany,Slovenia,105.12025,75.59962
3119,1,1,2025-09-09,Poland,Turkey,68.813376,86.603059
3119,2,1,2025-09-09,Lithuania,Greece,93.907531,72.920733
3119,3,1,2025-09-10,Finland,Georgia,101.70413,92.833841
3119,4,1,2025-09-10,Germany,Slovenia,115.33371,70.021732
3120,1,1,2025-09-09,Poland,Turkey,63.6858,83.865569
3120,2,1,2025-09-09,Lithuania,Greece,92.329768,56.006352
3120,3,1,2025-09-10,Finland,Georgia,82.837818,76.260741
3120,4,1,2025-09-10,Germany,Slovenia,99.691,78.758263
3121,1,1,2025-09-09,Poland,Turkey,79.732696,114.11071
3121,2,1,2025-09-09,Lithuania,Greece,104.76872,72.239079
3121,3,1,2025-09-10,Finland,Georgia,93.310974,62.726706
3121,4,1,2025-09-10,Germany,Slovenia,98.826417,94.491826
3122,1,1,2025-09-09,Poland,Turkey,71.458201,72.314846
3122,2,1,2025-09-09,Lithuania,Greece,97.277605,74.819871
3122,3,1,2025-09-10,Finland,Georgia,104.7903,79.084668
3122,4,1,2025-09-10,Germany,Slovenia,106.85313,102.59004
3123,1,1,2025-09-09,Poland,Turkey,78.699387,103.14866
3123,2,1,2025-09-09,Lithuania,Greece,76.382476,83.616433
3123,3,1,2025-09-10,Finland,Georgia,87.284935,76.147514
3123,4,1,2025-09-10,Germany,Slovenia,111.03658,100.14641
3124,1,1,2025-09-09,Poland,Turkey,73.005937,98.541767
3124,2,1,2025-09-09,Lithuania,Greece,69.999529,50.459372
3124,3,1,2025-09-10,Finland,Georgia,91.978292,62.31656
3124,4,1,2025-09-10,Germany,Slovenia,101.87196,75.424762
3125,1,1,2025-09-09,Poland,Turkey,82.031821,84.507162
3125,2,1,2025-09-09,Lithuania,Greece,85.59281,96.084787
3125,3,1,2025-09-10,Finland,Georgia,84.688525,81.541504
3125,4,1,2025-09-10,Germany,Slovenia,118.39134,90.93028
3126,1,1,2025-09-09,Poland,Turkey,74.403539,87.611939
3126,2,1,2025-09-09,Lithuania,Greece,89.451659,90.470666
3126,3,1,2025-09-10,Finland,Georgia,100.39126,72.796742
3126,4,1,2025-09-10,Germany,Slovenia,104.36807,94.719581
3127,1,1,2025-09-09,Poland,Turkey,74.77315,92.503248
3127,2,1,2025-09-09,Lithuania,Greece,90.54406,76.083664
3127,3,1,2025-09-10,Finland,Georgia,101.78256,91.644225
3127,4,1,2025-09-10,Germany,Slovenia,97.298298,76.387312
3128,1,1,2025-09-09,Poland,Turkey,87.174977,110.71846
3128,2,1,2025-09-09,Lithuania,Greece,69.913993,77.897709
3128,3,1,2025-09-10,Finland,Georgia,67.747407,72.892197
3128,4,1,2025-09-10,Germany,Slovenia,97.355272,97.486576
3129,1,1,2025-09-09,Poland,Turkey,102.26768,85.955162
3129,2,1,2025-09-09,Lithuania,Greece,77.009335,79.673934
3129,3,1,2025-09-10,Finland,Georgia,76.382331,76.919893
3129,4,1,2025-09-10,Germany,Slovenia,107.18339,67.262259
3130,1,1,2025-09-09,Poland,Turkey,78.584223,105.39576
3130,2,1,2025-09-09,Lithuania,Greece,92.935901,105.30405
3130,3,1,2025-09-10,Finland,Georgia,93.186736,75.759452
3130,4,1,2025-09-10,Germany,Slovenia,100.3911,94.182417
3131,1,1,2025-09-09,Poland,Turkey,70.942799,86.614144
3131,2,1,2025-09-09,Lithuania,Greece,106.96037,73.788993
3131,3,1,2025-09-10,Finland,Georgia,109.21339,81.161559
3131,4,1,2025-09-10,Germany,Slovenia,96.893179,74.895939
3132,1,1,2025-09-09,Poland,Turkey,83.444531,110.01984
3132,2,1,2025-09-09,Lithuania,Greece,79.582574,82.116569
3132,3,1,2025-09-10,Finland,Georgia,101.53647,82.27941
3132,4,1,2025-09-10,Germany,Slovenia,109.41358,86.342839
3133,1,1,2025-09-09,Poland,Turkey,82.200572,87.205392
3133,2,1,2025-09-09,Lithuania,Greece,99.205477,71.066367
3133,3,1,2025-09-10,Finland,Georgia,75.652383,78.023908
3133,4,1,2025-09-10,Germany,Slovenia,108.90822,98.022839
3134,1,1,2025-09-09,Poland,Turkey,60.354085,89.023929
3134,2,1,2025-09-09,Lithuania,Greece,89.73277,69.175014
3134,3,1,2025-09-10,Finland,Georgia,105.9575,80.011971
3134,4,1,2025-09-10,Germany,Slovenia,100.40275,84.105041
3135,1,1,2025-09-09,Poland,Turkey,65.557762,98.366826
3135,2,1,2025-09-09,Lithuania,Greece,89.751006,80.069462
3135,3,1,2025-09-10,Finland,Georgia,96.988693,89.783765
3135,4,1,2025-09-10,Germany,Slovenia,104.56342,104.71761
3136,1,1,2025-09-09,Poland,Turkey,79.976882,72.703075
3136,2,1,2025-09-09,Lithuania,Greece,85.447967,83.285159
3136,3,1,2025-09-10,Finland,Georgia,106.3764,73.281953
3136,4,1,2025-09-10,Germany,Slovenia,116.6527,94.308087
3137,1,1,2025-09-09,Poland,Turkey,82.825192,94.558425
3137,2,1,2025-09-09,Lithuania,Greece,85.756737,82.590014
3137,3,1,2025-09-10,Finland,Georgia,106.40782,92.05989
3137,4,1,2025-09-10,Germany,Slovenia,125.69989,86.296705
3138,1,1,2025-09-09,Poland,Turkey,80.989827,99.463677
3138,2,1,2025-09-09,Lithuania,Greece,81.735991,78.846138
3138,3,1,2025-09-10,Finland,Georgia,114.32708,77.929262
3138,4,1,2025-09-10,Germany,Slovenia,104.26072,103.51486
3139,1,1,2025-09-09,Poland,Turkey,83.951908,74.928766
3139,2,1,2025-09-09,Lithuania,Greece,71.294069,70.705096
3139,3,1,2025-09-10,Finland,Georgia,94.831022,84.717183
3139,4,1,2025-09-10,Germany,Slovenia,106.35199,74.152446
3140,1,1,2025-09-09,Poland,Turkey,77.477582,91.285247
3140,2,1,2025-09-09,Lithuania,Greece,73.871296,80.721695
3140,3,1,2025-09-10,Finland,Georgia,92.408895,65.101565
3140,4,1,2025-09-10,Germany,Slovenia,78.573224,99.423301
3141,1,1,2025-09-09,Poland,Turkey,75.609354,84.226549
3141,2,1,2025-09-09,Lithuania,Greece,88.916301,82.708233
3141,3,1,2025-09-10,Finland,Georgia,91.645852,72.052377
3141,4,1,2025-09-10,Germany,Slovenia,91.774792,86.254805
3142,1,1,2025-09-09,Poland,Turkey,71.351883,89.471048
3142,2,1,2025-09-09,Lithuania,Greece,87.364282,80.298986
3142,3,1,2025-09-10,Finland,Georgia,105.22014,83.004122
3142,4,1,2025-09-10,Germany,Slovenia,113.1299,80.275105
3143,1,1,2025-09-09,Poland,Turkey,78.610513,92.247105
3143,2,1,2025-09-09,Lithuania,Greece,84.682456,70.853844
3143,3,1,2025-09-10,Finland,Georgia,98.478454,70.577435
3143,4,1,2025-09-10,Germany,Slovenia,100.77954,80.3628
3144,1,1,2025-09-09,Poland,Turkey,76.378153,86.690003
3144,2,1,2025-09-09,Lithuania,Greece,72.888081,67.395898
3144,3,1,2025-09-10,Finland,Georgia,86.756447,73.397669
3144,4,1,2025-09-10,Germany,Slovenia,100.56651,95.018322
3145,1,1,2025-09-09,Poland,Turkey,57.808454,67.697796
3145,2,1,2025-09-09,Lithuania,Greece,80.291564,77.016315
3145,3,1,2025-09-10,Finland,Georgia,91.963808,89.608924
3145,4,1,2025-09-10,Germany,Slovenia,101.68416,95.378279
3146,1,1,2025-09-09,Poland,Turkey,87.550303,87.594539
3146,2,1,2025-09-09,Lithuania,Greece,78.347439,62.522917
3146,3,1,2025-09-10,Finland,Georgia,95.062517,85.65069
3146,4,1,2025-09-10,Germany,Slovenia,96.129459,71.51097
3147,1,1,2025-09-09,Poland,Turkey,80.264955,82.372449
3147,2,1,2025-09-09,Lithuania,Greece,67.729704,68.577574
3147,3,1,2025-09-10,Finland,Georgia,98.417059,87.661384
3147,4,1,2025-09-10,Germany,Slovenia,94.991488,96.541014
3148,1,1,2025-09-09,Poland,Turkey,76.502996,83.87522
3148,2,1,2025-09-09,Lithuania,Greece,73.197581,78.996053
3148,3,1,2025-09-10,Finland,Georgia,99.17756,75.461021
3148,4,1,2025-09-10,Germany,Slovenia,99.56054,92.066733
3149,1,1,2025-09-09,Poland,Turkey,68.981085,97.057605
3149,2,1,2025-09-09,Lithuania,Greece,81.031761,72.086249
3149,3,1,2025-09-10,Finland,Georgia,67.789567,83.263269
3149,4,1,2025-09-10,Germany,Slovenia,111.77118,84.695954
3150,1,1,2025-09-09,Poland,Turkey,94.943665,94.162144
3150,2,1,2025-09-09,Lithuania,Greece,84.26754,51.422267
3150,3,1,2025-09-10,Finland,Georgia,85.876345,83.571684
3150,4,1,2025-09-10,Germany,Slovenia,100.93051,90.68758
3151,1,1,2025-09-09,Poland,Turkey,87.887469,88.362474
3151,2,1,2025-09-09,Lithuania,Greece,74.66705,82.927337
3151,3,1,2025-09-10,Finland,Georgia,103.63083,84.086993
3151,4,1,2025-09-10,Germany,Slovenia,104.31789,92.43581
3152,1,1,2025-09-09,Poland,Turkey,79.554217,85.781037
3152,2,1,2025-09-09,Lithuania,Greece,87.806257,75.948309
3152,3,1,2025-09-10,Finland,Georgia,107.51952,84.768534
3152,4,1,2025-09-10,Germany,Slovenia,92.559023,87.064974
3153,1,1,2025-09-09,Poland,Turkey,52.502567,73.26042
3153,2,1,2025-09-09,Lithuania,Greece,102.42563,83.523182
3153,3,1,2025-09-10,Finland,Georgia,103.38456,64.141229
3153,4,1,2025-09-10,Germany,Slovenia,95.322652,89.608982
3154,1,1,2025-09-09,Poland,Turkey,78.645062,92.837656
3154,2,1,2025-09-09,Lithuania,Greece,81.470894,65.1522
3154,3,1,2025-09-10,Finland,Georgia,112.90167,84.284133
3154,4,1,2025-09-10,Germany,Slovenia,90.628976,74.265292
3155,1,1,2025-09-09,Poland,Turkey,75.011683,86.195644
3155,2,1,2025-09-09,Lithuania,Greece,79.249085,69.04841
3155,3,1,2025-09-10,Finland,Georgia,99.643321,83.129978
3155,4,1,2025-09-10,Germany,Slovenia,109.39278,105.5332
3156,1,1,2025-09-09,Poland,Turkey,87.733341,88.936729
3156,2,1,2025-09-09,Lithuania,Greece,93.116446,84.815544
3156,3,1,2025-09-10,Finland,Georgia,97.411496,64.545299
3156,4,1,2025-09-10,Germany,Slovenia,98.903712,96.565392
3157,1,1,2025-09-09,Poland,Turkey,83.920019,92.624407
3157,2,1,2025-09-09,Lithuania,Greece,85.228567,74.323276
3157,3,1,2025-09-10,Finland,Georgia,87.305797,62.575636
3157,4,1,2025-09-10,Germany,Slovenia,83.715134,85.842961
3158,1,1,2025-09-09,Poland,Turkey,60.7722,95.069038
3158,2,1,2025-09-09,Lithuania,Greece,64.34606,76.94803
3158,3,1,2025-09-10,Finland,Georgia,83.222686,89.185429
3158,4,1,2025-09-10,Germany,Slovenia,106.12866,83.899134
3159,1,1,2025-09-09,Poland,Turkey,82.29659,87.048374
3159,2,1,2025-09-09,Lithuania,Greece,100.76013,81.748517
3159,3,1,2025-09-10,Finland,Georgia,68.161035,72.672658
3159,4,1,2025-09-10,Germany,Slovenia,100.65374,87.677713
3160,1,1,2025-09-09,Poland,Turkey,71.58178,81.538822
3160,2,1,2025-09-09,Lithuania,Greece,91.306231,63.832766
3160,3,1,2025-09-10,Finland,Georgia,105.82508,74.506224
3160,4,1,2025-09-10,Germany,Slovenia,75.847096,81.869861
3161,1,1,2025-09-09,Poland,Turkey,63.97023,77.322029
3161,2,1,2025-09-09,Lithuania,Greece,81.362996,76.139781
3161,3,1,2025-09-10,Finland,Georgia,87.467704,66.614568
3161,4,1,2025-09-10,Germany,Slovenia,97.611279,83.590531
3162,1,1,2025-09-09,Poland,Turkey,55.098931,89.54326
3162,2,1,2025-09-09,Lithuania,Greece,85.884727,82.702345
3162,3,1,2025-09-10,Finland,Georgia,89.772628,74.312041
3162,4,1,2025-09-10,Germany,Slovenia,104.24498,76.277808
3163,1,1,2025-09-09,Poland,Turkey,87.27669,114.48175
3163,2,1,2025-09-09,Lithuania,Greece,78.382798,83.265116
3163,3,1,2025-09-10,Finland,Georgia,88.27729,75.326072
3163,4,1,2025-09-10,Germany,Slovenia,106.56482,78.555887
3164,1,1,2025-09-09,Poland,Turkey,80.780171,77.072312
3164,2,1,2025-09-09,Lithuania,Greece,101.02397,81.679039
3164,3,1,2025-09-10,Finland,Georgia,87.699598,74.986149
3164,4,1,2025-09-10,Germany,Slovenia,102.19983,87.39409
3165,1,1,2025-09-09,Poland,Turkey,78.499697,73.323489
3165,2,1,2025-09-09,Lithuania,Greece,92.629345,87.362927
3165,3,1,2025-09-10,Finland,Georgia,78.532526,77.511179
3165,4,1,2025-09-10,Germany,Slovenia,108.98684,94.479764
3166,1,1,2025-09-09,Poland,Turkey,61.436916,92.312845
3166,2,1,2025-09-09,Lithuania,Greece,113.4403,62.723251
3166,3,1,2025-09-10,Finland,Georgia,87.428364,73.507374
3166,4,1,2025-09-10,Germany,Slovenia,84.129238,73.980957
3167,1,1,2025-09-09,Poland,Turkey,74.01737,107.31288
3167,2,1,2025-09-09,Lithuania,Greece,78.751619,73.844748
3167,3,1,2025-09-10,Finland,Georgia,93.551974,82.564063
3167,4,1,2025-09-10,Germany,Slovenia,103.60891,100.87669
3168,1,1,2025-09-09,Poland,Turkey,66.834637,77.326752
3168,2,1,2025-09-09,Lithuania,Greece,90.673239,77.464029
3168,3,1,2025-09-10,Finland,Georgia,97.996413,57.428257
3168,4,1,2025-09-10,Germany,Slovenia,104.94506,94.489416
3169,1,1,2025-09-09,Poland,Turkey,83.647958,92.604081
3169,2,1,2025-09-09,Lithuania,Greece,99.978204,81.755602
3169,3,1,2025-09-10,Finland,Georgia,108.82334,71.160206
3169,4,1,2025-09-10,Germany,Slovenia,107.21146,108.35514
3170,1,1,2025-09-09,Poland,Turkey,75.25689,88.898757
3170,2,1,2025-09-09,Lithuania,Greece,92.312731,59.958938
3170,3,1,2025-09-10,Finland,Georgia,92.497115,76.678792
3170,4,1,2025-09-10,Germany,Slovenia,94.378316,76.110161
3171,1,1,2025-09-09,Poland,Turkey,84.614478,95.852561
3171,2,1,2025-09-09,Lithuania,Greece,89.56169,84.108623
3171,3,1,2025-09-10,Finland,Georgia,100.89748,74.255058
3171,4,1,2025-09-10,Germany,Slovenia,100.13973,85.266497
3172,1,1,2025-09-09,Poland,Turkey,76.829022,113.4639
3172,2,1,2025-09-09,Lithuania,Greece,92.102381,73.62873
3172,3,1,2025-09-10,Finland,Georgia,95.440805,94.6589
3172,4,1,2025-09-10,Germany,Slovenia,107.41367,84.567314
3173,1,1,2025-09-09,Poland,Turkey,84.978399,95.66418
3173,2,1,2025-09-09,Lithuania,Greece,91.272995,78.871699
3173,3,1,2025-09-10,Finland,Georgia,115.27499,96.77423
3173,4,1,2025-09-10,Germany,Slovenia,102.74917,96.392832
3174,1,1,2025-09-09,Poland,Turkey,84.146974,92.373165
3174,2,1,2025-09-09,Lithuania,Greece,74.480382,70.54781
3174,3,1,2025-09-10,Finland,Georgia,98.821391,80.359608
3174,4,1,2025-09-10,Germany,Slovenia,104.43734,86.849218
3175,1,1,2025-09-09,Poland,Turkey,55.991725,59.116828
3175,2,1,2025-09-09,Lithuania,Greece,73.236566,76.373002
3175,3,1,2025-09-10,Finland,Georgia,100.79453,85.310614
3175,4,1,2025-09-10,Germany,Slovenia,68.3125,85.110461
3176,1,1,2025-09-09,Poland,Turkey,66.124843,96.401784
3176,2,1,2025-09-09,Lithuania,Greece,83.612687,56.416129
3176,3,1,2025-09-10,Finland,Georgia,95.907948,65.276117
3176,4,1,2025-09-10,Germany,Slovenia,88.639003,88.202527
3177,1,1,2025-09-09,Poland,Turkey,84.390091,86.550421
3177,2,1,2025-09-09,Lithuania,Greece,90.399753,75.172984
3177,3,1,2025-09-10,Finland,Georgia,84.352692,79.714506
3177,4,1,2025-09-10,Germany,Slovenia,105.25479,110.58033
3178,1,1,2025-09-09,Poland,Turkey,64.214275,82.580122
3178,2,1,2025-09-09,Lithuania,Greece,101.31476,71.618816
3178,3,1,2025-09-10,Finland,Georgia,104.19644,63.153666
3178,4,1,2025-09-10,Germany,Slovenia,89.914182,88.632136
3179,1,1,2025-09-09,Poland,Turkey,66.251245,77.582261
3179,2,1,2025-09-09,Lithuania,Greece,103.6505,92.743505
3179,3,1,2025-09-10,Finland,Georgia,91.721005,94.034213
3179,4,1,2025-09-10,Germany,Slovenia,111.73115,84.868309
3180,1,1,2025-09-09,Poland,Turkey,73.139141,100.65147
3180,2,1,2025-09-09,Lithuania,Greece,88.808622,89.357587
3180,3,1,2025-09-10,Finland,Georgia,104.24657,94.686992
3180,4,1,2025-09-10,Germany,Slovenia,97.708135,76.317751
3181,1,1,2025-09-09,Poland,Turkey,79.481092,88.53931
3181,2,1,2025-09-09,Lithuania,Greece,83.88329,98.428698
3181,3,1,2025-09-10,Finland,Georgia,99.004339,68.72724
3181,4,1,2025-09-10,Germany,Slovenia,103.13886,91.234878
3182,1,1,2025-09-09,Poland,Turkey,65.289327,77.184948
3182,2,1,2025-09-09,Lithuania,Greece,89.516977,82.149146
3182,3,1,2025-09-10,Finland,Georgia,92.734594,77.030446
3182,4,1,2025-09-10,Germany,Slovenia,111.51562,76.380437
3183,1,1,2025-09-09,Poland,Turkey,58.862154,72.835819
3183,2,1,2025-09-09,Lithuania,Greece,92.969644,63.630657
3183,3,1,2025-09-10,Finland,Georgia,102.59818,76.323133
3183,4,1,2025-09-10,Germany,Slovenia,104.57896,71.391707
3184,1,1,2025-09-09,Poland,Turkey,69.063118,74.268692
3184,2,1,2025-09-09,Lithuania,Greece,85.59808,102.78931
3184,3,1,2025-09-10,Finland,Georgia,102.7068,89.82465
3184,4,1,2025-09-10,Germany,Slovenia,82.417144,95.786703
3185,1,1,2025-09-09,Poland,Turkey,65.848747,78.08737
3185,2,1,2025-09-09,Lithuania,Greece,86.467399,78.214839
3185,3,1,2025-09-10,Finland,Georgia,94.402338,74.211395
3185,4,1,2025-09-10,Germany,Slovenia,107.66655,70.435066
3186,1,1,2025-09-09,Poland,Turkey,81.940619,97.135939
3186,2,1,2025-09-09,Lithuania,Greece,81.408855,82.795344
3186,3,1,2025-09-10,Finland,Georgia,93.749203,79.495733
3186,4,1,2025-09-10,Germany,Slovenia,92.797916,96.213682
3187,1,1,2025-09-09,Poland,Turkey,83.358992,96.858251
3187,2,1,2025-09-09,Lithuania,Greece,89.118598,77.667664
3187,3,1,2025-09-10,Finland,Georgia,92.50727,71.057069
3187,4,1,2025-09-10,Germany,Slovenia,98.796948,72.52038
3188,1,1,2025-09-09,Poland,Turkey,84.062314,72.328267
3188,2,1,2025-09-09,Lithuania,Greece,106.37087,94.274738
3188,3,1,2025-09-10,Finland,Georgia,91.271071,74.791175
3188,4,1,2025-09-10,Germany,Slovenia,104.27136,79.694858
3189,1,1,2025-09-09,Poland,Turkey,100.50467,64.43891
3189,2,1,2025-09-09,Lithuania,Greece,93.044407,85.698843
3189,3,1,2025-09-10,Finland,Georgia,107.19592,69.351725
3189,4,1,2025-09-10,Germany,Slovenia,104.35764,89.905324
3190,1,1,2025-09-09,Poland,Turkey,75.581875,72.250443
3190,2,1,2025-09-09,Lithuania,Greece,89.023588,82.28187
3190,3,1,2025-09-10,Finland,Georgia,94.848561,57.994662
3190,4,1,2025-09-10,Germany,Slovenia,99.791335,103.32235
3191,1,1,2025-09-09,Poland,Turkey,63.346668,103.4742
3191,2,1,2025-09-09,Lithuania,Greece,80.129331,44.241334
3191,3,1,2025-09-10,Finland,Georgia,98.043825,70.362176
3191,4,1,2025-09-10,Germany,Slovenia,90.694861,87.986009
3192,1,1,2025-09-09,Poland,Turkey,87.899138,82.368721
3192,2,1,2025-09-09,Lithuania,Greece,80.917766,68.615318
3192,3,1,2025-09-10,Finland,Georgia,99.919101,76.597816
3192,4,1,2025-09-10,Germany,Slovenia,107.02232,80.794544
3193,1,1,2025-09-09,Poland,Turkey,65.166428,94.325971
3193,2,1,2025-09-09,Lithuania,Greece,95.66073,51.997862
3193,3,1,2025-09-10,Finland,Georgia,87.742763,72.601039
3193,4,1,2025-09-10,Germany,Slovenia,92.182192,102.20757
3194,1,1,2025-09-09,Poland,Turkey,90.319709,98.162441
3194,2,1,2025-09-09,Lithuania,Greece,94.144649,104.90867
3194,3,1,2025-09-10,Finland,Georgia,94.438193,59.488755
3194,4,1,2025-09-10,Germany,Slovenia,108.55027,60.173657
3195,1,1,2025-09-09,Poland,Turkey,69.15622,76.309495
3195,2,1,2025-09-09,Lithuania,Greece,53.072644,57.27764
3195,3,1,2025-09-10,Finland,Georgia,113.52693,74.4739
3195,4,1,2025-09-10,Germany,Slovenia,106.58868,90.819959
3196,1,1,2025-09-09,Poland,Turkey,77.11175,77.871659
3196,2,1,2025-09-09,Lithuania,Greece,91.908938,58.313248
3196,3,1,2025-09-10,Finland,Georgia,93.078548,76.135915
3196,4,1,2025-09-10,Germany,Slovenia,116.2135,99.098285
3197,1,1,2025-09-09,Poland,Turkey,71.094595,98.662808
3197,2,1,2025-09-09,Lithuania,Greece,88.101534,82.642423
3197,3,1,2025-09-10,Finland,Georgia,110.76587,83.140378
3197,4,1,2025-09-10,Germany,Slovenia,93.304731,74.622302
3198,1,1,2025-09-09,Poland,Turkey,82.651447,84.562335
3198,2,1,2025-09-09,Lithuania,Greece,94.140258,78.366585
3198,3,1,2025-09-10,Finland,Georgia,90.039543,77.386193
3198,4,1,2025-09-10,Germany,Slovenia,100.01624,83.416188
3199,1,1,2025-09-09,Poland,Turkey,92.738962,92.033552
3199,2,1,2025-09-09,Lithuania,Greece,80.432829,79.557387
3199,3,1,2025-09-10,Finland,Georgia,110.82363,72.179656
3199,4,1,2025-09-10,Germany,Slovenia,96.79112,86.292404
3200,1,1,2025-09-09,Poland,Turkey,81.861463,76.033093
3200,2,1,2025-09-09,Lithuania,Greece,68.537661,77.745253
3200,3,1,2025-09-10,Finland,Georgia,94.177754,83.677928
3200,4,1,2025-09-10,Germany,Slovenia,104.02328,92.651706
3201,1,1,2025-09-09,Poland,Turkey,74.118288,100.36737
3201,2,1,2025-09-09,Lithuania,Greece,103.84688,70.534782
3201,3,1,2025-09-10,Finland,Georgia,108.46375,81.167683
3201,4,1,2025-09-10,Germany,Slovenia,102.38613,89.940406
3202,1,1,2025-09-09,Poland,Turkey,67.338684,73.56777
3202,2,1,2025-09-09,Lithuania,Greece,86.445614,79.247554
3202,3,1,2025-09-10,Finland,Georgia,110.05317,81.031061
3202,4,1,2025-09-10,Germany,Slovenia,93.541309,60.391494
3203,1,1,2025-09-09,Poland,Turkey,83.887269,94.569096
3203,2,1,2025-09-09,Lithuania,Greece,79.177798,66.543776
3203,3,1,2025-09-10,Finland,Georgia,109.80198,83.641551
3203,4,1,2025-09-10,Germany,Slovenia,104.46929,86.954409
3204,1,1,2025-09-09,Poland,Turkey,78.667321,79.743624
3204,2,1,2025-09-09,Lithuania,Greece,78.644261,78.133524
3204,3,1,2025-09-10,Finland,Georgia,103.94703,62.192793
3204,4,1,2025-09-10,Germany,Slovenia,105.3691,99.387331
3205,1,1,2025-09-09,Poland,Turkey,71.785686,79.070807
3205,2,1,2025-09-09,Lithuania,Greece,84.198711,73.087291
3205,3,1,2025-09-10,Finland,Georgia,111.83807,71.681471
3205,4,1,2025-09-10,Germany,Slovenia,89.313039,80.636995
3206,1,1,2025-09-09,Poland,Turkey,78.478664,84.931873
3206,2,1,2025-09-09,Lithuania,Greece,103.28926,85.272581
3206,3,1,2025-09-10,Finland,Georgia,94.986613,42.675524
3206,4,1,2025-09-10,Germany,Slovenia,108.69132,97.641186
3207,1,1,2025-09-09,Poland,Turkey,73.699973,89.36739
3207,2,1,2025-09-09,Lithuania,Greece,78.390072,78.895173
3207,3,1,2025-09-10,Finland,Georgia,96.460033,63.104218
3207,4,1,2025-09-10,Germany,Slovenia,95.91825,74.759012
3208,1,1,2025-09-09,Poland,Turkey,83.107151,102.1678
3208,2,1,2025-09-09,Lithuania,Greece,102.43873,76.585761
3208,3,1,2025-09-10,Finland,Georgia,99.262625,70.940129
3208,4,1,2025-09-10,Germany,Slovenia,130.46917,89.832216
3209,1,1,2025-09-09,Poland,Turkey,98.279745,77.856154
3209,2,1,2025-09-09,Lithuania,Greece,97.149592,78.916657
3209,3,1,2025-09-10,Finland,Georgia,77.710794,61.616491
3209,4,1,2025-09-10,Germany,Slovenia,85.274972,98.562278
3210,1,1,2025-09-09,Poland,Turkey,71.138303,89.648751
3210,2,1,2025-09-09,Lithuania,Greece,83.746039,71.088559
3210,3,1,2025-09-10,Finland,Georgia,103.43851,65.983112
3210,4,1,2025-09-10,Germany,Slovenia,94.208135,74.071084
3211,1,1,2025-09-09,Poland,Turkey,81.580941,67.780312
3211,2,1,2025-09-09,Lithuania,Greece,94.698901,56.750464
3211,3,1,2025-09-10,Finland,Georgia,82.744505,93.252352
3211,4,1,2025-09-10,Germany,Slovenia,87.710081,69.428258
3212,1,1,2025-09-09,Poland,Turkey,71.132973,85.597383
3212,2,1,2025-09-09,Lithuania,Greece,104.79232,87.877566
3212,3,1,2025-09-10,Finland,Georgia,114.18949,98.040986
3212,4,1,2025-09-10,Germany,Slovenia,102.8098,87.570514
3213,1,1,2025-09-09,Poland,Turkey,81.01539,84.379156
3213,2,1,2025-09-09,Lithuania,Greece,76.983602,52.154324
3213,3,1,2025-09-10,Finland,Georgia,95.282008,71.391431
3213,4,1,2025-09-10,Germany,Slovenia,106.76728,85.736043
3214,1,1,2025-09-09,Poland,Turkey,94.495538,92.486699
3214,2,1,2025-09-09,Lithuania,Greece,92.96669,69.178951
3214,3,1,2025-09-10,Finland,Georgia,108.40728,74.051366
3214,4,1,2025-09-10,Germany,Slovenia,108.48955,83.243268
3215,1,1,2025-09-09,Poland,Turkey,76.963154,79.956055
3215,2,1,2025-09-09,Lithuania,Greece,111.02567,106.98979
3215,3,1,2025-09-10,Finland,Georgia,104.93697,75.062115
3215,4,1,2025-09-10,Germany,Slovenia,119.12606,90.274348
3216,1,1,2025-09-09,Poland,Turkey,83.982002,93.262531
3216,2,1,2025-09-09,Lithuania,Greece,88.464995,73.996513
3216,3,1,2025-09-10,Finland,Georgia,80.306044,61.148753
3216,4,1,2025-09-10,Germany,Slovenia,93.351751,106.93941
3217,1,1,2025-09-09,Poland,Turkey,95.930276,100.67362
3217,2,1,2025-09-09,Lithuania,Greece,86.929329,74.542374
3217,3,1,2025-09-10,Finland,Georgia,95.286601,84.264981
3217,4,1,2025-09-10,Germany,Slovenia,91.781552,92.778616
3218,1,1,2025-09-09,Poland,Turkey,82.843109,100.84037
3218,2,1,2025-09-09,Lithuania,Greece,95.217925,86.60746
3218,3,1,2025-09-10,Finland,Georgia,91.040766,86.170671
3218,4,1,2025-09-10,Germany,Slovenia,104.37055,87.915752
3219,1,1,2025-09-09,Poland,Turkey,78.522774,83.549593
3219,2,1,2025-09-09,Lithuania,Greece,92.01564,95.820002
3219,3,1,2025-09-10,Finland,Georgia,97.785384,82.321684
3219,4,1,2025-09-10,Germany,Slovenia,104.99199,77.131494
3220,1,1,2025-09-09,Poland,Turkey,70.976,102.54521
3220,2,1,2025-09-09,Lithuania,Greece,76.975582,64.966575
3220,3,1,2025-09-10,Finland,Georgia,102.17013,79.617615
3220,4,1,2025-09-10,Germany,Slovenia,109.00778,92.931582
3221,1,1,2025-09-09,Poland,Turkey,73.779737,99.561212
3221,2,1,2025-09-09,Lithuania,Greece,85.493044,80.159392
3221,3,1,2025-09-10,Finland,Georgia,113.71807,75.215273
3221,4,1,2025-09-10,Germany,Slovenia,80.169188,81.494908
3222,1,1,2025-09-09,Poland,Turkey,78.73427,82.120653
3222,2,1,2025-09-09,Lithuania,Greece,88.342385,72.94183
3222,3,1,2025-09-10,Finland,Georgia,94.868624,68.394468
3222,4,1,2025-09-10,Germany,Slovenia,97.5127,87.03135
3223,1,1,2025-09-09,Poland,Turkey,59.959449,98.011966
3223,2,1,2025-09-09,Lithuania,Greece,85.194731,91.810557
3223,3,1,2025-09-10,Finland,Georgia,101.95805,75.622574
3223,4,1,2025-09-10,Germany,Slovenia,88.944242,71.248996
3224,1,1,2025-09-09,Poland,Turkey,70.244771,93.338945
3224,2,1,2025-09-09,Lithuania,Greece,110.57795,62.613963
3224,3,1,2025-09-10,Finland,Georgia,104.84506,86.476197
3224,4,1,2025-09-10,Germany,Slovenia,119.66852,95.275917
3225,1,1,2025-09-09,Poland,Turkey,95.588394,99.966482
3225,2,1,2025-09-09,Lithuania,Greece,105.82509,87.271404
3225,3,1,2025-09-10,Finland,Georgia,97.288209,57.34395
3225,4,1,2025-09-10,Germany,Slovenia,108.5167,82.830305
3226,1,1,2025-09-09,Poland,Turkey,86.072746,74.34007
3226,2,1,2025-09-09,Lithuania,Greece,101.27046,68.098307
3226,3,1,2025-09-10,Finland,Georgia,92.760627,75.98875
3226,4,1,2025-09-10,Germany,Slovenia,97.098885,79.388754
3227,1,1,2025-09-09,Poland,Turkey,104.03857000000001,100.3133
3227,2,1,2025-09-09,Lithuania,Greece,100.26356,94.944594
3227,3,1,2025-09-10,Finland,Georgia,90.198839,61.147437
3227,4,1,2025-09-10,Germany,Slovenia,109.78531,77.977439
3228,1,1,2025-09-09,Poland,Turkey,82.591623,93.152819
3228,2,1,2025-09-09,Lithuania,Greece,88.067578,103.19623
3228,3,1,2025-09-10,Finland,Georgia,101.72681,77.337511
3228,4,1,2025-09-10,Germany,Slovenia,110.90238,84.941159
3229,1,1,2025-09-09,Poland,Turkey,90.13676,119.013
3229,2,1,2025-09-09,Lithuania,Greece,85.654474,84.154263
3229,3,1,2025-09-10,Finland,Georgia,100.25534,92.164827
3229,4,1,2025-09-10,Germany,Slovenia,105.04159,87.46035
3230,1,1,2025-09-09,Poland,Turkey,68.7424,79.363086
3230,2,1,2025-09-09,Lithuania,Greece,73.172607,67.592665
3230,3,1,2025-09-10,Finland,Georgia,97.097554,75.405204
3230,4,1,2025-09-10,Germany,Slovenia,85.33109,88.598731
3231,1,1,2025-09-09,Poland,Turkey,72.615689,93.128046
3231,2,1,2025-09-09,Lithuania,Greece,83.794854,74.141875
3231,3,1,2025-09-10,Finland,Georgia,90.510565,73.627568
3231,4,1,2025-09-10,Germany,Slovenia,103.58104,74.045002
3232,1,1,2025-09-09,Poland,Turkey,81.257368,106.15969
3232,2,1,2025-09-09,Lithuania,Greece,94.23706,46.473799
3232,3,1,2025-09-10,Finland,Georgia,96.294616,82.921817
3232,4,1,2025-09-10,Germany,Slovenia,109.1248,94.14056
3233,1,1,2025-09-09,Poland,Turkey,72.307363,104.48346
3233,2,1,2025-09-09,Lithuania,Greece,107.57412,88.351338
3233,3,1,2025-09-10,Finland,Georgia,105.71479,69.771931
3233,4,1,2025-09-10,Germany,Slovenia,103.68707,91.724658
3234,1,1,2025-09-09,Poland,Turkey,95.216985,86.918425
3234,2,1,2025-09-09,Lithuania,Greece,75.160572,85.765259
3234,3,1,2025-09-10,Finland,Georgia,91.059806,67.162418
3234,4,1,2025-09-10,Germany,Slovenia,84.422925,68.452466
3235,1,1,2025-09-09,Poland,Turkey,77.547476,66.285345
3235,2,1,2025-09-09,Lithuania,Greece,87.156264,77.39764
3235,3,1,2025-09-10,Finland,Georgia,77.967997,79.348755
3235,4,1,2025-09-10,Germany,Slovenia,101.48105,85.209542
3236,1,1,2025-09-09,Poland,Turkey,76.545891,78.250726
3236,2,1,2025-09-09,Lithuania,Greece,99.84244,85.429291
3236,3,1,2025-09-10,Finland,Georgia,121.51683,68.467341
3236,4,1,2025-09-10,Germany,Slovenia,100.43688,85.7904
3237,1,1,2025-09-09,Poland,Turkey,79.990856,70.781212
3237,2,1,2025-09-09,Lithuania,Greece,96.151307,65.665321
3237,3,1,2025-09-10,Finland,Georgia,92.523969,70.446141
3237,4,1,2025-09-10,Germany,Slovenia,107.58627,79.478854
3238,1,1,2025-09-09,Poland,Turkey,64.676621,103.90167
3238,2,1,2025-09-09,Lithuania,Greece,78.173462,66.438671
3238,3,1,2025-09-10,Finland,Georgia,111.75843,88.821956
3238,4,1,2025-09-10,Germany,Slovenia,109.20019,87.729759
3239,1,1,2025-09-09,Poland,Turkey,69.48574,83.240174
3239,2,1,2025-09-09,Lithuania,Greece,93.296674,71.824121
3239,3,1,2025-09-10,Finland,Georgia,81.856514,78.138005
3239,4,1,2025-09-10,Germany,Slovenia,111.21527,94.531219
3240,1,1,2025-09-09,Poland,Turkey,69.555105,84.893408
3240,2,1,2025-09-09,Lithuania,Greece,95.532538,100.2739
3240,3,1,2025-09-10,Finland,Georgia,88.571741,76.021914
3240,4,1,2025-09-10,Germany,Slovenia,91.68248,80.192572
3241,1,1,2025-09-09,Poland,Turkey,88.347208,93.736251
3241,2,1,2025-09-09,Lithuania,Greece,79.578998,69.027279
3241,3,1,2025-09-10,Finland,Georgia,86.747609,90.589261
3241,4,1,2025-09-10,Germany,Slovenia,88.837636,92.715711
3242,1,1,2025-09-09,Poland,Turkey,74.670705,84.489077
3242,2,1,2025-09-09,Lithuania,Greece,77.823319,61.458403
3242,3,1,2025-09-10,Finland,Georgia,89.002929,79.52201
3242,4,1,2025-09-10,Germany,Slovenia,86.418121,71.899223
3243,1,1,2025-09-09,Poland,Turkey,81.069727,102.18026
3243,2,1,2025-09-09,Lithuania,Greece,98.543586,74.336434
3243,3,1,2025-09-10,Finland,Georgia,81.364808,65.08804
3243,4,1,2025-09-10,Germany,Slovenia,83.760371,84.311078
3244,1,1,2025-09-09,Poland,Turkey,77.898817,89.467997
3244,2,1,2025-09-09,Lithuania,Greece,83.861828,80.092
3244,3,1,2025-09-10,Finland,Georgia,85.228718,79.400336
3244,4,1,2025-09-10,Germany,Slovenia,109.72762,90.769187
3245,1,1,2025-09-09,Poland,Turkey,61.019943,80.030539
3245,2,1,2025-09-09,Lithuania,Greece,96.115743,69.908155
3245,3,1,2025-09-10,Finland,Georgia,91.975266,82.551587
3245,4,1,2025-09-10,Germany,Slovenia,89.008252,78.550672
3246,1,1,2025-09-09,Poland,Turkey,66.652228,88.341964
3246,2,1,2025-09-09,Lithuania,Greece,83.760092,84.788692
3246,3,1,2025-09-10,Finland,Georgia,82.543024,90.511383
3246,4,1,2025-09-10,Germany,Slovenia,112.26345,74.409302
3247,1,1,2025-09-09,Poland,Turkey,77.876269,62.608273
3247,2,1,2025-09-09,Lithuania,Greece,79.582463,65.006641
3247,3,1,2025-09-10,Finland,Georgia,89.133058,79.287915
3247,4,1,2025-09-10,Germany,Slovenia,142.11654,105.20639
3248,1,1,2025-09-09,Poland,Turkey,85.435288,88.177007
3248,2,1,2025-09-09,Lithuania,Greece,90.079331,79.742691
3248,3,1,2025-09-10,Finland,Georgia,102.65615,79.931206
3248,4,1,2025-09-10,Germany,Slovenia,108.19415,86.943288
3249,1,1,2025-09-09,Poland,Turkey,81.929308,97.688762
3249,2,1,2025-09-09,Lithuania,Greece,92.091432,87.968911
3249,3,1,2025-09-10,Finland,Georgia,85.566793,77.218035
3249,4,1,2025-09-10,Germany,Slovenia,96.5481,95.496502
3250,1,1,2025-09-09,Poland,Turkey,77.360836,89.319083
3250,2,1,2025-09-09,Lithuania,Greece,91.376832,78.25245
3250,3,1,2025-09-10,Finland,Georgia,105.68957,88.723466
3250,4,1,2025-09-10,Germany,Slovenia,108.11398,95.922112
3251,1,1,2025-09-09,Poland,Turkey,72.958011,53.623413
3251,2,1,2025-09-09,Lithuania,Greece,90.389716,79.274009
3251,3,1,2025-09-10,Finland,Georgia,114.84619000000001,71.998035
3251,4,1,2025-09-10,Germany,Slovenia,120.53229,88.789711
3252,1,1,2025-09-09,Poland,Turkey,72.812537,96.089487
3252,2,1,2025-09-09,Lithuania,Greece,76.290483,84.196134
3252,3,1,2025-09-10,Finland,Georgia,77.310564,95.449458
3252,4,1,2025-09-10,Germany,Slovenia,125.84647,90.100641
3253,1,1,2025-09-09,Poland,Turkey,63.072818,82.679431
3253,2,1,2025-09-09,Lithuania,Greece,86.724111,83.964997
3253,3,1,2025-09-10,Finland,Georgia,97.347502,84.014961
3253,4,1,2025-09-10,Germany,Slovenia,100.01863,65.413598
3254,1,1,2025-09-09,Poland,Turkey,53.961774,74.876087
3254,2,1,2025-09-09,Lithuania,Greece,55.052873,71.370208
3254,3,1,2025-09-10,Finland,Georgia,115.50334,99.642839
3254,4,1,2025-09-10,Germany,Slovenia,97.356804,99.40493
3255,1,1,2025-09-09,Poland,Turkey,85.906718,81.045401
3255,2,1,2025-09-09,Lithuania,Greece,76.278955,86.795106
3255,3,1,2025-09-10,Finland,Georgia,83.076582,77.352791
3255,4,1,2025-09-10,Germany,Slovenia,114.55568,101.63082
3256,1,1,2025-09-09,Poland,Turkey,96.296245,79.777427
3256,2,1,2025-09-09,Lithuania,Greece,94.208627,87.193361
3256,3,1,2025-09-10,Finland,Georgia,76.990903,75.515569
3256,4,1,2025-09-10,Germany,Slovenia,108.63708,86.646585
3257,1,1,2025-09-09,Poland,Turkey,87.147389,78.933817
3257,2,1,2025-09-09,Lithuania,Greece,86.770586,69.884437
3257,3,1,2025-09-10,Finland,Georgia,94.835244,87.05408
3257,4,1,2025-09-10,Germany,Slovenia,95.450108,70.575419
3258,1,1,2025-09-09,Poland,Turkey,77.439896,98.126241
3258,2,1,2025-09-09,Lithuania,Greece,103.39695,90.011213
3258,3,1,2025-09-10,Finland,Georgia,103.91305,83.493244
3258,4,1,2025-09-10,Germany,Slovenia,110.71398,89.061424
3259,1,1,2025-09-09,Poland,Turkey,80.766377,81.893778
3259,2,1,2025-09-09,Lithuania,Greece,92.110368,71.538274
3259,3,1,2025-09-10,Finland,Georgia,108.92252,66.726406
3259,4,1,2025-09-10,Germany,Slovenia,84.454893,77.973709
3260,1,1,2025-09-09,Poland,Turkey,75.757521,88.421623
3260,2,1,2025-09-09,Lithuania,Greece,76.30329,77.68927
3260,3,1,2025-09-10,Finland,Georgia,97.153778,63.725888
3260,4,1,2025-09-10,Germany,Slovenia,110.81737,87.293332
3261,1,1,2025-09-09,Poland,Turkey,84.501798,86.45241
3261,2,1,2025-09-09,Lithuania,Greece,82.933897,68.154052
3261,3,1,2025-09-10,Finland,Georgia,82.995049,80.451012
3261,4,1,2025-09-10,Germany,Slovenia,108.64703,77.775013
3262,1,1,2025-09-09,Poland,Turkey,96.617835,94.975473
3262,2,1,2025-09-09,Lithuania,Greece,90.354552,88.902291
3262,3,1,2025-09-10,Finland,Georgia,77.536746,86.158187
3262,4,1,2025-09-10,Germany,Slovenia,116.33206,66.497843
3263,1,1,2025-09-09,Poland,Turkey,60.465835,95.013082
3263,2,1,2025-09-09,Lithuania,Greece,76.019802,89.193375
3263,3,1,2025-09-10,Finland,Georgia,100.21572,83.762135
3263,4,1,2025-09-10,Germany,Slovenia,94.170956,80.706076
3264,1,1,2025-09-09,Poland,Turkey,70.592372,90.385952
3264,2,1,2025-09-09,Lithuania,Greece,91.827916,80.63959
3264,3,1,2025-09-10,Finland,Georgia,72.106454,69.024781
3264,4,1,2025-09-10,Germany,Slovenia,93.51675,81.296528
3265,1,1,2025-09-09,Poland,Turkey,70.661727,97.353233
3265,2,1,2025-09-09,Lithuania,Greece,68.470074,78.216838
3265,3,1,2025-09-10,Finland,Georgia,81.464649,97.70252
3265,4,1,2025-09-10,Germany,Slovenia,107.30546,91.425433
3266,1,1,2025-09-09,Poland,Turkey,67.221057,89.646922
3266,2,1,2025-09-09,Lithuania,Greece,100.46149,65.52743
3266,3,1,2025-09-10,Finland,Georgia,106.07145,90.813319
3266,4,1,2025-09-10,Germany,Slovenia,114.87142,80.724895
3267,1,1,2025-09-09,Poland,Turkey,79.573396,103.7693
3267,2,1,2025-09-09,Lithuania,Greece,87.961336,81.28354
3267,3,1,2025-09-10,Finland,Georgia,105.86741,58.293582
3267,4,1,2025-09-10,Germany,Slovenia,109.07019,85.66848
3268,1,1,2025-09-09,Poland,Turkey,65.755577,98.815826
3268,2,1,2025-09-09,Lithuania,Greece,85.802295,88.113356
3268,3,1,2025-09-10,Finland,Georgia,103.18645,87.470503
3268,4,1,2025-09-10,Germany,Slovenia,106.89958,94.40192
3269,1,1,2025-09-09,Poland,Turkey,76.966204,74.861663
3269,2,1,2025-09-09,Lithuania,Greece,84.738194,75.558222
3269,3,1,2025-09-10,Finland,Georgia,115.88008,64.833845
3269,4,1,2025-09-10,Germany,Slovenia,105.32521,88.820063
3270,1,1,2025-09-09,Poland,Turkey,89.188546,119.28272
3270,2,1,2025-09-09,Lithuania,Greece,82.212046,86.778696
3270,3,1,2025-09-10,Finland,Georgia,96.547012,74.972183
3270,4,1,2025-09-10,Germany,Slovenia,109.05677,89.992285999999993
3271,1,1,2025-09-09,Poland,Turkey,61.227998,82.953293
3271,2,1,2025-09-09,Lithuania,Greece,83.449549,79.763105
3271,3,1,2025-09-10,Finland,Georgia,92.609038,67.479763
3271,4,1,2025-09-10,Germany,Slovenia,89.282866,81.769882
3272,1,1,2025-09-09,Poland,Turkey,76.524761,89.002361
3272,2,1,2025-09-09,Lithuania,Greece,91.504744,94.871996
3272,3,1,2025-09-10,Finland,Georgia,89.004863,69.064888
3272,4,1,2025-09-10,Germany,Slovenia,99.36756,98.384655
3273,1,1,2025-09-09,Poland,Turkey,70.130324,78.704146
3273,2,1,2025-09-09,Lithuania,Greece,78.052076,60.01295
3273,3,1,2025-09-10,Finland,Georgia,100.15765,84.88811
3273,4,1,2025-09-10,Germany,Slovenia,102.08447,77.43154
3274,1,1,2025-09-09,Poland,Turkey,66.546528,100.93383
3274,2,1,2025-09-09,Lithuania,Greece,86.469408,77.711053
3274,3,1,2025-09-10,Finland,Georgia,103.55047,75.634471
3274,4,1,2025-09-10,Germany,Slovenia,112.46864,91.442607
3275,1,1,2025-09-09,Poland,Turkey,79.880334,85.016363
3275,2,1,2025-09-09,Lithuania,Greece,85.364915,57.185985
3275,3,1,2025-09-10,Finland,Georgia,106.42586,71.210822
3275,4,1,2025-09-10,Germany,Slovenia,97.748001,86.449973
3276,1,1,2025-09-09,Poland,Turkey,78.007782,84.926566
3276,2,1,2025-09-09,Lithuania,Greece,78.911829,65.185945
3276,3,1,2025-09-10,Finland,Georgia,93.061395,69.909322
3276,4,1,2025-09-10,Germany,Slovenia,89.931037,87.744379
3277,1,1,2025-09-09,Poland,Turkey,86.63985,89.145464
3277,2,1,2025-09-09,Lithuania,Greece,85.434229,72.180793
3277,3,1,2025-09-10,Finland,Georgia,105.3916,64.198514
3277,4,1,2025-09-10,Germany,Slovenia,108.77841,66.952354
3278,1,1,2025-09-09,Poland,Turkey,66.310104,71.351806
3278,2,1,2025-09-09,Lithuania,Greece,87.737664,45.548458
3278,3,1,2025-09-10,Finland,Georgia,100.36456,69.098741
3278,4,1,2025-09-10,Germany,Slovenia,102.44504,83.093716
3279,1,1,2025-09-09,Poland,Turkey,100.58083,75.806732
3279,2,1,2025-09-09,Lithuania,Greece,84.401606,78.171985
3279,3,1,2025-09-10,Finland,Georgia,106.86256,85.068481
3279,4,1,2025-09-10,Germany,Slovenia,105.45191,93.055979
3280,1,1,2025-09-09,Poland,Turkey,60.720333,89.938547
3280,2,1,2025-09-09,Lithuania,Greece,61.478981,81.49558
3280,3,1,2025-09-10,Finland,Georgia,102.90485,92.517334
3280,4,1,2025-09-10,Germany,Slovenia,119.72943,98.313682
3281,1,1,2025-09-09,Poland,Turkey,76.341005,84.979483
3281,2,1,2025-09-09,Lithuania,Greece,92.400589,95.71153
3281,3,1,2025-09-10,Finland,Georgia,96.584163,66.541282
3281,4,1,2025-09-10,Germany,Slovenia,118.65718,105.66674
3282,1,1,2025-09-09,Poland,Turkey,95.542693,88.611101
3282,2,1,2025-09-09,Lithuania,Greece,74.52777,64.691564
3282,3,1,2025-09-10,Finland,Georgia,100.71371,67.652847
3282,4,1,2025-09-10,Germany,Slovenia,120.38613,96.552138
3283,1,1,2025-09-09,Poland,Turkey,65.553507,87.868172
3283,2,1,2025-09-09,Lithuania,Greece,93.478549,74.045508
3283,3,1,2025-09-10,Finland,Georgia,127.13217,83.020179
3283,4,1,2025-09-10,Germany,Slovenia,101.16893,88.357426
3284,1,1,2025-09-09,Poland,Turkey,64.3753,82.08433
3284,2,1,2025-09-09,Lithuania,Greece,99.582484,95.814618
3284,3,1,2025-09-10,Finland,Georgia,98.114422,73.476786
3284,4,1,2025-09-10,Germany,Slovenia,88.065935,71.531944
3285,1,1,2025-09-09,Poland,Turkey,65.596735,83.422235
3285,2,1,2025-09-09,Lithuania,Greece,95.525568,77.436154
3285,3,1,2025-09-10,Finland,Georgia,114.05535,74.75992
3285,4,1,2025-09-10,Germany,Slovenia,98.913479,68.984492
3286,1,1,2025-09-09,Poland,Turkey,75.199195,77.661334
3286,2,1,2025-09-09,Lithuania,Greece,91.755981,60.555629
3286,3,1,2025-09-10,Finland,Georgia,106.67535,85.14141
3286,4,1,2025-09-10,Germany,Slovenia,105.9949,65.17882
3287,1,1,2025-09-09,Poland,Turkey,80.148053,57.998268
3287,2,1,2025-09-09,Lithuania,Greece,86.749638,79.173785
3287,3,1,2025-09-10,Finland,Georgia,123.63039,104.63058
3287,4,1,2025-09-10,Germany,Slovenia,89.943764,67.007539
3288,1,1,2025-09-09,Poland,Turkey,74.986757,89.995872
3288,2,1,2025-09-09,Lithuania,Greece,67.301304,53.311032
3288,3,1,2025-09-10,Finland,Georgia,82.627786,67.261605
3288,4,1,2025-09-10,Germany,Slovenia,92.391626,86.852227
3289,1,1,2025-09-09,Poland,Turkey,73.570086,71.175544
3289,2,1,2025-09-09,Lithuania,Greece,90.24819,67.97633
3289,3,1,2025-09-10,Finland,Georgia,94.918803,75.905496
3289,4,1,2025-09-10,Germany,Slovenia,101.54817,96.123574
3290,1,1,2025-09-09,Poland,Turkey,67.374161,91.99341
3290,2,1,2025-09-09,Lithuania,Greece,100.5372,91.117085
3290,3,1,2025-09-10,Finland,Georgia,81.139779,81.474564
3290,4,1,2025-09-10,Germany,Slovenia,111.6822,79.924687
3291,1,1,2025-09-09,Poland,Turkey,87.682037,82.902437
3291,2,1,2025-09-09,Lithuania,Greece,84.591283,61.747409
3291,3,1,2025-09-10,Finland,Georgia,86.721301,82.091337
3291,4,1,2025-09-10,Germany,Slovenia,96.237679,84.852701
3292,1,1,2025-09-09,Poland,Turkey,89.266714,94.603584
3292,2,1,2025-09-09,Lithuania,Greece,75.329942,93.674746
3292,3,1,2025-09-10,Finland,Georgia,77.024683,60.307293
3292,4,1,2025-09-10,Germany,Slovenia,88.888866,73.167703
3293,1,1,2025-09-09,Poland,Turkey,60.381212,84.711033
3293,2,1,2025-09-09,Lithuania,Greece,71.523322,71.200592
3293,3,1,2025-09-10,Finland,Georgia,75.130024,71.22905
3293,4,1,2025-09-10,Germany,Slovenia,90.20294,70.829448
3294,1,1,2025-09-09,Poland,Turkey,66.815354,85.593432
3294,2,1,2025-09-09,Lithuania,Greece,53.898089,62.661272
3294,3,1,2025-09-10,Finland,Georgia,109.97722,72.132929
3294,4,1,2025-09-10,Germany,Slovenia,108.98226,65.033852
3295,1,1,2025-09-09,Poland,Turkey,86.316873,104.29416
3295,2,1,2025-09-09,Lithuania,Greece,88.678734,95.570723
3295,3,1,2025-09-10,Finland,Georgia,82.755532,67.808972
3295,4,1,2025-09-10,Germany,Slovenia,104.76309,85.313443
3296,1,1,2025-09-09,Poland,Turkey,91.898843,97.844433
3296,2,1,2025-09-09,Lithuania,Greece,77.201622,79.645378
3296,3,1,2025-09-10,Finland,Georgia,101.4596,66.722301
3296,4,1,2025-09-10,Germany,Slovenia,87.427665,79.918989
3297,1,1,2025-09-09,Poland,Turkey,71.944879,66.705579
3297,2,1,2025-09-09,Lithuania,Greece,110.39404,85.322027
3297,3,1,2025-09-10,Finland,Georgia,65.029015,71.949235
3297,4,1,2025-09-10,Germany,Slovenia,101.14648,77.276934
3298,1,1,2025-09-09,Poland,Turkey,68.613859,94.073103
3298,2,1,2025-09-09,Lithuania,Greece,78.520834,69.46551
3298,3,1,2025-09-10,Finland,Georgia,85.547071,78.449059
3298,4,1,2025-09-10,Germany,Slovenia,113.91767,96.205601
3299,1,1,2025-09-09,Poland,Turkey,74.043507,82.617742
3299,2,1,2025-09-09,Lithuania,Greece,88.15775,85.44021
3299,3,1,2025-09-10,Finland,Georgia,71.6345,74.225974
3299,4,1,2025-09-10,Germany,Slovenia,84.422892,61.751043
3300,1,1,2025-09-09,Poland,Turkey,75.112527,98.329187
3300,2,1,2025-09-09,Lithuania,Greece,84.510519,62.90443
3300,3,1,2025-09-10,Finland,Georgia,75.931078,55.834308
3300,4,1,2025-09-10,Germany,Slovenia,89.255252,83.694829
3301,1,1,2025-09-09,Poland,Turkey,75.556412,99.170779
3301,2,1,2025-09-09,Lithuania,Greece,84.97924,85.175086
3301,3,1,2025-09-10,Finland,Georgia,107.37598,79.221043
3301,4,1,2025-09-10,Germany,Slovenia,109.27515,88.259789
3302,1,1,2025-09-09,Poland,Turkey,86.178115,78.440317
3302,2,1,2025-09-09,Lithuania,Greece,97.231198,88.386548
3302,3,1,2025-09-10,Finland,Georgia,91.839029,49.681752
3302,4,1,2025-09-10,Germany,Slovenia,106.94953,72.995942
3303,1,1,2025-09-09,Poland,Turkey,74.100463,90.9125
3303,2,1,2025-09-09,Lithuania,Greece,70.317178,78.035409
3303,3,1,2025-09-10,Finland,Georgia,109.07347,71.396374
3303,4,1,2025-09-10,Germany,Slovenia,98.29166,79.092524
3304,1,1,2025-09-09,Poland,Turkey,62.580884,68.208781
3304,2,1,2025-09-09,Lithuania,Greece,107.10532,82.84866
3304,3,1,2025-09-10,Finland,Georgia,81.601014,74.50999
3304,4,1,2025-09-10,Germany,Slovenia,106.75263,70.449827
3305,1,1,2025-09-09,Poland,Turkey,88.039178,91.708439
3305,2,1,2025-09-09,Lithuania,Greece,106.37887,89.182331
3305,3,1,2025-09-10,Finland,Georgia,108.61613,83.998464
3305,4,1,2025-09-10,Germany,Slovenia,114.70919,94.429738
3306,1,1,2025-09-09,Poland,Turkey,65.519227,95.482121
3306,2,1,2025-09-09,Lithuania,Greece,80.723674,81.354601
3306,3,1,2025-09-10,Finland,Georgia,90.22759,73.541276
3306,4,1,2025-09-10,Germany,Slovenia,89.206471,95.420841
3307,1,1,2025-09-09,Poland,Turkey,68.287153,100.11032
3307,2,1,2025-09-09,Lithuania,Greece,87.465275,79.442889
3307,3,1,2025-09-10,Finland,Georgia,101.82537,73.1179
3307,4,1,2025-09-10,Germany,Slovenia,107.54724,101.55334
3308,1,1,2025-09-09,Poland,Turkey,101.92129,90.399735
3308,2,1,2025-09-09,Lithuania,Greece,99.002138,63.934479
3308,3,1,2025-09-10,Finland,Georgia,72.841169,81.572663
3308,4,1,2025-09-10,Germany,Slovenia,86.712419,87.051341
3309,1,1,2025-09-09,Poland,Turkey,83.757317,83.102605
3309,2,1,2025-09-09,Lithuania,Greece,78.802093,87.03648
3309,3,1,2025-09-10,Finland,Georgia,108.28222,66.665386
3309,4,1,2025-09-10,Germany,Slovenia,104.21335,70.536832
3310,1,1,2025-09-09,Poland,Turkey,76.27452,89.921321
3310,2,1,2025-09-09,Lithuania,Greece,88.815153,85.642116
3310,3,1,2025-09-10,Finland,Georgia,88.784937,98.169512
3310,4,1,2025-09-10,Germany,Slovenia,105.00939,101.34403
3311,1,1,2025-09-09,Poland,Turkey,75.568688,89.41575
3311,2,1,2025-09-09,Lithuania,Greece,90.607469,58.805181
3311,3,1,2025-09-10,Finland,Georgia,106.04024,66.646589
3311,4,1,2025-09-10,Germany,Slovenia,107.24308,109.05991
3312,1,1,2025-09-09,Poland,Turkey,74.731374,84.023354
3312,2,1,2025-09-09,Lithuania,Greece,76.464855,66.723434
3312,3,1,2025-09-10,Finland,Georgia,94.698569,58.239757
3312,4,1,2025-09-10,Germany,Slovenia,107.30267,89.691988
3313,1,1,2025-09-09,Poland,Turkey,76.868974,86.484576
3313,2,1,2025-09-09,Lithuania,Greece,94.707949,83.749712
3313,3,1,2025-09-10,Finland,Georgia,105.99751,84.650032
3313,4,1,2025-09-10,Germany,Slovenia,97.354499,74.890304
3314,1,1,2025-09-09,Poland,Turkey,75.104824,81.360082
3314,2,1,2025-09-09,Lithuania,Greece,79.094376,86.443104
3314,3,1,2025-09-10,Finland,Georgia,84.455289,74.384512
3314,4,1,2025-09-10,Germany,Slovenia,107.03446,82.769007
3315,1,1,2025-09-09,Poland,Turkey,77.894258,90.747889
3315,2,1,2025-09-09,Lithuania,Greece,84.077396,99.565521
3315,3,1,2025-09-10,Finland,Georgia,90.656958,69.424465
3315,4,1,2025-09-10,Germany,Slovenia,97.91312,95.474364
3316,1,1,2025-09-09,Poland,Turkey,54.032373,78.303035
3316,2,1,2025-09-09,Lithuania,Greece,87.667944,57.943173
3316,3,1,2025-09-10,Finland,Georgia,108.60597,80.074137
3316,4,1,2025-09-10,Germany,Slovenia,94.351421,92.232946
3317,1,1,2025-09-09,Poland,Turkey,78.642227,84.469124
3317,2,1,2025-09-09,Lithuania,Greece,101.07578,78.745648
3317,3,1,2025-09-10,Finland,Georgia,87.061983,76.704768
3317,4,1,2025-09-10,Germany,Slovenia,93.028263,80.4667
3318,1,1,2025-09-09,Poland,Turkey,81.569556,89.580671
3318,2,1,2025-09-09,Lithuania,Greece,86.764347,72.978199
3318,3,1,2025-09-10,Finland,Georgia,120.80571,82.341762
3318,4,1,2025-09-10,Germany,Slovenia,93.269517,98.869703
3319,1,1,2025-09-09,Poland,Turkey,71.964021,92.067353
3319,2,1,2025-09-09,Lithuania,Greece,101.32338,96.135355
3319,3,1,2025-09-10,Finland,Georgia,109.20663,89.990429
3319,4,1,2025-09-10,Germany,Slovenia,95.556066,58.071112
3320,1,1,2025-09-09,Poland,Turkey,94.811777,70.758047
3320,2,1,2025-09-09,Lithuania,Greece,96.477929,64.262643
3320,3,1,2025-09-10,Finland,Georgia,78.46164,70.299095
3320,4,1,2025-09-10,Germany,Slovenia,94.336815,85.810644
3321,1,1,2025-09-09,Poland,Turkey,66.483644,90.485534
3321,2,1,2025-09-09,Lithuania,Greece,86.020022,96.598489
3321,3,1,2025-09-10,Finland,Georgia,101.39857,74.233893
3321,4,1,2025-09-10,Germany,Slovenia,106.049,94.542233
3322,1,1,2025-09-09,Poland,Turkey,61.385551,98.153466
3322,2,1,2025-09-09,Lithuania,Greece,56.706183,35.848408
3322,3,1,2025-09-10,Finland,Georgia,107.18997,87.751708
3322,4,1,2025-09-10,Germany,Slovenia,82.922877,90.074351
3323,1,1,2025-09-09,Poland,Turkey,81.13661,99.999651
3323,2,1,2025-09-09,Lithuania,Greece,84.80389,72.835516
3323,3,1,2025-09-10,Finland,Georgia,106.87702,76.150561
3323,4,1,2025-09-10,Germany,Slovenia,86.153786,64.212349
3324,1,1,2025-09-09,Poland,Turkey,92.149454,90.015752
3324,2,1,2025-09-09,Lithuania,Greece,75.924282,61.902392999999996
3324,3,1,2025-09-10,Finland,Georgia,82.998902,60.402483
3324,4,1,2025-09-10,Germany,Slovenia,87.761316,77.317961
3325,1,1,2025-09-09,Poland,Turkey,93.556014,89.147823
3325,2,1,2025-09-09,Lithuania,Greece,91.442937,79.169276
3325,3,1,2025-09-10,Finland,Georgia,106.93793,70.672178
3325,4,1,2025-09-10,Germany,Slovenia,82.272793,91.010139
3326,1,1,2025-09-09,Poland,Turkey,65.244905,91.396717
3326,2,1,2025-09-09,Lithuania,Greece,92.433154,78.867167
3326,3,1,2025-09-10,Finland,Georgia,99.606273,84.162293
3326,4,1,2025-09-10,Germany,Slovenia,107.14529,68.643355
3327,1,1,2025-09-09,Poland,Turkey,82.317285,83.553081
3327,2,1,2025-09-09,Lithuania,Greece,99.637782,83.607933
3327,3,1,2025-09-10,Finland,Georgia,94.25543,76.773603
3327,4,1,2025-09-10,Germany,Slovenia,116.04701,72.93809
3328,1,1,2025-09-09,Poland,Turkey,87.758316,90.282695
3328,2,1,2025-09-09,Lithuania,Greece,82.747947,77.33718
3328,3,1,2025-09-10,Finland,Georgia,84.046286,73.20629
3328,4,1,2025-09-10,Germany,Slovenia,110.51771,84.985119
3329,1,1,2025-09-09,Poland,Turkey,84.435401,98.491929
3329,2,1,2025-09-09,Lithuania,Greece,91.015086,72.978498
3329,3,1,2025-09-10,Finland,Georgia,104.14679,70.932277
3329,4,1,2025-09-10,Germany,Slovenia,90.718293,101.78186
3330,1,1,2025-09-09,Poland,Turkey,90.222536,96.682411
3330,2,1,2025-09-09,Lithuania,Greece,82.54604,91.169545
3330,3,1,2025-09-10,Finland,Georgia,94.16691,83.596262
3330,4,1,2025-09-10,Germany,Slovenia,98.370158,74.413322
3331,1,1,2025-09-09,Poland,Turkey,97.37069,93.787182
3331,2,1,2025-09-09,Lithuania,Greece,90.372178,60.765433
3331,3,1,2025-09-10,Finland,Georgia,92.279404,77.120446
3331,4,1,2025-09-10,Germany,Slovenia,126.6862,82.972683
3332,1,1,2025-09-09,Poland,Turkey,78.990073,84.838029
3332,2,1,2025-09-09,Lithuania,Greece,80.214915,77.586782
3332,3,1,2025-09-10,Finland,Georgia,82.022428,60.1317
3332,4,1,2025-09-10,Germany,Slovenia,104.51012,97.883891
3333,1,1,2025-09-09,Poland,Turkey,82.217951,102.77889
3333,2,1,2025-09-09,Lithuania,Greece,97.334042,96.707344
3333,3,1,2025-09-10,Finland,Georgia,86.429805,91.112962
3333,4,1,2025-09-10,Germany,Slovenia,115.05901,80.090554
3334,1,1,2025-09-09,Poland,Turkey,70.731075,95.920469
3334,2,1,2025-09-09,Lithuania,Greece,75.086344,83.055829
3334,3,1,2025-09-10,Finland,Georgia,101.56871,70.714082
3334,4,1,2025-09-10,Germany,Slovenia,98.889684,62.186836
3335,1,1,2025-09-09,Poland,Turkey,64.958702,85.752028
3335,2,1,2025-09-09,Lithuania,Greece,94.228855,73.993817
3335,3,1,2025-09-10,Finland,Georgia,104.98682,89.310163
3335,4,1,2025-09-10,Germany,Slovenia,100.33236,97.891438
3336,1,1,2025-09-09,Poland,Turkey,81.33212,72.699348
3336,2,1,2025-09-09,Lithuania,Greece,82.738042,75.980489
3336,3,1,2025-09-10,Finland,Georgia,93.648728,64.941774
3336,4,1,2025-09-10,Germany,Slovenia,99.956728,88.347365
3337,1,1,2025-09-09,Poland,Turkey,90.53001,105.45218
3337,2,1,2025-09-09,Lithuania,Greece,69.405217,66.599261
3337,3,1,2025-09-10,Finland,Georgia,99.719897,70.130715
3337,4,1,2025-09-10,Germany,Slovenia,100.31482,97.480732
3338,1,1,2025-09-09,Poland,Turkey,84.200318,82.611828
3338,2,1,2025-09-09,Lithuania,Greece,89.216809,84.902985
3338,3,1,2025-09-10,Finland,Georgia,92.869678,73.871737
3338,4,1,2025-09-10,Germany,Slovenia,98.58435,93.880313
3339,1,1,2025-09-09,Poland,Turkey,74.576472,100.61351
3339,2,1,2025-09-09,Lithuania,Greece,95.505682,98.033517
3339,3,1,2025-09-10,Finland,Georgia,101.30891,73.882143
3339,4,1,2025-09-10,Germany,Slovenia,89.029722,69.591867
3340,1,1,2025-09-09,Poland,Turkey,72.710789,64.996763
3340,2,1,2025-09-09,Lithuania,Greece,73.638741,79.204665
3340,3,1,2025-09-10,Finland,Georgia,80.972099,62.404409
3340,4,1,2025-09-10,Germany,Slovenia,109.86613,83.482038
3341,1,1,2025-09-09,Poland,Turkey,62.243056,77.256242
3341,2,1,2025-09-09,Lithuania,Greece,82.168902,75.738496
3341,3,1,2025-09-10,Finland,Georgia,116.30963,82.604203
3341,4,1,2025-09-10,Germany,Slovenia,123.06518,81.509245
3342,1,1,2025-09-09,Poland,Turkey,78.833799,101.36463
3342,2,1,2025-09-09,Lithuania,Greece,94.262204,70.186572
3342,3,1,2025-09-10,Finland,Georgia,88.263711,56.71774
3342,4,1,2025-09-10,Germany,Slovenia,95.672968,93.869222
3343,1,1,2025-09-09,Poland,Turkey,63.738055,94.412483
3343,2,1,2025-09-09,Lithuania,Greece,111.28761,97.682599
3343,3,1,2025-09-10,Finland,Georgia,94.608767,73.377045
3343,4,1,2025-09-10,Germany,Slovenia,103.67775,79.599962
3344,1,1,2025-09-09,Poland,Turkey,77.595671,93.480429
3344,2,1,2025-09-09,Lithuania,Greece,77.969636,56.085976
3344,3,1,2025-09-10,Finland,Georgia,83.740547,82.216393
3344,4,1,2025-09-10,Germany,Slovenia,86.306804,103.75693
3345,1,1,2025-09-09,Poland,Turkey,79.041925,80.796357
3345,2,1,2025-09-09,Lithuania,Greece,92.3722,69.990926
3345,3,1,2025-09-10,Finland,Georgia,96.903943,52.883658
3345,4,1,2025-09-10,Germany,Slovenia,97.793521,95.707424
3346,1,1,2025-09-09,Poland,Turkey,76.447866,81.226796
3346,2,1,2025-09-09,Lithuania,Greece,91.609104,81.744145
3346,3,1,2025-09-10,Finland,Georgia,80.078215,64.70646
3346,4,1,2025-09-10,Germany,Slovenia,99.351638,94.763004
3347,1,1,2025-09-09,Poland,Turkey,82.332796,76.414009
3347,2,1,2025-09-09,Lithuania,Greece,87.677575,76.6104
3347,3,1,2025-09-10,Finland,Georgia,99.920859,65.761247
3347,4,1,2025-09-10,Germany,Slovenia,101.77586,101.10093
3348,1,1,2025-09-09,Poland,Turkey,75.466088,88.092949
3348,2,1,2025-09-09,Lithuania,Greece,75.485055,79.22484
3348,3,1,2025-09-10,Finland,Georgia,100.8423,89.216231
3348,4,1,2025-09-10,Germany,Slovenia,104.50411,95.093491
3349,1,1,2025-09-09,Poland,Turkey,75.403603,87.737971
3349,2,1,2025-09-09,Lithuania,Greece,89.179545,83.055069
3349,3,1,2025-09-10,Finland,Georgia,100.52315,73.482477
3349,4,1,2025-09-10,Germany,Slovenia,109.6993,103.3928
3350,1,1,2025-09-09,Poland,Turkey,64.569008,83.785537
3350,2,1,2025-09-09,Lithuania,Greece,123.24255,92.760748
3350,3,1,2025-09-10,Finland,Georgia,95.738224,66.292736
3350,4,1,2025-09-10,Germany,Slovenia,125.81542,105.02995
3351,1,1,2025-09-09,Poland,Turkey,82.756815,78.031879
3351,2,1,2025-09-09,Lithuania,Greece,96.193716,93.373776
3351,3,1,2025-09-10,Finland,Georgia,85.396095,67.516927
3351,4,1,2025-09-10,Germany,Slovenia,100.95654,79.176766
3352,1,1,2025-09-09,Poland,Turkey,87.030029,109.4263
3352,2,1,2025-09-09,Lithuania,Greece,94.016317,76.526052
3352,3,1,2025-09-10,Finland,Georgia,110.91609,75.796124
3352,4,1,2025-09-10,Germany,Slovenia,101.04118,82.731934
3353,1,1,2025-09-09,Poland,Turkey,65.013685,93.715623
3353,2,1,2025-09-09,Lithuania,Greece,74.122984,76.897238
3353,3,1,2025-09-10,Finland,Georgia,96.518361,84.247746
3353,4,1,2025-09-10,Germany,Slovenia,102.14595,79.385925
3354,1,1,2025-09-09,Poland,Turkey,81.125265,87.827753
3354,2,1,2025-09-09,Lithuania,Greece,78.492014,87.797205
3354,3,1,2025-09-10,Finland,Georgia,89.92985,77.60929
3354,4,1,2025-09-10,Germany,Slovenia,99.572535,88.559892
3355,1,1,2025-09-09,Poland,Turkey,77.889425,84.114896
3355,2,1,2025-09-09,Lithuania,Greece,76.227735,77.74612
3355,3,1,2025-09-10,Finland,Georgia,93.275233,73.439995
3355,4,1,2025-09-10,Germany,Slovenia,105.16233,83.662458
3356,1,1,2025-09-09,Poland,Turkey,98.295598,99.748006
3356,2,1,2025-09-09,Lithuania,Greece,76.891105,72.719274
3356,3,1,2025-09-10,Finland,Georgia,88.663774,64.275077
3356,4,1,2025-09-10,Germany,Slovenia,88.810456,72.981317
3357,1,1,2025-09-09,Poland,Turkey,86.803837,70.973327
3357,2,1,2025-09-09,Lithuania,Greece,89.228787,69.366026
3357,3,1,2025-09-10,Finland,Georgia,91.190469,81.736751
3357,4,1,2025-09-10,Germany,Slovenia,99.142356,87.024643
3358,1,1,2025-09-09,Poland,Turkey,92.023959,85.222626
3358,2,1,2025-09-09,Lithuania,Greece,81.241608,81.083949
3358,3,1,2025-09-10,Finland,Georgia,76.321884,76.149259
3358,4,1,2025-09-10,Germany,Slovenia,86.163061,91.127608
3359,1,1,2025-09-09,Poland,Turkey,74.986353,84.80817
3359,2,1,2025-09-09,Lithuania,Greece,93.183163,79.307697
3359,3,1,2025-09-10,Finland,Georgia,100.43669,70.072099
3359,4,1,2025-09-10,Germany,Slovenia,94.057971,86.905998
3360,1,1,2025-09-09,Poland,Turkey,75.669694,83.131995
3360,2,1,2025-09-09,Lithuania,Greece,93.189494,87.545724
3360,3,1,2025-09-10,Finland,Georgia,88.399544,71.658768
3360,4,1,2025-09-10,Germany,Slovenia,93.870574,95.349594
3361,1,1,2025-09-09,Poland,Turkey,83.416333,83.202344
3361,2,1,2025-09-09,Lithuania,Greece,93.424122,75.246694
3361,3,1,2025-09-10,Finland,Georgia,70.652162,67.733764
3361,4,1,2025-09-10,Germany,Slovenia,119.42156,82.832793
3362,1,1,2025-09-09,Poland,Turkey,81.154242,97.936812
3362,2,1,2025-09-09,Lithuania,Greece,95.419668,77.244202
3362,3,1,2025-09-10,Finland,Georgia,78.398573,80.146881
3362,4,1,2025-09-10,Germany,Slovenia,100.20973,75.190609
3363,1,1,2025-09-09,Poland,Turkey,78.059552,76.623877
3363,2,1,2025-09-09,Lithuania,Greece,85.586603,81.209569
3363,3,1,2025-09-10,Finland,Georgia,106.80966,77.552495
3363,4,1,2025-09-10,Germany,Slovenia,99.941512,102.9692
3364,1,1,2025-09-09,Poland,Turkey,76.909328,85.821859
3364,2,1,2025-09-09,Lithuania,Greece,76.544883,71.642325
3364,3,1,2025-09-10,Finland,Georgia,98.565234,90.381809
3364,4,1,2025-09-10,Germany,Slovenia,105.46146,82.863594
3365,1,1,2025-09-09,Poland,Turkey,82.9428,76.724069
3365,2,1,2025-09-09,Lithuania,Greece,80.776607,80.373833
3365,3,1,2025-09-10,Finland,Georgia,92.274104,80.080506
3365,4,1,2025-09-10,Germany,Slovenia,90.305286,87.600245
3366,1,1,2025-09-09,Poland,Turkey,70.947105,93.37455
3366,2,1,2025-09-09,Lithuania,Greece,97.700233,77.900011
3366,3,1,2025-09-10,Finland,Georgia,106.16243,82.612694
3366,4,1,2025-09-10,Germany,Slovenia,105.15429,81.86396
3367,1,1,2025-09-09,Poland,Turkey,66.10471,88.572767
3367,2,1,2025-09-09,Lithuania,Greece,99.070834,92.956987
3367,3,1,2025-09-10,Finland,Georgia,90.431501,69.970095
3367,4,1,2025-09-10,Germany,Slovenia,102.14058,60.055697
3368,1,1,2025-09-09,Poland,Turkey,73.643875,78.192658
3368,2,1,2025-09-09,Lithuania,Greece,84.527248,67.403937
3368,3,1,2025-09-10,Finland,Georgia,73.821321,59.014646
3368,4,1,2025-09-10,Germany,Slovenia,100.84216,86.909739
3369,1,1,2025-09-09,Poland,Turkey,73.004634,87.030834
3369,2,1,2025-09-09,Lithuania,Greece,80.620269,88.410939
3369,3,1,2025-09-10,Finland,Georgia,98.473557,76.789482
3369,4,1,2025-09-10,Germany,Slovenia,75.834781,91.589451
3370,1,1,2025-09-09,Poland,Turkey,83.716794,97.22314
3370,2,1,2025-09-09,Lithuania,Greece,95.831232,71.96473
3370,3,1,2025-09-10,Finland,Georgia,77.503004,57.910784
3370,4,1,2025-09-10,Germany,Slovenia,112.75367,85.205475
3371,1,1,2025-09-09,Poland,Turkey,82.651616,96.950684
3371,2,1,2025-09-09,Lithuania,Greece,81.480324,83.514044
3371,3,1,2025-09-10,Finland,Georgia,109.07377,83.960831
3371,4,1,2025-09-10,Germany,Slovenia,97.254845,75.638351
3372,1,1,2025-09-09,Poland,Turkey,95.405444,103.1328
3372,2,1,2025-09-09,Lithuania,Greece,82.757723,88.537976
3372,3,1,2025-09-10,Finland,Georgia,105.51171,79.967875
3372,4,1,2025-09-10,Germany,Slovenia,91.805982,78.700248
3373,1,1,2025-09-09,Poland,Turkey,100.11782,117.11259
3373,2,1,2025-09-09,Lithuania,Greece,87.823605,62.423521
3373,3,1,2025-09-10,Finland,Georgia,112.38227,74.226631
3373,4,1,2025-09-10,Germany,Slovenia,127.67606,80.171288
3374,1,1,2025-09-09,Poland,Turkey,82.199359,83.30325
3374,2,1,2025-09-09,Lithuania,Greece,89.441338,71.449712
3374,3,1,2025-09-10,Finland,Georgia,85.143127,95.893687
3374,4,1,2025-09-10,Germany,Slovenia,72.806222,77.241165
3375,1,1,2025-09-09,Poland,Turkey,59.976843,90.564493
3375,2,1,2025-09-09,Lithuania,Greece,87.27008,76.051823
3375,3,1,2025-09-10,Finland,Georgia,107.86013,75.001822
3375,4,1,2025-09-10,Germany,Slovenia,101.12328,101.22559
3376,1,1,2025-09-09,Poland,Turkey,83.203566,107.17648
3376,2,1,2025-09-09,Lithuania,Greece,118.4368,81.656683
3376,3,1,2025-09-10,Finland,Georgia,105.41309,71.357006
3376,4,1,2025-09-10,Germany,Slovenia,115.45349,73.778255
3377,1,1,2025-09-09,Poland,Turkey,71.497578,80.942713
3377,2,1,2025-09-09,Lithuania,Greece,88.94027,72.741289
3377,3,1,2025-09-10,Finland,Georgia,76.575482,90.023838
3377,4,1,2025-09-10,Germany,Slovenia,95.309972,87.218241
3378,1,1,2025-09-09,Poland,Turkey,68.989928,92.51762
3378,2,1,2025-09-09,Lithuania,Greece,77.367184,61.015078
3378,3,1,2025-09-10,Finland,Georgia,94.923709,96.584463
3378,4,1,2025-09-10,Germany,Slovenia,87.00257,85.950772
3379,1,1,2025-09-09,Poland,Turkey,68.328283,86.977336
3379,2,1,2025-09-09,Lithuania,Greece,89.26881,73.999668
3379,3,1,2025-09-10,Finland,Georgia,86.76387,64.642275
3379,4,1,2025-09-10,Germany,Slovenia,88.157399,77.349659
3380,1,1,2025-09-09,Poland,Turkey,81.761099,83.304654
3380,2,1,2025-09-09,Lithuania,Greece,113.96891,103.77432
3380,3,1,2025-09-10,Finland,Georgia,90.938046,68.21233
3380,4,1,2025-09-10,Germany,Slovenia,95.458279,83.772189
3381,1,1,2025-09-09,Poland,Turkey,74.685713,90.253421
3381,2,1,2025-09-09,Lithuania,Greece,99.942813,70.64408
3381,3,1,2025-09-10,Finland,Georgia,98.833916,61.520127
3381,4,1,2025-09-10,Germany,Slovenia,98.203307,66.681865
3382,1,1,2025-09-09,Poland,Turkey,86.963495,67.879248
3382,2,1,2025-09-09,Lithuania,Greece,84.406062,82.664167
3382,3,1,2025-09-10,Finland,Georgia,100.38571,71.985839
3382,4,1,2025-09-10,Germany,Slovenia,104.9709,73.736196
3383,1,1,2025-09-09,Poland,Turkey,69.000574,103.36121
3383,2,1,2025-09-09,Lithuania,Greece,84.571855,64.372548
3383,3,1,2025-09-10,Finland,Georgia,92.760775,68.255544
3383,4,1,2025-09-10,Germany,Slovenia,107.62339,87.760346
3384,1,1,2025-09-09,Poland,Turkey,61.91391,90.244558
3384,2,1,2025-09-09,Lithuania,Greece,101.8205,97.330722
3384,3,1,2025-09-10,Finland,Georgia,116.36513,73.281357
3384,4,1,2025-09-10,Germany,Slovenia,101.18092,95.028709
3385,1,1,2025-09-09,Poland,Turkey,76.444159,93.201675
3385,2,1,2025-09-09,Lithuania,Greece,82.994469,69.299601
3385,3,1,2025-09-10,Finland,Georgia,82.506294,75.289313
3385,4,1,2025-09-10,Germany,Slovenia,105.16521,92.969201
3386,1,1,2025-09-09,Poland,Turkey,55.860174,79.760896
3386,2,1,2025-09-09,Lithuania,Greece,99.336129,83.298434
3386,3,1,2025-09-10,Finland,Georgia,109.73586,73.748554
3386,4,1,2025-09-10,Germany,Slovenia,118.36477,95.60638
3387,1,1,2025-09-09,Poland,Turkey,77.2113,75.320584
3387,2,1,2025-09-09,Lithuania,Greece,83.357189,89.635422
3387,3,1,2025-09-10,Finland,Georgia,91.760181,48.139582
3387,4,1,2025-09-10,Germany,Slovenia,104.97438,102.61788
3388,1,1,2025-09-09,Poland,Turkey,87.50195,97.776516
3388,2,1,2025-09-09,Lithuania,Greece,83.1109,88.685375
3388,3,1,2025-09-10,Finland,Georgia,106.75053,61.190571
3388,4,1,2025-09-10,Germany,Slovenia,76.418437,90.777491
3389,1,1,2025-09-09,Poland,Turkey,90.072595,99.498218
3389,2,1,2025-09-09,Lithuania,Greece,108.60126,53.967618
3389,3,1,2025-09-10,Finland,Georgia,91.444832,81.862937
3389,4,1,2025-09-10,Germany,Slovenia,95.912718,67.133195
3390,1,1,2025-09-09,Poland,Turkey,71.514831,103.87822
3390,2,1,2025-09-09,Lithuania,Greece,69.788348,65.585805
3390,3,1,2025-09-10,Finland,Georgia,100.01078,67.582109
3390,4,1,2025-09-10,Germany,Slovenia,85.654025,73.871704
3391,1,1,2025-09-09,Poland,Turkey,59.276609,87.143623
3391,2,1,2025-09-09,Lithuania,Greece,99.310943,68.240901
3391,3,1,2025-09-10,Finland,Georgia,91.836524,62.486496
3391,4,1,2025-09-10,Germany,Slovenia,117.38301,89.831974
3392,1,1,2025-09-09,Poland,Turkey,93.151608,94.041945
3392,2,1,2025-09-09,Lithuania,Greece,93.991782,84.753404
3392,3,1,2025-09-10,Finland,Georgia,93.653673,72.841502
3392,4,1,2025-09-10,Germany,Slovenia,119.94532,99.770431
3393,1,1,2025-09-09,Poland,Turkey,80.451964,75.078267
3393,2,1,2025-09-09,Lithuania,Greece,111.192,85.139989
3393,3,1,2025-09-10,Finland,Georgia,95.474216,60.785768
3393,4,1,2025-09-10,Germany,Slovenia,98.811303,85.472275
3394,1,1,2025-09-09,Poland,Turkey,85.255823,98.028393
3394,2,1,2025-09-09,Lithuania,Greece,66.571738,75.589911
3394,3,1,2025-09-10,Finland,Georgia,112.60412,90.442012
3394,4,1,2025-09-10,Germany,Slovenia,109.85904,86.42063
3395,1,1,2025-09-09,Poland,Turkey,73.017512,102.20768
3395,2,1,2025-09-09,Lithuania,Greece,79.862587,76.599066
3395,3,1,2025-09-10,Finland,Georgia,86.137412,85.085364
3395,4,1,2025-09-10,Germany,Slovenia,70.492035,88.310861
3396,1,1,2025-09-09,Poland,Turkey,77.61519,83.540368
3396,2,1,2025-09-09,Lithuania,Greece,90.005022,76.105314
3396,3,1,2025-09-10,Finland,Georgia,72.268906,73.971525
3396,4,1,2025-09-10,Germany,Slovenia,87.629463,94.548772
3397,1,1,2025-09-09,Poland,Turkey,90.581867,80.751863
3397,2,1,2025-09-09,Lithuania,Greece,72.960739,70.908774
3397,3,1,2025-09-10,Finland,Georgia,96.063265,84.939646
3397,4,1,2025-09-10,Germany,Slovenia,98.881203,95.373339
3398,1,1,2025-09-09,Poland,Turkey,93.70122,83.306678
3398,2,1,2025-09-09,Lithuania,Greece,75.856586,89.142363
3398,3,1,2025-09-10,Finland,Georgia,82.432667,69.576806
3398,4,1,2025-09-10,Germany,Slovenia,115.3104,90.114926
3399,1,1,2025-09-09,Poland,Turkey,77.418037,90.098148
3399,2,1,2025-09-09,Lithuania,Greece,73.973621,62.741894
3399,3,1,2025-09-10,Finland,Georgia,102.78522,95.886181
3399,4,1,2025-09-10,Germany,Slovenia,117.23702,71.563065
3400,1,1,2025-09-09,Poland,Turkey,66.297838,96.651004
3400,2,1,2025-09-09,Lithuania,Greece,91.29917,78.978595
3400,3,1,2025-09-10,Finland,Georgia,93.30994,66.819521
3400,4,1,2025-09-10,Germany,Slovenia,110.4097,104.48219
3401,1,1,2025-09-09,Poland,Turkey,75.991603,93.118087
3401,2,1,2025-09-09,Lithuania,Greece,97.130719,85.513614
3401,3,1,2025-09-10,Finland,Georgia,101.573,93.959505
3401,4,1,2025-09-10,Germany,Slovenia,111.4284,92.301328
3402,1,1,2025-09-09,Poland,Turkey,83.983478,88.065337
3402,2,1,2025-09-09,Lithuania,Greece,93.589118,64.453604
3402,3,1,2025-09-10,Finland,Georgia,111.30218,80.560896
3402,4,1,2025-09-10,Germany,Slovenia,110.82719,87.472059
3403,1,1,2025-09-09,Poland,Turkey,68.91778,83.345623
3403,2,1,2025-09-09,Lithuania,Greece,67.470303,74.236768
3403,3,1,2025-09-10,Finland,Georgia,92.656148,60.891569
3403,4,1,2025-09-10,Germany,Slovenia,94.522552,90.431744
3404,1,1,2025-09-09,Poland,Turkey,72.284324,84.127785
3404,2,1,2025-09-09,Lithuania,Greece,81.218202,65.410069
3404,3,1,2025-09-10,Finland,Georgia,96.667741,67.807015
3404,4,1,2025-09-10,Germany,Slovenia,109.42855,82.401834
3405,1,1,2025-09-09,Poland,Turkey,61.230362,90.052603
3405,2,1,2025-09-09,Lithuania,Greece,90.422894,97.800118
3405,3,1,2025-09-10,Finland,Georgia,75.356717,62.511415
3405,4,1,2025-09-10,Germany,Slovenia,101.16475,74.336414
3406,1,1,2025-09-09,Poland,Turkey,77.2712,94.638275
3406,2,1,2025-09-09,Lithuania,Greece,93.108547,74.79294
3406,3,1,2025-09-10,Finland,Georgia,94.238845,73.705851
3406,4,1,2025-09-10,Germany,Slovenia,91.217359,85.456993
3407,1,1,2025-09-09,Poland,Turkey,93.578072,108.92094
3407,2,1,2025-09-09,Lithuania,Greece,77.867169,58.192555
3407,3,1,2025-09-10,Finland,Georgia,88.908734,75.665184
3407,4,1,2025-09-10,Germany,Slovenia,101.27262,87.453631
3408,1,1,2025-09-09,Poland,Turkey,79.625732,85.648153
3408,2,1,2025-09-09,Lithuania,Greece,79.797839,76.277333
3408,3,1,2025-09-10,Finland,Georgia,104.34277,87.869845
3408,4,1,2025-09-10,Germany,Slovenia,93.723955,76.151147
3409,1,1,2025-09-09,Poland,Turkey,79.156681,98.985912
3409,2,1,2025-09-09,Lithuania,Greece,84.192912,67.074355
3409,3,1,2025-09-10,Finland,Georgia,86.563092,92.103681
3409,4,1,2025-09-10,Germany,Slovenia,103.70835,75.893041
3410,1,1,2025-09-09,Poland,Turkey,75.045706,75.085683
3410,2,1,2025-09-09,Lithuania,Greece,78.682533,82.454107
3410,3,1,2025-09-10,Finland,Georgia,107.15317,84.052758
3410,4,1,2025-09-10,Germany,Slovenia,103.05069,86.405872
3411,1,1,2025-09-09,Poland,Turkey,74.990803,79.347194
3411,2,1,2025-09-09,Lithuania,Greece,93.592121,74.576194
3411,3,1,2025-09-10,Finland,Georgia,98.449038,75.243512
3411,4,1,2025-09-10,Germany,Slovenia,95.034997,83.349594
3412,1,1,2025-09-09,Poland,Turkey,61.089973,85.915789
3412,2,1,2025-09-09,Lithuania,Greece,81.205435,78.181801
3412,3,1,2025-09-10,Finland,Georgia,113.35453,53.355167
3412,4,1,2025-09-10,Germany,Slovenia,96.65677,92.056323
3413,1,1,2025-09-09,Poland,Turkey,84.917948,85.330744
3413,2,1,2025-09-09,Lithuania,Greece,82.19903,61.153689
3413,3,1,2025-09-10,Finland,Georgia,100.92758,77.456661
3413,4,1,2025-09-10,Germany,Slovenia,104.27194,91.359252
3414,1,1,2025-09-09,Poland,Turkey,81.531349,84.571927
3414,2,1,2025-09-09,Lithuania,Greece,109.09267,79.178495
3414,3,1,2025-09-10,Finland,Georgia,85.322435,84.199447
3414,4,1,2025-09-10,Germany,Slovenia,140.817,105.7396
3415,1,1,2025-09-09,Poland,Turkey,86.775205,80.459897
3415,2,1,2025-09-09,Lithuania,Greece,101.86149,75.161526
3415,3,1,2025-09-10,Finland,Georgia,89.132706,70.359783
3415,4,1,2025-09-10,Germany,Slovenia,104.95877,92.722612
3416,1,1,2025-09-09,Poland,Turkey,80.565908,96.513689
3416,2,1,2025-09-09,Lithuania,Greece,87.58848,75.517284
3416,3,1,2025-09-10,Finland,Georgia,98.610583,79.840368
3416,4,1,2025-09-10,Germany,Slovenia,96.837108,83.462731
3417,1,1,2025-09-09,Poland,Turkey,92.439222,85.230255
3417,2,1,2025-09-09,Lithuania,Greece,99.048933,71.106798
3417,3,1,2025-09-10,Finland,Georgia,145.74247,86.637978
3417,4,1,2025-09-10,Germany,Slovenia,95.827115,88.210941
3418,1,1,2025-09-09,Poland,Turkey,69.383371,92.496446
3418,2,1,2025-09-09,Lithuania,Greece,86.789098,56.04738
3418,3,1,2025-09-10,Finland,Georgia,86.993168,92.701836
3418,4,1,2025-09-10,Germany,Slovenia,102.06902,91.109933
3419,1,1,2025-09-09,Poland,Turkey,57.065879,94.300843
3419,2,1,2025-09-09,Lithuania,Greece,98.195302,80.937564
3419,3,1,2025-09-10,Finland,Georgia,97.959918,77.932427
3419,4,1,2025-09-10,Germany,Slovenia,101.9336,85.976938
3420,1,1,2025-09-09,Poland,Turkey,77.138666,100.26352
3420,2,1,2025-09-09,Lithuania,Greece,72.687865,68.631783
3420,3,1,2025-09-10,Finland,Georgia,87.384437,64.39534
3420,4,1,2025-09-10,Germany,Slovenia,101.34559,65.040081
3421,1,1,2025-09-09,Poland,Turkey,94.325706,84.492643
3421,2,1,2025-09-09,Lithuania,Greece,94.858743,91.224941
3421,3,1,2025-09-10,Finland,Georgia,93.53488,75.443667
3421,4,1,2025-09-10,Germany,Slovenia,99.576003,96.341397
3422,1,1,2025-09-09,Poland,Turkey,50.732257,84.208136
3422,2,1,2025-09-09,Lithuania,Greece,80.730787,76.990583
3422,3,1,2025-09-10,Finland,Georgia,83.161459,62.888761
3422,4,1,2025-09-10,Germany,Slovenia,114.47602,90.45805
3423,1,1,2025-09-09,Poland,Turkey,58.181809,99.739955
3423,2,1,2025-09-09,Lithuania,Greece,89.089433,72.80375
3423,3,1,2025-09-10,Finland,Georgia,93.280473,70.200309
3423,4,1,2025-09-10,Germany,Slovenia,112.462,95.539783
3424,1,1,2025-09-09,Poland,Turkey,67.407783,101.51395
3424,2,1,2025-09-09,Lithuania,Greece,90.732517,86.680125
3424,3,1,2025-09-10,Finland,Georgia,90.147802,81.412494
3424,4,1,2025-09-10,Germany,Slovenia,100.9236,92.119394
3425,1,1,2025-09-09,Poland,Turkey,73.381191,63.136555
3425,2,1,2025-09-09,Lithuania,Greece,108.61103,76.710612
3425,3,1,2025-09-10,Finland,Georgia,92.665001,67.531251
3425,4,1,2025-09-10,Germany,Slovenia,110.86803,89.05342
3426,1,1,2025-09-09,Poland,Turkey,82.914954,90.459323
3426,2,1,2025-09-09,Lithuania,Greece,85.919149,79.140681
3426,3,1,2025-09-10,Finland,Georgia,93.796686,66.349827
3426,4,1,2025-09-10,Germany,Slovenia,97.455428,69.282127
3427,1,1,2025-09-09,Poland,Turkey,68.7873,75.554381
3427,2,1,2025-09-09,Lithuania,Greece,98.022545,86.58836
3427,3,1,2025-09-10,Finland,Georgia,85.46642,95.731465
3427,4,1,2025-09-10,Germany,Slovenia,105.60034,83.320574
3428,1,1,2025-09-09,Poland,Turkey,73.209519,85.023649
3428,2,1,2025-09-09,Lithuania,Greece,93.674244,68.044347
3428,3,1,2025-09-10,Finland,Georgia,88.727311,75.311752
3428,4,1,2025-09-10,Germany,Slovenia,113.02427,94.642689
3429,1,1,2025-09-09,Poland,Turkey,76.742197,99.169099
3429,2,1,2025-09-09,Lithuania,Greece,98.351086,84.613176
3429,3,1,2025-09-10,Finland,Georgia,94.531504,62.19993
3429,4,1,2025-09-10,Germany,Slovenia,100.43195,73.782274
3430,1,1,2025-09-09,Poland,Turkey,88.771891,88.555472
3430,2,1,2025-09-09,Lithuania,Greece,63.041221,62.823996
3430,3,1,2025-09-10,Finland,Georgia,83.678659,73.994748
3430,4,1,2025-09-10,Germany,Slovenia,103.10456,84.134368
3431,1,1,2025-09-09,Poland,Turkey,81.218347,82.562689
3431,2,1,2025-09-09,Lithuania,Greece,63.436361,84.784632
3431,3,1,2025-09-10,Finland,Georgia,91.186513,68.575688
3431,4,1,2025-09-10,Germany,Slovenia,108.15675,91.481873
3432,1,1,2025-09-09,Poland,Turkey,59.067291,81.215592
3432,2,1,2025-09-09,Lithuania,Greece,84.506154,75.858041
3432,3,1,2025-09-10,Finland,Georgia,107.74351,56.660642
3432,4,1,2025-09-10,Germany,Slovenia,88.925091,78.821592
3433,1,1,2025-09-09,Poland,Turkey,76.076711,93.369982
3433,2,1,2025-09-09,Lithuania,Greece,73.118251,75.296266
3433,3,1,2025-09-10,Finland,Georgia,85.539082,81.752875
3433,4,1,2025-09-10,Germany,Slovenia,69.100318,83.749241
3434,1,1,2025-09-09,Poland,Turkey,81.779046,94.672853
3434,2,1,2025-09-09,Lithuania,Greece,80.69468,81.844597
3434,3,1,2025-09-10,Finland,Georgia,90.661952,89.00881
3434,4,1,2025-09-10,Germany,Slovenia,94.508347,91.254561
3435,1,1,2025-09-09,Poland,Turkey,86.89141,84.658892
3435,2,1,2025-09-09,Lithuania,Greece,74.757127,81.52774
3435,3,1,2025-09-10,Finland,Georgia,90.30645,58.840886
3435,4,1,2025-09-10,Germany,Slovenia,105.12028,91.724564
3436,1,1,2025-09-09,Poland,Turkey,62.967349,76.05494
3436,2,1,2025-09-09,Lithuania,Greece,84.219777,68.652833
3436,3,1,2025-09-10,Finland,Georgia,100.09572,85.065212
3436,4,1,2025-09-10,Germany,Slovenia,88.570173,75.179551
3437,1,1,2025-09-09,Poland,Turkey,83.786044,82.532787
3437,2,1,2025-09-09,Lithuania,Greece,90.727575,80.978749
3437,3,1,2025-09-10,Finland,Georgia,94.801833,80.741133
3437,4,1,2025-09-10,Germany,Slovenia,101.10606,105.11303
3438,1,1,2025-09-09,Poland,Turkey,77.475941,93.568497
3438,2,1,2025-09-09,Lithuania,Greece,72.377941,81.549425
3438,3,1,2025-09-10,Finland,Georgia,98.227168,76.583041
3438,4,1,2025-09-10,Germany,Slovenia,111.13488,91.989148
3439,1,1,2025-09-09,Poland,Turkey,74.439167,82.988679
3439,2,1,2025-09-09,Lithuania,Greece,90.719207,73.42949
3439,3,1,2025-09-10,Finland,Georgia,95.938308,63.194858
3439,4,1,2025-09-10,Germany,Slovenia,108.43818,99.694306
3440,1,1,2025-09-09,Poland,Turkey,53.364118,75.674788
3440,2,1,2025-09-09,Lithuania,Greece,67.198399,43.608854
3440,3,1,2025-09-10,Finland,Georgia,112.28102,104.40012
3440,4,1,2025-09-10,Germany,Slovenia,106.9417,93.400521
3441,1,1,2025-09-09,Poland,Turkey,72.184886,76.385888
3441,2,1,2025-09-09,Lithuania,Greece,72.059959,65.155661
3441,3,1,2025-09-10,Finland,Georgia,90.860561,58.052758
3441,4,1,2025-09-10,Germany,Slovenia,92.851559,84.779709
3442,1,1,2025-09-09,Poland,Turkey,94.818232,87.437982
3442,2,1,2025-09-09,Lithuania,Greece,81.02262,71.796715
3442,3,1,2025-09-10,Finland,Georgia,97.860211,84.610095
3442,4,1,2025-09-10,Germany,Slovenia,122.29822,97.762174
3443,1,1,2025-09-09,Poland,Turkey,100.91012,96.603233
3443,2,1,2025-09-09,Lithuania,Greece,54.128803,54.619338
3443,3,1,2025-09-10,Finland,Georgia,89.185842,64.20027
3443,4,1,2025-09-10,Germany,Slovenia,87.11601,78.973117
3444,1,1,2025-09-09,Poland,Turkey,77.64532,70.244493
3444,2,1,2025-09-09,Lithuania,Greece,92.626023,84.940156
3444,3,1,2025-09-10,Finland,Georgia,87.06699,75.839292
3444,4,1,2025-09-10,Germany,Slovenia,97.85186,93.080472
3445,1,1,2025-09-09,Poland,Turkey,68.713376,90.721988
3445,2,1,2025-09-09,Lithuania,Greece,91.879281,103.16933
3445,3,1,2025-09-10,Finland,Georgia,98.875252,60.035157
3445,4,1,2025-09-10,Germany,Slovenia,105.24251,74.063442
3446,1,1,2025-09-09,Poland,Turkey,83.203773,99.516256
3446,2,1,2025-09-09,Lithuania,Greece,95.622608,78.073868
3446,3,1,2025-09-10,Finland,Georgia,80.014133,66.698186
3446,4,1,2025-09-10,Germany,Slovenia,96.625808,90.761838
3447,1,1,2025-09-09,Poland,Turkey,85.92436,101.54204
3447,2,1,2025-09-09,Lithuania,Greece,93.136028,87.73323
3447,3,1,2025-09-10,Finland,Georgia,92.871865,66.708893
3447,4,1,2025-09-10,Germany,Slovenia,111.45035,74.667526
3448,1,1,2025-09-09,Poland,Turkey,83.879058,72.694035
3448,2,1,2025-09-09,Lithuania,Greece,96.25985,89.061691
3448,3,1,2025-09-10,Finland,Georgia,115.22415,78.331237
3448,4,1,2025-09-10,Germany,Slovenia,87.413718,81.298475
3449,1,1,2025-09-09,Poland,Turkey,73.948652,90.162368
3449,2,1,2025-09-09,Lithuania,Greece,83.193403,76.946888
3449,3,1,2025-09-10,Finland,Georgia,89.938967,81.373965
3449,4,1,2025-09-10,Germany,Slovenia,91.621489,93.235154
3450,1,1,2025-09-09,Poland,Turkey,78.379852,96.485549
3450,2,1,2025-09-09,Lithuania,Greece,83.019917,88.275818
3450,3,1,2025-09-10,Finland,Georgia,90.351792,81.779247
3450,4,1,2025-09-10,Germany,Slovenia,101.32679,84.356013
3451,1,1,2025-09-09,Poland,Turkey,77.42763,65.599204
3451,2,1,2025-09-09,Lithuania,Greece,79.252928,60.825663
3451,3,1,2025-09-10,Finland,Georgia,82.702699,87.804315
3451,4,1,2025-09-10,Germany,Slovenia,117.91154,90.522394
3452,1,1,2025-09-09,Poland,Turkey,85.506897,108.76579
3452,2,1,2025-09-09,Lithuania,Greece,81.899021,83.0742
3452,3,1,2025-09-10,Finland,Georgia,86.15194,76.092445
3452,4,1,2025-09-10,Germany,Slovenia,84.422989,85.574084
3453,1,1,2025-09-09,Poland,Turkey,87.56328,88.640876
3453,2,1,2025-09-09,Lithuania,Greece,89.947249,74.881555
3453,3,1,2025-09-10,Finland,Georgia,97.008146,89.256513
3453,4,1,2025-09-10,Germany,Slovenia,112.96481,85.190295
3454,1,1,2025-09-09,Poland,Turkey,76.638525,97.306428
3454,2,1,2025-09-09,Lithuania,Greece,63.491011,73.863954
3454,3,1,2025-09-10,Finland,Georgia,103.79226,84.338932
3454,4,1,2025-09-10,Germany,Slovenia,91.470355,101.89794
3455,1,1,2025-09-09,Poland,Turkey,92.981007,96.96572
3455,2,1,2025-09-09,Lithuania,Greece,81.297426,80.014428
3455,3,1,2025-09-10,Finland,Georgia,96.114242,77.460441
3455,4,1,2025-09-10,Germany,Slovenia,105.0915,80.81569
3456,1,1,2025-09-09,Poland,Turkey,85.376637,90.340415
3456,2,1,2025-09-09,Lithuania,Greece,96.409187,54.208808
3456,3,1,2025-09-10,Finland,Georgia,103.33546,69.684676
3456,4,1,2025-09-10,Germany,Slovenia,108.44722,83.961585
3457,1,1,2025-09-09,Poland,Turkey,60.029532,100.64162
3457,2,1,2025-09-09,Lithuania,Greece,104.53595,95.311984
3457,3,1,2025-09-10,Finland,Georgia,111.55892,69.072359
3457,4,1,2025-09-10,Germany,Slovenia,105.75361,86.049124
3458,1,1,2025-09-09,Poland,Turkey,82.662122,71.112678
3458,2,1,2025-09-09,Lithuania,Greece,87.791931,74.168149
3458,3,1,2025-09-10,Finland,Georgia,90.225837,71.912969
3458,4,1,2025-09-10,Germany,Slovenia,90.099542,77.38616
3459,1,1,2025-09-09,Poland,Turkey,79.352482,99.431631
3459,2,1,2025-09-09,Lithuania,Greece,84.649242,80.802802
3459,3,1,2025-09-10,Finland,Georgia,82.551378,73.194602
3459,4,1,2025-09-10,Germany,Slovenia,99.483075,84.805879
3460,1,1,2025-09-09,Poland,Turkey,82.138674,86.506546
3460,2,1,2025-09-09,Lithuania,Greece,96.123279,78.374533
3460,3,1,2025-09-10,Finland,Georgia,106.97815,103.14586
3460,4,1,2025-09-10,Germany,Slovenia,107.46528,78.54213
3461,1,1,2025-09-09,Poland,Turkey,88.472881,72.665762
3461,2,1,2025-09-09,Lithuania,Greece,93.251799,72.881689
3461,3,1,2025-09-10,Finland,Georgia,112.65232,67.021152
3461,4,1,2025-09-10,Germany,Slovenia,97.849695,93.2243
3462,1,1,2025-09-09,Poland,Turkey,84.058546,104.57635
3462,2,1,2025-09-09,Lithuania,Greece,97.267489,72.543606
3462,3,1,2025-09-10,Finland,Georgia,79.620276,65.278207
3462,4,1,2025-09-10,Germany,Slovenia,73.686834,73.323052
3463,1,1,2025-09-09,Poland,Turkey,88.292554,90.418574
3463,2,1,2025-09-09,Lithuania,Greece,92.459501,64.857443
3463,3,1,2025-09-10,Finland,Georgia,100.9936,79.947258
3463,4,1,2025-09-10,Germany,Slovenia,96.596708,80.295658
3464,1,1,2025-09-09,Poland,Turkey,88.23187,101.22159
3464,2,1,2025-09-09,Lithuania,Greece,74.601358,79.303096
3464,3,1,2025-09-10,Finland,Georgia,107.62587,65.432306
3464,4,1,2025-09-10,Germany,Slovenia,103.65609,76.13153
3465,1,1,2025-09-09,Poland,Turkey,64.937344,91.952711
3465,2,1,2025-09-09,Lithuania,Greece,100.7585,73.788024
3465,3,1,2025-09-10,Finland,Georgia,113.17149,76.111379
3465,4,1,2025-09-10,Germany,Slovenia,112.63622,97.184041
3466,1,1,2025-09-09,Poland,Turkey,68.219306,88.580871
3466,2,1,2025-09-09,Lithuania,Greece,90.07253,71.291283
3466,3,1,2025-09-10,Finland,Georgia,122.98142,83.432524
3466,4,1,2025-09-10,Germany,Slovenia,115.99763,66.659851
3467,1,1,2025-09-09,Poland,Turkey,73.69751,85.554457
3467,2,1,2025-09-09,Lithuania,Greece,81.407814,86.82782
3467,3,1,2025-09-10,Finland,Georgia,102.69882,87.380164
3467,4,1,2025-09-10,Germany,Slovenia,110.80332,90.899138
3468,1,1,2025-09-09,Poland,Turkey,87.263097,99.019504
3468,2,1,2025-09-09,Lithuania,Greece,91.715742,83.186443
3468,3,1,2025-09-10,Finland,Georgia,93.407403,83.728128
3468,4,1,2025-09-10,Germany,Slovenia,79.855954,66.529848
3469,1,1,2025-09-09,Poland,Turkey,98.03763,106.8757
3469,2,1,2025-09-09,Lithuania,Greece,86.657139,74.056915
3469,3,1,2025-09-10,Finland,Georgia,90.778993,92.635701
3469,4,1,2025-09-10,Germany,Slovenia,109.00554,79.638523
3470,1,1,2025-09-09,Poland,Turkey,70.351167,91.160591
3470,2,1,2025-09-09,Lithuania,Greece,89.553471,96.996645
3470,3,1,2025-09-10,Finland,Georgia,84.161889,56.504539
3470,4,1,2025-09-10,Germany,Slovenia,96.206403,84.036703
3471,1,1,2025-09-09,Poland,Turkey,82.675298,105.81288
3471,2,1,2025-09-09,Lithuania,Greece,70.729632,70.998885
3471,3,1,2025-09-10,Finland,Georgia,102.31152,68.215996
3471,4,1,2025-09-10,Germany,Slovenia,91.202824,106.86034
3472,1,1,2025-09-09,Poland,Turkey,77.134745,72.662852
3472,2,1,2025-09-09,Lithuania,Greece,92.468437,85.359393
3472,3,1,2025-09-10,Finland,Georgia,77.690869,75.976986
3472,4,1,2025-09-10,Germany,Slovenia,113.69032,85.044521
3473,1,1,2025-09-09,Poland,Turkey,70.538949,87.629273
3473,2,1,2025-09-09,Lithuania,Greece,83.240441,74.719401
3473,3,1,2025-09-10,Finland,Georgia,112.39879,75.465966
3473,4,1,2025-09-10,Germany,Slovenia,118.50897,79.222442
3474,1,1,2025-09-09,Poland,Turkey,86.916009,94.937796
3474,2,1,2025-09-09,Lithuania,Greece,100.78082,63.543846
3474,3,1,2025-09-10,Finland,Georgia,83.952235,57.211511
3474,4,1,2025-09-10,Germany,Slovenia,107.03323,86.029485
3475,1,1,2025-09-09,Poland,Turkey,96.473711,101.21433
3475,2,1,2025-09-09,Lithuania,Greece,88.725863,95.473774
3475,3,1,2025-09-10,Finland,Georgia,77.993705,83.391047
3475,4,1,2025-09-10,Germany,Slovenia,97.006964,66.237396
3476,1,1,2025-09-09,Poland,Turkey,65.326629,84.258084
3476,2,1,2025-09-09,Lithuania,Greece,96.68585,91.041383
3476,3,1,2025-09-10,Finland,Georgia,68.955519,46.002866
3476,4,1,2025-09-10,Germany,Slovenia,103.44248,102.78748
3477,1,1,2025-09-09,Poland,Turkey,84.57942,102.30995
3477,2,1,2025-09-09,Lithuania,Greece,85.514493,58.599006
3477,3,1,2025-09-10,Finland,Georgia,96.794107,68.279008
3477,4,1,2025-09-10,Germany,Slovenia,94.763138,89.804457
3478,1,1,2025-09-09,Poland,Turkey,86.540791,103.58409
3478,2,1,2025-09-09,Lithuania,Greece,77.322963,71.295189
3478,3,1,2025-09-10,Finland,Georgia,99.524448,73.368004
3478,4,1,2025-09-10,Germany,Slovenia,101.74729,67.047295
3479,1,1,2025-09-09,Poland,Turkey,69.987599,88.498769
3479,2,1,2025-09-09,Lithuania,Greece,90.126482,62.6462
3479,3,1,2025-09-10,Finland,Georgia,84.016956,54.787465
3479,4,1,2025-09-10,Germany,Slovenia,112.94713,88.083822
3480,1,1,2025-09-09,Poland,Turkey,75.836091,76.957686
3480,2,1,2025-09-09,Lithuania,Greece,74.799815,63.629271
3480,3,1,2025-09-10,Finland,Georgia,89.138559,89.711188
3480,4,1,2025-09-10,Germany,Slovenia,109.04296,96.55523
3481,1,1,2025-09-09,Poland,Turkey,72.406165,88.891994
3481,2,1,2025-09-09,Lithuania,Greece,91.908903,53.599347
3481,3,1,2025-09-10,Finland,Georgia,80.682728,60.645062
3481,4,1,2025-09-10,Germany,Slovenia,94.640827,71.914543
3482,1,1,2025-09-09,Poland,Turkey,79.749577,75.717855
3482,2,1,2025-09-09,Lithuania,Greece,86.938487,70.82033
3482,3,1,2025-09-10,Finland,Georgia,97.75955,76.635144
3482,4,1,2025-09-10,Germany,Slovenia,106.69212,79.65098
3483,1,1,2025-09-09,Poland,Turkey,83.485539,83.424822
3483,2,1,2025-09-09,Lithuania,Greece,96.840856,76.065874
3483,3,1,2025-09-10,Finland,Georgia,100.18826,70.575584
3483,4,1,2025-09-10,Germany,Slovenia,82.062094,82.065106
3484,1,1,2025-09-09,Poland,Turkey,76.774901,85.953744
3484,2,1,2025-09-09,Lithuania,Greece,90.614084,77.513383
3484,3,1,2025-09-10,Finland,Georgia,100.85943,79.042721
3484,4,1,2025-09-10,Germany,Slovenia,96.035327,94.040422
3485,1,1,2025-09-09,Poland,Turkey,68.655745,90.623585
3485,2,1,2025-09-09,Lithuania,Greece,73.859686,80.010578
3485,3,1,2025-09-10,Finland,Georgia,91.978683,89.307328
3485,4,1,2025-09-10,Germany,Slovenia,104.3468,82.26446
3486,1,1,2025-09-09,Poland,Turkey,68.783143,89.061046
3486,2,1,2025-09-09,Lithuania,Greece,89.624734,71.734621
3486,3,1,2025-09-10,Finland,Georgia,97.318489,80.479654
3486,4,1,2025-09-10,Germany,Slovenia,103.20931,75.954734
3487,1,1,2025-09-09,Poland,Turkey,69.300762,82.555667
3487,2,1,2025-09-09,Lithuania,Greece,74.719387,77.144764
3487,3,1,2025-09-10,Finland,Georgia,98.013409,61.101807
3487,4,1,2025-09-10,Germany,Slovenia,109.89146,86.72988
3488,1,1,2025-09-09,Poland,Turkey,75.364652,97.66933
3488,2,1,2025-09-09,Lithuania,Greece,83.167092,76.230079
3488,3,1,2025-09-10,Finland,Georgia,76.106349,85.309156
3488,4,1,2025-09-10,Germany,Slovenia,104.21628,94.906075
3489,1,1,2025-09-09,Poland,Turkey,68.539008,91.822812
3489,2,1,2025-09-09,Lithuania,Greece,85.346511,62.79655
3489,3,1,2025-09-10,Finland,Georgia,106.97272,76.987491
3489,4,1,2025-09-10,Germany,Slovenia,82.418086,100.14531
3490,1,1,2025-09-09,Poland,Turkey,74.196005,92.220015
3490,2,1,2025-09-09,Lithuania,Greece,78.838629,81.359286
3490,3,1,2025-09-10,Finland,Georgia,94.864213,75.937113
3490,4,1,2025-09-10,Germany,Slovenia,103.76768,87.379803
3491,1,1,2025-09-09,Poland,Turkey,72.814919,69.105458
3491,2,1,2025-09-09,Lithuania,Greece,95.543728,76.30426
3491,3,1,2025-09-10,Finland,Georgia,114.18684,61.994806
3491,4,1,2025-09-10,Germany,Slovenia,97.37192,72.398087
3492,1,1,2025-09-09,Poland,Turkey,74.337705,103.10653
3492,2,1,2025-09-09,Lithuania,Greece,91.038004,78.006833
3492,3,1,2025-09-10,Finland,Georgia,103.13956,79.598099
3492,4,1,2025-09-10,Germany,Slovenia,118.87107,107.78632
3493,1,1,2025-09-09,Poland,Turkey,81.731641,79.492512
3493,2,1,2025-09-09,Lithuania,Greece,87.300275,70.734412
3493,3,1,2025-09-10,Finland,Georgia,97.129558,65.169454
3493,4,1,2025-09-10,Germany,Slovenia,83.174659,81.455279
3494,1,1,2025-09-09,Poland,Turkey,78.678615,91.163701
3494,2,1,2025-09-09,Lithuania,Greece,82.934452,72.149724
3494,3,1,2025-09-10,Finland,Georgia,104.81713,68.970942
3494,4,1,2025-09-10,Germany,Slovenia,111.63711,94.562834
3495,1,1,2025-09-09,Poland,Turkey,70.396035,94.766452
3495,2,1,2025-09-09,Lithuania,Greece,89.795076,69.472115
3495,3,1,2025-09-10,Finland,Georgia,103.07418,76.710085
3495,4,1,2025-09-10,Germany,Slovenia,97.86107,79.102221
3496,1,1,2025-09-09,Poland,Turkey,79.415369,82.002475
3496,2,1,2025-09-09,Lithuania,Greece,97.356433,82.959079
3496,3,1,2025-09-10,Finland,Georgia,95.6809,103.17656
3496,4,1,2025-09-10,Germany,Slovenia,109.19593,75.603694
3497,1,1,2025-09-09,Poland,Turkey,89.795901,76.827701
3497,2,1,2025-09-09,Lithuania,Greece,77.400642,75.415569
3497,3,1,2025-09-10,Finland,Georgia,96.15695,48.68864
3497,4,1,2025-09-10,Germany,Slovenia,90.079892,76.165656
3498,1,1,2025-09-09,Poland,Turkey,85.027389,87.663731
3498,2,1,2025-09-09,Lithuania,Greece,85.237776,93.335933
3498,3,1,2025-09-10,Finland,Georgia,86.41344,64.629103
3498,4,1,2025-09-10,Germany,Slovenia,105.7278,88.926512
3499,1,1,2025-09-09,Poland,Turkey,80.561371,86.958272
3499,2,1,2025-09-09,Lithuania,Greece,118.52734,85.802455
3499,3,1,2025-09-10,Finland,Georgia,107.07535,77.983239
3499,4,1,2025-09-10,Germany,Slovenia,111.48029,70.758159
3500,1,1,2025-09-09,Poland,Turkey,55.361534,91.504936
3500,2,1,2025-09-09,Lithuania,Greece,102.55375,69.556909
3500,3,1,2025-09-10,Finland,Georgia,107.82003,85.41432
3500,4,1,2025-09-10,Germany,Slovenia,91.695755,58.215065
3501,1,1,2025-09-09,Poland,Turkey,80.350887,105.47171
3501,2,1,2025-09-09,Lithuania,Greece,89.678684,60.17964
3501,3,1,2025-09-10,Finland,Georgia,101.81612,102.98959
3501,4,1,2025-09-10,Germany,Slovenia,98.654125,89.742593
3502,1,1,2025-09-09,Poland,Turkey,80.360831,89.304602
3502,2,1,2025-09-09,Lithuania,Greece,89.835534,71.522727
3502,3,1,2025-09-10,Finland,Georgia,103.21299,81.221506
3502,4,1,2025-09-10,Germany,Slovenia,105.52735,85.20698
3503,1,1,2025-09-09,Poland,Turkey,87.430909,90.303009
3503,2,1,2025-09-09,Lithuania,Greece,83.828039,69.538283
3503,3,1,2025-09-10,Finland,Georgia,96.579085,71.091334
3503,4,1,2025-09-10,Germany,Slovenia,113.22754,92.828229
3504,1,1,2025-09-09,Poland,Turkey,87.627365,82.067486
3504,2,1,2025-09-09,Lithuania,Greece,90.980816,89.867145
3504,3,1,2025-09-10,Finland,Georgia,87.608938,86.221865
3504,4,1,2025-09-10,Germany,Slovenia,105.38355,74.084212
3505,1,1,2025-09-09,Poland,Turkey,78.363611,93.310853
3505,2,1,2025-09-09,Lithuania,Greece,97.594956,98.722388
3505,3,1,2025-09-10,Finland,Georgia,104.62629,77.809993
3505,4,1,2025-09-10,Germany,Slovenia,122.64303,90.387955
3506,1,1,2025-09-09,Poland,Turkey,90.080524,103.09506
3506,2,1,2025-09-09,Lithuania,Greece,95.933054,83.355734
3506,3,1,2025-09-10,Finland,Georgia,86.791171,73.035717
3506,4,1,2025-09-10,Germany,Slovenia,101.63132,109.16481
3507,1,1,2025-09-09,Poland,Turkey,77.1373,75.033788
3507,2,1,2025-09-09,Lithuania,Greece,90.676228,98.113879
3507,3,1,2025-09-10,Finland,Georgia,113.47187,65.505694
3507,4,1,2025-09-10,Germany,Slovenia,96.763668,93.839931000000007
3508,1,1,2025-09-09,Poland,Turkey,80.205413,79.006577
3508,2,1,2025-09-09,Lithuania,Greece,104.06393,69.355636
3508,3,1,2025-09-10,Finland,Georgia,112.441,68.574003
3508,4,1,2025-09-10,Germany,Slovenia,113.83994,90.404105
3509,1,1,2025-09-09,Poland,Turkey,68.365116,102.26623
3509,2,1,2025-09-09,Lithuania,Greece,69.187346,65.269545
3509,3,1,2025-09-10,Finland,Georgia,98.288628,62.804545
3509,4,1,2025-09-10,Germany,Slovenia,109.59014,100.11378
3510,1,1,2025-09-09,Poland,Turkey,73.88615,103.41064
3510,2,1,2025-09-09,Lithuania,Greece,91.284012,81.803975
3510,3,1,2025-09-10,Finland,Georgia,112.74671,102.06629
3510,4,1,2025-09-10,Germany,Slovenia,98.640607,83.206203
3511,1,1,2025-09-09,Poland,Turkey,64.515991,108.75702
3511,2,1,2025-09-09,Lithuania,Greece,85.943317,75.553468
3511,3,1,2025-09-10,Finland,Georgia,78.834915,79.239178
3511,4,1,2025-09-10,Germany,Slovenia,95.173166,109.58067
3512,1,1,2025-09-09,Poland,Turkey,73.522902,81.741985
3512,2,1,2025-09-09,Lithuania,Greece,83.63911,79.631014
3512,3,1,2025-09-10,Finland,Georgia,104.69246,83.643467
3512,4,1,2025-09-10,Germany,Slovenia,103.94209,62.377348
3513,1,1,2025-09-09,Poland,Turkey,69.977312,98.019313
3513,2,1,2025-09-09,Lithuania,Greece,88.348881,82.555942
3513,3,1,2025-09-10,Finland,Georgia,113.65505,88.556541
3513,4,1,2025-09-10,Germany,Slovenia,83.041619,52.022255
3514,1,1,2025-09-09,Poland,Turkey,99.187712,98.916929
3514,2,1,2025-09-09,Lithuania,Greece,116.37232,69.932414
3514,3,1,2025-09-10,Finland,Georgia,101.27109,95.265972
3514,4,1,2025-09-10,Germany,Slovenia,115.84759,94.921658
3515,1,1,2025-09-09,Poland,Turkey,58.704091,93.362164
3515,2,1,2025-09-09,Lithuania,Greece,80.855224,67.262315
3515,3,1,2025-09-10,Finland,Georgia,95.241087,86.703494
3515,4,1,2025-09-10,Germany,Slovenia,121.23232,88.725234
3516,1,1,2025-09-09,Poland,Turkey,89.183083,93.101339
3516,2,1,2025-09-09,Lithuania,Greece,94.575235,78.890492
3516,3,1,2025-09-10,Finland,Georgia,71.872549,59.938932
3516,4,1,2025-09-10,Germany,Slovenia,114.64503,82.838737
3517,1,1,2025-09-09,Poland,Turkey,82.209466,79.696416
3517,2,1,2025-09-09,Lithuania,Greece,83.463765,83.178882
3517,3,1,2025-09-10,Finland,Georgia,113.85357,74.435798
3517,4,1,2025-09-10,Germany,Slovenia,98.627307,74.289084
3518,1,1,2025-09-09,Poland,Turkey,85.146186,83.935089
3518,2,1,2025-09-09,Lithuania,Greece,92.654947,94.534316
3518,3,1,2025-09-10,Finland,Georgia,100.87091,80.358885
3518,4,1,2025-09-10,Germany,Slovenia,93.022996,85.354321
3519,1,1,2025-09-09,Poland,Turkey,84.295533,82.761322
3519,2,1,2025-09-09,Lithuania,Greece,92.579137,72.505768
3519,3,1,2025-09-10,Finland,Georgia,82.137551,67.774329
3519,4,1,2025-09-10,Germany,Slovenia,86.273358,76.640412
3520,1,1,2025-09-09,Poland,Turkey,82.313613,102.24214
3520,2,1,2025-09-09,Lithuania,Greece,86.850155,73.952077
3520,3,1,2025-09-10,Finland,Georgia,102.36077,74.946705
3520,4,1,2025-09-10,Germany,Slovenia,91.815061,68.319819
3521,1,1,2025-09-09,Poland,Turkey,56.091186,84.063642
3521,2,1,2025-09-09,Lithuania,Greece,80.026868,98.90252
3521,3,1,2025-09-10,Finland,Georgia,116.38647,96.683047
3521,4,1,2025-09-10,Germany,Slovenia,94.997774,82.608823
3522,1,1,2025-09-09,Poland,Turkey,83.271245,79.948341
3522,2,1,2025-09-09,Lithuania,Greece,81.889369,101.79338
3522,3,1,2025-09-10,Finland,Georgia,99.975305,83.764104
3522,4,1,2025-09-10,Germany,Slovenia,111.34708,89.637362
3523,1,1,2025-09-09,Poland,Turkey,89.95784,96.552732
3523,2,1,2025-09-09,Lithuania,Greece,87.604518,60.070684
3523,3,1,2025-09-10,Finland,Georgia,96.196035,80.774501
3523,4,1,2025-09-10,Germany,Slovenia,108.87607,93.886063
3524,1,1,2025-09-09,Poland,Turkey,78.539041,101.52716
3524,2,1,2025-09-09,Lithuania,Greece,97.299725,83.230655
3524,3,1,2025-09-10,Finland,Georgia,98.416524,51.158006
3524,4,1,2025-09-10,Germany,Slovenia,114.58797,80.770623
3525,1,1,2025-09-09,Poland,Turkey,67.972079,68.619968
3525,2,1,2025-09-09,Lithuania,Greece,88.444586,71.361697
3525,3,1,2025-09-10,Finland,Georgia,90.930865,79.398119
3525,4,1,2025-09-10,Germany,Slovenia,117.91768,70.152193
3526,1,1,2025-09-09,Poland,Turkey,75.039506,76.618623
3526,2,1,2025-09-09,Lithuania,Greece,74.30646,54.090883
3526,3,1,2025-09-10,Finland,Georgia,88.975548,85.844122
3526,4,1,2025-09-10,Germany,Slovenia,111.75196,95.597946
3527,1,1,2025-09-09,Poland,Turkey,90.024323,66.509243
3527,2,1,2025-09-09,Lithuania,Greece,72.453372,67.643532
3527,3,1,2025-09-10,Finland,Georgia,92.120467,75.423071
3527,4,1,2025-09-10,Germany,Slovenia,106.25651,89.412907
3528,1,1,2025-09-09,Poland,Turkey,65.225376,75.544232
3528,2,1,2025-09-09,Lithuania,Greece,95.397791,70.85019
3528,3,1,2025-09-10,Finland,Georgia,89.876206,71.364312
3528,4,1,2025-09-10,Germany,Slovenia,94.499865,75.437401
3529,1,1,2025-09-09,Poland,Turkey,60.974831,96.699245
3529,2,1,2025-09-09,Lithuania,Greece,88.801774,86.675719
3529,3,1,2025-09-10,Finland,Georgia,88.928795,78.985707
3529,4,1,2025-09-10,Germany,Slovenia,88.474004,69.509101
3530,1,1,2025-09-09,Poland,Turkey,81.452377,89.126802
3530,2,1,2025-09-09,Lithuania,Greece,97.168813,75.395876
3530,3,1,2025-09-10,Finland,Georgia,94.755331,72.731537
3530,4,1,2025-09-10,Germany,Slovenia,110.56942,72.96652
3531,1,1,2025-09-09,Poland,Turkey,70.513053,103.93007
3531,2,1,2025-09-09,Lithuania,Greece,79.062946,77.672513
3531,3,1,2025-09-10,Finland,Georgia,93.603317,72.298532
3531,4,1,2025-09-10,Germany,Slovenia,94.972646,85.594769
3532,1,1,2025-09-09,Poland,Turkey,65.990252,80.290436
3532,2,1,2025-09-09,Lithuania,Greece,100.28946,97.627553
3532,3,1,2025-09-10,Finland,Georgia,114.18666,74.821729
3532,4,1,2025-09-10,Germany,Slovenia,97.758467,80.685961
3533,1,1,2025-09-09,Poland,Turkey,83.610159,82.505329
3533,2,1,2025-09-09,Lithuania,Greece,87.533606,72.409917
3533,3,1,2025-09-10,Finland,Georgia,96.158892,94.506371
3533,4,1,2025-09-10,Germany,Slovenia,87.706366,79.242835
3534,1,1,2025-09-09,Poland,Turkey,78.441761,81.217153
3534,2,1,2025-09-09,Lithuania,Greece,89.334598,73.578019
3534,3,1,2025-09-10,Finland,Georgia,102.596,68.305871
3534,4,1,2025-09-10,Germany,Slovenia,99.37451,80.290003
3535,1,1,2025-09-09,Poland,Turkey,71.220222,89.801632
3535,2,1,2025-09-09,Lithuania,Greece,70.685307,73.069263
3535,3,1,2025-09-10,Finland,Georgia,73.393737,76.177381
3535,4,1,2025-09-10,Germany,Slovenia,95.65376,66.544747
3536,1,1,2025-09-09,Poland,Turkey,102.90119,90.8554
3536,2,1,2025-09-09,Lithuania,Greece,106.3922,80.57521
3536,3,1,2025-09-10,Finland,Georgia,109.1966,83.827211
3536,4,1,2025-09-10,Germany,Slovenia,101.9437,80.925349
3537,1,1,2025-09-09,Poland,Turkey,71.886001,100.87504
3537,2,1,2025-09-09,Lithuania,Greece,85.552896,67.511228
3537,3,1,2025-09-10,Finland,Georgia,98.479806,101.19047
3537,4,1,2025-09-10,Germany,Slovenia,118.93677,78.064543
3538,1,1,2025-09-09,Poland,Turkey,87.612075,89.001358
3538,2,1,2025-09-09,Lithuania,Greece,105.30836,77.93842
3538,3,1,2025-09-10,Finland,Georgia,99.984814,77.73033
3538,4,1,2025-09-10,Germany,Slovenia,74.877598,88.415252
3539,1,1,2025-09-09,Poland,Turkey,85.605032,86.915208
3539,2,1,2025-09-09,Lithuania,Greece,100.48011,53.888542
3539,3,1,2025-09-10,Finland,Georgia,78.923135,78.890911
3539,4,1,2025-09-10,Germany,Slovenia,110.00992,84.621499
3540,1,1,2025-09-09,Poland,Turkey,85.672623,69.281215
3540,2,1,2025-09-09,Lithuania,Greece,78.194255,51.186162
3540,3,1,2025-09-10,Finland,Georgia,108.1512,77.272813
3540,4,1,2025-09-10,Germany,Slovenia,113.1723,81.651862
3541,1,1,2025-09-09,Poland,Turkey,54.398918,94.901912
3541,2,1,2025-09-09,Lithuania,Greece,80.192674,69.861858
3541,3,1,2025-09-10,Finland,Georgia,102.72715,81.182957
3541,4,1,2025-09-10,Germany,Slovenia,113.96177,69.143129
3542,1,1,2025-09-09,Poland,Turkey,94.746165,102.27461
3542,2,1,2025-09-09,Lithuania,Greece,83.166249,78.730388
3542,3,1,2025-09-10,Finland,Georgia,100.87652,73.605006
3542,4,1,2025-09-10,Germany,Slovenia,93.276272,82.791147
3543,1,1,2025-09-09,Poland,Turkey,67.541773,96.855776
3543,2,1,2025-09-09,Lithuania,Greece,83.272852,82.342778
3543,3,1,2025-09-10,Finland,Georgia,92.444978,76.559281
3543,4,1,2025-09-10,Germany,Slovenia,92.731986,89.741939
3544,1,1,2025-09-09,Poland,Turkey,89.566041,87.809057
3544,2,1,2025-09-09,Lithuania,Greece,91.780012,82.172812
3544,3,1,2025-09-10,Finland,Georgia,93.88635,80.562167
3544,4,1,2025-09-10,Germany,Slovenia,81.334397,83.502754
3545,1,1,2025-09-09,Poland,Turkey,59.185666,84.286439
3545,2,1,2025-09-09,Lithuania,Greece,73.420789,80.421163
3545,3,1,2025-09-10,Finland,Georgia,104.42826,88.709472
3545,4,1,2025-09-10,Germany,Slovenia,101.40738,94.74349
3546,1,1,2025-09-09,Poland,Turkey,63.253059,95.044074
3546,2,1,2025-09-09,Lithuania,Greece,83.652659,72.45553
3546,3,1,2025-09-10,Finland,Georgia,92.221448,72.155519
3546,4,1,2025-09-10,Germany,Slovenia,116.38211,81.235415
3547,1,1,2025-09-09,Poland,Turkey,67.428508,95.025719
3547,2,1,2025-09-09,Lithuania,Greece,84.424229,78.547653
3547,3,1,2025-09-10,Finland,Georgia,78.872692,69.026016
3547,4,1,2025-09-10,Germany,Slovenia,104.51591,79.417981
3548,1,1,2025-09-09,Poland,Turkey,73.28239,94.964019
3548,2,1,2025-09-09,Lithuania,Greece,79.382639,62.940744
3548,3,1,2025-09-10,Finland,Georgia,95.407092,61.485755
3548,4,1,2025-09-10,Germany,Slovenia,100.04766,84.16991
3549,1,1,2025-09-09,Poland,Turkey,99.045831,102.79319
3549,2,1,2025-09-09,Lithuania,Greece,86.731209,71.697919
3549,3,1,2025-09-10,Finland,Georgia,81.681748,66.085596
3549,4,1,2025-09-10,Germany,Slovenia,91.908633,82.614612
3550,1,1,2025-09-09,Poland,Turkey,63.917475,94.221245
3550,2,1,2025-09-09,Lithuania,Greece,91.102627,57.257946
3550,3,1,2025-09-10,Finland,Georgia,81.722954,84.747164
3550,4,1,2025-09-10,Germany,Slovenia,93.306585,72.234709
3551,1,1,2025-09-09,Poland,Turkey,85.505714,85.149222
3551,2,1,2025-09-09,Lithuania,Greece,87.923867,73.807665
3551,3,1,2025-09-10,Finland,Georgia,94.621225,83.682387
3551,4,1,2025-09-10,Germany,Slovenia,106.63838,95.046539
3552,1,1,2025-09-09,Poland,Turkey,83.159605,73.744334
3552,2,1,2025-09-09,Lithuania,Greece,84.359361,60.317868
3552,3,1,2025-09-10,Finland,Georgia,103.57078,81.385214
3552,4,1,2025-09-10,Germany,Slovenia,105.90465,91.68669
3553,1,1,2025-09-09,Poland,Turkey,87.579197,100.19363
3553,2,1,2025-09-09,Lithuania,Greece,91.92984,62.027848
3553,3,1,2025-09-10,Finland,Georgia,81.19648,70.135175
3553,4,1,2025-09-10,Germany,Slovenia,107.89038,91.143699
3554,1,1,2025-09-09,Poland,Turkey,100.01182,75.380699
3554,2,1,2025-09-09,Lithuania,Greece,75.482889,91.372797
3554,3,1,2025-09-10,Finland,Georgia,102.34257,64.421179
3554,4,1,2025-09-10,Germany,Slovenia,116.25715,105.49985
3555,1,1,2025-09-09,Poland,Turkey,63.548645,78.68642
3555,2,1,2025-09-09,Lithuania,Greece,74.661455,72.787955
3555,3,1,2025-09-10,Finland,Georgia,105.7097,67.252671
3555,4,1,2025-09-10,Germany,Slovenia,101.61006,76.952603
3556,1,1,2025-09-09,Poland,Turkey,83.442024,83.212351
3556,2,1,2025-09-09,Lithuania,Greece,76.183077,84.561347
3556,3,1,2025-09-10,Finland,Georgia,87.997622,54.65698
3556,4,1,2025-09-10,Germany,Slovenia,108.63578,87.348812
3557,1,1,2025-09-09,Poland,Turkey,87.374341,91.679543
3557,2,1,2025-09-09,Lithuania,Greece,97.12404,76.590639
3557,3,1,2025-09-10,Finland,Georgia,102.15767,60.598108
3557,4,1,2025-09-10,Germany,Slovenia,114.35099,105.22017
3558,1,1,2025-09-09,Poland,Turkey,74.777455,83.402494
3558,2,1,2025-09-09,Lithuania,Greece,79.562943,95.6597
3558,3,1,2025-09-10,Finland,Georgia,86.027893,76.850571
3558,4,1,2025-09-10,Germany,Slovenia,94.468477,81.95385
3559,1,1,2025-09-09,Poland,Turkey,78.808363,90.292624
3559,2,1,2025-09-09,Lithuania,Greece,77.468166,55.475723
3559,3,1,2025-09-10,Finland,Georgia,88.206917,90.428773
3559,4,1,2025-09-10,Germany,Slovenia,110.53899,90.759255
3560,1,1,2025-09-09,Poland,Turkey,94.041513,85.89352
3560,2,1,2025-09-09,Lithuania,Greece,90.763523,88.03788
3560,3,1,2025-09-10,Finland,Georgia,93.845527,100.69435
3560,4,1,2025-09-10,Germany,Slovenia,116.24403,70.643957
3561,1,1,2025-09-09,Poland,Turkey,75.102183,87.218455
3561,2,1,2025-09-09,Lithuania,Greece,76.962396,74.442774
3561,3,1,2025-09-10,Finland,Georgia,91.24001,67.712837
3561,4,1,2025-09-10,Germany,Slovenia,109.85319,92.632499
3562,1,1,2025-09-09,Poland,Turkey,75.381861,112.66612
3562,2,1,2025-09-09,Lithuania,Greece,84.826488,75.950195
3562,3,1,2025-09-10,Finland,Georgia,103.46205,59.75979
3562,4,1,2025-09-10,Germany,Slovenia,102.95864,91.927921
3563,1,1,2025-09-09,Poland,Turkey,76.633393,72.874156
3563,2,1,2025-09-09,Lithuania,Greece,94.342088,83.665851
3563,3,1,2025-09-10,Finland,Georgia,84.307255,67.129226
3563,4,1,2025-09-10,Germany,Slovenia,103.48281,81.214724
3564,1,1,2025-09-09,Poland,Turkey,56.652905,87.75322
3564,2,1,2025-09-09,Lithuania,Greece,71.156593,49.695876
3564,3,1,2025-09-10,Finland,Georgia,51.032599,71.982716
3564,4,1,2025-09-10,Germany,Slovenia,96.164444,69.400636
3565,1,1,2025-09-09,Poland,Turkey,63.612429,87.302506
3565,2,1,2025-09-09,Lithuania,Greece,90.028644,81.520373
3565,3,1,2025-09-10,Finland,Georgia,104.40521,83.95279
3565,4,1,2025-09-10,Germany,Slovenia,109.6745,85.307818
3566,1,1,2025-09-09,Poland,Turkey,94.649158,89.509403
3566,2,1,2025-09-09,Lithuania,Greece,104.73631,63.032256
3566,3,1,2025-09-10,Finland,Georgia,92.076096,64.446333
3566,4,1,2025-09-10,Germany,Slovenia,105.23137,73.280682
3567,1,1,2025-09-09,Poland,Turkey,55.24087,86.186063
3567,2,1,2025-09-09,Lithuania,Greece,99.395992,69.115978
3567,3,1,2025-09-10,Finland,Georgia,91.841493,59.77602
3567,4,1,2025-09-10,Germany,Slovenia,95.717005,79.760129
3568,1,1,2025-09-09,Poland,Turkey,70.227657,86.970231
3568,2,1,2025-09-09,Lithuania,Greece,103.26596,73.524974
3568,3,1,2025-09-10,Finland,Georgia,109.45214,65.638558
3568,4,1,2025-09-10,Germany,Slovenia,94.334413,83.209844
3569,1,1,2025-09-09,Poland,Turkey,89.999501,78.294892
3569,2,1,2025-09-09,Lithuania,Greece,87.855394,67.840644
3569,3,1,2025-09-10,Finland,Georgia,108.67876,75.391562
3569,4,1,2025-09-10,Germany,Slovenia,110.5274,91.415276
3570,1,1,2025-09-09,Poland,Turkey,84.708771,81.288442
3570,2,1,2025-09-09,Lithuania,Greece,96.412693,80.633236
3570,3,1,2025-09-10,Finland,Georgia,97.663435,65.812189
3570,4,1,2025-09-10,Germany,Slovenia,101.08635,66.392955
3571,1,1,2025-09-09,Poland,Turkey,61.045659,74.24277
3571,2,1,2025-09-09,Lithuania,Greece,101.86363,80.377381
3571,3,1,2025-09-10,Finland,Georgia,94.791823,74.065451
3571,4,1,2025-09-10,Germany,Slovenia,91.284073,87.277445
3572,1,1,2025-09-09,Poland,Turkey,79.429591,91.310766
3572,2,1,2025-09-09,Lithuania,Greece,77.164051,62.181087
3572,3,1,2025-09-10,Finland,Georgia,110.59536,84.979345
3572,4,1,2025-09-10,Germany,Slovenia,104.43801,89.658174
3573,1,1,2025-09-09,Poland,Turkey,77.806154,71.15241
3573,2,1,2025-09-09,Lithuania,Greece,94.508534,67.555445
3573,3,1,2025-09-10,Finland,Georgia,102.97113,66.488947
3573,4,1,2025-09-10,Germany,Slovenia,107.35748,81.739457
3574,1,1,2025-09-09,Poland,Turkey,76.849092,81.475079
3574,2,1,2025-09-09,Lithuania,Greece,80.653519,60.198796
3574,3,1,2025-09-10,Finland,Georgia,93.947308,80.141886
3574,4,1,2025-09-10,Germany,Slovenia,98.600938,84.127145
3575,1,1,2025-09-09,Poland,Turkey,75.046992,86.712898
3575,2,1,2025-09-09,Lithuania,Greece,80.277293,92.916162
3575,3,1,2025-09-10,Finland,Georgia,89.17303,75.875515
3575,4,1,2025-09-10,Germany,Slovenia,100.42577,61.607935
3576,1,1,2025-09-09,Poland,Turkey,78.116701,98.327198
3576,2,1,2025-09-09,Lithuania,Greece,83.676884,94.109416
3576,3,1,2025-09-10,Finland,Georgia,82.706768,63.227304
3576,4,1,2025-09-10,Germany,Slovenia,89.138747,89.381253
3577,1,1,2025-09-09,Poland,Turkey,85.852679,82.964158
3577,2,1,2025-09-09,Lithuania,Greece,73.177809,79.056014
3577,3,1,2025-09-10,Finland,Georgia,114.47213,98.513311
3577,4,1,2025-09-10,Germany,Slovenia,85.114381,89.057372
3578,1,1,2025-09-09,Poland,Turkey,79.0241,85.417484
3578,2,1,2025-09-09,Lithuania,Greece,76.751215,61.974611
3578,3,1,2025-09-10,Finland,Georgia,86.906649,68.222994
3578,4,1,2025-09-10,Germany,Slovenia,89.894222,86.258532
3579,1,1,2025-09-09,Poland,Turkey,77.344456,83.462849
3579,2,1,2025-09-09,Lithuania,Greece,80.591401,66.792424
3579,3,1,2025-09-10,Finland,Georgia,91.53756,71.969095
3579,4,1,2025-09-10,Germany,Slovenia,125.13011,83.842643
3580,1,1,2025-09-09,Poland,Turkey,76.601852,98.327319
3580,2,1,2025-09-09,Lithuania,Greece,75.599819,61.859294
3580,3,1,2025-09-10,Finland,Georgia,99.141758,61.640428
3580,4,1,2025-09-10,Germany,Slovenia,77.904079,89.669504
3581,1,1,2025-09-09,Poland,Turkey,70.737554,96.439374
3581,2,1,2025-09-09,Lithuania,Greece,72.418555,92.356331
3581,3,1,2025-09-10,Finland,Georgia,93.037714,57.736323
3581,4,1,2025-09-10,Germany,Slovenia,102.06289,81.051961
3582,1,1,2025-09-09,Poland,Turkey,83.593585,101.19651
3582,2,1,2025-09-09,Lithuania,Greece,76.420619,82.033663
3582,3,1,2025-09-10,Finland,Georgia,87.891276,80.19018
3582,4,1,2025-09-10,Germany,Slovenia,101.46701,80.840852
3583,1,1,2025-09-09,Poland,Turkey,81.706583,91.859143
3583,2,1,2025-09-09,Lithuania,Greece,87.943429,83.390528
3583,3,1,2025-09-10,Finland,Georgia,101.87346,73.671704
3583,4,1,2025-09-10,Germany,Slovenia,96.364563,78.845388
3584,1,1,2025-09-09,Poland,Turkey,75.992524,83.529112
3584,2,1,2025-09-09,Lithuania,Greece,93.911892,77.618544
3584,3,1,2025-09-10,Finland,Georgia,103.31002,82.012395
3584,4,1,2025-09-10,Germany,Slovenia,100.6703,85.255244
3585,1,1,2025-09-09,Poland,Turkey,62.759402,109.20435
3585,2,1,2025-09-09,Lithuania,Greece,94.597776,81.144489
3585,3,1,2025-09-10,Finland,Georgia,95.136842,87.301999
3585,4,1,2025-09-10,Germany,Slovenia,102.82434,80.489648
3586,1,1,2025-09-09,Poland,Turkey,88.351729,65.086813
3586,2,1,2025-09-09,Lithuania,Greece,90.117099,75.224512
3586,3,1,2025-09-10,Finland,Georgia,87.190921,85.932209
3586,4,1,2025-09-10,Germany,Slovenia,118.56577,84.607805
3587,1,1,2025-09-09,Poland,Turkey,75.853549,77.016276
3587,2,1,2025-09-09,Lithuania,Greece,109.06072,89.264788
3587,3,1,2025-09-10,Finland,Georgia,102.90657,57.923047
3587,4,1,2025-09-10,Germany,Slovenia,130.48747,89.776386
3588,1,1,2025-09-09,Poland,Turkey,81.503291,93.287399
3588,2,1,2025-09-09,Lithuania,Greece,86.730943,86.213873
3588,3,1,2025-09-10,Finland,Georgia,88.845553,74.615815
3588,4,1,2025-09-10,Germany,Slovenia,105.60423,77.482154
3589,1,1,2025-09-09,Poland,Turkey,78.020982,86.511531
3589,2,1,2025-09-09,Lithuania,Greece,79.44648,70.066182
3589,3,1,2025-09-10,Finland,Georgia,106.24979,66.958134
3589,4,1,2025-09-10,Germany,Slovenia,67.681514,76.41109
3590,1,1,2025-09-09,Poland,Turkey,82.557741,89.77074
3590,2,1,2025-09-09,Lithuania,Greece,89.41087,86.571838
3590,3,1,2025-09-10,Finland,Georgia,109.82655,83.053624
3590,4,1,2025-09-10,Germany,Slovenia,89.943758,82.357144
3591,1,1,2025-09-09,Poland,Turkey,71.696168,86.665928
3591,2,1,2025-09-09,Lithuania,Greece,106.76076,72.030144
3591,3,1,2025-09-10,Finland,Georgia,84.90796,57.9294
3591,4,1,2025-09-10,Germany,Slovenia,115.60378,101.63615
3592,1,1,2025-09-09,Poland,Turkey,76.370515,96.157043
3592,2,1,2025-09-09,Lithuania,Greece,83.609331,76.143683
3592,3,1,2025-09-10,Finland,Georgia,105.97376,83.015544
3592,4,1,2025-09-10,Germany,Slovenia,102.34243,92.301261
3593,1,1,2025-09-09,Poland,Turkey,84.510875,99.590003
3593,2,1,2025-09-09,Lithuania,Greece,88.311711,66.44276
3593,3,1,2025-09-10,Finland,Georgia,113.76781,79.76113
3593,4,1,2025-09-10,Germany,Slovenia,94.004847,89.199736
3594,1,1,2025-09-09,Poland,Turkey,57.538786,94.767753
3594,2,1,2025-09-09,Lithuania,Greece,95.03661,82.408526
3594,3,1,2025-09-10,Finland,Georgia,99.013174,76.219407
3594,4,1,2025-09-10,Germany,Slovenia,113.10607,86.603776
3595,1,1,2025-09-09,Poland,Turkey,95.377432,86.802017
3595,2,1,2025-09-09,Lithuania,Greece,98.743502,95.722346
3595,3,1,2025-09-10,Finland,Georgia,87.393223,57.29502
3595,4,1,2025-09-10,Germany,Slovenia,114.35436,95.962607
3596,1,1,2025-09-09,Poland,Turkey,82.653115,89.995635
3596,2,1,2025-09-09,Lithuania,Greece,84.993352,77.221832
3596,3,1,2025-09-10,Finland,Georgia,85.252275,58.359536
3596,4,1,2025-09-10,Germany,Slovenia,105.9048,88.436812
3597,1,1,2025-09-09,Poland,Turkey,77.160413,103.21494
3597,2,1,2025-09-09,Lithuania,Greece,93.4462,67.127874
3597,3,1,2025-09-10,Finland,Georgia,105.65543,75.685324
3597,4,1,2025-09-10,Germany,Slovenia,116.91044,105.82567
3598,1,1,2025-09-09,Poland,Turkey,73.872589,92.370629
3598,2,1,2025-09-09,Lithuania,Greece,87.528131,65.536459
3598,3,1,2025-09-10,Finland,Georgia,94.600913,72.437745
3598,4,1,2025-09-10,Germany,Slovenia,100.09458,90.53747
3599,1,1,2025-09-09,Poland,Turkey,84.542404,76.390005
3599,2,1,2025-09-09,Lithuania,Greece,57.6673,71.924011
3599,3,1,2025-09-10,Finland,Georgia,102.19201,91.377983
3599,4,1,2025-09-10,Germany,Slovenia,100.46753,84.507179
3600,1,1,2025-09-09,Poland,Turkey,88.031575,117.48154
3600,2,1,2025-09-09,Lithuania,Greece,77.483576,103.94981
3600,3,1,2025-09-10,Finland,Georgia,101.17576,89.090412
3600,4,1,2025-09-10,Germany,Slovenia,104.55715,75.724836
3601,1,1,2025-09-09,Poland,Turkey,62.783229,88.820342
3601,2,1,2025-09-09,Lithuania,Greece,84.484259,86.155848
3601,3,1,2025-09-10,Finland,Georgia,105.44203,92.893968
3601,4,1,2025-09-10,Germany,Slovenia,92.087948,97.670261
3602,1,1,2025-09-09,Poland,Turkey,56.728482,66.391801
3602,2,1,2025-09-09,Lithuania,Greece,78.442934,60.418074
3602,3,1,2025-09-10,Finland,Georgia,109.87071,95.79177
3602,4,1,2025-09-10,Germany,Slovenia,105.61341,91.776949
3603,1,1,2025-09-09,Poland,Turkey,85.954854,64.912949
3603,2,1,2025-09-09,Lithuania,Greece,89.486742,82.889452
3603,3,1,2025-09-10,Finland,Georgia,103.35451,100.88129
3603,4,1,2025-09-10,Germany,Slovenia,107.18036,77.286358
3604,1,1,2025-09-09,Poland,Turkey,91.189602,95.055123
3604,2,1,2025-09-09,Lithuania,Greece,104.52091,73.869747
3604,3,1,2025-09-10,Finland,Georgia,100.81407,92.551226
3604,4,1,2025-09-10,Germany,Slovenia,104.75229,88.792915
3605,1,1,2025-09-09,Poland,Turkey,76.936774,80.406718
3605,2,1,2025-09-09,Lithuania,Greece,89.807241,61.895116
3605,3,1,2025-09-10,Finland,Georgia,58.811,68.293283
3605,4,1,2025-09-10,Germany,Slovenia,98.662121,90.444964
3606,1,1,2025-09-09,Poland,Turkey,69.788931,81.005436
3606,2,1,2025-09-09,Lithuania,Greece,83.964265,88.69102
3606,3,1,2025-09-10,Finland,Georgia,107.71892,66.966425
3606,4,1,2025-09-10,Germany,Slovenia,84.96413,72.69683
3607,1,1,2025-09-09,Poland,Turkey,69.689614,104.67216
3607,2,1,2025-09-09,Lithuania,Greece,70.798994,56.037374
3607,3,1,2025-09-10,Finland,Georgia,102.22268,86.602855
3607,4,1,2025-09-10,Germany,Slovenia,88.691149,73.420462
3608,1,1,2025-09-09,Poland,Turkey,76.630599,83.990285
3608,2,1,2025-09-09,Lithuania,Greece,113.63035,42.821173
3608,3,1,2025-09-10,Finland,Georgia,75.62386,72.993988
3608,4,1,2025-09-10,Germany,Slovenia,101.7057,92.754691
3609,1,1,2025-09-09,Poland,Turkey,85.564134,80.570321
3609,2,1,2025-09-09,Lithuania,Greece,88.266712,72.43172
3609,3,1,2025-09-10,Finland,Georgia,97.220311,62.584319
3609,4,1,2025-09-10,Germany,Slovenia,113.58562,83.816119
3610,1,1,2025-09-09,Poland,Turkey,99.848784,109.53053
3610,2,1,2025-09-09,Lithuania,Greece,93.719518,70.500712
3610,3,1,2025-09-10,Finland,Georgia,77.696617,75.086789
3610,4,1,2025-09-10,Germany,Slovenia,116.54821,97.291377
3611,1,1,2025-09-09,Poland,Turkey,74.340926,87.990382
3611,2,1,2025-09-09,Lithuania,Greece,107.3868,87.099533
3611,3,1,2025-09-10,Finland,Georgia,86.43614,66.660045
3611,4,1,2025-09-10,Germany,Slovenia,114.5979,89.8533
3612,1,1,2025-09-09,Poland,Turkey,74.337843,82.493344
3612,2,1,2025-09-09,Lithuania,Greece,74.160999,71.417906
3612,3,1,2025-09-10,Finland,Georgia,66.979641,48.184651
3612,4,1,2025-09-10,Germany,Slovenia,107.9186,74.61318
3613,1,1,2025-09-09,Poland,Turkey,78.911544,108.89028
3613,2,1,2025-09-09,Lithuania,Greece,87.244929,73.841072
3613,3,1,2025-09-10,Finland,Georgia,75.749501,55.836863
3613,4,1,2025-09-10,Germany,Slovenia,100.18528,90.932834
3614,1,1,2025-09-09,Poland,Turkey,73.001539,85.78006
3614,2,1,2025-09-09,Lithuania,Greece,81.029774,78.097535
3614,3,1,2025-09-10,Finland,Georgia,102.59903,69.188358
3614,4,1,2025-09-10,Germany,Slovenia,88.364466,88.939055
3615,1,1,2025-09-09,Poland,Turkey,76.110394,97.070365
3615,2,1,2025-09-09,Lithuania,Greece,72.903545,54.268418
3615,3,1,2025-09-10,Finland,Georgia,86.045957,76.809959
3615,4,1,2025-09-10,Germany,Slovenia,122.42814,110.51893
3616,1,1,2025-09-09,Poland,Turkey,72.064485,82.671487
3616,2,1,2025-09-09,Lithuania,Greece,83.144954,81.681933
3616,3,1,2025-09-10,Finland,Georgia,81.271316,52.455417
3616,4,1,2025-09-10,Germany,Slovenia,85.372561,77.846036
3617,1,1,2025-09-09,Poland,Turkey,97.371781,96.528236
3617,2,1,2025-09-09,Lithuania,Greece,88.581583,80.082404
3617,3,1,2025-09-10,Finland,Georgia,86.620742,63.086403
3617,4,1,2025-09-10,Germany,Slovenia,110.59302,93.844051
3618,1,1,2025-09-09,Poland,Turkey,70.455643,78.618864
3618,2,1,2025-09-09,Lithuania,Greece,85.387328,93.109711
3618,3,1,2025-09-10,Finland,Georgia,97.333905,80.552318
3618,4,1,2025-09-10,Germany,Slovenia,87.623641,77.565838
3619,1,1,2025-09-09,Poland,Turkey,71.688878,84.214857
3619,2,1,2025-09-09,Lithuania,Greece,68.149583,70.00071
3619,3,1,2025-09-10,Finland,Georgia,80.042728,54.875817
3619,4,1,2025-09-10,Germany,Slovenia,103.11226,72.694612
3620,1,1,2025-09-09,Poland,Turkey,76.545699,93.290978
3620,2,1,2025-09-09,Lithuania,Greece,44.324725,110.34878
3620,3,1,2025-09-10,Finland,Georgia,78.160417,76.189193
3620,4,1,2025-09-10,Germany,Slovenia,94.292327,83.638848
3621,1,1,2025-09-09,Poland,Turkey,79.052034,81.64654
3621,2,1,2025-09-09,Lithuania,Greece,69.343628,81.961706
3621,3,1,2025-09-10,Finland,Georgia,118.47168,79.900727
3621,4,1,2025-09-10,Germany,Slovenia,107.8365,100.64843
3622,1,1,2025-09-09,Poland,Turkey,89.756092,91.576632
3622,2,1,2025-09-09,Lithuania,Greece,100.72537,99.427049
3622,3,1,2025-09-10,Finland,Georgia,105.00987,68.168414
3622,4,1,2025-09-10,Germany,Slovenia,105.64287,79.132662
3623,1,1,2025-09-09,Poland,Turkey,81.161406,89.494638
3623,2,1,2025-09-09,Lithuania,Greece,85.074568,98.260702
3623,3,1,2025-09-10,Finland,Georgia,103.38309,95.875523
3623,4,1,2025-09-10,Germany,Slovenia,99.380974,81.940793
3624,1,1,2025-09-09,Poland,Turkey,79.28427,89.995002
3624,2,1,2025-09-09,Lithuania,Greece,101.29569,78.560993
3624,3,1,2025-09-10,Finland,Georgia,95.209079,99.573866
3624,4,1,2025-09-10,Germany,Slovenia,99.986946,91.641484
3625,1,1,2025-09-09,Poland,Turkey,84.256851,96.395282
3625,2,1,2025-09-09,Lithuania,Greece,87.367896,68.633552
3625,3,1,2025-09-10,Finland,Georgia,108.60603,66.828353
3625,4,1,2025-09-10,Germany,Slovenia,107.29308,81.159773
3626,1,1,2025-09-09,Poland,Turkey,80.131835,100.6486
3626,2,1,2025-09-09,Lithuania,Greece,81.003459,63.157721
3626,3,1,2025-09-10,Finland,Georgia,102.51626,93.95939
3626,4,1,2025-09-10,Germany,Slovenia,105.51566,111.5146
3627,1,1,2025-09-09,Poland,Turkey,68.434693,84.450449
3627,2,1,2025-09-09,Lithuania,Greece,90.839103,81.587712
3627,3,1,2025-09-10,Finland,Georgia,75.556693,70.132125
3627,4,1,2025-09-10,Germany,Slovenia,84.821103,85.544028
3628,1,1,2025-09-09,Poland,Turkey,67.501461,82.646737
3628,2,1,2025-09-09,Lithuania,Greece,75.833106,92.619978
3628,3,1,2025-09-10,Finland,Georgia,96.377341,77.559161
3628,4,1,2025-09-10,Germany,Slovenia,98.779521,94.853976
3629,1,1,2025-09-09,Poland,Turkey,72.576976,102.17646
3629,2,1,2025-09-09,Lithuania,Greece,71.795487,67.620569
3629,3,1,2025-09-10,Finland,Georgia,74.699377,70.512152
3629,4,1,2025-09-10,Germany,Slovenia,107.89764,104.82403
3630,1,1,2025-09-09,Poland,Turkey,87.02065,103.26876
3630,2,1,2025-09-09,Lithuania,Greece,86.777778,70.813873
3630,3,1,2025-09-10,Finland,Georgia,84.08878,83.873419
3630,4,1,2025-09-10,Germany,Slovenia,103.54379,82.260481
3631,1,1,2025-09-09,Poland,Turkey,82.346205,92.020847
3631,2,1,2025-09-09,Lithuania,Greece,80.628832,89.880922
3631,3,1,2025-09-10,Finland,Georgia,99.293182,104.43122
3631,4,1,2025-09-10,Germany,Slovenia,80.757914,93.498239
3632,1,1,2025-09-09,Poland,Turkey,72.154259,100.85955
3632,2,1,2025-09-09,Lithuania,Greece,86.08581,89.596335
3632,3,1,2025-09-10,Finland,Georgia,81.936193,62.041454
3632,4,1,2025-09-10,Germany,Slovenia,105.56855,84.933763
3633,1,1,2025-09-09,Poland,Turkey,56.408784,73.45013
3633,2,1,2025-09-09,Lithuania,Greece,101.02332,95.89062
3633,3,1,2025-09-10,Finland,Georgia,81.147065,78.188426
3633,4,1,2025-09-10,Germany,Slovenia,110.29524,95.089305
3634,1,1,2025-09-09,Poland,Turkey,82.589425,85.468174
3634,2,1,2025-09-09,Lithuania,Greece,80.98562,78.782139
3634,3,1,2025-09-10,Finland,Georgia,97.45017,82.462286
3634,4,1,2025-09-10,Germany,Slovenia,103.44139,82.320112
3635,1,1,2025-09-09,Poland,Turkey,73.913724,57.807286
3635,2,1,2025-09-09,Lithuania,Greece,91.583787,73.396868
3635,3,1,2025-09-10,Finland,Georgia,106.03168,72.425065
3635,4,1,2025-09-10,Germany,Slovenia,111.42013,83.384001
3636,1,1,2025-09-09,Poland,Turkey,65.679493,71.752359
3636,2,1,2025-09-09,Lithuania,Greece,80.586778,68.22791
3636,3,1,2025-09-10,Finland,Georgia,118.91165,97.875847
3636,4,1,2025-09-10,Germany,Slovenia,108.56307,77.792447
3637,1,1,2025-09-09,Poland,Turkey,82.631013,76.665204
3637,2,1,2025-09-09,Lithuania,Greece,82.696045,69.261605
3637,3,1,2025-09-10,Finland,Georgia,105.46301,84.335812
3637,4,1,2025-09-10,Germany,Slovenia,91.758404,83.563114
3638,1,1,2025-09-09,Poland,Turkey,77.614476,84.486092
3638,2,1,2025-09-09,Lithuania,Greece,78.133272,68.274331
3638,3,1,2025-09-10,Finland,Georgia,109.00941,93.88403
3638,4,1,2025-09-10,Germany,Slovenia,94.782522,99.617446
3639,1,1,2025-09-09,Poland,Turkey,85.320976,115.80556
3639,2,1,2025-09-09,Lithuania,Greece,70.995366,59.823413
3639,3,1,2025-09-10,Finland,Georgia,102.03505,84.843115
3639,4,1,2025-09-10,Germany,Slovenia,85.069308,77.773432
3640,1,1,2025-09-09,Poland,Turkey,74.234127,82.194167
3640,2,1,2025-09-09,Lithuania,Greece,108.6281,82.575761
3640,3,1,2025-09-10,Finland,Georgia,77.216019,58.766666
3640,4,1,2025-09-10,Germany,Slovenia,115.97629,89.190079
3641,1,1,2025-09-09,Poland,Turkey,87.443748,67.909819
3641,2,1,2025-09-09,Lithuania,Greece,91.205579,82.084027
3641,3,1,2025-09-10,Finland,Georgia,97.768764,86.478538
3641,4,1,2025-09-10,Germany,Slovenia,93.538122,86.519256
3642,1,1,2025-09-09,Poland,Turkey,67.292832,88.910203
3642,2,1,2025-09-09,Lithuania,Greece,94.069771,66.56591
3642,3,1,2025-09-10,Finland,Georgia,69.792941,78.169866
3642,4,1,2025-09-10,Germany,Slovenia,95.941958,86.231218
3643,1,1,2025-09-09,Poland,Turkey,64.060076,71.95525
3643,2,1,2025-09-09,Lithuania,Greece,94.431648,67.156511
3643,3,1,2025-09-10,Finland,Georgia,93.194663,90.118192
3643,4,1,2025-09-10,Germany,Slovenia,96.848283,81.626677
3644,1,1,2025-09-09,Poland,Turkey,74.437449,62.744924
3644,2,1,2025-09-09,Lithuania,Greece,76.604949,83.906928
3644,3,1,2025-09-10,Finland,Georgia,68.966338,79.708392
3644,4,1,2025-09-10,Germany,Slovenia,115.81043,84.745585
3645,1,1,2025-09-09,Poland,Turkey,80.389896,107.63216
3645,2,1,2025-09-09,Lithuania,Greece,109.68862,89.468172
3645,3,1,2025-09-10,Finland,Georgia,98.997522,94.037698
3645,4,1,2025-09-10,Germany,Slovenia,84.253399,91.206282
3646,1,1,2025-09-09,Poland,Turkey,75.884455,80.798742
3646,2,1,2025-09-09,Lithuania,Greece,84.367101,57.945813
3646,3,1,2025-09-10,Finland,Georgia,88.557716,58.057617
3646,4,1,2025-09-10,Germany,Slovenia,99.956044,97.313788
3647,1,1,2025-09-09,Poland,Turkey,65.456252,86.723259
3647,2,1,2025-09-09,Lithuania,Greece,78.916783,57.406096
3647,3,1,2025-09-10,Finland,Georgia,96.726496,82.403894
3647,4,1,2025-09-10,Germany,Slovenia,101.38453,83.344231
3648,1,1,2025-09-09,Poland,Turkey,67.205272,107.24365
3648,2,1,2025-09-09,Lithuania,Greece,96.766204,73.675211
3648,3,1,2025-09-10,Finland,Georgia,87.515812,77.404695
3648,4,1,2025-09-10,Germany,Slovenia,108.44957,86.640528
3649,1,1,2025-09-09,Poland,Turkey,63.780011,103.32098
3649,2,1,2025-09-09,Lithuania,Greece,83.903569,84.436855
3649,3,1,2025-09-10,Finland,Georgia,93.921296,64.147279
3649,4,1,2025-09-10,Germany,Slovenia,96.505172,83.484634
3650,1,1,2025-09-09,Poland,Turkey,74.542998,84.209152
3650,2,1,2025-09-09,Lithuania,Greece,88.735935,76.815275
3650,3,1,2025-09-10,Finland,Georgia,89.228054,79.346977999999993
3650,4,1,2025-09-10,Germany,Slovenia,105.95866,85.18537
3651,1,1,2025-09-09,Poland,Turkey,69.427064,75.104778
3651,2,1,2025-09-09,Lithuania,Greece,75.185826,90.344482
3651,3,1,2025-09-10,Finland,Georgia,98.255577,79.761055
3651,4,1,2025-09-10,Germany,Slovenia,114.59612,95.775243
3652,1,1,2025-09-09,Poland,Turkey,70.986336,95.073382
3652,2,1,2025-09-09,Lithuania,Greece,90.875954,66.549733
3652,3,1,2025-09-10,Finland,Georgia,97.025786,78.954156
3652,4,1,2025-09-10,Germany,Slovenia,100.39874,71.758973
3653,1,1,2025-09-09,Poland,Turkey,70.905762,85.487812
3653,2,1,2025-09-09,Lithuania,Greece,106.13527,69.415166
3653,3,1,2025-09-10,Finland,Georgia,103.21535,80.820665
3653,4,1,2025-09-10,Germany,Slovenia,106.59492,78.257934
3654,1,1,2025-09-09,Poland,Turkey,100.83438,98.532014
3654,2,1,2025-09-09,Lithuania,Greece,87.814991,73.666319
3654,3,1,2025-09-10,Finland,Georgia,94.433892,73.15144
3654,4,1,2025-09-10,Germany,Slovenia,78.350518,64.752738
3655,1,1,2025-09-09,Poland,Turkey,76.825331,60.322166
3655,2,1,2025-09-09,Lithuania,Greece,73.777694,85.452868
3655,3,1,2025-09-10,Finland,Georgia,109.16312,79.561207
3655,4,1,2025-09-10,Germany,Slovenia,126.54025,99.115953
3656,1,1,2025-09-09,Poland,Turkey,75.120361,125.91119
3656,2,1,2025-09-09,Lithuania,Greece,85.838142,98.985214
3656,3,1,2025-09-10,Finland,Georgia,96.018129,93.057009
3656,4,1,2025-09-10,Germany,Slovenia,115.06475,72.225277
3657,1,1,2025-09-09,Poland,Turkey,84.393047,97.246205
3657,2,1,2025-09-09,Lithuania,Greece,86.211464,80.410817
3657,3,1,2025-09-10,Finland,Georgia,84.49186,71.505318
3657,4,1,2025-09-10,Germany,Slovenia,97.527301,67.95098
3658,1,1,2025-09-09,Poland,Turkey,91.815756,72.726712
3658,2,1,2025-09-09,Lithuania,Greece,83.46114,71.952941
3658,3,1,2025-09-10,Finland,Georgia,74.533171,52.637681
3658,4,1,2025-09-10,Germany,Slovenia,96.981991,87.0768
3659,1,1,2025-09-09,Poland,Turkey,77.300935,81.056048
3659,2,1,2025-09-09,Lithuania,Greece,77.79047,69.867278
3659,3,1,2025-09-10,Finland,Georgia,89.399262,56.986676
3659,4,1,2025-09-10,Germany,Slovenia,101.32662,89.51137
3660,1,1,2025-09-09,Poland,Turkey,84.983534,94.046517
3660,2,1,2025-09-09,Lithuania,Greece,89.186701,78.27716
3660,3,1,2025-09-10,Finland,Georgia,102.68107,92.213442
3660,4,1,2025-09-10,Germany,Slovenia,93.500314,64.558724
3661,1,1,2025-09-09,Poland,Turkey,68.598002,74.275734
3661,2,1,2025-09-09,Lithuania,Greece,73.303081,78.139384
3661,3,1,2025-09-10,Finland,Georgia,130.01184,112.72638
3661,4,1,2025-09-10,Germany,Slovenia,94.660753,69.157025
3662,1,1,2025-09-09,Poland,Turkey,75.275781,96.939698
3662,2,1,2025-09-09,Lithuania,Greece,79.181108,56.126981
3662,3,1,2025-09-10,Finland,Georgia,86.123161,82.871594
3662,4,1,2025-09-10,Germany,Slovenia,99.633945,88.146423
3663,1,1,2025-09-09,Poland,Turkey,78.038912,85.458806
3663,2,1,2025-09-09,Lithuania,Greece,91.73194,86.614422
3663,3,1,2025-09-10,Finland,Georgia,94.574176,56.625356
3663,4,1,2025-09-10,Germany,Slovenia,110.02043,87.242072
3664,1,1,2025-09-09,Poland,Turkey,92.052164,78.381388
3664,2,1,2025-09-09,Lithuania,Greece,84.569074,69.038188
3664,3,1,2025-09-10,Finland,Georgia,91.348852,81.001322
3664,4,1,2025-09-10,Germany,Slovenia,107.98586,81.553145
3665,1,1,2025-09-09,Poland,Turkey,93.613742,89.12218
3665,2,1,2025-09-09,Lithuania,Greece,72.658647,85.700802
3665,3,1,2025-09-10,Finland,Georgia,94.977062,87.279981
3665,4,1,2025-09-10,Germany,Slovenia,91.951612,69.577262
3666,1,1,2025-09-09,Poland,Turkey,71.627682,128.12251
3666,2,1,2025-09-09,Lithuania,Greece,80.113104,71.805622
3666,3,1,2025-09-10,Finland,Georgia,108.6561,90.298088
3666,4,1,2025-09-10,Germany,Slovenia,87.333537,87.603504
3667,1,1,2025-09-09,Poland,Turkey,85.170117,104.73306
3667,2,1,2025-09-09,Lithuania,Greece,91.654639,83.980818
3667,3,1,2025-09-10,Finland,Georgia,101.26482,87.241901
3667,4,1,2025-09-10,Germany,Slovenia,86.384343,77.662117
3668,1,1,2025-09-09,Poland,Turkey,58.788563,73.186313
3668,2,1,2025-09-09,Lithuania,Greece,79.38037,63.625278
3668,3,1,2025-09-10,Finland,Georgia,102.33007,77.41018
3668,4,1,2025-09-10,Germany,Slovenia,115.37159,85.275683
3669,1,1,2025-09-09,Poland,Turkey,85.290758,94.813557
3669,2,1,2025-09-09,Lithuania,Greece,81.576807,74.023964
3669,3,1,2025-09-10,Finland,Georgia,85.809351,90.575445
3669,4,1,2025-09-10,Germany,Slovenia,100.75519,94.945944
3670,1,1,2025-09-09,Poland,Turkey,73.314089,95.025976
3670,2,1,2025-09-09,Lithuania,Greece,71.381746,79.937092
3670,3,1,2025-09-10,Finland,Georgia,117.89502,92.819429
3670,4,1,2025-09-10,Germany,Slovenia,103.04344,85.793173
3671,1,1,2025-09-09,Poland,Turkey,83.773069,87.971544
3671,2,1,2025-09-09,Lithuania,Greece,99.334736,80.47857
3671,3,1,2025-09-10,Finland,Georgia,96.338485,69.441343
3671,4,1,2025-09-10,Germany,Slovenia,95.55924,85.702367
3672,1,1,2025-09-09,Poland,Turkey,101.00591,107.85815
3672,2,1,2025-09-09,Lithuania,Greece,81.906013,77.888728
3672,3,1,2025-09-10,Finland,Georgia,109.00592,66.339331
3672,4,1,2025-09-10,Germany,Slovenia,134.85967,92.498845
3673,1,1,2025-09-09,Poland,Turkey,90.167353,104.42945
3673,2,1,2025-09-09,Lithuania,Greece,66.494746,58.136733
3673,3,1,2025-09-10,Finland,Georgia,80.836153,75.161133
3673,4,1,2025-09-10,Germany,Slovenia,104.6688,78.387763
3674,1,1,2025-09-09,Poland,Turkey,69.03959,102.44201
3674,2,1,2025-09-09,Lithuania,Greece,87.599758,76.929675
3674,3,1,2025-09-10,Finland,Georgia,100.31921,83.553146
3674,4,1,2025-09-10,Germany,Slovenia,108.04423,88.784664
3675,1,1,2025-09-09,Poland,Turkey,74.247169,76.735255
3675,2,1,2025-09-09,Lithuania,Greece,91.904205,94.397335
3675,3,1,2025-09-10,Finland,Georgia,96.013737,74.050428
3675,4,1,2025-09-10,Germany,Slovenia,101.34154,91.898467
3676,1,1,2025-09-09,Poland,Turkey,68.755631,94.482033
3676,2,1,2025-09-09,Lithuania,Greece,79.840975,78.4124
3676,3,1,2025-09-10,Finland,Georgia,96.829243,90.673929
3676,4,1,2025-09-10,Germany,Slovenia,107.91904,97.880994
3677,1,1,2025-09-09,Poland,Turkey,78.433412,76.251273
3677,2,1,2025-09-09,Lithuania,Greece,89.942783,51.741293
3677,3,1,2025-09-10,Finland,Georgia,106.40997,70.285222
3677,4,1,2025-09-10,Germany,Slovenia,106.94586,71.925727
3678,1,1,2025-09-09,Poland,Turkey,77.177215,85.071013
3678,2,1,2025-09-09,Lithuania,Greece,93.31781,68.021652
3678,3,1,2025-09-10,Finland,Georgia,98.545006,72.306097
3678,4,1,2025-09-10,Germany,Slovenia,101.1786,83.961095
3679,1,1,2025-09-09,Poland,Turkey,82.98711,89.825571
3679,2,1,2025-09-09,Lithuania,Greece,105.07885,83.182967
3679,3,1,2025-09-10,Finland,Georgia,94.571196,53.763873
3679,4,1,2025-09-10,Germany,Slovenia,110.24497,88.120872
3680,1,1,2025-09-09,Poland,Turkey,71.760068,76.672621
3680,2,1,2025-09-09,Lithuania,Greece,88.14211,91.499128
3680,3,1,2025-09-10,Finland,Georgia,98.511174,78.728996
3680,4,1,2025-09-10,Germany,Slovenia,102.39019,84.698828
3681,1,1,2025-09-09,Poland,Turkey,64.094535,99.650183
3681,2,1,2025-09-09,Lithuania,Greece,71.976558,64.912629
3681,3,1,2025-09-10,Finland,Georgia,89.182301,79.73389
3681,4,1,2025-09-10,Germany,Slovenia,98.745712,78.701083
3682,1,1,2025-09-09,Poland,Turkey,87.693003,105.51506
3682,2,1,2025-09-09,Lithuania,Greece,100.1089,83.395647
3682,3,1,2025-09-10,Finland,Georgia,98.513845,92.806783
3682,4,1,2025-09-10,Germany,Slovenia,84.886913,98.420149
3683,1,1,2025-09-09,Poland,Turkey,75.881003,85.944765
3683,2,1,2025-09-09,Lithuania,Greece,84.676963,81.702834
3683,3,1,2025-09-10,Finland,Georgia,124.40577,57.093589
3683,4,1,2025-09-10,Germany,Slovenia,121.59606,73.862003
3684,1,1,2025-09-09,Poland,Turkey,67.915015,90.791385
3684,2,1,2025-09-09,Lithuania,Greece,103.47327,73.32928
3684,3,1,2025-09-10,Finland,Georgia,107.14605,86.895318
3684,4,1,2025-09-10,Germany,Slovenia,99.234678,72.09799
3685,1,1,2025-09-09,Poland,Turkey,88.164508,94.008591
3685,2,1,2025-09-09,Lithuania,Greece,80.229139,69.997404
3685,3,1,2025-09-10,Finland,Georgia,101.12592,77.409901
3685,4,1,2025-09-10,Germany,Slovenia,105.16083,82.602441
3686,1,1,2025-09-09,Poland,Turkey,100.91192,117.45832
3686,2,1,2025-09-09,Lithuania,Greece,85.294965,83.634635
3686,3,1,2025-09-10,Finland,Georgia,112.60114,75.036344
3686,4,1,2025-09-10,Germany,Slovenia,90.629805,81.714156
3687,1,1,2025-09-09,Poland,Turkey,70.822412,85.103965
3687,2,1,2025-09-09,Lithuania,Greece,80.71304,78.619676
3687,3,1,2025-09-10,Finland,Georgia,100.24058,74.613814
3687,4,1,2025-09-10,Germany,Slovenia,109.23391,95.094907
3688,1,1,2025-09-09,Poland,Turkey,81.175832,98.643164
3688,2,1,2025-09-09,Lithuania,Greece,89.266176,70.939991
3688,3,1,2025-09-10,Finland,Georgia,122.99193,68.037508
3688,4,1,2025-09-10,Germany,Slovenia,98.334158,84.392293
3689,1,1,2025-09-09,Poland,Turkey,75.57881,82.686152
3689,2,1,2025-09-09,Lithuania,Greece,80.901567,81.917724
3689,3,1,2025-09-10,Finland,Georgia,105.13674,69.562774
3689,4,1,2025-09-10,Germany,Slovenia,95.753585,83.463209
3690,1,1,2025-09-09,Poland,Turkey,89.330616,73.55542
3690,2,1,2025-09-09,Lithuania,Greece,89.606425,94.908994
3690,3,1,2025-09-10,Finland,Georgia,96.889273,62.097993
3690,4,1,2025-09-10,Germany,Slovenia,94.459913,88.590876
3691,1,1,2025-09-09,Poland,Turkey,50.566984,66.386678
3691,2,1,2025-09-09,Lithuania,Greece,91.240493,89.552153
3691,3,1,2025-09-10,Finland,Georgia,113.58212,77.135448
3691,4,1,2025-09-10,Germany,Slovenia,112.37485,88.012365
3692,1,1,2025-09-09,Poland,Turkey,80.328802,98.804505
3692,2,1,2025-09-09,Lithuania,Greece,83.785658,76.791938
3692,3,1,2025-09-10,Finland,Georgia,100.17924,87.491784
3692,4,1,2025-09-10,Germany,Slovenia,101.41168,84.22971
3693,1,1,2025-09-09,Poland,Turkey,85.916674,86.416131
3693,2,1,2025-09-09,Lithuania,Greece,93.945837,81.803416
3693,3,1,2025-09-10,Finland,Georgia,100.33418,85.6031
3693,4,1,2025-09-10,Germany,Slovenia,117.38017,104.70837
3694,1,1,2025-09-09,Poland,Turkey,83.71298,108.06222
3694,2,1,2025-09-09,Lithuania,Greece,97.748191,88.765307
3694,3,1,2025-09-10,Finland,Georgia,103.25126,88.975529
3694,4,1,2025-09-10,Germany,Slovenia,104.79801,101.76664
3695,1,1,2025-09-09,Poland,Turkey,85.701118,81.286197
3695,2,1,2025-09-09,Lithuania,Greece,93.049987,85.468503
3695,3,1,2025-09-10,Finland,Georgia,84.210473,62.142781
3695,4,1,2025-09-10,Germany,Slovenia,105.04935,99.429058
3696,1,1,2025-09-09,Poland,Turkey,86.800703,88.592169
3696,2,1,2025-09-09,Lithuania,Greece,75.465664,64.160584
3696,3,1,2025-09-10,Finland,Georgia,100.64048,68.020416
3696,4,1,2025-09-10,Germany,Slovenia,113.70007,82.277089
3697,1,1,2025-09-09,Poland,Turkey,96.221863,83.080594
3697,2,1,2025-09-09,Lithuania,Greece,88.782929,81.568912
3697,3,1,2025-09-10,Finland,Georgia,101.29619,69.3925
3697,4,1,2025-09-10,Germany,Slovenia,95.973173,94.28593
3698,1,1,2025-09-09,Poland,Turkey,102.03533,90.592437
3698,2,1,2025-09-09,Lithuania,Greece,81.270648,81.506973
3698,3,1,2025-09-10,Finland,Georgia,97.598694,88.261155
3698,4,1,2025-09-10,Germany,Slovenia,95.077483,100.96464
3699,1,1,2025-09-09,Poland,Turkey,68.596844,83.231294
3699,2,1,2025-09-09,Lithuania,Greece,75.236997,77.097736
3699,3,1,2025-09-10,Finland,Georgia,101.3614,86.814247
3699,4,1,2025-09-10,Germany,Slovenia,105.30262,97.809791
3700,1,1,2025-09-09,Poland,Turkey,68.465285,104.17227
3700,2,1,2025-09-09,Lithuania,Greece,73.401471,93.444963
3700,3,1,2025-09-10,Finland,Georgia,86.45108,85.609429
3700,4,1,2025-09-10,Germany,Slovenia,95.916079,93.254414
3701,1,1,2025-09-09,Poland,Turkey,64.328472,65.53303
3701,2,1,2025-09-09,Lithuania,Greece,83.111753,89.082213
3701,3,1,2025-09-10,Finland,Georgia,99.183524,76.642463
3701,4,1,2025-09-10,Germany,Slovenia,96.883216,82.139719
3702,1,1,2025-09-09,Poland,Turkey,70.413887,76.373413
3702,2,1,2025-09-09,Lithuania,Greece,83.081276,78.616995
3702,3,1,2025-09-10,Finland,Georgia,94.283329,84.074785
3702,4,1,2025-09-10,Germany,Slovenia,97.810725,85.977137
3703,1,1,2025-09-09,Poland,Turkey,84.308882,93.943541
3703,2,1,2025-09-09,Lithuania,Greece,102.26849,63.215108
3703,3,1,2025-09-10,Finland,Georgia,83.64147,75.236723
3703,4,1,2025-09-10,Germany,Slovenia,117.53044,103.08704
3704,1,1,2025-09-09,Poland,Turkey,79.249443,81.943633
3704,2,1,2025-09-09,Lithuania,Greece,80.99325,72.807599
3704,3,1,2025-09-10,Finland,Georgia,88.844438,73.466346
3704,4,1,2025-09-10,Germany,Slovenia,106.51029,83.555035
3705,1,1,2025-09-09,Poland,Turkey,82.04162,83.920891
3705,2,1,2025-09-09,Lithuania,Greece,84.029767,71.309936
3705,3,1,2025-09-10,Finland,Georgia,77.017481,70.993615
3705,4,1,2025-09-10,Germany,Slovenia,110.59827,82.404814
3706,1,1,2025-09-09,Poland,Turkey,73.689523,80.011383
3706,2,1,2025-09-09,Lithuania,Greece,84.451298,84.80392
3706,3,1,2025-09-10,Finland,Georgia,75.287236,82.218766
3706,4,1,2025-09-10,Germany,Slovenia,91.60067,91.376003
3707,1,1,2025-09-09,Poland,Turkey,65.409048,90.122498
3707,2,1,2025-09-09,Lithuania,Greece,82.446876,90.498237
3707,3,1,2025-09-10,Finland,Georgia,110.98355,104.42867
3707,4,1,2025-09-10,Germany,Slovenia,103.04365,72.108566
3708,1,1,2025-09-09,Poland,Turkey,80.83467,97.490135
3708,2,1,2025-09-09,Lithuania,Greece,94.296011,76.759789
3708,3,1,2025-09-10,Finland,Georgia,83.4591,85.153276
3708,4,1,2025-09-10,Germany,Slovenia,95.234556,75.628634
3709,1,1,2025-09-09,Poland,Turkey,97.161654,83.1455
3709,2,1,2025-09-09,Lithuania,Greece,97.517506,79.440672
3709,3,1,2025-09-10,Finland,Georgia,96.63391,77.071395
3709,4,1,2025-09-10,Germany,Slovenia,123.69846,90.371457
3710,1,1,2025-09-09,Poland,Turkey,60.10642,92.827493
3710,2,1,2025-09-09,Lithuania,Greece,101.51205,92.291853
3710,3,1,2025-09-10,Finland,Georgia,79.76315,82.933673
3710,4,1,2025-09-10,Germany,Slovenia,130.17057,108.07484
3711,1,1,2025-09-09,Poland,Turkey,83.771966,94.278389
3711,2,1,2025-09-09,Lithuania,Greece,90.064981,61.920285
3711,3,1,2025-09-10,Finland,Georgia,88.560465,71.518586
3711,4,1,2025-09-10,Germany,Slovenia,79.544971,83.314751
3712,1,1,2025-09-09,Poland,Turkey,73.234276,81.158269
3712,2,1,2025-09-09,Lithuania,Greece,93.423921000000007,90.637471
3712,3,1,2025-09-10,Finland,Georgia,99.829507,78.022498
3712,4,1,2025-09-10,Germany,Slovenia,103.71484,80.720758
3713,1,1,2025-09-09,Poland,Turkey,76.081143,75.09566
3713,2,1,2025-09-09,Lithuania,Greece,100.21275,64.905665
3713,3,1,2025-09-10,Finland,Georgia,93.775872,79.765243
3713,4,1,2025-09-10,Germany,Slovenia,108.01505,92.998525
3714,1,1,2025-09-09,Poland,Turkey,75.408188,110.38051
3714,2,1,2025-09-09,Lithuania,Greece,108.24372,90.576118
3714,3,1,2025-09-10,Finland,Georgia,87.249446,79.266274
3714,4,1,2025-09-10,Germany,Slovenia,94.147095,69.438496
3715,1,1,2025-09-09,Poland,Turkey,62.68795,78.8954
3715,2,1,2025-09-09,Lithuania,Greece,87.898903,79.525968
3715,3,1,2025-09-10,Finland,Georgia,91.417404,59.325407
3715,4,1,2025-09-10,Germany,Slovenia,113.66752,79.881754
3716,1,1,2025-09-09,Poland,Turkey,96.723672,93.898206
3716,2,1,2025-09-09,Lithuania,Greece,77.790452,51.25913
3716,3,1,2025-09-10,Finland,Georgia,95.608806,77.199263
3716,4,1,2025-09-10,Germany,Slovenia,123.48099,93.921151
3717,1,1,2025-09-09,Poland,Turkey,66.497427,88.911756
3717,2,1,2025-09-09,Lithuania,Greece,93.851455,70.884423
3717,3,1,2025-09-10,Finland,Georgia,86.40828,74.696828
3717,4,1,2025-09-10,Germany,Slovenia,94.680188,80.071027
3718,1,1,2025-09-09,Poland,Turkey,75.535617,83.557867
3718,2,1,2025-09-09,Lithuania,Greece,71.758313,88.819205
3718,3,1,2025-09-10,Finland,Georgia,83.647006,77.513908
3718,4,1,2025-09-10,Germany,Slovenia,104.20391,88.358051
3719,1,1,2025-09-09,Poland,Turkey,85.12751,75.065688
3719,2,1,2025-09-09,Lithuania,Greece,98.962559,68.555286
3719,3,1,2025-09-10,Finland,Georgia,75.139078,65.140178
3719,4,1,2025-09-10,Germany,Slovenia,96.334691,93.87231
3720,1,1,2025-09-09,Poland,Turkey,67.412663,81.347757
3720,2,1,2025-09-09,Lithuania,Greece,79.360248,63.624694
3720,3,1,2025-09-10,Finland,Georgia,104.90515,84.151947
3720,4,1,2025-09-10,Germany,Slovenia,130.25913,95.084155
3721,1,1,2025-09-09,Poland,Turkey,82.30487,90.009366
3721,2,1,2025-09-09,Lithuania,Greece,78.59845,64.721876
3721,3,1,2025-09-10,Finland,Georgia,92.547644,68.750533
3721,4,1,2025-09-10,Germany,Slovenia,92.749673,83.786707
3722,1,1,2025-09-09,Poland,Turkey,73.62772,86.739426
3722,2,1,2025-09-09,Lithuania,Greece,94.197991,81.865704
3722,3,1,2025-09-10,Finland,Georgia,106.30855,101.59666
3722,4,1,2025-09-10,Germany,Slovenia,102.90273,74.809458
3723,1,1,2025-09-09,Poland,Turkey,72.315779,87.855463
3723,2,1,2025-09-09,Lithuania,Greece,82.795045,75.680159
3723,3,1,2025-09-10,Finland,Georgia,126.86667,68.401284
3723,4,1,2025-09-10,Germany,Slovenia,105.44619,94.417988
3724,1,1,2025-09-09,Poland,Turkey,82.782652,83.771286
3724,2,1,2025-09-09,Lithuania,Greece,96.54698,80.01766
3724,3,1,2025-09-10,Finland,Georgia,107.05145,72.242641
3724,4,1,2025-09-10,Germany,Slovenia,95.313529,82.878028
3725,1,1,2025-09-09,Poland,Turkey,78.210334,83.117774
3725,2,1,2025-09-09,Lithuania,Greece,94.963113,78.327916
3725,3,1,2025-09-10,Finland,Georgia,114.00463,87.320789
3725,4,1,2025-09-10,Germany,Slovenia,116.56876,80.824146
3726,1,1,2025-09-09,Poland,Turkey,80.086593,84.238776
3726,2,1,2025-09-09,Lithuania,Greece,87.799979,97.390158
3726,3,1,2025-09-10,Finland,Georgia,98.535325,93.057918
3726,4,1,2025-09-10,Germany,Slovenia,118.87815,90.327409
3727,1,1,2025-09-09,Poland,Turkey,86.868139,87.895136
3727,2,1,2025-09-09,Lithuania,Greece,90.921412,74.967196
3727,3,1,2025-09-10,Finland,Georgia,98.834653,74.686977
3727,4,1,2025-09-10,Germany,Slovenia,101.899,88.436762
3728,1,1,2025-09-09,Poland,Turkey,56.097255,99.212112
3728,2,1,2025-09-09,Lithuania,Greece,69.097108,66.859266
3728,3,1,2025-09-10,Finland,Georgia,96.720762,81.538479
3728,4,1,2025-09-10,Germany,Slovenia,108.28339,85.83683
3729,1,1,2025-09-09,Poland,Turkey,76.047442,92.565199
3729,2,1,2025-09-09,Lithuania,Greece,83.495433,74.639311
3729,3,1,2025-09-10,Finland,Georgia,101.59752,89.164048
3729,4,1,2025-09-10,Germany,Slovenia,106.73609,90.467716
3730,1,1,2025-09-09,Poland,Turkey,79.088773,86.024828
3730,2,1,2025-09-09,Lithuania,Greece,82.886357,79.962296
3730,3,1,2025-09-10,Finland,Georgia,90.999311,76.243765
3730,4,1,2025-09-10,Germany,Slovenia,101.67253,89.411391
3731,1,1,2025-09-09,Poland,Turkey,85.559544,88.952985
3731,2,1,2025-09-09,Lithuania,Greece,64.953167,86.594513
3731,3,1,2025-09-10,Finland,Georgia,101.40724,92.990198
3731,4,1,2025-09-10,Germany,Slovenia,101.69215,68.963719
3732,1,1,2025-09-09,Poland,Turkey,91.944205,85.711733
3732,2,1,2025-09-09,Lithuania,Greece,102.90704,98.381764
3732,3,1,2025-09-10,Finland,Georgia,99.614527,71.531808
3732,4,1,2025-09-10,Germany,Slovenia,112.67008,93.993018
3733,1,1,2025-09-09,Poland,Turkey,59.657122,67.827299
3733,2,1,2025-09-09,Lithuania,Greece,85.401805,103.56606
3733,3,1,2025-09-10,Finland,Georgia,107.31491,72.254363
3733,4,1,2025-09-10,Germany,Slovenia,104.03048,69.483599
3734,1,1,2025-09-09,Poland,Turkey,98.87034,93.208013
3734,2,1,2025-09-09,Lithuania,Greece,89.281553,58.215767
3734,3,1,2025-09-10,Finland,Georgia,86.22403,78.579899
3734,4,1,2025-09-10,Germany,Slovenia,111.74277,78.467313
3735,1,1,2025-09-09,Poland,Turkey,61.169216,89.423419
3735,2,1,2025-09-09,Lithuania,Greece,78.679271,74.370912
3735,3,1,2025-09-10,Finland,Georgia,88.670635,68.752846
3735,4,1,2025-09-10,Germany,Slovenia,108.46472,78.412883
3736,1,1,2025-09-09,Poland,Turkey,76.960551,87.291173
3736,2,1,2025-09-09,Lithuania,Greece,85.028703,76.037928
3736,3,1,2025-09-10,Finland,Georgia,106.39564,77.510673
3736,4,1,2025-09-10,Germany,Slovenia,103.85836,99.799114
3737,1,1,2025-09-09,Poland,Turkey,71.896657,88.677506
3737,2,1,2025-09-09,Lithuania,Greece,92.203009,85.577309
3737,3,1,2025-09-10,Finland,Georgia,86.327651,69.070674
3737,4,1,2025-09-10,Germany,Slovenia,108.23121,92.284693
3738,1,1,2025-09-09,Poland,Turkey,83.002217,93.26076
3738,2,1,2025-09-09,Lithuania,Greece,95.448442,73.84675
3738,3,1,2025-09-10,Finland,Georgia,93.020798,76.709847
3738,4,1,2025-09-10,Germany,Slovenia,102.96588,84.493504
3739,1,1,2025-09-09,Poland,Turkey,78.483735,83.771327
3739,2,1,2025-09-09,Lithuania,Greece,97.593682,77.518522
3739,3,1,2025-09-10,Finland,Georgia,88.526026,73.191001
3739,4,1,2025-09-10,Germany,Slovenia,84.377445,87.923465
3740,1,1,2025-09-09,Poland,Turkey,79.224973,104.38175
3740,2,1,2025-09-09,Lithuania,Greece,85.564321,73.670286
3740,3,1,2025-09-10,Finland,Georgia,98.743694,44.581078
3740,4,1,2025-09-10,Germany,Slovenia,91.093721,84.430356
3741,1,1,2025-09-09,Poland,Turkey,69.37063,84.868507
3741,2,1,2025-09-09,Lithuania,Greece,83.481968,64.776879
3741,3,1,2025-09-10,Finland,Georgia,122.05524,78.519181
3741,4,1,2025-09-10,Germany,Slovenia,101.16018,89.594231
3742,1,1,2025-09-09,Poland,Turkey,65.261167,78.493035
3742,2,1,2025-09-09,Lithuania,Greece,88.799475,79.271995
3742,3,1,2025-09-10,Finland,Georgia,112.92764,93.827495
3742,4,1,2025-09-10,Germany,Slovenia,112.1123,92.929728
3743,1,1,2025-09-09,Poland,Turkey,67.292692,82.896058
3743,2,1,2025-09-09,Lithuania,Greece,68.56636,102.75615
3743,3,1,2025-09-10,Finland,Georgia,97.325896,63.509625
3743,4,1,2025-09-10,Germany,Slovenia,126.15313,86.604302
3744,1,1,2025-09-09,Poland,Turkey,71.537599,81.192063
3744,2,1,2025-09-09,Lithuania,Greece,94.391898,80.706831
3744,3,1,2025-09-10,Finland,Georgia,119.26983,96.501137
3744,4,1,2025-09-10,Germany,Slovenia,115.26163,94.208711
3745,1,1,2025-09-09,Poland,Turkey,75.269053,84.526515
3745,2,1,2025-09-09,Lithuania,Greece,74.053073,78.548262
3745,3,1,2025-09-10,Finland,Georgia,107.84732,88.75996
3745,4,1,2025-09-10,Germany,Slovenia,95.88994,83.735368
3746,1,1,2025-09-09,Poland,Turkey,78.799544,103.65574
3746,2,1,2025-09-09,Lithuania,Greece,87.541455,78.259584
3746,3,1,2025-09-10,Finland,Georgia,99.86289,106.0976
3746,4,1,2025-09-10,Germany,Slovenia,111.34828,90.866329
3747,1,1,2025-09-09,Poland,Turkey,75.370331,84.02213
3747,2,1,2025-09-09,Lithuania,Greece,75.974147,72.547421
3747,3,1,2025-09-10,Finland,Georgia,88.499603,86.002638
3747,4,1,2025-09-10,Germany,Slovenia,94.988742,89.019594
3748,1,1,2025-09-09,Poland,Turkey,71.036177,90.948806
3748,2,1,2025-09-09,Lithuania,Greece,83.243316,75.317752
3748,3,1,2025-09-10,Finland,Georgia,123.37403,75.59672
3748,4,1,2025-09-10,Germany,Slovenia,103.31066,95.929715
3749,1,1,2025-09-09,Poland,Turkey,83.895586,96.75251
3749,2,1,2025-09-09,Lithuania,Greece,55.359874,52.879367
3749,3,1,2025-09-10,Finland,Georgia,78.815297,75.858872
3749,4,1,2025-09-10,Germany,Slovenia,128.31374,95.697951
3750,1,1,2025-09-09,Poland,Turkey,71.15707,81.616374
3750,2,1,2025-09-09,Lithuania,Greece,94.012515,56.531365
3750,3,1,2025-09-10,Finland,Georgia,99.149559,83.9013
3750,4,1,2025-09-10,Germany,Slovenia,103.16599,98.505625
3751,1,1,2025-09-09,Poland,Turkey,100.34183,103.20548
3751,2,1,2025-09-09,Lithuania,Greece,97.77818,101.31632
3751,3,1,2025-09-10,Finland,Georgia,103.11487,76.56102
3751,4,1,2025-09-10,Germany,Slovenia,97.523083,80.178378
3752,1,1,2025-09-09,Poland,Turkey,74.168987,79.923274
3752,2,1,2025-09-09,Lithuania,Greece,81.727184,52.892349
3752,3,1,2025-09-10,Finland,Georgia,98.852425,61.303174
3752,4,1,2025-09-10,Germany,Slovenia,90.000648,76.471374
3753,1,1,2025-09-09,Poland,Turkey,60.785167,97.79711
3753,2,1,2025-09-09,Lithuania,Greece,71.786041,59.80314
3753,3,1,2025-09-10,Finland,Georgia,102.0183,66.966521
3753,4,1,2025-09-10,Germany,Slovenia,114.41013,70.730746
3754,1,1,2025-09-09,Poland,Turkey,77.903481,93.675123
3754,2,1,2025-09-09,Lithuania,Greece,87.439164,89.043529
3754,3,1,2025-09-10,Finland,Georgia,106.60705,69.867946
3754,4,1,2025-09-10,Germany,Slovenia,105.25404,84.439396
3755,1,1,2025-09-09,Poland,Turkey,85.473325,95.314699
3755,2,1,2025-09-09,Lithuania,Greece,80.698421,90.303526
3755,3,1,2025-09-10,Finland,Georgia,89.966049,66.721652
3755,4,1,2025-09-10,Germany,Slovenia,113.24856,102.71644
3756,1,1,2025-09-09,Poland,Turkey,76.547738,82.810121
3756,2,1,2025-09-09,Lithuania,Greece,95.126294,83.478432
3756,3,1,2025-09-10,Finland,Georgia,89.115763,84.149339
3756,4,1,2025-09-10,Germany,Slovenia,106.52819,108.29331
3757,1,1,2025-09-09,Poland,Turkey,85.515629,103.00763
3757,2,1,2025-09-09,Lithuania,Greece,82.087255,80.362771
3757,3,1,2025-09-10,Finland,Georgia,82.58567,81.167002
3757,4,1,2025-09-10,Germany,Slovenia,102.08253,98.753861
3758,1,1,2025-09-09,Poland,Turkey,78.147876,94.364118
3758,2,1,2025-09-09,Lithuania,Greece,100.18438,85.441347
3758,3,1,2025-09-10,Finland,Georgia,122.49314,79.396961
3758,4,1,2025-09-10,Germany,Slovenia,95.944232,86.246999
3759,1,1,2025-09-09,Poland,Turkey,88.108516,83.511514
3759,2,1,2025-09-09,Lithuania,Greece,86.781219,60.413955
3759,3,1,2025-09-10,Finland,Georgia,95.327433,80.123823
3759,4,1,2025-09-10,Germany,Slovenia,117.85614,86.828109
3760,1,1,2025-09-09,Poland,Turkey,78.219671,86.990099
3760,2,1,2025-09-09,Lithuania,Greece,73.061415,54.882117
3760,3,1,2025-09-10,Finland,Georgia,102.3834,77.248419
3760,4,1,2025-09-10,Germany,Slovenia,94.339247,82.693429
3761,1,1,2025-09-09,Poland,Turkey,83.811792,83.394215
3761,2,1,2025-09-09,Lithuania,Greece,97.127648,66.396776
3761,3,1,2025-09-10,Finland,Georgia,93.812214,61.593587
3761,4,1,2025-09-10,Germany,Slovenia,112.58003,94.328381
3762,1,1,2025-09-09,Poland,Turkey,70.49287,86.052441
3762,2,1,2025-09-09,Lithuania,Greece,84.359562,81.496156
3762,3,1,2025-09-10,Finland,Georgia,64.155213,94.888514
3762,4,1,2025-09-10,Germany,Slovenia,112.90746,95.69865
3763,1,1,2025-09-09,Poland,Turkey,107.88569,110.63085
3763,2,1,2025-09-09,Lithuania,Greece,81.469946,87.598283
3763,3,1,2025-09-10,Finland,Georgia,104.6452,79.735404
3763,4,1,2025-09-10,Germany,Slovenia,102.00861,70.633145
3764,1,1,2025-09-09,Poland,Turkey,76.766954,73.410165
3764,2,1,2025-09-09,Lithuania,Greece,84.904406,79.910232
3764,3,1,2025-09-10,Finland,Georgia,79.687305,75.439315
3764,4,1,2025-09-10,Germany,Slovenia,119.7187,102.26123
3765,1,1,2025-09-09,Poland,Turkey,76.821731,87.018248
3765,2,1,2025-09-09,Lithuania,Greece,84.469734,62.008775
3765,3,1,2025-09-10,Finland,Georgia,98.329943,78.265193
3765,4,1,2025-09-10,Germany,Slovenia,104.37593,99.142409
3766,1,1,2025-09-09,Poland,Turkey,69.671738,88.991374
3766,2,1,2025-09-09,Lithuania,Greece,91.98998,60.670144
3766,3,1,2025-09-10,Finland,Georgia,85.06469,67.363197
3766,4,1,2025-09-10,Germany,Slovenia,100.1028,81.166517
3767,1,1,2025-09-09,Poland,Turkey,46.440465,71.642198
3767,2,1,2025-09-09,Lithuania,Greece,100.86022,92.942937
3767,3,1,2025-09-10,Finland,Georgia,123.34927,90.132679
3767,4,1,2025-09-10,Germany,Slovenia,105.00421,87.011637
3768,1,1,2025-09-09,Poland,Turkey,70.620398,98.346821
3768,2,1,2025-09-09,Lithuania,Greece,84.303654,59.764844
3768,3,1,2025-09-10,Finland,Georgia,103.34572,67.159363
3768,4,1,2025-09-10,Germany,Slovenia,86.230279,74.514481
3769,1,1,2025-09-09,Poland,Turkey,70.391979,96.229261
3769,2,1,2025-09-09,Lithuania,Greece,77.608183,84.116656
3769,3,1,2025-09-10,Finland,Georgia,93.607805,74.822262
3769,4,1,2025-09-10,Germany,Slovenia,95.956339,77.742715
3770,1,1,2025-09-09,Poland,Turkey,73.419056,83.335341
3770,2,1,2025-09-09,Lithuania,Greece,83.150063,81.155838
3770,3,1,2025-09-10,Finland,Georgia,90.894001,82.933287000000007
3770,4,1,2025-09-10,Germany,Slovenia,98.838364,104.21515
3771,1,1,2025-09-09,Poland,Turkey,90.403007,69.310873
3771,2,1,2025-09-09,Lithuania,Greece,86.412071,83.497975
3771,3,1,2025-09-10,Finland,Georgia,95.68376,79.694783
3771,4,1,2025-09-10,Germany,Slovenia,89.883467,99.237672
3772,1,1,2025-09-09,Poland,Turkey,72.170588,76.139323
3772,2,1,2025-09-09,Lithuania,Greece,80.914085,91.02905
3772,3,1,2025-09-10,Finland,Georgia,114.83348,72.375752
3772,4,1,2025-09-10,Germany,Slovenia,115.32752,88.687174
3773,1,1,2025-09-09,Poland,Turkey,62.544796,78.333125
3773,2,1,2025-09-09,Lithuania,Greece,76.848474,62.980339
3773,3,1,2025-09-10,Finland,Georgia,93.584765,87.326369
3773,4,1,2025-09-10,Germany,Slovenia,110.71385,77.492822
3774,1,1,2025-09-09,Poland,Turkey,91.732763,80.687834
3774,2,1,2025-09-09,Lithuania,Greece,88.918613,85.947971
3774,3,1,2025-09-10,Finland,Georgia,93.914718,72.899333
3774,4,1,2025-09-10,Germany,Slovenia,94.307451,79.190073
3775,1,1,2025-09-09,Poland,Turkey,89.58017,73.32244
3775,2,1,2025-09-09,Lithuania,Greece,95.439224,65.101353
3775,3,1,2025-09-10,Finland,Georgia,94.281086,81.512505
3775,4,1,2025-09-10,Germany,Slovenia,120.01396,86.198159
3776,1,1,2025-09-09,Poland,Turkey,101.50423,78.11145
3776,2,1,2025-09-09,Lithuania,Greece,93.083306,76.956735
3776,3,1,2025-09-10,Finland,Georgia,97.598607,67.518188
3776,4,1,2025-09-10,Germany,Slovenia,109.13824,84.086724
3777,1,1,2025-09-09,Poland,Turkey,93.786784,85.339705
3777,2,1,2025-09-09,Lithuania,Greece,89.483098,55.417028
3777,3,1,2025-09-10,Finland,Georgia,120.31962,97.361074
3777,4,1,2025-09-10,Germany,Slovenia,109.53479,93.934588
3778,1,1,2025-09-09,Poland,Turkey,71.844222,79.110702
3778,2,1,2025-09-09,Lithuania,Greece,100.94268,90.491766
3778,3,1,2025-09-10,Finland,Georgia,99.94314,96.970815
3778,4,1,2025-09-10,Germany,Slovenia,87.96098,87.343449
3779,1,1,2025-09-09,Poland,Turkey,70.442565,84.109053
3779,2,1,2025-09-09,Lithuania,Greece,87.197471,52.886802
3779,3,1,2025-09-10,Finland,Georgia,93.692149,85.418993
3779,4,1,2025-09-10,Germany,Slovenia,104.00659,96.237663
3780,1,1,2025-09-09,Poland,Turkey,64.311171,85.017156
3780,2,1,2025-09-09,Lithuania,Greece,94.402875,64.015969
3780,3,1,2025-09-10,Finland,Georgia,102.27132,56.052015
3780,4,1,2025-09-10,Germany,Slovenia,102.20924,92.873603
3781,1,1,2025-09-09,Poland,Turkey,93.247664,98.461356
3781,2,1,2025-09-09,Lithuania,Greece,96.098222,89.280014
3781,3,1,2025-09-10,Finland,Georgia,105.51627,79.892672
3781,4,1,2025-09-10,Germany,Slovenia,86.313437,87.721867
3782,1,1,2025-09-09,Poland,Turkey,91.360467,102.4314
3782,2,1,2025-09-09,Lithuania,Greece,85.288177,70.690962
3782,3,1,2025-09-10,Finland,Georgia,101.22927,77.640456
3782,4,1,2025-09-10,Germany,Slovenia,113.19727,83.912006
3783,1,1,2025-09-09,Poland,Turkey,68.0557,92.99243
3783,2,1,2025-09-09,Lithuania,Greece,68.253246,73.812255
3783,3,1,2025-09-10,Finland,Georgia,121.75768,84.207844
3783,4,1,2025-09-10,Germany,Slovenia,93.541381,87.454172
3784,1,1,2025-09-09,Poland,Turkey,78.16001,89.55309
3784,2,1,2025-09-09,Lithuania,Greece,95.833908,74.839943
3784,3,1,2025-09-10,Finland,Georgia,102.55278,86.493392
3784,4,1,2025-09-10,Germany,Slovenia,88.676683,95.225097
3785,1,1,2025-09-09,Poland,Turkey,42.805638,83.387173
3785,2,1,2025-09-09,Lithuania,Greece,97.331982,71.283305
3785,3,1,2025-09-10,Finland,Georgia,102.55778,80.427456
3785,4,1,2025-09-10,Germany,Slovenia,109.65962,78.043743
3786,1,1,2025-09-09,Poland,Turkey,67.163963,70.30364
3786,2,1,2025-09-09,Lithuania,Greece,103.05717,56.182136
3786,3,1,2025-09-10,Finland,Georgia,76.895548,83.856595
3786,4,1,2025-09-10,Germany,Slovenia,101.71421,91.098088
3787,1,1,2025-09-09,Poland,Turkey,67.357486,77.529176
3787,2,1,2025-09-09,Lithuania,Greece,110.35712,70.249738
3787,3,1,2025-09-10,Finland,Georgia,107.95137,92.005731
3787,4,1,2025-09-10,Germany,Slovenia,102.48654,82.865213
3788,1,1,2025-09-09,Poland,Turkey,67.154538,102.55998
3788,2,1,2025-09-09,Lithuania,Greece,101.45267,80.914412
3788,3,1,2025-09-10,Finland,Georgia,86.917098,64.559486
3788,4,1,2025-09-10,Germany,Slovenia,98.431431,73.863054
3789,1,1,2025-09-09,Poland,Turkey,72.711257,101.31761
3789,2,1,2025-09-09,Lithuania,Greece,108.08372,90.335426
3789,3,1,2025-09-10,Finland,Georgia,90.023148,52.604132
3789,4,1,2025-09-10,Germany,Slovenia,94.452828,97.512182
3790,1,1,2025-09-09,Poland,Turkey,65.128472,91.747678
3790,2,1,2025-09-09,Lithuania,Greece,80.234044,74.149314
3790,3,1,2025-09-10,Finland,Georgia,124.7854,79.30372
3790,4,1,2025-09-10,Germany,Slovenia,102.74634,85.795436
3791,1,1,2025-09-09,Poland,Turkey,61.867944,91.630039
3791,2,1,2025-09-09,Lithuania,Greece,102.53769,83.249021
3791,3,1,2025-09-10,Finland,Georgia,105.07975,79.516928
3791,4,1,2025-09-10,Germany,Slovenia,118.55632,115.80485
3792,1,1,2025-09-09,Poland,Turkey,69.663501,92.158161
3792,2,1,2025-09-09,Lithuania,Greece,88.187109,78.659332
3792,3,1,2025-09-10,Finland,Georgia,104.05431,71.787629
3792,4,1,2025-09-10,Germany,Slovenia,93.428975,100.99871
3793,1,1,2025-09-09,Poland,Turkey,85.481999,91.188663
3793,2,1,2025-09-09,Lithuania,Greece,81.015771,69.888564
3793,3,1,2025-09-10,Finland,Georgia,97.359891,71.137803
3793,4,1,2025-09-10,Germany,Slovenia,113.73616,95.495384
3794,1,1,2025-09-09,Poland,Turkey,102.99779,96.51583
3794,2,1,2025-09-09,Lithuania,Greece,80.623375,69.277761
3794,3,1,2025-09-10,Finland,Georgia,98.612236,78.920148
3794,4,1,2025-09-10,Germany,Slovenia,97.895008,78.55653
3795,1,1,2025-09-09,Poland,Turkey,72.063369,97.234027
3795,2,1,2025-09-09,Lithuania,Greece,90.545954,55.625394
3795,3,1,2025-09-10,Finland,Georgia,115.61661,87.068455
3795,4,1,2025-09-10,Germany,Slovenia,102.61666,102.3081
3796,1,1,2025-09-09,Poland,Turkey,64.869296,81.67232
3796,2,1,2025-09-09,Lithuania,Greece,85.521214,80.265652
3796,3,1,2025-09-10,Finland,Georgia,80.858864,77.447524
3796,4,1,2025-09-10,Germany,Slovenia,94.1013,75.010382
3797,1,1,2025-09-09,Poland,Turkey,83.990678,93.085059
3797,2,1,2025-09-09,Lithuania,Greece,90.312824,78.97931
3797,3,1,2025-09-10,Finland,Georgia,102.34801,76.078434
3797,4,1,2025-09-10,Germany,Slovenia,106.8233,94.070534
3798,1,1,2025-09-09,Poland,Turkey,73.493189,90.145022
3798,2,1,2025-09-09,Lithuania,Greece,85.768947,74.697455
3798,3,1,2025-09-10,Finland,Georgia,91.8768,77.068004
3798,4,1,2025-09-10,Germany,Slovenia,99.009157,88.021558
3799,1,1,2025-09-09,Poland,Turkey,71.899191,94.949666
3799,2,1,2025-09-09,Lithuania,Greece,77.947909,80.183009
3799,3,1,2025-09-10,Finland,Georgia,80.261306,89.738256
3799,4,1,2025-09-10,Germany,Slovenia,100.14238,83.769623
3800,1,1,2025-09-09,Poland,Turkey,92.954202,103.94916
3800,2,1,2025-09-09,Lithuania,Greece,89.439734,77.937255
3800,3,1,2025-09-10,Finland,Georgia,79.711968,83.782832
3800,4,1,2025-09-10,Germany,Slovenia,107.71167,89.093927
3801,1,1,2025-09-09,Poland,Turkey,75.784072,93.081969
3801,2,1,2025-09-09,Lithuania,Greece,74.177836,71.251505
3801,3,1,2025-09-10,Finland,Georgia,111.3966,69.049783
3801,4,1,2025-09-10,Germany,Slovenia,109.64448,93.108603
3802,1,1,2025-09-09,Poland,Turkey,100.25332,90.757706
3802,2,1,2025-09-09,Lithuania,Greece,97.086806,80.194183
3802,3,1,2025-09-10,Finland,Georgia,99.949119,80.265023
3802,4,1,2025-09-10,Germany,Slovenia,96.916506,106.84855
3803,1,1,2025-09-09,Poland,Turkey,99.577116,91.681415
3803,2,1,2025-09-09,Lithuania,Greece,69.61357,72.601499
3803,3,1,2025-09-10,Finland,Georgia,99.364885,87.220877
3803,4,1,2025-09-10,Germany,Slovenia,111.43319,77.887671
3804,1,1,2025-09-09,Poland,Turkey,79.790038,85.929132
3804,2,1,2025-09-09,Lithuania,Greece,99.192828,87.434568
3804,3,1,2025-09-10,Finland,Georgia,90.067029,60.349169
3804,4,1,2025-09-10,Germany,Slovenia,112.17437,77.490858
3805,1,1,2025-09-09,Poland,Turkey,74.356543,78.102743
3805,2,1,2025-09-09,Lithuania,Greece,81.573764,72.108388
3805,3,1,2025-09-10,Finland,Georgia,74.658524,57.952797
3805,4,1,2025-09-10,Germany,Slovenia,99.468973,81.039997
3806,1,1,2025-09-09,Poland,Turkey,58.159994,70.074571
3806,2,1,2025-09-09,Lithuania,Greece,98.156408,89.697942
3806,3,1,2025-09-10,Finland,Georgia,104.62467,87.746503
3806,4,1,2025-09-10,Germany,Slovenia,108.92057,92.50394
3807,1,1,2025-09-09,Poland,Turkey,66.177587,68.022054
3807,2,1,2025-09-09,Lithuania,Greece,76.682945,46.767898
3807,3,1,2025-09-10,Finland,Georgia,97.37982,78.615203
3807,4,1,2025-09-10,Germany,Slovenia,90.726189,103.39739
3808,1,1,2025-09-09,Poland,Turkey,82.361041,101.65266
3808,2,1,2025-09-09,Lithuania,Greece,84.901845,70.084394
3808,3,1,2025-09-10,Finland,Georgia,80.455257,56.15515
3808,4,1,2025-09-10,Germany,Slovenia,84.004533,94.022938
3809,1,1,2025-09-09,Poland,Turkey,82.549579,99.801684
3809,2,1,2025-09-09,Lithuania,Greece,81.616489,69.331926
3809,3,1,2025-09-10,Finland,Georgia,99.750451,84.633304999999993
3809,4,1,2025-09-10,Germany,Slovenia,94.687013,69.868177
3810,1,1,2025-09-09,Poland,Turkey,73.233897,108.88218
3810,2,1,2025-09-09,Lithuania,Greece,88.933801,91.697475
3810,3,1,2025-09-10,Finland,Georgia,97.590177,88.912853
3810,4,1,2025-09-10,Germany,Slovenia,110.61708,98.886138
3811,1,1,2025-09-09,Poland,Turkey,56.766523,92.543631
3811,2,1,2025-09-09,Lithuania,Greece,87.109366,79.062784
3811,3,1,2025-09-10,Finland,Georgia,104.31118,90.189895
3811,4,1,2025-09-10,Germany,Slovenia,96.011291,84.418922
3812,1,1,2025-09-09,Poland,Turkey,66.137177,98.860565
3812,2,1,2025-09-09,Lithuania,Greece,53.631879,40.826169
3812,3,1,2025-09-10,Finland,Georgia,99.714889,71.675295
3812,4,1,2025-09-10,Germany,Slovenia,128.21457,82.299109
3813,1,1,2025-09-09,Poland,Turkey,80.488622,97.027193
3813,2,1,2025-09-09,Lithuania,Greece,91.792984,62.541745
3813,3,1,2025-09-10,Finland,Georgia,109.34189,76.969071
3813,4,1,2025-09-10,Germany,Slovenia,118.82691,69.698759
3814,1,1,2025-09-09,Poland,Turkey,60.889562,98.270439
3814,2,1,2025-09-09,Lithuania,Greece,89.209601,58.537167
3814,3,1,2025-09-10,Finland,Georgia,89.634218,64.425476
3814,4,1,2025-09-10,Germany,Slovenia,100.01615,82.267496
3815,1,1,2025-09-09,Poland,Turkey,58.687901,81.63276
3815,2,1,2025-09-09,Lithuania,Greece,87.006243,77.4814
3815,3,1,2025-09-10,Finland,Georgia,104.16387,80.768903
3815,4,1,2025-09-10,Germany,Slovenia,111.13546,100.88829
3816,1,1,2025-09-09,Poland,Turkey,88.786564,78.469039
3816,2,1,2025-09-09,Lithuania,Greece,76.290408,73.103733
3816,3,1,2025-09-10,Finland,Georgia,81.981622,77.978861
3816,4,1,2025-09-10,Germany,Slovenia,112.28919,83.77889
3817,1,1,2025-09-09,Poland,Turkey,77.746008,92.177355
3817,2,1,2025-09-09,Lithuania,Greece,84.556292,71.880835
3817,3,1,2025-09-10,Finland,Georgia,94.542805,77.354081
3817,4,1,2025-09-10,Germany,Slovenia,79.569845,83.953218
3818,1,1,2025-09-09,Poland,Turkey,70.585348,88.376359
3818,2,1,2025-09-09,Lithuania,Greece,91.117968,63.905764
3818,3,1,2025-09-10,Finland,Georgia,92.468448,78.746581
3818,4,1,2025-09-10,Germany,Slovenia,95.948553,89.628926
3819,1,1,2025-09-09,Poland,Turkey,77.130369,68.769538
3819,2,1,2025-09-09,Lithuania,Greece,74.889426,79.572952
3819,3,1,2025-09-10,Finland,Georgia,104.65345,75.355489
3819,4,1,2025-09-10,Germany,Slovenia,99.23613,78.917601
3820,1,1,2025-09-09,Poland,Turkey,75.702718,109.69177
3820,2,1,2025-09-09,Lithuania,Greece,86.165788,73.888651
3820,3,1,2025-09-10,Finland,Georgia,98.482714,73.396507
3820,4,1,2025-09-10,Germany,Slovenia,89.896039,61.529013
3821,1,1,2025-09-09,Poland,Turkey,75.656841,73.335657
3821,2,1,2025-09-09,Lithuania,Greece,80.363693,70.727295
3821,3,1,2025-09-10,Finland,Georgia,76.765583,77.143069
3821,4,1,2025-09-10,Germany,Slovenia,112.88043,86.708075
3822,1,1,2025-09-09,Poland,Turkey,64.105013,89.156459
3822,2,1,2025-09-09,Lithuania,Greece,85.286653,64.790892
3822,3,1,2025-09-10,Finland,Georgia,87.880118,68.326662
3822,4,1,2025-09-10,Germany,Slovenia,90.429341,85.19099
3823,1,1,2025-09-09,Poland,Turkey,67.242619,85.832773
3823,2,1,2025-09-09,Lithuania,Greece,98.954606,89.71383
3823,3,1,2025-09-10,Finland,Georgia,101.40624,89.555546
3823,4,1,2025-09-10,Germany,Slovenia,94.964199,82.448545
3824,1,1,2025-09-09,Poland,Turkey,63.550009,96.904818
3824,2,1,2025-09-09,Lithuania,Greece,92.177419,71.445425
3824,3,1,2025-09-10,Finland,Georgia,99.934044,83.97318
3824,4,1,2025-09-10,Germany,Slovenia,122.31948,90.859603
3825,1,1,2025-09-09,Poland,Turkey,87.64777,99.549583
3825,2,1,2025-09-09,Lithuania,Greece,78.3819,77.470771
3825,3,1,2025-09-10,Finland,Georgia,88.511179,74.042231
3825,4,1,2025-09-10,Germany,Slovenia,105.5115,83.325751
3826,1,1,2025-09-09,Poland,Turkey,69.679132,100.58017
3826,2,1,2025-09-09,Lithuania,Greece,105.10755,85.756157
3826,3,1,2025-09-10,Finland,Georgia,91.186455,60.307284
3826,4,1,2025-09-10,Germany,Slovenia,119.06008,82.616073
3827,1,1,2025-09-09,Poland,Turkey,74.618875,105.89364
3827,2,1,2025-09-09,Lithuania,Greece,88.764482,83.042277
3827,3,1,2025-09-10,Finland,Georgia,99.127012,71.082503
3827,4,1,2025-09-10,Germany,Slovenia,81.863938,87.521768
3828,1,1,2025-09-09,Poland,Turkey,68.824519,102.15413
3828,2,1,2025-09-09,Lithuania,Greece,80.265999,84.511231
3828,3,1,2025-09-10,Finland,Georgia,106.03032,76.790466
3828,4,1,2025-09-10,Germany,Slovenia,113.31082,71.318042
3829,1,1,2025-09-09,Poland,Turkey,85.790218,64.407618
3829,2,1,2025-09-09,Lithuania,Greece,74.72352,79.983034
3829,3,1,2025-09-10,Finland,Georgia,77.461342,62.484541
3829,4,1,2025-09-10,Germany,Slovenia,94.664255,82.207619
3830,1,1,2025-09-09,Poland,Turkey,84.9567,82.386497
3830,2,1,2025-09-09,Lithuania,Greece,79.766611,71.79227
3830,3,1,2025-09-10,Finland,Georgia,89.572636,62.264671
3830,4,1,2025-09-10,Germany,Slovenia,85.211655,85.48255
3831,1,1,2025-09-09,Poland,Turkey,63.215417,83.563823
3831,2,1,2025-09-09,Lithuania,Greece,75.136693,85.926825
3831,3,1,2025-09-10,Finland,Georgia,89.924864,67.844613
3831,4,1,2025-09-10,Germany,Slovenia,88.601848,70.564924
3832,1,1,2025-09-09,Poland,Turkey,70.777251,63.243702
3832,2,1,2025-09-09,Lithuania,Greece,75.686436,89.417936
3832,3,1,2025-09-10,Finland,Georgia,78.74228,80.704912
3832,4,1,2025-09-10,Germany,Slovenia,105.10363,85.72824
3833,1,1,2025-09-09,Poland,Turkey,60.482414,76.931453
3833,2,1,2025-09-09,Lithuania,Greece,89.175153,73.583006
3833,3,1,2025-09-10,Finland,Georgia,89.60556,75.201293
3833,4,1,2025-09-10,Germany,Slovenia,101.64009,88.355296
3834,1,1,2025-09-09,Poland,Turkey,77.836908,88.709309
3834,2,1,2025-09-09,Lithuania,Greece,93.319798,96.540919
3834,3,1,2025-09-10,Finland,Georgia,101.63976,73.708586
3834,4,1,2025-09-10,Germany,Slovenia,105.61636,66.973743
3835,1,1,2025-09-09,Poland,Turkey,74.078973,81.152717
3835,2,1,2025-09-09,Lithuania,Greece,87.819484,82.556803
3835,3,1,2025-09-10,Finland,Georgia,93.499785,78.292904
3835,4,1,2025-09-10,Germany,Slovenia,90.751203,81.487911
3836,1,1,2025-09-09,Poland,Turkey,80.497968,63.9557
3836,2,1,2025-09-09,Lithuania,Greece,87.326278,82.078341
3836,3,1,2025-09-10,Finland,Georgia,97.606692,77.640662
3836,4,1,2025-09-10,Germany,Slovenia,109.51267,85.9229
3837,1,1,2025-09-09,Poland,Turkey,82.446089,100.80984
3837,2,1,2025-09-09,Lithuania,Greece,83.141434,80.542238
3837,3,1,2025-09-10,Finland,Georgia,113.47207,104.91065
3837,4,1,2025-09-10,Germany,Slovenia,127.70646,96.627298
3838,1,1,2025-09-09,Poland,Turkey,81.945361,79.420622
3838,2,1,2025-09-09,Lithuania,Greece,89.844629,67.956605
3838,3,1,2025-09-10,Finland,Georgia,90.479133,66.312598
3838,4,1,2025-09-10,Germany,Slovenia,108.53662,97.552323
3839,1,1,2025-09-09,Poland,Turkey,74.324814,82.673047
3839,2,1,2025-09-09,Lithuania,Greece,98.27037,75.943232
3839,3,1,2025-09-10,Finland,Georgia,77.721922,73.208268
3839,4,1,2025-09-10,Germany,Slovenia,103.56393,85.891493
3840,1,1,2025-09-09,Poland,Turkey,72.134278,74.755002
3840,2,1,2025-09-09,Lithuania,Greece,75.556418,89.908687
3840,3,1,2025-09-10,Finland,Georgia,95.725001,81.76561
3840,4,1,2025-09-10,Germany,Slovenia,119.77843,85.605851
3841,1,1,2025-09-09,Poland,Turkey,84.432711,87.67022
3841,2,1,2025-09-09,Lithuania,Greece,98.960325,84.139714
3841,3,1,2025-09-10,Finland,Georgia,100.9458,87.291402
3841,4,1,2025-09-10,Germany,Slovenia,87.472944,93.557953
3842,1,1,2025-09-09,Poland,Turkey,76.119283,88.643202
3842,2,1,2025-09-09,Lithuania,Greece,98.446293,80.000987
3842,3,1,2025-09-10,Finland,Georgia,89.811735,56.192821
3842,4,1,2025-09-10,Germany,Slovenia,101.30968,76.377577
3843,1,1,2025-09-09,Poland,Turkey,74.312282,95.494676
3843,2,1,2025-09-09,Lithuania,Greece,88.262718,52.415097
3843,3,1,2025-09-10,Finland,Georgia,92.71786,82.083292
3843,4,1,2025-09-10,Germany,Slovenia,92.142767,83.706314
3844,1,1,2025-09-09,Poland,Turkey,63.765576,93.536049
3844,2,1,2025-09-09,Lithuania,Greece,84.146521,70.660823
3844,3,1,2025-09-10,Finland,Georgia,105.39452,80.846869
3844,4,1,2025-09-10,Germany,Slovenia,108.99747,71.14478
3845,1,1,2025-09-09,Poland,Turkey,75.166186,72.105716
3845,2,1,2025-09-09,Lithuania,Greece,84.995226,93.582161
3845,3,1,2025-09-10,Finland,Georgia,97.877105,76.73854
3845,4,1,2025-09-10,Germany,Slovenia,117.12794,84.877774
3846,1,1,2025-09-09,Poland,Turkey,78.4039,92.571776
3846,2,1,2025-09-09,Lithuania,Greece,83.302234,71.40786
3846,3,1,2025-09-10,Finland,Georgia,96.998462,83.117293
3846,4,1,2025-09-10,Germany,Slovenia,100.17431,81.732159
3847,1,1,2025-09-09,Poland,Turkey,76.906727,82.910241
3847,2,1,2025-09-09,Lithuania,Greece,92.073016,76.429783
3847,3,1,2025-09-10,Finland,Georgia,88.217785,49.397987
3847,4,1,2025-09-10,Germany,Slovenia,95.601122,91.465437
3848,1,1,2025-09-09,Poland,Turkey,87.84657,84.749242
3848,2,1,2025-09-09,Lithuania,Greece,100.07249,82.462399
3848,3,1,2025-09-10,Finland,Georgia,86.928545,64.720415
3848,4,1,2025-09-10,Germany,Slovenia,101.44513,83.578124
3849,1,1,2025-09-09,Poland,Turkey,68.920876,75.141821
3849,2,1,2025-09-09,Lithuania,Greece,92.771287,75.055888
3849,3,1,2025-09-10,Finland,Georgia,80.039412,76.186913
3849,4,1,2025-09-10,Germany,Slovenia,93.655027,89.676567
3850,1,1,2025-09-09,Poland,Turkey,74.940759,93.538724
3850,2,1,2025-09-09,Lithuania,Greece,98.291458,91.988449
3850,3,1,2025-09-10,Finland,Georgia,91.871744,52.168139
3850,4,1,2025-09-10,Germany,Slovenia,118.84811,87.001292
3851,1,1,2025-09-09,Poland,Turkey,67.334226,89.507468
3851,2,1,2025-09-09,Lithuania,Greece,67.555033,67.456168
3851,3,1,2025-09-10,Finland,Georgia,105.86857,79.989314
3851,4,1,2025-09-10,Germany,Slovenia,93.218885,77.497526
3852,1,1,2025-09-09,Poland,Turkey,80.891102,86.696408
3852,2,1,2025-09-09,Lithuania,Greece,93.032742,75.72822
3852,3,1,2025-09-10,Finland,Georgia,96.840861,95.721549
3852,4,1,2025-09-10,Germany,Slovenia,98.204663,98.603157
3853,1,1,2025-09-09,Poland,Turkey,73.590409,75.423157
3853,2,1,2025-09-09,Lithuania,Greece,99.398614,83.420466
3853,3,1,2025-09-10,Finland,Georgia,102.73452,75.970355
3853,4,1,2025-09-10,Germany,Slovenia,79.354568,79.956034
3854,1,1,2025-09-09,Poland,Turkey,53.016613,86.453897
3854,2,1,2025-09-09,Lithuania,Greece,81.022435,87.443574
3854,3,1,2025-09-10,Finland,Georgia,77.459808,78.751549
3854,4,1,2025-09-10,Germany,Slovenia,94.827966,93.371409
3855,1,1,2025-09-09,Poland,Turkey,76.202433,97.550627
3855,2,1,2025-09-09,Lithuania,Greece,99.164334,73.130524
3855,3,1,2025-09-10,Finland,Georgia,90.046039,78.738606
3855,4,1,2025-09-10,Germany,Slovenia,103.08273,77.216
3856,1,1,2025-09-09,Poland,Turkey,85.851135,85.181375
3856,2,1,2025-09-09,Lithuania,Greece,84.837675,72.93565
3856,3,1,2025-09-10,Finland,Georgia,82.189238,66.964071
3856,4,1,2025-09-10,Germany,Slovenia,110.87343,75.957931
3857,1,1,2025-09-09,Poland,Turkey,87.708081,72.755779
3857,2,1,2025-09-09,Lithuania,Greece,109.83827,69.24821
3857,3,1,2025-09-10,Finland,Georgia,96.906943,71.344564
3857,4,1,2025-09-10,Germany,Slovenia,100.31673,88.86128
3858,1,1,2025-09-09,Poland,Turkey,69.25727,99.095686
3858,2,1,2025-09-09,Lithuania,Greece,104.20125,89.686374
3858,3,1,2025-09-10,Finland,Georgia,96.737378,64.000803
3858,4,1,2025-09-10,Germany,Slovenia,112.6578,82.434022
3859,1,1,2025-09-09,Poland,Turkey,78.505178,94.360888
3859,2,1,2025-09-09,Lithuania,Greece,72.520349,82.796096
3859,3,1,2025-09-10,Finland,Georgia,112.9634,65.117812
3859,4,1,2025-09-10,Germany,Slovenia,108.80141,90.854369
3860,1,1,2025-09-09,Poland,Turkey,89.104982,77.665413
3860,2,1,2025-09-09,Lithuania,Greece,94.103739,83.350561
3860,3,1,2025-09-10,Finland,Georgia,88.186939,78.769431
3860,4,1,2025-09-10,Germany,Slovenia,116.9108,88.112224
3861,1,1,2025-09-09,Poland,Turkey,73.283153,96.094262
3861,2,1,2025-09-09,Lithuania,Greece,92.397845,83.543251
3861,3,1,2025-09-10,Finland,Georgia,91.172479,78.751062
3861,4,1,2025-09-10,Germany,Slovenia,126.14105,76.351438
3862,1,1,2025-09-09,Poland,Turkey,73.56571,94.189113
3862,2,1,2025-09-09,Lithuania,Greece,95.156239,73.635092
3862,3,1,2025-09-10,Finland,Georgia,98.05478,77.253334
3862,4,1,2025-09-10,Germany,Slovenia,103.12411,99.163936
3863,1,1,2025-09-09,Poland,Turkey,83.291153,104.4271
3863,2,1,2025-09-09,Lithuania,Greece,80.4482,73.192306
3863,3,1,2025-09-10,Finland,Georgia,100.80944,82.311011
3863,4,1,2025-09-10,Germany,Slovenia,103.97753,84.804958
3864,1,1,2025-09-09,Poland,Turkey,67.557015,89.779247
3864,2,1,2025-09-09,Lithuania,Greece,82.384617,62.512441
3864,3,1,2025-09-10,Finland,Georgia,82.460102,58.478833
3864,4,1,2025-09-10,Germany,Slovenia,102.16098,97.073534
3865,1,1,2025-09-09,Poland,Turkey,87.36527,107.63482
3865,2,1,2025-09-09,Lithuania,Greece,96.70277,60.583128
3865,3,1,2025-09-10,Finland,Georgia,86.472759,78.942283
3865,4,1,2025-09-10,Germany,Slovenia,119.23485,86.876555
3866,1,1,2025-09-09,Poland,Turkey,92.620416,88.92195
3866,2,1,2025-09-09,Lithuania,Greece,82.407921,85.967933
3866,3,1,2025-09-10,Finland,Georgia,102.21985,78.736008
3866,4,1,2025-09-10,Germany,Slovenia,97.503045,80.939719
3867,1,1,2025-09-09,Poland,Turkey,80.239274,85.349551
3867,2,1,2025-09-09,Lithuania,Greece,96.919995,90.867993
3867,3,1,2025-09-10,Finland,Georgia,85.161323,65.318929
3867,4,1,2025-09-10,Germany,Slovenia,99.405437,93.691015
3868,1,1,2025-09-09,Poland,Turkey,68.101942,86.185582
3868,2,1,2025-09-09,Lithuania,Greece,81.179142,74.514385
3868,3,1,2025-09-10,Finland,Georgia,85.25742,63.252032
3868,4,1,2025-09-10,Germany,Slovenia,65.345739,86.864032
3869,1,1,2025-09-09,Poland,Turkey,61.034175,108.48259
3869,2,1,2025-09-09,Lithuania,Greece,86.640619,69.254098
3869,3,1,2025-09-10,Finland,Georgia,90.94495,64.484813
3869,4,1,2025-09-10,Germany,Slovenia,116.13743,83.367989
3870,1,1,2025-09-09,Poland,Turkey,89.097086,99.894301
3870,2,1,2025-09-09,Lithuania,Greece,92.163214,72.535577
3870,3,1,2025-09-10,Finland,Georgia,93.919615,58.588094
3870,4,1,2025-09-10,Germany,Slovenia,84.148115,84.104212
3871,1,1,2025-09-09,Poland,Turkey,78.137588,75.607938
3871,2,1,2025-09-09,Lithuania,Greece,85.970326,77.841765
3871,3,1,2025-09-10,Finland,Georgia,104.55317,61.708778
3871,4,1,2025-09-10,Germany,Slovenia,113.538,90.406389
3872,1,1,2025-09-09,Poland,Turkey,88.886282,108.15638
3872,2,1,2025-09-09,Lithuania,Greece,72.436868,74.564397
3872,3,1,2025-09-10,Finland,Georgia,102.62771,82.512809
3872,4,1,2025-09-10,Germany,Slovenia,110.09453,71.183792
3873,1,1,2025-09-09,Poland,Turkey,61.566094,77.840821
3873,2,1,2025-09-09,Lithuania,Greece,81.72366,70.681735
3873,3,1,2025-09-10,Finland,Georgia,111.46438,63.736828
3873,4,1,2025-09-10,Germany,Slovenia,103.88431,103.84543
3874,1,1,2025-09-09,Poland,Turkey,100.18809,69.853923
3874,2,1,2025-09-09,Lithuania,Greece,86.768095,77.196168
3874,3,1,2025-09-10,Finland,Georgia,94.667547,79.250104
3874,4,1,2025-09-10,Germany,Slovenia,100.85461,95.604073
3875,1,1,2025-09-09,Poland,Turkey,80.041565,75.525564
3875,2,1,2025-09-09,Lithuania,Greece,70.572784,92.57235
3875,3,1,2025-09-10,Finland,Georgia,102.78846,73.844292
3875,4,1,2025-09-10,Germany,Slovenia,92.346857,91.877835
3876,1,1,2025-09-09,Poland,Turkey,80.615702,53.649946
3876,2,1,2025-09-09,Lithuania,Greece,85.584275,89.840895
3876,3,1,2025-09-10,Finland,Georgia,74.55803,78.106106
3876,4,1,2025-09-10,Germany,Slovenia,93.977116,81.85544
3877,1,1,2025-09-09,Poland,Turkey,83.381871,86.741782
3877,2,1,2025-09-09,Lithuania,Greece,84.518502,54.98801
3877,3,1,2025-09-10,Finland,Georgia,95.287841,81.68413
3877,4,1,2025-09-10,Germany,Slovenia,85.618055,96.703461
3878,1,1,2025-09-09,Poland,Turkey,83.761122,82.5889
3878,2,1,2025-09-09,Lithuania,Greece,74.835372,80.997404
3878,3,1,2025-09-10,Finland,Georgia,98.484914,79.55711
3878,4,1,2025-09-10,Germany,Slovenia,113.07617,100.58576
3879,1,1,2025-09-09,Poland,Turkey,82.686301,91.178191
3879,2,1,2025-09-09,Lithuania,Greece,75.687712,75.629535
3879,3,1,2025-09-10,Finland,Georgia,88.936728,49.381958
3879,4,1,2025-09-10,Germany,Slovenia,107.58594,76.557371
3880,1,1,2025-09-09,Poland,Turkey,104.15308,98.062045
3880,2,1,2025-09-09,Lithuania,Greece,82.158521,64.831495
3880,3,1,2025-09-10,Finland,Georgia,90.554865,90.816054
3880,4,1,2025-09-10,Germany,Slovenia,107.62841,90.147954
3881,1,1,2025-09-09,Poland,Turkey,80.935134,96.122264
3881,2,1,2025-09-09,Lithuania,Greece,68.429108,64.742393
3881,3,1,2025-09-10,Finland,Georgia,80.790178,66.92997
3881,4,1,2025-09-10,Germany,Slovenia,94.560404,74.964722
3882,1,1,2025-09-09,Poland,Turkey,80.407653,80.61603
3882,2,1,2025-09-09,Lithuania,Greece,85.763862,76.277181
3882,3,1,2025-09-10,Finland,Georgia,88.989595,64.207065
3882,4,1,2025-09-10,Germany,Slovenia,117.19401,101.75252
3883,1,1,2025-09-09,Poland,Turkey,84.058868,88.759683
3883,2,1,2025-09-09,Lithuania,Greece,79.651825,101.92463
3883,3,1,2025-09-10,Finland,Georgia,82.351838,59.659655
3883,4,1,2025-09-10,Germany,Slovenia,101.36694,68.18816
3884,1,1,2025-09-09,Poland,Turkey,66.373152,101.63661
3884,2,1,2025-09-09,Lithuania,Greece,94.114393,81.753803
3884,3,1,2025-09-10,Finland,Georgia,108.99187,60.756177
3884,4,1,2025-09-10,Germany,Slovenia,109.04881,89.760648
3885,1,1,2025-09-09,Poland,Turkey,66.424349,90.726845
3885,2,1,2025-09-09,Lithuania,Greece,99.147871,78.392654
3885,3,1,2025-09-10,Finland,Georgia,110.17476,91.016014
3885,4,1,2025-09-10,Germany,Slovenia,89.797983,79.130135
3886,1,1,2025-09-09,Poland,Turkey,74.95062,113.83686
3886,2,1,2025-09-09,Lithuania,Greece,76.60341,79.01643
3886,3,1,2025-09-10,Finland,Georgia,116.23041,60.799808
3886,4,1,2025-09-10,Germany,Slovenia,95.980575,110.20229
3887,1,1,2025-09-09,Poland,Turkey,83.232705,75.78273
3887,2,1,2025-09-09,Lithuania,Greece,79.087225,70.460877
3887,3,1,2025-09-10,Finland,Georgia,105.39663,98.524901
3887,4,1,2025-09-10,Germany,Slovenia,95.607617,80.358731
3888,1,1,2025-09-09,Poland,Turkey,82.705015,69.435039
3888,2,1,2025-09-09,Lithuania,Greece,81.1455,73.387333
3888,3,1,2025-09-10,Finland,Georgia,101.72495,77.011293
3888,4,1,2025-09-10,Germany,Slovenia,99.209809,73.407604
3889,1,1,2025-09-09,Poland,Turkey,93.895885,80.434578
3889,2,1,2025-09-09,Lithuania,Greece,78.854389,77.087683
3889,3,1,2025-09-10,Finland,Georgia,110.30246,91.330269
3889,4,1,2025-09-10,Germany,Slovenia,99.746533,75.168450000000007
3890,1,1,2025-09-09,Poland,Turkey,77.141208,92.258624
3890,2,1,2025-09-09,Lithuania,Greece,82.72553,76.946001
3890,3,1,2025-09-10,Finland,Georgia,96.360476,75.975087
3890,4,1,2025-09-10,Germany,Slovenia,114.47097,93.613274
3891,1,1,2025-09-09,Poland,Turkey,84.509954,102.77208
3891,2,1,2025-09-09,Lithuania,Greece,84.860085,82.679148
3891,3,1,2025-09-10,Finland,Georgia,125.12763,89.663036
3891,4,1,2025-09-10,Germany,Slovenia,98.71503,68.531121
3892,1,1,2025-09-09,Poland,Turkey,68.425015,83.015704
3892,2,1,2025-09-09,Lithuania,Greece,90.968646,76.801731
3892,3,1,2025-09-10,Finland,Georgia,91.521224,60.490255
3892,4,1,2025-09-10,Germany,Slovenia,117.18699,92.654906
3893,1,1,2025-09-09,Poland,Turkey,68.797984,97.397282
3893,2,1,2025-09-09,Lithuania,Greece,81.519283,56.991601
3893,3,1,2025-09-10,Finland,Georgia,99.274367,78.990656
3893,4,1,2025-09-10,Germany,Slovenia,100.37495,75.197412
3894,1,1,2025-09-09,Poland,Turkey,65.676846,95.038047
3894,2,1,2025-09-09,Lithuania,Greece,75.518108,72.513498
3894,3,1,2025-09-10,Finland,Georgia,87.920623,69.35084
3894,4,1,2025-09-10,Germany,Slovenia,103.70584,88.545901
3895,1,1,2025-09-09,Poland,Turkey,57.429687,54.11282
3895,2,1,2025-09-09,Lithuania,Greece,86.899318,70.956866
3895,3,1,2025-09-10,Finland,Georgia,78.508419,51.855438
3895,4,1,2025-09-10,Germany,Slovenia,113.67643,87.306816
3896,1,1,2025-09-09,Poland,Turkey,48.738736,73.043102
3896,2,1,2025-09-09,Lithuania,Greece,67.549305,87.791373
3896,3,1,2025-09-10,Finland,Georgia,85.486002,112.44788
3896,4,1,2025-09-10,Germany,Slovenia,93.325022,80.617896
3897,1,1,2025-09-09,Poland,Turkey,71.194761,87.517193
3897,2,1,2025-09-09,Lithuania,Greece,90.92075,83.370489
3897,3,1,2025-09-10,Finland,Georgia,103.62574,81.048643
3897,4,1,2025-09-10,Germany,Slovenia,101.70649,86.106292
3898,1,1,2025-09-09,Poland,Turkey,78.403937,80.030885
3898,2,1,2025-09-09,Lithuania,Greece,88.601408,79.133481
3898,3,1,2025-09-10,Finland,Georgia,82.380664,79.455137
3898,4,1,2025-09-10,Germany,Slovenia,71.783878,79.992486
3899,1,1,2025-09-09,Poland,Turkey,75.302292,108.30023
3899,2,1,2025-09-09,Lithuania,Greece,97.795635,74.71459
3899,3,1,2025-09-10,Finland,Georgia,97.630085,71.330255
3899,4,1,2025-09-10,Germany,Slovenia,115.27703,80.644793
3900,1,1,2025-09-09,Poland,Turkey,78.954596,98.093182
3900,2,1,2025-09-09,Lithuania,Greece,94.716596,89.997013
3900,3,1,2025-09-10,Finland,Georgia,96.060116,79.743683
3900,4,1,2025-09-10,Germany,Slovenia,91.49644,79.58178
3901,1,1,2025-09-09,Poland,Turkey,58.379789,113.90315
3901,2,1,2025-09-09,Lithuania,Greece,73.735732,79.321467
3901,3,1,2025-09-10,Finland,Georgia,99.108935,82.997586
3901,4,1,2025-09-10,Germany,Slovenia,98.359588,75.674974
3902,1,1,2025-09-09,Poland,Turkey,64.758487,79.822707
3902,2,1,2025-09-09,Lithuania,Greece,89.903442,80.961156
3902,3,1,2025-09-10,Finland,Georgia,78.590411,67.610745
3902,4,1,2025-09-10,Germany,Slovenia,96.634394,85.72443
3903,1,1,2025-09-09,Poland,Turkey,80.733906,85.984068
3903,2,1,2025-09-09,Lithuania,Greece,86.173724000000007,83.22211
3903,3,1,2025-09-10,Finland,Georgia,72.888912,64.92642
3903,4,1,2025-09-10,Germany,Slovenia,102.5874,102.39163
3904,1,1,2025-09-09,Poland,Turkey,70.635178,79.162877
3904,2,1,2025-09-09,Lithuania,Greece,83.032509,71.924438
3904,3,1,2025-09-10,Finland,Georgia,91.169967,67.026537
3904,4,1,2025-09-10,Germany,Slovenia,105.20562,88.392233
3905,1,1,2025-09-09,Poland,Turkey,85.276284,98.866835
3905,2,1,2025-09-09,Lithuania,Greece,105.74934,86.054349
3905,3,1,2025-09-10,Finland,Georgia,92.783578,59.596004
3905,4,1,2025-09-10,Germany,Slovenia,103.35488,88.896826
3906,1,1,2025-09-09,Poland,Turkey,85.845109,103.35432
3906,2,1,2025-09-09,Lithuania,Greece,86.107331,82.053881
3906,3,1,2025-09-10,Finland,Georgia,99.443272,64.749386
3906,4,1,2025-09-10,Germany,Slovenia,99.621756,85.952382
3907,1,1,2025-09-09,Poland,Turkey,110.99142,77.672991
3907,2,1,2025-09-09,Lithuania,Greece,67.383124,60.275191
3907,3,1,2025-09-10,Finland,Georgia,96.990522,78.126361
3907,4,1,2025-09-10,Germany,Slovenia,113.66725,58.146404
3908,1,1,2025-09-09,Poland,Turkey,64.940851,79.325143
3908,2,1,2025-09-09,Lithuania,Greece,76.030334,52.386259
3908,3,1,2025-09-10,Finland,Georgia,110.84712,73.940035
3908,4,1,2025-09-10,Germany,Slovenia,87.076257,67.048296
3909,1,1,2025-09-09,Poland,Turkey,73.250461,101.05506
3909,2,1,2025-09-09,Lithuania,Greece,91.06898,83.702105
3909,3,1,2025-09-10,Finland,Georgia,98.724089,63.822431
3909,4,1,2025-09-10,Germany,Slovenia,121.72665,104.5154
3910,1,1,2025-09-09,Poland,Turkey,79.368737,65.418649
3910,2,1,2025-09-09,Lithuania,Greece,93.214175,89.151733
3910,3,1,2025-09-10,Finland,Georgia,76.041138,83.170743
3910,4,1,2025-09-10,Germany,Slovenia,106.9098,85.729471
3911,1,1,2025-09-09,Poland,Turkey,100.32074,106.28442
3911,2,1,2025-09-09,Lithuania,Greece,85.94596,73.589758
3911,3,1,2025-09-10,Finland,Georgia,92.370596,98.147732
3911,4,1,2025-09-10,Germany,Slovenia,100.40126,80.031248
3912,1,1,2025-09-09,Poland,Turkey,80.654948,82.065567
3912,2,1,2025-09-09,Lithuania,Greece,88.65442,70.581511
3912,3,1,2025-09-10,Finland,Georgia,90.321475,93.457209
3912,4,1,2025-09-10,Germany,Slovenia,95.801478,80.743167
3913,1,1,2025-09-09,Poland,Turkey,59.672604,76.149524
3913,2,1,2025-09-09,Lithuania,Greece,85.008424,83.69327
3913,3,1,2025-09-10,Finland,Georgia,96.518075,67.847585
3913,4,1,2025-09-10,Germany,Slovenia,127.69339,83.942493
3914,1,1,2025-09-09,Poland,Turkey,68.998339,89.756506
3914,2,1,2025-09-09,Lithuania,Greece,75.518998,86.823827
3914,3,1,2025-09-10,Finland,Georgia,103.0119,97.549143
3914,4,1,2025-09-10,Germany,Slovenia,116.207,70.428051
3915,1,1,2025-09-09,Poland,Turkey,65.754882,78.024179
3915,2,1,2025-09-09,Lithuania,Greece,90.292259,75.289160999999993
3915,3,1,2025-09-10,Finland,Georgia,74.366553,80.409394
3915,4,1,2025-09-10,Germany,Slovenia,96.341571,102.28923
3916,1,1,2025-09-09,Poland,Turkey,66.284317,89.906581
3916,2,1,2025-09-09,Lithuania,Greece,83.991389,75.604329
3916,3,1,2025-09-10,Finland,Georgia,100.45914,81.785891
3916,4,1,2025-09-10,Germany,Slovenia,102.77838,92.225563
3917,1,1,2025-09-09,Poland,Turkey,77.647148,78.213163
3917,2,1,2025-09-09,Lithuania,Greece,91.713838,82.168452
3917,3,1,2025-09-10,Finland,Georgia,92.290264,69.007855
3917,4,1,2025-09-10,Germany,Slovenia,104.13528,92.065186
3918,1,1,2025-09-09,Poland,Turkey,90.537003,93.180026
3918,2,1,2025-09-09,Lithuania,Greece,85.811811,70.344868
3918,3,1,2025-09-10,Finland,Georgia,95.998636,83.848049
3918,4,1,2025-09-10,Germany,Slovenia,100.10236,76.378575
3919,1,1,2025-09-09,Poland,Turkey,79.987777,93.657419
3919,2,1,2025-09-09,Lithuania,Greece,78.065648,85.338502
3919,3,1,2025-09-10,Finland,Georgia,100.25123,69.044935
3919,4,1,2025-09-10,Germany,Slovenia,101.47981,86.787371
3920,1,1,2025-09-09,Poland,Turkey,75.710729,93.231079
3920,2,1,2025-09-09,Lithuania,Greece,86.962047,75.389764
3920,3,1,2025-09-10,Finland,Georgia,87.232475,71.873363
3920,4,1,2025-09-10,Germany,Slovenia,104.57853,86.426287
3921,1,1,2025-09-09,Poland,Turkey,56.008034,84.578074
3921,2,1,2025-09-09,Lithuania,Greece,82.067385,73.460963
3921,3,1,2025-09-10,Finland,Georgia,89.622247,84.442315
3921,4,1,2025-09-10,Germany,Slovenia,106.87514,80.669666
3922,1,1,2025-09-09,Poland,Turkey,75.859492,79.764341
3922,2,1,2025-09-09,Lithuania,Greece,96.059091,62.146795
3922,3,1,2025-09-10,Finland,Georgia,101.75894,77.566006
3922,4,1,2025-09-10,Germany,Slovenia,95.317879,88.075032
3923,1,1,2025-09-09,Poland,Turkey,75.648615,91.975805
3923,2,1,2025-09-09,Lithuania,Greece,84.17588,58.610276
3923,3,1,2025-09-10,Finland,Georgia,90.940404,80.605741
3923,4,1,2025-09-10,Germany,Slovenia,97.76985,94.120915
3924,1,1,2025-09-09,Poland,Turkey,73.680268,62.08569
3924,2,1,2025-09-09,Lithuania,Greece,98.694142,71.073635
3924,3,1,2025-09-10,Finland,Georgia,107.39403,66.719714
3924,4,1,2025-09-10,Germany,Slovenia,111.80223,99.205956
3925,1,1,2025-09-09,Poland,Turkey,50.457403,76.188675
3925,2,1,2025-09-09,Lithuania,Greece,74.161091,83.220515
3925,3,1,2025-09-10,Finland,Georgia,92.559699,58.23031
3925,4,1,2025-09-10,Germany,Slovenia,88.939749,70.0924
3926,1,1,2025-09-09,Poland,Turkey,52.547115,86.100692
3926,2,1,2025-09-09,Lithuania,Greece,89.853481,90.745221
3926,3,1,2025-09-10,Finland,Georgia,79.516548,60.854606
3926,4,1,2025-09-10,Germany,Slovenia,113.49224,82.726239
3927,1,1,2025-09-09,Poland,Turkey,80.796025,79.83162
3927,2,1,2025-09-09,Lithuania,Greece,93.40345,72.975156
3927,3,1,2025-09-10,Finland,Georgia,70.783755,50.447532
3927,4,1,2025-09-10,Germany,Slovenia,96.358113,85.680409
3928,1,1,2025-09-09,Poland,Turkey,91.144116,87.556522
3928,2,1,2025-09-09,Lithuania,Greece,74.152735,50.311345
3928,3,1,2025-09-10,Finland,Georgia,99.213405,80.834645
3928,4,1,2025-09-10,Germany,Slovenia,106.11689,71.48831
3929,1,1,2025-09-09,Poland,Turkey,89.374858,81.535911
3929,2,1,2025-09-09,Lithuania,Greece,81.024897,62.912208
3929,3,1,2025-09-10,Finland,Georgia,109.15588,57.770153
3929,4,1,2025-09-10,Germany,Slovenia,116.09212,98.967435
3930,1,1,2025-09-09,Poland,Turkey,67.398098,81.354184
3930,2,1,2025-09-09,Lithuania,Greece,91.57171,56.668122
3930,3,1,2025-09-10,Finland,Georgia,91.456765,75.748205
3930,4,1,2025-09-10,Germany,Slovenia,77.343065,64.878216
3931,1,1,2025-09-09,Poland,Turkey,70.141146,92.849896
3931,2,1,2025-09-09,Lithuania,Greece,96.236355,84.487633
3931,3,1,2025-09-10,Finland,Georgia,92.664444,79.342399
3931,4,1,2025-09-10,Germany,Slovenia,95.799291,87.085944
3932,1,1,2025-09-09,Poland,Turkey,60.36609,73.197485
3932,2,1,2025-09-09,Lithuania,Greece,83.656454,58.80645
3932,3,1,2025-09-10,Finland,Georgia,72.959216,57.892818
3932,4,1,2025-09-10,Germany,Slovenia,89.503513,92.169147
3933,1,1,2025-09-09,Poland,Turkey,70.706485,101.96412
3933,2,1,2025-09-09,Lithuania,Greece,89.919611,84.644178
3933,3,1,2025-09-10,Finland,Georgia,108.19001,75.006721
3933,4,1,2025-09-10,Germany,Slovenia,86.87355,95.131859
3934,1,1,2025-09-09,Poland,Turkey,78.174745,106.4083
3934,2,1,2025-09-09,Lithuania,Greece,97.55918,84.444457
3934,3,1,2025-09-10,Finland,Georgia,103.77301,68.058525
3934,4,1,2025-09-10,Germany,Slovenia,103.018,81.486715
3935,1,1,2025-09-09,Poland,Turkey,83.264025,79.421429
3935,2,1,2025-09-09,Lithuania,Greece,101.009,82.608695
3935,3,1,2025-09-10,Finland,Georgia,80.951245,74.567472
3935,4,1,2025-09-10,Germany,Slovenia,120.63014,105.70566
3936,1,1,2025-09-09,Poland,Turkey,56.990694,96.318824
3936,2,1,2025-09-09,Lithuania,Greece,80.388521,81.262302
3936,3,1,2025-09-10,Finland,Georgia,104.37876,95.628455
3936,4,1,2025-09-10,Germany,Slovenia,99.562187,91.428997
3937,1,1,2025-09-09,Poland,Turkey,74.672632,93.084092
3937,2,1,2025-09-09,Lithuania,Greece,90.987098,62.080754
3937,3,1,2025-09-10,Finland,Georgia,95.849316,85.336119
3937,4,1,2025-09-10,Germany,Slovenia,90.825601,73.745153
3938,1,1,2025-09-09,Poland,Turkey,50.278048,100.33496
3938,2,1,2025-09-09,Lithuania,Greece,82.936337,55.296208
3938,3,1,2025-09-10,Finland,Georgia,102.43023,67.986111
3938,4,1,2025-09-10,Germany,Slovenia,95.626578,86.220755
3939,1,1,2025-09-09,Poland,Turkey,91.879365,100.35317
3939,2,1,2025-09-09,Lithuania,Greece,83.319820000000007,65.56694
3939,3,1,2025-09-10,Finland,Georgia,92.532553,69.521589
3939,4,1,2025-09-10,Germany,Slovenia,88.680248,97.330885
3940,1,1,2025-09-09,Poland,Turkey,71.236859,70.505781
3940,2,1,2025-09-09,Lithuania,Greece,81.575932,73.382759
3940,3,1,2025-09-10,Finland,Georgia,103.46664,65.166145
3940,4,1,2025-09-10,Germany,Slovenia,88.627822,73.368143
3941,1,1,2025-09-09,Poland,Turkey,93.29181,73.766429
3941,2,1,2025-09-09,Lithuania,Greece,93.032951,82.562984
3941,3,1,2025-09-10,Finland,Georgia,110.66992,68.740817
3941,4,1,2025-09-10,Germany,Slovenia,85.644564,82.706199
3942,1,1,2025-09-09,Poland,Turkey,81.605874,84.293045
3942,2,1,2025-09-09,Lithuania,Greece,89.353656,84.45155
3942,3,1,2025-09-10,Finland,Georgia,122.45531,68.297331
3942,4,1,2025-09-10,Germany,Slovenia,130.76502,113.7152
3943,1,1,2025-09-09,Poland,Turkey,89.346932,96.551382
3943,2,1,2025-09-09,Lithuania,Greece,87.164871,67.539144
3943,3,1,2025-09-10,Finland,Georgia,98.709473,80.82898
3943,4,1,2025-09-10,Germany,Slovenia,127.75467,96.226715
3944,1,1,2025-09-09,Poland,Turkey,84.74799,72.665503
3944,2,1,2025-09-09,Lithuania,Greece,70.32795,73.196612
3944,3,1,2025-09-10,Finland,Georgia,116.88533,65.09075
3944,4,1,2025-09-10,Germany,Slovenia,86.992361,81.842511
3945,1,1,2025-09-09,Poland,Turkey,71.690126,99.797075
3945,2,1,2025-09-09,Lithuania,Greece,81.376582,57.740434
3945,3,1,2025-09-10,Finland,Georgia,107.41497,77.440505
3945,4,1,2025-09-10,Germany,Slovenia,95.834917,71.403706
3946,1,1,2025-09-09,Poland,Turkey,71.503717,74.583712
3946,2,1,2025-09-09,Lithuania,Greece,100.18453,57.435801
3946,3,1,2025-09-10,Finland,Georgia,104.28755,69.365789
3946,4,1,2025-09-10,Germany,Slovenia,106.78483,102.70638
3947,1,1,2025-09-09,Poland,Turkey,62.921801,74.468719
3947,2,1,2025-09-09,Lithuania,Greece,80.542697,68.408815
3947,3,1,2025-09-10,Finland,Georgia,109.26984,67.431606
3947,4,1,2025-09-10,Germany,Slovenia,114.41579,81.395084
3948,1,1,2025-09-09,Poland,Turkey,82.234629,94.690918
3948,2,1,2025-09-09,Lithuania,Greece,89.155482,80.270838
3948,3,1,2025-09-10,Finland,Georgia,86.156795,69.971518
3948,4,1,2025-09-10,Germany,Slovenia,92.772539,80.431164
3949,1,1,2025-09-09,Poland,Turkey,89.656762,87.846281
3949,2,1,2025-09-09,Lithuania,Greece,95.665698,77.764184
3949,3,1,2025-09-10,Finland,Georgia,100.76604,85.128679
3949,4,1,2025-09-10,Germany,Slovenia,112.0812,107.48024
3950,1,1,2025-09-09,Poland,Turkey,74.562058,83.250729
3950,2,1,2025-09-09,Lithuania,Greece,80.66987,77.566149
3950,3,1,2025-09-10,Finland,Georgia,86.214207,72.680887
3950,4,1,2025-09-10,Germany,Slovenia,76.754499,103.61211
3951,1,1,2025-09-09,Poland,Turkey,75.302011,85.500034
3951,2,1,2025-09-09,Lithuania,Greece,76.83184,63.280182
3951,3,1,2025-09-10,Finland,Georgia,83.711952,75.935402
3951,4,1,2025-09-10,Germany,Slovenia,105.82561,91.6321
3952,1,1,2025-09-09,Poland,Turkey,87.875211,94.913139
3952,2,1,2025-09-09,Lithuania,Greece,100.11497,74.243674
3952,3,1,2025-09-10,Finland,Georgia,83.602738,75.744584
3952,4,1,2025-09-10,Germany,Slovenia,102.77039,103.10342
3953,1,1,2025-09-09,Poland,Turkey,72.217359,108.19304
3953,2,1,2025-09-09,Lithuania,Greece,77.214688,80.867955
3953,3,1,2025-09-10,Finland,Georgia,102.07115,84.396662
3953,4,1,2025-09-10,Germany,Slovenia,88.408008,99.743618
3954,1,1,2025-09-09,Poland,Turkey,74.166117,94.899025
3954,2,1,2025-09-09,Lithuania,Greece,81.505231,88.37951
3954,3,1,2025-09-10,Finland,Georgia,101.28152,67.839039
3954,4,1,2025-09-10,Germany,Slovenia,115.83162,93.563923
3955,1,1,2025-09-09,Poland,Turkey,87.803365,99.203858
3955,2,1,2025-09-09,Lithuania,Greece,90.983497,81.152198
3955,3,1,2025-09-10,Finland,Georgia,74.369097,69.017852
3955,4,1,2025-09-10,Germany,Slovenia,100.65504,84.152746
3956,1,1,2025-09-09,Poland,Turkey,70.632422,69.932889
3956,2,1,2025-09-09,Lithuania,Greece,92.36517,74.057484
3956,3,1,2025-09-10,Finland,Georgia,91.79658,72.721785
3956,4,1,2025-09-10,Germany,Slovenia,90.56272,88.721953
3957,1,1,2025-09-09,Poland,Turkey,87.091223,86.669877
3957,2,1,2025-09-09,Lithuania,Greece,77.539069,75.638346
3957,3,1,2025-09-10,Finland,Georgia,100.5049,81.344657
3957,4,1,2025-09-10,Germany,Slovenia,101.56037,77.461541
3958,1,1,2025-09-09,Poland,Turkey,81.820914,115.74782
3958,2,1,2025-09-09,Lithuania,Greece,81.473397,84.918534
3958,3,1,2025-09-10,Finland,Georgia,92.755137,36.581589
3958,4,1,2025-09-10,Germany,Slovenia,105.01927,88.482791
3959,1,1,2025-09-09,Poland,Turkey,81.846561,77.459694
3959,2,1,2025-09-09,Lithuania,Greece,75.825421,79.544205
3959,3,1,2025-09-10,Finland,Georgia,101.58499,97.149475
3959,4,1,2025-09-10,Germany,Slovenia,108.77608,94.120362
3960,1,1,2025-09-09,Poland,Turkey,96.849655,75.509402
3960,2,1,2025-09-09,Lithuania,Greece,96.467228,59.103195
3960,3,1,2025-09-10,Finland,Georgia,84.306682,87.722438
3960,4,1,2025-09-10,Germany,Slovenia,103.86215,80.447979
3961,1,1,2025-09-09,Poland,Turkey,68.119817,94.057479
3961,2,1,2025-09-09,Lithuania,Greece,91.086733,67.049511
3961,3,1,2025-09-10,Finland,Georgia,91.267525,68.302507
3961,4,1,2025-09-10,Germany,Slovenia,117.13128,91.471359
3962,1,1,2025-09-09,Poland,Turkey,85.686797,84.711674
3962,2,1,2025-09-09,Lithuania,Greece,96.071641,80.426397
3962,3,1,2025-09-10,Finland,Georgia,92.576643,73.354195
3962,4,1,2025-09-10,Germany,Slovenia,95.674616,79.683257
3963,1,1,2025-09-09,Poland,Turkey,66.810397,78.815258
3963,2,1,2025-09-09,Lithuania,Greece,72.854202,62.928951
3963,3,1,2025-09-10,Finland,Georgia,77.644738,64.588622
3963,4,1,2025-09-10,Germany,Slovenia,105.91206,93.322053
3964,1,1,2025-09-09,Poland,Turkey,73.724771,111.45658
3964,2,1,2025-09-09,Lithuania,Greece,68.012652,59.424254
3964,3,1,2025-09-10,Finland,Georgia,106.31696,78.665994
3964,4,1,2025-09-10,Germany,Slovenia,93.863556,74.473343
3965,1,1,2025-09-09,Poland,Turkey,60.9925,71.21508
3965,2,1,2025-09-09,Lithuania,Greece,87.561899,74.263675
3965,3,1,2025-09-10,Finland,Georgia,92.174873,74.061348
3965,4,1,2025-09-10,Germany,Slovenia,101.75235,89.762635
3966,1,1,2025-09-09,Poland,Turkey,77.566108,85.866807
3966,2,1,2025-09-09,Lithuania,Greece,98.404811,71.453625
3966,3,1,2025-09-10,Finland,Georgia,102.32053,99.482442
3966,4,1,2025-09-10,Germany,Slovenia,106.99505,85.572779
3967,1,1,2025-09-09,Poland,Turkey,78.059286,98.006376
3967,2,1,2025-09-09,Lithuania,Greece,94.799782,103.61449
3967,3,1,2025-09-10,Finland,Georgia,78.272519,63.293365
3967,4,1,2025-09-10,Germany,Slovenia,103.1385,84.584821
3968,1,1,2025-09-09,Poland,Turkey,70.475322,74.514429
3968,2,1,2025-09-09,Lithuania,Greece,93.07914,62.671886
3968,3,1,2025-09-10,Finland,Georgia,99.242436,72.430235
3968,4,1,2025-09-10,Germany,Slovenia,90.829727,74.797506
3969,1,1,2025-09-09,Poland,Turkey,61.210727,92.022307
3969,2,1,2025-09-09,Lithuania,Greece,102.82834,80.420334
3969,3,1,2025-09-10,Finland,Georgia,100.51628,65.052146
3969,4,1,2025-09-10,Germany,Slovenia,98.169073,84.803779
3970,1,1,2025-09-09,Poland,Turkey,79.835289,86.891769
3970,2,1,2025-09-09,Lithuania,Greece,98.734766,62.243124
3970,3,1,2025-09-10,Finland,Georgia,90.427723,91.086755
3970,4,1,2025-09-10,Germany,Slovenia,98.313323,89.241753
3971,1,1,2025-09-09,Poland,Turkey,85.029705,90.356482
3971,2,1,2025-09-09,Lithuania,Greece,75.140005,80.247044
3971,3,1,2025-09-10,Finland,Georgia,106.7787,63.952042
3971,4,1,2025-09-10,Germany,Slovenia,104.88784,73.876063
3972,1,1,2025-09-09,Poland,Turkey,90.066385,84.72332
3972,2,1,2025-09-09,Lithuania,Greece,88.78183,79.035434
3972,3,1,2025-09-10,Finland,Georgia,102.2485,71.585767
3972,4,1,2025-09-10,Germany,Slovenia,97.132473,85.021884
3973,1,1,2025-09-09,Poland,Turkey,59.941449,84.116945
3973,2,1,2025-09-09,Lithuania,Greece,65.899123,66.626155
3973,3,1,2025-09-10,Finland,Georgia,100.59527,91.827304
3973,4,1,2025-09-10,Germany,Slovenia,96.454391,58.662772
3974,1,1,2025-09-09,Poland,Turkey,81.436832,92.558849
3974,2,1,2025-09-09,Lithuania,Greece,83.145303,83.913585
3974,3,1,2025-09-10,Finland,Georgia,105.23508,86.719753
3974,4,1,2025-09-10,Germany,Slovenia,121.20796,77.14645
3975,1,1,2025-09-09,Poland,Turkey,75.358712,83.144183
3975,2,1,2025-09-09,Lithuania,Greece,65.263717,71.65375
3975,3,1,2025-09-10,Finland,Georgia,126.76914,64.763755
3975,4,1,2025-09-10,Germany,Slovenia,105.46887,101.08163
3976,1,1,2025-09-09,Poland,Turkey,81.627901,94.964128
3976,2,1,2025-09-09,Lithuania,Greece,85.666855,83.693799
3976,3,1,2025-09-10,Finland,Georgia,79.151555,73.561096
3976,4,1,2025-09-10,Germany,Slovenia,91.964425,92.734104
3977,1,1,2025-09-09,Poland,Turkey,68.577838,56.597622
3977,2,1,2025-09-09,Lithuania,Greece,76.750839,89.643751
3977,3,1,2025-09-10,Finland,Georgia,90.312141,77.068743
3977,4,1,2025-09-10,Germany,Slovenia,97.351573,79.867667
3978,1,1,2025-09-09,Poland,Turkey,71.253743,78.168725
3978,2,1,2025-09-09,Lithuania,Greece,87.890033,78.520359
3978,3,1,2025-09-10,Finland,Georgia,82.708383,72.406321
3978,4,1,2025-09-10,Germany,Slovenia,122.79689,99.027332
3979,1,1,2025-09-09,Poland,Turkey,58.26112,75.678001
3979,2,1,2025-09-09,Lithuania,Greece,85.12053,79.876962
3979,3,1,2025-09-10,Finland,Georgia,93.537965,66.255423
3979,4,1,2025-09-10,Germany,Slovenia,114.21634,90.890797
3980,1,1,2025-09-09,Poland,Turkey,88.181931,77.718221
3980,2,1,2025-09-09,Lithuania,Greece,80.747298,63.912543
3980,3,1,2025-09-10,Finland,Georgia,99.180023,67.989134
3980,4,1,2025-09-10,Germany,Slovenia,87.248471,96.159715
3981,1,1,2025-09-09,Poland,Turkey,90.59412,80.322142
3981,2,1,2025-09-09,Lithuania,Greece,94.311233,72.900513
3981,3,1,2025-09-10,Finland,Georgia,100.59108,66.372792
3981,4,1,2025-09-10,Germany,Slovenia,101.16633,86.519756
3982,1,1,2025-09-09,Poland,Turkey,81.948994,80.395044
3982,2,1,2025-09-09,Lithuania,Greece,98.943482,99.374769
3982,3,1,2025-09-10,Finland,Georgia,88.003274,67.544149
3982,4,1,2025-09-10,Germany,Slovenia,103.80334,77.691349
3983,1,1,2025-09-09,Poland,Turkey,65.028577,79.233081
3983,2,1,2025-09-09,Lithuania,Greece,84.954842,84.082871
3983,3,1,2025-09-10,Finland,Georgia,121.45459,79.229584
3983,4,1,2025-09-10,Germany,Slovenia,114.54705,76.144761
3984,1,1,2025-09-09,Poland,Turkey,60.891355,85.283527
3984,2,1,2025-09-09,Lithuania,Greece,91.243268,70.461588
3984,3,1,2025-09-10,Finland,Georgia,91.783772,79.846457
3984,4,1,2025-09-10,Germany,Slovenia,93.152374,83.594695
3985,1,1,2025-09-09,Poland,Turkey,81.815565,84.358491
3985,2,1,2025-09-09,Lithuania,Greece,85.07555,67.591451
3985,3,1,2025-09-10,Finland,Georgia,94.281494,72.199125
3985,4,1,2025-09-10,Germany,Slovenia,109.28328,98.692593
3986,1,1,2025-09-09,Poland,Turkey,79.260137,112.70052
3986,2,1,2025-09-09,Lithuania,Greece,92.195024,70.965795
3986,3,1,2025-09-10,Finland,Georgia,98.553894,85.625754
3986,4,1,2025-09-10,Germany,Slovenia,106.70013,85.21317
3987,1,1,2025-09-09,Poland,Turkey,88.737542,79.416852
3987,2,1,2025-09-09,Lithuania,Greece,83.104947,74.357169
3987,3,1,2025-09-10,Finland,Georgia,96.284027,89.892447
3987,4,1,2025-09-10,Germany,Slovenia,113.57213,93.067791
3988,1,1,2025-09-09,Poland,Turkey,53.5075,106.8067
3988,2,1,2025-09-09,Lithuania,Greece,90.472519,93.456479
3988,3,1,2025-09-10,Finland,Georgia,89.07192,82.142129
3988,4,1,2025-09-10,Germany,Slovenia,103.37747,117.15328
3989,1,1,2025-09-09,Poland,Turkey,95.220246,104.42394
3989,2,1,2025-09-09,Lithuania,Greece,76.535214,63.281828
3989,3,1,2025-09-10,Finland,Georgia,106.86967,81.65506
3989,4,1,2025-09-10,Germany,Slovenia,110.54711,96.481128
3990,1,1,2025-09-09,Poland,Turkey,85.35903,85.97286
3990,2,1,2025-09-09,Lithuania,Greece,82.114654,70.762763
3990,3,1,2025-09-10,Finland,Georgia,107.8261,55.330619
3990,4,1,2025-09-10,Germany,Slovenia,101.84047,85.236177
3991,1,1,2025-09-09,Poland,Turkey,85.70066,97.675833
3991,2,1,2025-09-09,Lithuania,Greece,88.067976,78.479575
3991,3,1,2025-09-10,Finland,Georgia,90.205205,98.137301
3991,4,1,2025-09-10,Germany,Slovenia,99.217147,78.345303
3992,1,1,2025-09-09,Poland,Turkey,72.534389,69.411076
3992,2,1,2025-09-09,Lithuania,Greece,95.069053,74.262372
3992,3,1,2025-09-10,Finland,Georgia,97.553863,67.431929
3992,4,1,2025-09-10,Germany,Slovenia,109.89061,99.701734
3993,1,1,2025-09-09,Poland,Turkey,89.073013,82.505922
3993,2,1,2025-09-09,Lithuania,Greece,77.444312,85.347416
3993,3,1,2025-09-10,Finland,Georgia,87.440106,75.566966
3993,4,1,2025-09-10,Germany,Slovenia,114.02181,89.209148
3994,1,1,2025-09-09,Poland,Turkey,77.532296,90.862545
3994,2,1,2025-09-09,Lithuania,Greece,91.281273,81.451035
3994,3,1,2025-09-10,Finland,Georgia,101.52293,93.483339
3994,4,1,2025-09-10,Germany,Slovenia,107.99166,76.467564
3995,1,1,2025-09-09,Poland,Turkey,80.041368,100.67885
3995,2,1,2025-09-09,Lithuania,Greece,83.56948,75.404757
3995,3,1,2025-09-10,Finland,Georgia,94.934545,69.559644
3995,4,1,2025-09-10,Germany,Slovenia,107.19613,107.7912
3996,1,1,2025-09-09,Poland,Turkey,92.57132,80.707638
3996,2,1,2025-09-09,Lithuania,Greece,98.816154,63.937447
3996,3,1,2025-09-10,Finland,Georgia,104.7062,76.179735
3996,4,1,2025-09-10,Germany,Slovenia,112.68029,91.399901
3997,1,1,2025-09-09,Poland,Turkey,43.287794,50.671987
3997,2,1,2025-09-09,Lithuania,Greece,97.020901,86.284367
3997,3,1,2025-09-10,Finland,Georgia,97.251802,74.156129
3997,4,1,2025-09-10,Germany,Slovenia,89.591731,75.552089
3998,1,1,2025-09-09,Poland,Turkey,66.608102,84.881507
3998,2,1,2025-09-09,Lithuania,Greece,95.856224,43.288358
3998,3,1,2025-09-10,Finland,Georgia,89.099697,55.904967
3998,4,1,2025-09-10,Germany,Slovenia,80.696612,80.175049
3999,1,1,2025-09-09,Poland,Turkey,85.349226,75.489427
3999,2,1,2025-09-09,Lithuania,Greece,86.105089,81.113074
3999,3,1,2025-09-10,Finland,Georgia,92.105132,74.180045
3999,4,1,2025-09-10,Germany,Slovenia,112.04217,74.044198
4000,1,1,2025-09-09,Poland,Turkey,78.652356,69.715955
4000,2,1,2025-09-09,Lithuania,Greece,84.748748,49.204878
4000,3,1,2025-09-10,Finland,Georgia,73.068279,77.676881
4000,4,1,2025-09-10,Germany,Slovenia,98.954444,91.83378
