iteration,game_nr,division,date,home,away,home_goals,away_goals
1,1,1,2025-09-12,Greece,Turkey,73.267562,74.588144
2,1,1,2025-09-12,Greece,Turkey,86.669905,79.955806
3,1,1,2025-09-12,Greece,Turkey,73.914635,69.697731
4,1,1,2025-09-12,Greece,Turkey,81.710293,104.17213
5,1,1,2025-09-12,Greece,Turkey,78.67689,98.48691
6,1,1,2025-09-12,Greece,Turkey,77.437185,96.26268
7,1,1,2025-09-12,Greece,Turkey,93.425206,95.328927
8,1,1,2025-09-12,Greece,Turkey,78.824371,76.090744
9,1,1,2025-09-12,Greece,Turkey,83.685175,88.066206
10,1,1,2025-09-12,Greece,Turkey,93.501583,75.336043
11,1,1,2025-09-12,Greece,Turkey,82.249838,78.238941
12,1,1,2025-09-12,Greece,Turkey,75.130699,88.147412
13,1,1,2025-09-12,Greece,Turkey,80.190299,105.82917
14,1,1,2025-09-12,Greece,Turkey,83.222237,70.044176
15,1,1,2025-09-12,Greece,Turkey,92.884395,104.95963
16,1,1,2025-09-12,Greece,Turkey,76.912501,89.126083
17,1,1,2025-09-12,Greece,Turkey,67.970196,78.171458
18,1,1,2025-09-12,Greece,Turkey,79.548502,91.404671
19,1,1,2025-09-12,Greece,Turkey,89.581012,101.77411
20,1,1,2025-09-12,Greece,Turkey,87.981879,88.900671
21,1,1,2025-09-12,Greece,Turkey,82.417297,93.479029
22,1,1,2025-09-12,Greece,Turkey,84.898389,92.822181
23,1,1,2025-09-12,Greece,Turkey,75.559988,67.706047
24,1,1,2025-09-12,Greece,Turkey,89.3109,114.27449
25,1,1,2025-09-12,Greece,Turkey,79.865929,89.92032
26,1,1,2025-09-12,Greece,Turkey,89.726948,84.430955
27,1,1,2025-09-12,Greece,Turkey,89.348272,93.706808
28,1,1,2025-09-12,Greece,Turkey,80.45028,102.45039
29,1,1,2025-09-12,Greece,Turkey,84.951213,109.68889
30,1,1,2025-09-12,Greece,Turkey,78.155378,86.01494
31,1,1,2025-09-12,Greece,Turkey,46.504733,74.768468
32,1,1,2025-09-12,Greece,Turkey,84.754105,83.967381
33,1,1,2025-09-12,Greece,Turkey,65.403315,74.23068
34,1,1,2025-09-12,Greece,Turkey,79.120448,90.539036
35,1,1,2025-09-12,Greece,Turkey,83.704376,87.807809
36,1,1,2025-09-12,Greece,Turkey,89.646746,95.342391
37,1,1,2025-09-12,Greece,Turkey,63.591539,88.437915
38,1,1,2025-09-12,Greece,Turkey,77.229724,78.386438
39,1,1,2025-09-12,Greece,Turkey,99.695157,66.887135
40,1,1,2025-09-12,Greece,Turkey,77.550257,93.977462
41,1,1,2025-09-12,Greece,Turkey,78.177423,90.230031
42,1,1,2025-09-12,Greece,Turkey,107.2304,90.721437
43,1,1,2025-09-12,Greece,Turkey,100.07942,108.85914
44,1,1,2025-09-12,Greece,Turkey,87.890246,74.152533
45,1,1,2025-09-12,Greece,Turkey,90.511858,86.493485
46,1,1,2025-09-12,Greece,Turkey,79.27661,83.850803
47,1,1,2025-09-12,Greece,Turkey,75.487764,79.818421
48,1,1,2025-09-12,Greece,Turkey,83.276738,44.168086
49,1,1,2025-09-12,Greece,Turkey,89.572945,95.184204
50,1,1,2025-09-12,Greece,Turkey,94.555905,81.858593
51,1,1,2025-09-12,Greece,Turkey,108.88119,94.892533
52,1,1,2025-09-12,Greece,Turkey,80.957459,98.038201
53,1,1,2025-09-12,Greece,Turkey,53.407963,71.699952
54,1,1,2025-09-12,Greece,Turkey,88.28565,93.919509
55,1,1,2025-09-12,Greece,Turkey,72.733643,83.157278
56,1,1,2025-09-12,Greece,Turkey,88.66961,91.611799
57,1,1,2025-09-12,Greece,Turkey,80.876294,96.761417
58,1,1,2025-09-12,Greece,Turkey,75.440081,93.17946
59,1,1,2025-09-12,Greece,Turkey,88.445103,103.75139
60,1,1,2025-09-12,Greece,Turkey,83.056607,90.406447
61,1,1,2025-09-12,Greece,Turkey,54.947171,75.487605
62,1,1,2025-09-12,Greece,Turkey,83.892841,99.839988
63,1,1,2025-09-12,Greece,Turkey,76.521345,81.062322
64,1,1,2025-09-12,Greece,Turkey,64.039394,83.225185
65,1,1,2025-09-12,Greece,Turkey,70.784493,79.405729
66,1,1,2025-09-12,Greece,Turkey,89.880761,82.672044
67,1,1,2025-09-12,Greece,Turkey,87.420341,89.019296
68,1,1,2025-09-12,Greece,Turkey,94.351597,77.434235
69,1,1,2025-09-12,Greece,Turkey,85.723025,91.311663
70,1,1,2025-09-12,Greece,Turkey,85.19064,92.110261
71,1,1,2025-09-12,Greece,Turkey,60.240703,54.294545
72,1,1,2025-09-12,Greece,Turkey,79.346324,67.421018
73,1,1,2025-09-12,Greece,Turkey,100.49944,94.506668
74,1,1,2025-09-12,Greece,Turkey,66.015858,84.040236
75,1,1,2025-09-12,Greece,Turkey,72.430444,72.981238
76,1,1,2025-09-12,Greece,Turkey,82.201863,88.180901
77,1,1,2025-09-12,Greece,Turkey,75.493124,88.605774
78,1,1,2025-09-12,Greece,Turkey,73.554367,81.376985
79,1,1,2025-09-12,Greece,Turkey,81.860714,85.408723
80,1,1,2025-09-12,Greece,Turkey,62.301525,81.693852
81,1,1,2025-09-12,Greece,Turkey,74.188438,71.415384
82,1,1,2025-09-12,Greece,Turkey,83.172957,93.73125
83,1,1,2025-09-12,Greece,Turkey,80.672524,77.615418
84,1,1,2025-09-12,Greece,Turkey,89.353896,94.757357
85,1,1,2025-09-12,Greece,Turkey,56.743235,90.017387
86,1,1,2025-09-12,Greece,Turkey,76.291938,76.11236
87,1,1,2025-09-12,Greece,Turkey,82.452759,79.706278
88,1,1,2025-09-12,Greece,Turkey,97.087255,83.028352
89,1,1,2025-09-12,Greece,Turkey,78.168238,77.285888
90,1,1,2025-09-12,Greece,Turkey,75.349236,76.328335
91,1,1,2025-09-12,Greece,Turkey,81.420783,91.249309
92,1,1,2025-09-12,Greece,Turkey,59.780848,92.134978
93,1,1,2025-09-12,Greece,Turkey,83.833094,76.187559
94,1,1,2025-09-12,Greece,Turkey,85.510305,85.710742
95,1,1,2025-09-12,Greece,Turkey,86.771258,82.106194
96,1,1,2025-09-12,Greece,Turkey,64.798923,72.890065
97,1,1,2025-09-12,Greece,Turkey,78.233302,84.338474
98,1,1,2025-09-12,Greece,Turkey,65.189241,80.024099
99,1,1,2025-09-12,Greece,Turkey,79.82167,65.002452
100,1,1,2025-09-12,Greece,Turkey,101.42279,85.748299
101,1,1,2025-09-12,Greece,Turkey,62.42173,65.941384
102,1,1,2025-09-12,Greece,Turkey,92.714898,92.458766
103,1,1,2025-09-12,Greece,Turkey,78.852761,80.35502
104,1,1,2025-09-12,Greece,Turkey,79.967655,65.378132
105,1,1,2025-09-12,Greece,Turkey,83.627219,79.099283
106,1,1,2025-09-12,Greece,Turkey,73.17452,97.050418
107,1,1,2025-09-12,Greece,Turkey,70.015175,81.31745
108,1,1,2025-09-12,Greece,Turkey,78.519496,89.948737
109,1,1,2025-09-12,Greece,Turkey,70.086715,80.628909
110,1,1,2025-09-12,Greece,Turkey,80.809062,69.577529
111,1,1,2025-09-12,Greece,Turkey,81.306729,68.682605
112,1,1,2025-09-12,Greece,Turkey,60.624235,65.454995
113,1,1,2025-09-12,Greece,Turkey,70.176594,63.954861
114,1,1,2025-09-12,Greece,Turkey,95.264593,81.76074
115,1,1,2025-09-12,Greece,Turkey,85.983461,80.246761
116,1,1,2025-09-12,Greece,Turkey,88.481119,66.230051
117,1,1,2025-09-12,Greece,Turkey,100.59554,86.4376
118,1,1,2025-09-12,Greece,Turkey,70.410171,99.924925
119,1,1,2025-09-12,Greece,Turkey,65.792759,75.478004
120,1,1,2025-09-12,Greece,Turkey,86.699784,93.824813
121,1,1,2025-09-12,Greece,Turkey,82.310945,73.292036
122,1,1,2025-09-12,Greece,Turkey,83.41036,84.913731
123,1,1,2025-09-12,Greece,Turkey,75.659823,64.334314
124,1,1,2025-09-12,Greece,Turkey,83.038115,75.254201
125,1,1,2025-09-12,Greece,Turkey,70.966079,73.893683
126,1,1,2025-09-12,Greece,Turkey,88.330691,96.348857
127,1,1,2025-09-12,Greece,Turkey,75.31998,72.61675
128,1,1,2025-09-12,Greece,Turkey,42.972431,83.585808
129,1,1,2025-09-12,Greece,Turkey,93.179216,80.094385
130,1,1,2025-09-12,Greece,Turkey,62.308256,84.810824
131,1,1,2025-09-12,Greece,Turkey,67.167681,70.501135
132,1,1,2025-09-12,Greece,Turkey,89.068457,78.486873
133,1,1,2025-09-12,Greece,Turkey,75.777341,80.703218
134,1,1,2025-09-12,Greece,Turkey,98.020053,87.43631
135,1,1,2025-09-12,Greece,Turkey,92.812095,105.85909
136,1,1,2025-09-12,Greece,Turkey,86.649485,86.078369
137,1,1,2025-09-12,Greece,Turkey,88.013327,80.033023
138,1,1,2025-09-12,Greece,Turkey,76.062367,80.499327
139,1,1,2025-09-12,Greece,Turkey,84.496591,106.24831
140,1,1,2025-09-12,Greece,Turkey,102.46898,119.4847
141,1,1,2025-09-12,Greece,Turkey,90.97778,81.875593
142,1,1,2025-09-12,Greece,Turkey,81.884426,78.351822
143,1,1,2025-09-12,Greece,Turkey,94.076593,81.169268
144,1,1,2025-09-12,Greece,Turkey,78.915619,96.687132
145,1,1,2025-09-12,Greece,Turkey,88.141159,85.615966
146,1,1,2025-09-12,Greece,Turkey,93.502551,84.389452
147,1,1,2025-09-12,Greece,Turkey,71.246974,88.371641
148,1,1,2025-09-12,Greece,Turkey,86.663496,95.729696
149,1,1,2025-09-12,Greece,Turkey,96.615227,97.0992
150,1,1,2025-09-12,Greece,Turkey,78.699331,69.846618
151,1,1,2025-09-12,Greece,Turkey,61.275478,96.803125
152,1,1,2025-09-12,Greece,Turkey,78.819229000000007,73.818294
153,1,1,2025-09-12,Greece,Turkey,93.030953,75.002772
154,1,1,2025-09-12,Greece,Turkey,102.50129,103.91005
155,1,1,2025-09-12,Greece,Turkey,73.651637,112.75382
156,1,1,2025-09-12,Greece,Turkey,80.171945,82.992956
157,1,1,2025-09-12,Greece,Turkey,79.745876,88.976379
158,1,1,2025-09-12,Greece,Turkey,68.234325,84.221123
159,1,1,2025-09-12,Greece,Turkey,73.141439,86.768133
160,1,1,2025-09-12,Greece,Turkey,78.345421,77.519887
161,1,1,2025-09-12,Greece,Turkey,84.312109,87.375036
162,1,1,2025-09-12,Greece,Turkey,75.237663,78.559909
163,1,1,2025-09-12,Greece,Turkey,88.869396,75.550123
164,1,1,2025-09-12,Greece,Turkey,63.47489,80.660134
165,1,1,2025-09-12,Greece,Turkey,68.94195,87.602071
166,1,1,2025-09-12,Greece,Turkey,70.716342,68.915768
167,1,1,2025-09-12,Greece,Turkey,87.027567,91.46051
168,1,1,2025-09-12,Greece,Turkey,84.105994,90.673779
169,1,1,2025-09-12,Greece,Turkey,51.088648,68.880419
170,1,1,2025-09-12,Greece,Turkey,84.469521,91.432722
171,1,1,2025-09-12,Greece,Turkey,69.12397,92.738114
172,1,1,2025-09-12,Greece,Turkey,81.097331,78.367852
173,1,1,2025-09-12,Greece,Turkey,59.066852,75.320698
174,1,1,2025-09-12,Greece,Turkey,72.947559,92.232477
175,1,1,2025-09-12,Greece,Turkey,80.814036,103.0169
176,1,1,2025-09-12,Greece,Turkey,108.42942,105.63288
177,1,1,2025-09-12,Greece,Turkey,81.634852,83.898564
178,1,1,2025-09-12,Greece,Turkey,79.602999,74.86008
179,1,1,2025-09-12,Greece,Turkey,70.595094,76.795021
180,1,1,2025-09-12,Greece,Turkey,91.783519,83.945024
181,1,1,2025-09-12,Greece,Turkey,77.263113,100.00358
182,1,1,2025-09-12,Greece,Turkey,87.614531,79.61896
183,1,1,2025-09-12,Greece,Turkey,88.053935,78.820254
184,1,1,2025-09-12,Greece,Turkey,82.986542,87.91965
185,1,1,2025-09-12,Greece,Turkey,76.736975,76.927033
186,1,1,2025-09-12,Greece,Turkey,84.150311,106.16885
187,1,1,2025-09-12,Greece,Turkey,70.883136,99.942403
188,1,1,2025-09-12,Greece,Turkey,78.017138,78.701034
189,1,1,2025-09-12,Greece,Turkey,67.945603,69.241776
190,1,1,2025-09-12,Greece,Turkey,102.0396,100.42241
191,1,1,2025-09-12,Greece,Turkey,69.356442,82.267992
192,1,1,2025-09-12,Greece,Turkey,79.816837,67.464355
193,1,1,2025-09-12,Greece,Turkey,91.03641,82.028126
194,1,1,2025-09-12,Greece,Turkey,82.052464,99.228409
195,1,1,2025-09-12,Greece,Turkey,67.776899,85.98161
196,1,1,2025-09-12,Greece,Turkey,71.570667,72.487398
197,1,1,2025-09-12,Greece,Turkey,78.573539,93.351908
198,1,1,2025-09-12,Greece,Turkey,67.402388,83.964786
199,1,1,2025-09-12,Greece,Turkey,83.946755,107.5404
200,1,1,2025-09-12,Greece,Turkey,85.846373,81.730648
201,1,1,2025-09-12,Greece,Turkey,80.993192,106.77631
202,1,1,2025-09-12,Greece,Turkey,102.03533,80.096668
203,1,1,2025-09-12,Greece,Turkey,89.733521,76.124714
204,1,1,2025-09-12,Greece,Turkey,86.250875,87.332629
205,1,1,2025-09-12,Greece,Turkey,78.072215,84.964052
206,1,1,2025-09-12,Greece,Turkey,75.393987,86.207337
207,1,1,2025-09-12,Greece,Turkey,79.251101,97.863016
208,1,1,2025-09-12,Greece,Turkey,61.109147,104.45035
209,1,1,2025-09-12,Greece,Turkey,81.229161,89.170539
210,1,1,2025-09-12,Greece,Turkey,70.448264,94.181283
211,1,1,2025-09-12,Greece,Turkey,84.12765,72.026889
212,1,1,2025-09-12,Greece,Turkey,81.467387,99.773837
213,1,1,2025-09-12,Greece,Turkey,94.853454,86.845075
214,1,1,2025-09-12,Greece,Turkey,76.98112,75.883024
215,1,1,2025-09-12,Greece,Turkey,79.560757,86.344308
216,1,1,2025-09-12,Greece,Turkey,74.014008,72.01577
217,1,1,2025-09-12,Greece,Turkey,59.124725,76.717261
218,1,1,2025-09-12,Greece,Turkey,111.10755,101.36195
219,1,1,2025-09-12,Greece,Turkey,80.500605,87.523275
220,1,1,2025-09-12,Greece,Turkey,73.459745,71.521517
221,1,1,2025-09-12,Greece,Turkey,87.803453,79.437401
222,1,1,2025-09-12,Greece,Turkey,80.649472,85.664632
223,1,1,2025-09-12,Greece,Turkey,99.459989,92.682212
224,1,1,2025-09-12,Greece,Turkey,97.871182,92.530214
225,1,1,2025-09-12,Greece,Turkey,86.991054,101.26977
226,1,1,2025-09-12,Greece,Turkey,76.108567,87.404796
227,1,1,2025-09-12,Greece,Turkey,68.341309,82.308244
228,1,1,2025-09-12,Greece,Turkey,93.20414,82.350502
229,1,1,2025-09-12,Greece,Turkey,64.012978,90.344334
230,1,1,2025-09-12,Greece,Turkey,69.29221,83.544019
231,1,1,2025-09-12,Greece,Turkey,63.001815,71.833822
232,1,1,2025-09-12,Greece,Turkey,88.360953,88.676079
233,1,1,2025-09-12,Greece,Turkey,97.406813,86.793167
234,1,1,2025-09-12,Greece,Turkey,81.442724,102.73745
235,1,1,2025-09-12,Greece,Turkey,89.520211,94.533853
236,1,1,2025-09-12,Greece,Turkey,101.88169,99.765531
237,1,1,2025-09-12,Greece,Turkey,84.537701,88.995579
238,1,1,2025-09-12,Greece,Turkey,82.09746,84.856298
239,1,1,2025-09-12,Greece,Turkey,66.2103,92.706008
240,1,1,2025-09-12,Greece,Turkey,78.122455,81.098879
241,1,1,2025-09-12,Greece,Turkey,86.322111,75.374613
242,1,1,2025-09-12,Greece,Turkey,62.723367,72.324411
243,1,1,2025-09-12,Greece,Turkey,91.652558,94.330797
244,1,1,2025-09-12,Greece,Turkey,68.970772,80.363507
245,1,1,2025-09-12,Greece,Turkey,89.917308,99.688736
246,1,1,2025-09-12,Greece,Turkey,93.966054,91.429814
247,1,1,2025-09-12,Greece,Turkey,93.073304,105.06962
248,1,1,2025-09-12,Greece,Turkey,85.014933,79.151626
249,1,1,2025-09-12,Greece,Turkey,92.00283,88.683174
250,1,1,2025-09-12,Greece,Turkey,71.034677,82.734914
251,1,1,2025-09-12,Greece,Turkey,80.381148,98.541667
252,1,1,2025-09-12,Greece,Turkey,70.746236,98.246051
253,1,1,2025-09-12,Greece,Turkey,70.254988,77.860839
254,1,1,2025-09-12,Greece,Turkey,53.539977,94.499599
255,1,1,2025-09-12,Greece,Turkey,88.172445,99.134982
256,1,1,2025-09-12,Greece,Turkey,77.40936,78.424566
257,1,1,2025-09-12,Greece,Turkey,79.929169,80.864032
258,1,1,2025-09-12,Greece,Turkey,69.118149,85.01002
259,1,1,2025-09-12,Greece,Turkey,95.801064,99.573563
260,1,1,2025-09-12,Greece,Turkey,84.636714,92.681561
261,1,1,2025-09-12,Greece,Turkey,82.406841,81.916267
262,1,1,2025-09-12,Greece,Turkey,81.808034,93.49836
263,1,1,2025-09-12,Greece,Turkey,70.196551,63.157305
264,1,1,2025-09-12,Greece,Turkey,73.729823,100.14824
265,1,1,2025-09-12,Greece,Turkey,89.393438,76.518998
266,1,1,2025-09-12,Greece,Turkey,70.097292,85.034252
267,1,1,2025-09-12,Greece,Turkey,75.249187,87.179554
268,1,1,2025-09-12,Greece,Turkey,92.395635,73.668204
269,1,1,2025-09-12,Greece,Turkey,100.87373,87.400664
270,1,1,2025-09-12,Greece,Turkey,82.885578,92.438821
271,1,1,2025-09-12,Greece,Turkey,87.359111,83.307182
272,1,1,2025-09-12,Greece,Turkey,86.324806,95.096009
273,1,1,2025-09-12,Greece,Turkey,61.01883,64.957647
274,1,1,2025-09-12,Greece,Turkey,88.462617,79.631856
275,1,1,2025-09-12,Greece,Turkey,70.700728,69.800827
276,1,1,2025-09-12,Greece,Turkey,86.114119,99.521818
277,1,1,2025-09-12,Greece,Turkey,84.231038,80.917566
278,1,1,2025-09-12,Greece,Turkey,82.276241,95.742274
279,1,1,2025-09-12,Greece,Turkey,84.760323,85.729683
280,1,1,2025-09-12,Greece,Turkey,86.414628,95.611636
281,1,1,2025-09-12,Greece,Turkey,92.998311,86.842709
282,1,1,2025-09-12,Greece,Turkey,78.664863,96.082885
283,1,1,2025-09-12,Greece,Turkey,78.94761,54.316449
284,1,1,2025-09-12,Greece,Turkey,80.269498,106.05048
285,1,1,2025-09-12,Greece,Turkey,73.197566,95.275426
286,1,1,2025-09-12,Greece,Turkey,80.724171,74.548873
287,1,1,2025-09-12,Greece,Turkey,105.31697,108.75907
288,1,1,2025-09-12,Greece,Turkey,78.392173,82.274053
289,1,1,2025-09-12,Greece,Turkey,87.922507,91.762685
290,1,1,2025-09-12,Greece,Turkey,64.746604,89.427728
291,1,1,2025-09-12,Greece,Turkey,70.134376,66.090984
292,1,1,2025-09-12,Greece,Turkey,74.037446,84.863901
293,1,1,2025-09-12,Greece,Turkey,78.537473,76.269505
294,1,1,2025-09-12,Greece,Turkey,78.191874,79.611666
295,1,1,2025-09-12,Greece,Turkey,87.003312,97.876811
296,1,1,2025-09-12,Greece,Turkey,95.430884,90.747355
297,1,1,2025-09-12,Greece,Turkey,82.096898,91.510643
298,1,1,2025-09-12,Greece,Turkey,83.382464,85.454505
299,1,1,2025-09-12,Greece,Turkey,80.428647,87.411586
300,1,1,2025-09-12,Greece,Turkey,93.961834,92.404077
301,1,1,2025-09-12,Greece,Turkey,69.920428,69.776128
302,1,1,2025-09-12,Greece,Turkey,70.534702,77.258804
303,1,1,2025-09-12,Greece,Turkey,92.422786,84.060204
304,1,1,2025-09-12,Greece,Turkey,99.418649,77.042799
305,1,1,2025-09-12,Greece,Turkey,71.827701,74.602111
306,1,1,2025-09-12,Greece,Turkey,78.281212,80.188549
307,1,1,2025-09-12,Greece,Turkey,60.775535,70.728208
308,1,1,2025-09-12,Greece,Turkey,80.907317,101.95247
309,1,1,2025-09-12,Greece,Turkey,77.458893,92.308887
310,1,1,2025-09-12,Greece,Turkey,71.509288,83.706596
311,1,1,2025-09-12,Greece,Turkey,84.625734,83.503033
312,1,1,2025-09-12,Greece,Turkey,68.465174,80.722856
313,1,1,2025-09-12,Greece,Turkey,87.800478,104.94185
314,1,1,2025-09-12,Greece,Turkey,88.179088,87.212914
315,1,1,2025-09-12,Greece,Turkey,78.803923,82.100027
316,1,1,2025-09-12,Greece,Turkey,43.347248,84.379824
317,1,1,2025-09-12,Greece,Turkey,95.741572,85.349068
318,1,1,2025-09-12,Greece,Turkey,86.996867,89.659806
319,1,1,2025-09-12,Greece,Turkey,81.556952,95.904838
320,1,1,2025-09-12,Greece,Turkey,80.449129,95.206652
321,1,1,2025-09-12,Greece,Turkey,94.557911,63.290308
322,1,1,2025-09-12,Greece,Turkey,56.232656,68.880327
323,1,1,2025-09-12,Greece,Turkey,87.907706,92.661477
324,1,1,2025-09-12,Greece,Turkey,79.182359,91.42233
325,1,1,2025-09-12,Greece,Turkey,73.564857,78.166061
326,1,1,2025-09-12,Greece,Turkey,86.633314,90.593498
327,1,1,2025-09-12,Greece,Turkey,78.712602,77.54514
328,1,1,2025-09-12,Greece,Turkey,76.849738,85.992734
329,1,1,2025-09-12,Greece,Turkey,86.680222,68.365312
330,1,1,2025-09-12,Greece,Turkey,93.952255,90.369893
331,1,1,2025-09-12,Greece,Turkey,95.443383,105.01116
332,1,1,2025-09-12,Greece,Turkey,96.926965,70.271727
333,1,1,2025-09-12,Greece,Turkey,83.012584,93.378324
334,1,1,2025-09-12,Greece,Turkey,77.920815,89.667237
335,1,1,2025-09-12,Greece,Turkey,85.216142,66.668085
336,1,1,2025-09-12,Greece,Turkey,80.432149,86.879236
337,1,1,2025-09-12,Greece,Turkey,68.186696,86.713549
338,1,1,2025-09-12,Greece,Turkey,79.810229,79.164454
339,1,1,2025-09-12,Greece,Turkey,79.184809,75.59336
340,1,1,2025-09-12,Greece,Turkey,84.31095,81.157618
341,1,1,2025-09-12,Greece,Turkey,74.526308,91.033433
342,1,1,2025-09-12,Greece,Turkey,85.526673,97.240374
343,1,1,2025-09-12,Greece,Turkey,68.919134,89.247655
344,1,1,2025-09-12,Greece,Turkey,88.271542,99.207319
345,1,1,2025-09-12,Greece,Turkey,60.777528,82.369991
346,1,1,2025-09-12,Greece,Turkey,83.139175,80.634143
347,1,1,2025-09-12,Greece,Turkey,80.775595,86.100085000000007
348,1,1,2025-09-12,Greece,Turkey,65.933633,86.511652
349,1,1,2025-09-12,Greece,Turkey,72.657746,68.201394
350,1,1,2025-09-12,Greece,Turkey,91.023167,83.210174
351,1,1,2025-09-12,Greece,Turkey,71.651412,79.137473
352,1,1,2025-09-12,Greece,Turkey,79.679184,89.634111
353,1,1,2025-09-12,Greece,Turkey,79.907045,71.731164
354,1,1,2025-09-12,Greece,Turkey,99.159839,98.678948
355,1,1,2025-09-12,Greece,Turkey,93.08572,86.854337
356,1,1,2025-09-12,Greece,Turkey,82.247517,86.290353
357,1,1,2025-09-12,Greece,Turkey,77.152058,71.166348
358,1,1,2025-09-12,Greece,Turkey,83.313241,73.444144
359,1,1,2025-09-12,Greece,Turkey,81.582356,91.409347
360,1,1,2025-09-12,Greece,Turkey,77.911995,98.452969
361,1,1,2025-09-12,Greece,Turkey,70.594255,72.134844
362,1,1,2025-09-12,Greece,Turkey,85.534502,94.285561
363,1,1,2025-09-12,Greece,Turkey,80.138047,78.191057
364,1,1,2025-09-12,Greece,Turkey,69.31019,69.178071
365,1,1,2025-09-12,Greece,Turkey,74.358634,98.761904
366,1,1,2025-09-12,Greece,Turkey,74.413579,80.006669
367,1,1,2025-09-12,Greece,Turkey,92.545489,75.662283
368,1,1,2025-09-12,Greece,Turkey,83.812569,58.993515
369,1,1,2025-09-12,Greece,Turkey,86.481784,87.393449
370,1,1,2025-09-12,Greece,Turkey,89.559833,76.77021
371,1,1,2025-09-12,Greece,Turkey,78.296897,75.649364
372,1,1,2025-09-12,Greece,Turkey,69.661596,74.960272
373,1,1,2025-09-12,Greece,Turkey,96.56238,75.037805
374,1,1,2025-09-12,Greece,Turkey,71.024974,82.808233
375,1,1,2025-09-12,Greece,Turkey,80.69897,81.411493
376,1,1,2025-09-12,Greece,Turkey,72.503837,72.108584
377,1,1,2025-09-12,Greece,Turkey,105.40482,53.461674
378,1,1,2025-09-12,Greece,Turkey,88.453984,84.920167
379,1,1,2025-09-12,Greece,Turkey,70.275244,92.756713
380,1,1,2025-09-12,Greece,Turkey,88.85139,84.761457
381,1,1,2025-09-12,Greece,Turkey,79.338498,98.961728
382,1,1,2025-09-12,Greece,Turkey,80.584419,83.995807
383,1,1,2025-09-12,Greece,Turkey,66.216777,73.661125
384,1,1,2025-09-12,Greece,Turkey,85.374543,87.765937
385,1,1,2025-09-12,Greece,Turkey,59.840798,88.276225
386,1,1,2025-09-12,Greece,Turkey,93.529911,91.15716
387,1,1,2025-09-12,Greece,Turkey,78.139114,89.200332
388,1,1,2025-09-12,Greece,Turkey,83.612537,89.25746
389,1,1,2025-09-12,Greece,Turkey,88.406593,100.36836
390,1,1,2025-09-12,Greece,Turkey,88.779849,91.518818
391,1,1,2025-09-12,Greece,Turkey,78.93828,93.4157
392,1,1,2025-09-12,Greece,Turkey,83.69109,100.06505
393,1,1,2025-09-12,Greece,Turkey,79.799388,80.527701
394,1,1,2025-09-12,Greece,Turkey,78.489126,83.94961
395,1,1,2025-09-12,Greece,Turkey,75.790582,77.327018
396,1,1,2025-09-12,Greece,Turkey,86.049838,78.293305
397,1,1,2025-09-12,Greece,Turkey,92.526189,86.112026
398,1,1,2025-09-12,Greece,Turkey,80.469584,85.15848
399,1,1,2025-09-12,Greece,Turkey,65.346123,87.853302
400,1,1,2025-09-12,Greece,Turkey,79.466224,90.081265
401,1,1,2025-09-12,Greece,Turkey,93.897545,95.068581
402,1,1,2025-09-12,Greece,Turkey,82.166764,92.370423
403,1,1,2025-09-12,Greece,Turkey,79.89492,87.381971
404,1,1,2025-09-12,Greece,Turkey,92.084373,87.913072
405,1,1,2025-09-12,Greece,Turkey,96.416499,78.187538
406,1,1,2025-09-12,Greece,Turkey,87.439902,89.922387
407,1,1,2025-09-12,Greece,Turkey,97.184481,107.40453
408,1,1,2025-09-12,Greece,Turkey,96.043592,87.819104
409,1,1,2025-09-12,Greece,Turkey,87.677262,86.728517
410,1,1,2025-09-12,Greece,Turkey,80.881437,75.610552
411,1,1,2025-09-12,Greece,Turkey,50.072912,76.481737
412,1,1,2025-09-12,Greece,Turkey,98.189538,107.46571
413,1,1,2025-09-12,Greece,Turkey,70.259594,67.947777
414,1,1,2025-09-12,Greece,Turkey,88.627491,87.431709
415,1,1,2025-09-12,Greece,Turkey,92.210207,96.742844
416,1,1,2025-09-12,Greece,Turkey,92.985678,85.185403
417,1,1,2025-09-12,Greece,Turkey,95.737363,86.136909
418,1,1,2025-09-12,Greece,Turkey,79.841493,63.572061
419,1,1,2025-09-12,Greece,Turkey,83.371966,87.058962
420,1,1,2025-09-12,Greece,Turkey,64.097326,87.084584
421,1,1,2025-09-12,Greece,Turkey,55.961145,69.073763
422,1,1,2025-09-12,Greece,Turkey,86.131451,89.13306
423,1,1,2025-09-12,Greece,Turkey,84.460999,93.33769
424,1,1,2025-09-12,Greece,Turkey,63.7401,70.977011
425,1,1,2025-09-12,Greece,Turkey,82.845064,73.089278
426,1,1,2025-09-12,Greece,Turkey,69.43467,86.525596
427,1,1,2025-09-12,Greece,Turkey,84.731971,69.264296
428,1,1,2025-09-12,Greece,Turkey,86.25606,98.949898
429,1,1,2025-09-12,Greece,Turkey,87.059793,79.483014
430,1,1,2025-09-12,Greece,Turkey,67.391801,122.03293
431,1,1,2025-09-12,Greece,Turkey,82.927882,102.67332
432,1,1,2025-09-12,Greece,Turkey,87.847202,88.392544
433,1,1,2025-09-12,Greece,Turkey,78.899157,92.893418
434,1,1,2025-09-12,Greece,Turkey,70.421726,74.099787
435,1,1,2025-09-12,Greece,Turkey,76.607712,77.523407
436,1,1,2025-09-12,Greece,Turkey,104.95382,92.60489
437,1,1,2025-09-12,Greece,Turkey,99.213019,89.563421
438,1,1,2025-09-12,Greece,Turkey,80.000508,89.412182
439,1,1,2025-09-12,Greece,Turkey,78.148586,80.885573
440,1,1,2025-09-12,Greece,Turkey,40.982875,68.987205
441,1,1,2025-09-12,Greece,Turkey,74.211377,93.131567
442,1,1,2025-09-12,Greece,Turkey,80.251766,82.457757
443,1,1,2025-09-12,Greece,Turkey,87.644643,71.007463
444,1,1,2025-09-12,Greece,Turkey,76.074691,82.87315
445,1,1,2025-09-12,Greece,Turkey,68.629773,81.77071
446,1,1,2025-09-12,Greece,Turkey,59.949131,64.675762
447,1,1,2025-09-12,Greece,Turkey,94.22001,88.113674
448,1,1,2025-09-12,Greece,Turkey,82.218352,67.373963
449,1,1,2025-09-12,Greece,Turkey,77.261247,79.384038
450,1,1,2025-09-12,Greece,Turkey,85.265267,66.599448
451,1,1,2025-09-12,Greece,Turkey,89.702721,84.475127
452,1,1,2025-09-12,Greece,Turkey,86.805872,85.467888
453,1,1,2025-09-12,Greece,Turkey,56.079777,81.108986
454,1,1,2025-09-12,Greece,Turkey,74.014174,98.279736
455,1,1,2025-09-12,Greece,Turkey,64.001809,86.724527
456,1,1,2025-09-12,Greece,Turkey,72.141537,99.639169
457,1,1,2025-09-12,Greece,Turkey,89.146075,89.01803
458,1,1,2025-09-12,Greece,Turkey,84.608462,79.024739
459,1,1,2025-09-12,Greece,Turkey,91.812301,73.695284
460,1,1,2025-09-12,Greece,Turkey,95.375133,91.829908
461,1,1,2025-09-12,Greece,Turkey,83.667015,83.317678
462,1,1,2025-09-12,Greece,Turkey,84.297069,95.940832
463,1,1,2025-09-12,Greece,Turkey,59.858109,78.101792
464,1,1,2025-09-12,Greece,Turkey,66.384164,63.142004
465,1,1,2025-09-12,Greece,Turkey,77.409917,94.45641
466,1,1,2025-09-12,Greece,Turkey,88.960176,94.191307
467,1,1,2025-09-12,Greece,Turkey,82.848634,109.37572
468,1,1,2025-09-12,Greece,Turkey,87.140418,83.075595
469,1,1,2025-09-12,Greece,Turkey,81.021293,98.976157
470,1,1,2025-09-12,Greece,Turkey,98.294438,97.357625
471,1,1,2025-09-12,Greece,Turkey,72.95643,84.269735
472,1,1,2025-09-12,Greece,Turkey,95.92323,77.499362
473,1,1,2025-09-12,Greece,Turkey,91.820227,91.057416
474,1,1,2025-09-12,Greece,Turkey,92.006873,108.51453
475,1,1,2025-09-12,Greece,Turkey,77.98534,94.91275
476,1,1,2025-09-12,Greece,Turkey,85.264552,80.541088
477,1,1,2025-09-12,Greece,Turkey,80.574497,80.14459
478,1,1,2025-09-12,Greece,Turkey,90.496868,82.733769
479,1,1,2025-09-12,Greece,Turkey,92.564732,71.956711
480,1,1,2025-09-12,Greece,Turkey,84.76668,72.665281
481,1,1,2025-09-12,Greece,Turkey,74.807948,84.330794
482,1,1,2025-09-12,Greece,Turkey,77.310638,81.930706
483,1,1,2025-09-12,Greece,Turkey,73.747126,82.310933
484,1,1,2025-09-12,Greece,Turkey,88.302145,103.94487
485,1,1,2025-09-12,Greece,Turkey,99.175972,101.09295
486,1,1,2025-09-12,Greece,Turkey,69.775093,67.753753
487,1,1,2025-09-12,Greece,Turkey,71.210201,82.134499
488,1,1,2025-09-12,Greece,Turkey,78.927831,90.491634
489,1,1,2025-09-12,Greece,Turkey,73.350624,68.224978
490,1,1,2025-09-12,Greece,Turkey,82.277515,79.201976
491,1,1,2025-09-12,Greece,Turkey,77.972758,77.494069
492,1,1,2025-09-12,Greece,Turkey,91.177686,81.148357
493,1,1,2025-09-12,Greece,Turkey,72.264336,80.044556
494,1,1,2025-09-12,Greece,Turkey,74.630994,80.321926
495,1,1,2025-09-12,Greece,Turkey,93.064858,85.161874
496,1,1,2025-09-12,Greece,Turkey,88.501874,71.889471
497,1,1,2025-09-12,Greece,Turkey,72.892119,90.508703
498,1,1,2025-09-12,Greece,Turkey,79.624842,84.803283
499,1,1,2025-09-12,Greece,Turkey,77.799742,105.70955
500,1,1,2025-09-12,Greece,Turkey,73.823048,74.230569
501,1,1,2025-09-12,Greece,Turkey,86.544844,95.451332
502,1,1,2025-09-12,Greece,Turkey,74.500094,88.297612
503,1,1,2025-09-12,Greece,Turkey,69.254969,80.541627
504,1,1,2025-09-12,Greece,Turkey,77.873415,87.455071
505,1,1,2025-09-12,Greece,Turkey,83.266886,83.388861
506,1,1,2025-09-12,Greece,Turkey,72.69959,95.663001
507,1,1,2025-09-12,Greece,Turkey,86.487609,69.923534
508,1,1,2025-09-12,Greece,Turkey,68.456867,91.954822
509,1,1,2025-09-12,Greece,Turkey,99.560742,92.897163
510,1,1,2025-09-12,Greece,Turkey,83.554229,89.110808
511,1,1,2025-09-12,Greece,Turkey,82.019834,68.542131
512,1,1,2025-09-12,Greece,Turkey,73.413578,91.879501
513,1,1,2025-09-12,Greece,Turkey,59.788901,81.196903
514,1,1,2025-09-12,Greece,Turkey,96.111726,90.329358
515,1,1,2025-09-12,Greece,Turkey,69.198243,74.591009
516,1,1,2025-09-12,Greece,Turkey,82.95338,89.801563
517,1,1,2025-09-12,Greece,Turkey,96.414659,88.925465
518,1,1,2025-09-12,Greece,Turkey,77.108387,51.066379
519,1,1,2025-09-12,Greece,Turkey,87.830406,101.34381
520,1,1,2025-09-12,Greece,Turkey,86.239854,91.59439
521,1,1,2025-09-12,Greece,Turkey,116.99495,88.114041
522,1,1,2025-09-12,Greece,Turkey,92.544311,96.67839
523,1,1,2025-09-12,Greece,Turkey,73.416049,87.476545
524,1,1,2025-09-12,Greece,Turkey,79.497453,91.842225
525,1,1,2025-09-12,Greece,Turkey,81.359698,72.90578
526,1,1,2025-09-12,Greece,Turkey,73.337028,74.807681
527,1,1,2025-09-12,Greece,Turkey,75.343979,98.483395
528,1,1,2025-09-12,Greece,Turkey,119.21241,101.27839
529,1,1,2025-09-12,Greece,Turkey,71.923801,101.91257
530,1,1,2025-09-12,Greece,Turkey,94.870494,64.43299
531,1,1,2025-09-12,Greece,Turkey,87.278569,85.971767
532,1,1,2025-09-12,Greece,Turkey,92.966541,87.011499
533,1,1,2025-09-12,Greece,Turkey,86.257476,90.241269
534,1,1,2025-09-12,Greece,Turkey,84.629301,97.734157
535,1,1,2025-09-12,Greece,Turkey,92.157133,86.35823
536,1,1,2025-09-12,Greece,Turkey,78.844054,76.925044
537,1,1,2025-09-12,Greece,Turkey,70.726331,83.536984
538,1,1,2025-09-12,Greece,Turkey,87.399263,86.925534
539,1,1,2025-09-12,Greece,Turkey,79.691248,74.530798
540,1,1,2025-09-12,Greece,Turkey,81.902464,99.257116
541,1,1,2025-09-12,Greece,Turkey,77.617743,94.074864
542,1,1,2025-09-12,Greece,Turkey,73.052418,70.088222
543,1,1,2025-09-12,Greece,Turkey,82.064581,108.1068
544,1,1,2025-09-12,Greece,Turkey,44.038807,91.134754
545,1,1,2025-09-12,Greece,Turkey,88.462873,79.093521
546,1,1,2025-09-12,Greece,Turkey,70.656172,68.284787
547,1,1,2025-09-12,Greece,Turkey,85.658093,91.5108
548,1,1,2025-09-12,Greece,Turkey,92.766507,91.708139
549,1,1,2025-09-12,Greece,Turkey,88.563602,83.310329
550,1,1,2025-09-12,Greece,Turkey,58.63038,91.4294
551,1,1,2025-09-12,Greece,Turkey,68.204352,84.86575
552,1,1,2025-09-12,Greece,Turkey,77.719708,87.460075
553,1,1,2025-09-12,Greece,Turkey,84.226876,100.12156
554,1,1,2025-09-12,Greece,Turkey,75.507892,90.604512
555,1,1,2025-09-12,Greece,Turkey,81.08667,71.922857
556,1,1,2025-09-12,Greece,Turkey,82.13464,97.118233
557,1,1,2025-09-12,Greece,Turkey,79.681726,84.391549
558,1,1,2025-09-12,Greece,Turkey,98.343847,100.45304
559,1,1,2025-09-12,Greece,Turkey,68.317415,76.30851
560,1,1,2025-09-12,Greece,Turkey,54.336774,75.803671
561,1,1,2025-09-12,Greece,Turkey,76.389283,101.45965
562,1,1,2025-09-12,Greece,Turkey,81.13543,78.739777
563,1,1,2025-09-12,Greece,Turkey,81.951597,99.521701
564,1,1,2025-09-12,Greece,Turkey,76.410704,90.863334
565,1,1,2025-09-12,Greece,Turkey,91.774995,91.950867
566,1,1,2025-09-12,Greece,Turkey,78.012905,79.242132
567,1,1,2025-09-12,Greece,Turkey,79.246327,59.56535
568,1,1,2025-09-12,Greece,Turkey,71.072355,74.705876
569,1,1,2025-09-12,Greece,Turkey,86.908325,89.132079
570,1,1,2025-09-12,Greece,Turkey,78.349511,78.434084
571,1,1,2025-09-12,Greece,Turkey,77.985659,91.406844
572,1,1,2025-09-12,Greece,Turkey,71.969406,80.969956
573,1,1,2025-09-12,Greece,Turkey,88.458414,70.794596
574,1,1,2025-09-12,Greece,Turkey,76.029786,74.808819
575,1,1,2025-09-12,Greece,Turkey,76.045192,89.98866
576,1,1,2025-09-12,Greece,Turkey,71.908366,84.177771
577,1,1,2025-09-12,Greece,Turkey,72.735739,90.600768
578,1,1,2025-09-12,Greece,Turkey,64.214607,76.144171
579,1,1,2025-09-12,Greece,Turkey,77.411025,82.107714
580,1,1,2025-09-12,Greece,Turkey,58.373216,70.711995
581,1,1,2025-09-12,Greece,Turkey,89.740012,89.161443
582,1,1,2025-09-12,Greece,Turkey,45.720676,68.924044
583,1,1,2025-09-12,Greece,Turkey,74.040025,82.225935
584,1,1,2025-09-12,Greece,Turkey,65.211941,88.664783
585,1,1,2025-09-12,Greece,Turkey,61.165685,90.058207
586,1,1,2025-09-12,Greece,Turkey,74.134632,74.755448
587,1,1,2025-09-12,Greece,Turkey,86.706709,84.488772
588,1,1,2025-09-12,Greece,Turkey,85.911893,111.03536
589,1,1,2025-09-12,Greece,Turkey,88.040017,90.476584
590,1,1,2025-09-12,Greece,Turkey,80.770168,91.944499
591,1,1,2025-09-12,Greece,Turkey,86.548038,72.335194
592,1,1,2025-09-12,Greece,Turkey,79.176331,85.002341
593,1,1,2025-09-12,Greece,Turkey,80.636736,92.120666
594,1,1,2025-09-12,Greece,Turkey,86.979428,79.352451
595,1,1,2025-09-12,Greece,Turkey,74.153961,85.51401
596,1,1,2025-09-12,Greece,Turkey,73.948426,71.826844
597,1,1,2025-09-12,Greece,Turkey,95.134755,110.89447
598,1,1,2025-09-12,Greece,Turkey,85.650907,101.32972
599,1,1,2025-09-12,Greece,Turkey,86.527118,86.78876
600,1,1,2025-09-12,Greece,Turkey,76.925452,77.428243
601,1,1,2025-09-12,Greece,Turkey,66.519258,67.235711
602,1,1,2025-09-12,Greece,Turkey,82.075919,96.253991
603,1,1,2025-09-12,Greece,Turkey,83.332043,79.376598
604,1,1,2025-09-12,Greece,Turkey,84.571566,70.844736
605,1,1,2025-09-12,Greece,Turkey,70.326171,72.716207
606,1,1,2025-09-12,Greece,Turkey,100.90121,78.409927
607,1,1,2025-09-12,Greece,Turkey,65.696615,88.726075
608,1,1,2025-09-12,Greece,Turkey,79.242786,89.695545
609,1,1,2025-09-12,Greece,Turkey,84.62385,81.053622
610,1,1,2025-09-12,Greece,Turkey,104.79258,83.521189
611,1,1,2025-09-12,Greece,Turkey,71.499071,73.928313
612,1,1,2025-09-12,Greece,Turkey,95.905038,69.563222
613,1,1,2025-09-12,Greece,Turkey,69.662688,75.687544
614,1,1,2025-09-12,Greece,Turkey,79.42227,91.436919
615,1,1,2025-09-12,Greece,Turkey,75.787553,73.474183
616,1,1,2025-09-12,Greece,Turkey,77.485449,84.995172
617,1,1,2025-09-12,Greece,Turkey,68.231782,86.695699
618,1,1,2025-09-12,Greece,Turkey,76.377727,74.552933
619,1,1,2025-09-12,Greece,Turkey,81.211817,72.586194
620,1,1,2025-09-12,Greece,Turkey,67.546907,88.128057
621,1,1,2025-09-12,Greece,Turkey,89.152988,88.326297
622,1,1,2025-09-12,Greece,Turkey,96.005038,85.300358
623,1,1,2025-09-12,Greece,Turkey,88.679798,71.319922
624,1,1,2025-09-12,Greece,Turkey,53.842204,44.464987
625,1,1,2025-09-12,Greece,Turkey,69.670149,79.900853
626,1,1,2025-09-12,Greece,Turkey,66.42345,84.944831
627,1,1,2025-09-12,Greece,Turkey,78.570882,70.358077
628,1,1,2025-09-12,Greece,Turkey,86.114949,102.63463
629,1,1,2025-09-12,Greece,Turkey,97.681026,97.846898
630,1,1,2025-09-12,Greece,Turkey,64.845738,100.65971
631,1,1,2025-09-12,Greece,Turkey,79.757536,78.680649
632,1,1,2025-09-12,Greece,Turkey,77.437567,87.340531
633,1,1,2025-09-12,Greece,Turkey,87.429593,74.322933
634,1,1,2025-09-12,Greece,Turkey,67.987148,78.864935
635,1,1,2025-09-12,Greece,Turkey,83.507014,93.908128
636,1,1,2025-09-12,Greece,Turkey,87.363367,81.210876
637,1,1,2025-09-12,Greece,Turkey,74.713712,84.596427
638,1,1,2025-09-12,Greece,Turkey,84.089219,79.180488
639,1,1,2025-09-12,Greece,Turkey,63.090356,91.473316
640,1,1,2025-09-12,Greece,Turkey,85.929775,82.151137
641,1,1,2025-09-12,Greece,Turkey,83.446857,82.104391
642,1,1,2025-09-12,Greece,Turkey,104.11066,83.164646
643,1,1,2025-09-12,Greece,Turkey,84.072932,72.442442
644,1,1,2025-09-12,Greece,Turkey,68.541415,85.50365
645,1,1,2025-09-12,Greece,Turkey,76.210265,80.363854
646,1,1,2025-09-12,Greece,Turkey,80.836464,84.908141
647,1,1,2025-09-12,Greece,Turkey,76.549081,96.192744
648,1,1,2025-09-12,Greece,Turkey,73.826187,90.285879
649,1,1,2025-09-12,Greece,Turkey,86.912802,93.246924
650,1,1,2025-09-12,Greece,Turkey,68.310586,84.155954
651,1,1,2025-09-12,Greece,Turkey,75.26167,87.48671
652,1,1,2025-09-12,Greece,Turkey,73.127837,78.798037
653,1,1,2025-09-12,Greece,Turkey,67.866024,101.34012
654,1,1,2025-09-12,Greece,Turkey,60.19801,84.738757
655,1,1,2025-09-12,Greece,Turkey,77.843447,106.72551
656,1,1,2025-09-12,Greece,Turkey,87.747219,84.726833
657,1,1,2025-09-12,Greece,Turkey,89.334521,62.723875
658,1,1,2025-09-12,Greece,Turkey,98.498691,83.559599
659,1,1,2025-09-12,Greece,Turkey,94.063129,120.16559
660,1,1,2025-09-12,Greece,Turkey,80.547381,82.145303
661,1,1,2025-09-12,Greece,Turkey,77.22073,76.669102
662,1,1,2025-09-12,Greece,Turkey,87.111403,88.516078
663,1,1,2025-09-12,Greece,Turkey,68.9232,95.725646
664,1,1,2025-09-12,Greece,Turkey,73.012065,86.979367
665,1,1,2025-09-12,Greece,Turkey,80.69485,82.52786
666,1,1,2025-09-12,Greece,Turkey,77.598474,107.10146
667,1,1,2025-09-12,Greece,Turkey,70.717163,90.139036
668,1,1,2025-09-12,Greece,Turkey,81.139707,101.26118
669,1,1,2025-09-12,Greece,Turkey,83.291405,73.343539
670,1,1,2025-09-12,Greece,Turkey,79.707443,91.639525
671,1,1,2025-09-12,Greece,Turkey,81.833109,81.867385
672,1,1,2025-09-12,Greece,Turkey,75.695242,80.217033
673,1,1,2025-09-12,Greece,Turkey,98.608913,83.964139
674,1,1,2025-09-12,Greece,Turkey,81.649636,96.246032
675,1,1,2025-09-12,Greece,Turkey,76.72262,70.341914
676,1,1,2025-09-12,Greece,Turkey,99.588941,95.243142
677,1,1,2025-09-12,Greece,Turkey,85.42477,81.817277
678,1,1,2025-09-12,Greece,Turkey,84.123694,76.13393
679,1,1,2025-09-12,Greece,Turkey,85.251695,86.37846
680,1,1,2025-09-12,Greece,Turkey,68.246245,91.797311
681,1,1,2025-09-12,Greece,Turkey,80.647795,86.335237
682,1,1,2025-09-12,Greece,Turkey,69.431669,91.245969
683,1,1,2025-09-12,Greece,Turkey,67.091613,65.613388
684,1,1,2025-09-12,Greece,Turkey,88.596798,90.638212
685,1,1,2025-09-12,Greece,Turkey,69.489119,53.618173
686,1,1,2025-09-12,Greece,Turkey,71.594545,85.481284
687,1,1,2025-09-12,Greece,Turkey,69.997502,78.604053
688,1,1,2025-09-12,Greece,Turkey,85.239629,71.397605
689,1,1,2025-09-12,Greece,Turkey,50.949187,79.198547
690,1,1,2025-09-12,Greece,Turkey,89.228318,77.82824
691,1,1,2025-09-12,Greece,Turkey,86.893939,92.719747
692,1,1,2025-09-12,Greece,Turkey,89.493649,90.107534
693,1,1,2025-09-12,Greece,Turkey,94.106665,79.8243
694,1,1,2025-09-12,Greece,Turkey,88.876931,77.214528
695,1,1,2025-09-12,Greece,Turkey,97.627194,70.343355
696,1,1,2025-09-12,Greece,Turkey,69.27623,97.460566
697,1,1,2025-09-12,Greece,Turkey,112.24792,96.463124
698,1,1,2025-09-12,Greece,Turkey,82.015636,76.049127
699,1,1,2025-09-12,Greece,Turkey,77.893204,84.892311
700,1,1,2025-09-12,Greece,Turkey,76.085012,90.2741
701,1,1,2025-09-12,Greece,Turkey,61.550765,86.85495
702,1,1,2025-09-12,Greece,Turkey,68.800259,82.971968
703,1,1,2025-09-12,Greece,Turkey,83.323687,83.562098
704,1,1,2025-09-12,Greece,Turkey,51.717264,71.826678
705,1,1,2025-09-12,Greece,Turkey,69.558397,76.036901
706,1,1,2025-09-12,Greece,Turkey,79.767538,89.671641
707,1,1,2025-09-12,Greece,Turkey,84.036433,98.488097
708,1,1,2025-09-12,Greece,Turkey,88.071206,81.502473
709,1,1,2025-09-12,Greece,Turkey,72.291689,77.292827
710,1,1,2025-09-12,Greece,Turkey,79.878531,88.388929
711,1,1,2025-09-12,Greece,Turkey,71.29118,77.568624
712,1,1,2025-09-12,Greece,Turkey,122.91029,81.938165
713,1,1,2025-09-12,Greece,Turkey,74.019637,93.254875
714,1,1,2025-09-12,Greece,Turkey,71.321938,80.965958
715,1,1,2025-09-12,Greece,Turkey,86.027909,78.784378
716,1,1,2025-09-12,Greece,Turkey,84.056299,79.066269
717,1,1,2025-09-12,Greece,Turkey,77.705273,82.269945
718,1,1,2025-09-12,Greece,Turkey,75.502051,75.706596
719,1,1,2025-09-12,Greece,Turkey,101.63858,74.298828
720,1,1,2025-09-12,Greece,Turkey,77.93693,70.827794
721,1,1,2025-09-12,Greece,Turkey,63.853974,90.34721
722,1,1,2025-09-12,Greece,Turkey,86.050722,87.729473
723,1,1,2025-09-12,Greece,Turkey,75.447611,93.814337
724,1,1,2025-09-12,Greece,Turkey,80.394389,87.718131
725,1,1,2025-09-12,Greece,Turkey,92.846912,84.122786
726,1,1,2025-09-12,Greece,Turkey,96.641445,80.506772
727,1,1,2025-09-12,Greece,Turkey,84.181448,77.378009
728,1,1,2025-09-12,Greece,Turkey,92.208602,83.939237
729,1,1,2025-09-12,Greece,Turkey,68.958443,93.507758
730,1,1,2025-09-12,Greece,Turkey,74.99671,97.137494
731,1,1,2025-09-12,Greece,Turkey,81.958937,82.168735
732,1,1,2025-09-12,Greece,Turkey,75.165973,96.833584
733,1,1,2025-09-12,Greece,Turkey,90.919329,87.645245
734,1,1,2025-09-12,Greece,Turkey,61.385278,96.819676
735,1,1,2025-09-12,Greece,Turkey,69.755391,73.384262
736,1,1,2025-09-12,Greece,Turkey,86.514012,91.363465
737,1,1,2025-09-12,Greece,Turkey,91.281202,94.938827
738,1,1,2025-09-12,Greece,Turkey,73.769807,78.92173
739,1,1,2025-09-12,Greece,Turkey,91.343266,87.384359
740,1,1,2025-09-12,Greece,Turkey,54.208058,85.478861
741,1,1,2025-09-12,Greece,Turkey,65.682709,76.322386
742,1,1,2025-09-12,Greece,Turkey,70.196749,85.158482
743,1,1,2025-09-12,Greece,Turkey,98.086025,97.610011
744,1,1,2025-09-12,Greece,Turkey,86.491574,75.293903
745,1,1,2025-09-12,Greece,Turkey,88.950025,72.351152
746,1,1,2025-09-12,Greece,Turkey,78.483775,88.032995
747,1,1,2025-09-12,Greece,Turkey,66.715344,83.339492
748,1,1,2025-09-12,Greece,Turkey,94.34626,84.900796
749,1,1,2025-09-12,Greece,Turkey,71.149588,74.860281
750,1,1,2025-09-12,Greece,Turkey,81.304873,105.55228
751,1,1,2025-09-12,Greece,Turkey,73.290673,89.084882
752,1,1,2025-09-12,Greece,Turkey,88.734235,73.820911
753,1,1,2025-09-12,Greece,Turkey,78.818641,68.589897
754,1,1,2025-09-12,Greece,Turkey,73.262174,87.668691
755,1,1,2025-09-12,Greece,Turkey,77.652766,76.616543
756,1,1,2025-09-12,Greece,Turkey,95.610332,80.727031
757,1,1,2025-09-12,Greece,Turkey,72.873948,76.741547
758,1,1,2025-09-12,Greece,Turkey,67.015123,72.046376
759,1,1,2025-09-12,Greece,Turkey,79.16111,95.074661
760,1,1,2025-09-12,Greece,Turkey,72.219668,110.24937
761,1,1,2025-09-12,Greece,Turkey,74.906908,86.797931
762,1,1,2025-09-12,Greece,Turkey,95.181709,96.112773
763,1,1,2025-09-12,Greece,Turkey,79.103772,75.229278
764,1,1,2025-09-12,Greece,Turkey,64.892080000000007,84.847577
765,1,1,2025-09-12,Greece,Turkey,85.200338,87.050793
766,1,1,2025-09-12,Greece,Turkey,82.364565,74.002561
767,1,1,2025-09-12,Greece,Turkey,68.717873,96.291873
768,1,1,2025-09-12,Greece,Turkey,76.606346,82.817018
769,1,1,2025-09-12,Greece,Turkey,66.176657,82.646449
770,1,1,2025-09-12,Greece,Turkey,69.539445,79.309874
771,1,1,2025-09-12,Greece,Turkey,79.363664,106.68444
772,1,1,2025-09-12,Greece,Turkey,78.849263,85.62644
773,1,1,2025-09-12,Greece,Turkey,89.585152,74.924007
774,1,1,2025-09-12,Greece,Turkey,80.609374,72.434407
775,1,1,2025-09-12,Greece,Turkey,72.666508,62.624488
776,1,1,2025-09-12,Greece,Turkey,84.82567,84.990157
777,1,1,2025-09-12,Greece,Turkey,84.96017,68.552135
778,1,1,2025-09-12,Greece,Turkey,67.465188,97.26954
779,1,1,2025-09-12,Greece,Turkey,63.848042,90.384596
780,1,1,2025-09-12,Greece,Turkey,70.26822,76.696223
781,1,1,2025-09-12,Greece,Turkey,83.657059,80.308968
782,1,1,2025-09-12,Greece,Turkey,73.676594,83.154903
783,1,1,2025-09-12,Greece,Turkey,90.36758,97.632409
784,1,1,2025-09-12,Greece,Turkey,80.922422,89.832626
785,1,1,2025-09-12,Greece,Turkey,84.611749,97.959208
786,1,1,2025-09-12,Greece,Turkey,77.620202,80.977491
787,1,1,2025-09-12,Greece,Turkey,81.088191,108.301
788,1,1,2025-09-12,Greece,Turkey,110.67869,106.45585
789,1,1,2025-09-12,Greece,Turkey,69.519421,87.454372
790,1,1,2025-09-12,Greece,Turkey,73.491463,84.972209
791,1,1,2025-09-12,Greece,Turkey,102.51128,87.885336
792,1,1,2025-09-12,Greece,Turkey,77.258334,78.151027
793,1,1,2025-09-12,Greece,Turkey,97.276242,81.692606
794,1,1,2025-09-12,Greece,Turkey,82.682168,95.198468
795,1,1,2025-09-12,Greece,Turkey,67.597324,86.647229
796,1,1,2025-09-12,Greece,Turkey,79.973738,85.075466
797,1,1,2025-09-12,Greece,Turkey,73.891208,72.318334
798,1,1,2025-09-12,Greece,Turkey,72.55852,83.775535
799,1,1,2025-09-12,Greece,Turkey,98.596721,86.81286
800,1,1,2025-09-12,Greece,Turkey,84.771977,93.865022
801,1,1,2025-09-12,Greece,Turkey,90.551504,85.575163
802,1,1,2025-09-12,Greece,Turkey,80.203963,83.25497
803,1,1,2025-09-12,Greece,Turkey,64.916379,70.833651
804,1,1,2025-09-12,Greece,Turkey,69.434125,86.008466
805,1,1,2025-09-12,Greece,Turkey,69.608593,67.445991
806,1,1,2025-09-12,Greece,Turkey,68.59243,80.526498
807,1,1,2025-09-12,Greece,Turkey,91.885234,99.510092
808,1,1,2025-09-12,Greece,Turkey,77.956696,85.929669
809,1,1,2025-09-12,Greece,Turkey,77.738564,89.170485
810,1,1,2025-09-12,Greece,Turkey,75.263506,104.56343
811,1,1,2025-09-12,Greece,Turkey,76.461095,81.624059
812,1,1,2025-09-12,Greece,Turkey,92.207356,95.365809
813,1,1,2025-09-12,Greece,Turkey,85.292382,102.69768
814,1,1,2025-09-12,Greece,Turkey,75.06217,86.921827
815,1,1,2025-09-12,Greece,Turkey,73.18274,85.053854
816,1,1,2025-09-12,Greece,Turkey,64.031044,80.438914
817,1,1,2025-09-12,Greece,Turkey,51.133002,80.203695
818,1,1,2025-09-12,Greece,Turkey,79.53998,98.3334
819,1,1,2025-09-12,Greece,Turkey,84.289096,80.033098
820,1,1,2025-09-12,Greece,Turkey,80.519891,82.358472
821,1,1,2025-09-12,Greece,Turkey,85.494888,83.904375
822,1,1,2025-09-12,Greece,Turkey,81.296929,95.212271
823,1,1,2025-09-12,Greece,Turkey,59.459545,77.155482
824,1,1,2025-09-12,Greece,Turkey,80.059462,79.721686
825,1,1,2025-09-12,Greece,Turkey,100.79962,80.897722
826,1,1,2025-09-12,Greece,Turkey,74.956932,72.908773
827,1,1,2025-09-12,Greece,Turkey,95.519788,75.84992
828,1,1,2025-09-12,Greece,Turkey,72.67689,88.910864
829,1,1,2025-09-12,Greece,Turkey,77.171042,81.617846
830,1,1,2025-09-12,Greece,Turkey,48.998534,76.071587
831,1,1,2025-09-12,Greece,Turkey,92.816126,90.557446
832,1,1,2025-09-12,Greece,Turkey,76.667649,74.722338
833,1,1,2025-09-12,Greece,Turkey,67.873444,84.90951
834,1,1,2025-09-12,Greece,Turkey,102.73421,85.084463
835,1,1,2025-09-12,Greece,Turkey,77.143969,70.228078
836,1,1,2025-09-12,Greece,Turkey,79.190336,95.58289
837,1,1,2025-09-12,Greece,Turkey,60.638259,101.07972
838,1,1,2025-09-12,Greece,Turkey,88.379865,88.911701
839,1,1,2025-09-12,Greece,Turkey,100.28214,82.400264
840,1,1,2025-09-12,Greece,Turkey,102.30424,85.875396
841,1,1,2025-09-12,Greece,Turkey,53.817329,83.095965
842,1,1,2025-09-12,Greece,Turkey,50.961283,76.679517
843,1,1,2025-09-12,Greece,Turkey,61.990789,76.694098
844,1,1,2025-09-12,Greece,Turkey,89.521064,97.997035
845,1,1,2025-09-12,Greece,Turkey,57.546519,71.258901
846,1,1,2025-09-12,Greece,Turkey,85.627031,77.981969
847,1,1,2025-09-12,Greece,Turkey,82.624729,78.965636
848,1,1,2025-09-12,Greece,Turkey,83.229107,93.328013
849,1,1,2025-09-12,Greece,Turkey,67.326174,82.346489
850,1,1,2025-09-12,Greece,Turkey,70.901284,80.762373
851,1,1,2025-09-12,Greece,Turkey,61.358105,95.335912
852,1,1,2025-09-12,Greece,Turkey,81.563734,109.57999
853,1,1,2025-09-12,Greece,Turkey,87.413164,92.587216
854,1,1,2025-09-12,Greece,Turkey,91.730334,74.920795
855,1,1,2025-09-12,Greece,Turkey,82.809481,87.414699
856,1,1,2025-09-12,Greece,Turkey,64.941732,97.936898
857,1,1,2025-09-12,Greece,Turkey,77.171747,90.721293
858,1,1,2025-09-12,Greece,Turkey,84.660369,83.500626
859,1,1,2025-09-12,Greece,Turkey,70.757984,94.28712
860,1,1,2025-09-12,Greece,Turkey,79.201317,74.562098
861,1,1,2025-09-12,Greece,Turkey,84.267001,97.90538
862,1,1,2025-09-12,Greece,Turkey,90.873113,98.260863
863,1,1,2025-09-12,Greece,Turkey,77.025792,76.407365
864,1,1,2025-09-12,Greece,Turkey,77.254398,82.749021
865,1,1,2025-09-12,Greece,Turkey,70.101296,86.755307
866,1,1,2025-09-12,Greece,Turkey,69.816491,76.836418
867,1,1,2025-09-12,Greece,Turkey,89.481552,88.317856
868,1,1,2025-09-12,Greece,Turkey,62.453713,103.28184
869,1,1,2025-09-12,Greece,Turkey,58.826158,73.491223
870,1,1,2025-09-12,Greece,Turkey,86.165282,85.359742
871,1,1,2025-09-12,Greece,Turkey,81.530954,100.72927
872,1,1,2025-09-12,Greece,Turkey,48.861273,75.138762
873,1,1,2025-09-12,Greece,Turkey,84.025017,87.532014
874,1,1,2025-09-12,Greece,Turkey,100.86787,77.650472
875,1,1,2025-09-12,Greece,Turkey,84.720631,95.967736
876,1,1,2025-09-12,Greece,Turkey,94.181342,103.6614
877,1,1,2025-09-12,Greece,Turkey,90.473326,84.407501
878,1,1,2025-09-12,Greece,Turkey,90.472724,104.69644
879,1,1,2025-09-12,Greece,Turkey,72.387305,56.830773
880,1,1,2025-09-12,Greece,Turkey,72.088003,66.612194
881,1,1,2025-09-12,Greece,Turkey,86.522559,93.088927
882,1,1,2025-09-12,Greece,Turkey,91.45157,87.471947
883,1,1,2025-09-12,Greece,Turkey,88.30383,80.813169
884,1,1,2025-09-12,Greece,Turkey,79.559671,82.750435
885,1,1,2025-09-12,Greece,Turkey,92.70358,90.213193
886,1,1,2025-09-12,Greece,Turkey,66.316517,68.565063
887,1,1,2025-09-12,Greece,Turkey,87.209998,100.66593
888,1,1,2025-09-12,Greece,Turkey,67.889545,65.000217
889,1,1,2025-09-12,Greece,Turkey,89.625691,83.623763
890,1,1,2025-09-12,Greece,Turkey,79.16912,86.724173
891,1,1,2025-09-12,Greece,Turkey,77.539212,78.169023
892,1,1,2025-09-12,Greece,Turkey,90.33827,101.4499
893,1,1,2025-09-12,Greece,Turkey,75.439917,98.769068
894,1,1,2025-09-12,Greece,Turkey,77.624408,91.637837
895,1,1,2025-09-12,Greece,Turkey,74.855374,97.71007
896,1,1,2025-09-12,Greece,Turkey,92.448073,89.851941
897,1,1,2025-09-12,Greece,Turkey,80.051947,83.13603
898,1,1,2025-09-12,Greece,Turkey,95.459322,90.324092
899,1,1,2025-09-12,Greece,Turkey,93.069332,73.176074
900,1,1,2025-09-12,Greece,Turkey,85.600602,74.668526
901,1,1,2025-09-12,Greece,Turkey,74.439115,87.048767
902,1,1,2025-09-12,Greece,Turkey,77.356896,105.85273
903,1,1,2025-09-12,Greece,Turkey,72.945063,78.467239
904,1,1,2025-09-12,Greece,Turkey,78.044148,89.742028
905,1,1,2025-09-12,Greece,Turkey,61.517967,75.253437
906,1,1,2025-09-12,Greece,Turkey,94.359499,87.453346
907,1,1,2025-09-12,Greece,Turkey,58.45782,97.447004
908,1,1,2025-09-12,Greece,Turkey,58.339075,90.07686
909,1,1,2025-09-12,Greece,Turkey,64.648647,74.222565
910,1,1,2025-09-12,Greece,Turkey,83.928019,82.53593
911,1,1,2025-09-12,Greece,Turkey,63.693033,88.123524
912,1,1,2025-09-12,Greece,Turkey,103.10749,116.64061
913,1,1,2025-09-12,Greece,Turkey,78.33985,77.751475
914,1,1,2025-09-12,Greece,Turkey,84.105557,74.347691
915,1,1,2025-09-12,Greece,Turkey,90.493808,94.2286
916,1,1,2025-09-12,Greece,Turkey,79.025342,99.93296
917,1,1,2025-09-12,Greece,Turkey,80.777724,98.689216
918,1,1,2025-09-12,Greece,Turkey,92.993996,97.250367
919,1,1,2025-09-12,Greece,Turkey,77.665909,101.23693
920,1,1,2025-09-12,Greece,Turkey,65.731476,85.346036
921,1,1,2025-09-12,Greece,Turkey,78.393256,77.685279
922,1,1,2025-09-12,Greece,Turkey,82.995132,107.64878
923,1,1,2025-09-12,Greece,Turkey,83.625588,82.223663
924,1,1,2025-09-12,Greece,Turkey,77.433713,87.632551
925,1,1,2025-09-12,Greece,Turkey,97.841996,82.609955
926,1,1,2025-09-12,Greece,Turkey,76.41876,75.764652
927,1,1,2025-09-12,Greece,Turkey,91.896195,95.378935
928,1,1,2025-09-12,Greece,Turkey,78.740308,74.630713
929,1,1,2025-09-12,Greece,Turkey,89.525441,85.579273
930,1,1,2025-09-12,Greece,Turkey,107.01272,90.581548
931,1,1,2025-09-12,Greece,Turkey,70.174904,76.261976
932,1,1,2025-09-12,Greece,Turkey,72.7016,87.344086
933,1,1,2025-09-12,Greece,Turkey,83.433141,92.20975
934,1,1,2025-09-12,Greece,Turkey,86.116874,81.053435
935,1,1,2025-09-12,Greece,Turkey,82.918973,83.154566
936,1,1,2025-09-12,Greece,Turkey,84.870265,78.985892
937,1,1,2025-09-12,Greece,Turkey,74.887516,82.718026
938,1,1,2025-09-12,Greece,Turkey,88.390564,99.363638
939,1,1,2025-09-12,Greece,Turkey,94.048482,79.47048
940,1,1,2025-09-12,Greece,Turkey,90.624049,78.730272
941,1,1,2025-09-12,Greece,Turkey,80.36677,67.975253
942,1,1,2025-09-12,Greece,Turkey,58.451338,77.044288
943,1,1,2025-09-12,Greece,Turkey,85.22477,88.788168
944,1,1,2025-09-12,Greece,Turkey,77.758863,63.669014
945,1,1,2025-09-12,Greece,Turkey,92.563218,103.25745
946,1,1,2025-09-12,Greece,Turkey,64.468904,85.787651
947,1,1,2025-09-12,Greece,Turkey,88.009414,87.343975
948,1,1,2025-09-12,Greece,Turkey,91.972496,87.263016
949,1,1,2025-09-12,Greece,Turkey,93.808399,83.270107
950,1,1,2025-09-12,Greece,Turkey,78.513957,95.183726
951,1,1,2025-09-12,Greece,Turkey,82.796454,95.405895
952,1,1,2025-09-12,Greece,Turkey,85.222108,77.101394
953,1,1,2025-09-12,Greece,Turkey,77.16889,88.193392
954,1,1,2025-09-12,Greece,Turkey,85.96996,82.615985
955,1,1,2025-09-12,Greece,Turkey,71.473355,106.86066
956,1,1,2025-09-12,Greece,Turkey,72.11803,81.397056
957,1,1,2025-09-12,Greece,Turkey,69.247776,87.559823
958,1,1,2025-09-12,Greece,Turkey,77.677642,73.342289
959,1,1,2025-09-12,Greece,Turkey,78.228421,80.905841
960,1,1,2025-09-12,Greece,Turkey,93.156274,87.405459
961,1,1,2025-09-12,Greece,Turkey,89.724536,73.049087
962,1,1,2025-09-12,Greece,Turkey,51.978487,69.956753
963,1,1,2025-09-12,Greece,Turkey,76.698609,90.788741
964,1,1,2025-09-12,Greece,Turkey,73.975557,92.43945
965,1,1,2025-09-12,Greece,Turkey,63.444076,78.907517
966,1,1,2025-09-12,Greece,Turkey,86.856879,94.82256
967,1,1,2025-09-12,Greece,Turkey,83.059651,79.609726
968,1,1,2025-09-12,Greece,Turkey,70.466033,83.35352
969,1,1,2025-09-12,Greece,Turkey,82.173096,93.183522
970,1,1,2025-09-12,Greece,Turkey,84.314158,76.819205
971,1,1,2025-09-12,Greece,Turkey,65.388207,71.444507
972,1,1,2025-09-12,Greece,Turkey,55.831768,96.197056
973,1,1,2025-09-12,Greece,Turkey,81.961998,81.933522
974,1,1,2025-09-12,Greece,Turkey,73.59239,85.615967
975,1,1,2025-09-12,Greece,Turkey,73.624086,107.16891
976,1,1,2025-09-12,Greece,Turkey,96.919244,86.907326
977,1,1,2025-09-12,Greece,Turkey,90.052312,89.605959
978,1,1,2025-09-12,Greece,Turkey,70.813474,96.470684
979,1,1,2025-09-12,Greece,Turkey,86.86968,78.608817
980,1,1,2025-09-12,Greece,Turkey,76.990425,85.525597
981,1,1,2025-09-12,Greece,Turkey,91.575058,71.476829
982,1,1,2025-09-12,Greece,Turkey,96.074366,103.36639
983,1,1,2025-09-12,Greece,Turkey,72.286477,87.881075
984,1,1,2025-09-12,Greece,Turkey,73.876079,95.28922
985,1,1,2025-09-12,Greece,Turkey,74.788386,78.149196
986,1,1,2025-09-12,Greece,Turkey,65.711179,77.104503
987,1,1,2025-09-12,Greece,Turkey,76.770077,79.511068
988,1,1,2025-09-12,Greece,Turkey,70.601854,77.881415
989,1,1,2025-09-12,Greece,Turkey,68.479549,75.634487
990,1,1,2025-09-12,Greece,Turkey,69.378616,67.881443
991,1,1,2025-09-12,Greece,Turkey,75.019898,70.113631
992,1,1,2025-09-12,Greece,Turkey,59.413245,73.222732
993,1,1,2025-09-12,Greece,Turkey,78.147181,104.48562
994,1,1,2025-09-12,Greece,Turkey,95.120599,91.887284
995,1,1,2025-09-12,Greece,Turkey,82.746334,67.767213
996,1,1,2025-09-12,Greece,Turkey,84.901359,82.744775
997,1,1,2025-09-12,Greece,Turkey,81.358439,83.618419
998,1,1,2025-09-12,Greece,Turkey,86.295602,91.174562
999,1,1,2025-09-12,Greece,Turkey,85.855015,81.615947
1000,1,1,2025-09-12,Greece,Turkey,70.739684,73.205617
1001,1,1,2025-09-12,Greece,Turkey,84.336299,75.697329
1002,1,1,2025-09-12,Greece,Turkey,70.598732,78.204937
1003,1,1,2025-09-12,Greece,Turkey,81.461119,94.819862
1004,1,1,2025-09-12,Greece,Turkey,78.658087,96.034937
1005,1,1,2025-09-12,Greece,Turkey,71.95914,75.808629
1006,1,1,2025-09-12,Greece,Turkey,68.719447,95.530581
1007,1,1,2025-09-12,Greece,Turkey,82.666216,91.532144
1008,1,1,2025-09-12,Greece,Turkey,86.902894,93.419152
1009,1,1,2025-09-12,Greece,Turkey,95.518649,81.395245
1010,1,1,2025-09-12,Greece,Turkey,83.797715,100.20711
1011,1,1,2025-09-12,Greece,Turkey,84.510064,100.38659
1012,1,1,2025-09-12,Greece,Turkey,95.361822,100.71423
1013,1,1,2025-09-12,Greece,Turkey,80.337098,82.755665
1014,1,1,2025-09-12,Greece,Turkey,76.491007,80.641241
1015,1,1,2025-09-12,Greece,Turkey,62.760667,90.342751
1016,1,1,2025-09-12,Greece,Turkey,84.27771,93.223442
1017,1,1,2025-09-12,Greece,Turkey,65.226592,88.105251
1018,1,1,2025-09-12,Greece,Turkey,73.525355,85.007695
1019,1,1,2025-09-12,Greece,Turkey,84.169529,82.177389
1020,1,1,2025-09-12,Greece,Turkey,86.406401,95.17962
1021,1,1,2025-09-12,Greece,Turkey,73.70893,88.421366
1022,1,1,2025-09-12,Greece,Turkey,79.458741,73.942912
1023,1,1,2025-09-12,Greece,Turkey,91.014782,88.540427
1024,1,1,2025-09-12,Greece,Turkey,86.608403,83.330087
1025,1,1,2025-09-12,Greece,Turkey,75.118733,90.878558
1026,1,1,2025-09-12,Greece,Turkey,78.47413,82.851757
1027,1,1,2025-09-12,Greece,Turkey,86.153465,95.841157
1028,1,1,2025-09-12,Greece,Turkey,73.744481,87.53812
1029,1,1,2025-09-12,Greece,Turkey,77.432312,93.428175
1030,1,1,2025-09-12,Greece,Turkey,85.618784,76.873497
1031,1,1,2025-09-12,Greece,Turkey,79.719259,83.625002
1032,1,1,2025-09-12,Greece,Turkey,72.246892,84.177103
1033,1,1,2025-09-12,Greece,Turkey,72.551665,79.384912
1034,1,1,2025-09-12,Greece,Turkey,89.938032,71.174903
1035,1,1,2025-09-12,Greece,Turkey,86.018241,74.060181
1036,1,1,2025-09-12,Greece,Turkey,78.46519,77.169851
1037,1,1,2025-09-12,Greece,Turkey,68.803449,101.63367
1038,1,1,2025-09-12,Greece,Turkey,78.373784,94.454112
1039,1,1,2025-09-12,Greece,Turkey,69.810978,72.404191
1040,1,1,2025-09-12,Greece,Turkey,69.12764,88.472714
1041,1,1,2025-09-12,Greece,Turkey,82.192573,82.042296
1042,1,1,2025-09-12,Greece,Turkey,73.239005,90.434279
1043,1,1,2025-09-12,Greece,Turkey,84.858988,81.473077
1044,1,1,2025-09-12,Greece,Turkey,57.88868,77.290212
1045,1,1,2025-09-12,Greece,Turkey,88.983903,59.971443
1046,1,1,2025-09-12,Greece,Turkey,70.446479,83.466468
1047,1,1,2025-09-12,Greece,Turkey,57.648171,78.761952
1048,1,1,2025-09-12,Greece,Turkey,93.02391,66.980079
1049,1,1,2025-09-12,Greece,Turkey,70.958131,69.65059
1050,1,1,2025-09-12,Greece,Turkey,97.614101,88.32827
1051,1,1,2025-09-12,Greece,Turkey,63.919623,89.185692
1052,1,1,2025-09-12,Greece,Turkey,76.373349,90.382284
1053,1,1,2025-09-12,Greece,Turkey,88.866351,107.27216
1054,1,1,2025-09-12,Greece,Turkey,75.34371,77.777566
1055,1,1,2025-09-12,Greece,Turkey,84.979958,86.524974
1056,1,1,2025-09-12,Greece,Turkey,83.731412,86.981399
1057,1,1,2025-09-12,Greece,Turkey,105.00855,73.009321
1058,1,1,2025-09-12,Greece,Turkey,97.342248,86.956933
1059,1,1,2025-09-12,Greece,Turkey,86.528172,92.646622
1060,1,1,2025-09-12,Greece,Turkey,90.922308,93.363443
1061,1,1,2025-09-12,Greece,Turkey,74.364918,85.861677
1062,1,1,2025-09-12,Greece,Turkey,88.583107,86.7376
1063,1,1,2025-09-12,Greece,Turkey,82.171617,91.193634
1064,1,1,2025-09-12,Greece,Turkey,93.163732,96.681807
1065,1,1,2025-09-12,Greece,Turkey,85.104583,79.321108
1066,1,1,2025-09-12,Greece,Turkey,84.935995,91.941482
1067,1,1,2025-09-12,Greece,Turkey,79.85387,84.398909
1068,1,1,2025-09-12,Greece,Turkey,77.823916,81.015914
1069,1,1,2025-09-12,Greece,Turkey,76.402812,77.890991
1070,1,1,2025-09-12,Greece,Turkey,75.988804,101.84209
1071,1,1,2025-09-12,Greece,Turkey,63.13205,72.859679
1072,1,1,2025-09-12,Greece,Turkey,86.676174,105.72646
1073,1,1,2025-09-12,Greece,Turkey,99.364853,97.787775
1074,1,1,2025-09-12,Greece,Turkey,87.219768,97.077357
1075,1,1,2025-09-12,Greece,Turkey,93.577986,76.234707
1076,1,1,2025-09-12,Greece,Turkey,80.735381,103.20286
1077,1,1,2025-09-12,Greece,Turkey,87.672477,96.375605
1078,1,1,2025-09-12,Greece,Turkey,56.164044,78.521155
1079,1,1,2025-09-12,Greece,Turkey,75.023862,71.599697
1080,1,1,2025-09-12,Greece,Turkey,60.176958,84.964091
1081,1,1,2025-09-12,Greece,Turkey,58.282255,88.344725
1082,1,1,2025-09-12,Greece,Turkey,79.190433,94.152924
1083,1,1,2025-09-12,Greece,Turkey,92.519155,82.557653
1084,1,1,2025-09-12,Greece,Turkey,72.016332,64.307916
1085,1,1,2025-09-12,Greece,Turkey,94.993114,83.32517
1086,1,1,2025-09-12,Greece,Turkey,87.351862,91.116773
1087,1,1,2025-09-12,Greece,Turkey,98.908239,87.813189
1088,1,1,2025-09-12,Greece,Turkey,78.063622,82.848237
1089,1,1,2025-09-12,Greece,Turkey,87.698965,91.841189
1090,1,1,2025-09-12,Greece,Turkey,91.218736,73.972219
1091,1,1,2025-09-12,Greece,Turkey,66.733814,97.129005
1092,1,1,2025-09-12,Greece,Turkey,74.748827,90.925018
1093,1,1,2025-09-12,Greece,Turkey,78.810847,87.252873
1094,1,1,2025-09-12,Greece,Turkey,89.77836,99.139896
1095,1,1,2025-09-12,Greece,Turkey,63.076322,93.106418
1096,1,1,2025-09-12,Greece,Turkey,61.378954,74.108609
1097,1,1,2025-09-12,Greece,Turkey,85.581782,103.14621
1098,1,1,2025-09-12,Greece,Turkey,74.873651,79.056862
1099,1,1,2025-09-12,Greece,Turkey,63.147704,83.503674
1100,1,1,2025-09-12,Greece,Turkey,92.887735,79.37148
1101,1,1,2025-09-12,Greece,Turkey,80.042342,81.43259
1102,1,1,2025-09-12,Greece,Turkey,73.968594,92.665318
1103,1,1,2025-09-12,Greece,Turkey,80.389396,67.048877
1104,1,1,2025-09-12,Greece,Turkey,70.330037,78.734847
1105,1,1,2025-09-12,Greece,Turkey,95.535061,81.229222
1106,1,1,2025-09-12,Greece,Turkey,81.451804,87.180039
1107,1,1,2025-09-12,Greece,Turkey,60.906174,65.846239
1108,1,1,2025-09-12,Greece,Turkey,90.64203,93.833146
1109,1,1,2025-09-12,Greece,Turkey,74.760617,78.725566
1110,1,1,2025-09-12,Greece,Turkey,86.950567,94.763605
1111,1,1,2025-09-12,Greece,Turkey,101.16106,99.579632
1112,1,1,2025-09-12,Greece,Turkey,66.254672,91.598288
1113,1,1,2025-09-12,Greece,Turkey,86.776237,93.734014
1114,1,1,2025-09-12,Greece,Turkey,74.385734,92.781733
1115,1,1,2025-09-12,Greece,Turkey,75.220962,94.090427
1116,1,1,2025-09-12,Greece,Turkey,60.961358,85.135087
1117,1,1,2025-09-12,Greece,Turkey,83.89624,96.247097
1118,1,1,2025-09-12,Greece,Turkey,81.111668,103.09277
1119,1,1,2025-09-12,Greece,Turkey,84.411251,88.071545
1120,1,1,2025-09-12,Greece,Turkey,39.336114,88.967244
1121,1,1,2025-09-12,Greece,Turkey,73.587826,87.807072
1122,1,1,2025-09-12,Greece,Turkey,75.10424,57.274197
1123,1,1,2025-09-12,Greece,Turkey,74.601263,90.988583
1124,1,1,2025-09-12,Greece,Turkey,54.667916,85.529941
1125,1,1,2025-09-12,Greece,Turkey,71.377303,80.969466
1126,1,1,2025-09-12,Greece,Turkey,78.671666,91.225164
1127,1,1,2025-09-12,Greece,Turkey,100.99866,96.328553
1128,1,1,2025-09-12,Greece,Turkey,49.750899,86.589041
1129,1,1,2025-09-12,Greece,Turkey,85.304401,97.329354
1130,1,1,2025-09-12,Greece,Turkey,94.097785,78.804076
1131,1,1,2025-09-12,Greece,Turkey,86.431604,86.762833
1132,1,1,2025-09-12,Greece,Turkey,65.639227,70.457184
1133,1,1,2025-09-12,Greece,Turkey,83.666881,97.765269
1134,1,1,2025-09-12,Greece,Turkey,94.220988,96.383638
1135,1,1,2025-09-12,Greece,Turkey,84.208295,97.313846
1136,1,1,2025-09-12,Greece,Turkey,82.207938,74.534312
1137,1,1,2025-09-12,Greece,Turkey,70.878277,71.590369
1138,1,1,2025-09-12,Greece,Turkey,91.481708,86.026297
1139,1,1,2025-09-12,Greece,Turkey,102.99423,74.345859
1140,1,1,2025-09-12,Greece,Turkey,87.922205,75.360186
1141,1,1,2025-09-12,Greece,Turkey,67.007646,71.002897
1142,1,1,2025-09-12,Greece,Turkey,108.99464,86.655624
1143,1,1,2025-09-12,Greece,Turkey,88.74384,98.652286
1144,1,1,2025-09-12,Greece,Turkey,70.94594,83.320198
1145,1,1,2025-09-12,Greece,Turkey,77.460853,83.046281
1146,1,1,2025-09-12,Greece,Turkey,53.015291,82.160671
1147,1,1,2025-09-12,Greece,Turkey,84.514772,84.021787
1148,1,1,2025-09-12,Greece,Turkey,81.713337,97.785025
1149,1,1,2025-09-12,Greece,Turkey,71.189543,72.640554
1150,1,1,2025-09-12,Greece,Turkey,82.546646,105.63293
1151,1,1,2025-09-12,Greece,Turkey,72.679559,67.765401
1152,1,1,2025-09-12,Greece,Turkey,89.241552,92.1229
1153,1,1,2025-09-12,Greece,Turkey,55.703372,77.063854
1154,1,1,2025-09-12,Greece,Turkey,63.492006,82.997078
1155,1,1,2025-09-12,Greece,Turkey,88.790031,101.21747
1156,1,1,2025-09-12,Greece,Turkey,76.720047,89.303326
1157,1,1,2025-09-12,Greece,Turkey,73.172649,72.964483
1158,1,1,2025-09-12,Greece,Turkey,73.614843,76.57817
1159,1,1,2025-09-12,Greece,Turkey,81.084015,79.736121
1160,1,1,2025-09-12,Greece,Turkey,76.0402,68.87747
1161,1,1,2025-09-12,Greece,Turkey,93.761446,79.316584
1162,1,1,2025-09-12,Greece,Turkey,78.206531,82.004421
1163,1,1,2025-09-12,Greece,Turkey,75.223852,103.61212
1164,1,1,2025-09-12,Greece,Turkey,88.415232,97.188633
1165,1,1,2025-09-12,Greece,Turkey,57.693574,97.061512
1166,1,1,2025-09-12,Greece,Turkey,92.476563,97.974455
1167,1,1,2025-09-12,Greece,Turkey,90.161461,87.211184
1168,1,1,2025-09-12,Greece,Turkey,89.445311,89.741454
1169,1,1,2025-09-12,Greece,Turkey,86.427669,87.251632
1170,1,1,2025-09-12,Greece,Turkey,87.505665,99.561291
1171,1,1,2025-09-12,Greece,Turkey,73.851875,79.765882
1172,1,1,2025-09-12,Greece,Turkey,72.547829,76.604323
1173,1,1,2025-09-12,Greece,Turkey,82.285738,82.749848
1174,1,1,2025-09-12,Greece,Turkey,85.521393,82.4223
1175,1,1,2025-09-12,Greece,Turkey,96.982282,86.141786
1176,1,1,2025-09-12,Greece,Turkey,88.41963,96.29584
1177,1,1,2025-09-12,Greece,Turkey,75.393654,78.56995
1178,1,1,2025-09-12,Greece,Turkey,76.163375,79.733023
1179,1,1,2025-09-12,Greece,Turkey,79.874439,87.399754
1180,1,1,2025-09-12,Greece,Turkey,71.551721,75.56796
1181,1,1,2025-09-12,Greece,Turkey,103.37786,79.825406
1182,1,1,2025-09-12,Greece,Turkey,67.213502,84.868182
1183,1,1,2025-09-12,Greece,Turkey,76.431616,78.757651
1184,1,1,2025-09-12,Greece,Turkey,81.536425,93.29649
1185,1,1,2025-09-12,Greece,Turkey,69.062714,78.725596
1186,1,1,2025-09-12,Greece,Turkey,93.938028,90.798273
1187,1,1,2025-09-12,Greece,Turkey,74.673264,93.823331
1188,1,1,2025-09-12,Greece,Turkey,84.811244,74.498887
1189,1,1,2025-09-12,Greece,Turkey,75.770047,86.134287
1190,1,1,2025-09-12,Greece,Turkey,58.467436,88.478092
1191,1,1,2025-09-12,Greece,Turkey,69.591761,72.597496
1192,1,1,2025-09-12,Greece,Turkey,84.629587,90.980329
1193,1,1,2025-09-12,Greece,Turkey,72.111087,81.627807
1194,1,1,2025-09-12,Greece,Turkey,71.496642,96.406784
1195,1,1,2025-09-12,Greece,Turkey,82.372971,81.242207
1196,1,1,2025-09-12,Greece,Turkey,52.35151,76.185515
1197,1,1,2025-09-12,Greece,Turkey,65.066635,95.070564
1198,1,1,2025-09-12,Greece,Turkey,83.375696,88.792825
1199,1,1,2025-09-12,Greece,Turkey,85.951575,83.280567
1200,1,1,2025-09-12,Greece,Turkey,96.37564,72.845842
1201,1,1,2025-09-12,Greece,Turkey,82.341732,82.186011
1202,1,1,2025-09-12,Greece,Turkey,72.700842,82.155923
1203,1,1,2025-09-12,Greece,Turkey,74.894671,91.989431
1204,1,1,2025-09-12,Greece,Turkey,73.239353,74.860452
1205,1,1,2025-09-12,Greece,Turkey,61.390988,92.459855
1206,1,1,2025-09-12,Greece,Turkey,76.537097,86.653833
1207,1,1,2025-09-12,Greece,Turkey,58.792788,90.321515
1208,1,1,2025-09-12,Greece,Turkey,71.032318,74.268302
1209,1,1,2025-09-12,Greece,Turkey,86.042558,93.77901
1210,1,1,2025-09-12,Greece,Turkey,73.051153,88.577749
1211,1,1,2025-09-12,Greece,Turkey,80.925106,90.673861
1212,1,1,2025-09-12,Greece,Turkey,72.637404,68.939341
1213,1,1,2025-09-12,Greece,Turkey,78.231361,83.823215
1214,1,1,2025-09-12,Greece,Turkey,85.341533,59.288313
1215,1,1,2025-09-12,Greece,Turkey,89.284397,85.700737
1216,1,1,2025-09-12,Greece,Turkey,90.304316,88.126826
1217,1,1,2025-09-12,Greece,Turkey,83.594653,74.986302
1218,1,1,2025-09-12,Greece,Turkey,66.477666,86.277166
1219,1,1,2025-09-12,Greece,Turkey,77.71545,63.190254
1220,1,1,2025-09-12,Greece,Turkey,78.052943,78.016605
1221,1,1,2025-09-12,Greece,Turkey,71.693498,104.0821
1222,1,1,2025-09-12,Greece,Turkey,95.195208,88.467408
1223,1,1,2025-09-12,Greece,Turkey,76.526816,82.667483
1224,1,1,2025-09-12,Greece,Turkey,95.125306,63.174462
1225,1,1,2025-09-12,Greece,Turkey,75.770879,96.130819
1226,1,1,2025-09-12,Greece,Turkey,79.204111,80.215861
1227,1,1,2025-09-12,Greece,Turkey,95.802583,91.7613
1228,1,1,2025-09-12,Greece,Turkey,72.256419,76.88198
1229,1,1,2025-09-12,Greece,Turkey,93.817576,100.22499
1230,1,1,2025-09-12,Greece,Turkey,84.496607,102.27596
1231,1,1,2025-09-12,Greece,Turkey,62.301068,75.106107
1232,1,1,2025-09-12,Greece,Turkey,89.764101,95.082627
1233,1,1,2025-09-12,Greece,Turkey,71.184096,92.323029
1234,1,1,2025-09-12,Greece,Turkey,92.128455,84.20126
1235,1,1,2025-09-12,Greece,Turkey,78.583598,88.678481
1236,1,1,2025-09-12,Greece,Turkey,70.281074,79.649473
1237,1,1,2025-09-12,Greece,Turkey,92.705765,80.781297
1238,1,1,2025-09-12,Greece,Turkey,86.979214,89.061272
1239,1,1,2025-09-12,Greece,Turkey,98.502629,78.693542
1240,1,1,2025-09-12,Greece,Turkey,70.749022,94.590278
1241,1,1,2025-09-12,Greece,Turkey,70.955687,92.944304
1242,1,1,2025-09-12,Greece,Turkey,76.826974,78.602753
1243,1,1,2025-09-12,Greece,Turkey,65.09543,91.320294
1244,1,1,2025-09-12,Greece,Turkey,74.900383,82.827274
1245,1,1,2025-09-12,Greece,Turkey,74.545512,82.116009
1246,1,1,2025-09-12,Greece,Turkey,78.443494,76.97336
1247,1,1,2025-09-12,Greece,Turkey,71.752907,82.188583
1248,1,1,2025-09-12,Greece,Turkey,76.011185,90.962827
1249,1,1,2025-09-12,Greece,Turkey,80.480017,79.366034
1250,1,1,2025-09-12,Greece,Turkey,77.288734,84.788396
1251,1,1,2025-09-12,Greece,Turkey,82.179932,82.973626
1252,1,1,2025-09-12,Greece,Turkey,75.554782,87.920342
1253,1,1,2025-09-12,Greece,Turkey,79.440925,88.089785
1254,1,1,2025-09-12,Greece,Turkey,78.940554,70.527021
1255,1,1,2025-09-12,Greece,Turkey,98.010176,94.258692
1256,1,1,2025-09-12,Greece,Turkey,81.02285,90.382555
1257,1,1,2025-09-12,Greece,Turkey,79.845269,75.935305
1258,1,1,2025-09-12,Greece,Turkey,73.705726,90.977714
1259,1,1,2025-09-12,Greece,Turkey,82.474211,94.045525
1260,1,1,2025-09-12,Greece,Turkey,86.850258,90.009669
1261,1,1,2025-09-12,Greece,Turkey,80.189144,84.786179
1262,1,1,2025-09-12,Greece,Turkey,64.783496,89.257271
1263,1,1,2025-09-12,Greece,Turkey,73.559119,102.20367
1264,1,1,2025-09-12,Greece,Turkey,95.776485,89.0364
1265,1,1,2025-09-12,Greece,Turkey,77.071353,88.378069
1266,1,1,2025-09-12,Greece,Turkey,81.119736,73.554643
1267,1,1,2025-09-12,Greece,Turkey,98.59034,93.274237
1268,1,1,2025-09-12,Greece,Turkey,65.808113,61.121474
1269,1,1,2025-09-12,Greece,Turkey,86.444429,73.146321
1270,1,1,2025-09-12,Greece,Turkey,69.152538,106.68618
1271,1,1,2025-09-12,Greece,Turkey,73.307723,86.973549
1272,1,1,2025-09-12,Greece,Turkey,97.001717,87.119125
1273,1,1,2025-09-12,Greece,Turkey,68.747642,96.232763
1274,1,1,2025-09-12,Greece,Turkey,90.642308,71.715085
1275,1,1,2025-09-12,Greece,Turkey,70.477262,79.171739
1276,1,1,2025-09-12,Greece,Turkey,89.640962,82.436922
1277,1,1,2025-09-12,Greece,Turkey,89.350055,83.877719
1278,1,1,2025-09-12,Greece,Turkey,96.289989,109.96579
1279,1,1,2025-09-12,Greece,Turkey,65.195006,83.174537
1280,1,1,2025-09-12,Greece,Turkey,88.456509,74.075792
1281,1,1,2025-09-12,Greece,Turkey,63.765021,84.827269
1282,1,1,2025-09-12,Greece,Turkey,67.339413,90.013307
1283,1,1,2025-09-12,Greece,Turkey,95.091547,88.664342
1284,1,1,2025-09-12,Greece,Turkey,73.169744,94.095369
1285,1,1,2025-09-12,Greece,Turkey,90.777786,92.822034
1286,1,1,2025-09-12,Greece,Turkey,75.845027,74.726923
1287,1,1,2025-09-12,Greece,Turkey,89.990174,85.534747
1288,1,1,2025-09-12,Greece,Turkey,81.471151,76.41048
1289,1,1,2025-09-12,Greece,Turkey,70.068521,67.278212
1290,1,1,2025-09-12,Greece,Turkey,79.76342,86.142992
1291,1,1,2025-09-12,Greece,Turkey,77.375931,68.889812
1292,1,1,2025-09-12,Greece,Turkey,89.751186,79.8217
1293,1,1,2025-09-12,Greece,Turkey,88.725468,90.447106
1294,1,1,2025-09-12,Greece,Turkey,79.418817,94.181122
1295,1,1,2025-09-12,Greece,Turkey,95.792877,102.45343
1296,1,1,2025-09-12,Greece,Turkey,77.756066,84.872169
1297,1,1,2025-09-12,Greece,Turkey,70.298395,84.247443
1298,1,1,2025-09-12,Greece,Turkey,69.487204,85.863557
1299,1,1,2025-09-12,Greece,Turkey,78.758821,88.849458
1300,1,1,2025-09-12,Greece,Turkey,79.198997,85.510468
1301,1,1,2025-09-12,Greece,Turkey,88.197615,95.181664
1302,1,1,2025-09-12,Greece,Turkey,78.143418,91.671795
1303,1,1,2025-09-12,Greece,Turkey,102.67395,93.495025
1304,1,1,2025-09-12,Greece,Turkey,95.231725,99.842148
1305,1,1,2025-09-12,Greece,Turkey,71.832911,78.126617
1306,1,1,2025-09-12,Greece,Turkey,74.212859,83.990154
1307,1,1,2025-09-12,Greece,Turkey,75.492193,79.695439
1308,1,1,2025-09-12,Greece,Turkey,81.607489,92.982702
1309,1,1,2025-09-12,Greece,Turkey,82.804091,99.252338
1310,1,1,2025-09-12,Greece,Turkey,71.807504,67.657543
1311,1,1,2025-09-12,Greece,Turkey,68.041051,93.317081
1312,1,1,2025-09-12,Greece,Turkey,82.856137,78.306387
1313,1,1,2025-09-12,Greece,Turkey,73.395737,69.715203
1314,1,1,2025-09-12,Greece,Turkey,69.507048,79.298751
1315,1,1,2025-09-12,Greece,Turkey,67.616025,93.954307
1316,1,1,2025-09-12,Greece,Turkey,75.563511,89.179822
1317,1,1,2025-09-12,Greece,Turkey,82.561389,85.438161
1318,1,1,2025-09-12,Greece,Turkey,97.76863,90.39276
1319,1,1,2025-09-12,Greece,Turkey,73.417703,79.503733
1320,1,1,2025-09-12,Greece,Turkey,76.751241,82.957983
1321,1,1,2025-09-12,Greece,Turkey,75.40114,84.254996
1322,1,1,2025-09-12,Greece,Turkey,73.989797,79.195109
1323,1,1,2025-09-12,Greece,Turkey,78.57179,68.313677
1324,1,1,2025-09-12,Greece,Turkey,85.156332,81.201428
1325,1,1,2025-09-12,Greece,Turkey,82.817335,96.461541
1326,1,1,2025-09-12,Greece,Turkey,64.227778,71.827119
1327,1,1,2025-09-12,Greece,Turkey,67.415724,87.292209
1328,1,1,2025-09-12,Greece,Turkey,68.271893,71.770828
1329,1,1,2025-09-12,Greece,Turkey,72.977084,76.729054
1330,1,1,2025-09-12,Greece,Turkey,78.130919,97.256682
1331,1,1,2025-09-12,Greece,Turkey,88.761628,85.407062
1332,1,1,2025-09-12,Greece,Turkey,89.399798,85.354275
1333,1,1,2025-09-12,Greece,Turkey,67.986586,77.928707
1334,1,1,2025-09-12,Greece,Turkey,96.583144,91.880288
1335,1,1,2025-09-12,Greece,Turkey,79.166151,76.091776
1336,1,1,2025-09-12,Greece,Turkey,84.551871,99.655972
1337,1,1,2025-09-12,Greece,Turkey,80.816605,93.46595
1338,1,1,2025-09-12,Greece,Turkey,84.401548,91.559122
1339,1,1,2025-09-12,Greece,Turkey,76.248424,103.04186
1340,1,1,2025-09-12,Greece,Turkey,80.991911,87.69089
1341,1,1,2025-09-12,Greece,Turkey,71.743901,75.919793
1342,1,1,2025-09-12,Greece,Turkey,80.592853,72.570948
1343,1,1,2025-09-12,Greece,Turkey,70.463112,87.383535
1344,1,1,2025-09-12,Greece,Turkey,72.90465,80.84601
1345,1,1,2025-09-12,Greece,Turkey,77.815195,88.10152
1346,1,1,2025-09-12,Greece,Turkey,63.525718,59.470611
1347,1,1,2025-09-12,Greece,Turkey,85.853669,96.669969
1348,1,1,2025-09-12,Greece,Turkey,64.029926,94.994194
1349,1,1,2025-09-12,Greece,Turkey,96.080911,79.778606
1350,1,1,2025-09-12,Greece,Turkey,61.030306,75.104624
1351,1,1,2025-09-12,Greece,Turkey,92.99126,87.256629
1352,1,1,2025-09-12,Greece,Turkey,79.436117,97.039945
1353,1,1,2025-09-12,Greece,Turkey,66.936419,76.395823
1354,1,1,2025-09-12,Greece,Turkey,68.048834,93.168751
1355,1,1,2025-09-12,Greece,Turkey,87.712674,105.90836
1356,1,1,2025-09-12,Greece,Turkey,65.596411,92.695208
1357,1,1,2025-09-12,Greece,Turkey,75.579777000000007,93.476272
1358,1,1,2025-09-12,Greece,Turkey,65.135559,63.044332
1359,1,1,2025-09-12,Greece,Turkey,83.491652,87.542812
1360,1,1,2025-09-12,Greece,Turkey,92.330693,95.792319
1361,1,1,2025-09-12,Greece,Turkey,108.625,77.290405
1362,1,1,2025-09-12,Greece,Turkey,86.388807,85.781557
1363,1,1,2025-09-12,Greece,Turkey,77.611296,71.962713
1364,1,1,2025-09-12,Greece,Turkey,88.394018,67.828604
1365,1,1,2025-09-12,Greece,Turkey,74.307063,83.014602
1366,1,1,2025-09-12,Greece,Turkey,80.275834,83.875636
1367,1,1,2025-09-12,Greece,Turkey,71.487032,83.769903
1368,1,1,2025-09-12,Greece,Turkey,80.753949,78.10424
1369,1,1,2025-09-12,Greece,Turkey,84.254354,69.493039
1370,1,1,2025-09-12,Greece,Turkey,61.840326,86.450914
1371,1,1,2025-09-12,Greece,Turkey,79.62575,59.576454
1372,1,1,2025-09-12,Greece,Turkey,70.890145,98.399967
1373,1,1,2025-09-12,Greece,Turkey,66.238381,62.390295
1374,1,1,2025-09-12,Greece,Turkey,98.161091,98.390289
1375,1,1,2025-09-12,Greece,Turkey,56.635406,69.781366
1376,1,1,2025-09-12,Greece,Turkey,84.756552,77.413657
1377,1,1,2025-09-12,Greece,Turkey,91.14009,71.281615
1378,1,1,2025-09-12,Greece,Turkey,56.353144,79.311604
1379,1,1,2025-09-12,Greece,Turkey,91.079312,80.505728
1380,1,1,2025-09-12,Greece,Turkey,84.669143,101.30968
1381,1,1,2025-09-12,Greece,Turkey,68.310434,104.55538
1382,1,1,2025-09-12,Greece,Turkey,72.777009,73.121806
1383,1,1,2025-09-12,Greece,Turkey,88.828519,63.834866
1384,1,1,2025-09-12,Greece,Turkey,80.62618,74.744036
1385,1,1,2025-09-12,Greece,Turkey,81.863547,91.127455
1386,1,1,2025-09-12,Greece,Turkey,70.727702,86.432566
1387,1,1,2025-09-12,Greece,Turkey,64.108767,76.455589
1388,1,1,2025-09-12,Greece,Turkey,81.446375,103.45648
1389,1,1,2025-09-12,Greece,Turkey,86.443432,90.475028
1390,1,1,2025-09-12,Greece,Turkey,82.083142,84.521129
1391,1,1,2025-09-12,Greece,Turkey,89.345046,87.234041
1392,1,1,2025-09-12,Greece,Turkey,79.948546,83.026488
1393,1,1,2025-09-12,Greece,Turkey,87.480141,88.202865
1394,1,1,2025-09-12,Greece,Turkey,92.242032,85.482612
1395,1,1,2025-09-12,Greece,Turkey,86.329133,72.149974
1396,1,1,2025-09-12,Greece,Turkey,59.125652,89.76398
1397,1,1,2025-09-12,Greece,Turkey,80.78245,85.983916
1398,1,1,2025-09-12,Greece,Turkey,68.999754,91.72581
1399,1,1,2025-09-12,Greece,Turkey,79.833566,86.16354
1400,1,1,2025-09-12,Greece,Turkey,73.874018,89.60826
1401,1,1,2025-09-12,Greece,Turkey,93.810175,92.774298
1402,1,1,2025-09-12,Greece,Turkey,62.994763,75.449077
1403,1,1,2025-09-12,Greece,Turkey,97.163888,78.627396
1404,1,1,2025-09-12,Greece,Turkey,71.026781,80.072754
1405,1,1,2025-09-12,Greece,Turkey,79.311269,82.99523
1406,1,1,2025-09-12,Greece,Turkey,81.551807,82.45948
1407,1,1,2025-09-12,Greece,Turkey,72.143932,54.657129
1408,1,1,2025-09-12,Greece,Turkey,62.807171,88.519961
1409,1,1,2025-09-12,Greece,Turkey,76.101459,87.077297
1410,1,1,2025-09-12,Greece,Turkey,78.942464,60.645221
1411,1,1,2025-09-12,Greece,Turkey,77.453734,88.699865
1412,1,1,2025-09-12,Greece,Turkey,90.684881,82.888666
1413,1,1,2025-09-12,Greece,Turkey,67.884351,104.02257
1414,1,1,2025-09-12,Greece,Turkey,81.070412,85.744376
1415,1,1,2025-09-12,Greece,Turkey,57.662069,87.316027
1416,1,1,2025-09-12,Greece,Turkey,83.76809,90.25792
1417,1,1,2025-09-12,Greece,Turkey,72.747595,70.133959
1418,1,1,2025-09-12,Greece,Turkey,97.438547,97.967089
1419,1,1,2025-09-12,Greece,Turkey,83.253807,89.611757
1420,1,1,2025-09-12,Greece,Turkey,74.72736,91.718435
1421,1,1,2025-09-12,Greece,Turkey,72.482038,88.570022
1422,1,1,2025-09-12,Greece,Turkey,81.620837,100.70936
1423,1,1,2025-09-12,Greece,Turkey,64.195877,81.416044
1424,1,1,2025-09-12,Greece,Turkey,88.070985,79.20852
1425,1,1,2025-09-12,Greece,Turkey,89.709782,81.425347
1426,1,1,2025-09-12,Greece,Turkey,74.502617,77.122715
1427,1,1,2025-09-12,Greece,Turkey,67.464462,106.48532
1428,1,1,2025-09-12,Greece,Turkey,68.323918,81.28295
1429,1,1,2025-09-12,Greece,Turkey,87.049209,83.999659
1430,1,1,2025-09-12,Greece,Turkey,66.763387,71.499916
1431,1,1,2025-09-12,Greece,Turkey,89.583345,69.158033
1432,1,1,2025-09-12,Greece,Turkey,80.376488,91.983301
1433,1,1,2025-09-12,Greece,Turkey,81.285372,74.83505
1434,1,1,2025-09-12,Greece,Turkey,100.55339,84.422489
1435,1,1,2025-09-12,Greece,Turkey,81.627367,106.19933
1436,1,1,2025-09-12,Greece,Turkey,81.402915,79.239642
1437,1,1,2025-09-12,Greece,Turkey,101.37671,90.50385
1438,1,1,2025-09-12,Greece,Turkey,77.4522,87.580559
1439,1,1,2025-09-12,Greece,Turkey,91.921742,73.803273
1440,1,1,2025-09-12,Greece,Turkey,82.672551,89.960673
1441,1,1,2025-09-12,Greece,Turkey,94.020461,72.190489
1442,1,1,2025-09-12,Greece,Turkey,92.015862,87.301929
1443,1,1,2025-09-12,Greece,Turkey,76.077968,85.811451
1444,1,1,2025-09-12,Greece,Turkey,68.793483,76.407217
1445,1,1,2025-09-12,Greece,Turkey,66.633342,83.172224
1446,1,1,2025-09-12,Greece,Turkey,106.67559,100.95966
1447,1,1,2025-09-12,Greece,Turkey,74.735071,98.221383
1448,1,1,2025-09-12,Greece,Turkey,93.52796,103.1043
1449,1,1,2025-09-12,Greece,Turkey,93.490046,80.672773
1450,1,1,2025-09-12,Greece,Turkey,103.77141,95.100133
1451,1,1,2025-09-12,Greece,Turkey,91.576893,104.66172
1452,1,1,2025-09-12,Greece,Turkey,102.52013,103.52725
1453,1,1,2025-09-12,Greece,Turkey,94.738355,111.08012
1454,1,1,2025-09-12,Greece,Turkey,73.976235,67.040441
1455,1,1,2025-09-12,Greece,Turkey,83.940871,79.824782
1456,1,1,2025-09-12,Greece,Turkey,79.863253,90.643446
1457,1,1,2025-09-12,Greece,Turkey,91.555286,105.48833
1458,1,1,2025-09-12,Greece,Turkey,55.465016,85.762217
1459,1,1,2025-09-12,Greece,Turkey,82.945996,109.90047
1460,1,1,2025-09-12,Greece,Turkey,87.429014,79.458985
1461,1,1,2025-09-12,Greece,Turkey,56.540336,82.108481
1462,1,1,2025-09-12,Greece,Turkey,69.850177,68.436723
1463,1,1,2025-09-12,Greece,Turkey,68.087293,73.783137
1464,1,1,2025-09-12,Greece,Turkey,92.830527,85.573047
1465,1,1,2025-09-12,Greece,Turkey,73.352738,63.129347
1466,1,1,2025-09-12,Greece,Turkey,71.817884,62.111095
1467,1,1,2025-09-12,Greece,Turkey,69.450049,77.281607
1468,1,1,2025-09-12,Greece,Turkey,47.054909,81.685902
1469,1,1,2025-09-12,Greece,Turkey,77.365654,94.983251
1470,1,1,2025-09-12,Greece,Turkey,80.237389,85.337972
1471,1,1,2025-09-12,Greece,Turkey,88.896985,76.498427
1472,1,1,2025-09-12,Greece,Turkey,77.65319,89.027448
1473,1,1,2025-09-12,Greece,Turkey,100.44423,90.840972
1474,1,1,2025-09-12,Greece,Turkey,73.973363,93.302322
1475,1,1,2025-09-12,Greece,Turkey,84.633576,64.900913
1476,1,1,2025-09-12,Greece,Turkey,91.954978,84.839095
1477,1,1,2025-09-12,Greece,Turkey,78.134533,84.772569
1478,1,1,2025-09-12,Greece,Turkey,76.818544,62.64194
1479,1,1,2025-09-12,Greece,Turkey,85.152974,93.014091
1480,1,1,2025-09-12,Greece,Turkey,76.472129,73.325465
1481,1,1,2025-09-12,Greece,Turkey,88.09111,86.450213
1482,1,1,2025-09-12,Greece,Turkey,78.299628,77.355639
1483,1,1,2025-09-12,Greece,Turkey,75.873461,69.118706
1484,1,1,2025-09-12,Greece,Turkey,77.617793,62.320198
1485,1,1,2025-09-12,Greece,Turkey,39.598625,76.265442
1486,1,1,2025-09-12,Greece,Turkey,64.926356,83.688562
1487,1,1,2025-09-12,Greece,Turkey,86.585621,87.817407
1488,1,1,2025-09-12,Greece,Turkey,68.30556,84.430086
1489,1,1,2025-09-12,Greece,Turkey,86.762204,96.321919
1490,1,1,2025-09-12,Greece,Turkey,96.04455,96.579053
1491,1,1,2025-09-12,Greece,Turkey,88.072129,80.47067
1492,1,1,2025-09-12,Greece,Turkey,80.305563,78.995396
1493,1,1,2025-09-12,Greece,Turkey,88.501401,89.372879
1494,1,1,2025-09-12,Greece,Turkey,98.706731,88.988527
1495,1,1,2025-09-12,Greece,Turkey,91.242209,90.413829
1496,1,1,2025-09-12,Greece,Turkey,61.457817,62.687718
1497,1,1,2025-09-12,Greece,Turkey,90.628081,78.166311
1498,1,1,2025-09-12,Greece,Turkey,76.821937,80.530544
1499,1,1,2025-09-12,Greece,Turkey,77.183847,70.768881
1500,1,1,2025-09-12,Greece,Turkey,91.688915,86.29113
1501,1,1,2025-09-12,Greece,Turkey,85.635044,77.893893
1502,1,1,2025-09-12,Greece,Turkey,82.674202,70.288365
1503,1,1,2025-09-12,Greece,Turkey,78.270906,80.02354
1504,1,1,2025-09-12,Greece,Turkey,94.354819,91.5761
1505,1,1,2025-09-12,Greece,Turkey,86.682443,93.83886
1506,1,1,2025-09-12,Greece,Turkey,57.679935,84.870218
1507,1,1,2025-09-12,Greece,Turkey,82.62557,90.001735
1508,1,1,2025-09-12,Greece,Turkey,82.342853,81.360217
1509,1,1,2025-09-12,Greece,Turkey,82.516038,102.43997
1510,1,1,2025-09-12,Greece,Turkey,82.978538,92.623927
1511,1,1,2025-09-12,Greece,Turkey,90.885688,79.154947
1512,1,1,2025-09-12,Greece,Turkey,95.45104,89.462153
1513,1,1,2025-09-12,Greece,Turkey,80.957049,84.433933
1514,1,1,2025-09-12,Greece,Turkey,102.68898,103.55226
1515,1,1,2025-09-12,Greece,Turkey,78.035419,90.418248
1516,1,1,2025-09-12,Greece,Turkey,62.643006,78.101933
1517,1,1,2025-09-12,Greece,Turkey,79.207231,72.945145
1518,1,1,2025-09-12,Greece,Turkey,63.008782,54.286745
1519,1,1,2025-09-12,Greece,Turkey,97.860364,81.638499
1520,1,1,2025-09-12,Greece,Turkey,70.765129,68.459046
1521,1,1,2025-09-12,Greece,Turkey,88.102988,98.43021
1522,1,1,2025-09-12,Greece,Turkey,74.958124,74.759212
1523,1,1,2025-09-12,Greece,Turkey,73.581032,91.318144
1524,1,1,2025-09-12,Greece,Turkey,78.692761,83.694631
1525,1,1,2025-09-12,Greece,Turkey,102.66073,99.71156
1526,1,1,2025-09-12,Greece,Turkey,78.73463,62.980511
1527,1,1,2025-09-12,Greece,Turkey,94.728961,87.752692
1528,1,1,2025-09-12,Greece,Turkey,81.403803,75.147466
1529,1,1,2025-09-12,Greece,Turkey,64.293002,105.88076
1530,1,1,2025-09-12,Greece,Turkey,84.185558,88.29028
1531,1,1,2025-09-12,Greece,Turkey,82.534247,64.929092
1532,1,1,2025-09-12,Greece,Turkey,77.12595,95.596354
1533,1,1,2025-09-12,Greece,Turkey,79.665744,85.302185
1534,1,1,2025-09-12,Greece,Turkey,92.265787,95.932398
1535,1,1,2025-09-12,Greece,Turkey,89.647952,75.225358
1536,1,1,2025-09-12,Greece,Turkey,60.677818,101.22526
1537,1,1,2025-09-12,Greece,Turkey,90.233314,80.28704
1538,1,1,2025-09-12,Greece,Turkey,53.320837,71.850071
1539,1,1,2025-09-12,Greece,Turkey,82.38769,86.82758
1540,1,1,2025-09-12,Greece,Turkey,70.700124,105.47245
1541,1,1,2025-09-12,Greece,Turkey,66.984526,81.077359
1542,1,1,2025-09-12,Greece,Turkey,71.040419,88.698311
1543,1,1,2025-09-12,Greece,Turkey,72.563139,87.464618
1544,1,1,2025-09-12,Greece,Turkey,67.809415,93.18773
1545,1,1,2025-09-12,Greece,Turkey,96.877552,92.921494
1546,1,1,2025-09-12,Greece,Turkey,85.952573,79.05117
1547,1,1,2025-09-12,Greece,Turkey,78.652342,88.586603
1548,1,1,2025-09-12,Greece,Turkey,76.214254,78.790253
1549,1,1,2025-09-12,Greece,Turkey,75.610195,74.547365
1550,1,1,2025-09-12,Greece,Turkey,78.226087,87.291375
1551,1,1,2025-09-12,Greece,Turkey,93.197135,70.373662
1552,1,1,2025-09-12,Greece,Turkey,108.65399,94.335686
1553,1,1,2025-09-12,Greece,Turkey,71.76642,80.430243
1554,1,1,2025-09-12,Greece,Turkey,68.080743,92.292156
1555,1,1,2025-09-12,Greece,Turkey,70.685664,71.650419
1556,1,1,2025-09-12,Greece,Turkey,59.250128,96.643062
1557,1,1,2025-09-12,Greece,Turkey,99.601646,91.999912
1558,1,1,2025-09-12,Greece,Turkey,68.370888,97.606348
1559,1,1,2025-09-12,Greece,Turkey,80.564021,92.076485
1560,1,1,2025-09-12,Greece,Turkey,85.554424,105.37591
1561,1,1,2025-09-12,Greece,Turkey,82.895957,93.83131
1562,1,1,2025-09-12,Greece,Turkey,79.54498,85.032271
1563,1,1,2025-09-12,Greece,Turkey,68.885889,82.897307
1564,1,1,2025-09-12,Greece,Turkey,87.132715,101.34182
1565,1,1,2025-09-12,Greece,Turkey,62.710504,89.907694
1566,1,1,2025-09-12,Greece,Turkey,62.405784,71.017427
1567,1,1,2025-09-12,Greece,Turkey,106.92849,87.311124
1568,1,1,2025-09-12,Greece,Turkey,73.747135,91.605373
1569,1,1,2025-09-12,Greece,Turkey,83.107527,63.367785
1570,1,1,2025-09-12,Greece,Turkey,72.902384,74.639385
1571,1,1,2025-09-12,Greece,Turkey,69.233698,78.222581
1572,1,1,2025-09-12,Greece,Turkey,62.044436,85.746339
1573,1,1,2025-09-12,Greece,Turkey,83.387922,103.59456
1574,1,1,2025-09-12,Greece,Turkey,95.100292,78.989887
1575,1,1,2025-09-12,Greece,Turkey,81.525798,69.28469
1576,1,1,2025-09-12,Greece,Turkey,88.207127,65.111912
1577,1,1,2025-09-12,Greece,Turkey,72.496468,81.560388
1578,1,1,2025-09-12,Greece,Turkey,66.363119,80.443817
1579,1,1,2025-09-12,Greece,Turkey,85.03317,92.845935
1580,1,1,2025-09-12,Greece,Turkey,77.345577,66.59855
1581,1,1,2025-09-12,Greece,Turkey,76.708482,98.333693
1582,1,1,2025-09-12,Greece,Turkey,78.447937,70.738714
1583,1,1,2025-09-12,Greece,Turkey,70.175477,95.148206
1584,1,1,2025-09-12,Greece,Turkey,77.01194,82.9113
1585,1,1,2025-09-12,Greece,Turkey,88.11941,83.062683
1586,1,1,2025-09-12,Greece,Turkey,72.203124,73.725542
1587,1,1,2025-09-12,Greece,Turkey,76.718693,82.542762
1588,1,1,2025-09-12,Greece,Turkey,90.870179,105.5115
1589,1,1,2025-09-12,Greece,Turkey,64.323968,66.063986
1590,1,1,2025-09-12,Greece,Turkey,95.895583,84.194425
1591,1,1,2025-09-12,Greece,Turkey,65.042171,72.376764
1592,1,1,2025-09-12,Greece,Turkey,69.049269,82.429579
1593,1,1,2025-09-12,Greece,Turkey,114.01916,107.6687
1594,1,1,2025-09-12,Greece,Turkey,99.218758,98.155521
1595,1,1,2025-09-12,Greece,Turkey,82.544775,85.441392
1596,1,1,2025-09-12,Greece,Turkey,74.951128,95.245155
1597,1,1,2025-09-12,Greece,Turkey,76.077102,84.37291
1598,1,1,2025-09-12,Greece,Turkey,66.054963,68.559701
1599,1,1,2025-09-12,Greece,Turkey,80.104204,99.585137
1600,1,1,2025-09-12,Greece,Turkey,73.264328,77.232035
1601,1,1,2025-09-12,Greece,Turkey,79.042611,80.812452
1602,1,1,2025-09-12,Greece,Turkey,78.645085,83.867839
1603,1,1,2025-09-12,Greece,Turkey,72.891195,66.176766
1604,1,1,2025-09-12,Greece,Turkey,77.41462,93.824078
1605,1,1,2025-09-12,Greece,Turkey,59.297466,77.686491
1606,1,1,2025-09-12,Greece,Turkey,59.79703,54.542924
1607,1,1,2025-09-12,Greece,Turkey,90.004341,87.370653
1608,1,1,2025-09-12,Greece,Turkey,92.332266,57.782207
1609,1,1,2025-09-12,Greece,Turkey,62.87946,88.298658
1610,1,1,2025-09-12,Greece,Turkey,63.999997,80.35838
1611,1,1,2025-09-12,Greece,Turkey,79.344534,82.968417
1612,1,1,2025-09-12,Greece,Turkey,67.472169,88.503735
1613,1,1,2025-09-12,Greece,Turkey,76.388938,88.660598
1614,1,1,2025-09-12,Greece,Turkey,91.17132,88.838469
1615,1,1,2025-09-12,Greece,Turkey,92.399046,83.975132
1616,1,1,2025-09-12,Greece,Turkey,81.223569,76.390634
1617,1,1,2025-09-12,Greece,Turkey,67.322597,89.394223
1618,1,1,2025-09-12,Greece,Turkey,77.872919,78.467472
1619,1,1,2025-09-12,Greece,Turkey,76.186435,66.79904
1620,1,1,2025-09-12,Greece,Turkey,65.248749,78.077867
1621,1,1,2025-09-12,Greece,Turkey,90.800969,87.331737
1622,1,1,2025-09-12,Greece,Turkey,82.558346,79.679172
1623,1,1,2025-09-12,Greece,Turkey,93.075703,99.945921
1624,1,1,2025-09-12,Greece,Turkey,78.163059,92.352323
1625,1,1,2025-09-12,Greece,Turkey,58.402375,72.492156
1626,1,1,2025-09-12,Greece,Turkey,78.080792,79.903332
1627,1,1,2025-09-12,Greece,Turkey,73.802783,91.935713
1628,1,1,2025-09-12,Greece,Turkey,78.885566,80.580889
1629,1,1,2025-09-12,Greece,Turkey,69.022841,87.338981
1630,1,1,2025-09-12,Greece,Turkey,84.620868,90.625058
1631,1,1,2025-09-12,Greece,Turkey,81.380448,98.247694
1632,1,1,2025-09-12,Greece,Turkey,67.349004,68.080984
1633,1,1,2025-09-12,Greece,Turkey,71.134884,93.561874
1634,1,1,2025-09-12,Greece,Turkey,63.924527,91.917326
1635,1,1,2025-09-12,Greece,Turkey,84.500817,89.069192
1636,1,1,2025-09-12,Greece,Turkey,87.834547,81.559737
1637,1,1,2025-09-12,Greece,Turkey,78.750403,114.80139
1638,1,1,2025-09-12,Greece,Turkey,77.817285,85.022694
1639,1,1,2025-09-12,Greece,Turkey,69.71592,82.022684
1640,1,1,2025-09-12,Greece,Turkey,96.511446,72.027122
1641,1,1,2025-09-12,Greece,Turkey,69.972216,86.467447
1642,1,1,2025-09-12,Greece,Turkey,74.742866,97.390141
1643,1,1,2025-09-12,Greece,Turkey,88.484123,83.369999000000007
1644,1,1,2025-09-12,Greece,Turkey,66.030933,82.661529
1645,1,1,2025-09-12,Greece,Turkey,84.641297,82.783863
1646,1,1,2025-09-12,Greece,Turkey,71.536902,83.239458
1647,1,1,2025-09-12,Greece,Turkey,90.006737,82.280633
1648,1,1,2025-09-12,Greece,Turkey,72.894066,91.990816
1649,1,1,2025-09-12,Greece,Turkey,78.990676,76.719812
1650,1,1,2025-09-12,Greece,Turkey,63.873,89.911196
1651,1,1,2025-09-12,Greece,Turkey,92.964168,79.876754
1652,1,1,2025-09-12,Greece,Turkey,83.606246,93.67819
1653,1,1,2025-09-12,Greece,Turkey,53.413312,91.186078
1654,1,1,2025-09-12,Greece,Turkey,67.67504,76.283872
1655,1,1,2025-09-12,Greece,Turkey,52.584792,74.771254
1656,1,1,2025-09-12,Greece,Turkey,74.812539,81.663083
1657,1,1,2025-09-12,Greece,Turkey,100.76391,79.838117
1658,1,1,2025-09-12,Greece,Turkey,67.374101,67.857941
1659,1,1,2025-09-12,Greece,Turkey,85.032102,87.42937
1660,1,1,2025-09-12,Greece,Turkey,83.957034,74.694254
1661,1,1,2025-09-12,Greece,Turkey,80.098348,91.739918
1662,1,1,2025-09-12,Greece,Turkey,86.265631,75.487315
1663,1,1,2025-09-12,Greece,Turkey,90.284724,107.32336
1664,1,1,2025-09-12,Greece,Turkey,79.714147,89.799618
1665,1,1,2025-09-12,Greece,Turkey,89.707408,88.787581
1666,1,1,2025-09-12,Greece,Turkey,93.30264,73.840074
1667,1,1,2025-09-12,Greece,Turkey,70.478146,98.470223
1668,1,1,2025-09-12,Greece,Turkey,84.280118,108.8745
1669,1,1,2025-09-12,Greece,Turkey,83.042138,73.372867
1670,1,1,2025-09-12,Greece,Turkey,95.947834,86.701279
1671,1,1,2025-09-12,Greece,Turkey,69.474012,85.106293
1672,1,1,2025-09-12,Greece,Turkey,80.523072,82.606824
1673,1,1,2025-09-12,Greece,Turkey,67.762642,95.970974
1674,1,1,2025-09-12,Greece,Turkey,70.901143,86.35179
1675,1,1,2025-09-12,Greece,Turkey,71.065365,77.305757
1676,1,1,2025-09-12,Greece,Turkey,89.10192,84.2595
1677,1,1,2025-09-12,Greece,Turkey,84.691531,98.903145
1678,1,1,2025-09-12,Greece,Turkey,80.116323,89.010945
1679,1,1,2025-09-12,Greece,Turkey,89.168783,75.778724
1680,1,1,2025-09-12,Greece,Turkey,94.326439,84.854598
1681,1,1,2025-09-12,Greece,Turkey,88.888811,94.209105
1682,1,1,2025-09-12,Greece,Turkey,71.240423,111.64039
1683,1,1,2025-09-12,Greece,Turkey,81.045679,78.13637
1684,1,1,2025-09-12,Greece,Turkey,77.817379,89.70915
1685,1,1,2025-09-12,Greece,Turkey,78.347627,71.377981
1686,1,1,2025-09-12,Greece,Turkey,60.767567,67.859734
1687,1,1,2025-09-12,Greece,Turkey,88.421833,104.43193
1688,1,1,2025-09-12,Greece,Turkey,88.222185,76.418028
1689,1,1,2025-09-12,Greece,Turkey,77.846837,86.135745
1690,1,1,2025-09-12,Greece,Turkey,108.59934,101.90416
1691,1,1,2025-09-12,Greece,Turkey,86.824318,86.68336
1692,1,1,2025-09-12,Greece,Turkey,85.172525,69.112183
1693,1,1,2025-09-12,Greece,Turkey,64.928945,82.628152
1694,1,1,2025-09-12,Greece,Turkey,88.031731,72.844956
1695,1,1,2025-09-12,Greece,Turkey,73.277944,81.547372
1696,1,1,2025-09-12,Greece,Turkey,78.449549,79.713431
1697,1,1,2025-09-12,Greece,Turkey,66.014625,82.277127
1698,1,1,2025-09-12,Greece,Turkey,80.21716,70.49738
1699,1,1,2025-09-12,Greece,Turkey,84.626646,98.003922
1700,1,1,2025-09-12,Greece,Turkey,87.770341,86.775714
1701,1,1,2025-09-12,Greece,Turkey,75.234752,79.072115
1702,1,1,2025-09-12,Greece,Turkey,83.16947,66.865702
1703,1,1,2025-09-12,Greece,Turkey,83.245423,86.831279
1704,1,1,2025-09-12,Greece,Turkey,92.213284,95.714066
1705,1,1,2025-09-12,Greece,Turkey,101.98254,94.446991
1706,1,1,2025-09-12,Greece,Turkey,78.807568,79.640737
1707,1,1,2025-09-12,Greece,Turkey,66.818628,61.766988
1708,1,1,2025-09-12,Greece,Turkey,53.387609,61.128825
1709,1,1,2025-09-12,Greece,Turkey,79.637327,92.941849
1710,1,1,2025-09-12,Greece,Turkey,73.93907,80.536467
1711,1,1,2025-09-12,Greece,Turkey,102.16576,64.266364
1712,1,1,2025-09-12,Greece,Turkey,97.407093,77.221122
1713,1,1,2025-09-12,Greece,Turkey,83.03032,84.20226
1714,1,1,2025-09-12,Greece,Turkey,52.012306,82.800796
1715,1,1,2025-09-12,Greece,Turkey,76.616965,96.704318
1716,1,1,2025-09-12,Greece,Turkey,76.500156,83.694101
1717,1,1,2025-09-12,Greece,Turkey,68.353646,79.584649
1718,1,1,2025-09-12,Greece,Turkey,90.401644,80.003737
1719,1,1,2025-09-12,Greece,Turkey,84.895531,93.46047
1720,1,1,2025-09-12,Greece,Turkey,83.35505,82.443716
1721,1,1,2025-09-12,Greece,Turkey,76.601853,86.762727
1722,1,1,2025-09-12,Greece,Turkey,66.732127,77.552047
1723,1,1,2025-09-12,Greece,Turkey,76.077826,78.55278
1724,1,1,2025-09-12,Greece,Turkey,75.97432,77.676925
1725,1,1,2025-09-12,Greece,Turkey,89.908959,81.170596
1726,1,1,2025-09-12,Greece,Turkey,93.929888,90.576505
1727,1,1,2025-09-12,Greece,Turkey,65.83344,76.898793
1728,1,1,2025-09-12,Greece,Turkey,93.65825,76.696834
1729,1,1,2025-09-12,Greece,Turkey,77.246301,81.602075
1730,1,1,2025-09-12,Greece,Turkey,73.902809,103.85517
1731,1,1,2025-09-12,Greece,Turkey,80.059552,80.54889
1732,1,1,2025-09-12,Greece,Turkey,64.766167,84.838985
1733,1,1,2025-09-12,Greece,Turkey,85.719961,97.970994
1734,1,1,2025-09-12,Greece,Turkey,83.700366,99.049981
1735,1,1,2025-09-12,Greece,Turkey,88.914036,87.129413
1736,1,1,2025-09-12,Greece,Turkey,71.912064,90.357264
1737,1,1,2025-09-12,Greece,Turkey,68.193842,99.667497
1738,1,1,2025-09-12,Greece,Turkey,71.055855,75.352389
1739,1,1,2025-09-12,Greece,Turkey,86.84754,90.474743
1740,1,1,2025-09-12,Greece,Turkey,81.397426,90.312564
1741,1,1,2025-09-12,Greece,Turkey,95.95472,92.198871
1742,1,1,2025-09-12,Greece,Turkey,83.645135,67.816586
1743,1,1,2025-09-12,Greece,Turkey,78.121684,92.286206
1744,1,1,2025-09-12,Greece,Turkey,92.517664,93.255771
1745,1,1,2025-09-12,Greece,Turkey,72.908142,84.196032
1746,1,1,2025-09-12,Greece,Turkey,70.402815,85.390906
1747,1,1,2025-09-12,Greece,Turkey,76.065804,85.651033
1748,1,1,2025-09-12,Greece,Turkey,90.089252,88.838436
1749,1,1,2025-09-12,Greece,Turkey,75.155097,79.943638000000007
1750,1,1,2025-09-12,Greece,Turkey,74.232938,73.562981
1751,1,1,2025-09-12,Greece,Turkey,56.771964,62.053616
1752,1,1,2025-09-12,Greece,Turkey,95.187047,106.61639
1753,1,1,2025-09-12,Greece,Turkey,80.471262,85.906345
1754,1,1,2025-09-12,Greece,Turkey,73.895435,88.694987
1755,1,1,2025-09-12,Greece,Turkey,69.608483,97.310555
1756,1,1,2025-09-12,Greece,Turkey,82.407727,87.112097
1757,1,1,2025-09-12,Greece,Turkey,78.538099,83.744261
1758,1,1,2025-09-12,Greece,Turkey,85.139575,101.63214
1759,1,1,2025-09-12,Greece,Turkey,94.291328,64.310759
1760,1,1,2025-09-12,Greece,Turkey,90.903398,73.459449
1761,1,1,2025-09-12,Greece,Turkey,80.59266,107.01039
1762,1,1,2025-09-12,Greece,Turkey,71.079052,82.900642
1763,1,1,2025-09-12,Greece,Turkey,72.760017,75.952119
1764,1,1,2025-09-12,Greece,Turkey,73.507569,83.493491
1765,1,1,2025-09-12,Greece,Turkey,76.616412,86.976936
1766,1,1,2025-09-12,Greece,Turkey,80.059592,83.699346
1767,1,1,2025-09-12,Greece,Turkey,75.786461,99.391439
1768,1,1,2025-09-12,Greece,Turkey,89.315591,85.369842
1769,1,1,2025-09-12,Greece,Turkey,77.436675,79.444841
1770,1,1,2025-09-12,Greece,Turkey,75.758157,91.396484
1771,1,1,2025-09-12,Greece,Turkey,86.956195,76.328141
1772,1,1,2025-09-12,Greece,Turkey,81.474731,81.42944
1773,1,1,2025-09-12,Greece,Turkey,53.799944000000004,91.418421
1774,1,1,2025-09-12,Greece,Turkey,82.078164,73.026125
1775,1,1,2025-09-12,Greece,Turkey,85.237602999999993,78.093791
1776,1,1,2025-09-12,Greece,Turkey,72.868148,80.954309
1777,1,1,2025-09-12,Greece,Turkey,48.681035,76.28258
1778,1,1,2025-09-12,Greece,Turkey,65.457323,82.453812
1779,1,1,2025-09-12,Greece,Turkey,87.870664,92.897295
1780,1,1,2025-09-12,Greece,Turkey,92.579931,84.773545
1781,1,1,2025-09-12,Greece,Turkey,76.671281,85.369484
1782,1,1,2025-09-12,Greece,Turkey,81.609746,97.94957
1783,1,1,2025-09-12,Greece,Turkey,68.731405,78.628269
1784,1,1,2025-09-12,Greece,Turkey,100.50356,94.429012
1785,1,1,2025-09-12,Greece,Turkey,83.092817,107.31888
1786,1,1,2025-09-12,Greece,Turkey,87.167354,68.995062
1787,1,1,2025-09-12,Greece,Turkey,71.539095,81.19612
1788,1,1,2025-09-12,Greece,Turkey,74.796186,92.41165
1789,1,1,2025-09-12,Greece,Turkey,80.388207,100.94815
1790,1,1,2025-09-12,Greece,Turkey,91.273323,75.867619
1791,1,1,2025-09-12,Greece,Turkey,75.330896,71.844185
1792,1,1,2025-09-12,Greece,Turkey,101.62797,88.413086
1793,1,1,2025-09-12,Greece,Turkey,83.725926,87.40941
1794,1,1,2025-09-12,Greece,Turkey,71.255137,70.528667
1795,1,1,2025-09-12,Greece,Turkey,91.617704,95.557771
1796,1,1,2025-09-12,Greece,Turkey,62.872034,69.64871
1797,1,1,2025-09-12,Greece,Turkey,87.262963,75.327855
1798,1,1,2025-09-12,Greece,Turkey,77.418972,90.149248
1799,1,1,2025-09-12,Greece,Turkey,97.219425,101.22184
1800,1,1,2025-09-12,Greece,Turkey,73.482304,75.814454
1801,1,1,2025-09-12,Greece,Turkey,79.731092,97.774354
1802,1,1,2025-09-12,Greece,Turkey,78.23334,108.92089
1803,1,1,2025-09-12,Greece,Turkey,90.995883,92.584422
1804,1,1,2025-09-12,Greece,Turkey,77.377109,86.08127
1805,1,1,2025-09-12,Greece,Turkey,90.238984,86.414245
1806,1,1,2025-09-12,Greece,Turkey,83.570576,74.718768
1807,1,1,2025-09-12,Greece,Turkey,61.56781,85.818099
1808,1,1,2025-09-12,Greece,Turkey,80.436551,76.428811
1809,1,1,2025-09-12,Greece,Turkey,92.299545,101.36673
1810,1,1,2025-09-12,Greece,Turkey,73.731794,72.40039
1811,1,1,2025-09-12,Greece,Turkey,79.439236,92.240061
1812,1,1,2025-09-12,Greece,Turkey,64.156552,84.103801
1813,1,1,2025-09-12,Greece,Turkey,96.971821,78.293411
1814,1,1,2025-09-12,Greece,Turkey,87.950979,76.75696
1815,1,1,2025-09-12,Greece,Turkey,72.607498,86.150626
1816,1,1,2025-09-12,Greece,Turkey,79.361339,106.18335
1817,1,1,2025-09-12,Greece,Turkey,91.134155,89.755004
1818,1,1,2025-09-12,Greece,Turkey,92.317732,88.422003
1819,1,1,2025-09-12,Greece,Turkey,82.553842,77.174056
1820,1,1,2025-09-12,Greece,Turkey,96.511444,99.784265
1821,1,1,2025-09-12,Greece,Turkey,72.863342,77.311928
1822,1,1,2025-09-12,Greece,Turkey,74.758908,79.510509
1823,1,1,2025-09-12,Greece,Turkey,90.067216,90.638849
1824,1,1,2025-09-12,Greece,Turkey,76.738763,84.459465
1825,1,1,2025-09-12,Greece,Turkey,72.663441,86.60893
1826,1,1,2025-09-12,Greece,Turkey,76.7246,81.362691
1827,1,1,2025-09-12,Greece,Turkey,76.934712,70.914601
1828,1,1,2025-09-12,Greece,Turkey,104.20333,89.553358
1829,1,1,2025-09-12,Greece,Turkey,88.185292,76.040118
1830,1,1,2025-09-12,Greece,Turkey,88.353633,80.263725
1831,1,1,2025-09-12,Greece,Turkey,60.053793,77.554491
1832,1,1,2025-09-12,Greece,Turkey,68.254828,72.45732
1833,1,1,2025-09-12,Greece,Turkey,84.382275,80.750201
1834,1,1,2025-09-12,Greece,Turkey,78.177605,84.224229
1835,1,1,2025-09-12,Greece,Turkey,79.491309,95.701961
1836,1,1,2025-09-12,Greece,Turkey,86.43916,82.921748
1837,1,1,2025-09-12,Greece,Turkey,87.384643,84.263399
1838,1,1,2025-09-12,Greece,Turkey,75.334345,79.008467
1839,1,1,2025-09-12,Greece,Turkey,91.139143,100.57343
1840,1,1,2025-09-12,Greece,Turkey,76.104162,83.481879
1841,1,1,2025-09-12,Greece,Turkey,102.63126,78.420282
1842,1,1,2025-09-12,Greece,Turkey,76.500198,91.711149
1843,1,1,2025-09-12,Greece,Turkey,86.042369,77.895688
1844,1,1,2025-09-12,Greece,Turkey,69.036869,88.629724
1845,1,1,2025-09-12,Greece,Turkey,91.583716,67.828081
1846,1,1,2025-09-12,Greece,Turkey,72.440309,94.942939
1847,1,1,2025-09-12,Greece,Turkey,74.316625,80.143171
1848,1,1,2025-09-12,Greece,Turkey,75.966866,81.925093
1849,1,1,2025-09-12,Greece,Turkey,77.358525,77.278879
1850,1,1,2025-09-12,Greece,Turkey,72.402581,86.565806
1851,1,1,2025-09-12,Greece,Turkey,65.54617,74.35109
1852,1,1,2025-09-12,Greece,Turkey,68.492574,97.400389
1853,1,1,2025-09-12,Greece,Turkey,75.845662,79.002265
1854,1,1,2025-09-12,Greece,Turkey,85.263462,90.142427
1855,1,1,2025-09-12,Greece,Turkey,88.899297,95.494109
1856,1,1,2025-09-12,Greece,Turkey,78.101171,73.880036
1857,1,1,2025-09-12,Greece,Turkey,104.58393,86.919849
1858,1,1,2025-09-12,Greece,Turkey,54.975021,75.644159
1859,1,1,2025-09-12,Greece,Turkey,62.874097,92.161725
1860,1,1,2025-09-12,Greece,Turkey,85.208662,89.847513
1861,1,1,2025-09-12,Greece,Turkey,75.054693,95.791413
1862,1,1,2025-09-12,Greece,Turkey,86.855108,82.2432
1863,1,1,2025-09-12,Greece,Turkey,89.150064,81.30056
1864,1,1,2025-09-12,Greece,Turkey,101.66185,98.128142
1865,1,1,2025-09-12,Greece,Turkey,86.571836,80.869358
1866,1,1,2025-09-12,Greece,Turkey,95.66912,80.704726
1867,1,1,2025-09-12,Greece,Turkey,67.499161,90.950956
1868,1,1,2025-09-12,Greece,Turkey,91.288404,76.565971
1869,1,1,2025-09-12,Greece,Turkey,85.448494,92.613314
1870,1,1,2025-09-12,Greece,Turkey,100.25172,84.106714
1871,1,1,2025-09-12,Greece,Turkey,86.913455,83.659379
1872,1,1,2025-09-12,Greece,Turkey,75.129849,84.228912
1873,1,1,2025-09-12,Greece,Turkey,109.9103,93.450304
1874,1,1,2025-09-12,Greece,Turkey,67.253705,83.790029
1875,1,1,2025-09-12,Greece,Turkey,71.867274,76.027892
1876,1,1,2025-09-12,Greece,Turkey,83.611286,89.751436
1877,1,1,2025-09-12,Greece,Turkey,77.952954,86.141063
1878,1,1,2025-09-12,Greece,Turkey,68.035052,86.46889
1879,1,1,2025-09-12,Greece,Turkey,94.582792,99.704112
1880,1,1,2025-09-12,Greece,Turkey,77.392377,83.220161
1881,1,1,2025-09-12,Greece,Turkey,98.632178,71.186181
1882,1,1,2025-09-12,Greece,Turkey,88.411672,81.961103
1883,1,1,2025-09-12,Greece,Turkey,69.023797,93.109729
1884,1,1,2025-09-12,Greece,Turkey,66.507888,96.325415
1885,1,1,2025-09-12,Greece,Turkey,80.143939,87.505599
1886,1,1,2025-09-12,Greece,Turkey,68.893647,77.87788
1887,1,1,2025-09-12,Greece,Turkey,79.526068,67.796544
1888,1,1,2025-09-12,Greece,Turkey,95.798369,96.148681
1889,1,1,2025-09-12,Greece,Turkey,51.885416,84.520016
1890,1,1,2025-09-12,Greece,Turkey,90.596966,100.9932
1891,1,1,2025-09-12,Greece,Turkey,98.76595,97.873839
1892,1,1,2025-09-12,Greece,Turkey,64.438046,74.491651
1893,1,1,2025-09-12,Greece,Turkey,72.049782,109.71334
1894,1,1,2025-09-12,Greece,Turkey,93.294624,80.422058
1895,1,1,2025-09-12,Greece,Turkey,73.498959,78.054727
1896,1,1,2025-09-12,Greece,Turkey,79.126287,98.320009
1897,1,1,2025-09-12,Greece,Turkey,68.276339,53.691918
1898,1,1,2025-09-12,Greece,Turkey,74.302491,92.620035
1899,1,1,2025-09-12,Greece,Turkey,79.199035,90.364506
1900,1,1,2025-09-12,Greece,Turkey,77.165733,111.05368
1901,1,1,2025-09-12,Greece,Turkey,71.888094,85.947706
1902,1,1,2025-09-12,Greece,Turkey,86.677492,98.542596
1903,1,1,2025-09-12,Greece,Turkey,66.805901,61.000085
1904,1,1,2025-09-12,Greece,Turkey,68.291696,93.230417
1905,1,1,2025-09-12,Greece,Turkey,84.668684,78.12238
1906,1,1,2025-09-12,Greece,Turkey,69.111483,64.701417
1907,1,1,2025-09-12,Greece,Turkey,92.87748,96.443453
1908,1,1,2025-09-12,Greece,Turkey,94.787952,115.43121
1909,1,1,2025-09-12,Greece,Turkey,68.48652,99.974707
1910,1,1,2025-09-12,Greece,Turkey,83.535089,88.474921
1911,1,1,2025-09-12,Greece,Turkey,61.53964,82.395177
1912,1,1,2025-09-12,Greece,Turkey,83.169826,88.043858
1913,1,1,2025-09-12,Greece,Turkey,81.028121,89.455466
1914,1,1,2025-09-12,Greece,Turkey,81.506273,93.378459
1915,1,1,2025-09-12,Greece,Turkey,93.58328,93.267218
1916,1,1,2025-09-12,Greece,Turkey,73.451292,101.56408
1917,1,1,2025-09-12,Greece,Turkey,75.362507,85.698358
1918,1,1,2025-09-12,Greece,Turkey,83.1247,71.399544
1919,1,1,2025-09-12,Greece,Turkey,73.57033,74.459886
1920,1,1,2025-09-12,Greece,Turkey,83.410125,68.95782
1921,1,1,2025-09-12,Greece,Turkey,89.104915,84.014662
1922,1,1,2025-09-12,Greece,Turkey,77.130053,83.605257
1923,1,1,2025-09-12,Greece,Turkey,63.270774,77.452035
1924,1,1,2025-09-12,Greece,Turkey,62.23631,87.476868
1925,1,1,2025-09-12,Greece,Turkey,72.732405,82.150796
1926,1,1,2025-09-12,Greece,Turkey,62.603602,90.592522
1927,1,1,2025-09-12,Greece,Turkey,91.040118,72.565727999999993
1928,1,1,2025-09-12,Greece,Turkey,81.175151,89.039745
1929,1,1,2025-09-12,Greece,Turkey,101.19988,101.3611
1930,1,1,2025-09-12,Greece,Turkey,79.206336,84.720086
1931,1,1,2025-09-12,Greece,Turkey,75.82593,66.763599
1932,1,1,2025-09-12,Greece,Turkey,96.954587,92.546415
1933,1,1,2025-09-12,Greece,Turkey,84.297424,69.642477
1934,1,1,2025-09-12,Greece,Turkey,100.73894,99.26796
1935,1,1,2025-09-12,Greece,Turkey,77.838361,75.464475
1936,1,1,2025-09-12,Greece,Turkey,74.606659,71.674746
1937,1,1,2025-09-12,Greece,Turkey,63.016291,80.512376
1938,1,1,2025-09-12,Greece,Turkey,86.087302,97.545765
1939,1,1,2025-09-12,Greece,Turkey,82.455539,96.371404
1940,1,1,2025-09-12,Greece,Turkey,44.493125,86.911753
1941,1,1,2025-09-12,Greece,Turkey,76.236452,88.828342
1942,1,1,2025-09-12,Greece,Turkey,83.841492,86.526314
1943,1,1,2025-09-12,Greece,Turkey,105.07374,88.99818
1944,1,1,2025-09-12,Greece,Turkey,67.400198,83.982381
1945,1,1,2025-09-12,Greece,Turkey,76.37072,83.131178
1946,1,1,2025-09-12,Greece,Turkey,98.967856,80.696861
1947,1,1,2025-09-12,Greece,Turkey,85.623719,82.397569
1948,1,1,2025-09-12,Greece,Turkey,81.160147,86.283497
1949,1,1,2025-09-12,Greece,Turkey,83.672998,91.240358
1950,1,1,2025-09-12,Greece,Turkey,49.242644,106.42279
1951,1,1,2025-09-12,Greece,Turkey,89.003532,79.004736
1952,1,1,2025-09-12,Greece,Turkey,77.529469,84.988497
1953,1,1,2025-09-12,Greece,Turkey,77.300394,93.68604
1954,1,1,2025-09-12,Greece,Turkey,82.518662,92.841738
1955,1,1,2025-09-12,Greece,Turkey,75.874487,82.536569
1956,1,1,2025-09-12,Greece,Turkey,82.36208,91.008052
1957,1,1,2025-09-12,Greece,Turkey,94.485614,88.473914
1958,1,1,2025-09-12,Greece,Turkey,74.395025,83.892874
1959,1,1,2025-09-12,Greece,Turkey,75.346038,72.174204
1960,1,1,2025-09-12,Greece,Turkey,79.606704,86.349788
1961,1,1,2025-09-12,Greece,Turkey,70.620019,83.89677
1962,1,1,2025-09-12,Greece,Turkey,91.02807,85.042544
1963,1,1,2025-09-12,Greece,Turkey,62.238642,68.780301
1964,1,1,2025-09-12,Greece,Turkey,81.367945,79.698687
1965,1,1,2025-09-12,Greece,Turkey,79.080537,78.913177
1966,1,1,2025-09-12,Greece,Turkey,61.947626,71.538453
1967,1,1,2025-09-12,Greece,Turkey,86.530556,97.373189
1968,1,1,2025-09-12,Greece,Turkey,66.959847,88.480236
1969,1,1,2025-09-12,Greece,Turkey,82.067632,90.661416
1970,1,1,2025-09-12,Greece,Turkey,79.981747,78.627567
1971,1,1,2025-09-12,Greece,Turkey,75.996533,86.935807
1972,1,1,2025-09-12,Greece,Turkey,75.820385,73.853742
1973,1,1,2025-09-12,Greece,Turkey,80.134497,96.053929
1974,1,1,2025-09-12,Greece,Turkey,72.284963,76.787245
1975,1,1,2025-09-12,Greece,Turkey,74.960768,89.470728
1976,1,1,2025-09-12,Greece,Turkey,72.657222,84.50018
1977,1,1,2025-09-12,Greece,Turkey,74.626971,70.385702
1978,1,1,2025-09-12,Greece,Turkey,70.79007,79.416234
1979,1,1,2025-09-12,Greece,Turkey,67.982384,67.223493
1980,1,1,2025-09-12,Greece,Turkey,80.031564,80.218169
1981,1,1,2025-09-12,Greece,Turkey,78.030625,83.196679
1982,1,1,2025-09-12,Greece,Turkey,78.02177,98.651772
1983,1,1,2025-09-12,Greece,Turkey,71.757394,65.078968
1984,1,1,2025-09-12,Greece,Turkey,81.540059,66.096639
1985,1,1,2025-09-12,Greece,Turkey,82.467973,70.319534
1986,1,1,2025-09-12,Greece,Turkey,98.941932,88.214799
1987,1,1,2025-09-12,Greece,Turkey,82.025675,78.031048
1988,1,1,2025-09-12,Greece,Turkey,85.437424,103.27439
1989,1,1,2025-09-12,Greece,Turkey,86.380376,92.204884
1990,1,1,2025-09-12,Greece,Turkey,64.905176,74.178391
1991,1,1,2025-09-12,Greece,Turkey,82.256399,79.544606
1992,1,1,2025-09-12,Greece,Turkey,88.120207,89.226218
1993,1,1,2025-09-12,Greece,Turkey,90.677537,72.644593
1994,1,1,2025-09-12,Greece,Turkey,102.53063,106.95284
1995,1,1,2025-09-12,Greece,Turkey,70.527343,79.173151
1996,1,1,2025-09-12,Greece,Turkey,77.251774,77.008433
1997,1,1,2025-09-12,Greece,Turkey,98.222184,92.158297
1998,1,1,2025-09-12,Greece,Turkey,58.932862,82.874768
1999,1,1,2025-09-12,Greece,Turkey,75.073354,105.83508
2000,1,1,2025-09-12,Greece,Turkey,69.395226,71.098884
2001,1,1,2025-09-12,Greece,Turkey,78.204269,81.718035
2002,1,1,2025-09-12,Greece,Turkey,76.843667,78.256036
2003,1,1,2025-09-12,Greece,Turkey,106.38994,94.365053
2004,1,1,2025-09-12,Greece,Turkey,63.529287,79.792939
2005,1,1,2025-09-12,Greece,Turkey,81.874198,87.798402
2006,1,1,2025-09-12,Greece,Turkey,82.68939,68.733211
2007,1,1,2025-09-12,Greece,Turkey,78.661242,75.085309
2008,1,1,2025-09-12,Greece,Turkey,106.71613,104.27597
2009,1,1,2025-09-12,Greece,Turkey,73.427958,109.60896
2010,1,1,2025-09-12,Greece,Turkey,78.954944,91.367644
2011,1,1,2025-09-12,Greece,Turkey,73.109145,104.57345
2012,1,1,2025-09-12,Greece,Turkey,91.813202,76.667892
2013,1,1,2025-09-12,Greece,Turkey,82.535874,76.597334
2014,1,1,2025-09-12,Greece,Turkey,88.854525,93.268733
2015,1,1,2025-09-12,Greece,Turkey,83.374565,78.45463
2016,1,1,2025-09-12,Greece,Turkey,90.116608,100.91358
2017,1,1,2025-09-12,Greece,Turkey,82.791511,80.320654
2018,1,1,2025-09-12,Greece,Turkey,80.623934,78.859196
2019,1,1,2025-09-12,Greece,Turkey,55.232883,102.6696
2020,1,1,2025-09-12,Greece,Turkey,93.541861,93.62215
2021,1,1,2025-09-12,Greece,Turkey,91.980839,87.587659
2022,1,1,2025-09-12,Greece,Turkey,68.746657,76.09608
2023,1,1,2025-09-12,Greece,Turkey,79.630793,88.25266
2024,1,1,2025-09-12,Greece,Turkey,66.078129,107.64734
2025,1,1,2025-09-12,Greece,Turkey,69.807011,84.654543
2026,1,1,2025-09-12,Greece,Turkey,74.807898,56.562866
2027,1,1,2025-09-12,Greece,Turkey,86.848357,101.15622
2028,1,1,2025-09-12,Greece,Turkey,95.529781,91.091864
2029,1,1,2025-09-12,Greece,Turkey,78.665526,73.875372
2030,1,1,2025-09-12,Greece,Turkey,79.051051,93.400217
2031,1,1,2025-09-12,Greece,Turkey,65.829685,81.934134
2032,1,1,2025-09-12,Greece,Turkey,58.378717,98.112244
2033,1,1,2025-09-12,Greece,Turkey,82.268326,86.646529
2034,1,1,2025-09-12,Greece,Turkey,91.331176,81.096043
2035,1,1,2025-09-12,Greece,Turkey,81.545078,76.016646
2036,1,1,2025-09-12,Greece,Turkey,65.500324,85.20887
2037,1,1,2025-09-12,Greece,Turkey,83.881529,83.981759
2038,1,1,2025-09-12,Greece,Turkey,81.446295,87.64809
2039,1,1,2025-09-12,Greece,Turkey,71.189624,96.308683
2040,1,1,2025-09-12,Greece,Turkey,92.047647,102.11021
2041,1,1,2025-09-12,Greece,Turkey,93.036825,80.101441
2042,1,1,2025-09-12,Greece,Turkey,59.224087,78.619188
2043,1,1,2025-09-12,Greece,Turkey,90.000807,80.653454
2044,1,1,2025-09-12,Greece,Turkey,79.159757,71.486755
2045,1,1,2025-09-12,Greece,Turkey,69.96762,89.086809
2046,1,1,2025-09-12,Greece,Turkey,59.790601,84.828335
2047,1,1,2025-09-12,Greece,Turkey,94.580968,76.177168
2048,1,1,2025-09-12,Greece,Turkey,82.939328,90.826624
2049,1,1,2025-09-12,Greece,Turkey,86.400013,86.445565
2050,1,1,2025-09-12,Greece,Turkey,69.253002,86.342585
2051,1,1,2025-09-12,Greece,Turkey,64.829425,93.285228
2052,1,1,2025-09-12,Greece,Turkey,66.978259,83.702433
2053,1,1,2025-09-12,Greece,Turkey,92.150722,90.752833999999993
2054,1,1,2025-09-12,Greece,Turkey,88.855389,62.202817
2055,1,1,2025-09-12,Greece,Turkey,67.749864,96.171786
2056,1,1,2025-09-12,Greece,Turkey,79.000729,103.10408
2057,1,1,2025-09-12,Greece,Turkey,63.115722,78.585706
2058,1,1,2025-09-12,Greece,Turkey,83.003562,79.474504
2059,1,1,2025-09-12,Greece,Turkey,68.570554,80.877245
2060,1,1,2025-09-12,Greece,Turkey,95.590397,89.580602
2061,1,1,2025-09-12,Greece,Turkey,63.736032,82.905025
2062,1,1,2025-09-12,Greece,Turkey,93.088651,97.951323
2063,1,1,2025-09-12,Greece,Turkey,68.726354,78.426506
2064,1,1,2025-09-12,Greece,Turkey,70.200273,72.58468
2065,1,1,2025-09-12,Greece,Turkey,90.345181,79.42751
2066,1,1,2025-09-12,Greece,Turkey,94.022891,90.797916
2067,1,1,2025-09-12,Greece,Turkey,61.013366,75.588215
2068,1,1,2025-09-12,Greece,Turkey,90.559355,78.397624
2069,1,1,2025-09-12,Greece,Turkey,64.844535,88.423547
2070,1,1,2025-09-12,Greece,Turkey,69.387943,79.470227
2071,1,1,2025-09-12,Greece,Turkey,96.224144,96.184772
2072,1,1,2025-09-12,Greece,Turkey,80.635317,78.523716
2073,1,1,2025-09-12,Greece,Turkey,77.504522,96.406351
2074,1,1,2025-09-12,Greece,Turkey,88.805056,75.306811
2075,1,1,2025-09-12,Greece,Turkey,71.536356,70.456028
2076,1,1,2025-09-12,Greece,Turkey,81.860492,90.580971
2077,1,1,2025-09-12,Greece,Turkey,90.484862,85.135938
2078,1,1,2025-09-12,Greece,Turkey,83.354055,68.998826
2079,1,1,2025-09-12,Greece,Turkey,55.605622,78.816446
2080,1,1,2025-09-12,Greece,Turkey,95.243889,85.723239
2081,1,1,2025-09-12,Greece,Turkey,77.375681,98.824506
2082,1,1,2025-09-12,Greece,Turkey,98.814329,82.543841
2083,1,1,2025-09-12,Greece,Turkey,76.247291,82.383842
2084,1,1,2025-09-12,Greece,Turkey,73.933625,86.847536
2085,1,1,2025-09-12,Greece,Turkey,74.159676,74.126372
2086,1,1,2025-09-12,Greece,Turkey,76.67123,94.368983
2087,1,1,2025-09-12,Greece,Turkey,92.672752,75.791979
2088,1,1,2025-09-12,Greece,Turkey,98.307623,100.51576
2089,1,1,2025-09-12,Greece,Turkey,73.691775,78.982743
2090,1,1,2025-09-12,Greece,Turkey,84.992024,75.482913
2091,1,1,2025-09-12,Greece,Turkey,73.363557,77.850503
2092,1,1,2025-09-12,Greece,Turkey,81.136913,88.398806
2093,1,1,2025-09-12,Greece,Turkey,109.37867,79.572914
2094,1,1,2025-09-12,Greece,Turkey,61.644765,82.208214
2095,1,1,2025-09-12,Greece,Turkey,81.195101,71.056748
2096,1,1,2025-09-12,Greece,Turkey,79.034334,77.562993
2097,1,1,2025-09-12,Greece,Turkey,77.826264,73.510672
2098,1,1,2025-09-12,Greece,Turkey,93.109482,69.35734
2099,1,1,2025-09-12,Greece,Turkey,70.427331,86.281439
2100,1,1,2025-09-12,Greece,Turkey,103.99671,90.079287
2101,1,1,2025-09-12,Greece,Turkey,76.860742,91.471332
2102,1,1,2025-09-12,Greece,Turkey,79.875453,101.40438
2103,1,1,2025-09-12,Greece,Turkey,91.91308,79.114195
2104,1,1,2025-09-12,Greece,Turkey,85.894795,95.289132
2105,1,1,2025-09-12,Greece,Turkey,98.233171,107.78588
2106,1,1,2025-09-12,Greece,Turkey,91.555116,105.26
2107,1,1,2025-09-12,Greece,Turkey,84.661863,94.57993
2108,1,1,2025-09-12,Greece,Turkey,92.473651,89.315824
2109,1,1,2025-09-12,Greece,Turkey,90.164567,89.297763
2110,1,1,2025-09-12,Greece,Turkey,81.672057,101.83868
2111,1,1,2025-09-12,Greece,Turkey,79.153056,109.04369
2112,1,1,2025-09-12,Greece,Turkey,79.87024,86.683547
2113,1,1,2025-09-12,Greece,Turkey,89.280131,92.084013
2114,1,1,2025-09-12,Greece,Turkey,89.279276,97.486321
2115,1,1,2025-09-12,Greece,Turkey,97.66183,79.48454
2116,1,1,2025-09-12,Greece,Turkey,88.129341,68.195014
2117,1,1,2025-09-12,Greece,Turkey,92.103947,83.779155
2118,1,1,2025-09-12,Greece,Turkey,87.333632,92.405716
2119,1,1,2025-09-12,Greece,Turkey,76.071659,83.153866
2120,1,1,2025-09-12,Greece,Turkey,84.413373000000007,96.406599
2121,1,1,2025-09-12,Greece,Turkey,91.628802,86.400718
2122,1,1,2025-09-12,Greece,Turkey,83.679395,104.87387
2123,1,1,2025-09-12,Greece,Turkey,89.225181,81.381618
2124,1,1,2025-09-12,Greece,Turkey,77.538813,86.880962
2125,1,1,2025-09-12,Greece,Turkey,73.736635,83.400464
2126,1,1,2025-09-12,Greece,Turkey,73.79241,72.959543
2127,1,1,2025-09-12,Greece,Turkey,75.241775,82.135442
2128,1,1,2025-09-12,Greece,Turkey,69.543703,99.585835
2129,1,1,2025-09-12,Greece,Turkey,78.565075,84.720833
2130,1,1,2025-09-12,Greece,Turkey,101.4652,77.71915
2131,1,1,2025-09-12,Greece,Turkey,88.021887,97.264505
2132,1,1,2025-09-12,Greece,Turkey,61.361186,73.626567
2133,1,1,2025-09-12,Greece,Turkey,84.334946,91.946712
2134,1,1,2025-09-12,Greece,Turkey,65.904521,77.808044
2135,1,1,2025-09-12,Greece,Turkey,75.692538,94.961669
2136,1,1,2025-09-12,Greece,Turkey,75.624724,66.834421
2137,1,1,2025-09-12,Greece,Turkey,70.179198,98.919395
2138,1,1,2025-09-12,Greece,Turkey,81.763123,80.128855
2139,1,1,2025-09-12,Greece,Turkey,59.243926,84.272238
2140,1,1,2025-09-12,Greece,Turkey,82.280778,82.169865
2141,1,1,2025-09-12,Greece,Turkey,69.510645,80.396712
2142,1,1,2025-09-12,Greece,Turkey,93.31281,83.859627
2143,1,1,2025-09-12,Greece,Turkey,91.85057,79.863474
2144,1,1,2025-09-12,Greece,Turkey,73.103619,84.742042
2145,1,1,2025-09-12,Greece,Turkey,78.760217,73.364647
2146,1,1,2025-09-12,Greece,Turkey,93.39994,78.03835
2147,1,1,2025-09-12,Greece,Turkey,70.86262,76.103742
2148,1,1,2025-09-12,Greece,Turkey,112.0187,109.68311
2149,1,1,2025-09-12,Greece,Turkey,72.347444,75.487295
2150,1,1,2025-09-12,Greece,Turkey,68.889665,72.885134
2151,1,1,2025-09-12,Greece,Turkey,73.14977,67.828643
2152,1,1,2025-09-12,Greece,Turkey,67.202111,81.269657
2153,1,1,2025-09-12,Greece,Turkey,68.992254,83.319118
2154,1,1,2025-09-12,Greece,Turkey,89.987487,103.89726
2155,1,1,2025-09-12,Greece,Turkey,83.10517,67.964069
2156,1,1,2025-09-12,Greece,Turkey,75.561958,84.189533
2157,1,1,2025-09-12,Greece,Turkey,77.383386,73.962419
2158,1,1,2025-09-12,Greece,Turkey,93.102609,90.427067
2159,1,1,2025-09-12,Greece,Turkey,63.00662,75.573277
2160,1,1,2025-09-12,Greece,Turkey,86.061553,82.513105
2161,1,1,2025-09-12,Greece,Turkey,103.81861,85.058586
2162,1,1,2025-09-12,Greece,Turkey,92.143271,97.922392
2163,1,1,2025-09-12,Greece,Turkey,70.467347,94.620948
2164,1,1,2025-09-12,Greece,Turkey,85.941209,85.345374
2165,1,1,2025-09-12,Greece,Turkey,71.17469,83.5785
2166,1,1,2025-09-12,Greece,Turkey,84.59156,89.945258
2167,1,1,2025-09-12,Greece,Turkey,55.804145,71.691886
2168,1,1,2025-09-12,Greece,Turkey,84.055499,97.585847
2169,1,1,2025-09-12,Greece,Turkey,95.302955,95.551053
2170,1,1,2025-09-12,Greece,Turkey,94.409308,80.144833
2171,1,1,2025-09-12,Greece,Turkey,71.857513,86.597634
2172,1,1,2025-09-12,Greece,Turkey,99.112945,95.747864
2173,1,1,2025-09-12,Greece,Turkey,89.788843,87.286549
2174,1,1,2025-09-12,Greece,Turkey,81.886728,93.064559
2175,1,1,2025-09-12,Greece,Turkey,72.929208,75.411682
2176,1,1,2025-09-12,Greece,Turkey,92.352343,100.19877
2177,1,1,2025-09-12,Greece,Turkey,85.133611,82.658964
2178,1,1,2025-09-12,Greece,Turkey,72.542249,82.123312
2179,1,1,2025-09-12,Greece,Turkey,92.529753,67.057703
2180,1,1,2025-09-12,Greece,Turkey,95.641683,115.72865
2181,1,1,2025-09-12,Greece,Turkey,91.76718,87.814976
2182,1,1,2025-09-12,Greece,Turkey,57.751627,81.699097
2183,1,1,2025-09-12,Greece,Turkey,87.70473,91.202449
2184,1,1,2025-09-12,Greece,Turkey,82.55426,96.18223
2185,1,1,2025-09-12,Greece,Turkey,90.503933,101.13798
2186,1,1,2025-09-12,Greece,Turkey,78.710002,83.560237
2187,1,1,2025-09-12,Greece,Turkey,68.020442,74.736427
2188,1,1,2025-09-12,Greece,Turkey,65.691302,79.119098
2189,1,1,2025-09-12,Greece,Turkey,63.840502,76.576851
2190,1,1,2025-09-12,Greece,Turkey,78.751888,101.23171
2191,1,1,2025-09-12,Greece,Turkey,70.178679,78.022722
2192,1,1,2025-09-12,Greece,Turkey,79.321821,89.442942
2193,1,1,2025-09-12,Greece,Turkey,74.923709,89.617704
2194,1,1,2025-09-12,Greece,Turkey,77.66216,96.320428
2195,1,1,2025-09-12,Greece,Turkey,99.787263,91.632814
2196,1,1,2025-09-12,Greece,Turkey,79.743264,73.370844
2197,1,1,2025-09-12,Greece,Turkey,63.320414,79.327243
2198,1,1,2025-09-12,Greece,Turkey,90.147873,94.427118
2199,1,1,2025-09-12,Greece,Turkey,85.927743,81.157789
2200,1,1,2025-09-12,Greece,Turkey,78.557621,72.813317
2201,1,1,2025-09-12,Greece,Turkey,58.077041,85.579763
2202,1,1,2025-09-12,Greece,Turkey,85.656191,73.516754
2203,1,1,2025-09-12,Greece,Turkey,75.897409,80.808431
2204,1,1,2025-09-12,Greece,Turkey,99.38958,95.540943
2205,1,1,2025-09-12,Greece,Turkey,74.915724,85.824667
2206,1,1,2025-09-12,Greece,Turkey,103.34177,92.622414
2207,1,1,2025-09-12,Greece,Turkey,90.936658,82.702694
2208,1,1,2025-09-12,Greece,Turkey,95.317036,86.08505
2209,1,1,2025-09-12,Greece,Turkey,65.089781,86.253985
2210,1,1,2025-09-12,Greece,Turkey,85.293451,89.431961
2211,1,1,2025-09-12,Greece,Turkey,72.24949,94.167889
2212,1,1,2025-09-12,Greece,Turkey,92.602817,86.556221
2213,1,1,2025-09-12,Greece,Turkey,88.176032,77.88638
2214,1,1,2025-09-12,Greece,Turkey,89.844294,88.120637
2215,1,1,2025-09-12,Greece,Turkey,66.470886,78.135642
2216,1,1,2025-09-12,Greece,Turkey,61.315931,87.318004
2217,1,1,2025-09-12,Greece,Turkey,69.189655,74.403115
2218,1,1,2025-09-12,Greece,Turkey,70.739887,80.294187
2219,1,1,2025-09-12,Greece,Turkey,71.964433,82.059629
2220,1,1,2025-09-12,Greece,Turkey,66.680529,99.66031
2221,1,1,2025-09-12,Greece,Turkey,101.5729,100.61551
2222,1,1,2025-09-12,Greece,Turkey,72.802041,64.430562
2223,1,1,2025-09-12,Greece,Turkey,91.665466,81.715892
2224,1,1,2025-09-12,Greece,Turkey,88.939809,88.676097
2225,1,1,2025-09-12,Greece,Turkey,75.038676,89.436181
2226,1,1,2025-09-12,Greece,Turkey,78.004527,81.46712
2227,1,1,2025-09-12,Greece,Turkey,63.119237,83.424917
2228,1,1,2025-09-12,Greece,Turkey,79.306683,86.329107
2229,1,1,2025-09-12,Greece,Turkey,86.701233,88.056667
2230,1,1,2025-09-12,Greece,Turkey,95.325736,84.438029
2231,1,1,2025-09-12,Greece,Turkey,85.082425,92.940553
2232,1,1,2025-09-12,Greece,Turkey,69.663221,97.239787
2233,1,1,2025-09-12,Greece,Turkey,84.407173,70.440326
2234,1,1,2025-09-12,Greece,Turkey,84.989054,81.488085
2235,1,1,2025-09-12,Greece,Turkey,112.61255,83.055303
2236,1,1,2025-09-12,Greece,Turkey,71.805376999999993,99.440148
2237,1,1,2025-09-12,Greece,Turkey,78.092471,89.305187
2238,1,1,2025-09-12,Greece,Turkey,79.613776,99.452686
2239,1,1,2025-09-12,Greece,Turkey,79.168407,87.978548
2240,1,1,2025-09-12,Greece,Turkey,78.28824,83.486918
2241,1,1,2025-09-12,Greece,Turkey,86.893798,78.873502
2242,1,1,2025-09-12,Greece,Turkey,62.257316,79.900771
2243,1,1,2025-09-12,Greece,Turkey,64.29629,77.074139
2244,1,1,2025-09-12,Greece,Turkey,88.958439,83.536459
2245,1,1,2025-09-12,Greece,Turkey,64.627041,69.777625
2246,1,1,2025-09-12,Greece,Turkey,50.678448,59.151195
2247,1,1,2025-09-12,Greece,Turkey,90.450185,82.550177
2248,1,1,2025-09-12,Greece,Turkey,98.845113,98.330118
2249,1,1,2025-09-12,Greece,Turkey,84.588554,102.20318
2250,1,1,2025-09-12,Greece,Turkey,95.240302,88.695486
2251,1,1,2025-09-12,Greece,Turkey,84.69132,90.823831
2252,1,1,2025-09-12,Greece,Turkey,66.927394,68.982978
2253,1,1,2025-09-12,Greece,Turkey,80.814392,90.30549
2254,1,1,2025-09-12,Greece,Turkey,62.640279,93.72557
2255,1,1,2025-09-12,Greece,Turkey,74.045905,89.902188
2256,1,1,2025-09-12,Greece,Turkey,79.352447,102.2052
2257,1,1,2025-09-12,Greece,Turkey,101.99453,91.149784
2258,1,1,2025-09-12,Greece,Turkey,87.986674,80.372873
2259,1,1,2025-09-12,Greece,Turkey,89.961813,100.91572
2260,1,1,2025-09-12,Greece,Turkey,88.881464,103.55463
2261,1,1,2025-09-12,Greece,Turkey,81.730927,103.32751
2262,1,1,2025-09-12,Greece,Turkey,95.757222,48.823165
2263,1,1,2025-09-12,Greece,Turkey,71.889449,78.391277
2264,1,1,2025-09-12,Greece,Turkey,86.982007,72.892946
2265,1,1,2025-09-12,Greece,Turkey,73.643209,91.789124
2266,1,1,2025-09-12,Greece,Turkey,85.751011,71.120673
2267,1,1,2025-09-12,Greece,Turkey,92.565951,71.653022000000007
2268,1,1,2025-09-12,Greece,Turkey,99.627645,104.13409
2269,1,1,2025-09-12,Greece,Turkey,68.518988,71.476331
2270,1,1,2025-09-12,Greece,Turkey,87.711754,84.586315
2271,1,1,2025-09-12,Greece,Turkey,66.992128,82.06236
2272,1,1,2025-09-12,Greece,Turkey,68.559997,106.25118
2273,1,1,2025-09-12,Greece,Turkey,87.410769,77.077091
2274,1,1,2025-09-12,Greece,Turkey,72.489348,86.677592
2275,1,1,2025-09-12,Greece,Turkey,80.31252,71.555184
2276,1,1,2025-09-12,Greece,Turkey,64.991936,86.31918
2277,1,1,2025-09-12,Greece,Turkey,115.75648,87.110726
2278,1,1,2025-09-12,Greece,Turkey,79.333099,73.918569
2279,1,1,2025-09-12,Greece,Turkey,73.134601,97.2656
2280,1,1,2025-09-12,Greece,Turkey,77.278179,91.248949
2281,1,1,2025-09-12,Greece,Turkey,90.133199,93.045625
2282,1,1,2025-09-12,Greece,Turkey,78.643886,102.86666
2283,1,1,2025-09-12,Greece,Turkey,75.807231,86.099281
2284,1,1,2025-09-12,Greece,Turkey,89.884255,89.871438
2285,1,1,2025-09-12,Greece,Turkey,90.38196,92.677165
2286,1,1,2025-09-12,Greece,Turkey,81.955592,60.977705
2287,1,1,2025-09-12,Greece,Turkey,68.912585000000007,92.515635
2288,1,1,2025-09-12,Greece,Turkey,66.098226,88.15016
2289,1,1,2025-09-12,Greece,Turkey,63.013103,67.614228
2290,1,1,2025-09-12,Greece,Turkey,89.360144,84.492636
2291,1,1,2025-09-12,Greece,Turkey,86.410886,90.596717
2292,1,1,2025-09-12,Greece,Turkey,85.698604,90.287672
2293,1,1,2025-09-12,Greece,Turkey,89.937873,83.534646
2294,1,1,2025-09-12,Greece,Turkey,92.288981,87.900866
2295,1,1,2025-09-12,Greece,Turkey,67.439677,90.169821
2296,1,1,2025-09-12,Greece,Turkey,84.591334,87.995442
2297,1,1,2025-09-12,Greece,Turkey,76.940079,72.539022
2298,1,1,2025-09-12,Greece,Turkey,101.47858,98.94902
2299,1,1,2025-09-12,Greece,Turkey,74.049279,84.203755
2300,1,1,2025-09-12,Greece,Turkey,74.088473,72.845293
2301,1,1,2025-09-12,Greece,Turkey,68.861002,73.718267
2302,1,1,2025-09-12,Greece,Turkey,84.645775,65.77499
2303,1,1,2025-09-12,Greece,Turkey,86.289407,75.602504
2304,1,1,2025-09-12,Greece,Turkey,88.763308,75.397313
2305,1,1,2025-09-12,Greece,Turkey,77.390263,83.054142
2306,1,1,2025-09-12,Greece,Turkey,94.363532,71.798858
2307,1,1,2025-09-12,Greece,Turkey,77.503331,70.695396
2308,1,1,2025-09-12,Greece,Turkey,95.984785,91.737229
2309,1,1,2025-09-12,Greece,Turkey,82.423864,88.771312
2310,1,1,2025-09-12,Greece,Turkey,68.041672,85.653813
2311,1,1,2025-09-12,Greece,Turkey,78.916432,100.10004
2312,1,1,2025-09-12,Greece,Turkey,95.421229,90.273223
2313,1,1,2025-09-12,Greece,Turkey,78.302325,72.06515
2314,1,1,2025-09-12,Greece,Turkey,93.856906,73.794304
2315,1,1,2025-09-12,Greece,Turkey,79.856789,90.674518
2316,1,1,2025-09-12,Greece,Turkey,75.794433,88.505555
2317,1,1,2025-09-12,Greece,Turkey,81.412147,97.093074
2318,1,1,2025-09-12,Greece,Turkey,87.908493000000007,93.760106
2319,1,1,2025-09-12,Greece,Turkey,66.822758,91.421647
2320,1,1,2025-09-12,Greece,Turkey,73.896266,94.100549
2321,1,1,2025-09-12,Greece,Turkey,93.013092,98.70247
2322,1,1,2025-09-12,Greece,Turkey,85.971808,78.418581
2323,1,1,2025-09-12,Greece,Turkey,60.242457,86.0209
2324,1,1,2025-09-12,Greece,Turkey,60.882148,80.549634
2325,1,1,2025-09-12,Greece,Turkey,79.748948,90.142163
2326,1,1,2025-09-12,Greece,Turkey,84.582333,89.628073
2327,1,1,2025-09-12,Greece,Turkey,99.731211,111.73063
2328,1,1,2025-09-12,Greece,Turkey,84.765575,77.624938
2329,1,1,2025-09-12,Greece,Turkey,82.057097,85.412756
2330,1,1,2025-09-12,Greece,Turkey,82.257986,99.301444
2331,1,1,2025-09-12,Greece,Turkey,76.438847,90.87527
2332,1,1,2025-09-12,Greece,Turkey,69.986585,88.515155
2333,1,1,2025-09-12,Greece,Turkey,83.26842,80.327754
2334,1,1,2025-09-12,Greece,Turkey,78.699771,90.95068
2335,1,1,2025-09-12,Greece,Turkey,87.043337,91.234811
2336,1,1,2025-09-12,Greece,Turkey,56.483824,65.89862
2337,1,1,2025-09-12,Greece,Turkey,68.745976,98.021828
2338,1,1,2025-09-12,Greece,Turkey,92.68138,77.740608
2339,1,1,2025-09-12,Greece,Turkey,102.03953,101.58814
2340,1,1,2025-09-12,Greece,Turkey,68.136972,92.905695
2341,1,1,2025-09-12,Greece,Turkey,75.202453,81.312174
2342,1,1,2025-09-12,Greece,Turkey,90.593178,90.01051
2343,1,1,2025-09-12,Greece,Turkey,83.800322,72.774071
2344,1,1,2025-09-12,Greece,Turkey,88.333125,99.57621
2345,1,1,2025-09-12,Greece,Turkey,97.764637,71.499212
2346,1,1,2025-09-12,Greece,Turkey,70.797079,72.444294
2347,1,1,2025-09-12,Greece,Turkey,82.244556,85.603796
2348,1,1,2025-09-12,Greece,Turkey,73.746195,85.339663
2349,1,1,2025-09-12,Greece,Turkey,79.128753,73.821555
2350,1,1,2025-09-12,Greece,Turkey,84.970758,104.36846
2351,1,1,2025-09-12,Greece,Turkey,55.583973,84.625866
2352,1,1,2025-09-12,Greece,Turkey,83.976842,88.250886
2353,1,1,2025-09-12,Greece,Turkey,82.154768,82.781815
2354,1,1,2025-09-12,Greece,Turkey,70.973002,74.379745
2355,1,1,2025-09-12,Greece,Turkey,69.469089,94.806322
2356,1,1,2025-09-12,Greece,Turkey,70.577109,98.633262
2357,1,1,2025-09-12,Greece,Turkey,100.12763,99.181551
2358,1,1,2025-09-12,Greece,Turkey,89.661273,93.225834
2359,1,1,2025-09-12,Greece,Turkey,61.296935,96.745795
2360,1,1,2025-09-12,Greece,Turkey,85.733956,74.205821
2361,1,1,2025-09-12,Greece,Turkey,109.4712,86.072642
2362,1,1,2025-09-12,Greece,Turkey,83.069483,72.868383
2363,1,1,2025-09-12,Greece,Turkey,71.370328,91.548696
2364,1,1,2025-09-12,Greece,Turkey,98.064966,102.16072
2365,1,1,2025-09-12,Greece,Turkey,83.422932,93.19659
2366,1,1,2025-09-12,Greece,Turkey,92.372391,78.13974
2367,1,1,2025-09-12,Greece,Turkey,81.733768,96.18935
2368,1,1,2025-09-12,Greece,Turkey,76.921008,100.9051
2369,1,1,2025-09-12,Greece,Turkey,86.980208,87.699316
2370,1,1,2025-09-12,Greece,Turkey,68.905207,71.159201
2371,1,1,2025-09-12,Greece,Turkey,96.491731,92.350104
2372,1,1,2025-09-12,Greece,Turkey,78.046432,88.142165
2373,1,1,2025-09-12,Greece,Turkey,91.669719,74.892508
2374,1,1,2025-09-12,Greece,Turkey,71.109047,84.702931
2375,1,1,2025-09-12,Greece,Turkey,69.055811,70.01107
2376,1,1,2025-09-12,Greece,Turkey,80.055664,78.835481
2377,1,1,2025-09-12,Greece,Turkey,88.083625,90.227989
2378,1,1,2025-09-12,Greece,Turkey,78.626993,78.6167
2379,1,1,2025-09-12,Greece,Turkey,93.302478,91.754586
2380,1,1,2025-09-12,Greece,Turkey,60.747114,77.513419
2381,1,1,2025-09-12,Greece,Turkey,82.474615,88.758641
2382,1,1,2025-09-12,Greece,Turkey,68.863097,54.148863
2383,1,1,2025-09-12,Greece,Turkey,72.963748,84.13196
2384,1,1,2025-09-12,Greece,Turkey,78.718412,81.587006
2385,1,1,2025-09-12,Greece,Turkey,79.459238,100.01011
2386,1,1,2025-09-12,Greece,Turkey,81.133799,88.852538
2387,1,1,2025-09-12,Greece,Turkey,88.341496,79.946777
2388,1,1,2025-09-12,Greece,Turkey,77.803843,102.64482
2389,1,1,2025-09-12,Greece,Turkey,79.502779,83.691824
2390,1,1,2025-09-12,Greece,Turkey,78.342787,72.056427
2391,1,1,2025-09-12,Greece,Turkey,85.902825000000007,86.676189
2392,1,1,2025-09-12,Greece,Turkey,78.565253,85.035519
2393,1,1,2025-09-12,Greece,Turkey,79.59441,79.315588
2394,1,1,2025-09-12,Greece,Turkey,72.505362,80.670348
2395,1,1,2025-09-12,Greece,Turkey,54.516664,94.987145
2396,1,1,2025-09-12,Greece,Turkey,81.569801,71.408147
2397,1,1,2025-09-12,Greece,Turkey,67.159771,82.396381
2398,1,1,2025-09-12,Greece,Turkey,68.772059,75.349354
2399,1,1,2025-09-12,Greece,Turkey,70.883215,91.666108
2400,1,1,2025-09-12,Greece,Turkey,55.936744,67.673448
2401,1,1,2025-09-12,Greece,Turkey,87.828266,93.264212
2402,1,1,2025-09-12,Greece,Turkey,87.183128,80.502635
2403,1,1,2025-09-12,Greece,Turkey,86.384529,86.613883
2404,1,1,2025-09-12,Greece,Turkey,94.132648,79.535202
2405,1,1,2025-09-12,Greece,Turkey,89.490155,95.951497
2406,1,1,2025-09-12,Greece,Turkey,80.867191,94.26914
2407,1,1,2025-09-12,Greece,Turkey,80.069364,93.745088
2408,1,1,2025-09-12,Greece,Turkey,86.18217,88.919532
2409,1,1,2025-09-12,Greece,Turkey,70.864444,89.053888
2410,1,1,2025-09-12,Greece,Turkey,62.451152,88.5885
2411,1,1,2025-09-12,Greece,Turkey,73.636894,91.8803
2412,1,1,2025-09-12,Greece,Turkey,81.234379,84.303442
2413,1,1,2025-09-12,Greece,Turkey,78.139139,91.756121
2414,1,1,2025-09-12,Greece,Turkey,77.907507,83.451185
2415,1,1,2025-09-12,Greece,Turkey,89.704724,75.214676
2416,1,1,2025-09-12,Greece,Turkey,68.955885,80.114665
2417,1,1,2025-09-12,Greece,Turkey,96.407711,98.287981
2418,1,1,2025-09-12,Greece,Turkey,84.110571,91.903308
2419,1,1,2025-09-12,Greece,Turkey,99.374275,93.408771
2420,1,1,2025-09-12,Greece,Turkey,62.306661,66.854043
2421,1,1,2025-09-12,Greece,Turkey,79.61991,66.528079
2422,1,1,2025-09-12,Greece,Turkey,92.005631,91.932874
2423,1,1,2025-09-12,Greece,Turkey,83.404833,101.39495
2424,1,1,2025-09-12,Greece,Turkey,80.938259,96.943674
2425,1,1,2025-09-12,Greece,Turkey,80.829194,88.22417
2426,1,1,2025-09-12,Greece,Turkey,78.0838,96.750656
2427,1,1,2025-09-12,Greece,Turkey,82.40072,89.789176
2428,1,1,2025-09-12,Greece,Turkey,73.600241,75.175504
2429,1,1,2025-09-12,Greece,Turkey,60.03967,85.619603
2430,1,1,2025-09-12,Greece,Turkey,65.15144,74.091133
2431,1,1,2025-09-12,Greece,Turkey,71.954834,81.141084
2432,1,1,2025-09-12,Greece,Turkey,63.11277,76.381792
2433,1,1,2025-09-12,Greece,Turkey,74.480249,90.17661
2434,1,1,2025-09-12,Greece,Turkey,82.903547,72.347716
2435,1,1,2025-09-12,Greece,Turkey,72.080608,74.909044
2436,1,1,2025-09-12,Greece,Turkey,77.282844,80.607725
2437,1,1,2025-09-12,Greece,Turkey,78.229286,86.170368
2438,1,1,2025-09-12,Greece,Turkey,62.08909,90.191303
2439,1,1,2025-09-12,Greece,Turkey,75.522676,87.810479
2440,1,1,2025-09-12,Greece,Turkey,73.664054,80.521799
2441,1,1,2025-09-12,Greece,Turkey,76.019645,86.995954
2442,1,1,2025-09-12,Greece,Turkey,67.88324,71.579732
2443,1,1,2025-09-12,Greece,Turkey,62.91202,76.603053
2444,1,1,2025-09-12,Greece,Turkey,82.301577,90.885494
2445,1,1,2025-09-12,Greece,Turkey,87.637389,89.269016
2446,1,1,2025-09-12,Greece,Turkey,79.150149,72.111346
2447,1,1,2025-09-12,Greece,Turkey,84.414397,92.592661
2448,1,1,2025-09-12,Greece,Turkey,72.681126,88.221902
2449,1,1,2025-09-12,Greece,Turkey,76.583643,86.496496
2450,1,1,2025-09-12,Greece,Turkey,85.479672,91.806579
2451,1,1,2025-09-12,Greece,Turkey,85.312826,93.594498
2452,1,1,2025-09-12,Greece,Turkey,90.417994,84.547054
2453,1,1,2025-09-12,Greece,Turkey,71.884733,77.393471
2454,1,1,2025-09-12,Greece,Turkey,91.654484,82.427643
2455,1,1,2025-09-12,Greece,Turkey,66.402528,88.251331
2456,1,1,2025-09-12,Greece,Turkey,76.214618,88.869446
2457,1,1,2025-09-12,Greece,Turkey,73.971739,90.376437
2458,1,1,2025-09-12,Greece,Turkey,95.245485,85.921292
2459,1,1,2025-09-12,Greece,Turkey,90.157993,68.957519
2460,1,1,2025-09-12,Greece,Turkey,83.509366,81.128437
2461,1,1,2025-09-12,Greece,Turkey,83.111026,86.757044
2462,1,1,2025-09-12,Greece,Turkey,79.056155,105.88699
2463,1,1,2025-09-12,Greece,Turkey,85.44057,81.129277
2464,1,1,2025-09-12,Greece,Turkey,78.383571,88.826222
2465,1,1,2025-09-12,Greece,Turkey,70.820074,88.399394
2466,1,1,2025-09-12,Greece,Turkey,72.572102,69.332424
2467,1,1,2025-09-12,Greece,Turkey,78.501202,82.470565
2468,1,1,2025-09-12,Greece,Turkey,87.844842,93.61323
2469,1,1,2025-09-12,Greece,Turkey,84.205095,101.5339
2470,1,1,2025-09-12,Greece,Turkey,86.606764,88.661631
2471,1,1,2025-09-12,Greece,Turkey,83.933619,86.186411
2472,1,1,2025-09-12,Greece,Turkey,72.546492,66.011225
2473,1,1,2025-09-12,Greece,Turkey,76.591256,84.820454
2474,1,1,2025-09-12,Greece,Turkey,77.602564,96.816669
2475,1,1,2025-09-12,Greece,Turkey,79.411588,88.829308
2476,1,1,2025-09-12,Greece,Turkey,89.665524,86.682458
2477,1,1,2025-09-12,Greece,Turkey,79.140956,81.47597
2478,1,1,2025-09-12,Greece,Turkey,77.835661,84.344792
2479,1,1,2025-09-12,Greece,Turkey,99.449788,88.828411
2480,1,1,2025-09-12,Greece,Turkey,81.72126,104.81818
2481,1,1,2025-09-12,Greece,Turkey,70.24866,84.026699
2482,1,1,2025-09-12,Greece,Turkey,79.581905,81.619473
2483,1,1,2025-09-12,Greece,Turkey,52.959992,63.484244
2484,1,1,2025-09-12,Greece,Turkey,89.330813,91.864214
2485,1,1,2025-09-12,Greece,Turkey,51.293779,91.708479
2486,1,1,2025-09-12,Greece,Turkey,83.845157,85.902215
2487,1,1,2025-09-12,Greece,Turkey,79.417913,54.650934
2488,1,1,2025-09-12,Greece,Turkey,90.527841,98.349496
2489,1,1,2025-09-12,Greece,Turkey,93.019259,89.022411
2490,1,1,2025-09-12,Greece,Turkey,76.132073,102.03688
2491,1,1,2025-09-12,Greece,Turkey,73.877017,86.23225
2492,1,1,2025-09-12,Greece,Turkey,81.658097,78.963489
2493,1,1,2025-09-12,Greece,Turkey,83.600679,93.966471
2494,1,1,2025-09-12,Greece,Turkey,78.130405,83.120766
2495,1,1,2025-09-12,Greece,Turkey,83.312633,79.78122
2496,1,1,2025-09-12,Greece,Turkey,98.737497,101.51012
2497,1,1,2025-09-12,Greece,Turkey,81.984926,99.635844
2498,1,1,2025-09-12,Greece,Turkey,75.683746,75.074214
2499,1,1,2025-09-12,Greece,Turkey,64.037028,89.480669
2500,1,1,2025-09-12,Greece,Turkey,84.848486,82.48338
2501,1,1,2025-09-12,Greece,Turkey,96.301154,93.767464
2502,1,1,2025-09-12,Greece,Turkey,71.904574,79.495555
2503,1,1,2025-09-12,Greece,Turkey,73.372823,81.684435
2504,1,1,2025-09-12,Greece,Turkey,90.128999,83.828204
2505,1,1,2025-09-12,Greece,Turkey,76.33419,94.377342
2506,1,1,2025-09-12,Greece,Turkey,90.200491,94.022947
2507,1,1,2025-09-12,Greece,Turkey,84.357734,81.070598
2508,1,1,2025-09-12,Greece,Turkey,73.024375,80.882242
2509,1,1,2025-09-12,Greece,Turkey,109.68426,111.59556
2510,1,1,2025-09-12,Greece,Turkey,84.127278,102.29157
2511,1,1,2025-09-12,Greece,Turkey,66.763537,80.73274
2512,1,1,2025-09-12,Greece,Turkey,79.159471,103.85721
2513,1,1,2025-09-12,Greece,Turkey,83.279349,80.251858
2514,1,1,2025-09-12,Greece,Turkey,86.296959,82.154181
2515,1,1,2025-09-12,Greece,Turkey,91.056571,97.303891
2516,1,1,2025-09-12,Greece,Turkey,70.604669,74.873981
2517,1,1,2025-09-12,Greece,Turkey,73.20836,79.820907
2518,1,1,2025-09-12,Greece,Turkey,75.995854,92.76069
2519,1,1,2025-09-12,Greece,Turkey,76.723078,89.944418
2520,1,1,2025-09-12,Greece,Turkey,90.887479,77.478555
2521,1,1,2025-09-12,Greece,Turkey,96.593864,74.833404
2522,1,1,2025-09-12,Greece,Turkey,86.472034,84.744684
2523,1,1,2025-09-12,Greece,Turkey,92.192662,90.785346
2524,1,1,2025-09-12,Greece,Turkey,77.422277,84.871645
2525,1,1,2025-09-12,Greece,Turkey,83.703247,94.419243
2526,1,1,2025-09-12,Greece,Turkey,71.579027,102.73034
2527,1,1,2025-09-12,Greece,Turkey,82.724347,86.195902
2528,1,1,2025-09-12,Greece,Turkey,62.680762,80.228762
2529,1,1,2025-09-12,Greece,Turkey,109.53137,88.520859
2530,1,1,2025-09-12,Greece,Turkey,59.739928,92.903904
2531,1,1,2025-09-12,Greece,Turkey,71.160173,86.408878
2532,1,1,2025-09-12,Greece,Turkey,76.183967,76.141942
2533,1,1,2025-09-12,Greece,Turkey,80.977571,88.707695
2534,1,1,2025-09-12,Greece,Turkey,76.642331,87.138842
2535,1,1,2025-09-12,Greece,Turkey,93.924181,79.677178
2536,1,1,2025-09-12,Greece,Turkey,68.829781,69.65751
2537,1,1,2025-09-12,Greece,Turkey,78.614496,95.932525
2538,1,1,2025-09-12,Greece,Turkey,83.023005,84.819064
2539,1,1,2025-09-12,Greece,Turkey,98.783175,86.758764
2540,1,1,2025-09-12,Greece,Turkey,83.59442,79.070079
2541,1,1,2025-09-12,Greece,Turkey,64.677824,88.769804
2542,1,1,2025-09-12,Greece,Turkey,62.580477,94.436172
2543,1,1,2025-09-12,Greece,Turkey,106.146,78.882225
2544,1,1,2025-09-12,Greece,Turkey,83.940996,84.579614
2545,1,1,2025-09-12,Greece,Turkey,85.083241,71.255457
2546,1,1,2025-09-12,Greece,Turkey,87.789955,67.654635
2547,1,1,2025-09-12,Greece,Turkey,104.23109,93.133281
2548,1,1,2025-09-12,Greece,Turkey,98.371394,71.360385
2549,1,1,2025-09-12,Greece,Turkey,103.85893,97.226064
2550,1,1,2025-09-12,Greece,Turkey,88.145493,74.072475
2551,1,1,2025-09-12,Greece,Turkey,85.130882,82.512785
2552,1,1,2025-09-12,Greece,Turkey,82.16069,84.716446
2553,1,1,2025-09-12,Greece,Turkey,88.297571,92.909891
2554,1,1,2025-09-12,Greece,Turkey,97.039331,92.216596
2555,1,1,2025-09-12,Greece,Turkey,94.427136,83.297243
2556,1,1,2025-09-12,Greece,Turkey,111.01311,91.08727
2557,1,1,2025-09-12,Greece,Turkey,101.45713,93.674924
2558,1,1,2025-09-12,Greece,Turkey,83.152468,108.53074
2559,1,1,2025-09-12,Greece,Turkey,81.94805,85.305098
2560,1,1,2025-09-12,Greece,Turkey,72.939872,80.90548
2561,1,1,2025-09-12,Greece,Turkey,63.545069,89.750523
2562,1,1,2025-09-12,Greece,Turkey,70.06472,84.932869
2563,1,1,2025-09-12,Greece,Turkey,87.81331,79.161842
2564,1,1,2025-09-12,Greece,Turkey,74.688003,79.867265
2565,1,1,2025-09-12,Greece,Turkey,89.956778,98.321571
2566,1,1,2025-09-12,Greece,Turkey,80.626387,77.487371
2567,1,1,2025-09-12,Greece,Turkey,72.845106,78.946405
2568,1,1,2025-09-12,Greece,Turkey,88.901762,100.58734
2569,1,1,2025-09-12,Greece,Turkey,87.920998,83.642095
2570,1,1,2025-09-12,Greece,Turkey,77.568001,77.564943
2571,1,1,2025-09-12,Greece,Turkey,79.667221,81.276997
2572,1,1,2025-09-12,Greece,Turkey,70.611631,80.693356
2573,1,1,2025-09-12,Greece,Turkey,86.935929,101.61775
2574,1,1,2025-09-12,Greece,Turkey,71.114621,92.423109
2575,1,1,2025-09-12,Greece,Turkey,75.850988,101.40511
2576,1,1,2025-09-12,Greece,Turkey,63.972862,99.525672
2577,1,1,2025-09-12,Greece,Turkey,80.966059,80.190449
2578,1,1,2025-09-12,Greece,Turkey,71.799884,83.58314
2579,1,1,2025-09-12,Greece,Turkey,65.604413,88.000752
2580,1,1,2025-09-12,Greece,Turkey,91.613129,93.293241
2581,1,1,2025-09-12,Greece,Turkey,68.52962,76.853547
2582,1,1,2025-09-12,Greece,Turkey,73.990903,76.2386
2583,1,1,2025-09-12,Greece,Turkey,71.431631,84.286933
2584,1,1,2025-09-12,Greece,Turkey,87.454535,110.95238
2585,1,1,2025-09-12,Greece,Turkey,70.461357,76.773931
2586,1,1,2025-09-12,Greece,Turkey,81.399025,89.709414
2587,1,1,2025-09-12,Greece,Turkey,89.28054,81.337458
2588,1,1,2025-09-12,Greece,Turkey,73.839269,89.585198
2589,1,1,2025-09-12,Greece,Turkey,64.981813,106.67079
2590,1,1,2025-09-12,Greece,Turkey,103.42066,107.76269
2591,1,1,2025-09-12,Greece,Turkey,77.720145,77.224518
2592,1,1,2025-09-12,Greece,Turkey,77.551391,87.623551
2593,1,1,2025-09-12,Greece,Turkey,83.436147,88.222286
2594,1,1,2025-09-12,Greece,Turkey,88.060699,91.619624
2595,1,1,2025-09-12,Greece,Turkey,95.120122,85.018942
2596,1,1,2025-09-12,Greece,Turkey,77.577751,81.258904
2597,1,1,2025-09-12,Greece,Turkey,108.74639,100.19976
2598,1,1,2025-09-12,Greece,Turkey,75.51212,88.89148
2599,1,1,2025-09-12,Greece,Turkey,106.70781,100.41036
2600,1,1,2025-09-12,Greece,Turkey,87.967393,95.382117
2601,1,1,2025-09-12,Greece,Turkey,87.889392,82.280774
2602,1,1,2025-09-12,Greece,Turkey,76.497621,63.277794
2603,1,1,2025-09-12,Greece,Turkey,92.002057,97.155663
2604,1,1,2025-09-12,Greece,Turkey,80.723422,69.970262
2605,1,1,2025-09-12,Greece,Turkey,106.22016,93.888965
2606,1,1,2025-09-12,Greece,Turkey,87.550203,64.638004
2607,1,1,2025-09-12,Greece,Turkey,82.894128,88.33921
2608,1,1,2025-09-12,Greece,Turkey,73.958106,98.003528
2609,1,1,2025-09-12,Greece,Turkey,92.218151,90.230795
2610,1,1,2025-09-12,Greece,Turkey,95.809467,84.58521
2611,1,1,2025-09-12,Greece,Turkey,81.838023,76.200557
2612,1,1,2025-09-12,Greece,Turkey,97.195612,100.85912
2613,1,1,2025-09-12,Greece,Turkey,73.784513,97.582942
2614,1,1,2025-09-12,Greece,Turkey,81.366788,77.715435
2615,1,1,2025-09-12,Greece,Turkey,101.01812,97.999848
2616,1,1,2025-09-12,Greece,Turkey,77.990223,63.727344
2617,1,1,2025-09-12,Greece,Turkey,74.159396,108.76113
2618,1,1,2025-09-12,Greece,Turkey,85.719997,76.536645
2619,1,1,2025-09-12,Greece,Turkey,87.33976,92.970258
2620,1,1,2025-09-12,Greece,Turkey,74.287862,99.453519
2621,1,1,2025-09-12,Greece,Turkey,82.399243,64.165604
2622,1,1,2025-09-12,Greece,Turkey,72.013424,76.882832
2623,1,1,2025-09-12,Greece,Turkey,71.076831,88.112888
2624,1,1,2025-09-12,Greece,Turkey,91.371032,96.219562
2625,1,1,2025-09-12,Greece,Turkey,78.155505,78.709148
2626,1,1,2025-09-12,Greece,Turkey,90.682227,84.025134
2627,1,1,2025-09-12,Greece,Turkey,85.179469,94.27567
2628,1,1,2025-09-12,Greece,Turkey,80.207977,97.399711
2629,1,1,2025-09-12,Greece,Turkey,80.936671,106.73814
2630,1,1,2025-09-12,Greece,Turkey,74.827776,79.757448
2631,1,1,2025-09-12,Greece,Turkey,80.06509,86.821366
2632,1,1,2025-09-12,Greece,Turkey,87.867586,92.33392
2633,1,1,2025-09-12,Greece,Turkey,88.399537,83.010322
2634,1,1,2025-09-12,Greece,Turkey,91.006017,89.752542
2635,1,1,2025-09-12,Greece,Turkey,72.757089,93.281993
2636,1,1,2025-09-12,Greece,Turkey,74.842892,98.555803
2637,1,1,2025-09-12,Greece,Turkey,69.79322,85.59582
2638,1,1,2025-09-12,Greece,Turkey,82.438385,91.367177
2639,1,1,2025-09-12,Greece,Turkey,76.840935,86.790979
2640,1,1,2025-09-12,Greece,Turkey,53.74613,83.73716
2641,1,1,2025-09-12,Greece,Turkey,61.693921,83.225126
2642,1,1,2025-09-12,Greece,Turkey,87.755454,91.183161
2643,1,1,2025-09-12,Greece,Turkey,65.474902,89.982046
2644,1,1,2025-09-12,Greece,Turkey,70.896415,92.119341
2645,1,1,2025-09-12,Greece,Turkey,67.429305,69.975301
2646,1,1,2025-09-12,Greece,Turkey,65.820547,80.312978
2647,1,1,2025-09-12,Greece,Turkey,67.200522,86.765996
2648,1,1,2025-09-12,Greece,Turkey,89.924964,96.75796
2649,1,1,2025-09-12,Greece,Turkey,77.036018,70.622201
2650,1,1,2025-09-12,Greece,Turkey,78.329699,87.309693
2651,1,1,2025-09-12,Greece,Turkey,77.133251,63.420709
2652,1,1,2025-09-12,Greece,Turkey,97.042925,77.260582
2653,1,1,2025-09-12,Greece,Turkey,74.77955,83.58368
2654,1,1,2025-09-12,Greece,Turkey,106.2675,97.719428
2655,1,1,2025-09-12,Greece,Turkey,99.104682,94.910437
2656,1,1,2025-09-12,Greece,Turkey,73.643235,89.996315
2657,1,1,2025-09-12,Greece,Turkey,90.909776,94.747761
2658,1,1,2025-09-12,Greece,Turkey,75.747092,73.265101
2659,1,1,2025-09-12,Greece,Turkey,73.103201,68.121687
2660,1,1,2025-09-12,Greece,Turkey,83.756328,84.295954
2661,1,1,2025-09-12,Greece,Turkey,82.178634,91.358193
2662,1,1,2025-09-12,Greece,Turkey,74.798979,70.657794
2663,1,1,2025-09-12,Greece,Turkey,62.059789,77.607961
2664,1,1,2025-09-12,Greece,Turkey,68.955921,71.836378
2665,1,1,2025-09-12,Greece,Turkey,68.540862,76.15392
2666,1,1,2025-09-12,Greece,Turkey,78.812245,79.019072
2667,1,1,2025-09-12,Greece,Turkey,76.117204,90.330081
2668,1,1,2025-09-12,Greece,Turkey,87.794518,84.471925
2669,1,1,2025-09-12,Greece,Turkey,72.758308,75.67208
2670,1,1,2025-09-12,Greece,Turkey,93.43653,80.348351
2671,1,1,2025-09-12,Greece,Turkey,78.826887,87.351737
2672,1,1,2025-09-12,Greece,Turkey,69.837468,83.133907
2673,1,1,2025-09-12,Greece,Turkey,78.907051,82.543709
2674,1,1,2025-09-12,Greece,Turkey,84.668533,79.36248
2675,1,1,2025-09-12,Greece,Turkey,92.500579,119.99904
2676,1,1,2025-09-12,Greece,Turkey,64.841328,85.532914
2677,1,1,2025-09-12,Greece,Turkey,64.698819,108.52917
2678,1,1,2025-09-12,Greece,Turkey,83.627948,84.224559
2679,1,1,2025-09-12,Greece,Turkey,74.742692,96.022424
2680,1,1,2025-09-12,Greece,Turkey,66.134302,70.861681
2681,1,1,2025-09-12,Greece,Turkey,88.048203,102.21273
2682,1,1,2025-09-12,Greece,Turkey,64.421201,74.152888
2683,1,1,2025-09-12,Greece,Turkey,80.99473,84.559755
2684,1,1,2025-09-12,Greece,Turkey,87.206422,67.238644
2685,1,1,2025-09-12,Greece,Turkey,77.40066,87.940195
2686,1,1,2025-09-12,Greece,Turkey,77.308513,67.275407
2687,1,1,2025-09-12,Greece,Turkey,71.55077,74.625484
2688,1,1,2025-09-12,Greece,Turkey,80.699071,89.936335
2689,1,1,2025-09-12,Greece,Turkey,77.789106,104.59061
2690,1,1,2025-09-12,Greece,Turkey,78.834431,96.507834
2691,1,1,2025-09-12,Greece,Turkey,99.383501,91.921588
2692,1,1,2025-09-12,Greece,Turkey,81.110383,82.282838
2693,1,1,2025-09-12,Greece,Turkey,90.462814,75.796546
2694,1,1,2025-09-12,Greece,Turkey,78.822362,78.934504
2695,1,1,2025-09-12,Greece,Turkey,90.618584,93.306961
2696,1,1,2025-09-12,Greece,Turkey,84.817332,98.927402
2697,1,1,2025-09-12,Greece,Turkey,92.876384,77.159294
2698,1,1,2025-09-12,Greece,Turkey,63.12697,77.421702
2699,1,1,2025-09-12,Greece,Turkey,96.10731,98.446764
2700,1,1,2025-09-12,Greece,Turkey,94.994071,86.888152
2701,1,1,2025-09-12,Greece,Turkey,79.444783,78.783051
2702,1,1,2025-09-12,Greece,Turkey,62.267644,79.456181
2703,1,1,2025-09-12,Greece,Turkey,71.713548,77.951606
2704,1,1,2025-09-12,Greece,Turkey,99.889498,88.781435
2705,1,1,2025-09-12,Greece,Turkey,82.167827,59.85763
2706,1,1,2025-09-12,Greece,Turkey,84.851294,83.210454
2707,1,1,2025-09-12,Greece,Turkey,72.804886,79.177224
2708,1,1,2025-09-12,Greece,Turkey,100.05552,87.616144
2709,1,1,2025-09-12,Greece,Turkey,79.946399,75.555165
2710,1,1,2025-09-12,Greece,Turkey,76.096636,95.214113
2711,1,1,2025-09-12,Greece,Turkey,73.340659,92.315716
2712,1,1,2025-09-12,Greece,Turkey,78.421539,74.348613
2713,1,1,2025-09-12,Greece,Turkey,84.531483,82.955382
2714,1,1,2025-09-12,Greece,Turkey,85.610357,90.987905
2715,1,1,2025-09-12,Greece,Turkey,95.164,102.28628
2716,1,1,2025-09-12,Greece,Turkey,77.456989,77.967805
2717,1,1,2025-09-12,Greece,Turkey,91.694325,78.812146
2718,1,1,2025-09-12,Greece,Turkey,82.274139,83.784504
2719,1,1,2025-09-12,Greece,Turkey,79.87143,86.78175
2720,1,1,2025-09-12,Greece,Turkey,75.18897,61.892323
2721,1,1,2025-09-12,Greece,Turkey,91.798167,99.171388
2722,1,1,2025-09-12,Greece,Turkey,82.176815,71.189264
2723,1,1,2025-09-12,Greece,Turkey,93.610228,78.276362
2724,1,1,2025-09-12,Greece,Turkey,78.736094,79.387781
2725,1,1,2025-09-12,Greece,Turkey,75.581971,91.15727
2726,1,1,2025-09-12,Greece,Turkey,74.377565,92.932934
2727,1,1,2025-09-12,Greece,Turkey,85.856554,94.925323
2728,1,1,2025-09-12,Greece,Turkey,70.089879,75.279843
2729,1,1,2025-09-12,Greece,Turkey,65.601674,78.150803
2730,1,1,2025-09-12,Greece,Turkey,57.876582,102.8624
2731,1,1,2025-09-12,Greece,Turkey,79.916968,81.960182
2732,1,1,2025-09-12,Greece,Turkey,64.970628,62.422427
2733,1,1,2025-09-12,Greece,Turkey,66.726032,83.188601
2734,1,1,2025-09-12,Greece,Turkey,84.92762,77.214757
2735,1,1,2025-09-12,Greece,Turkey,90.859702,106.608
2736,1,1,2025-09-12,Greece,Turkey,76.526279,87.296655
2737,1,1,2025-09-12,Greece,Turkey,91.03103,89.835508
2738,1,1,2025-09-12,Greece,Turkey,89.033253,96.811714
2739,1,1,2025-09-12,Greece,Turkey,100.52721,70.50594
2740,1,1,2025-09-12,Greece,Turkey,89.301492,95.156092
2741,1,1,2025-09-12,Greece,Turkey,73.2506,84.877085
2742,1,1,2025-09-12,Greece,Turkey,81.743568,96.898692
2743,1,1,2025-09-12,Greece,Turkey,69.39935,102.61013
2744,1,1,2025-09-12,Greece,Turkey,69.229665,81.849503
2745,1,1,2025-09-12,Greece,Turkey,92.052637,86.431122
2746,1,1,2025-09-12,Greece,Turkey,83.430499,101.31858
2747,1,1,2025-09-12,Greece,Turkey,80.639576,89.474339
2748,1,1,2025-09-12,Greece,Turkey,72.282525,71.652391
2749,1,1,2025-09-12,Greece,Turkey,76.367941,79.40432
2750,1,1,2025-09-12,Greece,Turkey,72.80001,81.87192
2751,1,1,2025-09-12,Greece,Turkey,81.185924,80.132322
2752,1,1,2025-09-12,Greece,Turkey,88.600468,72.676657
2753,1,1,2025-09-12,Greece,Turkey,82.440191,85.565795
2754,1,1,2025-09-12,Greece,Turkey,69.828645,76.611576
2755,1,1,2025-09-12,Greece,Turkey,75.422028,86.764478
2756,1,1,2025-09-12,Greece,Turkey,69.20156,77.499801
2757,1,1,2025-09-12,Greece,Turkey,85.721738,89.677056
2758,1,1,2025-09-12,Greece,Turkey,84.73224,92.693784
2759,1,1,2025-09-12,Greece,Turkey,75.88167,87.460729
2760,1,1,2025-09-12,Greece,Turkey,74.525845,79.812345
2761,1,1,2025-09-12,Greece,Turkey,82.79176,87.092354
2762,1,1,2025-09-12,Greece,Turkey,62.043257,85.212957
2763,1,1,2025-09-12,Greece,Turkey,88.499191,88.923877
2764,1,1,2025-09-12,Greece,Turkey,89.843337,80.850774
2765,1,1,2025-09-12,Greece,Turkey,89.898871,84.63768
2766,1,1,2025-09-12,Greece,Turkey,81.527128,93.225227
2767,1,1,2025-09-12,Greece,Turkey,67.374095,90.956791
2768,1,1,2025-09-12,Greece,Turkey,88.57386,87.134984
2769,1,1,2025-09-12,Greece,Turkey,63.770324,101.33019
2770,1,1,2025-09-12,Greece,Turkey,104.41063,85.165576
2771,1,1,2025-09-12,Greece,Turkey,91.856033,79.03594
2772,1,1,2025-09-12,Greece,Turkey,88.79326,87.580605
2773,1,1,2025-09-12,Greece,Turkey,76.085022,83.696265
2774,1,1,2025-09-12,Greece,Turkey,76.693416,83.98172
2775,1,1,2025-09-12,Greece,Turkey,85.898655,115.088
2776,1,1,2025-09-12,Greece,Turkey,73.067378,84.338315
2777,1,1,2025-09-12,Greece,Turkey,82.362198,87.119228
2778,1,1,2025-09-12,Greece,Turkey,53.240154,95.931754
2779,1,1,2025-09-12,Greece,Turkey,84.509463,87.489025
2780,1,1,2025-09-12,Greece,Turkey,94.52024,107.5213
2781,1,1,2025-09-12,Greece,Turkey,95.204064,82.714859
2782,1,1,2025-09-12,Greece,Turkey,83.268167,80.223696
2783,1,1,2025-09-12,Greece,Turkey,68.716824,85.526621
2784,1,1,2025-09-12,Greece,Turkey,86.073114,96.004768
2785,1,1,2025-09-12,Greece,Turkey,75.584636,79.540972
2786,1,1,2025-09-12,Greece,Turkey,83.31936,94.530897
2787,1,1,2025-09-12,Greece,Turkey,105.00719,86.08753
2788,1,1,2025-09-12,Greece,Turkey,85.6573,80.616034
2789,1,1,2025-09-12,Greece,Turkey,85.881249,75.34636
2790,1,1,2025-09-12,Greece,Turkey,62.463513,85.010703
2791,1,1,2025-09-12,Greece,Turkey,73.715268,86.081655
2792,1,1,2025-09-12,Greece,Turkey,102.12959,84.456622
2793,1,1,2025-09-12,Greece,Turkey,79.64168,76.254974
2794,1,1,2025-09-12,Greece,Turkey,89.437582,73.372389
2795,1,1,2025-09-12,Greece,Turkey,65.576027,84.545188
2796,1,1,2025-09-12,Greece,Turkey,73.332736,78.915238
2797,1,1,2025-09-12,Greece,Turkey,70.340923,80.960452
2798,1,1,2025-09-12,Greece,Turkey,75.336169,71.894785
2799,1,1,2025-09-12,Greece,Turkey,76.185681,81.777994
2800,1,1,2025-09-12,Greece,Turkey,92.673319,102.62181
2801,1,1,2025-09-12,Greece,Turkey,70.724434,85.09058
2802,1,1,2025-09-12,Greece,Turkey,87.517089,94.440737
2803,1,1,2025-09-12,Greece,Turkey,75.856867,84.066397
2804,1,1,2025-09-12,Greece,Turkey,76.624549,64.444886
2805,1,1,2025-09-12,Greece,Turkey,72.54195,94.729161
2806,1,1,2025-09-12,Greece,Turkey,80.288084,85.680834
2807,1,1,2025-09-12,Greece,Turkey,75.709249,89.534265
2808,1,1,2025-09-12,Greece,Turkey,65.350721,54.571966
2809,1,1,2025-09-12,Greece,Turkey,61.813135,72.587536
2810,1,1,2025-09-12,Greece,Turkey,73.541191,84.0555
2811,1,1,2025-09-12,Greece,Turkey,80.167945,91.123442
2812,1,1,2025-09-12,Greece,Turkey,98.927025,93.461515
2813,1,1,2025-09-12,Greece,Turkey,90.054185,80.161299
2814,1,1,2025-09-12,Greece,Turkey,65.745643,86.02465
2815,1,1,2025-09-12,Greece,Turkey,111.38045,90.127897
2816,1,1,2025-09-12,Greece,Turkey,84.375623,100.18941
2817,1,1,2025-09-12,Greece,Turkey,80.673157,66.894562
2818,1,1,2025-09-12,Greece,Turkey,68.355172,99.148967
2819,1,1,2025-09-12,Greece,Turkey,82.094114,81.517134
2820,1,1,2025-09-12,Greece,Turkey,107.44804,105.79109
2821,1,1,2025-09-12,Greece,Turkey,69.522479,93.873855
2822,1,1,2025-09-12,Greece,Turkey,72.861443,68.700221
2823,1,1,2025-09-12,Greece,Turkey,88.499826,78.322499
2824,1,1,2025-09-12,Greece,Turkey,67.599658,76.651869
2825,1,1,2025-09-12,Greece,Turkey,73.245971,87.294113
2826,1,1,2025-09-12,Greece,Turkey,67.651559,88.925974
2827,1,1,2025-09-12,Greece,Turkey,82.915591,76.551191
2828,1,1,2025-09-12,Greece,Turkey,71.619225,104.38035
2829,1,1,2025-09-12,Greece,Turkey,94.49785,102.57135
2830,1,1,2025-09-12,Greece,Turkey,95.260899,84.444046
2831,1,1,2025-09-12,Greece,Turkey,75.489589,72.039438
2832,1,1,2025-09-12,Greece,Turkey,83.560933,95.633246
2833,1,1,2025-09-12,Greece,Turkey,70.068543,82.434528
2834,1,1,2025-09-12,Greece,Turkey,83.864849,89.251478
2835,1,1,2025-09-12,Greece,Turkey,67.555018,86.759714
2836,1,1,2025-09-12,Greece,Turkey,76.889265,80.173506
2837,1,1,2025-09-12,Greece,Turkey,78.753105,95.1725
2838,1,1,2025-09-12,Greece,Turkey,81.694152,96.110609
2839,1,1,2025-09-12,Greece,Turkey,88.086731,89.363479
2840,1,1,2025-09-12,Greece,Turkey,89.931746,79.123433
2841,1,1,2025-09-12,Greece,Turkey,99.795009,93.07356
2842,1,1,2025-09-12,Greece,Turkey,85.341619,89.832515
2843,1,1,2025-09-12,Greece,Turkey,82.636904,78.020606
2844,1,1,2025-09-12,Greece,Turkey,78.9592,72.761692
2845,1,1,2025-09-12,Greece,Turkey,90.056886,57.160345
2846,1,1,2025-09-12,Greece,Turkey,70.475551,82.703703
2847,1,1,2025-09-12,Greece,Turkey,80.429624,102.79259
2848,1,1,2025-09-12,Greece,Turkey,72.497344,86.173342
2849,1,1,2025-09-12,Greece,Turkey,91.549655,77.688242
2850,1,1,2025-09-12,Greece,Turkey,78.492834,91.199464
2851,1,1,2025-09-12,Greece,Turkey,57.473865,69.231209
2852,1,1,2025-09-12,Greece,Turkey,102.70797,114.11843
2853,1,1,2025-09-12,Greece,Turkey,80.133819,91.604927
2854,1,1,2025-09-12,Greece,Turkey,97.640496,78.521821
2855,1,1,2025-09-12,Greece,Turkey,68.938446,84.677646
2856,1,1,2025-09-12,Greece,Turkey,79.144123,74.508943
2857,1,1,2025-09-12,Greece,Turkey,80.052276,68.561621
2858,1,1,2025-09-12,Greece,Turkey,78.06966,92.694441
2859,1,1,2025-09-12,Greece,Turkey,64.774744,94.552566
2860,1,1,2025-09-12,Greece,Turkey,79.70743,88.529874
2861,1,1,2025-09-12,Greece,Turkey,82.717585,81.708907
2862,1,1,2025-09-12,Greece,Turkey,78.926722,64.815975
2863,1,1,2025-09-12,Greece,Turkey,75.428057,90.248142
2864,1,1,2025-09-12,Greece,Turkey,81.049309,82.801499
2865,1,1,2025-09-12,Greece,Turkey,74.18666,73.494128
2866,1,1,2025-09-12,Greece,Turkey,66.503196,93.248389
2867,1,1,2025-09-12,Greece,Turkey,82.658776,77.059312
2868,1,1,2025-09-12,Greece,Turkey,72.664994,65.67152
2869,1,1,2025-09-12,Greece,Turkey,96.070594,85.360318
2870,1,1,2025-09-12,Greece,Turkey,88.564468,99.050301
2871,1,1,2025-09-12,Greece,Turkey,63.919862,81.524536
2872,1,1,2025-09-12,Greece,Turkey,96.657345,96.274418
2873,1,1,2025-09-12,Greece,Turkey,75.833636,97.314663
2874,1,1,2025-09-12,Greece,Turkey,90.668992,83.766335
2875,1,1,2025-09-12,Greece,Turkey,74.557247,74.973372
2876,1,1,2025-09-12,Greece,Turkey,103.38734,81.023764
2877,1,1,2025-09-12,Greece,Turkey,94.400526,87.319238
2878,1,1,2025-09-12,Greece,Turkey,80.931978,91.949479
2879,1,1,2025-09-12,Greece,Turkey,76.656471,87.325488000000007
2880,1,1,2025-09-12,Greece,Turkey,83.526898,93.352736
2881,1,1,2025-09-12,Greece,Turkey,102.70305,64.676428
2882,1,1,2025-09-12,Greece,Turkey,97.305235,74.138909
2883,1,1,2025-09-12,Greece,Turkey,81.932555,95.900672
2884,1,1,2025-09-12,Greece,Turkey,77.50093,90.948732
2885,1,1,2025-09-12,Greece,Turkey,77.615639,82.211025
2886,1,1,2025-09-12,Greece,Turkey,83.779825,88.203759
2887,1,1,2025-09-12,Greece,Turkey,71.910247,72.948829
2888,1,1,2025-09-12,Greece,Turkey,85.33623,61.510663
2889,1,1,2025-09-12,Greece,Turkey,82.890332,106.55053
2890,1,1,2025-09-12,Greece,Turkey,62.06884,96.288417
2891,1,1,2025-09-12,Greece,Turkey,81.493207,72.562695
2892,1,1,2025-09-12,Greece,Turkey,94.259773,77.530896
2893,1,1,2025-09-12,Greece,Turkey,81.284381,83.793319
2894,1,1,2025-09-12,Greece,Turkey,64.737533,78.295722
2895,1,1,2025-09-12,Greece,Turkey,80.249678,79.638303
2896,1,1,2025-09-12,Greece,Turkey,100.67742,91.432387
2897,1,1,2025-09-12,Greece,Turkey,78.099616,83.872546
2898,1,1,2025-09-12,Greece,Turkey,68.819547,77.525998
2899,1,1,2025-09-12,Greece,Turkey,94.78829,86.148695
2900,1,1,2025-09-12,Greece,Turkey,68.428178,89.873589
2901,1,1,2025-09-12,Greece,Turkey,67.254344,83.729393
2902,1,1,2025-09-12,Greece,Turkey,92.548675,79.21232
2903,1,1,2025-09-12,Greece,Turkey,61.457676,84.614301
2904,1,1,2025-09-12,Greece,Turkey,68.933369,61.56757
2905,1,1,2025-09-12,Greece,Turkey,73.594068,74.684444
2906,1,1,2025-09-12,Greece,Turkey,66.698787,67.571887
2907,1,1,2025-09-12,Greece,Turkey,72.312557,77.786391
2908,1,1,2025-09-12,Greece,Turkey,84.09216,108.62519
2909,1,1,2025-09-12,Greece,Turkey,83.662141,95.796495
2910,1,1,2025-09-12,Greece,Turkey,88.00204,92.843176
2911,1,1,2025-09-12,Greece,Turkey,67.764126,72.121877
2912,1,1,2025-09-12,Greece,Turkey,82.869237,89.945822
2913,1,1,2025-09-12,Greece,Turkey,85.136312,88.832571
2914,1,1,2025-09-12,Greece,Turkey,57.077631,82.159061
2915,1,1,2025-09-12,Greece,Turkey,84.610229,81.551124
2916,1,1,2025-09-12,Greece,Turkey,95.586671,71.177239
2917,1,1,2025-09-12,Greece,Turkey,77.452358,80.201388
2918,1,1,2025-09-12,Greece,Turkey,80.831703,87.458869000000007
2919,1,1,2025-09-12,Greece,Turkey,71.314656,92.561823
2920,1,1,2025-09-12,Greece,Turkey,76.535568,93.566989
2921,1,1,2025-09-12,Greece,Turkey,93.414846,79.04623
2922,1,1,2025-09-12,Greece,Turkey,88.655396,82.148367
2923,1,1,2025-09-12,Greece,Turkey,81.454329,95.402578
2924,1,1,2025-09-12,Greece,Turkey,67.749722,92.409914
2925,1,1,2025-09-12,Greece,Turkey,79.364764,93.421978
2926,1,1,2025-09-12,Greece,Turkey,82.237161,78.830404
2927,1,1,2025-09-12,Greece,Turkey,73.455469,72.553201
2928,1,1,2025-09-12,Greece,Turkey,78.918728,80.324143
2929,1,1,2025-09-12,Greece,Turkey,98.432032,72.260842
2930,1,1,2025-09-12,Greece,Turkey,74.027438,95.140789
2931,1,1,2025-09-12,Greece,Turkey,71.626527,78.139215
2932,1,1,2025-09-12,Greece,Turkey,78.541206,98.253968
2933,1,1,2025-09-12,Greece,Turkey,68.383033,99.480401
2934,1,1,2025-09-12,Greece,Turkey,73.522194,82.616915
2935,1,1,2025-09-12,Greece,Turkey,64.426241,101.66742
2936,1,1,2025-09-12,Greece,Turkey,74.455887,78.615258
2937,1,1,2025-09-12,Greece,Turkey,89.485142,84.876387
2938,1,1,2025-09-12,Greece,Turkey,97.738703,83.587703
2939,1,1,2025-09-12,Greece,Turkey,102.40763,111.3223
2940,1,1,2025-09-12,Greece,Turkey,76.08313,83.206084
2941,1,1,2025-09-12,Greece,Turkey,79.742474,112.37895
2942,1,1,2025-09-12,Greece,Turkey,107.8412,103.56012
2943,1,1,2025-09-12,Greece,Turkey,62.386421,61.143167
2944,1,1,2025-09-12,Greece,Turkey,70.35079,87.159322
2945,1,1,2025-09-12,Greece,Turkey,71.674628,86.856101
2946,1,1,2025-09-12,Greece,Turkey,85.597005,96.158624
2947,1,1,2025-09-12,Greece,Turkey,79.890142,82.028738
2948,1,1,2025-09-12,Greece,Turkey,78.654019,96.018372
2949,1,1,2025-09-12,Greece,Turkey,111.67403,108.15677
2950,1,1,2025-09-12,Greece,Turkey,94.080816,84.325173
2951,1,1,2025-09-12,Greece,Turkey,84.656778,84.379904
2952,1,1,2025-09-12,Greece,Turkey,67.37492,92.882765
2953,1,1,2025-09-12,Greece,Turkey,68.068808,81.56605
2954,1,1,2025-09-12,Greece,Turkey,101.35423,77.373696
2955,1,1,2025-09-12,Greece,Turkey,98.283521,74.205426
2956,1,1,2025-09-12,Greece,Turkey,80.979097,78.147182
2957,1,1,2025-09-12,Greece,Turkey,78.788381,92.447826
2958,1,1,2025-09-12,Greece,Turkey,77.142531,88.718929
2959,1,1,2025-09-12,Greece,Turkey,97.277999,90.83971
2960,1,1,2025-09-12,Greece,Turkey,29.369641,85.61681
2961,1,1,2025-09-12,Greece,Turkey,77.519741,90.765809
2962,1,1,2025-09-12,Greece,Turkey,84.250753,62.587803
2963,1,1,2025-09-12,Greece,Turkey,83.037146,77.000749
2964,1,1,2025-09-12,Greece,Turkey,89.044139,77.293818
2965,1,1,2025-09-12,Greece,Turkey,79.219177,81.517295
2966,1,1,2025-09-12,Greece,Turkey,75.480805,86.250621
2967,1,1,2025-09-12,Greece,Turkey,55.566596,63.446381
2968,1,1,2025-09-12,Greece,Turkey,92.033216,84.050239
2969,1,1,2025-09-12,Greece,Turkey,61.14321,79.240694
2970,1,1,2025-09-12,Greece,Turkey,106.71572,86.410267
2971,1,1,2025-09-12,Greece,Turkey,90.357147,71.234969
2972,1,1,2025-09-12,Greece,Turkey,74.629532,74.882984
2973,1,1,2025-09-12,Greece,Turkey,85.555542,62.946794
2974,1,1,2025-09-12,Greece,Turkey,88.859699,95.860286
2975,1,1,2025-09-12,Greece,Turkey,63.555955,84.159197
2976,1,1,2025-09-12,Greece,Turkey,87.639247,90.908813
2977,1,1,2025-09-12,Greece,Turkey,74.020844,86.470042
2978,1,1,2025-09-12,Greece,Turkey,71.633365,73.275184
2979,1,1,2025-09-12,Greece,Turkey,77.852169,88.608145
2980,1,1,2025-09-12,Greece,Turkey,65.375338,91.136486
2981,1,1,2025-09-12,Greece,Turkey,71.02676,72.007187
2982,1,1,2025-09-12,Greece,Turkey,65.130224,95.850803
2983,1,1,2025-09-12,Greece,Turkey,92.548712,89.033643
2984,1,1,2025-09-12,Greece,Turkey,81.33261,89.467363
2985,1,1,2025-09-12,Greece,Turkey,78.445816,93.724395
2986,1,1,2025-09-12,Greece,Turkey,92.521258,86.715083
2987,1,1,2025-09-12,Greece,Turkey,95.825095,79.902126
2988,1,1,2025-09-12,Greece,Turkey,80.229933,80.679473
2989,1,1,2025-09-12,Greece,Turkey,59.686063,93.303152
2990,1,1,2025-09-12,Greece,Turkey,99.054923,83.969468
2991,1,1,2025-09-12,Greece,Turkey,92.673039,85.590818
2992,1,1,2025-09-12,Greece,Turkey,75.781206,93.933418
2993,1,1,2025-09-12,Greece,Turkey,58.4187,80.393439
2994,1,1,2025-09-12,Greece,Turkey,77.400545,78.550904
2995,1,1,2025-09-12,Greece,Turkey,75.453255,93.909861
2996,1,1,2025-09-12,Greece,Turkey,74.959509,81.708014
2997,1,1,2025-09-12,Greece,Turkey,92.611896,94.295248
2998,1,1,2025-09-12,Greece,Turkey,65.888227,80.317014
2999,1,1,2025-09-12,Greece,Turkey,81.376321,74.832723
3000,1,1,2025-09-12,Greece,Turkey,84.588992,95.495565
3001,1,1,2025-09-12,Greece,Turkey,72.97887,81.328281
3002,1,1,2025-09-12,Greece,Turkey,68.638597,63.630235
3003,1,1,2025-09-12,Greece,Turkey,83.245191,92.240925
3004,1,1,2025-09-12,Greece,Turkey,63.270528,81.821982
3005,1,1,2025-09-12,Greece,Turkey,70.385738,67.770286
3006,1,1,2025-09-12,Greece,Turkey,74.800089,75.071354
3007,1,1,2025-09-12,Greece,Turkey,79.825177,99.576709
3008,1,1,2025-09-12,Greece,Turkey,96.172824,99.806946
3009,1,1,2025-09-12,Greece,Turkey,78.245871,85.912143
3010,1,1,2025-09-12,Greece,Turkey,79.720549,85.789742
3011,1,1,2025-09-12,Greece,Turkey,97.265797,90.854587
3012,1,1,2025-09-12,Greece,Turkey,91.002444,74.712353
3013,1,1,2025-09-12,Greece,Turkey,88.97787,82.034439
3014,1,1,2025-09-12,Greece,Turkey,79.805902,83.442572
3015,1,1,2025-09-12,Greece,Turkey,76.380555,86.217637
3016,1,1,2025-09-12,Greece,Turkey,88.227862,104.05937
3017,1,1,2025-09-12,Greece,Turkey,80.066232,73.270497
3018,1,1,2025-09-12,Greece,Turkey,92.988123,103.29297
3019,1,1,2025-09-12,Greece,Turkey,74.735928,91.839708
3020,1,1,2025-09-12,Greece,Turkey,70.32622,76.074239
3021,1,1,2025-09-12,Greece,Turkey,93.613051,78.067315
3022,1,1,2025-09-12,Greece,Turkey,86.252866,76.240717
3023,1,1,2025-09-12,Greece,Turkey,51.181492,92.69931
3024,1,1,2025-09-12,Greece,Turkey,81.029635,83.842989
3025,1,1,2025-09-12,Greece,Turkey,70.573209,93.330951
3026,1,1,2025-09-12,Greece,Turkey,80.708117,61.629457
3027,1,1,2025-09-12,Greece,Turkey,84.488528,88.338392
3028,1,1,2025-09-12,Greece,Turkey,92.391861,109.18432
3029,1,1,2025-09-12,Greece,Turkey,91.093954,92.398571
3030,1,1,2025-09-12,Greece,Turkey,78.449115,82.496097
3031,1,1,2025-09-12,Greece,Turkey,76.193468,100.72513
3032,1,1,2025-09-12,Greece,Turkey,107.55315,103.08038
3033,1,1,2025-09-12,Greece,Turkey,51.642862,97.844874
3034,1,1,2025-09-12,Greece,Turkey,82.164056,68.505309
3035,1,1,2025-09-12,Greece,Turkey,70.240149,71.170606
3036,1,1,2025-09-12,Greece,Turkey,75.246944,76.292042
3037,1,1,2025-09-12,Greece,Turkey,88.186913,86.438949
3038,1,1,2025-09-12,Greece,Turkey,83.221608,93.167602
3039,1,1,2025-09-12,Greece,Turkey,83.39359,76.883325
3040,1,1,2025-09-12,Greece,Turkey,73.841061,84.530893
3041,1,1,2025-09-12,Greece,Turkey,82.790003,78.562153
3042,1,1,2025-09-12,Greece,Turkey,109.56754,99.656296
3043,1,1,2025-09-12,Greece,Turkey,107.06478,87.497071
3044,1,1,2025-09-12,Greece,Turkey,80.510551,91.439976
3045,1,1,2025-09-12,Greece,Turkey,86.133107999999993,77.71871
3046,1,1,2025-09-12,Greece,Turkey,82.188233,102.01387
3047,1,1,2025-09-12,Greece,Turkey,84.26329,82.774162
3048,1,1,2025-09-12,Greece,Turkey,81.109412,78.828435
3049,1,1,2025-09-12,Greece,Turkey,81.59211,49.275902
3050,1,1,2025-09-12,Greece,Turkey,84.252768,89.12366
3051,1,1,2025-09-12,Greece,Turkey,73.691596,95.332798
3052,1,1,2025-09-12,Greece,Turkey,71.761768,78.06849
3053,1,1,2025-09-12,Greece,Turkey,87.191646,73.312721
3054,1,1,2025-09-12,Greece,Turkey,96.079109,98.655913
3055,1,1,2025-09-12,Greece,Turkey,89.064697,72.386988
3056,1,1,2025-09-12,Greece,Turkey,94.755467,86.768397
3057,1,1,2025-09-12,Greece,Turkey,108.75369,99.912369
3058,1,1,2025-09-12,Greece,Turkey,84.337288,88.939162
3059,1,1,2025-09-12,Greece,Turkey,64.765477,78.097717
3060,1,1,2025-09-12,Greece,Turkey,87.847322,81.019728
3061,1,1,2025-09-12,Greece,Turkey,59.629123,94.728994
3062,1,1,2025-09-12,Greece,Turkey,77.061937,87.882007
3063,1,1,2025-09-12,Greece,Turkey,88.476437,80.407234
3064,1,1,2025-09-12,Greece,Turkey,79.364318,103.47121
3065,1,1,2025-09-12,Greece,Turkey,82.910877,92.332011
3066,1,1,2025-09-12,Greece,Turkey,95.454814,92.313519
3067,1,1,2025-09-12,Greece,Turkey,92.920563,80.852797
3068,1,1,2025-09-12,Greece,Turkey,53.186479,83.365735
3069,1,1,2025-09-12,Greece,Turkey,95.052874,84.503975
3070,1,1,2025-09-12,Greece,Turkey,92.345704,84.185299
3071,1,1,2025-09-12,Greece,Turkey,93.876784,79.485949
3072,1,1,2025-09-12,Greece,Turkey,77.560974,103.11796
3073,1,1,2025-09-12,Greece,Turkey,66.132156,90.05
3074,1,1,2025-09-12,Greece,Turkey,78.098332,92.304819
3075,1,1,2025-09-12,Greece,Turkey,98.10283,81.820998
3076,1,1,2025-09-12,Greece,Turkey,78.630532,80.919529
3077,1,1,2025-09-12,Greece,Turkey,82.479239,63.376568
3078,1,1,2025-09-12,Greece,Turkey,85.406941,73.151023
3079,1,1,2025-09-12,Greece,Turkey,71.513785,96.2237
3080,1,1,2025-09-12,Greece,Turkey,77.0214,76.715756
3081,1,1,2025-09-12,Greece,Turkey,65.061899,66.427091
3082,1,1,2025-09-12,Greece,Turkey,94.969255,95.378523
3083,1,1,2025-09-12,Greece,Turkey,84.869334,81.942657
3084,1,1,2025-09-12,Greece,Turkey,76.680772,92.909528
3085,1,1,2025-09-12,Greece,Turkey,80.196843,98.056145
3086,1,1,2025-09-12,Greece,Turkey,74.072012,99.733925
3087,1,1,2025-09-12,Greece,Turkey,91.735585,95.648884
3088,1,1,2025-09-12,Greece,Turkey,77.454461,76.136252
3089,1,1,2025-09-12,Greece,Turkey,67.319509,95.269021
3090,1,1,2025-09-12,Greece,Turkey,86.358312,66.300009
3091,1,1,2025-09-12,Greece,Turkey,65.616252,90.177663
3092,1,1,2025-09-12,Greece,Turkey,82.960709,88.033178
3093,1,1,2025-09-12,Greece,Turkey,81.081521,81.792725
3094,1,1,2025-09-12,Greece,Turkey,77.060776,88.327093
3095,1,1,2025-09-12,Greece,Turkey,82.588001,87.281752
3096,1,1,2025-09-12,Greece,Turkey,77.089259,77.149532
3097,1,1,2025-09-12,Greece,Turkey,76.401698,106.10903
3098,1,1,2025-09-12,Greece,Turkey,80.997882,82.608663
3099,1,1,2025-09-12,Greece,Turkey,88.75171,66.960004
3100,1,1,2025-09-12,Greece,Turkey,75.807089,75.299394
3101,1,1,2025-09-12,Greece,Turkey,87.923409,80.498301
3102,1,1,2025-09-12,Greece,Turkey,84.135784,88.648714
3103,1,1,2025-09-12,Greece,Turkey,74.17639,84.327436
3104,1,1,2025-09-12,Greece,Turkey,70.933318,88.260386
3105,1,1,2025-09-12,Greece,Turkey,75.777235,81.621004
3106,1,1,2025-09-12,Greece,Turkey,84.929757,68.978023
3107,1,1,2025-09-12,Greece,Turkey,78.110382,68.838152
3108,1,1,2025-09-12,Greece,Turkey,78.714693,81.758283
3109,1,1,2025-09-12,Greece,Turkey,68.616431,87.127447
3110,1,1,2025-09-12,Greece,Turkey,111.67148,98.276862
3111,1,1,2025-09-12,Greece,Turkey,85.052435,79.802952
3112,1,1,2025-09-12,Greece,Turkey,93.127426,88.869665
3113,1,1,2025-09-12,Greece,Turkey,76.551898,98.256655
3114,1,1,2025-09-12,Greece,Turkey,90.937906,78.36236
3115,1,1,2025-09-12,Greece,Turkey,96.589967,80.506261
3116,1,1,2025-09-12,Greece,Turkey,93.276299,78.537841
3117,1,1,2025-09-12,Greece,Turkey,86.129251,96.334684
3118,1,1,2025-09-12,Greece,Turkey,80.274207,81.711547
3119,1,1,2025-09-12,Greece,Turkey,79.793717,78.378136
3120,1,1,2025-09-12,Greece,Turkey,100.50139,78.515581
3121,1,1,2025-09-12,Greece,Turkey,71.366741,93.899733
3122,1,1,2025-09-12,Greece,Turkey,79.569827,91.149201
3123,1,1,2025-09-12,Greece,Turkey,65.570064,88.834932
3124,1,1,2025-09-12,Greece,Turkey,67.06913,70.618562
3125,1,1,2025-09-12,Greece,Turkey,88.467251,107.11846
3126,1,1,2025-09-12,Greece,Turkey,87.482414,83.727604
3127,1,1,2025-09-12,Greece,Turkey,97.13901,79.208787
3128,1,1,2025-09-12,Greece,Turkey,61.075505,99.205083
3129,1,1,2025-09-12,Greece,Turkey,76.919014,66.054242
3130,1,1,2025-09-12,Greece,Turkey,71.210503,89.110323
3131,1,1,2025-09-12,Greece,Turkey,72.170529,85.23281
3132,1,1,2025-09-12,Greece,Turkey,104.18112,82.663984
3133,1,1,2025-09-12,Greece,Turkey,68.631234,77.461256
3134,1,1,2025-09-12,Greece,Turkey,67.631299,91.757282
3135,1,1,2025-09-12,Greece,Turkey,80.499712,76.752168
3136,1,1,2025-09-12,Greece,Turkey,53.911622,78.799677
3137,1,1,2025-09-12,Greece,Turkey,84.346246,92.668346
3138,1,1,2025-09-12,Greece,Turkey,83.356335,85.770532
3139,1,1,2025-09-12,Greece,Turkey,93.158197,71.157637
3140,1,1,2025-09-12,Greece,Turkey,77.919463,92.682131
3141,1,1,2025-09-12,Greece,Turkey,84.629411,94.414499
3142,1,1,2025-09-12,Greece,Turkey,74.490983,83.417973
3143,1,1,2025-09-12,Greece,Turkey,88.554697,85.627675
3144,1,1,2025-09-12,Greece,Turkey,65.849868,84.724586
3145,1,1,2025-09-12,Greece,Turkey,85.645992,101.8474
3146,1,1,2025-09-12,Greece,Turkey,78.943834,81.853636
3147,1,1,2025-09-12,Greece,Turkey,64.969706,86.53725
3148,1,1,2025-09-12,Greece,Turkey,91.498785,93.900368
3149,1,1,2025-09-12,Greece,Turkey,64.647682,73.149215
3150,1,1,2025-09-12,Greece,Turkey,91.657492,87.860704
3151,1,1,2025-09-12,Greece,Turkey,77.061379,93.800077
3152,1,1,2025-09-12,Greece,Turkey,71.669152,76.302404
3153,1,1,2025-09-12,Greece,Turkey,61.849207,82.907808
3154,1,1,2025-09-12,Greece,Turkey,82.507914,61.784567
3155,1,1,2025-09-12,Greece,Turkey,97.566808,81.56215
3156,1,1,2025-09-12,Greece,Turkey,84.561234,87.785121
3157,1,1,2025-09-12,Greece,Turkey,79.383599,90.511607
3158,1,1,2025-09-12,Greece,Turkey,101.05322,105.98921
3159,1,1,2025-09-12,Greece,Turkey,75.46518,78.562625
3160,1,1,2025-09-12,Greece,Turkey,85.329095,75.217437
3161,1,1,2025-09-12,Greece,Turkey,66.958263,101.14781
3162,1,1,2025-09-12,Greece,Turkey,77.169222,76.917582
3163,1,1,2025-09-12,Greece,Turkey,92.687516,86.106282
3164,1,1,2025-09-12,Greece,Turkey,93.613809,95.326731
3165,1,1,2025-09-12,Greece,Turkey,77.128264,103.4111
3166,1,1,2025-09-12,Greece,Turkey,86.385561,80.390991
3167,1,1,2025-09-12,Greece,Turkey,96.419007,51.361669
3168,1,1,2025-09-12,Greece,Turkey,65.051373,74.33831
3169,1,1,2025-09-12,Greece,Turkey,102.30742,108.31819
3170,1,1,2025-09-12,Greece,Turkey,72.758334,97.074906
3171,1,1,2025-09-12,Greece,Turkey,84.32018,87.108615
3172,1,1,2025-09-12,Greece,Turkey,58.872659,106.93426
3173,1,1,2025-09-12,Greece,Turkey,78.311184,89.434581
3174,1,1,2025-09-12,Greece,Turkey,93.594136,85.25108
3175,1,1,2025-09-12,Greece,Turkey,96.612617,89.02669
3176,1,1,2025-09-12,Greece,Turkey,89.904676,80.056487
3177,1,1,2025-09-12,Greece,Turkey,76.442418,88.402347
3178,1,1,2025-09-12,Greece,Turkey,72.292761,80.233274
3179,1,1,2025-09-12,Greece,Turkey,74.046567,83.884703
3180,1,1,2025-09-12,Greece,Turkey,67.779631,65.440718
3181,1,1,2025-09-12,Greece,Turkey,102.74953,92.532429
3182,1,1,2025-09-12,Greece,Turkey,70.835178,77.738597
3183,1,1,2025-09-12,Greece,Turkey,94.283121,75.280199
3184,1,1,2025-09-12,Greece,Turkey,83.959085,82.81864
3185,1,1,2025-09-12,Greece,Turkey,74.95405,86.127087
3186,1,1,2025-09-12,Greece,Turkey,77.528204,92.687358
3187,1,1,2025-09-12,Greece,Turkey,85.330862,87.834519
3188,1,1,2025-09-12,Greece,Turkey,60.718685,81.033068
3189,1,1,2025-09-12,Greece,Turkey,76.82566,96.444755
3190,1,1,2025-09-12,Greece,Turkey,73.307293,79.842972
3191,1,1,2025-09-12,Greece,Turkey,85.169589,101.56436
3192,1,1,2025-09-12,Greece,Turkey,78.02771,71.423795
3193,1,1,2025-09-12,Greece,Turkey,78.905353,104.50098
3194,1,1,2025-09-12,Greece,Turkey,99.509081,78.043741
3195,1,1,2025-09-12,Greece,Turkey,69.177938,72.467545
3196,1,1,2025-09-12,Greece,Turkey,81.261438,83.603167
3197,1,1,2025-09-12,Greece,Turkey,83.29044,82.884123
3198,1,1,2025-09-12,Greece,Turkey,77.653345,87.092822
3199,1,1,2025-09-12,Greece,Turkey,69.283371,78.079922
3200,1,1,2025-09-12,Greece,Turkey,85.778557,79.941748
3201,1,1,2025-09-12,Greece,Turkey,71.181927,88.141475
3202,1,1,2025-09-12,Greece,Turkey,84.24312,88.542766
3203,1,1,2025-09-12,Greece,Turkey,70.182317,82.375991
3204,1,1,2025-09-12,Greece,Turkey,88.128959,91.716665
3205,1,1,2025-09-12,Greece,Turkey,86.814437,80.360065
3206,1,1,2025-09-12,Greece,Turkey,74.014214,74.8897
3207,1,1,2025-09-12,Greece,Turkey,78.509488,85.590234
3208,1,1,2025-09-12,Greece,Turkey,82.36608,84.546574
3209,1,1,2025-09-12,Greece,Turkey,90.240878,103.77614
3210,1,1,2025-09-12,Greece,Turkey,71.672414,103.00956
3211,1,1,2025-09-12,Greece,Turkey,60.118181,78.880266
3212,1,1,2025-09-12,Greece,Turkey,95.696202,109.56376
3213,1,1,2025-09-12,Greece,Turkey,79.440552,77.252993
3214,1,1,2025-09-12,Greece,Turkey,77.177926,78.022378
3215,1,1,2025-09-12,Greece,Turkey,89.076595,89.161217
3216,1,1,2025-09-12,Greece,Turkey,62.770583,81.557585
3217,1,1,2025-09-12,Greece,Turkey,74.80445,87.000378
3218,1,1,2025-09-12,Greece,Turkey,78.342823,90.228569
3219,1,1,2025-09-12,Greece,Turkey,65.878178,83.07669
3220,1,1,2025-09-12,Greece,Turkey,99.639901,92.70672
3221,1,1,2025-09-12,Greece,Turkey,82.201516,70.759172
3222,1,1,2025-09-12,Greece,Turkey,85.689242,88.141595
3223,1,1,2025-09-12,Greece,Turkey,69.084823,74.878102
3224,1,1,2025-09-12,Greece,Turkey,84.934659,92.709092
3225,1,1,2025-09-12,Greece,Turkey,70.719425,88.570633
3226,1,1,2025-09-12,Greece,Turkey,88.233449,79.254318
3227,1,1,2025-09-12,Greece,Turkey,83.066346,90.51109
3228,1,1,2025-09-12,Greece,Turkey,70.04384,96.719355
3229,1,1,2025-09-12,Greece,Turkey,71.277562,93.088604
3230,1,1,2025-09-12,Greece,Turkey,77.772956,95.911741
3231,1,1,2025-09-12,Greece,Turkey,85.991593,80.549879
3232,1,1,2025-09-12,Greece,Turkey,67.590466,92.319818
3233,1,1,2025-09-12,Greece,Turkey,77.917393,69.661146
3234,1,1,2025-09-12,Greece,Turkey,73.692473,88.459137
3235,1,1,2025-09-12,Greece,Turkey,81.482934,86.820589
3236,1,1,2025-09-12,Greece,Turkey,72.983596,98.308168
3237,1,1,2025-09-12,Greece,Turkey,83.523351,89.093906
3238,1,1,2025-09-12,Greece,Turkey,40.080669,74.159507
3239,1,1,2025-09-12,Greece,Turkey,81.102056,64.657219
3240,1,1,2025-09-12,Greece,Turkey,70.839315,66.018385
3241,1,1,2025-09-12,Greece,Turkey,91.827163,85.249935
3242,1,1,2025-09-12,Greece,Turkey,89.532878,100.02592
3243,1,1,2025-09-12,Greece,Turkey,70.322563,112.86834
3244,1,1,2025-09-12,Greece,Turkey,86.556008,78.674893
3245,1,1,2025-09-12,Greece,Turkey,89.427618,97.601038
3246,1,1,2025-09-12,Greece,Turkey,92.425894,105.275
3247,1,1,2025-09-12,Greece,Turkey,102.5917,100.31254
3248,1,1,2025-09-12,Greece,Turkey,80.561808,88.337829
3249,1,1,2025-09-12,Greece,Turkey,98.517058,84.958488
3250,1,1,2025-09-12,Greece,Turkey,62.57192,69.435023
3251,1,1,2025-09-12,Greece,Turkey,81.081818,68.296371
3252,1,1,2025-09-12,Greece,Turkey,91.208032,111.68497
3253,1,1,2025-09-12,Greece,Turkey,96.036547,77.630865
3254,1,1,2025-09-12,Greece,Turkey,71.300178,87.503737
3255,1,1,2025-09-12,Greece,Turkey,67.786046,78.333454
3256,1,1,2025-09-12,Greece,Turkey,105.5837,82.88841
3257,1,1,2025-09-12,Greece,Turkey,93.799155,95.794324
3258,1,1,2025-09-12,Greece,Turkey,101.00427,104.02293
3259,1,1,2025-09-12,Greece,Turkey,83.964441,71.732087
3260,1,1,2025-09-12,Greece,Turkey,82.30872,93.550745
3261,1,1,2025-09-12,Greece,Turkey,61.982162,96.193158
3262,1,1,2025-09-12,Greece,Turkey,59.065177,92.648808
3263,1,1,2025-09-12,Greece,Turkey,86.103489,87.854357
3264,1,1,2025-09-12,Greece,Turkey,81.832323,74.502408
3265,1,1,2025-09-12,Greece,Turkey,83.402974,90.345545
3266,1,1,2025-09-12,Greece,Turkey,84.681183,76.187309
3267,1,1,2025-09-12,Greece,Turkey,81.924599,87.969659
3268,1,1,2025-09-12,Greece,Turkey,71.725527,97.080355
3269,1,1,2025-09-12,Greece,Turkey,67.678045,73.186985
3270,1,1,2025-09-12,Greece,Turkey,76.857109,80.92828
3271,1,1,2025-09-12,Greece,Turkey,77.397455,83.886346
3272,1,1,2025-09-12,Greece,Turkey,82.078307,90.777053
3273,1,1,2025-09-12,Greece,Turkey,72.327245,82.355014
3274,1,1,2025-09-12,Greece,Turkey,88.534974,95.158124
3275,1,1,2025-09-12,Greece,Turkey,87.895331,89.556447
3276,1,1,2025-09-12,Greece,Turkey,93.195957,89.170794
3277,1,1,2025-09-12,Greece,Turkey,78.426295,86.134301
3278,1,1,2025-09-12,Greece,Turkey,90.027629,91.110428
3279,1,1,2025-09-12,Greece,Turkey,79.141427,105.33227
3280,1,1,2025-09-12,Greece,Turkey,73.952887,70.898586
3281,1,1,2025-09-12,Greece,Turkey,83.201959,69.667294
3282,1,1,2025-09-12,Greece,Turkey,47.940486,79.645834
3283,1,1,2025-09-12,Greece,Turkey,78.591397,79.546322
3284,1,1,2025-09-12,Greece,Turkey,105.13056,106.77405
3285,1,1,2025-09-12,Greece,Turkey,86.606748,88.951381
3286,1,1,2025-09-12,Greece,Turkey,79.918892,104.49577
3287,1,1,2025-09-12,Greece,Turkey,94.167146,78.885715
3288,1,1,2025-09-12,Greece,Turkey,82.103969,91.557093
3289,1,1,2025-09-12,Greece,Turkey,70.672165,76.814899
3290,1,1,2025-09-12,Greece,Turkey,106.0782,86.832714
3291,1,1,2025-09-12,Greece,Turkey,62.730408,95.680341
3292,1,1,2025-09-12,Greece,Turkey,83.282305,80.441837
3293,1,1,2025-09-12,Greece,Turkey,91.601847,89.45824
3294,1,1,2025-09-12,Greece,Turkey,92.718732,69.596174
3295,1,1,2025-09-12,Greece,Turkey,85.192924,73.703726
3296,1,1,2025-09-12,Greece,Turkey,65.107928,69.359501
3297,1,1,2025-09-12,Greece,Turkey,67.877611,80.260133
3298,1,1,2025-09-12,Greece,Turkey,94.864508,72.27527
3299,1,1,2025-09-12,Greece,Turkey,97.118123,89.365566
3300,1,1,2025-09-12,Greece,Turkey,88.770315,87.484754
3301,1,1,2025-09-12,Greece,Turkey,91.761749,98.319478
3302,1,1,2025-09-12,Greece,Turkey,82.066175,94.662134
3303,1,1,2025-09-12,Greece,Turkey,81.197088,76.758543
3304,1,1,2025-09-12,Greece,Turkey,75.084559,81.858356
3305,1,1,2025-09-12,Greece,Turkey,94.053372,82.686884
3306,1,1,2025-09-12,Greece,Turkey,80.978084,84.233232
3307,1,1,2025-09-12,Greece,Turkey,70.747694,77.095306
3308,1,1,2025-09-12,Greece,Turkey,86.912854,84.196977
3309,1,1,2025-09-12,Greece,Turkey,87.396592,92.801978
3310,1,1,2025-09-12,Greece,Turkey,77.645709,78.69027
3311,1,1,2025-09-12,Greece,Turkey,82.365843,80.524806
3312,1,1,2025-09-12,Greece,Turkey,86.169967,83.607724
3313,1,1,2025-09-12,Greece,Turkey,68.436447,82.028941
3314,1,1,2025-09-12,Greece,Turkey,90.469484,88.894156
3315,1,1,2025-09-12,Greece,Turkey,99.009198,108.20967
3316,1,1,2025-09-12,Greece,Turkey,88.953571,102.08217
3317,1,1,2025-09-12,Greece,Turkey,66.629389,93.435912
3318,1,1,2025-09-12,Greece,Turkey,82.98061,87.456027
3319,1,1,2025-09-12,Greece,Turkey,92.188265,80.445096
3320,1,1,2025-09-12,Greece,Turkey,90.603584,81.898576
3321,1,1,2025-09-12,Greece,Turkey,82.431037,91.026213
3322,1,1,2025-09-12,Greece,Turkey,94.32302,89.935267
3323,1,1,2025-09-12,Greece,Turkey,70.917594,81.961342
3324,1,1,2025-09-12,Greece,Turkey,68.074103,80.765289
3325,1,1,2025-09-12,Greece,Turkey,63.084635,81.306048
3326,1,1,2025-09-12,Greece,Turkey,75.20984,78.796809
3327,1,1,2025-09-12,Greece,Turkey,94.247556,86.162211
3328,1,1,2025-09-12,Greece,Turkey,58.763069,71.79254
3329,1,1,2025-09-12,Greece,Turkey,65.681009,86.616387
3330,1,1,2025-09-12,Greece,Turkey,69.218941,100.69843
3331,1,1,2025-09-12,Greece,Turkey,69.542085,91.012627
3332,1,1,2025-09-12,Greece,Turkey,91.502942,109.59929
3333,1,1,2025-09-12,Greece,Turkey,67.926044,87.319807
3334,1,1,2025-09-12,Greece,Turkey,82.113033,78.560886
3335,1,1,2025-09-12,Greece,Turkey,73.880444,89.423654
3336,1,1,2025-09-12,Greece,Turkey,72.310334,59.083286
3337,1,1,2025-09-12,Greece,Turkey,83.654089,94.700528
3338,1,1,2025-09-12,Greece,Turkey,62.559048,64.661264
3339,1,1,2025-09-12,Greece,Turkey,58.159665,82.052413
3340,1,1,2025-09-12,Greece,Turkey,85.985964,90.96717
3341,1,1,2025-09-12,Greece,Turkey,79.6981,59.164201
3342,1,1,2025-09-12,Greece,Turkey,97.088017,88.517072
3343,1,1,2025-09-12,Greece,Turkey,74.276395,76.568326
3344,1,1,2025-09-12,Greece,Turkey,80.723131,73.146042
3345,1,1,2025-09-12,Greece,Turkey,87.094866,83.770522
3346,1,1,2025-09-12,Greece,Turkey,96.819202,89.645666
3347,1,1,2025-09-12,Greece,Turkey,89.054929,78.697009
3348,1,1,2025-09-12,Greece,Turkey,79.438109,76.413845
3349,1,1,2025-09-12,Greece,Turkey,82.395875,86.638488
3350,1,1,2025-09-12,Greece,Turkey,82.245144,82.318957
3351,1,1,2025-09-12,Greece,Turkey,60.106688,95.255167
3352,1,1,2025-09-12,Greece,Turkey,89.134977,86.56648
3353,1,1,2025-09-12,Greece,Turkey,85.647904,80.430113
3354,1,1,2025-09-12,Greece,Turkey,77.828049,76.034325
3355,1,1,2025-09-12,Greece,Turkey,95.871157,92.855708
3356,1,1,2025-09-12,Greece,Turkey,48.867941,98.656342
3357,1,1,2025-09-12,Greece,Turkey,85.931479,89.950319
3358,1,1,2025-09-12,Greece,Turkey,59.414962,87.27346
3359,1,1,2025-09-12,Greece,Turkey,81.397912,81.101384
3360,1,1,2025-09-12,Greece,Turkey,67.398614,88.557976
3361,1,1,2025-09-12,Greece,Turkey,68.800779,83.412903
3362,1,1,2025-09-12,Greece,Turkey,95.506717,77.338397
3363,1,1,2025-09-12,Greece,Turkey,87.328294,84.96109
3364,1,1,2025-09-12,Greece,Turkey,80.949586,82.39395
3365,1,1,2025-09-12,Greece,Turkey,83.048626,82.309864
3366,1,1,2025-09-12,Greece,Turkey,77.531739,94.694216
3367,1,1,2025-09-12,Greece,Turkey,76.958745,90.026256
3368,1,1,2025-09-12,Greece,Turkey,66.846211,75.048098
3369,1,1,2025-09-12,Greece,Turkey,74.338576,86.082111
3370,1,1,2025-09-12,Greece,Turkey,85.12684,90.49008
3371,1,1,2025-09-12,Greece,Turkey,59.298953,66.406533
3372,1,1,2025-09-12,Greece,Turkey,61.173105,78.860808
3373,1,1,2025-09-12,Greece,Turkey,70.03247,83.043656
3374,1,1,2025-09-12,Greece,Turkey,77.757859,71.84987
3375,1,1,2025-09-12,Greece,Turkey,79.721049,83.34001
3376,1,1,2025-09-12,Greece,Turkey,75.869318,70.509994
3377,1,1,2025-09-12,Greece,Turkey,74.973062,103.4748
3378,1,1,2025-09-12,Greece,Turkey,97.658212,99.665464
3379,1,1,2025-09-12,Greece,Turkey,96.873845,91.252792
3380,1,1,2025-09-12,Greece,Turkey,84.399221,85.794618
3381,1,1,2025-09-12,Greece,Turkey,100.79874,93.674132
3382,1,1,2025-09-12,Greece,Turkey,88.652242,98.311846
3383,1,1,2025-09-12,Greece,Turkey,76.498339,86.821322
3384,1,1,2025-09-12,Greece,Turkey,76.52671,99.972005
3385,1,1,2025-09-12,Greece,Turkey,72.825415,89.460737
3386,1,1,2025-09-12,Greece,Turkey,101.41499,88.656835
3387,1,1,2025-09-12,Greece,Turkey,102.26687,94.517133
3388,1,1,2025-09-12,Greece,Turkey,81.333833,81.686583
3389,1,1,2025-09-12,Greece,Turkey,82.62684,74.744847
3390,1,1,2025-09-12,Greece,Turkey,90.240611,96.855417
3391,1,1,2025-09-12,Greece,Turkey,81.643347,78.876188
3392,1,1,2025-09-12,Greece,Turkey,98.414092,102.22207
3393,1,1,2025-09-12,Greece,Turkey,83.85783,78.881904
3394,1,1,2025-09-12,Greece,Turkey,64.85299,79.296789
3395,1,1,2025-09-12,Greece,Turkey,93.154615,92.899169
3396,1,1,2025-09-12,Greece,Turkey,65.873988,74.354708
3397,1,1,2025-09-12,Greece,Turkey,78.655321,89.460907
3398,1,1,2025-09-12,Greece,Turkey,77.408741,106.99317
3399,1,1,2025-09-12,Greece,Turkey,80.901479,79.049388
3400,1,1,2025-09-12,Greece,Turkey,79.372668,96.523151
3401,1,1,2025-09-12,Greece,Turkey,70.998446,86.609937
3402,1,1,2025-09-12,Greece,Turkey,79.549465,88.945013
3403,1,1,2025-09-12,Greece,Turkey,74.701513,85.966671
3404,1,1,2025-09-12,Greece,Turkey,60.496568,80.90041
3405,1,1,2025-09-12,Greece,Turkey,63.479419,81.63547
3406,1,1,2025-09-12,Greece,Turkey,72.07917,81.962298
3407,1,1,2025-09-12,Greece,Turkey,80.831233,67.146776
3408,1,1,2025-09-12,Greece,Turkey,70.132232,74.629764
3409,1,1,2025-09-12,Greece,Turkey,76.234019,85.011188
3410,1,1,2025-09-12,Greece,Turkey,78.162379,82.503211
3411,1,1,2025-09-12,Greece,Turkey,93.441245,102.24994
3412,1,1,2025-09-12,Greece,Turkey,63.376736,66.080369
3413,1,1,2025-09-12,Greece,Turkey,75.428699,67.629945
3414,1,1,2025-09-12,Greece,Turkey,96.231297,94.011332
3415,1,1,2025-09-12,Greece,Turkey,81.817026,93.509565
3416,1,1,2025-09-12,Greece,Turkey,85.492253,83.089624
3417,1,1,2025-09-12,Greece,Turkey,77.855966,68.556054
3418,1,1,2025-09-12,Greece,Turkey,80.676248,91.325598
3419,1,1,2025-09-12,Greece,Turkey,91.240436,94.277605
3420,1,1,2025-09-12,Greece,Turkey,63.202141,69.225256
3421,1,1,2025-09-12,Greece,Turkey,73.542877,74.462839
3422,1,1,2025-09-12,Greece,Turkey,82.080924,72.06539
3423,1,1,2025-09-12,Greece,Turkey,92.611044,83.513408
3424,1,1,2025-09-12,Greece,Turkey,61.378168,86.829162
3425,1,1,2025-09-12,Greece,Turkey,76.839126,87.139783
3426,1,1,2025-09-12,Greece,Turkey,71.853728,93.170037
3427,1,1,2025-09-12,Greece,Turkey,61.119042,81.904738
3428,1,1,2025-09-12,Greece,Turkey,74.827598,77.804117
3429,1,1,2025-09-12,Greece,Turkey,83.46409,78.449964
3430,1,1,2025-09-12,Greece,Turkey,81.210798,77.958192
3431,1,1,2025-09-12,Greece,Turkey,73.916083,85.146306
3432,1,1,2025-09-12,Greece,Turkey,62.09305,83.230361
3433,1,1,2025-09-12,Greece,Turkey,81.936934,99.070029
3434,1,1,2025-09-12,Greece,Turkey,82.010667,95.351791
3435,1,1,2025-09-12,Greece,Turkey,69.36673,75.341021
3436,1,1,2025-09-12,Greece,Turkey,99.696878,98.03782
3437,1,1,2025-09-12,Greece,Turkey,91.534044,76.160535
3438,1,1,2025-09-12,Greece,Turkey,75.840562,88.809917
3439,1,1,2025-09-12,Greece,Turkey,70.430934,97.258237
3440,1,1,2025-09-12,Greece,Turkey,89.02428,94.600657
3441,1,1,2025-09-12,Greece,Turkey,80.910122,98.154555
3442,1,1,2025-09-12,Greece,Turkey,90.567823,81.616147
3443,1,1,2025-09-12,Greece,Turkey,93.281209,101.11992
3444,1,1,2025-09-12,Greece,Turkey,67.122642,91.523062
3445,1,1,2025-09-12,Greece,Turkey,95.544505,111.16504
3446,1,1,2025-09-12,Greece,Turkey,76.444604,89.108134
3447,1,1,2025-09-12,Greece,Turkey,64.551709,79.111538
3448,1,1,2025-09-12,Greece,Turkey,75.478867,72.40871
3449,1,1,2025-09-12,Greece,Turkey,57.788035,82.671958
3450,1,1,2025-09-12,Greece,Turkey,75.932289,94.30226
3451,1,1,2025-09-12,Greece,Turkey,87.534215,96.164955
3452,1,1,2025-09-12,Greece,Turkey,78.699981,73.289646
3453,1,1,2025-09-12,Greece,Turkey,120.36799,79.536779
3454,1,1,2025-09-12,Greece,Turkey,90.412988,92.546106
3455,1,1,2025-09-12,Greece,Turkey,60.01693,100.38469
3456,1,1,2025-09-12,Greece,Turkey,79.907177,84.386783
3457,1,1,2025-09-12,Greece,Turkey,84.669539,82.30973
3458,1,1,2025-09-12,Greece,Turkey,82.385374,81.994812
3459,1,1,2025-09-12,Greece,Turkey,101.61512,114.37535
3460,1,1,2025-09-12,Greece,Turkey,54.179344,93.729195
3461,1,1,2025-09-12,Greece,Turkey,66.179915,102.32101
3462,1,1,2025-09-12,Greece,Turkey,85.048203,68.307907
3463,1,1,2025-09-12,Greece,Turkey,76.585112,78.809144
3464,1,1,2025-09-12,Greece,Turkey,67.68962,93.593347
3465,1,1,2025-09-12,Greece,Turkey,80.667378,79.785694
3466,1,1,2025-09-12,Greece,Turkey,61.7591,80.966986
3467,1,1,2025-09-12,Greece,Turkey,69.67655,97.093632
3468,1,1,2025-09-12,Greece,Turkey,81.694952,73.502045
3469,1,1,2025-09-12,Greece,Turkey,94.748798,95.116772
3470,1,1,2025-09-12,Greece,Turkey,90.109023,97.309932
3471,1,1,2025-09-12,Greece,Turkey,77.216255,92.421821
3472,1,1,2025-09-12,Greece,Turkey,84.908636,96.202953
3473,1,1,2025-09-12,Greece,Turkey,89.5648,98.687731
3474,1,1,2025-09-12,Greece,Turkey,89.546681,84.265241
3475,1,1,2025-09-12,Greece,Turkey,83.871073,90.200035
3476,1,1,2025-09-12,Greece,Turkey,66.301671,70.662711
3477,1,1,2025-09-12,Greece,Turkey,71.523849,73.729073
3478,1,1,2025-09-12,Greece,Turkey,98.632264,107.34968
3479,1,1,2025-09-12,Greece,Turkey,74.751053,86.991187
3480,1,1,2025-09-12,Greece,Turkey,88.417208,83.707384
3481,1,1,2025-09-12,Greece,Turkey,96.599609,88.489822
3482,1,1,2025-09-12,Greece,Turkey,86.405725,83.94491
3483,1,1,2025-09-12,Greece,Turkey,65.364213,87.443264
3484,1,1,2025-09-12,Greece,Turkey,92.142609,77.613732
3485,1,1,2025-09-12,Greece,Turkey,101.46244,79.900366
3486,1,1,2025-09-12,Greece,Turkey,56.906776,72.713957
3487,1,1,2025-09-12,Greece,Turkey,60.341706,89.624019
3488,1,1,2025-09-12,Greece,Turkey,74.508059,74.317638
3489,1,1,2025-09-12,Greece,Turkey,83.177621,76.830548
3490,1,1,2025-09-12,Greece,Turkey,77.911848,80.313146
3491,1,1,2025-09-12,Greece,Turkey,59.72626,74.701244
3492,1,1,2025-09-12,Greece,Turkey,81.576969,96.705684
3493,1,1,2025-09-12,Greece,Turkey,93.95811,94.574349
3494,1,1,2025-09-12,Greece,Turkey,77.441381,93.676795
3495,1,1,2025-09-12,Greece,Turkey,61.598876,76.296785
3496,1,1,2025-09-12,Greece,Turkey,99.312746,91.012682
3497,1,1,2025-09-12,Greece,Turkey,80.945217,67.153006
3498,1,1,2025-09-12,Greece,Turkey,93.615514,82.92801
3499,1,1,2025-09-12,Greece,Turkey,82.818243,76.244549
3500,1,1,2025-09-12,Greece,Turkey,77.993634,89.823506
3501,1,1,2025-09-12,Greece,Turkey,82.330115,95.097379
3502,1,1,2025-09-12,Greece,Turkey,84.917316,89.216751
3503,1,1,2025-09-12,Greece,Turkey,84.03626,80.930342
3504,1,1,2025-09-12,Greece,Turkey,93.968621,97.031813
3505,1,1,2025-09-12,Greece,Turkey,90.999245,76.09351
3506,1,1,2025-09-12,Greece,Turkey,68.687145,87.556471
3507,1,1,2025-09-12,Greece,Turkey,96.461219,76.666103
3508,1,1,2025-09-12,Greece,Turkey,70.623521,68.538984
3509,1,1,2025-09-12,Greece,Turkey,94.983372,75.694808
3510,1,1,2025-09-12,Greece,Turkey,85.544585,84.091195
3511,1,1,2025-09-12,Greece,Turkey,73.063599,83.474051
3512,1,1,2025-09-12,Greece,Turkey,82.491662,80.203343
3513,1,1,2025-09-12,Greece,Turkey,77.212065,79.055543
3514,1,1,2025-09-12,Greece,Turkey,72.931738,59.745304
3515,1,1,2025-09-12,Greece,Turkey,92.932031,101.81001
3516,1,1,2025-09-12,Greece,Turkey,82.223627,81.861022
3517,1,1,2025-09-12,Greece,Turkey,84.180117,95.712633
3518,1,1,2025-09-12,Greece,Turkey,88.99062,89.632648
3519,1,1,2025-09-12,Greece,Turkey,61.684425,63.301691
3520,1,1,2025-09-12,Greece,Turkey,89.615972,92.536866
3521,1,1,2025-09-12,Greece,Turkey,65.311309,78.604512
3522,1,1,2025-09-12,Greece,Turkey,77.516101,69.080166
3523,1,1,2025-09-12,Greece,Turkey,73.690539,71.081093
3524,1,1,2025-09-12,Greece,Turkey,77.86416,73.568842
3525,1,1,2025-09-12,Greece,Turkey,74.381319,89.17694
3526,1,1,2025-09-12,Greece,Turkey,77.583143,88.38728
3527,1,1,2025-09-12,Greece,Turkey,54.718434,76.107406
3528,1,1,2025-09-12,Greece,Turkey,81.039872,83.292608
3529,1,1,2025-09-12,Greece,Turkey,63.683953,80.03295
3530,1,1,2025-09-12,Greece,Turkey,80.896237,89.810117
3531,1,1,2025-09-12,Greece,Turkey,65.302537,63.178628
3532,1,1,2025-09-12,Greece,Turkey,81.707487,103.37794
3533,1,1,2025-09-12,Greece,Turkey,74.99521,83.447753
3534,1,1,2025-09-12,Greece,Turkey,50.866225,91.150649
3535,1,1,2025-09-12,Greece,Turkey,75.641179,96.862784
3536,1,1,2025-09-12,Greece,Turkey,87.899116,91.341526
3537,1,1,2025-09-12,Greece,Turkey,54.504204,83.493305
3538,1,1,2025-09-12,Greece,Turkey,85.09284,77.022135
3539,1,1,2025-09-12,Greece,Turkey,92.949916,81.606718
3540,1,1,2025-09-12,Greece,Turkey,85.788605,95.603176
3541,1,1,2025-09-12,Greece,Turkey,91.444059,70.715815
3542,1,1,2025-09-12,Greece,Turkey,77.3912,87.513787
3543,1,1,2025-09-12,Greece,Turkey,75.039723,74.626394
3544,1,1,2025-09-12,Greece,Turkey,86.519242,83.472728
3545,1,1,2025-09-12,Greece,Turkey,85.317006,83.80607
3546,1,1,2025-09-12,Greece,Turkey,57.2766,83.224778
3547,1,1,2025-09-12,Greece,Turkey,92.547407,94.05772
3548,1,1,2025-09-12,Greece,Turkey,71.742785,87.315222
3549,1,1,2025-09-12,Greece,Turkey,66.328859,85.63386
3550,1,1,2025-09-12,Greece,Turkey,82.883977,81.338108
3551,1,1,2025-09-12,Greece,Turkey,96.589856,103.5361
3552,1,1,2025-09-12,Greece,Turkey,94.882137,106.9922
3553,1,1,2025-09-12,Greece,Turkey,103.3156,80.394904
3554,1,1,2025-09-12,Greece,Turkey,85.439284,85.856105
3555,1,1,2025-09-12,Greece,Turkey,109.12937,106.24699
3556,1,1,2025-09-12,Greece,Turkey,84.775453,85.081092
3557,1,1,2025-09-12,Greece,Turkey,82.867961,78.884827
3558,1,1,2025-09-12,Greece,Turkey,78.33831,90.538024
3559,1,1,2025-09-12,Greece,Turkey,78.515133,96.395335
3560,1,1,2025-09-12,Greece,Turkey,81.11895,93.165017
3561,1,1,2025-09-12,Greece,Turkey,82.939745,104.34712
3562,1,1,2025-09-12,Greece,Turkey,70.476978,87.878921
3563,1,1,2025-09-12,Greece,Turkey,83.666631,86.703316
3564,1,1,2025-09-12,Greece,Turkey,63.589874,88.517339
3565,1,1,2025-09-12,Greece,Turkey,96.457176,73.782642
3566,1,1,2025-09-12,Greece,Turkey,64.213261,77.473944
3567,1,1,2025-09-12,Greece,Turkey,78.66717,97.481514
3568,1,1,2025-09-12,Greece,Turkey,95.517487,85.490245
3569,1,1,2025-09-12,Greece,Turkey,69.395422,91.493322
3570,1,1,2025-09-12,Greece,Turkey,88.103703,86.525666
3571,1,1,2025-09-12,Greece,Turkey,75.520191,68.579253
3572,1,1,2025-09-12,Greece,Turkey,79.145976,79.410321
3573,1,1,2025-09-12,Greece,Turkey,70.899774,76.429023
3574,1,1,2025-09-12,Greece,Turkey,77.14227,83.566471
3575,1,1,2025-09-12,Greece,Turkey,89.825997,107.42913
3576,1,1,2025-09-12,Greece,Turkey,73.476311,88.830772
3577,1,1,2025-09-12,Greece,Turkey,95.925347,75.649315
3578,1,1,2025-09-12,Greece,Turkey,84.545155,90.019311
3579,1,1,2025-09-12,Greece,Turkey,81.541007,78.258574
3580,1,1,2025-09-12,Greece,Turkey,79.157696,95.544786
3581,1,1,2025-09-12,Greece,Turkey,85.430803,95.173231
3582,1,1,2025-09-12,Greece,Turkey,78.569882,83.430308
3583,1,1,2025-09-12,Greece,Turkey,79.429212,71.989727
3584,1,1,2025-09-12,Greece,Turkey,90.490166,87.52655
3585,1,1,2025-09-12,Greece,Turkey,68.964412,76.391376
3586,1,1,2025-09-12,Greece,Turkey,93.778685,89.854331
3587,1,1,2025-09-12,Greece,Turkey,69.019395,100.34817
3588,1,1,2025-09-12,Greece,Turkey,85.404367,79.025944
3589,1,1,2025-09-12,Greece,Turkey,65.890562,78.656818
3590,1,1,2025-09-12,Greece,Turkey,84.858671,102.32301
3591,1,1,2025-09-12,Greece,Turkey,59.520346,73.010799
3592,1,1,2025-09-12,Greece,Turkey,102.604,97.768565
3593,1,1,2025-09-12,Greece,Turkey,80.003788,102.95406
3594,1,1,2025-09-12,Greece,Turkey,89.622439,80.057778
3595,1,1,2025-09-12,Greece,Turkey,66.914008,98.086338
3596,1,1,2025-09-12,Greece,Turkey,65.829889,80.63943
3597,1,1,2025-09-12,Greece,Turkey,76.008037,85.628698
3598,1,1,2025-09-12,Greece,Turkey,85.03424,90.271233
3599,1,1,2025-09-12,Greece,Turkey,83.081711,73.507384
3600,1,1,2025-09-12,Greece,Turkey,86.119806,81.036614
3601,1,1,2025-09-12,Greece,Turkey,86.089422,82.363915
3602,1,1,2025-09-12,Greece,Turkey,75.654307,95.166689
3603,1,1,2025-09-12,Greece,Turkey,79.576584,74.041965
3604,1,1,2025-09-12,Greece,Turkey,86.367183,67.940081
3605,1,1,2025-09-12,Greece,Turkey,70.813517,78.480733
3606,1,1,2025-09-12,Greece,Turkey,75.328586,83.235764
3607,1,1,2025-09-12,Greece,Turkey,81.149478,94.83398
3608,1,1,2025-09-12,Greece,Turkey,58.887863,99.930661
3609,1,1,2025-09-12,Greece,Turkey,79.582708,76.700675
3610,1,1,2025-09-12,Greece,Turkey,74.510374,98.600756
3611,1,1,2025-09-12,Greece,Turkey,71.289545,72.586157
3612,1,1,2025-09-12,Greece,Turkey,59.583035,66.685724
3613,1,1,2025-09-12,Greece,Turkey,69.352261,89.979637
3614,1,1,2025-09-12,Greece,Turkey,77.355485,111.2446
3615,1,1,2025-09-12,Greece,Turkey,66.030677,67.685316
3616,1,1,2025-09-12,Greece,Turkey,76.637654,78.40986
3617,1,1,2025-09-12,Greece,Turkey,72.3681,89.084704
3618,1,1,2025-09-12,Greece,Turkey,91.001165,86.056338
3619,1,1,2025-09-12,Greece,Turkey,80.919992,88.140251
3620,1,1,2025-09-12,Greece,Turkey,92.523079,94.624554
3621,1,1,2025-09-12,Greece,Turkey,84.363299,84.501849000000007
3622,1,1,2025-09-12,Greece,Turkey,79.021901,98.499926
3623,1,1,2025-09-12,Greece,Turkey,65.473538,66.720666
3624,1,1,2025-09-12,Greece,Turkey,75.492974,92.734089
3625,1,1,2025-09-12,Greece,Turkey,78.967207,108.18809
3626,1,1,2025-09-12,Greece,Turkey,88.566409,81.778899
3627,1,1,2025-09-12,Greece,Turkey,61.607744,70.850437
3628,1,1,2025-09-12,Greece,Turkey,90.857558,89.424751
3629,1,1,2025-09-12,Greece,Turkey,71.048924,88.015092
3630,1,1,2025-09-12,Greece,Turkey,76.178867,84.669212
3631,1,1,2025-09-12,Greece,Turkey,87.125265,87.98514
3632,1,1,2025-09-12,Greece,Turkey,96.823609,74.160962
3633,1,1,2025-09-12,Greece,Turkey,67.226948,85.262599
3634,1,1,2025-09-12,Greece,Turkey,83.231493,87.409513
3635,1,1,2025-09-12,Greece,Turkey,58.667164,84.130788
3636,1,1,2025-09-12,Greece,Turkey,67.172266,79.875778
3637,1,1,2025-09-12,Greece,Turkey,68.743994,74.640527
3638,1,1,2025-09-12,Greece,Turkey,77.168017,89.432724
3639,1,1,2025-09-12,Greece,Turkey,95.898293,79.440328
3640,1,1,2025-09-12,Greece,Turkey,89.712361,62.262825
3641,1,1,2025-09-12,Greece,Turkey,68.278548,82.860147
3642,1,1,2025-09-12,Greece,Turkey,85.115495,76.045503
3643,1,1,2025-09-12,Greece,Turkey,82.290789,76.825089
3644,1,1,2025-09-12,Greece,Turkey,90.318441000000007,96.297166
3645,1,1,2025-09-12,Greece,Turkey,71.966414,81.984074
3646,1,1,2025-09-12,Greece,Turkey,86.533694,81.105087
3647,1,1,2025-09-12,Greece,Turkey,74.111508,81.771493
3648,1,1,2025-09-12,Greece,Turkey,76.60584,92.825423
3649,1,1,2025-09-12,Greece,Turkey,91.864593,94.429376
3650,1,1,2025-09-12,Greece,Turkey,70.868051,72.549051
3651,1,1,2025-09-12,Greece,Turkey,86.417594,65.356202
3652,1,1,2025-09-12,Greece,Turkey,87.498928,76.254702
3653,1,1,2025-09-12,Greece,Turkey,97.370111,64.092141
3654,1,1,2025-09-12,Greece,Turkey,84.146141,90.72546
3655,1,1,2025-09-12,Greece,Turkey,96.280763,85.081502
3656,1,1,2025-09-12,Greece,Turkey,78.22302,92.387161
3657,1,1,2025-09-12,Greece,Turkey,78.579504,87.748551
3658,1,1,2025-09-12,Greece,Turkey,81.381144,96.038349
3659,1,1,2025-09-12,Greece,Turkey,92.503692,80.048409
3660,1,1,2025-09-12,Greece,Turkey,89.933868,69.554742
3661,1,1,2025-09-12,Greece,Turkey,56.567805,99.965418
3662,1,1,2025-09-12,Greece,Turkey,58.597492,73.303207
3663,1,1,2025-09-12,Greece,Turkey,91.107282,76.056028
3664,1,1,2025-09-12,Greece,Turkey,76.594439,81.263371
3665,1,1,2025-09-12,Greece,Turkey,73.315495,93.098992
3666,1,1,2025-09-12,Greece,Turkey,86.26765,76.915296
3667,1,1,2025-09-12,Greece,Turkey,87.686234,74.833066
3668,1,1,2025-09-12,Greece,Turkey,69.426895,83.115257
3669,1,1,2025-09-12,Greece,Turkey,87.095179,70.079728
3670,1,1,2025-09-12,Greece,Turkey,80.86677,97.057486
3671,1,1,2025-09-12,Greece,Turkey,89.789169,93.344824
3672,1,1,2025-09-12,Greece,Turkey,91.688388,98.607993
3673,1,1,2025-09-12,Greece,Turkey,82.366729,80.936397
3674,1,1,2025-09-12,Greece,Turkey,81.426483,69.961052
3675,1,1,2025-09-12,Greece,Turkey,94.349455,89.361717
3676,1,1,2025-09-12,Greece,Turkey,75.407341,83.255167
3677,1,1,2025-09-12,Greece,Turkey,94.130203,90.820951
3678,1,1,2025-09-12,Greece,Turkey,97.90446,82.340742
3679,1,1,2025-09-12,Greece,Turkey,81.403727,97.334124
3680,1,1,2025-09-12,Greece,Turkey,87.800829,88.755217
3681,1,1,2025-09-12,Greece,Turkey,94.361863,117.61482
3682,1,1,2025-09-12,Greece,Turkey,96.734653,102.32468
3683,1,1,2025-09-12,Greece,Turkey,77.104906,101.74235
3684,1,1,2025-09-12,Greece,Turkey,69.826596,76.399205
3685,1,1,2025-09-12,Greece,Turkey,67.216721,79.772744
3686,1,1,2025-09-12,Greece,Turkey,67.482399,87.460771
3687,1,1,2025-09-12,Greece,Turkey,75.699656,92.111382
3688,1,1,2025-09-12,Greece,Turkey,89.640881,71.981948
3689,1,1,2025-09-12,Greece,Turkey,66.801279,83.840226
3690,1,1,2025-09-12,Greece,Turkey,77.135452,92.708692
3691,1,1,2025-09-12,Greece,Turkey,79.797642,75.864861
3692,1,1,2025-09-12,Greece,Turkey,83.663934,110.7495
3693,1,1,2025-09-12,Greece,Turkey,84.830221,102.60298
3694,1,1,2025-09-12,Greece,Turkey,82.870938,98.704146
3695,1,1,2025-09-12,Greece,Turkey,99.049101,98.583346
3696,1,1,2025-09-12,Greece,Turkey,78.451449,75.316934
3697,1,1,2025-09-12,Greece,Turkey,84.236434,82.917105
3698,1,1,2025-09-12,Greece,Turkey,87.049308,85.737014
3699,1,1,2025-09-12,Greece,Turkey,85.677207,78.945521
3700,1,1,2025-09-12,Greece,Turkey,73.454394,86.588227
3701,1,1,2025-09-12,Greece,Turkey,94.284425,82.595073
3702,1,1,2025-09-12,Greece,Turkey,79.452823,84.155449
3703,1,1,2025-09-12,Greece,Turkey,76.30212,56.513486
3704,1,1,2025-09-12,Greece,Turkey,99.576535,91.416264
3705,1,1,2025-09-12,Greece,Turkey,65.929616,94.326968
3706,1,1,2025-09-12,Greece,Turkey,79.861365,84.223493
3707,1,1,2025-09-12,Greece,Turkey,69.602036,109.56991
3708,1,1,2025-09-12,Greece,Turkey,88.605695,88.276914
3709,1,1,2025-09-12,Greece,Turkey,78.759958,66.10085
3710,1,1,2025-09-12,Greece,Turkey,67.118324,64.4207
3711,1,1,2025-09-12,Greece,Turkey,82.409047,81.612632
3712,1,1,2025-09-12,Greece,Turkey,75.943459,80.614015
3713,1,1,2025-09-12,Greece,Turkey,75.664067,71.392966
3714,1,1,2025-09-12,Greece,Turkey,88.166516,83.272912
3715,1,1,2025-09-12,Greece,Turkey,78.379356,85.188955000000007
3716,1,1,2025-09-12,Greece,Turkey,82.067867,89.90253
3717,1,1,2025-09-12,Greece,Turkey,74.658996,87.06722
3718,1,1,2025-09-12,Greece,Turkey,94.676998,86.033272
3719,1,1,2025-09-12,Greece,Turkey,82.501874,93.477148
3720,1,1,2025-09-12,Greece,Turkey,83.362726,86.609847
3721,1,1,2025-09-12,Greece,Turkey,68.641983,81.599978
3722,1,1,2025-09-12,Greece,Turkey,71.964031,83.61121
3723,1,1,2025-09-12,Greece,Turkey,72.480849,80.893751
3724,1,1,2025-09-12,Greece,Turkey,46.952791,98.280044
3725,1,1,2025-09-12,Greece,Turkey,80.229719,76.147745
3726,1,1,2025-09-12,Greece,Turkey,104.21764,113.58665
3727,1,1,2025-09-12,Greece,Turkey,83.697849,101.89263
3728,1,1,2025-09-12,Greece,Turkey,84.503595,95.105219
3729,1,1,2025-09-12,Greece,Turkey,79.978338,94.255632
3730,1,1,2025-09-12,Greece,Turkey,87.070749,83.513622
3731,1,1,2025-09-12,Greece,Turkey,86.025445,86.088937
3732,1,1,2025-09-12,Greece,Turkey,80.228465,72.811318
3733,1,1,2025-09-12,Greece,Turkey,70.427342,67.549908
3734,1,1,2025-09-12,Greece,Turkey,83.661146,100.24772
3735,1,1,2025-09-12,Greece,Turkey,64.579137,87.21987
3736,1,1,2025-09-12,Greece,Turkey,83.425472,99.385902
3737,1,1,2025-09-12,Greece,Turkey,75.388557,77.775835
3738,1,1,2025-09-12,Greece,Turkey,83.575664,79.148058
3739,1,1,2025-09-12,Greece,Turkey,86.956014,69.055317
3740,1,1,2025-09-12,Greece,Turkey,71.81671,89.84596
3741,1,1,2025-09-12,Greece,Turkey,50.085506,95.993974
3742,1,1,2025-09-12,Greece,Turkey,94.256488,112.16759
3743,1,1,2025-09-12,Greece,Turkey,87.102195,86.221648
3744,1,1,2025-09-12,Greece,Turkey,94.650421,92.622932
3745,1,1,2025-09-12,Greece,Turkey,91.466331,88.261
3746,1,1,2025-09-12,Greece,Turkey,86.829138,112.94037
3747,1,1,2025-09-12,Greece,Turkey,98.389776,104.7728
3748,1,1,2025-09-12,Greece,Turkey,75.41456,99.338203
3749,1,1,2025-09-12,Greece,Turkey,53.280254,86.367595
3750,1,1,2025-09-12,Greece,Turkey,69.88324,78.062932
3751,1,1,2025-09-12,Greece,Turkey,90.936342,85.480242
3752,1,1,2025-09-12,Greece,Turkey,87.499055,94.372061
3753,1,1,2025-09-12,Greece,Turkey,72.995033,74.303085
3754,1,1,2025-09-12,Greece,Turkey,88.472866,86.269735
3755,1,1,2025-09-12,Greece,Turkey,82.459397,102.09082
3756,1,1,2025-09-12,Greece,Turkey,83.57268,84.781921
3757,1,1,2025-09-12,Greece,Turkey,75.44326,76.834005
3758,1,1,2025-09-12,Greece,Turkey,91.474137,91.689079
3759,1,1,2025-09-12,Greece,Turkey,66.010269,90.482261
3760,1,1,2025-09-12,Greece,Turkey,68.109236,92.101879
3761,1,1,2025-09-12,Greece,Turkey,65.785097,108.37399
3762,1,1,2025-09-12,Greece,Turkey,88.021832,91.660377
3763,1,1,2025-09-12,Greece,Turkey,70.656174,78.473795
3764,1,1,2025-09-12,Greece,Turkey,76.373765,82.634674
3765,1,1,2025-09-12,Greece,Turkey,75.172636,89.202789
3766,1,1,2025-09-12,Greece,Turkey,93.21123,81.861692
3767,1,1,2025-09-12,Greece,Turkey,67.75687,82.300725
3768,1,1,2025-09-12,Greece,Turkey,79.145743,79.56953
3769,1,1,2025-09-12,Greece,Turkey,73.951223,87.797777
3770,1,1,2025-09-12,Greece,Turkey,88.42322,89.32213
3771,1,1,2025-09-12,Greece,Turkey,74.644583,94.230163
3772,1,1,2025-09-12,Greece,Turkey,72.491848,86.108104
3773,1,1,2025-09-12,Greece,Turkey,80.124902,80.036158
3774,1,1,2025-09-12,Greece,Turkey,79.329875,95.352601
3775,1,1,2025-09-12,Greece,Turkey,84.132675,84.041821
3776,1,1,2025-09-12,Greece,Turkey,74.00832,99.720418
3777,1,1,2025-09-12,Greece,Turkey,106.67992,92.012608
3778,1,1,2025-09-12,Greece,Turkey,92.677394,85.421209
3779,1,1,2025-09-12,Greece,Turkey,79.848175,82.743269
3780,1,1,2025-09-12,Greece,Turkey,59.529909,74.155711
3781,1,1,2025-09-12,Greece,Turkey,76.434776,81.925941
3782,1,1,2025-09-12,Greece,Turkey,64.289445,92.119669
3783,1,1,2025-09-12,Greece,Turkey,94.593092,73.287754
3784,1,1,2025-09-12,Greece,Turkey,61.539405,83.09547
3785,1,1,2025-09-12,Greece,Turkey,79.082618,88.392837
3786,1,1,2025-09-12,Greece,Turkey,63.79588,64.972897
3787,1,1,2025-09-12,Greece,Turkey,76.623411,94.873943
3788,1,1,2025-09-12,Greece,Turkey,68.469292,96.30573
3789,1,1,2025-09-12,Greece,Turkey,74.300823,98.055895
3790,1,1,2025-09-12,Greece,Turkey,83.250656,83.865426
3791,1,1,2025-09-12,Greece,Turkey,80.496536,69.116297
3792,1,1,2025-09-12,Greece,Turkey,66.51681,59.290906
3793,1,1,2025-09-12,Greece,Turkey,55.655186,83.052171
3794,1,1,2025-09-12,Greece,Turkey,94.077815,89.757872
3795,1,1,2025-09-12,Greece,Turkey,87.423327,93.284935
3796,1,1,2025-09-12,Greece,Turkey,77.291939,77.562404
3797,1,1,2025-09-12,Greece,Turkey,88.97814,66.90369
3798,1,1,2025-09-12,Greece,Turkey,104.66973,108.43445
3799,1,1,2025-09-12,Greece,Turkey,82.292533,64.488182
3800,1,1,2025-09-12,Greece,Turkey,81.534109,82.922107
3801,1,1,2025-09-12,Greece,Turkey,93.757536,111.99506
3802,1,1,2025-09-12,Greece,Turkey,98.739481,86.124135
3803,1,1,2025-09-12,Greece,Turkey,86.172222,93.21042
3804,1,1,2025-09-12,Greece,Turkey,78.297909,87.124658
3805,1,1,2025-09-12,Greece,Turkey,78.636649,83.170463
3806,1,1,2025-09-12,Greece,Turkey,60.538454,74.021991
3807,1,1,2025-09-12,Greece,Turkey,88.983745,81.742131
3808,1,1,2025-09-12,Greece,Turkey,78.450326,84.641804
3809,1,1,2025-09-12,Greece,Turkey,59.275845,95.677934
3810,1,1,2025-09-12,Greece,Turkey,81.539348,80.255749
3811,1,1,2025-09-12,Greece,Turkey,83.202357,78.71843
3812,1,1,2025-09-12,Greece,Turkey,57.789553,90.870113
3813,1,1,2025-09-12,Greece,Turkey,62.101102,65.084093
3814,1,1,2025-09-12,Greece,Turkey,78.323879,88.1673
3815,1,1,2025-09-12,Greece,Turkey,81.061913,90.900862
3816,1,1,2025-09-12,Greece,Turkey,99.923272,82.626136
3817,1,1,2025-09-12,Greece,Turkey,105.89073,90.37171
3818,1,1,2025-09-12,Greece,Turkey,86.790343,94.366032
3819,1,1,2025-09-12,Greece,Turkey,72.992451,87.423794
3820,1,1,2025-09-12,Greece,Turkey,63.0112,79.658688
3821,1,1,2025-09-12,Greece,Turkey,81.579919,64.860182
3822,1,1,2025-09-12,Greece,Turkey,80.879495,95.696716
3823,1,1,2025-09-12,Greece,Turkey,65.239798,91.653367
3824,1,1,2025-09-12,Greece,Turkey,64.370067,98.162378
3825,1,1,2025-09-12,Greece,Turkey,69.427214,77.381034
3826,1,1,2025-09-12,Greece,Turkey,68.304927,72.655768
3827,1,1,2025-09-12,Greece,Turkey,67.8861,78.539154
3828,1,1,2025-09-12,Greece,Turkey,79.119069,84.418178
3829,1,1,2025-09-12,Greece,Turkey,72.022675,83.667384
3830,1,1,2025-09-12,Greece,Turkey,79.395695,83.751934
3831,1,1,2025-09-12,Greece,Turkey,93.15044,99.858877
3832,1,1,2025-09-12,Greece,Turkey,93.687897,84.051639
3833,1,1,2025-09-12,Greece,Turkey,85.243568,91.204595
3834,1,1,2025-09-12,Greece,Turkey,87.175956,93.35031
3835,1,1,2025-09-12,Greece,Turkey,89.648671,76.917243
3836,1,1,2025-09-12,Greece,Turkey,67.338034,71.42113
3837,1,1,2025-09-12,Greece,Turkey,90.835396,83.962214
3838,1,1,2025-09-12,Greece,Turkey,69.245574,85.283809
3839,1,1,2025-09-12,Greece,Turkey,89.630859,84.429153
3840,1,1,2025-09-12,Greece,Turkey,88.113578,79.564246
3841,1,1,2025-09-12,Greece,Turkey,73.037594,105.94444
3842,1,1,2025-09-12,Greece,Turkey,76.012098,89.40107
3843,1,1,2025-09-12,Greece,Turkey,84.857336,95.699268
3844,1,1,2025-09-12,Greece,Turkey,128.84476,95.081157
3845,1,1,2025-09-12,Greece,Turkey,64.557517,94.015367
3846,1,1,2025-09-12,Greece,Turkey,89.761933,81.483094
3847,1,1,2025-09-12,Greece,Turkey,67.322031,81.311343
3848,1,1,2025-09-12,Greece,Turkey,99.759667,89.449824
3849,1,1,2025-09-12,Greece,Turkey,95.767825,102.01454
3850,1,1,2025-09-12,Greece,Turkey,91.013813,82.627478
3851,1,1,2025-09-12,Greece,Turkey,82.643798,88.288893
3852,1,1,2025-09-12,Greece,Turkey,67.424078,91.138267
3853,1,1,2025-09-12,Greece,Turkey,82.276423,84.002876
3854,1,1,2025-09-12,Greece,Turkey,93.577315,79.451636
3855,1,1,2025-09-12,Greece,Turkey,83.545191,83.911672
3856,1,1,2025-09-12,Greece,Turkey,67.70598,82.054415
3857,1,1,2025-09-12,Greece,Turkey,93.252601,79.343096
3858,1,1,2025-09-12,Greece,Turkey,72.585127,85.40095
3859,1,1,2025-09-12,Greece,Turkey,98.34975,103.76142
3860,1,1,2025-09-12,Greece,Turkey,89.607168,87.333337
3861,1,1,2025-09-12,Greece,Turkey,76.120725,98.396802
3862,1,1,2025-09-12,Greece,Turkey,85.293014,85.795634
3863,1,1,2025-09-12,Greece,Turkey,80.25824,98.822136
3864,1,1,2025-09-12,Greece,Turkey,54.317809,90.74721
3865,1,1,2025-09-12,Greece,Turkey,90.143562,87.133119
3866,1,1,2025-09-12,Greece,Turkey,74.902041,73.409213
3867,1,1,2025-09-12,Greece,Turkey,70.719507,86.354507
3868,1,1,2025-09-12,Greece,Turkey,90.110511,109.05814
3869,1,1,2025-09-12,Greece,Turkey,73.61564,95.442157
3870,1,1,2025-09-12,Greece,Turkey,73.219033,95.602944
3871,1,1,2025-09-12,Greece,Turkey,94.775239,75.339669
3872,1,1,2025-09-12,Greece,Turkey,61.05327,77.426537
3873,1,1,2025-09-12,Greece,Turkey,90.854681,79.688626
3874,1,1,2025-09-12,Greece,Turkey,78.721748,73.337017
3875,1,1,2025-09-12,Greece,Turkey,73.128578,102.16211
3876,1,1,2025-09-12,Greece,Turkey,97.10411,94.804682
3877,1,1,2025-09-12,Greece,Turkey,76.423767,95.69824
3878,1,1,2025-09-12,Greece,Turkey,54.870035,81.294907
3879,1,1,2025-09-12,Greece,Turkey,83.915271,101.30905
3880,1,1,2025-09-12,Greece,Turkey,71.068384,73.494786
3881,1,1,2025-09-12,Greece,Turkey,77.868301,69.889302
3882,1,1,2025-09-12,Greece,Turkey,76.093359,84.326578
3883,1,1,2025-09-12,Greece,Turkey,82.663451,80.193056
3884,1,1,2025-09-12,Greece,Turkey,59.112847,85.819997
3885,1,1,2025-09-12,Greece,Turkey,72.299722,103.4964
3886,1,1,2025-09-12,Greece,Turkey,73.120831,88.580915
3887,1,1,2025-09-12,Greece,Turkey,77.29119,82.947927
3888,1,1,2025-09-12,Greece,Turkey,64.103545,78.378385
3889,1,1,2025-09-12,Greece,Turkey,63.463842,102.01065
3890,1,1,2025-09-12,Greece,Turkey,75.057242,92.003771
3891,1,1,2025-09-12,Greece,Turkey,72.795316,95.893712
3892,1,1,2025-09-12,Greece,Turkey,79.439757,86.758429
3893,1,1,2025-09-12,Greece,Turkey,74.840609,81.555172
3894,1,1,2025-09-12,Greece,Turkey,80.117778,86.459761
3895,1,1,2025-09-12,Greece,Turkey,91.180657,77.022431
3896,1,1,2025-09-12,Greece,Turkey,100.16098,97.154307
3897,1,1,2025-09-12,Greece,Turkey,63.287684,100.40059
3898,1,1,2025-09-12,Greece,Turkey,74.039136,79.719323
3899,1,1,2025-09-12,Greece,Turkey,77.806316,79.991712
3900,1,1,2025-09-12,Greece,Turkey,65.170597,86.044388
3901,1,1,2025-09-12,Greece,Turkey,73.500449,79.024935
3902,1,1,2025-09-12,Greece,Turkey,57.318941,86.46603
3903,1,1,2025-09-12,Greece,Turkey,79.340078,88.193175
3904,1,1,2025-09-12,Greece,Turkey,92.463463,92.256482
3905,1,1,2025-09-12,Greece,Turkey,69.057931,78.514494
3906,1,1,2025-09-12,Greece,Turkey,99.824082,85.891007
3907,1,1,2025-09-12,Greece,Turkey,92.240115,83.738346
3908,1,1,2025-09-12,Greece,Turkey,74.382785,94.250634
3909,1,1,2025-09-12,Greece,Turkey,89.351849,99.89786
3910,1,1,2025-09-12,Greece,Turkey,71.805886,91.21077
3911,1,1,2025-09-12,Greece,Turkey,96.35911,90.965908
3912,1,1,2025-09-12,Greece,Turkey,76.944385,54.349412
3913,1,1,2025-09-12,Greece,Turkey,64.546053,87.173862
3914,1,1,2025-09-12,Greece,Turkey,80.846864,98.387812
3915,1,1,2025-09-12,Greece,Turkey,78.342634,90.754385
3916,1,1,2025-09-12,Greece,Turkey,65.760617,88.955685
3917,1,1,2025-09-12,Greece,Turkey,71.620587,84.335868
3918,1,1,2025-09-12,Greece,Turkey,84.088252,90.145963
3919,1,1,2025-09-12,Greece,Turkey,75.854399,87.199883
3920,1,1,2025-09-12,Greece,Turkey,78.901583,95.045678
3921,1,1,2025-09-12,Greece,Turkey,66.587865,85.341091
3922,1,1,2025-09-12,Greece,Turkey,76.894622,80.236957
3923,1,1,2025-09-12,Greece,Turkey,78.531422,73.471198
3924,1,1,2025-09-12,Greece,Turkey,84.778397,94.830071
3925,1,1,2025-09-12,Greece,Turkey,95.708221,106.84982
3926,1,1,2025-09-12,Greece,Turkey,79.483263,98.1055
3927,1,1,2025-09-12,Greece,Turkey,62.642187,80.215712
3928,1,1,2025-09-12,Greece,Turkey,65.107369,77.09751
3929,1,1,2025-09-12,Greece,Turkey,88.986086,94.652595
3930,1,1,2025-09-12,Greece,Turkey,74.81005,83.482569
3931,1,1,2025-09-12,Greece,Turkey,78.461072,88.662779
3932,1,1,2025-09-12,Greece,Turkey,81.006663,74.521327
3933,1,1,2025-09-12,Greece,Turkey,74.241512,81.636135
3934,1,1,2025-09-12,Greece,Turkey,85.75665,89.648614
3935,1,1,2025-09-12,Greece,Turkey,94.422264,86.888686
3936,1,1,2025-09-12,Greece,Turkey,104.97963,103.52722
3937,1,1,2025-09-12,Greece,Turkey,78.241512,82.513135
3938,1,1,2025-09-12,Greece,Turkey,97.208963,82.966594
3939,1,1,2025-09-12,Greece,Turkey,83.494575,83.106853
3940,1,1,2025-09-12,Greece,Turkey,53.504091,80.618993
3941,1,1,2025-09-12,Greece,Turkey,93.448425,80.604432
3942,1,1,2025-09-12,Greece,Turkey,96.746717,96.024347
3943,1,1,2025-09-12,Greece,Turkey,68.919567,79.094402
3944,1,1,2025-09-12,Greece,Turkey,80.783073,84.52893
3945,1,1,2025-09-12,Greece,Turkey,72.36634,87.333941
3946,1,1,2025-09-12,Greece,Turkey,87.728872,80.255686
3947,1,1,2025-09-12,Greece,Turkey,91.096803,88.447765
3948,1,1,2025-09-12,Greece,Turkey,71.17514,104.48793
3949,1,1,2025-09-12,Greece,Turkey,93.428037,93.305947
3950,1,1,2025-09-12,Greece,Turkey,91.880142,85.610581
3951,1,1,2025-09-12,Greece,Turkey,99.863189,84.215468
3952,1,1,2025-09-12,Greece,Turkey,84.122565,77.594557
3953,1,1,2025-09-12,Greece,Turkey,82.171629,75.64134
3954,1,1,2025-09-12,Greece,Turkey,67.440823,73.718774
3955,1,1,2025-09-12,Greece,Turkey,76.462258,88.836263
3956,1,1,2025-09-12,Greece,Turkey,87.088303,91.636513
3957,1,1,2025-09-12,Greece,Turkey,89.017219,96.022934
3958,1,1,2025-09-12,Greece,Turkey,78.796968,85.761824
3959,1,1,2025-09-12,Greece,Turkey,89.782072,89.944868
3960,1,1,2025-09-12,Greece,Turkey,98.77693,93.821149
3961,1,1,2025-09-12,Greece,Turkey,69.680923,67.411368
3962,1,1,2025-09-12,Greece,Turkey,76.775939,87.104278
3963,1,1,2025-09-12,Greece,Turkey,75.575057,76.302478
3964,1,1,2025-09-12,Greece,Turkey,81.820542,60.663225
3965,1,1,2025-09-12,Greece,Turkey,71.649709,81.980708
3966,1,1,2025-09-12,Greece,Turkey,76.483506,83.777932
3967,1,1,2025-09-12,Greece,Turkey,70.13477,68.730951
3968,1,1,2025-09-12,Greece,Turkey,91.967322,102.49006
3969,1,1,2025-09-12,Greece,Turkey,87.080156,86.185344
3970,1,1,2025-09-12,Greece,Turkey,82.880286,96.236951
3971,1,1,2025-09-12,Greece,Turkey,90.941043,87.29564
3972,1,1,2025-09-12,Greece,Turkey,89.231397,97.729746
3973,1,1,2025-09-12,Greece,Turkey,85.780646,69.14134
3974,1,1,2025-09-12,Greece,Turkey,73.528811,89.673072
3975,1,1,2025-09-12,Greece,Turkey,87.126406,95.153655
3976,1,1,2025-09-12,Greece,Turkey,70.59962,60.785711
3977,1,1,2025-09-12,Greece,Turkey,87.458098,88.435911
3978,1,1,2025-09-12,Greece,Turkey,71.62393,80.380622
3979,1,1,2025-09-12,Greece,Turkey,86.75813,94.471764
3980,1,1,2025-09-12,Greece,Turkey,60.222819,84.542531
3981,1,1,2025-09-12,Greece,Turkey,68.459461,79.698024
3982,1,1,2025-09-12,Greece,Turkey,72.967287,86.902799
3983,1,1,2025-09-12,Greece,Turkey,62.132058,66.053474
3984,1,1,2025-09-12,Greece,Turkey,72.927309,102.51599
3985,1,1,2025-09-12,Greece,Turkey,75.352954,90.096643
3986,1,1,2025-09-12,Greece,Turkey,78.357166,87.384943
3987,1,1,2025-09-12,Greece,Turkey,77.977988,93.204727
3988,1,1,2025-09-12,Greece,Turkey,79.950773,75.217382
3989,1,1,2025-09-12,Greece,Turkey,87.81622,91.494583
3990,1,1,2025-09-12,Greece,Turkey,94.743742,83.295069
3991,1,1,2025-09-12,Greece,Turkey,83.965795,91.435519
3992,1,1,2025-09-12,Greece,Turkey,75.137587,93.33414
3993,1,1,2025-09-12,Greece,Turkey,86.164909,83.770947
3994,1,1,2025-09-12,Greece,Turkey,80.686027,68.947688
3995,1,1,2025-09-12,Greece,Turkey,87.610728,83.217146
3996,1,1,2025-09-12,Greece,Turkey,74.842557,73.50895
3997,1,1,2025-09-12,Greece,Turkey,85.827743,73.313337
3998,1,1,2025-09-12,Greece,Turkey,97.53567,102.96029
3999,1,1,2025-09-12,Greece,Turkey,75.521234,79.67182
4000,1,1,2025-09-12,Greece,Turkey,85.987852,85.458864
