iteration,game_nr,division,date,home,away,home_goals,away_goals
1,1,1,2025-09-06,Turkey,Sweden,96.187618,65.966655
1,2,1,2025-09-06,Germany,Portugal,83.928353,74.561348
1,3,1,2025-09-06,Latvia,Lithuania,92.665619,70.676464
1,4,1,2025-09-06,Finland,Serbia,113.09405,100.68973
2,1,1,2025-09-06,Turkey,Sweden,85.219318,82.700297
2,2,1,2025-09-06,Germany,Portugal,80.39778,70.323958
2,3,1,2025-09-06,Latvia,Lithuania,98.206764,92.985572
2,4,1,2025-09-06,Finland,Serbia,102.72915,101.98019
3,1,1,2025-09-06,Turkey,Sweden,73.201914,77.451537
3,2,1,2025-09-06,Germany,Portugal,96.088751,45.289656
3,3,1,2025-09-06,Latvia,Lithuania,69.93228,76.887762
3,4,1,2025-09-06,Finland,Serbia,89.029666,95.472041
4,1,1,2025-09-06,Turkey,Sweden,94.626554,93.079292
4,2,1,2025-09-06,Germany,Portugal,86.414159,51.778906
4,3,1,2025-09-06,Latvia,Lithuania,86.647091,72.838091
4,4,1,2025-09-06,Finland,Serbia,73.377193,88.631813
5,1,1,2025-09-06,Turkey,Sweden,103.83847,69.099068
5,2,1,2025-09-06,Germany,Portugal,85.020475,60.55855
5,3,1,2025-09-06,Latvia,Lithuania,91.405136,70.786419
5,4,1,2025-09-06,Finland,Serbia,94.586211,96.615138
6,1,1,2025-09-06,Turkey,Sweden,103.31271,78.698096
6,2,1,2025-09-06,Germany,Portugal,53.241612,62.463779
6,3,1,2025-09-06,Latvia,Lithuania,80.303924,71.448635
6,4,1,2025-09-06,Finland,Serbia,70.677775,93.159609
7,1,1,2025-09-06,Turkey,Sweden,89.275137,58.816617
7,2,1,2025-09-06,Germany,Portugal,90.974078,85.013447
7,3,1,2025-09-06,Latvia,Lithuania,76.982735,96.973096
7,4,1,2025-09-06,Finland,Serbia,88.281194,79.911678
8,1,1,2025-09-06,Turkey,Sweden,77.020221,48.417421
8,2,1,2025-09-06,Germany,Portugal,86.389377,61.059648
8,3,1,2025-09-06,Latvia,Lithuania,94.210665,84.481167
8,4,1,2025-09-06,Finland,Serbia,103.10577,91.931846
9,1,1,2025-09-06,Turkey,Sweden,83.101936,76.051155
9,2,1,2025-09-06,Germany,Portugal,98.130627,50.019808
9,3,1,2025-09-06,Latvia,Lithuania,89.129237,90.653389
9,4,1,2025-09-06,Finland,Serbia,90.05314,93.873606
10,1,1,2025-09-06,Turkey,Sweden,89.717911,92.40467
10,2,1,2025-09-06,Germany,Portugal,95.490711,72.361923
10,3,1,2025-09-06,Latvia,Lithuania,90.06727,84.378329
10,4,1,2025-09-06,Finland,Serbia,92.261846,77.683726
11,1,1,2025-09-06,Turkey,Sweden,82.972635,63.814806
11,2,1,2025-09-06,Germany,Portugal,90.825692,57.166294
11,3,1,2025-09-06,Latvia,Lithuania,80.473729,73.295031
11,4,1,2025-09-06,Finland,Serbia,74.569458,89.228011
12,1,1,2025-09-06,Turkey,Sweden,75.352309,61.084152
12,2,1,2025-09-06,Germany,Portugal,86.397714,68.926267
12,3,1,2025-09-06,Latvia,Lithuania,71.764201,67.369614
12,4,1,2025-09-06,Finland,Serbia,104.95198,113.245
13,1,1,2025-09-06,Turkey,Sweden,82.453774,75.672504
13,2,1,2025-09-06,Germany,Portugal,80.509945,73.371296
13,3,1,2025-09-06,Latvia,Lithuania,97.691866,78.560248
13,4,1,2025-09-06,Finland,Serbia,100.28287,82.527614
14,1,1,2025-09-06,Turkey,Sweden,88.338362,69.288768
14,2,1,2025-09-06,Germany,Portugal,82.900291,63.798759
14,3,1,2025-09-06,Latvia,Lithuania,76.437595,66.617098
14,4,1,2025-09-06,Finland,Serbia,88.003538,83.951872
15,1,1,2025-09-06,Turkey,Sweden,75.786103,84.047386
15,2,1,2025-09-06,Germany,Portugal,91.955568,66.186277
15,3,1,2025-09-06,Latvia,Lithuania,95.841735,87.248061
15,4,1,2025-09-06,Finland,Serbia,86.153655,88.841703999999993
16,1,1,2025-09-06,Turkey,Sweden,102.41072,68.317905
16,2,1,2025-09-06,Germany,Portugal,91.566951,67.912531
16,3,1,2025-09-06,Latvia,Lithuania,80.112226,69.558887
16,4,1,2025-09-06,Finland,Serbia,91.130457,94.558855
17,1,1,2025-09-06,Turkey,Sweden,106.45124,75.805209
17,2,1,2025-09-06,Germany,Portugal,89.885484,68.727911
17,3,1,2025-09-06,Latvia,Lithuania,107.8306,84.69578
17,4,1,2025-09-06,Finland,Serbia,71.890098,91.483078
18,1,1,2025-09-06,Turkey,Sweden,66.998322,67.58893
18,2,1,2025-09-06,Germany,Portugal,92.975288,62.202751
18,3,1,2025-09-06,Latvia,Lithuania,85.498473,97.921481
18,4,1,2025-09-06,Finland,Serbia,90.076191,82.994388
19,1,1,2025-09-06,Turkey,Sweden,86.187146,78.719096
19,2,1,2025-09-06,Germany,Portugal,84.062511,61.183552
19,3,1,2025-09-06,Latvia,Lithuania,99.16315,75.34494
19,4,1,2025-09-06,Finland,Serbia,64.405824,76.748604
20,1,1,2025-09-06,Turkey,Sweden,79.253709,58.823486
20,2,1,2025-09-06,Germany,Portugal,96.569946,61.789305
20,3,1,2025-09-06,Latvia,Lithuania,78.132797,69.270046
20,4,1,2025-09-06,Finland,Serbia,95.770633,93.840989
21,1,1,2025-09-06,Turkey,Sweden,69.314335,62.010658
21,2,1,2025-09-06,Germany,Portugal,60.673274,81.779641
21,3,1,2025-09-06,Latvia,Lithuania,93.551768,82.553521
21,4,1,2025-09-06,Finland,Serbia,95.259245,100.96199
22,1,1,2025-09-06,Turkey,Sweden,76.911674,89.583868
22,2,1,2025-09-06,Germany,Portugal,69.555392,69.323352
22,3,1,2025-09-06,Latvia,Lithuania,81.853566,71.145504
22,4,1,2025-09-06,Finland,Serbia,101.57833,99.926786
23,1,1,2025-09-06,Turkey,Sweden,91.735584,79.146746
23,2,1,2025-09-06,Germany,Portugal,82.446413,61.512085
23,3,1,2025-09-06,Latvia,Lithuania,73.608298,96.213803
23,4,1,2025-09-06,Finland,Serbia,111.34516,101.73032
24,1,1,2025-09-06,Turkey,Sweden,88.849953,78.133843
24,2,1,2025-09-06,Germany,Portugal,97.59122,73.073122
24,3,1,2025-09-06,Latvia,Lithuania,90.904584,84.452814
24,4,1,2025-09-06,Finland,Serbia,75.196109,82.478176
25,1,1,2025-09-06,Turkey,Sweden,78.353092,63.322472
25,2,1,2025-09-06,Germany,Portugal,95.575631,72.921434
25,3,1,2025-09-06,Latvia,Lithuania,84.130032,88.736313
25,4,1,2025-09-06,Finland,Serbia,97.34315,82.552496
26,1,1,2025-09-06,Turkey,Sweden,83.028455,60.208348
26,2,1,2025-09-06,Germany,Portugal,101.48732,71.211551
26,3,1,2025-09-06,Latvia,Lithuania,98.400035,82.562502
26,4,1,2025-09-06,Finland,Serbia,83.966737,83.561741
27,1,1,2025-09-06,Turkey,Sweden,62.509139,57.103434
27,2,1,2025-09-06,Germany,Portugal,91.391392,74.666411
27,3,1,2025-09-06,Latvia,Lithuania,81.257217,71.642863
27,4,1,2025-09-06,Finland,Serbia,72.90969,90.967487
28,1,1,2025-09-06,Turkey,Sweden,81.096227,80.986423
28,2,1,2025-09-06,Germany,Portugal,69.377796,53.266142
28,3,1,2025-09-06,Latvia,Lithuania,69.677254,89.685121
28,4,1,2025-09-06,Finland,Serbia,95.735211,103.62683
29,1,1,2025-09-06,Turkey,Sweden,83.906811,64.813173
29,2,1,2025-09-06,Germany,Portugal,72.860462,62.498861
29,3,1,2025-09-06,Latvia,Lithuania,112.21965,96.14149
29,4,1,2025-09-06,Finland,Serbia,83.850865,91.160606
30,1,1,2025-09-06,Turkey,Sweden,92.222267,80.551969
30,2,1,2025-09-06,Germany,Portugal,75.726104,48.174116
30,3,1,2025-09-06,Latvia,Lithuania,91.145208,75.764709
30,4,1,2025-09-06,Finland,Serbia,88.456784,94.674534
31,1,1,2025-09-06,Turkey,Sweden,74.622271,64.485842
31,2,1,2025-09-06,Germany,Portugal,76.383172,66.261838
31,3,1,2025-09-06,Latvia,Lithuania,75.763466,87.690604
31,4,1,2025-09-06,Finland,Serbia,107.96991,87.712225
32,1,1,2025-09-06,Turkey,Sweden,99.456824,90.520816
32,2,1,2025-09-06,Germany,Portugal,96.380962,55.357137
32,3,1,2025-09-06,Latvia,Lithuania,93.467951,75.644268
32,4,1,2025-09-06,Finland,Serbia,96.02083,97.433646
33,1,1,2025-09-06,Turkey,Sweden,82.901634,88.246014
33,2,1,2025-09-06,Germany,Portugal,77.468218,62.33675
33,3,1,2025-09-06,Latvia,Lithuania,76.865649,83.673375
33,4,1,2025-09-06,Finland,Serbia,94.948363,89.571117
34,1,1,2025-09-06,Turkey,Sweden,90.446331,79.741927
34,2,1,2025-09-06,Germany,Portugal,87.70289,56.226842
34,3,1,2025-09-06,Latvia,Lithuania,81.514557,95.225242
34,4,1,2025-09-06,Finland,Serbia,105.16768,92.794852
35,1,1,2025-09-06,Turkey,Sweden,80.524883,61.157419
35,2,1,2025-09-06,Germany,Portugal,86.681685,56.433195
35,3,1,2025-09-06,Latvia,Lithuania,95.342936,74.538222
35,4,1,2025-09-06,Finland,Serbia,99.222775,95.375585
36,1,1,2025-09-06,Turkey,Sweden,77.131156,78.392461
36,2,1,2025-09-06,Germany,Portugal,101.33926,73.220909
36,3,1,2025-09-06,Latvia,Lithuania,75.755172,79.292336
36,4,1,2025-09-06,Finland,Serbia,83.161689,101.04207
37,1,1,2025-09-06,Turkey,Sweden,78.080639,52.120036
37,2,1,2025-09-06,Germany,Portugal,87.449448,59.971706
37,3,1,2025-09-06,Latvia,Lithuania,97.951574,83.697616
37,4,1,2025-09-06,Finland,Serbia,101.77739,88.330862
38,1,1,2025-09-06,Turkey,Sweden,77.793771,88.174685
38,2,1,2025-09-06,Germany,Portugal,87.215206,66.98183
38,3,1,2025-09-06,Latvia,Lithuania,86.020294,69.010515
38,4,1,2025-09-06,Finland,Serbia,96.49632,95.273541
39,1,1,2025-09-06,Turkey,Sweden,92.751237,80.846285
39,2,1,2025-09-06,Germany,Portugal,112.46072,75.250636
39,3,1,2025-09-06,Latvia,Lithuania,92.159541,92.753664
39,4,1,2025-09-06,Finland,Serbia,95.395665,86.742953
40,1,1,2025-09-06,Turkey,Sweden,77.07789,72.914373
40,2,1,2025-09-06,Germany,Portugal,92.970965,63.809576
40,3,1,2025-09-06,Latvia,Lithuania,67.218932,60.666311
40,4,1,2025-09-06,Finland,Serbia,84.340835,84.046605
41,1,1,2025-09-06,Turkey,Sweden,84.244733,77.048365
41,2,1,2025-09-06,Germany,Portugal,90.30754,44.385792
41,3,1,2025-09-06,Latvia,Lithuania,83.642053,86.35206
41,4,1,2025-09-06,Finland,Serbia,95.076458,88.723959
42,1,1,2025-09-06,Turkey,Sweden,96.423893,69.468728
42,2,1,2025-09-06,Germany,Portugal,75.931207,46.691715
42,3,1,2025-09-06,Latvia,Lithuania,78.744257,80.541616
42,4,1,2025-09-06,Finland,Serbia,79.43463,98.408463
43,1,1,2025-09-06,Turkey,Sweden,79.800634,68.183946
43,2,1,2025-09-06,Germany,Portugal,86.59968,64.464315
43,3,1,2025-09-06,Latvia,Lithuania,70.000989,73.099738
43,4,1,2025-09-06,Finland,Serbia,87.520926,85.156791
44,1,1,2025-09-06,Turkey,Sweden,108.91339,83.872971
44,2,1,2025-09-06,Germany,Portugal,105.12788,83.034297
44,3,1,2025-09-06,Latvia,Lithuania,92.31111,68.245698
44,4,1,2025-09-06,Finland,Serbia,84.383831,100.7836
45,1,1,2025-09-06,Turkey,Sweden,98.037958,64.360598
45,2,1,2025-09-06,Germany,Portugal,87.759244,57.140172
45,3,1,2025-09-06,Latvia,Lithuania,88.169676,84.160213
45,4,1,2025-09-06,Finland,Serbia,93.431257,89.896532
46,1,1,2025-09-06,Turkey,Sweden,90.194791,94.970216
46,2,1,2025-09-06,Germany,Portugal,95.002866,58.985008
46,3,1,2025-09-06,Latvia,Lithuania,77.359772,80.816041
46,4,1,2025-09-06,Finland,Serbia,103.3367,109.62272
47,1,1,2025-09-06,Turkey,Sweden,95.272931,89.288326
47,2,1,2025-09-06,Germany,Portugal,92.451315,74.492864
47,3,1,2025-09-06,Latvia,Lithuania,60.680559,74.447563
47,4,1,2025-09-06,Finland,Serbia,91.41252,90.121681
48,1,1,2025-09-06,Turkey,Sweden,106.26409,67.954472
48,2,1,2025-09-06,Germany,Portugal,88.233249,60.146046
48,3,1,2025-09-06,Latvia,Lithuania,74.543032,68.562735
48,4,1,2025-09-06,Finland,Serbia,101.63394,78.303694
49,1,1,2025-09-06,Turkey,Sweden,94.63171,57.000535
49,2,1,2025-09-06,Germany,Portugal,78.452774,66.283472
49,3,1,2025-09-06,Latvia,Lithuania,82.332857,78.097982
49,4,1,2025-09-06,Finland,Serbia,99.189885,97.562338
50,1,1,2025-09-06,Turkey,Sweden,66.522894,87.461495
50,2,1,2025-09-06,Germany,Portugal,94.604696,65.213388
50,3,1,2025-09-06,Latvia,Lithuania,85.112569,94.305482
50,4,1,2025-09-06,Finland,Serbia,75.631319,75.520392
51,1,1,2025-09-06,Turkey,Sweden,61.359718,68.578367
51,2,1,2025-09-06,Germany,Portugal,86.770445,68.620529
51,3,1,2025-09-06,Latvia,Lithuania,78.839845,65.485449
51,4,1,2025-09-06,Finland,Serbia,82.727494,74.289668
52,1,1,2025-09-06,Turkey,Sweden,106.01237,72.975931
52,2,1,2025-09-06,Germany,Portugal,72.907919,57.062469
52,3,1,2025-09-06,Latvia,Lithuania,83.326902,91.488004
52,4,1,2025-09-06,Finland,Serbia,94.949437,89.848999
53,1,1,2025-09-06,Turkey,Sweden,78.386488,89.189188
53,2,1,2025-09-06,Germany,Portugal,86.029628,68.125801
53,3,1,2025-09-06,Latvia,Lithuania,85.238591,95.861032
53,4,1,2025-09-06,Finland,Serbia,88.681302,87.321041
54,1,1,2025-09-06,Turkey,Sweden,88.523242,91.320622
54,2,1,2025-09-06,Germany,Portugal,86.246284,61.611709
54,3,1,2025-09-06,Latvia,Lithuania,99.021479,87.25746
54,4,1,2025-09-06,Finland,Serbia,79.576857,80.065257
55,1,1,2025-09-06,Turkey,Sweden,97.314311,83.876917
55,2,1,2025-09-06,Germany,Portugal,97.724739,54.057064
55,3,1,2025-09-06,Latvia,Lithuania,75.120846,85.801172
55,4,1,2025-09-06,Finland,Serbia,78.769611,81.939363
56,1,1,2025-09-06,Turkey,Sweden,98.785129,83.239123
56,2,1,2025-09-06,Germany,Portugal,80.39047,66.281121
56,3,1,2025-09-06,Latvia,Lithuania,89.611769,85.079936
56,4,1,2025-09-06,Finland,Serbia,91.440263,89.22303
57,1,1,2025-09-06,Turkey,Sweden,88.254942,75.179216
57,2,1,2025-09-06,Germany,Portugal,89.716025,69.086841
57,3,1,2025-09-06,Latvia,Lithuania,76.8648,76.82478
57,4,1,2025-09-06,Finland,Serbia,81.030687,85.052923
58,1,1,2025-09-06,Turkey,Sweden,87.60266,87.952748
58,2,1,2025-09-06,Germany,Portugal,94.601212,48.599039
58,3,1,2025-09-06,Latvia,Lithuania,90.728218,69.660598
58,4,1,2025-09-06,Finland,Serbia,82.794693,108.97855
59,1,1,2025-09-06,Turkey,Sweden,82.201301,78.595254
59,2,1,2025-09-06,Germany,Portugal,101.27782,54.323286
59,3,1,2025-09-06,Latvia,Lithuania,72.931662,72.211118
59,4,1,2025-09-06,Finland,Serbia,97.53886,101.80728
60,1,1,2025-09-06,Turkey,Sweden,81.402121,82.453235
60,2,1,2025-09-06,Germany,Portugal,86.178973,69.705765
60,3,1,2025-09-06,Latvia,Lithuania,84.98808,78.482012
60,4,1,2025-09-06,Finland,Serbia,113.88426,67.375552
61,1,1,2025-09-06,Turkey,Sweden,89.180617,88.208847
61,2,1,2025-09-06,Germany,Portugal,97.883938,61.713143
61,3,1,2025-09-06,Latvia,Lithuania,80.711829,79.533625
61,4,1,2025-09-06,Finland,Serbia,82.616542,104.57964
62,1,1,2025-09-06,Turkey,Sweden,96.530486,82.841536
62,2,1,2025-09-06,Germany,Portugal,97.517288,66.427181
62,3,1,2025-09-06,Latvia,Lithuania,83.49185,86.63732
62,4,1,2025-09-06,Finland,Serbia,99.722538,114.34613
63,1,1,2025-09-06,Turkey,Sweden,96.783756,82.063279
63,2,1,2025-09-06,Germany,Portugal,85.734921,64.712783
63,3,1,2025-09-06,Latvia,Lithuania,84.28232,72.458565
63,4,1,2025-09-06,Finland,Serbia,90.930943,74.178207
64,1,1,2025-09-06,Turkey,Sweden,73.935296,61.129746
64,2,1,2025-09-06,Germany,Portugal,99.052936,61.6347
64,3,1,2025-09-06,Latvia,Lithuania,97.254721,83.037951
64,4,1,2025-09-06,Finland,Serbia,108.07219,95.164544
65,1,1,2025-09-06,Turkey,Sweden,97.396624,76.998979
65,2,1,2025-09-06,Germany,Portugal,84.677484,74.207008
65,3,1,2025-09-06,Latvia,Lithuania,70.319156,74.237726
65,4,1,2025-09-06,Finland,Serbia,82.487593,98.875429
66,1,1,2025-09-06,Turkey,Sweden,80.729551,104.6686
66,2,1,2025-09-06,Germany,Portugal,85.986282,80.748421
66,3,1,2025-09-06,Latvia,Lithuania,94.123586,80.318567
66,4,1,2025-09-06,Finland,Serbia,104.9379,103.37397
67,1,1,2025-09-06,Turkey,Sweden,96.849708,72.265816
67,2,1,2025-09-06,Germany,Portugal,112.52832,67.350614
67,3,1,2025-09-06,Latvia,Lithuania,100.57016,81.57829
67,4,1,2025-09-06,Finland,Serbia,79.34535,89.49802
68,1,1,2025-09-06,Turkey,Sweden,74.313155,61.861608
68,2,1,2025-09-06,Germany,Portugal,98.478503,62.154794
68,3,1,2025-09-06,Latvia,Lithuania,69.5088,61.294959
68,4,1,2025-09-06,Finland,Serbia,88.037546,100.65516
69,1,1,2025-09-06,Turkey,Sweden,94.534095,78.932126
69,2,1,2025-09-06,Germany,Portugal,99.259233,61.599789
69,3,1,2025-09-06,Latvia,Lithuania,96.961949,87.94889
69,4,1,2025-09-06,Finland,Serbia,77.988534,103.30302
70,1,1,2025-09-06,Turkey,Sweden,92.808732,56.985863
70,2,1,2025-09-06,Germany,Portugal,77.221244,74.441209
70,3,1,2025-09-06,Latvia,Lithuania,97.073313,86.968301
70,4,1,2025-09-06,Finland,Serbia,82.519984,83.407534
71,1,1,2025-09-06,Turkey,Sweden,86.420516,63.168447
71,2,1,2025-09-06,Germany,Portugal,89.808903,65.520305
71,3,1,2025-09-06,Latvia,Lithuania,97.91268,79.944871
71,4,1,2025-09-06,Finland,Serbia,96.027371,97.189058
72,1,1,2025-09-06,Turkey,Sweden,109.88896,73.923221
72,2,1,2025-09-06,Germany,Portugal,88.758968,70.477646
72,3,1,2025-09-06,Latvia,Lithuania,82.399799,82.474861
72,4,1,2025-09-06,Finland,Serbia,91.5265,92.1421
73,1,1,2025-09-06,Turkey,Sweden,56.979821,59.817565
73,2,1,2025-09-06,Germany,Portugal,87.403736,60.504135
73,3,1,2025-09-06,Latvia,Lithuania,88.404647,81.350737
73,4,1,2025-09-06,Finland,Serbia,94.977183,97.797672
74,1,1,2025-09-06,Turkey,Sweden,85.567766,69.845655
74,2,1,2025-09-06,Germany,Portugal,77.345051,60.24772
74,3,1,2025-09-06,Latvia,Lithuania,99.551062,84.516337
74,4,1,2025-09-06,Finland,Serbia,99.791534,95.712311
75,1,1,2025-09-06,Turkey,Sweden,73.50411,51.99819
75,2,1,2025-09-06,Germany,Portugal,85.097489,52.874303
75,3,1,2025-09-06,Latvia,Lithuania,90.788104,75.319507
75,4,1,2025-09-06,Finland,Serbia,88.369063,105.29348
76,1,1,2025-09-06,Turkey,Sweden,83.33802,45.93226
76,2,1,2025-09-06,Germany,Portugal,65.07602,70.4617
76,3,1,2025-09-06,Latvia,Lithuania,101.39782,82.729255
76,4,1,2025-09-06,Finland,Serbia,92.57927,88.674532
77,1,1,2025-09-06,Turkey,Sweden,82.590216,81.912917
77,2,1,2025-09-06,Germany,Portugal,80.347784,57.012504
77,3,1,2025-09-06,Latvia,Lithuania,80.175328,77.720284
77,4,1,2025-09-06,Finland,Serbia,98.300947,103.31831
78,1,1,2025-09-06,Turkey,Sweden,94.567905,72.12927
78,2,1,2025-09-06,Germany,Portugal,99.419212,60.099365
78,3,1,2025-09-06,Latvia,Lithuania,79.56277,69.364458
78,4,1,2025-09-06,Finland,Serbia,82.035017,89.1438
79,1,1,2025-09-06,Turkey,Sweden,111.84755,92.67962
79,2,1,2025-09-06,Germany,Portugal,96.699942,62.244379
79,3,1,2025-09-06,Latvia,Lithuania,93.328356,63.100262
79,4,1,2025-09-06,Finland,Serbia,98.659719,95.845036
80,1,1,2025-09-06,Turkey,Sweden,103.97248,63.352669
80,2,1,2025-09-06,Germany,Portugal,90.958639,72.258797
80,3,1,2025-09-06,Latvia,Lithuania,98.515238,85.004724
80,4,1,2025-09-06,Finland,Serbia,72.678596,77.55278
81,1,1,2025-09-06,Turkey,Sweden,88.102943,78.351181
81,2,1,2025-09-06,Germany,Portugal,80.728609,54.029084
81,3,1,2025-09-06,Latvia,Lithuania,93.173135,77.10872
81,4,1,2025-09-06,Finland,Serbia,65.340754,85.151824
82,1,1,2025-09-06,Turkey,Sweden,91.15211,87.814744
82,2,1,2025-09-06,Germany,Portugal,76.325387,70.124763
82,3,1,2025-09-06,Latvia,Lithuania,74.281802,78.581238
82,4,1,2025-09-06,Finland,Serbia,69.130075,79.676466
83,1,1,2025-09-06,Turkey,Sweden,95.433036,91.743763
83,2,1,2025-09-06,Germany,Portugal,69.944868,59.02225
83,3,1,2025-09-06,Latvia,Lithuania,93.611483,67.877409
83,4,1,2025-09-06,Finland,Serbia,106.35543,97.35498
84,1,1,2025-09-06,Turkey,Sweden,77.154527,72.40981
84,2,1,2025-09-06,Germany,Portugal,108.51603,56.687441
84,3,1,2025-09-06,Latvia,Lithuania,85.689776,78.183486
84,4,1,2025-09-06,Finland,Serbia,102.85552,102.71564
85,1,1,2025-09-06,Turkey,Sweden,67.832656,63.696886
85,2,1,2025-09-06,Germany,Portugal,87.568074,57.102227
85,3,1,2025-09-06,Latvia,Lithuania,67.330292,64.781833
85,4,1,2025-09-06,Finland,Serbia,94.838568,82.31081
86,1,1,2025-09-06,Turkey,Sweden,85.281195,91.728876
86,2,1,2025-09-06,Germany,Portugal,82.66391,58.816688
86,3,1,2025-09-06,Latvia,Lithuania,88.814641,86.105366
86,4,1,2025-09-06,Finland,Serbia,79.575777,80.199237
87,1,1,2025-09-06,Turkey,Sweden,94.59272,76.622263
87,2,1,2025-09-06,Germany,Portugal,77.430587,30.476533
87,3,1,2025-09-06,Latvia,Lithuania,76.101081,81.929821
87,4,1,2025-09-06,Finland,Serbia,110.31763,103.94357
88,1,1,2025-09-06,Turkey,Sweden,60.602467,75.395935
88,2,1,2025-09-06,Germany,Portugal,79.481285,67.468237
88,3,1,2025-09-06,Latvia,Lithuania,61.850252,95.035518
88,4,1,2025-09-06,Finland,Serbia,72.710491,101.65549
89,1,1,2025-09-06,Turkey,Sweden,79.719949,83.546296
89,2,1,2025-09-06,Germany,Portugal,95.651721,68.029265
89,3,1,2025-09-06,Latvia,Lithuania,99.522617,83.276252
89,4,1,2025-09-06,Finland,Serbia,80.867789,94.169965
90,1,1,2025-09-06,Turkey,Sweden,71.996419,58.56375
90,2,1,2025-09-06,Germany,Portugal,96.467768,75.674963
90,3,1,2025-09-06,Latvia,Lithuania,103.92066,80.632415
90,4,1,2025-09-06,Finland,Serbia,99.540807,99.860191
91,1,1,2025-09-06,Turkey,Sweden,78.34378,78.351431
91,2,1,2025-09-06,Germany,Portugal,81.901635,36.657372
91,3,1,2025-09-06,Latvia,Lithuania,71.101197,77.635999
91,4,1,2025-09-06,Finland,Serbia,59.315319,83.080151
92,1,1,2025-09-06,Turkey,Sweden,101.84459,98.864752
92,2,1,2025-09-06,Germany,Portugal,101.76251,60.005211
92,3,1,2025-09-06,Latvia,Lithuania,103.19781,78.773827
92,4,1,2025-09-06,Finland,Serbia,77.402074,100.69006
93,1,1,2025-09-06,Turkey,Sweden,90.697853,97.244496
93,2,1,2025-09-06,Germany,Portugal,92.796347,74.602244
93,3,1,2025-09-06,Latvia,Lithuania,85.785262,85.603384
93,4,1,2025-09-06,Finland,Serbia,107.07419,104.37847
94,1,1,2025-09-06,Turkey,Sweden,95.412698,80.460116
94,2,1,2025-09-06,Germany,Portugal,98.501799,65.132687
94,3,1,2025-09-06,Latvia,Lithuania,99.315478,91.818938
94,4,1,2025-09-06,Finland,Serbia,84.228837,89.827565
95,1,1,2025-09-06,Turkey,Sweden,91.981951,93.917182
95,2,1,2025-09-06,Germany,Portugal,96.559853,55.822524
95,3,1,2025-09-06,Latvia,Lithuania,91.714239,93.994247
95,4,1,2025-09-06,Finland,Serbia,85.950169,98.578465
96,1,1,2025-09-06,Turkey,Sweden,103.02111,90.853314
96,2,1,2025-09-06,Germany,Portugal,100.07926,69.238713
96,3,1,2025-09-06,Latvia,Lithuania,101.57571,104.12774
96,4,1,2025-09-06,Finland,Serbia,87.408865,80.033807
97,1,1,2025-09-06,Turkey,Sweden,87.184009,105.12984
97,2,1,2025-09-06,Germany,Portugal,86.353852,56.267176
97,3,1,2025-09-06,Latvia,Lithuania,76.591974,70.494509
97,4,1,2025-09-06,Finland,Serbia,101.34033,114.0651
98,1,1,2025-09-06,Turkey,Sweden,70.50983,88.530382
98,2,1,2025-09-06,Germany,Portugal,72.010144,59.552325
98,3,1,2025-09-06,Latvia,Lithuania,81.721964,71.175303
98,4,1,2025-09-06,Finland,Serbia,79.589896,86.910189
99,1,1,2025-09-06,Turkey,Sweden,88.254618,62.87967
99,2,1,2025-09-06,Germany,Portugal,103.5933,71.195693
99,3,1,2025-09-06,Latvia,Lithuania,95.246186,85.218333
99,4,1,2025-09-06,Finland,Serbia,92.6781,90.295499
100,1,1,2025-09-06,Turkey,Sweden,73.92598,81.63418
100,2,1,2025-09-06,Germany,Portugal,95.258077,76.232856
100,3,1,2025-09-06,Latvia,Lithuania,90.643793,80.026233
100,4,1,2025-09-06,Finland,Serbia,94.308191,100.94665
101,1,1,2025-09-06,Turkey,Sweden,95.316708,85.083111
101,2,1,2025-09-06,Germany,Portugal,89.496594,53.106885
101,3,1,2025-09-06,Latvia,Lithuania,83.317383,92.48444
101,4,1,2025-09-06,Finland,Serbia,90.623225,88.724384
102,1,1,2025-09-06,Turkey,Sweden,91.474187,67.224213
102,2,1,2025-09-06,Germany,Portugal,103.91125,60.254025
102,3,1,2025-09-06,Latvia,Lithuania,92.041832,69.482411
102,4,1,2025-09-06,Finland,Serbia,105.73264,101.59988
103,1,1,2025-09-06,Turkey,Sweden,97.691476,77.974049
103,2,1,2025-09-06,Germany,Portugal,73.57705,63.471366
103,3,1,2025-09-06,Latvia,Lithuania,90.890637,88.091151
103,4,1,2025-09-06,Finland,Serbia,76.543672,100.93233
104,1,1,2025-09-06,Turkey,Sweden,91.913619,79.895184
104,2,1,2025-09-06,Germany,Portugal,93.437297,74.031329
104,3,1,2025-09-06,Latvia,Lithuania,71.639679,87.056715
104,4,1,2025-09-06,Finland,Serbia,93.151293,92.321219
105,1,1,2025-09-06,Turkey,Sweden,87.697251,80.12159
105,2,1,2025-09-06,Germany,Portugal,94.294537,58.667091
105,3,1,2025-09-06,Latvia,Lithuania,96.641181,66.415209
105,4,1,2025-09-06,Finland,Serbia,90.647096,86.98813
106,1,1,2025-09-06,Turkey,Sweden,90.338857,83.025037
106,2,1,2025-09-06,Germany,Portugal,65.547659,75.214805
106,3,1,2025-09-06,Latvia,Lithuania,72.197319,80.691116
106,4,1,2025-09-06,Finland,Serbia,94.902666,99.950736
107,1,1,2025-09-06,Turkey,Sweden,87.453544,81.440895
107,2,1,2025-09-06,Germany,Portugal,81.391885,54.782604
107,3,1,2025-09-06,Latvia,Lithuania,78.265866,69.615243
107,4,1,2025-09-06,Finland,Serbia,80.022069,94.410604
108,1,1,2025-09-06,Turkey,Sweden,62.811153,73.568058
108,2,1,2025-09-06,Germany,Portugal,102.3695,71.669001
108,3,1,2025-09-06,Latvia,Lithuania,78.675292,82.335024
108,4,1,2025-09-06,Finland,Serbia,86.784848,92.823373
109,1,1,2025-09-06,Turkey,Sweden,91.869145,72.700595
109,2,1,2025-09-06,Germany,Portugal,72.31522,58.231126
109,3,1,2025-09-06,Latvia,Lithuania,96.898179,103.56127
109,4,1,2025-09-06,Finland,Serbia,103.95873,103.97748
110,1,1,2025-09-06,Turkey,Sweden,81.61408,91.589513
110,2,1,2025-09-06,Germany,Portugal,85.940499,50.173885
110,3,1,2025-09-06,Latvia,Lithuania,79.777547,74.275831
110,4,1,2025-09-06,Finland,Serbia,98.779003,105.80198
111,1,1,2025-09-06,Turkey,Sweden,70.393279,67.951008
111,2,1,2025-09-06,Germany,Portugal,83.14613,61.143364
111,3,1,2025-09-06,Latvia,Lithuania,103.17175,103.81869
111,4,1,2025-09-06,Finland,Serbia,82.613002,113.29126
112,1,1,2025-09-06,Turkey,Sweden,97.139125,108.36787
112,2,1,2025-09-06,Germany,Portugal,106.45285,63.057845
112,3,1,2025-09-06,Latvia,Lithuania,93.925886,79.255296
112,4,1,2025-09-06,Finland,Serbia,93.354327,95.448543
113,1,1,2025-09-06,Turkey,Sweden,87.956461,79.888441
113,2,1,2025-09-06,Germany,Portugal,88.341703999999993,69.691555
113,3,1,2025-09-06,Latvia,Lithuania,80.348182,92.913444
113,4,1,2025-09-06,Finland,Serbia,105.25594,100.87533
114,1,1,2025-09-06,Turkey,Sweden,89.908591,76.019388
114,2,1,2025-09-06,Germany,Portugal,98.153081,67.258891
114,3,1,2025-09-06,Latvia,Lithuania,67.07944,99.131977
114,4,1,2025-09-06,Finland,Serbia,103.57382,100.65339
115,1,1,2025-09-06,Turkey,Sweden,101.83678,58.312089
115,2,1,2025-09-06,Germany,Portugal,104.94394,78.445135
115,3,1,2025-09-06,Latvia,Lithuania,88.783738,80.652875
115,4,1,2025-09-06,Finland,Serbia,79.762493,59.689909
116,1,1,2025-09-06,Turkey,Sweden,81.598667,80.948845
116,2,1,2025-09-06,Germany,Portugal,105.86984,60.559423
116,3,1,2025-09-06,Latvia,Lithuania,93.493273,89.848163
116,4,1,2025-09-06,Finland,Serbia,80.646878,84.324728
117,1,1,2025-09-06,Turkey,Sweden,73.510255,99.018897
117,2,1,2025-09-06,Germany,Portugal,83.219288,84.823753
117,3,1,2025-09-06,Latvia,Lithuania,83.991405,73.656815
117,4,1,2025-09-06,Finland,Serbia,80.653048,87.525936
118,1,1,2025-09-06,Turkey,Sweden,80.61862,70.462542
118,2,1,2025-09-06,Germany,Portugal,72.615582,62.709486
118,3,1,2025-09-06,Latvia,Lithuania,81.48777,76.296481
118,4,1,2025-09-06,Finland,Serbia,111.42223,114.45964
119,1,1,2025-09-06,Turkey,Sweden,85.780095,71.393133
119,2,1,2025-09-06,Germany,Portugal,83.399615,75.510526
119,3,1,2025-09-06,Latvia,Lithuania,88.657543,73.70906
119,4,1,2025-09-06,Finland,Serbia,92.102999,84.039261
120,1,1,2025-09-06,Turkey,Sweden,87.80925,84.68687
120,2,1,2025-09-06,Germany,Portugal,84.102747,72.833729
120,3,1,2025-09-06,Latvia,Lithuania,96.902262,81.942715
120,4,1,2025-09-06,Finland,Serbia,87.940566,104.89866
121,1,1,2025-09-06,Turkey,Sweden,99.262647,76.454231
121,2,1,2025-09-06,Germany,Portugal,90.137172,66.009453
121,3,1,2025-09-06,Latvia,Lithuania,81.358419,80.737168
121,4,1,2025-09-06,Finland,Serbia,104.17551,104.16003
122,1,1,2025-09-06,Turkey,Sweden,92.362291,85.310306
122,2,1,2025-09-06,Germany,Portugal,98.06768,72.06214
122,3,1,2025-09-06,Latvia,Lithuania,91.172784,103.24309
122,4,1,2025-09-06,Finland,Serbia,78.733683,91.342948
123,1,1,2025-09-06,Turkey,Sweden,94.294764,83.423514
123,2,1,2025-09-06,Germany,Portugal,78.183349,67.533857
123,3,1,2025-09-06,Latvia,Lithuania,92.541834,79.033099000000007
123,4,1,2025-09-06,Finland,Serbia,98.625391,91.913549
124,1,1,2025-09-06,Turkey,Sweden,56.163675,49.395815
124,2,1,2025-09-06,Germany,Portugal,82.601681,54.478686
124,3,1,2025-09-06,Latvia,Lithuania,52.845064,77.244371
124,4,1,2025-09-06,Finland,Serbia,108.69024,79.064205
125,1,1,2025-09-06,Turkey,Sweden,94.722107,80.288387
125,2,1,2025-09-06,Germany,Portugal,85.343852,53.913042
125,3,1,2025-09-06,Latvia,Lithuania,62.841842,89.890528
125,4,1,2025-09-06,Finland,Serbia,92.002828,77.593146
126,1,1,2025-09-06,Turkey,Sweden,86.515527,70.694337
126,2,1,2025-09-06,Germany,Portugal,73.546469,55.540106
126,3,1,2025-09-06,Latvia,Lithuania,98.249206,96.850736
126,4,1,2025-09-06,Finland,Serbia,93.825445,99.458332
127,1,1,2025-09-06,Turkey,Sweden,89.878952,69.197919
127,2,1,2025-09-06,Germany,Portugal,106.97004,60.297357
127,3,1,2025-09-06,Latvia,Lithuania,100.85635,68.831611
127,4,1,2025-09-06,Finland,Serbia,84.94713,102.71548
128,1,1,2025-09-06,Turkey,Sweden,99.338399,88.808098
128,2,1,2025-09-06,Germany,Portugal,103.98193,65.519584
128,3,1,2025-09-06,Latvia,Lithuania,81.157452,94.692838
128,4,1,2025-09-06,Finland,Serbia,64.309934,100.52523
129,1,1,2025-09-06,Turkey,Sweden,95.845267,61.239689
129,2,1,2025-09-06,Germany,Portugal,91.302855,63.580143
129,3,1,2025-09-06,Latvia,Lithuania,84.241198,65.175388
129,4,1,2025-09-06,Finland,Serbia,84.386393,82.607878
130,1,1,2025-09-06,Turkey,Sweden,71.945394,58.454397
130,2,1,2025-09-06,Germany,Portugal,107.4877,68.458326
130,3,1,2025-09-06,Latvia,Lithuania,108.72728,75.801434
130,4,1,2025-09-06,Finland,Serbia,87.511727,92.813098
131,1,1,2025-09-06,Turkey,Sweden,77.339611,77.23006
131,2,1,2025-09-06,Germany,Portugal,61.933343,73.842301
131,3,1,2025-09-06,Latvia,Lithuania,77.923239,85.936867
131,4,1,2025-09-06,Finland,Serbia,96.034141,103.97898
132,1,1,2025-09-06,Turkey,Sweden,99.933936,80.087979
132,2,1,2025-09-06,Germany,Portugal,73.803362,92.450624
132,3,1,2025-09-06,Latvia,Lithuania,85.116852,83.004635
132,4,1,2025-09-06,Finland,Serbia,96.217049,112.9913
133,1,1,2025-09-06,Turkey,Sweden,70.557283,75.811634
133,2,1,2025-09-06,Germany,Portugal,110.13558,64.043923
133,3,1,2025-09-06,Latvia,Lithuania,81.91374,75.897514
133,4,1,2025-09-06,Finland,Serbia,100.45102,78.121548
134,1,1,2025-09-06,Turkey,Sweden,92.370055,88.6819
134,2,1,2025-09-06,Germany,Portugal,57.612121,29.148743
134,3,1,2025-09-06,Latvia,Lithuania,101.69087,91.410581
134,4,1,2025-09-06,Finland,Serbia,82.935286,90.405515
135,1,1,2025-09-06,Turkey,Sweden,79.251672,77.02842
135,2,1,2025-09-06,Germany,Portugal,99.402831,80.508574
135,3,1,2025-09-06,Latvia,Lithuania,94.27961,67.561132
135,4,1,2025-09-06,Finland,Serbia,103.05614,90.288159
136,1,1,2025-09-06,Turkey,Sweden,81.081388,92.779303
136,2,1,2025-09-06,Germany,Portugal,91.702172,57.575394
136,3,1,2025-09-06,Latvia,Lithuania,74.539502,85.679872
136,4,1,2025-09-06,Finland,Serbia,87.587955,104.30651
137,1,1,2025-09-06,Turkey,Sweden,76.348852,54.344995
137,2,1,2025-09-06,Germany,Portugal,90.984041,70.110494
137,3,1,2025-09-06,Latvia,Lithuania,85.717557,85.664345
137,4,1,2025-09-06,Finland,Serbia,79.214998,77.174586
138,1,1,2025-09-06,Turkey,Sweden,82.055212,66.731448
138,2,1,2025-09-06,Germany,Portugal,89.316292,56.776222
138,3,1,2025-09-06,Latvia,Lithuania,66.836184,77.574051
138,4,1,2025-09-06,Finland,Serbia,92.837734,90.99621
139,1,1,2025-09-06,Turkey,Sweden,79.203016,88.056493
139,2,1,2025-09-06,Germany,Portugal,87.809173,65.100672
139,3,1,2025-09-06,Latvia,Lithuania,87.124302,87.988522
139,4,1,2025-09-06,Finland,Serbia,98.022385,87.43509
140,1,1,2025-09-06,Turkey,Sweden,70.482964,64.215487
140,2,1,2025-09-06,Germany,Portugal,88.759171,51.192427
140,3,1,2025-09-06,Latvia,Lithuania,93.85463,92.693551
140,4,1,2025-09-06,Finland,Serbia,93.627677,110.82079
141,1,1,2025-09-06,Turkey,Sweden,74.478118,77.732786
141,2,1,2025-09-06,Germany,Portugal,96.945977,62.402193
141,3,1,2025-09-06,Latvia,Lithuania,72.891123,74.861089
141,4,1,2025-09-06,Finland,Serbia,98.667699,104.014
142,1,1,2025-09-06,Turkey,Sweden,88.265943,81.460548
142,2,1,2025-09-06,Germany,Portugal,77.664852,45.452507
142,3,1,2025-09-06,Latvia,Lithuania,83.845055,95.216254
142,4,1,2025-09-06,Finland,Serbia,93.892023,88.338142
143,1,1,2025-09-06,Turkey,Sweden,83.580659,64.087833
143,2,1,2025-09-06,Germany,Portugal,85.244355,69.153615
143,3,1,2025-09-06,Latvia,Lithuania,81.345313,84.986975
143,4,1,2025-09-06,Finland,Serbia,78.156379,85.045015
144,1,1,2025-09-06,Turkey,Sweden,92.526521,81.054522
144,2,1,2025-09-06,Germany,Portugal,96.172397,68.202813
144,3,1,2025-09-06,Latvia,Lithuania,104.2041,94.287225
144,4,1,2025-09-06,Finland,Serbia,99.879256,116.02947
145,1,1,2025-09-06,Turkey,Sweden,66.872703,62.221582
145,2,1,2025-09-06,Germany,Portugal,82.97746,60.609272
145,3,1,2025-09-06,Latvia,Lithuania,78.484667,80.628469
145,4,1,2025-09-06,Finland,Serbia,92.942288,69.527658
146,1,1,2025-09-06,Turkey,Sweden,98.88828,91.582039
146,2,1,2025-09-06,Germany,Portugal,92.796057,70.946966
146,3,1,2025-09-06,Latvia,Lithuania,92.886854,81.746517
146,4,1,2025-09-06,Finland,Serbia,85.192609,106.63139
147,1,1,2025-09-06,Turkey,Sweden,90.912605,77.666205
147,2,1,2025-09-06,Germany,Portugal,93.874199,62.644009
147,3,1,2025-09-06,Latvia,Lithuania,94.435259,70.500697
147,4,1,2025-09-06,Finland,Serbia,101.73087,93.177988
148,1,1,2025-09-06,Turkey,Sweden,80.050874,73.61386
148,2,1,2025-09-06,Germany,Portugal,61.880089,58.104548
148,3,1,2025-09-06,Latvia,Lithuania,91.237067,84.140697
148,4,1,2025-09-06,Finland,Serbia,95.883308,97.853925
149,1,1,2025-09-06,Turkey,Sweden,77.452874,88.719642
149,2,1,2025-09-06,Germany,Portugal,94.128912,73.291906
149,3,1,2025-09-06,Latvia,Lithuania,79.083749,77.732838
149,4,1,2025-09-06,Finland,Serbia,84.233188,91.649717
150,1,1,2025-09-06,Turkey,Sweden,75.898335,75.705078
150,2,1,2025-09-06,Germany,Portugal,96.456544,70.227955
150,3,1,2025-09-06,Latvia,Lithuania,109.66416,90.196203
150,4,1,2025-09-06,Finland,Serbia,93.045127,95.015332
151,1,1,2025-09-06,Turkey,Sweden,92.066469,85.608393
151,2,1,2025-09-06,Germany,Portugal,87.438423,58.433806
151,3,1,2025-09-06,Latvia,Lithuania,80.429897,84.235797
151,4,1,2025-09-06,Finland,Serbia,78.638065,103.42171
152,1,1,2025-09-06,Turkey,Sweden,89.677167,75.078068
152,2,1,2025-09-06,Germany,Portugal,87.72416,71.255599
152,3,1,2025-09-06,Latvia,Lithuania,95.335792,84.119211
152,4,1,2025-09-06,Finland,Serbia,93.392631,95.432395
153,1,1,2025-09-06,Turkey,Sweden,74.105244,83.697634
153,2,1,2025-09-06,Germany,Portugal,75.412642,51.68145
153,3,1,2025-09-06,Latvia,Lithuania,67.81698,83.377959
153,4,1,2025-09-06,Finland,Serbia,86.786608,99.714255
154,1,1,2025-09-06,Turkey,Sweden,73.57703,69.001898
154,2,1,2025-09-06,Germany,Portugal,69.697972,65.195945
154,3,1,2025-09-06,Latvia,Lithuania,79.986517,57.848614
154,4,1,2025-09-06,Finland,Serbia,78.78657,96.384479
155,1,1,2025-09-06,Turkey,Sweden,89.414623,69.998497
155,2,1,2025-09-06,Germany,Portugal,83.35936,75.937925
155,3,1,2025-09-06,Latvia,Lithuania,82.417005,79.491564
155,4,1,2025-09-06,Finland,Serbia,78.746339,101.34333
156,1,1,2025-09-06,Turkey,Sweden,81.327971,61.466841
156,2,1,2025-09-06,Germany,Portugal,83.695923,60.821926
156,3,1,2025-09-06,Latvia,Lithuania,96.816037,93.868362
156,4,1,2025-09-06,Finland,Serbia,72.442046,76.088978
157,1,1,2025-09-06,Turkey,Sweden,76.959607,87.339097
157,2,1,2025-09-06,Germany,Portugal,89.558911,69.874504
157,3,1,2025-09-06,Latvia,Lithuania,90.472246,77.263904
157,4,1,2025-09-06,Finland,Serbia,91.688181,104.08562
158,1,1,2025-09-06,Turkey,Sweden,90.604696,62.922459
158,2,1,2025-09-06,Germany,Portugal,96.77787,80.483794
158,3,1,2025-09-06,Latvia,Lithuania,71.378129,73.672047
158,4,1,2025-09-06,Finland,Serbia,91.149737,95.206688
159,1,1,2025-09-06,Turkey,Sweden,89.653576,64.303419
159,2,1,2025-09-06,Germany,Portugal,82.746922,58.023725
159,3,1,2025-09-06,Latvia,Lithuania,103.0307,87.384967
159,4,1,2025-09-06,Finland,Serbia,96.052576,101.29274
160,1,1,2025-09-06,Turkey,Sweden,92.147632,48.095282
160,2,1,2025-09-06,Germany,Portugal,84.84693,72.950518
160,3,1,2025-09-06,Latvia,Lithuania,85.619959,78.91109
160,4,1,2025-09-06,Finland,Serbia,98.0945,93.728354
161,1,1,2025-09-06,Turkey,Sweden,93.286406,59.806615
161,2,1,2025-09-06,Germany,Portugal,95.256688,66.432833
161,3,1,2025-09-06,Latvia,Lithuania,85.520378,79.862158
161,4,1,2025-09-06,Finland,Serbia,82.260425,99.615271
162,1,1,2025-09-06,Turkey,Sweden,98.782206,80.358378
162,2,1,2025-09-06,Germany,Portugal,74.801903,51.08932
162,3,1,2025-09-06,Latvia,Lithuania,79.135455,77.583964
162,4,1,2025-09-06,Finland,Serbia,90.416456,88.059879
163,1,1,2025-09-06,Turkey,Sweden,86.142315,69.156549
163,2,1,2025-09-06,Germany,Portugal,93.980483,48.8069
163,3,1,2025-09-06,Latvia,Lithuania,82.235037,81.503702
163,4,1,2025-09-06,Finland,Serbia,82.398778,98.043558
164,1,1,2025-09-06,Turkey,Sweden,84.187195,48.870671
164,2,1,2025-09-06,Germany,Portugal,87.002806,64.138141
164,3,1,2025-09-06,Latvia,Lithuania,91.89704,61.403973
164,4,1,2025-09-06,Finland,Serbia,79.634113,94.955782
165,1,1,2025-09-06,Turkey,Sweden,61.36837,65.319032000000007
165,2,1,2025-09-06,Germany,Portugal,77.281496,47.304631
165,3,1,2025-09-06,Latvia,Lithuania,92.363796,84.769263
165,4,1,2025-09-06,Finland,Serbia,112.03162,110.43242
166,1,1,2025-09-06,Turkey,Sweden,78.67614,87.122819
166,2,1,2025-09-06,Germany,Portugal,99.416884,71.70281
166,3,1,2025-09-06,Latvia,Lithuania,81.43467,89.616207
166,4,1,2025-09-06,Finland,Serbia,96.749353,104.49032
167,1,1,2025-09-06,Turkey,Sweden,97.051932,78.929666
167,2,1,2025-09-06,Germany,Portugal,75.077318,67.121445
167,3,1,2025-09-06,Latvia,Lithuania,104.77973,67.209665
167,4,1,2025-09-06,Finland,Serbia,95.490736,94.054198
168,1,1,2025-09-06,Turkey,Sweden,88.206971,96.140361
168,2,1,2025-09-06,Germany,Portugal,91.229408,58.676232
168,3,1,2025-09-06,Latvia,Lithuania,88.581019,84.816977
168,4,1,2025-09-06,Finland,Serbia,87.771956,90.201287
169,1,1,2025-09-06,Turkey,Sweden,86.113944,83.112002
169,2,1,2025-09-06,Germany,Portugal,84.054351,61.285193
169,3,1,2025-09-06,Latvia,Lithuania,96.344614000000007,87.985167
169,4,1,2025-09-06,Finland,Serbia,83.662105,99.307065
170,1,1,2025-09-06,Turkey,Sweden,71.298692,69.945521
170,2,1,2025-09-06,Germany,Portugal,95.611692,72.400921
170,3,1,2025-09-06,Latvia,Lithuania,92.710986,81.225522
170,4,1,2025-09-06,Finland,Serbia,95.224716,83.394778
171,1,1,2025-09-06,Turkey,Sweden,105.29207,62.688135
171,2,1,2025-09-06,Germany,Portugal,82.929099,50.978674
171,3,1,2025-09-06,Latvia,Lithuania,92.599017,89.695371
171,4,1,2025-09-06,Finland,Serbia,77.950074,88.623236
172,1,1,2025-09-06,Turkey,Sweden,94.269752,83.392538
172,2,1,2025-09-06,Germany,Portugal,69.411881,61.852449
172,3,1,2025-09-06,Latvia,Lithuania,80.24974,73.168344
172,4,1,2025-09-06,Finland,Serbia,82.121166,107.43807
173,1,1,2025-09-06,Turkey,Sweden,77.413213,71.692415
173,2,1,2025-09-06,Germany,Portugal,94.103962,65.382411
173,3,1,2025-09-06,Latvia,Lithuania,84.58908,41.337944
173,4,1,2025-09-06,Finland,Serbia,75.418563,108.75146
174,1,1,2025-09-06,Turkey,Sweden,87.181726,77.038762
174,2,1,2025-09-06,Germany,Portugal,82.636224,75.967044
174,3,1,2025-09-06,Latvia,Lithuania,89.671964,72.520206
174,4,1,2025-09-06,Finland,Serbia,64.957303,90.965384
175,1,1,2025-09-06,Turkey,Sweden,85.975837,70.118319
175,2,1,2025-09-06,Germany,Portugal,91.107828,47.50484
175,3,1,2025-09-06,Latvia,Lithuania,91.353216,107.34522
175,4,1,2025-09-06,Finland,Serbia,88.788711,108.08411
176,1,1,2025-09-06,Turkey,Sweden,94.139256,77.790111
176,2,1,2025-09-06,Germany,Portugal,88.650054,61.01087
176,3,1,2025-09-06,Latvia,Lithuania,106.85814,104.02248
176,4,1,2025-09-06,Finland,Serbia,95.393481,101.31441
177,1,1,2025-09-06,Turkey,Sweden,68.827863,109.08739
177,2,1,2025-09-06,Germany,Portugal,95.927087,82.256223
177,3,1,2025-09-06,Latvia,Lithuania,80.103128,72.02633
177,4,1,2025-09-06,Finland,Serbia,79.153121,83.448487
178,1,1,2025-09-06,Turkey,Sweden,70.715598,77.410431
178,2,1,2025-09-06,Germany,Portugal,89.687382,68.941729
178,3,1,2025-09-06,Latvia,Lithuania,60.619918,96.282078
178,4,1,2025-09-06,Finland,Serbia,63.662543,110.83744
179,1,1,2025-09-06,Turkey,Sweden,90.027057,82.318253
179,2,1,2025-09-06,Germany,Portugal,92.385908,61.86332
179,3,1,2025-09-06,Latvia,Lithuania,98.232036,90.153479
179,4,1,2025-09-06,Finland,Serbia,79.790029,111.98329
180,1,1,2025-09-06,Turkey,Sweden,100.25063,81.661857
180,2,1,2025-09-06,Germany,Portugal,93.283614,69.325382
180,3,1,2025-09-06,Latvia,Lithuania,68.170068,75.73809
180,4,1,2025-09-06,Finland,Serbia,89.281928,94.138571
181,1,1,2025-09-06,Turkey,Sweden,85.099181,85.171428
181,2,1,2025-09-06,Germany,Portugal,73.523734,45.16963
181,3,1,2025-09-06,Latvia,Lithuania,100.13783,89.717897
181,4,1,2025-09-06,Finland,Serbia,79.684673,94.323762
182,1,1,2025-09-06,Turkey,Sweden,82.167622,93.167437
182,2,1,2025-09-06,Germany,Portugal,102.89652,57.492755
182,3,1,2025-09-06,Latvia,Lithuania,79.613132,102.49237
182,4,1,2025-09-06,Finland,Serbia,93.039443,93.956773
183,1,1,2025-09-06,Turkey,Sweden,86.94397,68.398982
183,2,1,2025-09-06,Germany,Portugal,81.237602999999993,51.324013
183,3,1,2025-09-06,Latvia,Lithuania,89.752273,45.663169
183,4,1,2025-09-06,Finland,Serbia,89.046775,118.6212
184,1,1,2025-09-06,Turkey,Sweden,96.777383,72.867956
184,2,1,2025-09-06,Germany,Portugal,85.465884,76.936587
184,3,1,2025-09-06,Latvia,Lithuania,72.932687,68.874813
184,4,1,2025-09-06,Finland,Serbia,100.81605,93.194159
185,1,1,2025-09-06,Turkey,Sweden,78.903243,73.298554
185,2,1,2025-09-06,Germany,Portugal,86.120286,61.841277
185,3,1,2025-09-06,Latvia,Lithuania,101.22019,85.65056
185,4,1,2025-09-06,Finland,Serbia,77.922745,104.50311
186,1,1,2025-09-06,Turkey,Sweden,87.327307,89.608557
186,2,1,2025-09-06,Germany,Portugal,54.57984,42.480578
186,3,1,2025-09-06,Latvia,Lithuania,82.846123,85.99319
186,4,1,2025-09-06,Finland,Serbia,89.289693,78.719745
187,1,1,2025-09-06,Turkey,Sweden,75.755298,80.758931
187,2,1,2025-09-06,Germany,Portugal,85.671711,58.765824
187,3,1,2025-09-06,Latvia,Lithuania,81.718928,80.837251
187,4,1,2025-09-06,Finland,Serbia,76.274524,94.932155
188,1,1,2025-09-06,Turkey,Sweden,74.566109,84.107468
188,2,1,2025-09-06,Germany,Portugal,80.509061,76.228354
188,3,1,2025-09-06,Latvia,Lithuania,81.796865,60.841622
188,4,1,2025-09-06,Finland,Serbia,85.113321,89.849007
189,1,1,2025-09-06,Turkey,Sweden,75.677496,64.272521
189,2,1,2025-09-06,Germany,Portugal,74.279718,65.584184
189,3,1,2025-09-06,Latvia,Lithuania,83.701694,90.985306
189,4,1,2025-09-06,Finland,Serbia,65.455439,72.453957
190,1,1,2025-09-06,Turkey,Sweden,103.11135,70.987941
190,2,1,2025-09-06,Germany,Portugal,90.781802,76.149648
190,3,1,2025-09-06,Latvia,Lithuania,75.59626,77.476604
190,4,1,2025-09-06,Finland,Serbia,96.536832,97.620422
191,1,1,2025-09-06,Turkey,Sweden,71.382823,53.927282
191,2,1,2025-09-06,Germany,Portugal,91.729157,60.635448
191,3,1,2025-09-06,Latvia,Lithuania,92.354221,80.393921
191,4,1,2025-09-06,Finland,Serbia,98.198961,101.65302
192,1,1,2025-09-06,Turkey,Sweden,80.412244,71.886267
192,2,1,2025-09-06,Germany,Portugal,87.30877,65.879145
192,3,1,2025-09-06,Latvia,Lithuania,93.744596,101.20353
192,4,1,2025-09-06,Finland,Serbia,101.56313,104.31503
193,1,1,2025-09-06,Turkey,Sweden,100.00467,63.048882
193,2,1,2025-09-06,Germany,Portugal,105.47758,44.488632
193,3,1,2025-09-06,Latvia,Lithuania,93.876227,85.104327
193,4,1,2025-09-06,Finland,Serbia,82.065889,86.812044
194,1,1,2025-09-06,Turkey,Sweden,91.401691,88.040577
194,2,1,2025-09-06,Germany,Portugal,99.72418,57.863625999999996
194,3,1,2025-09-06,Latvia,Lithuania,68.148064,49.544606
194,4,1,2025-09-06,Finland,Serbia,92.235011,79.948568
195,1,1,2025-09-06,Turkey,Sweden,87.119391,65.349397
195,2,1,2025-09-06,Germany,Portugal,87.457765,63.943389
195,3,1,2025-09-06,Latvia,Lithuania,105.17853,97.08901
195,4,1,2025-09-06,Finland,Serbia,95.225609,65.882525
196,1,1,2025-09-06,Turkey,Sweden,84.84557,76.923358
196,2,1,2025-09-06,Germany,Portugal,94.960438,78.173086
196,3,1,2025-09-06,Latvia,Lithuania,85.624767,91.081901
196,4,1,2025-09-06,Finland,Serbia,61.21499,86.395123
197,1,1,2025-09-06,Turkey,Sweden,92.827013,62.754586
197,2,1,2025-09-06,Germany,Portugal,91.628536,42.483484
197,3,1,2025-09-06,Latvia,Lithuania,89.438129,84.972309
197,4,1,2025-09-06,Finland,Serbia,99.53847,80.307991
198,1,1,2025-09-06,Turkey,Sweden,71.951563,82.206516
198,2,1,2025-09-06,Germany,Portugal,119.28077,65.218014
198,3,1,2025-09-06,Latvia,Lithuania,92.468578,92.474721
198,4,1,2025-09-06,Finland,Serbia,75.053876,98.149165
199,1,1,2025-09-06,Turkey,Sweden,91.394968,98.736002
199,2,1,2025-09-06,Germany,Portugal,104.28427,61.619804
199,3,1,2025-09-06,Latvia,Lithuania,74.731872,93.219874
199,4,1,2025-09-06,Finland,Serbia,80.769,61.65722
200,1,1,2025-09-06,Turkey,Sweden,89.615449,94.249357
200,2,1,2025-09-06,Germany,Portugal,104.12155,38.251949
200,3,1,2025-09-06,Latvia,Lithuania,91.096791,76.782638
200,4,1,2025-09-06,Finland,Serbia,77.858025,87.129095
201,1,1,2025-09-06,Turkey,Sweden,86.843866,77.320134
201,2,1,2025-09-06,Germany,Portugal,96.278086,53.749725
201,3,1,2025-09-06,Latvia,Lithuania,84.641446,92.793658
201,4,1,2025-09-06,Finland,Serbia,90.245019,103.57491
202,1,1,2025-09-06,Turkey,Sweden,71.87588,75.631924
202,2,1,2025-09-06,Germany,Portugal,100.97,64.337737
202,3,1,2025-09-06,Latvia,Lithuania,89.521671,70.729751
202,4,1,2025-09-06,Finland,Serbia,67.414391,92.551405
203,1,1,2025-09-06,Turkey,Sweden,81.443958,79.366679
203,2,1,2025-09-06,Germany,Portugal,104.89081,73.409892
203,3,1,2025-09-06,Latvia,Lithuania,67.140959,92.52554
203,4,1,2025-09-06,Finland,Serbia,91.358049,91.758516
204,1,1,2025-09-06,Turkey,Sweden,81.89084,86.834088
204,2,1,2025-09-06,Germany,Portugal,90.830579,58.45212
204,3,1,2025-09-06,Latvia,Lithuania,107.13918,91.287615
204,4,1,2025-09-06,Finland,Serbia,73.47686,84.171415
205,1,1,2025-09-06,Turkey,Sweden,87.453914,89.345979
205,2,1,2025-09-06,Germany,Portugal,92.914716,64.806993
205,3,1,2025-09-06,Latvia,Lithuania,87.896573,76.237041
205,4,1,2025-09-06,Finland,Serbia,83.508106,100.05993
206,1,1,2025-09-06,Turkey,Sweden,84.753786,79.230982
206,2,1,2025-09-06,Germany,Portugal,86.521415,62.80234
206,3,1,2025-09-06,Latvia,Lithuania,74.561827,102.08024
206,4,1,2025-09-06,Finland,Serbia,106.66245,100.93453
207,1,1,2025-09-06,Turkey,Sweden,92.14214,97.361922
207,2,1,2025-09-06,Germany,Portugal,108.90801,53.38235
207,3,1,2025-09-06,Latvia,Lithuania,87.363024,71.875843
207,4,1,2025-09-06,Finland,Serbia,69.435833,74.300209
208,1,1,2025-09-06,Turkey,Sweden,78.358085,85.544848
208,2,1,2025-09-06,Germany,Portugal,110.63152,52.81443
208,3,1,2025-09-06,Latvia,Lithuania,75.66816,91.957316
208,4,1,2025-09-06,Finland,Serbia,76.840924,100.5568
209,1,1,2025-09-06,Turkey,Sweden,85.771152,72.588129
209,2,1,2025-09-06,Germany,Portugal,76.329272,52.326612
209,3,1,2025-09-06,Latvia,Lithuania,91.261447,70.021861
209,4,1,2025-09-06,Finland,Serbia,91.863508,105.03566
210,1,1,2025-09-06,Turkey,Sweden,100.77286,70.273492
210,2,1,2025-09-06,Germany,Portugal,87.635529,56.254322
210,3,1,2025-09-06,Latvia,Lithuania,80.171677,74.875562
210,4,1,2025-09-06,Finland,Serbia,74.806435,109.78622
211,1,1,2025-09-06,Turkey,Sweden,97.776442,80.995617
211,2,1,2025-09-06,Germany,Portugal,79.647155,46.698757
211,3,1,2025-09-06,Latvia,Lithuania,95.05398,58.598795
211,4,1,2025-09-06,Finland,Serbia,71.162675,98.32211
212,1,1,2025-09-06,Turkey,Sweden,93.299133,68.201956
212,2,1,2025-09-06,Germany,Portugal,89.28784,63.036718
212,3,1,2025-09-06,Latvia,Lithuania,60.275311,84.489611
212,4,1,2025-09-06,Finland,Serbia,91.957854,104.1656
213,1,1,2025-09-06,Turkey,Sweden,86.697839,85.054585
213,2,1,2025-09-06,Germany,Portugal,95.680336,62.51442
213,3,1,2025-09-06,Latvia,Lithuania,85.261918,70.676542
213,4,1,2025-09-06,Finland,Serbia,109.98195,114.54752
214,1,1,2025-09-06,Turkey,Sweden,110.57031,83.262024
214,2,1,2025-09-06,Germany,Portugal,93.674273,56.547528
214,3,1,2025-09-06,Latvia,Lithuania,89.755077,105.40467
214,4,1,2025-09-06,Finland,Serbia,85.058433,82.336965
215,1,1,2025-09-06,Turkey,Sweden,65.465543,89.823973
215,2,1,2025-09-06,Germany,Portugal,87.547278,66.214617
215,3,1,2025-09-06,Latvia,Lithuania,66.704953,59.043687
215,4,1,2025-09-06,Finland,Serbia,91.543224,93.131493
216,1,1,2025-09-06,Turkey,Sweden,89.900044,59.251019
216,2,1,2025-09-06,Germany,Portugal,103.93892,50.055533
216,3,1,2025-09-06,Latvia,Lithuania,100.10127,85.132131
216,4,1,2025-09-06,Finland,Serbia,89.797128,107.18777
217,1,1,2025-09-06,Turkey,Sweden,80.32968,89.697134
217,2,1,2025-09-06,Germany,Portugal,77.185231,59.878962
217,3,1,2025-09-06,Latvia,Lithuania,84.618366,96.512477
217,4,1,2025-09-06,Finland,Serbia,102.38788,99.15419
218,1,1,2025-09-06,Turkey,Sweden,93.027213,89.939968
218,2,1,2025-09-06,Germany,Portugal,104.56275,54.146144
218,3,1,2025-09-06,Latvia,Lithuania,117.36896,94.589022
218,4,1,2025-09-06,Finland,Serbia,69.198938,104.77865
219,1,1,2025-09-06,Turkey,Sweden,81.992598,70.633064
219,2,1,2025-09-06,Germany,Portugal,95.02513,49.813458
219,3,1,2025-09-06,Latvia,Lithuania,79.79133,76.94469
219,4,1,2025-09-06,Finland,Serbia,99.760947,102.20442
220,1,1,2025-09-06,Turkey,Sweden,101.29356,89.310238
220,2,1,2025-09-06,Germany,Portugal,85.151321,45.267741
220,3,1,2025-09-06,Latvia,Lithuania,77.070963,71.617177
220,4,1,2025-09-06,Finland,Serbia,106.89039,90.847908
221,1,1,2025-09-06,Turkey,Sweden,88.007124,65.81357
221,2,1,2025-09-06,Germany,Portugal,101.92876,85.031572
221,3,1,2025-09-06,Latvia,Lithuania,98.441215,89.036234
221,4,1,2025-09-06,Finland,Serbia,93.989824,92.278286
222,1,1,2025-09-06,Turkey,Sweden,101.14197,101.17812
222,2,1,2025-09-06,Germany,Portugal,79.032792,56.938754
222,3,1,2025-09-06,Latvia,Lithuania,94.61847,88.206303
222,4,1,2025-09-06,Finland,Serbia,82.631745,112.16072
223,1,1,2025-09-06,Turkey,Sweden,65.56278,83.401431
223,2,1,2025-09-06,Germany,Portugal,61.175688,54.23538
223,3,1,2025-09-06,Latvia,Lithuania,88.455847,65.019109
223,4,1,2025-09-06,Finland,Serbia,76.321226,95.617279
224,1,1,2025-09-06,Turkey,Sweden,88.440781,82.653407
224,2,1,2025-09-06,Germany,Portugal,90.258092,66.366809
224,3,1,2025-09-06,Latvia,Lithuania,82.608616,86.535578
224,4,1,2025-09-06,Finland,Serbia,90.310716,107.01345
225,1,1,2025-09-06,Turkey,Sweden,102.23433,84.568923
225,2,1,2025-09-06,Germany,Portugal,100.65288,67.432008
225,3,1,2025-09-06,Latvia,Lithuania,84.032483,86.018703
225,4,1,2025-09-06,Finland,Serbia,83.263518,95.248372
226,1,1,2025-09-06,Turkey,Sweden,93.571712,61.832427
226,2,1,2025-09-06,Germany,Portugal,104.72643,62.321135
226,3,1,2025-09-06,Latvia,Lithuania,101.33576,72.936179
226,4,1,2025-09-06,Finland,Serbia,110.92528,90.874122
227,1,1,2025-09-06,Turkey,Sweden,89.620613,65.933064
227,2,1,2025-09-06,Germany,Portugal,83.502631,59.799893
227,3,1,2025-09-06,Latvia,Lithuania,72.436568,67.282905
227,4,1,2025-09-06,Finland,Serbia,82.146102,83.607901
228,1,1,2025-09-06,Turkey,Sweden,96.030968,82.992277
228,2,1,2025-09-06,Germany,Portugal,89.460238,57.814108
228,3,1,2025-09-06,Latvia,Lithuania,82.093802,82.404867
228,4,1,2025-09-06,Finland,Serbia,97.199087,88.418433
229,1,1,2025-09-06,Turkey,Sweden,106.27046,83.039729
229,2,1,2025-09-06,Germany,Portugal,80.804511,54.364632
229,3,1,2025-09-06,Latvia,Lithuania,87.985949,84.103322
229,4,1,2025-09-06,Finland,Serbia,94.201388,93.765073
230,1,1,2025-09-06,Turkey,Sweden,95.921434,67.882798
230,2,1,2025-09-06,Germany,Portugal,90.717337,58.338672
230,3,1,2025-09-06,Latvia,Lithuania,99.965446,82.179393
230,4,1,2025-09-06,Finland,Serbia,79.817926,98.873719
231,1,1,2025-09-06,Turkey,Sweden,97.329073,87.99926
231,2,1,2025-09-06,Germany,Portugal,84.91616,72.279878
231,3,1,2025-09-06,Latvia,Lithuania,80.143504,94.867065
231,4,1,2025-09-06,Finland,Serbia,94.760454,84.802744
232,1,1,2025-09-06,Turkey,Sweden,88.028571,78.214223
232,2,1,2025-09-06,Germany,Portugal,110.97412,64.438217
232,3,1,2025-09-06,Latvia,Lithuania,80.291581,60.52818
232,4,1,2025-09-06,Finland,Serbia,62.814055,74.453766
233,1,1,2025-09-06,Turkey,Sweden,104.55316,79.821802
233,2,1,2025-09-06,Germany,Portugal,96.729476,42.92249
233,3,1,2025-09-06,Latvia,Lithuania,83.478036,85.317395
233,4,1,2025-09-06,Finland,Serbia,84.373539,97.746333
234,1,1,2025-09-06,Turkey,Sweden,76.680405,64.477192
234,2,1,2025-09-06,Germany,Portugal,94.309719,58.354093
234,3,1,2025-09-06,Latvia,Lithuania,83.353368,83.217196
234,4,1,2025-09-06,Finland,Serbia,88.526892,104.50307
235,1,1,2025-09-06,Turkey,Sweden,99.527628000000007,88.394036
235,2,1,2025-09-06,Germany,Portugal,96.864632,45.389035
235,3,1,2025-09-06,Latvia,Lithuania,93.353277,76.838527
235,4,1,2025-09-06,Finland,Serbia,96.676783,98.317276
236,1,1,2025-09-06,Turkey,Sweden,95.488572,89.146227
236,2,1,2025-09-06,Germany,Portugal,78.531415,75.843086
236,3,1,2025-09-06,Latvia,Lithuania,94.109724,94.433881
236,4,1,2025-09-06,Finland,Serbia,79.221349,103.21499
237,1,1,2025-09-06,Turkey,Sweden,81.940697,70.467815
237,2,1,2025-09-06,Germany,Portugal,65.145061,50.055604
237,3,1,2025-09-06,Latvia,Lithuania,102.04561,92.18113
237,4,1,2025-09-06,Finland,Serbia,89.003781,93.269008
238,1,1,2025-09-06,Turkey,Sweden,103.80448,73.46311
238,2,1,2025-09-06,Germany,Portugal,97.45468,72.064046
238,3,1,2025-09-06,Latvia,Lithuania,97.292314,90.390081
238,4,1,2025-09-06,Finland,Serbia,79.885739,91.596579
239,1,1,2025-09-06,Turkey,Sweden,71.995948,91.604943
239,2,1,2025-09-06,Germany,Portugal,98.145023,67.291884
239,3,1,2025-09-06,Latvia,Lithuania,106.98608,92.264514
239,4,1,2025-09-06,Finland,Serbia,107.53375,99.289343
240,1,1,2025-09-06,Turkey,Sweden,89.974331,69.623882
240,2,1,2025-09-06,Germany,Portugal,92.990238,84.426668
240,3,1,2025-09-06,Latvia,Lithuania,96.765545,99.439477
240,4,1,2025-09-06,Finland,Serbia,95.925538,94.826207
241,1,1,2025-09-06,Turkey,Sweden,73.401206,66.340109
241,2,1,2025-09-06,Germany,Portugal,118.14179,89.677693
241,3,1,2025-09-06,Latvia,Lithuania,102.60956,85.07274
241,4,1,2025-09-06,Finland,Serbia,80.652617,100.07682
242,1,1,2025-09-06,Turkey,Sweden,92.335889,78.431256
242,2,1,2025-09-06,Germany,Portugal,82.39752,66.623208
242,3,1,2025-09-06,Latvia,Lithuania,82.198422,61.628824
242,4,1,2025-09-06,Finland,Serbia,82.015125,86.424257
243,1,1,2025-09-06,Turkey,Sweden,77.772723,73.468506
243,2,1,2025-09-06,Germany,Portugal,98.08826,78.123386
243,3,1,2025-09-06,Latvia,Lithuania,68.318054,67.162286
243,4,1,2025-09-06,Finland,Serbia,88.192665,99.456808
244,1,1,2025-09-06,Turkey,Sweden,112.90608,99.558524
244,2,1,2025-09-06,Germany,Portugal,83.146731,72.889312
244,3,1,2025-09-06,Latvia,Lithuania,76.923548,79.350691
244,4,1,2025-09-06,Finland,Serbia,84.082048,104.12039
245,1,1,2025-09-06,Turkey,Sweden,86.13165,79.954634
245,2,1,2025-09-06,Germany,Portugal,96.01929,65.659063
245,3,1,2025-09-06,Latvia,Lithuania,73.63657,97.29023
245,4,1,2025-09-06,Finland,Serbia,94.770116,94.996301
246,1,1,2025-09-06,Turkey,Sweden,72.061956,73.176605
246,2,1,2025-09-06,Germany,Portugal,84.485034,47.324635
246,3,1,2025-09-06,Latvia,Lithuania,106.24224,92.055581
246,4,1,2025-09-06,Finland,Serbia,89.858107,90.290635
247,1,1,2025-09-06,Turkey,Sweden,109.30951,65.10238
247,2,1,2025-09-06,Germany,Portugal,80.976065,86.680317
247,3,1,2025-09-06,Latvia,Lithuania,79.052805,71.777064
247,4,1,2025-09-06,Finland,Serbia,80.516835,93.28462
248,1,1,2025-09-06,Turkey,Sweden,75.236836,71.467356
248,2,1,2025-09-06,Germany,Portugal,77.952618,56.392432
248,3,1,2025-09-06,Latvia,Lithuania,97.237305,86.026415
248,4,1,2025-09-06,Finland,Serbia,92.770014,109.98733
249,1,1,2025-09-06,Turkey,Sweden,103.03391,86.967352
249,2,1,2025-09-06,Germany,Portugal,93.980676,68.153241
249,3,1,2025-09-06,Latvia,Lithuania,77.018852,76.644961
249,4,1,2025-09-06,Finland,Serbia,82.2875,105.69354
250,1,1,2025-09-06,Turkey,Sweden,89.930925,49.842287
250,2,1,2025-09-06,Germany,Portugal,85.003078,55.844785
250,3,1,2025-09-06,Latvia,Lithuania,87.163958,81.653787
250,4,1,2025-09-06,Finland,Serbia,87.945818,99.083596
251,1,1,2025-09-06,Turkey,Sweden,91.337822,86.627
251,2,1,2025-09-06,Germany,Portugal,97.073806,54.544604
251,3,1,2025-09-06,Latvia,Lithuania,95.333752,109.38543
251,4,1,2025-09-06,Finland,Serbia,76.138458,81.8969
252,1,1,2025-09-06,Turkey,Sweden,91.839927,59.873893
252,2,1,2025-09-06,Germany,Portugal,98.07898,64.480126
252,3,1,2025-09-06,Latvia,Lithuania,94.837607,79.534604
252,4,1,2025-09-06,Finland,Serbia,76.919852,76.765476
253,1,1,2025-09-06,Turkey,Sweden,93.054216,88.02333
253,2,1,2025-09-06,Germany,Portugal,89.338352,67.19017
253,3,1,2025-09-06,Latvia,Lithuania,96.075898,86.936528
253,4,1,2025-09-06,Finland,Serbia,101.11545,114.61278
254,1,1,2025-09-06,Turkey,Sweden,83.326067,69.490569
254,2,1,2025-09-06,Germany,Portugal,106.80374,71.522497
254,3,1,2025-09-06,Latvia,Lithuania,88.209224,93.642476
254,4,1,2025-09-06,Finland,Serbia,73.263289,97.514768
255,1,1,2025-09-06,Turkey,Sweden,81.159203,77.275199
255,2,1,2025-09-06,Germany,Portugal,93.017682,65.109863
255,3,1,2025-09-06,Latvia,Lithuania,101.1472,92.912554
255,4,1,2025-09-06,Finland,Serbia,82.791,97.746774
256,1,1,2025-09-06,Turkey,Sweden,61.60208,58.188628
256,2,1,2025-09-06,Germany,Portugal,102.79926,59.984463
256,3,1,2025-09-06,Latvia,Lithuania,90.292084,88.753476
256,4,1,2025-09-06,Finland,Serbia,75.335604,93.419491
257,1,1,2025-09-06,Turkey,Sweden,76.864438,89.950151
257,2,1,2025-09-06,Germany,Portugal,78.062238,62.777887
257,3,1,2025-09-06,Latvia,Lithuania,87.730562,81.49603
257,4,1,2025-09-06,Finland,Serbia,87.738132,83.405631
258,1,1,2025-09-06,Turkey,Sweden,95.821953,65.264551
258,2,1,2025-09-06,Germany,Portugal,81.225559,69.902348
258,3,1,2025-09-06,Latvia,Lithuania,83.61207,79.726075
258,4,1,2025-09-06,Finland,Serbia,86.439231,100.20884
259,1,1,2025-09-06,Turkey,Sweden,85.405926,69.046057
259,2,1,2025-09-06,Germany,Portugal,90.571109,59.371758
259,3,1,2025-09-06,Latvia,Lithuania,90.007227,80.192916
259,4,1,2025-09-06,Finland,Serbia,97.089556,100.13512
260,1,1,2025-09-06,Turkey,Sweden,71.931075,65.645929
260,2,1,2025-09-06,Germany,Portugal,82.783798,60.562173
260,3,1,2025-09-06,Latvia,Lithuania,80.405339,61.089764
260,4,1,2025-09-06,Finland,Serbia,80.64806,78.616956
261,1,1,2025-09-06,Turkey,Sweden,109.91081,85.890768
261,2,1,2025-09-06,Germany,Portugal,82.950202,61.839052
261,3,1,2025-09-06,Latvia,Lithuania,82.687482,65.104749
261,4,1,2025-09-06,Finland,Serbia,79.120969,102.18692
262,1,1,2025-09-06,Turkey,Sweden,91.159022,75.005389
262,2,1,2025-09-06,Germany,Portugal,87.056399,58.435343
262,3,1,2025-09-06,Latvia,Lithuania,72.050792,83.207219
262,4,1,2025-09-06,Finland,Serbia,83.606675,103.24953
263,1,1,2025-09-06,Turkey,Sweden,99.26256,81.304703
263,2,1,2025-09-06,Germany,Portugal,87.174049,54.904729
263,3,1,2025-09-06,Latvia,Lithuania,117.15046,80.861155
263,4,1,2025-09-06,Finland,Serbia,75.460975,96.886842
264,1,1,2025-09-06,Turkey,Sweden,74.511164,71.163366
264,2,1,2025-09-06,Germany,Portugal,84.042323,67.09985
264,3,1,2025-09-06,Latvia,Lithuania,87.829866,80.586489
264,4,1,2025-09-06,Finland,Serbia,87.077871,89.939002
265,1,1,2025-09-06,Turkey,Sweden,72.170253,70.216006
265,2,1,2025-09-06,Germany,Portugal,103.72867,51.472975
265,3,1,2025-09-06,Latvia,Lithuania,84.573003,81.902734
265,4,1,2025-09-06,Finland,Serbia,78.158365,92.284612
266,1,1,2025-09-06,Turkey,Sweden,89.987355,78.916518
266,2,1,2025-09-06,Germany,Portugal,90.18199,70.630508
266,3,1,2025-09-06,Latvia,Lithuania,87.382534,66.541206
266,4,1,2025-09-06,Finland,Serbia,118.60592,111.15598
267,1,1,2025-09-06,Turkey,Sweden,76.574157,79.114084
267,2,1,2025-09-06,Germany,Portugal,73.9398,52.188056
267,3,1,2025-09-06,Latvia,Lithuania,87.133538,71.164092
267,4,1,2025-09-06,Finland,Serbia,81.575663,99.173457
268,1,1,2025-09-06,Turkey,Sweden,98.04377,87.155917
268,2,1,2025-09-06,Germany,Portugal,83.579683,61.312738
268,3,1,2025-09-06,Latvia,Lithuania,83.646396,65.572632
268,4,1,2025-09-06,Finland,Serbia,93.119238,106.46316
269,1,1,2025-09-06,Turkey,Sweden,74.30208,72.885463
269,2,1,2025-09-06,Germany,Portugal,69.755936,60.321114
269,3,1,2025-09-06,Latvia,Lithuania,90.78966,81.279348
269,4,1,2025-09-06,Finland,Serbia,89.525422,93.655834
270,1,1,2025-09-06,Turkey,Sweden,84.273127,82.541864
270,2,1,2025-09-06,Germany,Portugal,75.729608,65.024955
270,3,1,2025-09-06,Latvia,Lithuania,107.48801,91.64941
270,4,1,2025-09-06,Finland,Serbia,92.310881,89.123818
271,1,1,2025-09-06,Turkey,Sweden,85.837306,57.002676
271,2,1,2025-09-06,Germany,Portugal,77.108196,69.515719
271,3,1,2025-09-06,Latvia,Lithuania,106.78115,103.17956
271,4,1,2025-09-06,Finland,Serbia,99.394331,97.380686
272,1,1,2025-09-06,Turkey,Sweden,87.412387,89.552478
272,2,1,2025-09-06,Germany,Portugal,96.836094,56.286058
272,3,1,2025-09-06,Latvia,Lithuania,86.325641,77.058025
272,4,1,2025-09-06,Finland,Serbia,74.101604,92.042675
273,1,1,2025-09-06,Turkey,Sweden,70.367982,71.29465
273,2,1,2025-09-06,Germany,Portugal,84.249558,62.490362
273,3,1,2025-09-06,Latvia,Lithuania,88.559559,97.54058
273,4,1,2025-09-06,Finland,Serbia,83.462869,84.326674
274,1,1,2025-09-06,Turkey,Sweden,95.006395,65.688663
274,2,1,2025-09-06,Germany,Portugal,82.943423,56.307818
274,3,1,2025-09-06,Latvia,Lithuania,81.241805,67.617819
274,4,1,2025-09-06,Finland,Serbia,114.43616,100.84062
275,1,1,2025-09-06,Turkey,Sweden,89.894936,67.924233
275,2,1,2025-09-06,Germany,Portugal,92.08858,62.986749
275,3,1,2025-09-06,Latvia,Lithuania,99.537012,105.14392
275,4,1,2025-09-06,Finland,Serbia,90.955046,81.758639
276,1,1,2025-09-06,Turkey,Sweden,101.58347,74.299318
276,2,1,2025-09-06,Germany,Portugal,97.017143,46.670975
276,3,1,2025-09-06,Latvia,Lithuania,94.113495,84.461664
276,4,1,2025-09-06,Finland,Serbia,74.229536,105.10141
277,1,1,2025-09-06,Turkey,Sweden,87.12525,64.187613
277,2,1,2025-09-06,Germany,Portugal,66.524814,60.595548
277,3,1,2025-09-06,Latvia,Lithuania,89.530517,78.81414
277,4,1,2025-09-06,Finland,Serbia,98.844772,98.965687
278,1,1,2025-09-06,Turkey,Sweden,78.056911,97.786444
278,2,1,2025-09-06,Germany,Portugal,99.954972,50.248621
278,3,1,2025-09-06,Latvia,Lithuania,69.720692,63.162714
278,4,1,2025-09-06,Finland,Serbia,70.242902,111.85569
279,1,1,2025-09-06,Turkey,Sweden,92.762464,80.452933
279,2,1,2025-09-06,Germany,Portugal,88.743792,84.119658
279,3,1,2025-09-06,Latvia,Lithuania,59.976295,125.87651
279,4,1,2025-09-06,Finland,Serbia,104.81613,86.510708
280,1,1,2025-09-06,Turkey,Sweden,82.708735,69.070584
280,2,1,2025-09-06,Germany,Portugal,83.836987,57.006333
280,3,1,2025-09-06,Latvia,Lithuania,80.131681,72.612731
280,4,1,2025-09-06,Finland,Serbia,81.718147,91.789519
281,1,1,2025-09-06,Turkey,Sweden,94.202352,71.827807
281,2,1,2025-09-06,Germany,Portugal,83.835588,44.626927
281,3,1,2025-09-06,Latvia,Lithuania,99.45981,83.919683
281,4,1,2025-09-06,Finland,Serbia,84.932961,80.879731
282,1,1,2025-09-06,Turkey,Sweden,82.855648,78.290042
282,2,1,2025-09-06,Germany,Portugal,94.709198,57.496519
282,3,1,2025-09-06,Latvia,Lithuania,87.437804,77.071138
282,4,1,2025-09-06,Finland,Serbia,94.220313,108.10423
283,1,1,2025-09-06,Turkey,Sweden,96.964567,87.458628
283,2,1,2025-09-06,Germany,Portugal,103.71169,56.201146
283,3,1,2025-09-06,Latvia,Lithuania,97.147368,100.24628
283,4,1,2025-09-06,Finland,Serbia,73.055603,85.24471
284,1,1,2025-09-06,Turkey,Sweden,79.856587,89.168887
284,2,1,2025-09-06,Germany,Portugal,93.85292,69.001983
284,3,1,2025-09-06,Latvia,Lithuania,76.28872,92.227729
284,4,1,2025-09-06,Finland,Serbia,82.006461,112.37169
285,1,1,2025-09-06,Turkey,Sweden,93.741909,89.585745
285,2,1,2025-09-06,Germany,Portugal,100.65608,68.692447
285,3,1,2025-09-06,Latvia,Lithuania,67.377564,65.634948
285,4,1,2025-09-06,Finland,Serbia,59.302392,71.499851
286,1,1,2025-09-06,Turkey,Sweden,98.935211,80.44935
286,2,1,2025-09-06,Germany,Portugal,94.214283,55.896876
286,3,1,2025-09-06,Latvia,Lithuania,90.548507,92.534777
286,4,1,2025-09-06,Finland,Serbia,96.316011,117.15831
287,1,1,2025-09-06,Turkey,Sweden,87.896248,72.967864
287,2,1,2025-09-06,Germany,Portugal,106.36488,76.6337
287,3,1,2025-09-06,Latvia,Lithuania,85.536733,95.999637
287,4,1,2025-09-06,Finland,Serbia,101.42467,92.996889
288,1,1,2025-09-06,Turkey,Sweden,80.628549,69.067571
288,2,1,2025-09-06,Germany,Portugal,120.42441,85.300076
288,3,1,2025-09-06,Latvia,Lithuania,101.92329,74.851609
288,4,1,2025-09-06,Finland,Serbia,87.534546,85.107019
289,1,1,2025-09-06,Turkey,Sweden,98.437653,74.716497
289,2,1,2025-09-06,Germany,Portugal,77.15056,68.618883
289,3,1,2025-09-06,Latvia,Lithuania,86.427364,77.7934
289,4,1,2025-09-06,Finland,Serbia,95.992471,97.162721
290,1,1,2025-09-06,Turkey,Sweden,102.31412,66.946999
290,2,1,2025-09-06,Germany,Portugal,63.738475,43.28626
290,3,1,2025-09-06,Latvia,Lithuania,80.452402,75.919327
290,4,1,2025-09-06,Finland,Serbia,91.217532,76.633899
291,1,1,2025-09-06,Turkey,Sweden,80.109887,88.111062
291,2,1,2025-09-06,Germany,Portugal,76.780076,46.254108
291,3,1,2025-09-06,Latvia,Lithuania,83.824926,55.698567
291,4,1,2025-09-06,Finland,Serbia,107.99418,92.668829
292,1,1,2025-09-06,Turkey,Sweden,89.613824,92.126238
292,2,1,2025-09-06,Germany,Portugal,96.132317,59.690453
292,3,1,2025-09-06,Latvia,Lithuania,81.308948,85.728785
292,4,1,2025-09-06,Finland,Serbia,96.18251,102.20106
293,1,1,2025-09-06,Turkey,Sweden,99.076971,115.29131
293,2,1,2025-09-06,Germany,Portugal,96.150506,63.598071
293,3,1,2025-09-06,Latvia,Lithuania,96.425005,75.147635
293,4,1,2025-09-06,Finland,Serbia,92.837413,109.15296
294,1,1,2025-09-06,Turkey,Sweden,70.011171,90.362807
294,2,1,2025-09-06,Germany,Portugal,112.17921,90.93331
294,3,1,2025-09-06,Latvia,Lithuania,67.57678,57.648059
294,4,1,2025-09-06,Finland,Serbia,77.292204,100.26609
295,1,1,2025-09-06,Turkey,Sweden,87.919649,82.107619
295,2,1,2025-09-06,Germany,Portugal,80.114531,79.545295
295,3,1,2025-09-06,Latvia,Lithuania,114.91736,74.948647
295,4,1,2025-09-06,Finland,Serbia,97.253987,93.817197
296,1,1,2025-09-06,Turkey,Sweden,97.9929,85.349659
296,2,1,2025-09-06,Germany,Portugal,109.7613,48.008882
296,3,1,2025-09-06,Latvia,Lithuania,77.424322,79.350639
296,4,1,2025-09-06,Finland,Serbia,93.831086,85.858817
297,1,1,2025-09-06,Turkey,Sweden,87.395541,73.52282
297,2,1,2025-09-06,Germany,Portugal,90.481287,63.541718
297,3,1,2025-09-06,Latvia,Lithuania,88.64232,76.639209
297,4,1,2025-09-06,Finland,Serbia,64.069987,82.524639
298,1,1,2025-09-06,Turkey,Sweden,76.487069,100.01102
298,2,1,2025-09-06,Germany,Portugal,100.29866,67.840487
298,3,1,2025-09-06,Latvia,Lithuania,107.76239,90.759085
298,4,1,2025-09-06,Finland,Serbia,100.45994,100.94247
299,1,1,2025-09-06,Turkey,Sweden,89.73582,61.216079
299,2,1,2025-09-06,Germany,Portugal,91.105524,54.512005
299,3,1,2025-09-06,Latvia,Lithuania,68.507939,75.107572
299,4,1,2025-09-06,Finland,Serbia,87.100408,86.276387
300,1,1,2025-09-06,Turkey,Sweden,83.469509,80.186602
300,2,1,2025-09-06,Germany,Portugal,63.371792,43.721872
300,3,1,2025-09-06,Latvia,Lithuania,104.63463,80.248665
300,4,1,2025-09-06,Finland,Serbia,78.076532,87.92141
301,1,1,2025-09-06,Turkey,Sweden,101.4145,88.913691
301,2,1,2025-09-06,Germany,Portugal,91.080125,63.075105
301,3,1,2025-09-06,Latvia,Lithuania,82.683931,73.678637
301,4,1,2025-09-06,Finland,Serbia,89.57959,111.18798
302,1,1,2025-09-06,Turkey,Sweden,77.514594,91.553529
302,2,1,2025-09-06,Germany,Portugal,88.245057,66.653688
302,3,1,2025-09-06,Latvia,Lithuania,88.72741,71.781876
302,4,1,2025-09-06,Finland,Serbia,98.257267,124.64682
303,1,1,2025-09-06,Turkey,Sweden,104.17423,69.054601
303,2,1,2025-09-06,Germany,Portugal,88.546357,59.798065
303,3,1,2025-09-06,Latvia,Lithuania,75.930289,89.365108
303,4,1,2025-09-06,Finland,Serbia,85.545884,77.16746
304,1,1,2025-09-06,Turkey,Sweden,100.9259,93.687508
304,2,1,2025-09-06,Germany,Portugal,84.411879,59.111661
304,3,1,2025-09-06,Latvia,Lithuania,70.391334,82.792196
304,4,1,2025-09-06,Finland,Serbia,85.214611,111.50515
305,1,1,2025-09-06,Turkey,Sweden,87.889031,45.702621
305,2,1,2025-09-06,Germany,Portugal,76.561458,71.839603
305,3,1,2025-09-06,Latvia,Lithuania,79.636128,82.876752
305,4,1,2025-09-06,Finland,Serbia,74.986546,108.08873
306,1,1,2025-09-06,Turkey,Sweden,86.593586,61.537047
306,2,1,2025-09-06,Germany,Portugal,84.52687,59.986433
306,3,1,2025-09-06,Latvia,Lithuania,86.224894,82.008499
306,4,1,2025-09-06,Finland,Serbia,84.251812,87.063516
307,1,1,2025-09-06,Turkey,Sweden,103.46883,95.321886
307,2,1,2025-09-06,Germany,Portugal,104.75027,62.529073
307,3,1,2025-09-06,Latvia,Lithuania,85.361662,78.356208
307,4,1,2025-09-06,Finland,Serbia,99.748286,91.00139
308,1,1,2025-09-06,Turkey,Sweden,94.651251,74.187754
308,2,1,2025-09-06,Germany,Portugal,103.19683,47.45784
308,3,1,2025-09-06,Latvia,Lithuania,76.667679,82.664497
308,4,1,2025-09-06,Finland,Serbia,80.388097,81.366919
309,1,1,2025-09-06,Turkey,Sweden,96.591592,75.786062
309,2,1,2025-09-06,Germany,Portugal,115.93303,64.521711
309,3,1,2025-09-06,Latvia,Lithuania,79.068505,74.627212
309,4,1,2025-09-06,Finland,Serbia,77.830263,120.67958
310,1,1,2025-09-06,Turkey,Sweden,94.523081,66.029515
310,2,1,2025-09-06,Germany,Portugal,88.830198,61.841029
310,3,1,2025-09-06,Latvia,Lithuania,96.407566,85.286288
310,4,1,2025-09-06,Finland,Serbia,71.255899,91.211069
311,1,1,2025-09-06,Turkey,Sweden,109.969,97.745067
311,2,1,2025-09-06,Germany,Portugal,117.90616,69.599557
311,3,1,2025-09-06,Latvia,Lithuania,74.239206,77.105008
311,4,1,2025-09-06,Finland,Serbia,104.04059,120.92851
312,1,1,2025-09-06,Turkey,Sweden,95.244006,68.917915
312,2,1,2025-09-06,Germany,Portugal,99.728516,71.165228
312,3,1,2025-09-06,Latvia,Lithuania,70.791206,68.824754
312,4,1,2025-09-06,Finland,Serbia,79.581329,105.86534
313,1,1,2025-09-06,Turkey,Sweden,67.898797,62.491685
313,2,1,2025-09-06,Germany,Portugal,99.870491,42.079163
313,3,1,2025-09-06,Latvia,Lithuania,98.525425,78.977477
313,4,1,2025-09-06,Finland,Serbia,82.40835,96.549246
314,1,1,2025-09-06,Turkey,Sweden,70.912274,97.773742
314,2,1,2025-09-06,Germany,Portugal,95.47985,81.902502
314,3,1,2025-09-06,Latvia,Lithuania,87.003153,68.443626
314,4,1,2025-09-06,Finland,Serbia,83.362499,98.423151
315,1,1,2025-09-06,Turkey,Sweden,91.050621,102.78288
315,2,1,2025-09-06,Germany,Portugal,74.362547,58.052207
315,3,1,2025-09-06,Latvia,Lithuania,78.964391,66.573669
315,4,1,2025-09-06,Finland,Serbia,93.075721,92.870435
316,1,1,2025-09-06,Turkey,Sweden,101.9772,94.467696
316,2,1,2025-09-06,Germany,Portugal,95.773497,58.863717
316,3,1,2025-09-06,Latvia,Lithuania,68.358716,61.235938
316,4,1,2025-09-06,Finland,Serbia,89.863832,112.03256
317,1,1,2025-09-06,Turkey,Sweden,76.591258,77.508019
317,2,1,2025-09-06,Germany,Portugal,90.754507,43.336442
317,3,1,2025-09-06,Latvia,Lithuania,84.53653,85.689365
317,4,1,2025-09-06,Finland,Serbia,86.101987,90.616166
318,1,1,2025-09-06,Turkey,Sweden,93.027335,56.648168
318,2,1,2025-09-06,Germany,Portugal,87.4426,30.192371
318,3,1,2025-09-06,Latvia,Lithuania,82.575039,86.156673
318,4,1,2025-09-06,Finland,Serbia,68.581953,93.625287
319,1,1,2025-09-06,Turkey,Sweden,78.532076,96.450073
319,2,1,2025-09-06,Germany,Portugal,107.18652,66.811296
319,3,1,2025-09-06,Latvia,Lithuania,86.176044,61.126372
319,4,1,2025-09-06,Finland,Serbia,83.394439,92.1736
320,1,1,2025-09-06,Turkey,Sweden,85.745322,78.883796
320,2,1,2025-09-06,Germany,Portugal,99.003444,61.496312
320,3,1,2025-09-06,Latvia,Lithuania,77.014655,88.456298
320,4,1,2025-09-06,Finland,Serbia,92.375829,94.616265
321,1,1,2025-09-06,Turkey,Sweden,98.034971,75.614935
321,2,1,2025-09-06,Germany,Portugal,93.461757,49.097854
321,3,1,2025-09-06,Latvia,Lithuania,94.686328,82.99974
321,4,1,2025-09-06,Finland,Serbia,99.73527,101.37212
322,1,1,2025-09-06,Turkey,Sweden,82.101677,70.260855
322,2,1,2025-09-06,Germany,Portugal,102.78007,58.089394
322,3,1,2025-09-06,Latvia,Lithuania,84.91016,80.787879
322,4,1,2025-09-06,Finland,Serbia,83.672684,108.28964
323,1,1,2025-09-06,Turkey,Sweden,92.285479,83.254776
323,2,1,2025-09-06,Germany,Portugal,72.44114,86.099361
323,3,1,2025-09-06,Latvia,Lithuania,90.537414,95.410792
323,4,1,2025-09-06,Finland,Serbia,88.428514,96.070257
324,1,1,2025-09-06,Turkey,Sweden,83.524368,68.526826
324,2,1,2025-09-06,Germany,Portugal,82.422698,75.562794
324,3,1,2025-09-06,Latvia,Lithuania,86.645746,69.699271
324,4,1,2025-09-06,Finland,Serbia,78.3263,111.80494
325,1,1,2025-09-06,Turkey,Sweden,91.560985,87.578189
325,2,1,2025-09-06,Germany,Portugal,91.69645,60.465077
325,3,1,2025-09-06,Latvia,Lithuania,77.690891,99.475221
325,4,1,2025-09-06,Finland,Serbia,90.489032,88.629629
326,1,1,2025-09-06,Turkey,Sweden,88.540354,86.185966
326,2,1,2025-09-06,Germany,Portugal,85.804719,47.328043
326,3,1,2025-09-06,Latvia,Lithuania,91.965633,85.155957
326,4,1,2025-09-06,Finland,Serbia,92.044472,100.3954
327,1,1,2025-09-06,Turkey,Sweden,77.487514,54.928482
327,2,1,2025-09-06,Germany,Portugal,107.39273,59.215731
327,3,1,2025-09-06,Latvia,Lithuania,69.958218,84.720663
327,4,1,2025-09-06,Finland,Serbia,95.433464,101.66468
328,1,1,2025-09-06,Turkey,Sweden,69.680647,68.569325
328,2,1,2025-09-06,Germany,Portugal,75.754154,72.072276
328,3,1,2025-09-06,Latvia,Lithuania,92.899147,81.577983
328,4,1,2025-09-06,Finland,Serbia,87.09527,92.165864
329,1,1,2025-09-06,Turkey,Sweden,79.105409,64.655517
329,2,1,2025-09-06,Germany,Portugal,104.19066,62.696674
329,3,1,2025-09-06,Latvia,Lithuania,82.918075,65.581256
329,4,1,2025-09-06,Finland,Serbia,88.646939,89.740708
330,1,1,2025-09-06,Turkey,Sweden,65.010602,79.648779
330,2,1,2025-09-06,Germany,Portugal,93.440147,71.109977
330,3,1,2025-09-06,Latvia,Lithuania,81.372536,92.527873
330,4,1,2025-09-06,Finland,Serbia,90.795074,83.231471
331,1,1,2025-09-06,Turkey,Sweden,91.820381,76.241835
331,2,1,2025-09-06,Germany,Portugal,95.670344,53.071201
331,3,1,2025-09-06,Latvia,Lithuania,87.412999,77.461979
331,4,1,2025-09-06,Finland,Serbia,69.811606,91.33065
332,1,1,2025-09-06,Turkey,Sweden,86.635514,79.977499
332,2,1,2025-09-06,Germany,Portugal,92.227027,61.602171
332,3,1,2025-09-06,Latvia,Lithuania,104.17615,103.53539
332,4,1,2025-09-06,Finland,Serbia,90.966088,102.67841
333,1,1,2025-09-06,Turkey,Sweden,78.187498,73.114299
333,2,1,2025-09-06,Germany,Portugal,74.659856,64.096242
333,3,1,2025-09-06,Latvia,Lithuania,86.816848,81.629988
333,4,1,2025-09-06,Finland,Serbia,84.86814,81.728987
334,1,1,2025-09-06,Turkey,Sweden,81.536335,52.143057
334,2,1,2025-09-06,Germany,Portugal,82.314864,52.464805
334,3,1,2025-09-06,Latvia,Lithuania,100.63352,91.045036
334,4,1,2025-09-06,Finland,Serbia,112.00902,77.033175
335,1,1,2025-09-06,Turkey,Sweden,78.222585,52.682218
335,2,1,2025-09-06,Germany,Portugal,94.277276,80.532452
335,3,1,2025-09-06,Latvia,Lithuania,93.42125,88.619019
335,4,1,2025-09-06,Finland,Serbia,75.86201,108.64422
336,1,1,2025-09-06,Turkey,Sweden,103.56422,93.063736
336,2,1,2025-09-06,Germany,Portugal,95.413722,53.868478
336,3,1,2025-09-06,Latvia,Lithuania,101.79959,98.751372
336,4,1,2025-09-06,Finland,Serbia,82.90968,101.32351
337,1,1,2025-09-06,Turkey,Sweden,98.798305,77.560008
337,2,1,2025-09-06,Germany,Portugal,99.636155,88.488124
337,3,1,2025-09-06,Latvia,Lithuania,85.648095,78.100692
337,4,1,2025-09-06,Finland,Serbia,89.49907,95.412931
338,1,1,2025-09-06,Turkey,Sweden,63.163072,76.766374
338,2,1,2025-09-06,Germany,Portugal,68.192793,62.807272
338,3,1,2025-09-06,Latvia,Lithuania,73.960376,87.90946
338,4,1,2025-09-06,Finland,Serbia,98.761605,88.284214
339,1,1,2025-09-06,Turkey,Sweden,114.9245,74.703058
339,2,1,2025-09-06,Germany,Portugal,106.75913,76.842181
339,3,1,2025-09-06,Latvia,Lithuania,97.007552,76.464448
339,4,1,2025-09-06,Finland,Serbia,91.986729,95.834732
340,1,1,2025-09-06,Turkey,Sweden,75.388805,62.345256
340,2,1,2025-09-06,Germany,Portugal,101.65431,70.605242
340,3,1,2025-09-06,Latvia,Lithuania,83.382661,89.723059
340,4,1,2025-09-06,Finland,Serbia,86.538019,99.935272
341,1,1,2025-09-06,Turkey,Sweden,94.601363,75.830154
341,2,1,2025-09-06,Germany,Portugal,105.23493,66.203225
341,3,1,2025-09-06,Latvia,Lithuania,69.776063,84.602842
341,4,1,2025-09-06,Finland,Serbia,105.45081,102.58741
342,1,1,2025-09-06,Turkey,Sweden,87.519311,85.944729
342,2,1,2025-09-06,Germany,Portugal,80.071225,49.545609
342,3,1,2025-09-06,Latvia,Lithuania,86.911129,75.581779
342,4,1,2025-09-06,Finland,Serbia,72.241861,88.383239
343,1,1,2025-09-06,Turkey,Sweden,92.910839,81.346507
343,2,1,2025-09-06,Germany,Portugal,104.2184,75.965768
343,3,1,2025-09-06,Latvia,Lithuania,70.153615,97.532582
343,4,1,2025-09-06,Finland,Serbia,56.547538,59.737853
344,1,1,2025-09-06,Turkey,Sweden,94.389639,86.786106
344,2,1,2025-09-06,Germany,Portugal,79.637043,58.396866
344,3,1,2025-09-06,Latvia,Lithuania,87.524363,69.75996
344,4,1,2025-09-06,Finland,Serbia,94.623955,88.027117
345,1,1,2025-09-06,Turkey,Sweden,80.976951,66.51789
345,2,1,2025-09-06,Germany,Portugal,77.012549,39.647351
345,3,1,2025-09-06,Latvia,Lithuania,82.963596,82.870708
345,4,1,2025-09-06,Finland,Serbia,103.98853,98.903409
346,1,1,2025-09-06,Turkey,Sweden,62.512659,69.890792
346,2,1,2025-09-06,Germany,Portugal,109.61733,78.784715
346,3,1,2025-09-06,Latvia,Lithuania,95.040411,75.346599
346,4,1,2025-09-06,Finland,Serbia,80.894934,104.65772
347,1,1,2025-09-06,Turkey,Sweden,99.545081,65.213981
347,2,1,2025-09-06,Germany,Portugal,77.641119,53.815727
347,3,1,2025-09-06,Latvia,Lithuania,94.861129,66.923846
347,4,1,2025-09-06,Finland,Serbia,97.072625,91.783212
348,1,1,2025-09-06,Turkey,Sweden,79.501758,89.116055
348,2,1,2025-09-06,Germany,Portugal,80.700783,76.309486
348,3,1,2025-09-06,Latvia,Lithuania,68.701018,69.144259
348,4,1,2025-09-06,Finland,Serbia,103.89485,109.71736
349,1,1,2025-09-06,Turkey,Sweden,78.789409,73.324355
349,2,1,2025-09-06,Germany,Portugal,78.968095,58.933143
349,3,1,2025-09-06,Latvia,Lithuania,78.579774,78.759928
349,4,1,2025-09-06,Finland,Serbia,92.947861,74.849382
350,1,1,2025-09-06,Turkey,Sweden,72.556307,92.308489
350,2,1,2025-09-06,Germany,Portugal,100.4204,64.802195
350,3,1,2025-09-06,Latvia,Lithuania,109.08445,93.104251
350,4,1,2025-09-06,Finland,Serbia,78.132329,80.622231
351,1,1,2025-09-06,Turkey,Sweden,69.163913,68.255541
351,2,1,2025-09-06,Germany,Portugal,85.346439,66.088176
351,3,1,2025-09-06,Latvia,Lithuania,87.62053,82.704518
351,4,1,2025-09-06,Finland,Serbia,97.775958,84.864449
352,1,1,2025-09-06,Turkey,Sweden,90.875782,74.903816
352,2,1,2025-09-06,Germany,Portugal,99.857226,73.608273
352,3,1,2025-09-06,Latvia,Lithuania,103.11286,95.367214
352,4,1,2025-09-06,Finland,Serbia,92.2087,109.31133
353,1,1,2025-09-06,Turkey,Sweden,93.051413,75.184821
353,2,1,2025-09-06,Germany,Portugal,111.23065,68.664923
353,3,1,2025-09-06,Latvia,Lithuania,99.765008,94.292696
353,4,1,2025-09-06,Finland,Serbia,108.07583,112.62462
354,1,1,2025-09-06,Turkey,Sweden,86.079112,83.957982
354,2,1,2025-09-06,Germany,Portugal,88.275888,59.069278
354,3,1,2025-09-06,Latvia,Lithuania,100.34459,90.78134
354,4,1,2025-09-06,Finland,Serbia,89.197458,101.05427
355,1,1,2025-09-06,Turkey,Sweden,93.231364,80.67497
355,2,1,2025-09-06,Germany,Portugal,79.435732,64.640813
355,3,1,2025-09-06,Latvia,Lithuania,86.453482,103.25725
355,4,1,2025-09-06,Finland,Serbia,72.924922,80.037758
356,1,1,2025-09-06,Turkey,Sweden,60.775954,67.565504
356,2,1,2025-09-06,Germany,Portugal,89.437121,61.172185
356,3,1,2025-09-06,Latvia,Lithuania,108.79124,91.7386
356,4,1,2025-09-06,Finland,Serbia,80.535402,88.440582
357,1,1,2025-09-06,Turkey,Sweden,90.049362,92.006016
357,2,1,2025-09-06,Germany,Portugal,98.957948,77.369525
357,3,1,2025-09-06,Latvia,Lithuania,82.119129,94.546218
357,4,1,2025-09-06,Finland,Serbia,99.89829,83.997095
358,1,1,2025-09-06,Turkey,Sweden,93.153688,64.122244
358,2,1,2025-09-06,Germany,Portugal,90.62834,72.690136
358,3,1,2025-09-06,Latvia,Lithuania,86.882579,68.05269
358,4,1,2025-09-06,Finland,Serbia,99.933937,97.640639
359,1,1,2025-09-06,Turkey,Sweden,61.193948,73.506414
359,2,1,2025-09-06,Germany,Portugal,88.120778,66.050852
359,3,1,2025-09-06,Latvia,Lithuania,101.01285,89.28409
359,4,1,2025-09-06,Finland,Serbia,103.17467,96.103547
360,1,1,2025-09-06,Turkey,Sweden,80.884562,68.521459
360,2,1,2025-09-06,Germany,Portugal,75.942329,63.083729
360,3,1,2025-09-06,Latvia,Lithuania,90.964946,91.404316
360,4,1,2025-09-06,Finland,Serbia,89.036392,108.11084
361,1,1,2025-09-06,Turkey,Sweden,92.436049,78.9587
361,2,1,2025-09-06,Germany,Portugal,80.192975,69.176591
361,3,1,2025-09-06,Latvia,Lithuania,71.125243,84.019132
361,4,1,2025-09-06,Finland,Serbia,79.89289,112.39881
362,1,1,2025-09-06,Turkey,Sweden,84.307698,68.583695
362,2,1,2025-09-06,Germany,Portugal,95.348575,65.865342
362,3,1,2025-09-06,Latvia,Lithuania,73.896489,84.966843
362,4,1,2025-09-06,Finland,Serbia,79.637323,117.87231
363,1,1,2025-09-06,Turkey,Sweden,82.120404,52.880763
363,2,1,2025-09-06,Germany,Portugal,69.394477,58.78805
363,3,1,2025-09-06,Latvia,Lithuania,72.482472,98.97735
363,4,1,2025-09-06,Finland,Serbia,67.227391,92.725569
364,1,1,2025-09-06,Turkey,Sweden,71.201154,74.899872
364,2,1,2025-09-06,Germany,Portugal,90.107313,66.757474
364,3,1,2025-09-06,Latvia,Lithuania,99.803061,85.992156
364,4,1,2025-09-06,Finland,Serbia,95.056526,98.955353
365,1,1,2025-09-06,Turkey,Sweden,78.462607,40.635942
365,2,1,2025-09-06,Germany,Portugal,86.225875,60.847925
365,3,1,2025-09-06,Latvia,Lithuania,73.099869,80.62735
365,4,1,2025-09-06,Finland,Serbia,94.300992,113.14651
366,1,1,2025-09-06,Turkey,Sweden,80.795219,88.834612
366,2,1,2025-09-06,Germany,Portugal,98.355836,75.474426
366,3,1,2025-09-06,Latvia,Lithuania,88.130856,82.476925
366,4,1,2025-09-06,Finland,Serbia,85.18729,92.680548
367,1,1,2025-09-06,Turkey,Sweden,92.18513,55.952049
367,2,1,2025-09-06,Germany,Portugal,85.20585,72.557071
367,3,1,2025-09-06,Latvia,Lithuania,99.424411,72.274987
367,4,1,2025-09-06,Finland,Serbia,68.980524,106.91567
368,1,1,2025-09-06,Turkey,Sweden,95.829874,84.459199
368,2,1,2025-09-06,Germany,Portugal,86.885755,61.929192
368,3,1,2025-09-06,Latvia,Lithuania,94.066466,95.309021
368,4,1,2025-09-06,Finland,Serbia,107.05158,99.188357
369,1,1,2025-09-06,Turkey,Sweden,75.269495,78.701706
369,2,1,2025-09-06,Germany,Portugal,115.04135,72.778281
369,3,1,2025-09-06,Latvia,Lithuania,75.392827,95.294364
369,4,1,2025-09-06,Finland,Serbia,113.9301,91.689722
370,1,1,2025-09-06,Turkey,Sweden,86.068767,89.463153
370,2,1,2025-09-06,Germany,Portugal,96.020428,68.870037
370,3,1,2025-09-06,Latvia,Lithuania,87.85725,81.953605
370,4,1,2025-09-06,Finland,Serbia,81.96982,92.841453
371,1,1,2025-09-06,Turkey,Sweden,96.136931,76.979149
371,2,1,2025-09-06,Germany,Portugal,76.320832,57.894103
371,3,1,2025-09-06,Latvia,Lithuania,92.179611,96.732931
371,4,1,2025-09-06,Finland,Serbia,103.32352,99.058614
372,1,1,2025-09-06,Turkey,Sweden,93.504084,90.667058
372,2,1,2025-09-06,Germany,Portugal,101.92081,84.156959
372,3,1,2025-09-06,Latvia,Lithuania,97.995853,102.05434
372,4,1,2025-09-06,Finland,Serbia,101.39739,96.207649
373,1,1,2025-09-06,Turkey,Sweden,84.196058,66.884052
373,2,1,2025-09-06,Germany,Portugal,89.517176,58.957971
373,3,1,2025-09-06,Latvia,Lithuania,88.433402,77.627416
373,4,1,2025-09-06,Finland,Serbia,102.68284,112.41061
374,1,1,2025-09-06,Turkey,Sweden,122.31139,94.120164
374,2,1,2025-09-06,Germany,Portugal,83.469817,46.036636
374,3,1,2025-09-06,Latvia,Lithuania,73.818174,70.472506
374,4,1,2025-09-06,Finland,Serbia,81.802344,74.500187
375,1,1,2025-09-06,Turkey,Sweden,64.468588,85.371417
375,2,1,2025-09-06,Germany,Portugal,114.05399,64.904651
375,3,1,2025-09-06,Latvia,Lithuania,81.277519,84.212818
375,4,1,2025-09-06,Finland,Serbia,93.965047,95.657714
376,1,1,2025-09-06,Turkey,Sweden,91.448504,79.456498
376,2,1,2025-09-06,Germany,Portugal,84.826434,70.409502
376,3,1,2025-09-06,Latvia,Lithuania,93.983534,65.169511
376,4,1,2025-09-06,Finland,Serbia,87.62139,99.133479
377,1,1,2025-09-06,Turkey,Sweden,103.66109,57.052076
377,2,1,2025-09-06,Germany,Portugal,120.59009,62.924036
377,3,1,2025-09-06,Latvia,Lithuania,87.545788,92.697498
377,4,1,2025-09-06,Finland,Serbia,83.978565,87.368905
378,1,1,2025-09-06,Turkey,Sweden,94.330091,92.278317
378,2,1,2025-09-06,Germany,Portugal,76.852714,65.380512
378,3,1,2025-09-06,Latvia,Lithuania,92.307709,93.578597
378,4,1,2025-09-06,Finland,Serbia,95.235222,104.59786
379,1,1,2025-09-06,Turkey,Sweden,94.504148,86.486598
379,2,1,2025-09-06,Germany,Portugal,88.713058,70.095588
379,3,1,2025-09-06,Latvia,Lithuania,87.541513,93.217837
379,4,1,2025-09-06,Finland,Serbia,78.766131,100.65733
380,1,1,2025-09-06,Turkey,Sweden,87.150934,77.003823
380,2,1,2025-09-06,Germany,Portugal,93.049358,67.236011
380,3,1,2025-09-06,Latvia,Lithuania,81.393895,91.219363
380,4,1,2025-09-06,Finland,Serbia,101.1174,98.879111
381,1,1,2025-09-06,Turkey,Sweden,84.371833,82.322519
381,2,1,2025-09-06,Germany,Portugal,83.069392,65.369979
381,3,1,2025-09-06,Latvia,Lithuania,87.81822,75.959102
381,4,1,2025-09-06,Finland,Serbia,74.991876,84.304563
382,1,1,2025-09-06,Turkey,Sweden,101.92709,72.430368
382,2,1,2025-09-06,Germany,Portugal,74.358896,52.430875
382,3,1,2025-09-06,Latvia,Lithuania,90.176734,87.429527
382,4,1,2025-09-06,Finland,Serbia,81.573712,114.18795
383,1,1,2025-09-06,Turkey,Sweden,101.72926,79.216984
383,2,1,2025-09-06,Germany,Portugal,88.868923,62.055457
383,3,1,2025-09-06,Latvia,Lithuania,111.99611,90.984087
383,4,1,2025-09-06,Finland,Serbia,104.17615,89.747556
384,1,1,2025-09-06,Turkey,Sweden,88.24635,58.634662
384,2,1,2025-09-06,Germany,Portugal,82.953974,51.843776
384,3,1,2025-09-06,Latvia,Lithuania,89.013578999999993,65.521206
384,4,1,2025-09-06,Finland,Serbia,103.42229,99.095569
385,1,1,2025-09-06,Turkey,Sweden,65.677834,48.028073
385,2,1,2025-09-06,Germany,Portugal,78.476034,63.300358
385,3,1,2025-09-06,Latvia,Lithuania,78.075091,83.733561
385,4,1,2025-09-06,Finland,Serbia,93.297364,108.72726
386,1,1,2025-09-06,Turkey,Sweden,76.84267,83.42178
386,2,1,2025-09-06,Germany,Portugal,71.261794,60.415615
386,3,1,2025-09-06,Latvia,Lithuania,90.908271,93.840498
386,4,1,2025-09-06,Finland,Serbia,89.296334,97.079481
387,1,1,2025-09-06,Turkey,Sweden,82.000885,83.452611
387,2,1,2025-09-06,Germany,Portugal,94.412073,73.42394
387,3,1,2025-09-06,Latvia,Lithuania,70.278211,80.635849
387,4,1,2025-09-06,Finland,Serbia,81.508611,94.263327
388,1,1,2025-09-06,Turkey,Sweden,98.120879,92.576869
388,2,1,2025-09-06,Germany,Portugal,95.356562,67.216105
388,3,1,2025-09-06,Latvia,Lithuania,82.342154,77.736648
388,4,1,2025-09-06,Finland,Serbia,88.847366,95.233866
389,1,1,2025-09-06,Turkey,Sweden,86.192577,83.627216
389,2,1,2025-09-06,Germany,Portugal,91.798628,48.59653
389,3,1,2025-09-06,Latvia,Lithuania,84.950647,89.334741
389,4,1,2025-09-06,Finland,Serbia,89.737431,92.041033
390,1,1,2025-09-06,Turkey,Sweden,107.19218,73.951113
390,2,1,2025-09-06,Germany,Portugal,88.083663,57.055418
390,3,1,2025-09-06,Latvia,Lithuania,84.84359,67.902099
390,4,1,2025-09-06,Finland,Serbia,90.924258,101.22639
391,1,1,2025-09-06,Turkey,Sweden,71.55804,60.912845
391,2,1,2025-09-06,Germany,Portugal,97.190369,63.809169
391,3,1,2025-09-06,Latvia,Lithuania,96.795391,77.049678
391,4,1,2025-09-06,Finland,Serbia,95.280834,86.843346
392,1,1,2025-09-06,Turkey,Sweden,78.17551,74.61213
392,2,1,2025-09-06,Germany,Portugal,89.916519,71.25634
392,3,1,2025-09-06,Latvia,Lithuania,74.297733,68.784172
392,4,1,2025-09-06,Finland,Serbia,99.534212,103.9325
393,1,1,2025-09-06,Turkey,Sweden,90.915952,92.026952
393,2,1,2025-09-06,Germany,Portugal,97.645703,54.203829
393,3,1,2025-09-06,Latvia,Lithuania,106.06778,85.194728
393,4,1,2025-09-06,Finland,Serbia,98.451848,100.09018
394,1,1,2025-09-06,Turkey,Sweden,96.495476,97.834386
394,2,1,2025-09-06,Germany,Portugal,80.730886,77.013323
394,3,1,2025-09-06,Latvia,Lithuania,93.740775,84.437236
394,4,1,2025-09-06,Finland,Serbia,92.223126,86.053479
395,1,1,2025-09-06,Turkey,Sweden,95.030318,83.268973
395,2,1,2025-09-06,Germany,Portugal,88.02996,68.726035
395,3,1,2025-09-06,Latvia,Lithuania,107.21695,94.72173
395,4,1,2025-09-06,Finland,Serbia,69.542499,105.12285
396,1,1,2025-09-06,Turkey,Sweden,85.716146,109.28228
396,2,1,2025-09-06,Germany,Portugal,73.226195,72.381231
396,3,1,2025-09-06,Latvia,Lithuania,90.014615,86.07394
396,4,1,2025-09-06,Finland,Serbia,78.487752,73.692234
397,1,1,2025-09-06,Turkey,Sweden,78.503852,66.40128
397,2,1,2025-09-06,Germany,Portugal,87.041819,53.771407
397,3,1,2025-09-06,Latvia,Lithuania,67.766258,83.799806
397,4,1,2025-09-06,Finland,Serbia,99.101213,104.8766
398,1,1,2025-09-06,Turkey,Sweden,87.175177,133.88897
398,2,1,2025-09-06,Germany,Portugal,112.74577,76.466081
398,3,1,2025-09-06,Latvia,Lithuania,104.56686,105.86617
398,4,1,2025-09-06,Finland,Serbia,81.317291,89.509533
399,1,1,2025-09-06,Turkey,Sweden,104.02135,84.102175
399,2,1,2025-09-06,Germany,Portugal,100.77087,49.199556
399,3,1,2025-09-06,Latvia,Lithuania,92.409477999999993,92.273817
399,4,1,2025-09-06,Finland,Serbia,101.48679,93.820974
400,1,1,2025-09-06,Turkey,Sweden,87.669825,82.919629
400,2,1,2025-09-06,Germany,Portugal,86.917785,62.830844
400,3,1,2025-09-06,Latvia,Lithuania,88.199578,81.046498
400,4,1,2025-09-06,Finland,Serbia,90.052218,90.445875
401,1,1,2025-09-06,Turkey,Sweden,75.711415,64.104681
401,2,1,2025-09-06,Germany,Portugal,75.490312,58.167004
401,3,1,2025-09-06,Latvia,Lithuania,94.036702,79.223005
401,4,1,2025-09-06,Finland,Serbia,94.107189,89.354717
402,1,1,2025-09-06,Turkey,Sweden,93.871789,90.919223
402,2,1,2025-09-06,Germany,Portugal,91.175696,73.043804
402,3,1,2025-09-06,Latvia,Lithuania,84.109705,69.274986
402,4,1,2025-09-06,Finland,Serbia,85.586884,87.878774
403,1,1,2025-09-06,Turkey,Sweden,111.08368,81.511465
403,2,1,2025-09-06,Germany,Portugal,98.490327,69.221711
403,3,1,2025-09-06,Latvia,Lithuania,98.088595,91.565231
403,4,1,2025-09-06,Finland,Serbia,108.39181,75.717061
404,1,1,2025-09-06,Turkey,Sweden,103.45227,65.19831
404,2,1,2025-09-06,Germany,Portugal,82.853919,64.512077
404,3,1,2025-09-06,Latvia,Lithuania,92.867049,86.336616
404,4,1,2025-09-06,Finland,Serbia,70.931433,100.96914
405,1,1,2025-09-06,Turkey,Sweden,95.428156,68.743184
405,2,1,2025-09-06,Germany,Portugal,83.44574,59.055438
405,3,1,2025-09-06,Latvia,Lithuania,97.285665,76.356874
405,4,1,2025-09-06,Finland,Serbia,95.909788,82.393886
406,1,1,2025-09-06,Turkey,Sweden,70.704384,70.740467
406,2,1,2025-09-06,Germany,Portugal,93.992671,44.524071
406,3,1,2025-09-06,Latvia,Lithuania,86.405703,98.585879
406,4,1,2025-09-06,Finland,Serbia,113.58314,105.55473
407,1,1,2025-09-06,Turkey,Sweden,93.370981,75.777971
407,2,1,2025-09-06,Germany,Portugal,89.880301,83.530703
407,3,1,2025-09-06,Latvia,Lithuania,101.53885,80.89781
407,4,1,2025-09-06,Finland,Serbia,97.029793,95.454646
408,1,1,2025-09-06,Turkey,Sweden,86.407904,72.909885
408,2,1,2025-09-06,Germany,Portugal,85.904229,47.72201
408,3,1,2025-09-06,Latvia,Lithuania,73.840714,64.639633
408,4,1,2025-09-06,Finland,Serbia,88.740942,107.39703
409,1,1,2025-09-06,Turkey,Sweden,103.43528,73.460839000000007
409,2,1,2025-09-06,Germany,Portugal,101.46456,69.983916
409,3,1,2025-09-06,Latvia,Lithuania,81.228456,65.536849
409,4,1,2025-09-06,Finland,Serbia,100.42526,96.683431
410,1,1,2025-09-06,Turkey,Sweden,63.487403,56.296087
410,2,1,2025-09-06,Germany,Portugal,80.571663,46.571839
410,3,1,2025-09-06,Latvia,Lithuania,93.017687,81.385499
410,4,1,2025-09-06,Finland,Serbia,82.76014,88.308852
411,1,1,2025-09-06,Turkey,Sweden,76.11154,69.587684
411,2,1,2025-09-06,Germany,Portugal,109.22948,63.084218
411,3,1,2025-09-06,Latvia,Lithuania,87.769725,95.828758
411,4,1,2025-09-06,Finland,Serbia,90.804639,77.389853
412,1,1,2025-09-06,Turkey,Sweden,90.897524,76.02225
412,2,1,2025-09-06,Germany,Portugal,77.722247,88.235662
412,3,1,2025-09-06,Latvia,Lithuania,80.620512,77.770173
412,4,1,2025-09-06,Finland,Serbia,79.209488,93.564491
413,1,1,2025-09-06,Turkey,Sweden,95.481828,76.330523
413,2,1,2025-09-06,Germany,Portugal,94.407116,66.39175
413,3,1,2025-09-06,Latvia,Lithuania,90.861101,82.365442
413,4,1,2025-09-06,Finland,Serbia,79.111875,103.94288
414,1,1,2025-09-06,Turkey,Sweden,89.248615,60.080597
414,2,1,2025-09-06,Germany,Portugal,90.96985,76.420812
414,3,1,2025-09-06,Latvia,Lithuania,76.916048,98.385002
414,4,1,2025-09-06,Finland,Serbia,89.244812,91.052791
415,1,1,2025-09-06,Turkey,Sweden,98.013081,68.399725
415,2,1,2025-09-06,Germany,Portugal,80.154004,67.351571
415,3,1,2025-09-06,Latvia,Lithuania,83.295786,87.702918
415,4,1,2025-09-06,Finland,Serbia,103.9784,108.45419
416,1,1,2025-09-06,Turkey,Sweden,76.623839,65.11285
416,2,1,2025-09-06,Germany,Portugal,85.505218,54.553799
416,3,1,2025-09-06,Latvia,Lithuania,98.656749,74.347328
416,4,1,2025-09-06,Finland,Serbia,72.746207,77.662997
417,1,1,2025-09-06,Turkey,Sweden,95.221812,93.499763
417,2,1,2025-09-06,Germany,Portugal,96.309281,73.048378
417,3,1,2025-09-06,Latvia,Lithuania,93.813339,95.121503
417,4,1,2025-09-06,Finland,Serbia,114.51351,93.512865
418,1,1,2025-09-06,Turkey,Sweden,94.510989,79.489401
418,2,1,2025-09-06,Germany,Portugal,104.23499,78.469823
418,3,1,2025-09-06,Latvia,Lithuania,94.000776,91.885517
418,4,1,2025-09-06,Finland,Serbia,101.58278,98.448962
419,1,1,2025-09-06,Turkey,Sweden,82.555786,50.230947
419,2,1,2025-09-06,Germany,Portugal,94.151536,71.678527
419,3,1,2025-09-06,Latvia,Lithuania,82.151974,88.788995
419,4,1,2025-09-06,Finland,Serbia,92.800968,87.03705
420,1,1,2025-09-06,Turkey,Sweden,77.62869,66.992359
420,2,1,2025-09-06,Germany,Portugal,123.38797,68.922606
420,3,1,2025-09-06,Latvia,Lithuania,80.216165,92.645763
420,4,1,2025-09-06,Finland,Serbia,96.85052,108.19065
421,1,1,2025-09-06,Turkey,Sweden,85.15293,74.339475
421,2,1,2025-09-06,Germany,Portugal,72.586572,68.039665
421,3,1,2025-09-06,Latvia,Lithuania,88.668242,63.347479
421,4,1,2025-09-06,Finland,Serbia,87.961441,81.924156
422,1,1,2025-09-06,Turkey,Sweden,99.990389,60.321576
422,2,1,2025-09-06,Germany,Portugal,95.906181,58.525401
422,3,1,2025-09-06,Latvia,Lithuania,102.88439,81.046816
422,4,1,2025-09-06,Finland,Serbia,87.173448,89.436464
423,1,1,2025-09-06,Turkey,Sweden,104.36071,101.05944
423,2,1,2025-09-06,Germany,Portugal,101.20731,74.056974
423,3,1,2025-09-06,Latvia,Lithuania,70.050149,80.435029
423,4,1,2025-09-06,Finland,Serbia,98.498785,75.98582
424,1,1,2025-09-06,Turkey,Sweden,95.499194,85.204073
424,2,1,2025-09-06,Germany,Portugal,104.93743,63.384418
424,3,1,2025-09-06,Latvia,Lithuania,89.590017,66.652416
424,4,1,2025-09-06,Finland,Serbia,91.170342,106.18892
425,1,1,2025-09-06,Turkey,Sweden,65.381978,64.662384
425,2,1,2025-09-06,Germany,Portugal,83.503464,71.140939
425,3,1,2025-09-06,Latvia,Lithuania,74.03358,77.207085
425,4,1,2025-09-06,Finland,Serbia,74.651569,104.30015
426,1,1,2025-09-06,Turkey,Sweden,99.134039,79.878563
426,2,1,2025-09-06,Germany,Portugal,103.46789,74.966445
426,3,1,2025-09-06,Latvia,Lithuania,71.080992,75.170289
426,4,1,2025-09-06,Finland,Serbia,110.51597,96.961744
427,1,1,2025-09-06,Turkey,Sweden,84.917526,85.98473
427,2,1,2025-09-06,Germany,Portugal,72.864366,45.879023
427,3,1,2025-09-06,Latvia,Lithuania,76.297702,83.795672
427,4,1,2025-09-06,Finland,Serbia,106.06153,90.63979
428,1,1,2025-09-06,Turkey,Sweden,82.343804,79.058023
428,2,1,2025-09-06,Germany,Portugal,111.98783,62.82021
428,3,1,2025-09-06,Latvia,Lithuania,98.794752,75.78663
428,4,1,2025-09-06,Finland,Serbia,87.983764,82.17963
429,1,1,2025-09-06,Turkey,Sweden,95.224994,92.660854
429,2,1,2025-09-06,Germany,Portugal,99.393916,74.261819
429,3,1,2025-09-06,Latvia,Lithuania,100.53909,79.263967
429,4,1,2025-09-06,Finland,Serbia,78.725147,101.71997
430,1,1,2025-09-06,Turkey,Sweden,70.720692,87.342701
430,2,1,2025-09-06,Germany,Portugal,71.682593,44.688638
430,3,1,2025-09-06,Latvia,Lithuania,78.383669,82.113254
430,4,1,2025-09-06,Finland,Serbia,78.412971,84.213095
431,1,1,2025-09-06,Turkey,Sweden,87.556802,73.694849
431,2,1,2025-09-06,Germany,Portugal,60.424319,28.663966
431,3,1,2025-09-06,Latvia,Lithuania,89.100784,88.808766
431,4,1,2025-09-06,Finland,Serbia,98.802882,96.861029
432,1,1,2025-09-06,Turkey,Sweden,87.803502,80.588865
432,2,1,2025-09-06,Germany,Portugal,89.311201,59.570461
432,3,1,2025-09-06,Latvia,Lithuania,94.197795,79.481206
432,4,1,2025-09-06,Finland,Serbia,106.36628,112.99774
433,1,1,2025-09-06,Turkey,Sweden,73.622931,77.183406
433,2,1,2025-09-06,Germany,Portugal,98.502238,54.673807
433,3,1,2025-09-06,Latvia,Lithuania,83.081368,75.579375
433,4,1,2025-09-06,Finland,Serbia,91.832665,88.46446
434,1,1,2025-09-06,Turkey,Sweden,100.50564,93.901694
434,2,1,2025-09-06,Germany,Portugal,97.737074,66.859443
434,3,1,2025-09-06,Latvia,Lithuania,75.469821,72.681762
434,4,1,2025-09-06,Finland,Serbia,98.020532,91.548807
435,1,1,2025-09-06,Turkey,Sweden,83.222222,59.529307
435,2,1,2025-09-06,Germany,Portugal,84.560446,54.908411
435,3,1,2025-09-06,Latvia,Lithuania,86.880306,84.648943
435,4,1,2025-09-06,Finland,Serbia,81.729971,86.807815
436,1,1,2025-09-06,Turkey,Sweden,92.372801,71.05406
436,2,1,2025-09-06,Germany,Portugal,80.3452,41.312611
436,3,1,2025-09-06,Latvia,Lithuania,99.376796,93.151269
436,4,1,2025-09-06,Finland,Serbia,101.62219,97.487015
437,1,1,2025-09-06,Turkey,Sweden,85.694906,75.047513
437,2,1,2025-09-06,Germany,Portugal,89.387361,60.162132
437,3,1,2025-09-06,Latvia,Lithuania,102.14509,93.756513
437,4,1,2025-09-06,Finland,Serbia,82.38309,87.190371
438,1,1,2025-09-06,Turkey,Sweden,78.792756,64.740877
438,2,1,2025-09-06,Germany,Portugal,86.770027,63.961685
438,3,1,2025-09-06,Latvia,Lithuania,89.24293,83.465766
438,4,1,2025-09-06,Finland,Serbia,96.483104,108.17958
439,1,1,2025-09-06,Turkey,Sweden,79.249812,90.912658
439,2,1,2025-09-06,Germany,Portugal,88.496729,59.468413
439,3,1,2025-09-06,Latvia,Lithuania,90.109221,88.112474
439,4,1,2025-09-06,Finland,Serbia,69.862818,99.396468
440,1,1,2025-09-06,Turkey,Sweden,98.105872,75.45372
440,2,1,2025-09-06,Germany,Portugal,99.008658,70.561047
440,3,1,2025-09-06,Latvia,Lithuania,71.715228,87.198503
440,4,1,2025-09-06,Finland,Serbia,89.092118,93.075396
441,1,1,2025-09-06,Turkey,Sweden,107.869,83.869849
441,2,1,2025-09-06,Germany,Portugal,88.55913,60.547344
441,3,1,2025-09-06,Latvia,Lithuania,99.323861,72.438978
441,4,1,2025-09-06,Finland,Serbia,72.442487,92.479557
442,1,1,2025-09-06,Turkey,Sweden,92.170258,62.440445
442,2,1,2025-09-06,Germany,Portugal,86.24964,65.74924
442,3,1,2025-09-06,Latvia,Lithuania,67.965703,69.185239
442,4,1,2025-09-06,Finland,Serbia,102.23438,82.36612
443,1,1,2025-09-06,Turkey,Sweden,82.472699,82.075846
443,2,1,2025-09-06,Germany,Portugal,97.888402,51.614502
443,3,1,2025-09-06,Latvia,Lithuania,88.341836,76.102579
443,4,1,2025-09-06,Finland,Serbia,92.790145,87.841937
444,1,1,2025-09-06,Turkey,Sweden,79.757338,62.145635
444,2,1,2025-09-06,Germany,Portugal,78.554334,70.159193
444,3,1,2025-09-06,Latvia,Lithuania,81.93546,85.155863
444,4,1,2025-09-06,Finland,Serbia,70.606823,95.569851
445,1,1,2025-09-06,Turkey,Sweden,72.014218,85.480589
445,2,1,2025-09-06,Germany,Portugal,98.612355,92.166157
445,3,1,2025-09-06,Latvia,Lithuania,74.955911,83.151564
445,4,1,2025-09-06,Finland,Serbia,103.26772,101.83874
446,1,1,2025-09-06,Turkey,Sweden,70.952365,96.818048
446,2,1,2025-09-06,Germany,Portugal,85.247929,80.069011
446,3,1,2025-09-06,Latvia,Lithuania,100.91333,98.641566
446,4,1,2025-09-06,Finland,Serbia,108.07175,110.46479
447,1,1,2025-09-06,Turkey,Sweden,100.86489,82.163956
447,2,1,2025-09-06,Germany,Portugal,108.06446,62.546849
447,3,1,2025-09-06,Latvia,Lithuania,83.785695,71.536562
447,4,1,2025-09-06,Finland,Serbia,87.871001,93.857815
448,1,1,2025-09-06,Turkey,Sweden,86.201006,70.831032
448,2,1,2025-09-06,Germany,Portugal,81.87274,49.663709
448,3,1,2025-09-06,Latvia,Lithuania,80.317376,99.636276
448,4,1,2025-09-06,Finland,Serbia,99.192703,83.508549
449,1,1,2025-09-06,Turkey,Sweden,79.473666,69.405465
449,2,1,2025-09-06,Germany,Portugal,94.701636,85.151207
449,3,1,2025-09-06,Latvia,Lithuania,82.733486,65.982935
449,4,1,2025-09-06,Finland,Serbia,85.99488,96.062783
450,1,1,2025-09-06,Turkey,Sweden,84.507808,66.840207
450,2,1,2025-09-06,Germany,Portugal,86.165962,67.630065
450,3,1,2025-09-06,Latvia,Lithuania,92.904754,76.51807
450,4,1,2025-09-06,Finland,Serbia,94.226469,78.675048
451,1,1,2025-09-06,Turkey,Sweden,102.76649,84.824694
451,2,1,2025-09-06,Germany,Portugal,69.89002,68.555024
451,3,1,2025-09-06,Latvia,Lithuania,79.659118,73.130848
451,4,1,2025-09-06,Finland,Serbia,86.754518,86.404391
452,1,1,2025-09-06,Turkey,Sweden,91.761311,77.238252
452,2,1,2025-09-06,Germany,Portugal,86.389548,69.965664
452,3,1,2025-09-06,Latvia,Lithuania,66.027185,66.405464
452,4,1,2025-09-06,Finland,Serbia,98.050049,105.93864
453,1,1,2025-09-06,Turkey,Sweden,82.53874,97.192328
453,2,1,2025-09-06,Germany,Portugal,101.3137,79.841667
453,3,1,2025-09-06,Latvia,Lithuania,97.8,95.29527
453,4,1,2025-09-06,Finland,Serbia,87.171091,94.302101
454,1,1,2025-09-06,Turkey,Sweden,82.411149,68.261818
454,2,1,2025-09-06,Germany,Portugal,93.282869,71.551366
454,3,1,2025-09-06,Latvia,Lithuania,79.069991,88.310623
454,4,1,2025-09-06,Finland,Serbia,83.800816,62.998603
455,1,1,2025-09-06,Turkey,Sweden,81.714047,85.849128
455,2,1,2025-09-06,Germany,Portugal,119.74965,55.197325
455,3,1,2025-09-06,Latvia,Lithuania,87.5925,81.513049
455,4,1,2025-09-06,Finland,Serbia,80.135702,78.561147
456,1,1,2025-09-06,Turkey,Sweden,77.827893,75.028124
456,2,1,2025-09-06,Germany,Portugal,92.363634,59.368235
456,3,1,2025-09-06,Latvia,Lithuania,74.921742,104.70789
456,4,1,2025-09-06,Finland,Serbia,71.641583,93.949612
457,1,1,2025-09-06,Turkey,Sweden,80.322354,86.474579
457,2,1,2025-09-06,Germany,Portugal,93.204554,63.126964
457,3,1,2025-09-06,Latvia,Lithuania,65.748607,87.412967
457,4,1,2025-09-06,Finland,Serbia,80.664492,89.158796
458,1,1,2025-09-06,Turkey,Sweden,85.598398,60.889511
458,2,1,2025-09-06,Germany,Portugal,85.086881,50.925582
458,3,1,2025-09-06,Latvia,Lithuania,113.21231,87.970337
458,4,1,2025-09-06,Finland,Serbia,79.921514,106.07028
459,1,1,2025-09-06,Turkey,Sweden,85.747321,83.772447
459,2,1,2025-09-06,Germany,Portugal,98.398403,53.322531
459,3,1,2025-09-06,Latvia,Lithuania,111.11524,62.972115
459,4,1,2025-09-06,Finland,Serbia,116.12945,85.759009
460,1,1,2025-09-06,Turkey,Sweden,88.843295,79.2789
460,2,1,2025-09-06,Germany,Portugal,101.63156,65.467049
460,3,1,2025-09-06,Latvia,Lithuania,85.517489,80.673497
460,4,1,2025-09-06,Finland,Serbia,105.19794,104.91632
461,1,1,2025-09-06,Turkey,Sweden,87.543665,85.211775
461,2,1,2025-09-06,Germany,Portugal,94.345356,63.918612
461,3,1,2025-09-06,Latvia,Lithuania,84.106228,91.599679
461,4,1,2025-09-06,Finland,Serbia,85.260613,83.491404
462,1,1,2025-09-06,Turkey,Sweden,101.32643,93.427201
462,2,1,2025-09-06,Germany,Portugal,79.778958,73.157234
462,3,1,2025-09-06,Latvia,Lithuania,93.337967,86.552782
462,4,1,2025-09-06,Finland,Serbia,88.092203,98.856967
463,1,1,2025-09-06,Turkey,Sweden,73.830824,105.09873
463,2,1,2025-09-06,Germany,Portugal,91.701088,69.3661
463,3,1,2025-09-06,Latvia,Lithuania,88.873378,76.822217
463,4,1,2025-09-06,Finland,Serbia,111.52466,88.951003
464,1,1,2025-09-06,Turkey,Sweden,111.51572,83.755971
464,2,1,2025-09-06,Germany,Portugal,102.8952,59.337678
464,3,1,2025-09-06,Latvia,Lithuania,96.00956,67.282684
464,4,1,2025-09-06,Finland,Serbia,92.994546,96.863275
465,1,1,2025-09-06,Turkey,Sweden,72.066248,72.341053
465,2,1,2025-09-06,Germany,Portugal,85.938933,69.674212
465,3,1,2025-09-06,Latvia,Lithuania,73.468293,96.511538
465,4,1,2025-09-06,Finland,Serbia,103.08979,83.497535
466,1,1,2025-09-06,Turkey,Sweden,73.972111,70.917154
466,2,1,2025-09-06,Germany,Portugal,92.221782,41.269564
466,3,1,2025-09-06,Latvia,Lithuania,75.079982,91.227649
466,4,1,2025-09-06,Finland,Serbia,88.937811,90.827464
467,1,1,2025-09-06,Turkey,Sweden,89.902644,87.732198
467,2,1,2025-09-06,Germany,Portugal,68.416031,41.228107
467,3,1,2025-09-06,Latvia,Lithuania,84.274465,88.049426
467,4,1,2025-09-06,Finland,Serbia,82.694334,87.21431
468,1,1,2025-09-06,Turkey,Sweden,85.718318,76.980762
468,2,1,2025-09-06,Germany,Portugal,93.716198,67.044026
468,3,1,2025-09-06,Latvia,Lithuania,68.350662,84.656093
468,4,1,2025-09-06,Finland,Serbia,66.130698,88.885773
469,1,1,2025-09-06,Turkey,Sweden,105.08519,74.663678
469,2,1,2025-09-06,Germany,Portugal,87.95949,61.417082
469,3,1,2025-09-06,Latvia,Lithuania,75.880607,95.899442
469,4,1,2025-09-06,Finland,Serbia,89.063622,94.590543
470,1,1,2025-09-06,Turkey,Sweden,82.722587,74.105461
470,2,1,2025-09-06,Germany,Portugal,97.89094,68.621675
470,3,1,2025-09-06,Latvia,Lithuania,90.622797,68.886312
470,4,1,2025-09-06,Finland,Serbia,95.35534,96.263337
471,1,1,2025-09-06,Turkey,Sweden,98.067885,92.055407
471,2,1,2025-09-06,Germany,Portugal,93.126081,62.203636
471,3,1,2025-09-06,Latvia,Lithuania,72.682167,70.021636
471,4,1,2025-09-06,Finland,Serbia,86.801657,93.127154
472,1,1,2025-09-06,Turkey,Sweden,73.863504,87.866094
472,2,1,2025-09-06,Germany,Portugal,107.57526,68.844549
472,3,1,2025-09-06,Latvia,Lithuania,97.429506,98.701932
472,4,1,2025-09-06,Finland,Serbia,119.30073,94.02319
473,1,1,2025-09-06,Turkey,Sweden,84.74074,90.791057
473,2,1,2025-09-06,Germany,Portugal,99.145446,58.115799
473,3,1,2025-09-06,Latvia,Lithuania,82.376432,79.597865
473,4,1,2025-09-06,Finland,Serbia,112.22099,108.93705
474,1,1,2025-09-06,Turkey,Sweden,81.161342,65.387842
474,2,1,2025-09-06,Germany,Portugal,105.55973,47.460525
474,3,1,2025-09-06,Latvia,Lithuania,77.512464,83.375585
474,4,1,2025-09-06,Finland,Serbia,96.405725,91.948422
475,1,1,2025-09-06,Turkey,Sweden,99.458441,99.803418
475,2,1,2025-09-06,Germany,Portugal,100.17398,58.796309
475,3,1,2025-09-06,Latvia,Lithuania,90.788353,86.57851
475,4,1,2025-09-06,Finland,Serbia,109.42862,95.194154
476,1,1,2025-09-06,Turkey,Sweden,78.075673,78.726414
476,2,1,2025-09-06,Germany,Portugal,92.338977,59.011733
476,3,1,2025-09-06,Latvia,Lithuania,87.182338,92.347951
476,4,1,2025-09-06,Finland,Serbia,68.713722,87.661212
477,1,1,2025-09-06,Turkey,Sweden,61.043728,79.314948
477,2,1,2025-09-06,Germany,Portugal,106.93379,53.041922
477,3,1,2025-09-06,Latvia,Lithuania,94.787312,92.283204
477,4,1,2025-09-06,Finland,Serbia,78.498267,88.96891
478,1,1,2025-09-06,Turkey,Sweden,67.276555,81.709369
478,2,1,2025-09-06,Germany,Portugal,87.473763,61.080252
478,3,1,2025-09-06,Latvia,Lithuania,83.413158,65.50633
478,4,1,2025-09-06,Finland,Serbia,107.72639,90.931846
479,1,1,2025-09-06,Turkey,Sweden,97.923472,58.514275
479,2,1,2025-09-06,Germany,Portugal,90.61899,71.483902
479,3,1,2025-09-06,Latvia,Lithuania,90.138559,94.335445000000007
479,4,1,2025-09-06,Finland,Serbia,110.20918,117.99478
480,1,1,2025-09-06,Turkey,Sweden,89.987726,83.663759
480,2,1,2025-09-06,Germany,Portugal,86.832703,56.447126
480,3,1,2025-09-06,Latvia,Lithuania,78.549449,91.779228
480,4,1,2025-09-06,Finland,Serbia,83.750012,93.439151
481,1,1,2025-09-06,Turkey,Sweden,64.372454,47.859087
481,2,1,2025-09-06,Germany,Portugal,110.42737,69.078688
481,3,1,2025-09-06,Latvia,Lithuania,86.440086,89.293497
481,4,1,2025-09-06,Finland,Serbia,88.79078,114.37131
482,1,1,2025-09-06,Turkey,Sweden,84.542953,78.982916
482,2,1,2025-09-06,Germany,Portugal,98.190205,63.71177
482,3,1,2025-09-06,Latvia,Lithuania,96.652804,62.719855
482,4,1,2025-09-06,Finland,Serbia,96.761535,96.35228
483,1,1,2025-09-06,Turkey,Sweden,95.060061,77.567011
483,2,1,2025-09-06,Germany,Portugal,81.189659,41.276714
483,3,1,2025-09-06,Latvia,Lithuania,89.293873,94.530999
483,4,1,2025-09-06,Finland,Serbia,92.861655,78.99891
484,1,1,2025-09-06,Turkey,Sweden,85.564105,81.576898
484,2,1,2025-09-06,Germany,Portugal,92.287684,51.861356
484,3,1,2025-09-06,Latvia,Lithuania,83.006053,84.292728
484,4,1,2025-09-06,Finland,Serbia,110.88692,106.69275
485,1,1,2025-09-06,Turkey,Sweden,82.807486,73.714663
485,2,1,2025-09-06,Germany,Portugal,99.244949,64.420799
485,3,1,2025-09-06,Latvia,Lithuania,71.182523,79.200342
485,4,1,2025-09-06,Finland,Serbia,85.083115,92.422578
486,1,1,2025-09-06,Turkey,Sweden,110.82614,61.969485
486,2,1,2025-09-06,Germany,Portugal,78.646977,77.614028
486,3,1,2025-09-06,Latvia,Lithuania,130.58348,99.883941
486,4,1,2025-09-06,Finland,Serbia,73.545961,81.392024
487,1,1,2025-09-06,Turkey,Sweden,92.932369,82.039963
487,2,1,2025-09-06,Germany,Portugal,92.278642,65.991519
487,3,1,2025-09-06,Latvia,Lithuania,77.349615,91.272548
487,4,1,2025-09-06,Finland,Serbia,89.420752,112.7007
488,1,1,2025-09-06,Turkey,Sweden,105.93472,84.588697
488,2,1,2025-09-06,Germany,Portugal,74.256038,46.109369
488,3,1,2025-09-06,Latvia,Lithuania,84.436212,82.531544
488,4,1,2025-09-06,Finland,Serbia,84.937515,95.835117
489,1,1,2025-09-06,Turkey,Sweden,89.641959,65.477881
489,2,1,2025-09-06,Germany,Portugal,84.750581,62.075192
489,3,1,2025-09-06,Latvia,Lithuania,80.431016,95.019688
489,4,1,2025-09-06,Finland,Serbia,103.80494,68.246929
490,1,1,2025-09-06,Turkey,Sweden,98.326706,72.225708
490,2,1,2025-09-06,Germany,Portugal,83.860405,63.080394
490,3,1,2025-09-06,Latvia,Lithuania,82.76594,98.438854
490,4,1,2025-09-06,Finland,Serbia,97.269891,104.92786
491,1,1,2025-09-06,Turkey,Sweden,92.684506,53.856462
491,2,1,2025-09-06,Germany,Portugal,76.681358,57.189584
491,3,1,2025-09-06,Latvia,Lithuania,74.812685,77.466027
491,4,1,2025-09-06,Finland,Serbia,88.811596,94.087286
492,1,1,2025-09-06,Turkey,Sweden,95.150348,78.529643
492,2,1,2025-09-06,Germany,Portugal,92.328572,61.571747
492,3,1,2025-09-06,Latvia,Lithuania,101.91533,92.09757
492,4,1,2025-09-06,Finland,Serbia,90.846782,82.930579
493,1,1,2025-09-06,Turkey,Sweden,68.757567,88.779953
493,2,1,2025-09-06,Germany,Portugal,88.324445,61.662888
493,3,1,2025-09-06,Latvia,Lithuania,91.552459,90.42049
493,4,1,2025-09-06,Finland,Serbia,107.96505,111.88244
494,1,1,2025-09-06,Turkey,Sweden,90.878858,90.452773
494,2,1,2025-09-06,Germany,Portugal,78.595015,70.524582
494,3,1,2025-09-06,Latvia,Lithuania,86.437621,69.983391
494,4,1,2025-09-06,Finland,Serbia,94.145445,93.252955
495,1,1,2025-09-06,Turkey,Sweden,96.190619,73.023613
495,2,1,2025-09-06,Germany,Portugal,87.50486,69.051056
495,3,1,2025-09-06,Latvia,Lithuania,75.718358,87.240858
495,4,1,2025-09-06,Finland,Serbia,93.53665,87.875147
496,1,1,2025-09-06,Turkey,Sweden,76.893104,74.802527
496,2,1,2025-09-06,Germany,Portugal,85.611306,61.6281
496,3,1,2025-09-06,Latvia,Lithuania,109.5618,84.1749
496,4,1,2025-09-06,Finland,Serbia,103.51172,98.655724
497,1,1,2025-09-06,Turkey,Sweden,75.302176,60.788009
497,2,1,2025-09-06,Germany,Portugal,82.882213,87.82181
497,3,1,2025-09-06,Latvia,Lithuania,81.270191,83.214424
497,4,1,2025-09-06,Finland,Serbia,86.620197,91.252869
498,1,1,2025-09-06,Turkey,Sweden,64.773625,74.807302
498,2,1,2025-09-06,Germany,Portugal,78.717243,65.916303
498,3,1,2025-09-06,Latvia,Lithuania,96.265407,68.278442
498,4,1,2025-09-06,Finland,Serbia,95.971736,108.102
499,1,1,2025-09-06,Turkey,Sweden,70.245309,82.774312
499,2,1,2025-09-06,Germany,Portugal,82.643714,61.713216
499,3,1,2025-09-06,Latvia,Lithuania,85.559845,94.687017
499,4,1,2025-09-06,Finland,Serbia,93.357379,95.96576
500,1,1,2025-09-06,Turkey,Sweden,85.76423,79.299626
500,2,1,2025-09-06,Germany,Portugal,85.496258,59.571596
500,3,1,2025-09-06,Latvia,Lithuania,78.529104,78.841993
500,4,1,2025-09-06,Finland,Serbia,90.359976,96.394263
501,1,1,2025-09-06,Turkey,Sweden,96.06524,76.78495
501,2,1,2025-09-06,Germany,Portugal,82.748557,68.915929
501,3,1,2025-09-06,Latvia,Lithuania,85.136756,68.027247
501,4,1,2025-09-06,Finland,Serbia,87.556312,100.65628
502,1,1,2025-09-06,Turkey,Sweden,98.674101,84.706559
502,2,1,2025-09-06,Germany,Portugal,98.487755,55.372092
502,3,1,2025-09-06,Latvia,Lithuania,85.998012,78.952039
502,4,1,2025-09-06,Finland,Serbia,84.973834,85.812936
503,1,1,2025-09-06,Turkey,Sweden,73.320081,76.198784
503,2,1,2025-09-06,Germany,Portugal,93.494992,55.653401
503,3,1,2025-09-06,Latvia,Lithuania,109.05958,86.243484
503,4,1,2025-09-06,Finland,Serbia,92.300434,97.026288
504,1,1,2025-09-06,Turkey,Sweden,80.427779,76.962875
504,2,1,2025-09-06,Germany,Portugal,101.06541,85.419056
504,3,1,2025-09-06,Latvia,Lithuania,95.191362,95.225019
504,4,1,2025-09-06,Finland,Serbia,74.584986,74.519974
505,1,1,2025-09-06,Turkey,Sweden,68.00981,60.936883
505,2,1,2025-09-06,Germany,Portugal,91.100061,63.586045
505,3,1,2025-09-06,Latvia,Lithuania,84.409544,77.28298
505,4,1,2025-09-06,Finland,Serbia,88.060324,87.776021
506,1,1,2025-09-06,Turkey,Sweden,92.551456,85.567721
506,2,1,2025-09-06,Germany,Portugal,67.117901,53.714503
506,3,1,2025-09-06,Latvia,Lithuania,99.407681,79.860615
506,4,1,2025-09-06,Finland,Serbia,103.3498,118.72544
507,1,1,2025-09-06,Turkey,Sweden,78.509734,70.842444
507,2,1,2025-09-06,Germany,Portugal,70.943671,54.248232
507,3,1,2025-09-06,Latvia,Lithuania,108.33805,83.394801
507,4,1,2025-09-06,Finland,Serbia,89.863036,97.494235
508,1,1,2025-09-06,Turkey,Sweden,95.062794,80.085931
508,2,1,2025-09-06,Germany,Portugal,98.98929,83.798189
508,3,1,2025-09-06,Latvia,Lithuania,91.826088,75.07832
508,4,1,2025-09-06,Finland,Serbia,82.053369,71.293181
509,1,1,2025-09-06,Turkey,Sweden,87.199571,53.707847
509,2,1,2025-09-06,Germany,Portugal,77.056413,63.206211
509,3,1,2025-09-06,Latvia,Lithuania,77.261059,74.701024
509,4,1,2025-09-06,Finland,Serbia,97.140806,87.787024
510,1,1,2025-09-06,Turkey,Sweden,127.39338,93.10377
510,2,1,2025-09-06,Germany,Portugal,90.793121,58.473766
510,3,1,2025-09-06,Latvia,Lithuania,79.367981,65.9161
510,4,1,2025-09-06,Finland,Serbia,98.240411,109.82996
511,1,1,2025-09-06,Turkey,Sweden,85.276816,105.47363
511,2,1,2025-09-06,Germany,Portugal,84.123621,52.445228
511,3,1,2025-09-06,Latvia,Lithuania,93.704878,91.690664
511,4,1,2025-09-06,Finland,Serbia,82.461642,92.540865
512,1,1,2025-09-06,Turkey,Sweden,77.889803,57.379067
512,2,1,2025-09-06,Germany,Portugal,52.407567,63.7275
512,3,1,2025-09-06,Latvia,Lithuania,83.00207,73.467847
512,4,1,2025-09-06,Finland,Serbia,85.154004,87.638571
513,1,1,2025-09-06,Turkey,Sweden,76.68812,80.694619
513,2,1,2025-09-06,Germany,Portugal,104.30857,57.311156
513,3,1,2025-09-06,Latvia,Lithuania,89.304969,90.369971
513,4,1,2025-09-06,Finland,Serbia,96.493029,98.59571
514,1,1,2025-09-06,Turkey,Sweden,71.172248,67.329534
514,2,1,2025-09-06,Germany,Portugal,99.870756,58.947616
514,3,1,2025-09-06,Latvia,Lithuania,83.840969,86.595841
514,4,1,2025-09-06,Finland,Serbia,92.564678,95.822322
515,1,1,2025-09-06,Turkey,Sweden,98.226185,72.227027
515,2,1,2025-09-06,Germany,Portugal,96.449463,54.008933
515,3,1,2025-09-06,Latvia,Lithuania,79.588704,82.845237
515,4,1,2025-09-06,Finland,Serbia,81.38892,109.03231
516,1,1,2025-09-06,Turkey,Sweden,111.2388,91.69948
516,2,1,2025-09-06,Germany,Portugal,81.46523,52.543486
516,3,1,2025-09-06,Latvia,Lithuania,86.801358,74.606213
516,4,1,2025-09-06,Finland,Serbia,91.194941,90.458392
517,1,1,2025-09-06,Turkey,Sweden,88.725821,84.345907
517,2,1,2025-09-06,Germany,Portugal,74.941251,70.788586
517,3,1,2025-09-06,Latvia,Lithuania,99.705166,76.903054
517,4,1,2025-09-06,Finland,Serbia,83.694431,99.536996
518,1,1,2025-09-06,Turkey,Sweden,97.060842,94.57385
518,2,1,2025-09-06,Germany,Portugal,99.101913,50.792018
518,3,1,2025-09-06,Latvia,Lithuania,90.1802,95.277555
518,4,1,2025-09-06,Finland,Serbia,85.843032,85.542905
519,1,1,2025-09-06,Turkey,Sweden,78.744488,84.631136
519,2,1,2025-09-06,Germany,Portugal,93.779304,76.338221
519,3,1,2025-09-06,Latvia,Lithuania,81.059448,78.876016
519,4,1,2025-09-06,Finland,Serbia,81.609026,99.648732
520,1,1,2025-09-06,Turkey,Sweden,94.636007,85.069222
520,2,1,2025-09-06,Germany,Portugal,78.16584,58.060496
520,3,1,2025-09-06,Latvia,Lithuania,94.277751,91.399457
520,4,1,2025-09-06,Finland,Serbia,92.511637,88.218433
521,1,1,2025-09-06,Turkey,Sweden,78.311334,71.17739
521,2,1,2025-09-06,Germany,Portugal,98.065649,60.314354
521,3,1,2025-09-06,Latvia,Lithuania,88.056693,83.139903
521,4,1,2025-09-06,Finland,Serbia,82.894174,85.384234
522,1,1,2025-09-06,Turkey,Sweden,76.369508,82.015628
522,2,1,2025-09-06,Germany,Portugal,91.153249,81.6156
522,3,1,2025-09-06,Latvia,Lithuania,81.243174,70.422857
522,4,1,2025-09-06,Finland,Serbia,93.389883,88.439404
523,1,1,2025-09-06,Turkey,Sweden,91.789875,95.570221
523,2,1,2025-09-06,Germany,Portugal,88.370374,46.417322
523,3,1,2025-09-06,Latvia,Lithuania,69.948395,85.750769
523,4,1,2025-09-06,Finland,Serbia,76.116066,74.159308
524,1,1,2025-09-06,Turkey,Sweden,82.413513,96.210698
524,2,1,2025-09-06,Germany,Portugal,86.229417,81.126823
524,3,1,2025-09-06,Latvia,Lithuania,98.732083,81.120177
524,4,1,2025-09-06,Finland,Serbia,86.993219,80.457224
525,1,1,2025-09-06,Turkey,Sweden,87.347547,74.585189
525,2,1,2025-09-06,Germany,Portugal,88.843713,73.442894
525,3,1,2025-09-06,Latvia,Lithuania,79.193443,66.687969
525,4,1,2025-09-06,Finland,Serbia,82.150148,90.091987
526,1,1,2025-09-06,Turkey,Sweden,103.68713,75.852575
526,2,1,2025-09-06,Germany,Portugal,82.57689,69.635262
526,3,1,2025-09-06,Latvia,Lithuania,76.474784,83.78861
526,4,1,2025-09-06,Finland,Serbia,84.525368,94.712726
527,1,1,2025-09-06,Turkey,Sweden,93.076935,60.422226
527,2,1,2025-09-06,Germany,Portugal,87.03382,63.538046
527,3,1,2025-09-06,Latvia,Lithuania,78.814317,88.317567
527,4,1,2025-09-06,Finland,Serbia,85.296598,104.99059
528,1,1,2025-09-06,Turkey,Sweden,94.677312,91.349468
528,2,1,2025-09-06,Germany,Portugal,90.602657,63.784427
528,3,1,2025-09-06,Latvia,Lithuania,89.595359,90.48926
528,4,1,2025-09-06,Finland,Serbia,92.211552,104.57794
529,1,1,2025-09-06,Turkey,Sweden,65.987637,67.941636
529,2,1,2025-09-06,Germany,Portugal,77.347473,75.918564
529,3,1,2025-09-06,Latvia,Lithuania,99.238921,89.805663
529,4,1,2025-09-06,Finland,Serbia,73.02082,85.386018000000007
530,1,1,2025-09-06,Turkey,Sweden,85.750732,74.872717
530,2,1,2025-09-06,Germany,Portugal,94.785066,70.849031
530,3,1,2025-09-06,Latvia,Lithuania,84.013263,86.004571
530,4,1,2025-09-06,Finland,Serbia,91.838502,101.56603
531,1,1,2025-09-06,Turkey,Sweden,92.251217,82.896859
531,2,1,2025-09-06,Germany,Portugal,101.93571,61.431393
531,3,1,2025-09-06,Latvia,Lithuania,98.546948,97.038737
531,4,1,2025-09-06,Finland,Serbia,91.12345,95.088614
532,1,1,2025-09-06,Turkey,Sweden,91.610576,90.825405
532,2,1,2025-09-06,Germany,Portugal,105.94034,57.994436
532,3,1,2025-09-06,Latvia,Lithuania,87.806833,85.384379
532,4,1,2025-09-06,Finland,Serbia,92.742064,97.086798
533,1,1,2025-09-06,Turkey,Sweden,96.40639,79.209021
533,2,1,2025-09-06,Germany,Portugal,83.641875,53.989988
533,3,1,2025-09-06,Latvia,Lithuania,79.187335,86.643395
533,4,1,2025-09-06,Finland,Serbia,93.346489,100.70031
534,1,1,2025-09-06,Turkey,Sweden,93.092389,71.624665
534,2,1,2025-09-06,Germany,Portugal,93.067303,62.111398
534,3,1,2025-09-06,Latvia,Lithuania,76.487129,64.136314
534,4,1,2025-09-06,Finland,Serbia,103.17522,81.198286
535,1,1,2025-09-06,Turkey,Sweden,65.698852,75.35977
535,2,1,2025-09-06,Germany,Portugal,77.287135,54.186567
535,3,1,2025-09-06,Latvia,Lithuania,88.041868,74.903166
535,4,1,2025-09-06,Finland,Serbia,98.182767,96.466165
536,1,1,2025-09-06,Turkey,Sweden,90.293275,100.27789
536,2,1,2025-09-06,Germany,Portugal,87.08599,59.207595
536,3,1,2025-09-06,Latvia,Lithuania,69.604953,78.684837
536,4,1,2025-09-06,Finland,Serbia,89.492566,91.633122
537,1,1,2025-09-06,Turkey,Sweden,93.014428,90.245436
537,2,1,2025-09-06,Germany,Portugal,110.58561,36.470392
537,3,1,2025-09-06,Latvia,Lithuania,69.989819,71.254692
537,4,1,2025-09-06,Finland,Serbia,66.095444,78.828326
538,1,1,2025-09-06,Turkey,Sweden,95.927147,93.158964
538,2,1,2025-09-06,Germany,Portugal,79.864287,57.373442
538,3,1,2025-09-06,Latvia,Lithuania,80.927601,64.211377
538,4,1,2025-09-06,Finland,Serbia,108.7121,99.865793
539,1,1,2025-09-06,Turkey,Sweden,98.65748,89.824836
539,2,1,2025-09-06,Germany,Portugal,107.99724,64.251246
539,3,1,2025-09-06,Latvia,Lithuania,75.476842,95.285075
539,4,1,2025-09-06,Finland,Serbia,101.85367,86.801228
540,1,1,2025-09-06,Turkey,Sweden,68.47963,41.811874
540,2,1,2025-09-06,Germany,Portugal,97.57069,67.295271
540,3,1,2025-09-06,Latvia,Lithuania,77.34729,66.722484
540,4,1,2025-09-06,Finland,Serbia,77.608284,78.380017
541,1,1,2025-09-06,Turkey,Sweden,91.078303,66.726189
541,2,1,2025-09-06,Germany,Portugal,83.661035,69.722349
541,3,1,2025-09-06,Latvia,Lithuania,61.362245,79.096383
541,4,1,2025-09-06,Finland,Serbia,94.123101,103.43234
542,1,1,2025-09-06,Turkey,Sweden,92.144117,75.539214
542,2,1,2025-09-06,Germany,Portugal,73.54964,66.538917
542,3,1,2025-09-06,Latvia,Lithuania,82.593751,81.3615
542,4,1,2025-09-06,Finland,Serbia,78.651725,89.578162
543,1,1,2025-09-06,Turkey,Sweden,105.33386,81.437006
543,2,1,2025-09-06,Germany,Portugal,77.464384,85.998461
543,3,1,2025-09-06,Latvia,Lithuania,59.558552,79.933643
543,4,1,2025-09-06,Finland,Serbia,108.37081,109.20684
544,1,1,2025-09-06,Turkey,Sweden,98.634169,78.411856
544,2,1,2025-09-06,Germany,Portugal,67.903697,53.680281
544,3,1,2025-09-06,Latvia,Lithuania,83.487273,85.293258
544,4,1,2025-09-06,Finland,Serbia,82.972521,102.77027
545,1,1,2025-09-06,Turkey,Sweden,82.56248,75.931449
545,2,1,2025-09-06,Germany,Portugal,93.858591,58.893822
545,3,1,2025-09-06,Latvia,Lithuania,90.958459,94.132264
545,4,1,2025-09-06,Finland,Serbia,108.02524,83.555933
546,1,1,2025-09-06,Turkey,Sweden,96.214636,105.33342
546,2,1,2025-09-06,Germany,Portugal,77.414157,61.691509
546,3,1,2025-09-06,Latvia,Lithuania,88.860967,79.097358
546,4,1,2025-09-06,Finland,Serbia,74.547123,87.378087
547,1,1,2025-09-06,Turkey,Sweden,108.04813,100.0907
547,2,1,2025-09-06,Germany,Portugal,89.895136,61.42552
547,3,1,2025-09-06,Latvia,Lithuania,74.877519,94.761852
547,4,1,2025-09-06,Finland,Serbia,96.950618,109.46493
548,1,1,2025-09-06,Turkey,Sweden,101.28624,90.964957
548,2,1,2025-09-06,Germany,Portugal,105.22295,48.967376
548,3,1,2025-09-06,Latvia,Lithuania,88.69149,69.64909
548,4,1,2025-09-06,Finland,Serbia,94.48637,104.03202
549,1,1,2025-09-06,Turkey,Sweden,95.666894,85.279128
549,2,1,2025-09-06,Germany,Portugal,84.821234,51.129199
549,3,1,2025-09-06,Latvia,Lithuania,85.179127,69.05362
549,4,1,2025-09-06,Finland,Serbia,91.767269,86.442652
550,1,1,2025-09-06,Turkey,Sweden,80.722607,81.641614
550,2,1,2025-09-06,Germany,Portugal,76.962915,48.837055
550,3,1,2025-09-06,Latvia,Lithuania,82.267338,88.38144
550,4,1,2025-09-06,Finland,Serbia,92.31678,94.39245
551,1,1,2025-09-06,Turkey,Sweden,65.599918,70.48004
551,2,1,2025-09-06,Germany,Portugal,95.822071,74.485746
551,3,1,2025-09-06,Latvia,Lithuania,90.081131,72.867546
551,4,1,2025-09-06,Finland,Serbia,103.51185,103.21342
552,1,1,2025-09-06,Turkey,Sweden,86.921106,82.578711
552,2,1,2025-09-06,Germany,Portugal,82.392188,58.229453
552,3,1,2025-09-06,Latvia,Lithuania,85.233258,69.60214
552,4,1,2025-09-06,Finland,Serbia,78.686038,85.546041
553,1,1,2025-09-06,Turkey,Sweden,85.51634,64.150104
553,2,1,2025-09-06,Germany,Portugal,100.53632,83.915742
553,3,1,2025-09-06,Latvia,Lithuania,79.375781,76.537455
553,4,1,2025-09-06,Finland,Serbia,80.906537,99.558779
554,1,1,2025-09-06,Turkey,Sweden,73.038955,88.176075
554,2,1,2025-09-06,Germany,Portugal,91.831623,51.787911
554,3,1,2025-09-06,Latvia,Lithuania,67.204842,97.808635
554,4,1,2025-09-06,Finland,Serbia,83.541994,96.843023
555,1,1,2025-09-06,Turkey,Sweden,67.793162,64.848847
555,2,1,2025-09-06,Germany,Portugal,83.606825,46.96588
555,3,1,2025-09-06,Latvia,Lithuania,99.060838,66.906771
555,4,1,2025-09-06,Finland,Serbia,93.902916,107.22241
556,1,1,2025-09-06,Turkey,Sweden,85.901715,79.520345
556,2,1,2025-09-06,Germany,Portugal,84.276844,57.454215
556,3,1,2025-09-06,Latvia,Lithuania,64.631222,56.014357
556,4,1,2025-09-06,Finland,Serbia,94.305526,102.62343
557,1,1,2025-09-06,Turkey,Sweden,63.572423,65.921347
557,2,1,2025-09-06,Germany,Portugal,99.884984,66.220289
557,3,1,2025-09-06,Latvia,Lithuania,90.923657,68.853836
557,4,1,2025-09-06,Finland,Serbia,90.621874,92.216463
558,1,1,2025-09-06,Turkey,Sweden,92.17736,88.305236
558,2,1,2025-09-06,Germany,Portugal,97.785522,62.14361
558,3,1,2025-09-06,Latvia,Lithuania,87.248756,91.775281
558,4,1,2025-09-06,Finland,Serbia,82.931781,91.71738
559,1,1,2025-09-06,Turkey,Sweden,84.644807,70.274877
559,2,1,2025-09-06,Germany,Portugal,90.234014,63.144997
559,3,1,2025-09-06,Latvia,Lithuania,108.44405,75.422778
559,4,1,2025-09-06,Finland,Serbia,86.972463,105.68865
560,1,1,2025-09-06,Turkey,Sweden,88.968418,80.253628
560,2,1,2025-09-06,Germany,Portugal,64.608439,56.152859
560,3,1,2025-09-06,Latvia,Lithuania,85.127716,87.605832
560,4,1,2025-09-06,Finland,Serbia,57.710946,79.936229
561,1,1,2025-09-06,Turkey,Sweden,81.866743,67.115374
561,2,1,2025-09-06,Germany,Portugal,97.684543,74.770627
561,3,1,2025-09-06,Latvia,Lithuania,98.298526,75.598083
561,4,1,2025-09-06,Finland,Serbia,83.606924,96.937018
562,1,1,2025-09-06,Turkey,Sweden,78.84557,51.245803
562,2,1,2025-09-06,Germany,Portugal,81.421435,67.718923
562,3,1,2025-09-06,Latvia,Lithuania,85.035992,84.271574
562,4,1,2025-09-06,Finland,Serbia,90.57561,99.718406
563,1,1,2025-09-06,Turkey,Sweden,85.80294,69.917026
563,2,1,2025-09-06,Germany,Portugal,86.686422,64.173222
563,3,1,2025-09-06,Latvia,Lithuania,77.164176,103.04675
563,4,1,2025-09-06,Finland,Serbia,74.943704,83.890744
564,1,1,2025-09-06,Turkey,Sweden,71.362207,82.875593
564,2,1,2025-09-06,Germany,Portugal,88.35746,73.520187
564,3,1,2025-09-06,Latvia,Lithuania,104.91461,76.248128
564,4,1,2025-09-06,Finland,Serbia,114.60558,108.96364
565,1,1,2025-09-06,Turkey,Sweden,88.256039,75.750633
565,2,1,2025-09-06,Germany,Portugal,94.572976,69.351729
565,3,1,2025-09-06,Latvia,Lithuania,96.9287,75.637066
565,4,1,2025-09-06,Finland,Serbia,93.630791,113.09382
566,1,1,2025-09-06,Turkey,Sweden,86.463777,68.0875
566,2,1,2025-09-06,Germany,Portugal,61.342236,64.029193
566,3,1,2025-09-06,Latvia,Lithuania,77.82727,102.21402
566,4,1,2025-09-06,Finland,Serbia,94.881214,120.11525
567,1,1,2025-09-06,Turkey,Sweden,91.707704,86.242052
567,2,1,2025-09-06,Germany,Portugal,78.217445,65.764673
567,3,1,2025-09-06,Latvia,Lithuania,85.105204,70.330723
567,4,1,2025-09-06,Finland,Serbia,103.98909,91.50001
568,1,1,2025-09-06,Turkey,Sweden,86.88696,81.087667
568,2,1,2025-09-06,Germany,Portugal,98.082415,74.062919
568,3,1,2025-09-06,Latvia,Lithuania,73.093295,75.762946
568,4,1,2025-09-06,Finland,Serbia,85.706816,103.54577
569,1,1,2025-09-06,Turkey,Sweden,100.46302,85.938436
569,2,1,2025-09-06,Germany,Portugal,89.832077,54.639034
569,3,1,2025-09-06,Latvia,Lithuania,99.353501,88.250465
569,4,1,2025-09-06,Finland,Serbia,87.777283,78.049751
570,1,1,2025-09-06,Turkey,Sweden,83.870276,84.78344
570,2,1,2025-09-06,Germany,Portugal,81.159685,93.415707
570,3,1,2025-09-06,Latvia,Lithuania,85.528446,82.986366
570,4,1,2025-09-06,Finland,Serbia,82.013068,107.21325
571,1,1,2025-09-06,Turkey,Sweden,82.726636,64.8003
571,2,1,2025-09-06,Germany,Portugal,100.17071,74.655489
571,3,1,2025-09-06,Latvia,Lithuania,82.556101,67.579769
571,4,1,2025-09-06,Finland,Serbia,79.219009,90.466717
572,1,1,2025-09-06,Turkey,Sweden,94.572766,79.701026
572,2,1,2025-09-06,Germany,Portugal,63.17368,65.463864
572,3,1,2025-09-06,Latvia,Lithuania,78.740912,83.492454
572,4,1,2025-09-06,Finland,Serbia,91.965834,119.47777
573,1,1,2025-09-06,Turkey,Sweden,82.048734,74.799575
573,2,1,2025-09-06,Germany,Portugal,89.12884,79.278973
573,3,1,2025-09-06,Latvia,Lithuania,84.569820000000007,80.321153
573,4,1,2025-09-06,Finland,Serbia,92.747349,84.373936
574,1,1,2025-09-06,Turkey,Sweden,83.533644,92.859948
574,2,1,2025-09-06,Germany,Portugal,89.044463,67.111612
574,3,1,2025-09-06,Latvia,Lithuania,93.192751,87.393771
574,4,1,2025-09-06,Finland,Serbia,91.902454,89.400528
575,1,1,2025-09-06,Turkey,Sweden,91.872629,68.794615
575,2,1,2025-09-06,Germany,Portugal,81.198953,68.414753
575,3,1,2025-09-06,Latvia,Lithuania,68.824346,85.422182
575,4,1,2025-09-06,Finland,Serbia,96.22049,106.342
576,1,1,2025-09-06,Turkey,Sweden,68.050512,55.430115
576,2,1,2025-09-06,Germany,Portugal,94.425153,64.051323
576,3,1,2025-09-06,Latvia,Lithuania,74.171433,81.555355
576,4,1,2025-09-06,Finland,Serbia,88.545094,100.73611
577,1,1,2025-09-06,Turkey,Sweden,93.889301,60.404234
577,2,1,2025-09-06,Germany,Portugal,102.70764,60.379903
577,3,1,2025-09-06,Latvia,Lithuania,93.56419,94.241741
577,4,1,2025-09-06,Finland,Serbia,89.076646,78.71868
578,1,1,2025-09-06,Turkey,Sweden,78.781012,75.287626
578,2,1,2025-09-06,Germany,Portugal,91.231309,60.757632
578,3,1,2025-09-06,Latvia,Lithuania,91.339087,88.665312
578,4,1,2025-09-06,Finland,Serbia,82.127096,92.294438
579,1,1,2025-09-06,Turkey,Sweden,84.555578,75.76938
579,2,1,2025-09-06,Germany,Portugal,92.530853,77.865429
579,3,1,2025-09-06,Latvia,Lithuania,100.85646,92.076886
579,4,1,2025-09-06,Finland,Serbia,92.603248,77.289306
580,1,1,2025-09-06,Turkey,Sweden,93.158331,91.043986
580,2,1,2025-09-06,Germany,Portugal,87.878301,78.597638
580,3,1,2025-09-06,Latvia,Lithuania,96.849654,99.46951
580,4,1,2025-09-06,Finland,Serbia,83.345,85.690139
581,1,1,2025-09-06,Turkey,Sweden,99.878498,71.553668
581,2,1,2025-09-06,Germany,Portugal,94.175567,82.584403
581,3,1,2025-09-06,Latvia,Lithuania,73.666716,83.171485
581,4,1,2025-09-06,Finland,Serbia,96.727938,97.099703
582,1,1,2025-09-06,Turkey,Sweden,107.62949,88.488819
582,2,1,2025-09-06,Germany,Portugal,82.465297,57.136464
582,3,1,2025-09-06,Latvia,Lithuania,78.546575,86.545863
582,4,1,2025-09-06,Finland,Serbia,88.180341,85.123992
583,1,1,2025-09-06,Turkey,Sweden,79.977403,80.470661
583,2,1,2025-09-06,Germany,Portugal,72.732422,81.741758
583,3,1,2025-09-06,Latvia,Lithuania,85.951756,82.34797
583,4,1,2025-09-06,Finland,Serbia,87.54996,106.24526
584,1,1,2025-09-06,Turkey,Sweden,75.781934,67.831142
584,2,1,2025-09-06,Germany,Portugal,82.32741,45.53021
584,3,1,2025-09-06,Latvia,Lithuania,94.654729,80.282473
584,4,1,2025-09-06,Finland,Serbia,115.90646,99.01516
585,1,1,2025-09-06,Turkey,Sweden,73.444916,75.336373
585,2,1,2025-09-06,Germany,Portugal,89.059373,67.809619
585,3,1,2025-09-06,Latvia,Lithuania,80.364442,99.795697
585,4,1,2025-09-06,Finland,Serbia,96.948022,84.164276
586,1,1,2025-09-06,Turkey,Sweden,69.802431,71.510814
586,2,1,2025-09-06,Germany,Portugal,60.38222,65.464811
586,3,1,2025-09-06,Latvia,Lithuania,97.926336,100.88828
586,4,1,2025-09-06,Finland,Serbia,74.387726,92.814321
587,1,1,2025-09-06,Turkey,Sweden,83.907911,89.418376
587,2,1,2025-09-06,Germany,Portugal,94.132349,79.033161
587,3,1,2025-09-06,Latvia,Lithuania,87.296764,76.961339
587,4,1,2025-09-06,Finland,Serbia,66.574609,86.611744
588,1,1,2025-09-06,Turkey,Sweden,82.127866,57.447167
588,2,1,2025-09-06,Germany,Portugal,87.636093,64.701606
588,3,1,2025-09-06,Latvia,Lithuania,90.225036,93.685466
588,4,1,2025-09-06,Finland,Serbia,77.661637,96.626156
589,1,1,2025-09-06,Turkey,Sweden,101.55909,79.098548
589,2,1,2025-09-06,Germany,Portugal,83.65013,67.546393
589,3,1,2025-09-06,Latvia,Lithuania,99.422669,103.63743
589,4,1,2025-09-06,Finland,Serbia,105.12436,93.59262
590,1,1,2025-09-06,Turkey,Sweden,93.201972,61.069618
590,2,1,2025-09-06,Germany,Portugal,95.071475,70.43522
590,3,1,2025-09-06,Latvia,Lithuania,70.27655,71.648788
590,4,1,2025-09-06,Finland,Serbia,88.920787,103.75034
591,1,1,2025-09-06,Turkey,Sweden,79.574036,59.529338
591,2,1,2025-09-06,Germany,Portugal,76.230423,57.40695
591,3,1,2025-09-06,Latvia,Lithuania,79.944267,96.627066
591,4,1,2025-09-06,Finland,Serbia,95.389544,100.29666
592,1,1,2025-09-06,Turkey,Sweden,92.988903,82.042513
592,2,1,2025-09-06,Germany,Portugal,93.284972,75.753977
592,3,1,2025-09-06,Latvia,Lithuania,74.266327,81.986472
592,4,1,2025-09-06,Finland,Serbia,80.576894,73.6934
593,1,1,2025-09-06,Turkey,Sweden,81.911767,67.778559
593,2,1,2025-09-06,Germany,Portugal,83.097257,49.818725
593,3,1,2025-09-06,Latvia,Lithuania,90.039929,79.341544
593,4,1,2025-09-06,Finland,Serbia,95.364713,88.194195
594,1,1,2025-09-06,Turkey,Sweden,60.913444,92.912436
594,2,1,2025-09-06,Germany,Portugal,85.880397,56.095843
594,3,1,2025-09-06,Latvia,Lithuania,82.233313,87.08289
594,4,1,2025-09-06,Finland,Serbia,78.89188,65.726983
595,1,1,2025-09-06,Turkey,Sweden,78.553356,97.028049
595,2,1,2025-09-06,Germany,Portugal,81.061677,68.712969
595,3,1,2025-09-06,Latvia,Lithuania,64.279762,85.809633
595,4,1,2025-09-06,Finland,Serbia,99.966394,95.099606
596,1,1,2025-09-06,Turkey,Sweden,97.067483,96.341602
596,2,1,2025-09-06,Germany,Portugal,49.198658,52.056835
596,3,1,2025-09-06,Latvia,Lithuania,74.68154,69.790758
596,4,1,2025-09-06,Finland,Serbia,98.972839,101.08601
597,1,1,2025-09-06,Turkey,Sweden,96.41878,67.39729
597,2,1,2025-09-06,Germany,Portugal,98.973868,61.479183
597,3,1,2025-09-06,Latvia,Lithuania,90.076859,98.688054
597,4,1,2025-09-06,Finland,Serbia,91.278654,100.7209
598,1,1,2025-09-06,Turkey,Sweden,89.019428,86.44382
598,2,1,2025-09-06,Germany,Portugal,96.064266,71.393285
598,3,1,2025-09-06,Latvia,Lithuania,75.401762,81.031918
598,4,1,2025-09-06,Finland,Serbia,94.257206,109.43848
599,1,1,2025-09-06,Turkey,Sweden,90.830074,89.48296
599,2,1,2025-09-06,Germany,Portugal,98.218073,59.771109
599,3,1,2025-09-06,Latvia,Lithuania,105.05783,90.592393
599,4,1,2025-09-06,Finland,Serbia,105.3888,90.671367
600,1,1,2025-09-06,Turkey,Sweden,64.601923,43.508019
600,2,1,2025-09-06,Germany,Portugal,85.964686,64.617783
600,3,1,2025-09-06,Latvia,Lithuania,93.756173,77.324552
600,4,1,2025-09-06,Finland,Serbia,95.694096,90.578636
601,1,1,2025-09-06,Turkey,Sweden,90.381542,72.193463
601,2,1,2025-09-06,Germany,Portugal,83.864869,77.039217
601,3,1,2025-09-06,Latvia,Lithuania,70.441022,64.927058
601,4,1,2025-09-06,Finland,Serbia,91.816989,89.906934
602,1,1,2025-09-06,Turkey,Sweden,81.189514,61.523827
602,2,1,2025-09-06,Germany,Portugal,97.652183,83.864421
602,3,1,2025-09-06,Latvia,Lithuania,98.972619,63.514159
602,4,1,2025-09-06,Finland,Serbia,97.708739,115.74084
603,1,1,2025-09-06,Turkey,Sweden,68.840831,68.355436
603,2,1,2025-09-06,Germany,Portugal,90.582523,74.931032
603,3,1,2025-09-06,Latvia,Lithuania,68.960709,80.983526
603,4,1,2025-09-06,Finland,Serbia,94.875282,100.30319
604,1,1,2025-09-06,Turkey,Sweden,93.123634,79.642871
604,2,1,2025-09-06,Germany,Portugal,100.01963,75.605789
604,3,1,2025-09-06,Latvia,Lithuania,89.908402,88.768608
604,4,1,2025-09-06,Finland,Serbia,84.66155,102.56888
605,1,1,2025-09-06,Turkey,Sweden,91.370785,77.626969
605,2,1,2025-09-06,Germany,Portugal,87.143495,58.690179
605,3,1,2025-09-06,Latvia,Lithuania,92.941089,87.671085
605,4,1,2025-09-06,Finland,Serbia,92.831412,108.12364
606,1,1,2025-09-06,Turkey,Sweden,93.413746,69.46958
606,2,1,2025-09-06,Germany,Portugal,69.48272,59.117868
606,3,1,2025-09-06,Latvia,Lithuania,95.278621,81.491019
606,4,1,2025-09-06,Finland,Serbia,95.769232,88.636523
607,1,1,2025-09-06,Turkey,Sweden,92.25086,79.025237
607,2,1,2025-09-06,Germany,Portugal,84.808364,47.459823
607,3,1,2025-09-06,Latvia,Lithuania,87.564716,71.498771
607,4,1,2025-09-06,Finland,Serbia,68.72894,107.66375
608,1,1,2025-09-06,Turkey,Sweden,88.81151,68.808307
608,2,1,2025-09-06,Germany,Portugal,80.081349,53.501519
608,3,1,2025-09-06,Latvia,Lithuania,68.674866,67.750647
608,4,1,2025-09-06,Finland,Serbia,106.92405,75.917281
609,1,1,2025-09-06,Turkey,Sweden,76.514588,65.877336
609,2,1,2025-09-06,Germany,Portugal,104.84851,55.616308
609,3,1,2025-09-06,Latvia,Lithuania,99.734987,86.811096
609,4,1,2025-09-06,Finland,Serbia,94.962175,98.028768
610,1,1,2025-09-06,Turkey,Sweden,93.936503,75.864166
610,2,1,2025-09-06,Germany,Portugal,97.943201,84.762572
610,3,1,2025-09-06,Latvia,Lithuania,86.832133,77.342588
610,4,1,2025-09-06,Finland,Serbia,94.751848,81.244458
611,1,1,2025-09-06,Turkey,Sweden,100.65897,75.378341
611,2,1,2025-09-06,Germany,Portugal,75.320517,41.29499
611,3,1,2025-09-06,Latvia,Lithuania,94.197972,76.555391
611,4,1,2025-09-06,Finland,Serbia,73.43042,93.730883
612,1,1,2025-09-06,Turkey,Sweden,68.723612,60.68421
612,2,1,2025-09-06,Germany,Portugal,100.11924,62.178939
612,3,1,2025-09-06,Latvia,Lithuania,79.874715,83.893004
612,4,1,2025-09-06,Finland,Serbia,104.95764,85.157818
613,1,1,2025-09-06,Turkey,Sweden,94.84278,76.53914
613,2,1,2025-09-06,Germany,Portugal,83.877942,68.88992
613,3,1,2025-09-06,Latvia,Lithuania,99.301292,88.044221
613,4,1,2025-09-06,Finland,Serbia,94.210817,89.105097
614,1,1,2025-09-06,Turkey,Sweden,86.208895,86.873374
614,2,1,2025-09-06,Germany,Portugal,85.1856,87.118513
614,3,1,2025-09-06,Latvia,Lithuania,99.029809,83.534998
614,4,1,2025-09-06,Finland,Serbia,98.360107,88.995658
615,1,1,2025-09-06,Turkey,Sweden,100.97827,70.291284
615,2,1,2025-09-06,Germany,Portugal,80.627751,31.655072
615,3,1,2025-09-06,Latvia,Lithuania,83.983983,83.122709
615,4,1,2025-09-06,Finland,Serbia,94.293311,95.204961
616,1,1,2025-09-06,Turkey,Sweden,75.132855,85.911162
616,2,1,2025-09-06,Germany,Portugal,69.827902,39.678614
616,3,1,2025-09-06,Latvia,Lithuania,79.946559,81.632441
616,4,1,2025-09-06,Finland,Serbia,98.920647,86.044392
617,1,1,2025-09-06,Turkey,Sweden,88.704661,67.317852
617,2,1,2025-09-06,Germany,Portugal,83.138623,81.07245
617,3,1,2025-09-06,Latvia,Lithuania,62.360616,46.340582
617,4,1,2025-09-06,Finland,Serbia,87.892719,88.954827
618,1,1,2025-09-06,Turkey,Sweden,78.912114,79.422089
618,2,1,2025-09-06,Germany,Portugal,100.92822,69.090134
618,3,1,2025-09-06,Latvia,Lithuania,71.011015,75.285825
618,4,1,2025-09-06,Finland,Serbia,103.26274,87.552332
619,1,1,2025-09-06,Turkey,Sweden,94.533516,83.136402
619,2,1,2025-09-06,Germany,Portugal,84.853047,54.36059
619,3,1,2025-09-06,Latvia,Lithuania,86.326206,97.481056
619,4,1,2025-09-06,Finland,Serbia,76.898966,99.62352
620,1,1,2025-09-06,Turkey,Sweden,69.866562,57.43725
620,2,1,2025-09-06,Germany,Portugal,96.852377,59.166563
620,3,1,2025-09-06,Latvia,Lithuania,96.24499,103.69766
620,4,1,2025-09-06,Finland,Serbia,58.324225,72.582783
621,1,1,2025-09-06,Turkey,Sweden,100.31304,93.37156
621,2,1,2025-09-06,Germany,Portugal,88.666621,69.098938
621,3,1,2025-09-06,Latvia,Lithuania,73.426912,90.643084
621,4,1,2025-09-06,Finland,Serbia,93.381417,99.498545
622,1,1,2025-09-06,Turkey,Sweden,97.012258,85.592173
622,2,1,2025-09-06,Germany,Portugal,78.506536,69.903983
622,3,1,2025-09-06,Latvia,Lithuania,99.879567,69.453715
622,4,1,2025-09-06,Finland,Serbia,92.517784,85.369568
623,1,1,2025-09-06,Turkey,Sweden,84.730267,71.652033
623,2,1,2025-09-06,Germany,Portugal,102.54318,68.4125
623,3,1,2025-09-06,Latvia,Lithuania,82.639852,107.67801
623,4,1,2025-09-06,Finland,Serbia,86.867267,93.814046
624,1,1,2025-09-06,Turkey,Sweden,83.656446,81.382639
624,2,1,2025-09-06,Germany,Portugal,63.086174,95.295381
624,3,1,2025-09-06,Latvia,Lithuania,87.850421,80.114851
624,4,1,2025-09-06,Finland,Serbia,85.272376,88.935609
625,1,1,2025-09-06,Turkey,Sweden,80.034895,76.808997
625,2,1,2025-09-06,Germany,Portugal,75.451222,60.722923
625,3,1,2025-09-06,Latvia,Lithuania,102.47882,74.308955
625,4,1,2025-09-06,Finland,Serbia,80.951266,89.810929
626,1,1,2025-09-06,Turkey,Sweden,106.50022,81.248878
626,2,1,2025-09-06,Germany,Portugal,98.681056,61.724829
626,3,1,2025-09-06,Latvia,Lithuania,87.006431,91.292354
626,4,1,2025-09-06,Finland,Serbia,84.776541,83.125338
627,1,1,2025-09-06,Turkey,Sweden,83.383785,75.415397
627,2,1,2025-09-06,Germany,Portugal,68.953023,51.746985
627,3,1,2025-09-06,Latvia,Lithuania,89.859204,85.715997
627,4,1,2025-09-06,Finland,Serbia,89.198129,85.957717
628,1,1,2025-09-06,Turkey,Sweden,77.647578,63.985407
628,2,1,2025-09-06,Germany,Portugal,87.567246,73.458568
628,3,1,2025-09-06,Latvia,Lithuania,92.995996,85.963785
628,4,1,2025-09-06,Finland,Serbia,73.651522,72.607881
629,1,1,2025-09-06,Turkey,Sweden,80.780272,72.459513
629,2,1,2025-09-06,Germany,Portugal,87.419237,68.599928
629,3,1,2025-09-06,Latvia,Lithuania,95.357133,101.04907
629,4,1,2025-09-06,Finland,Serbia,89.557402,87.266321
630,1,1,2025-09-06,Turkey,Sweden,109.52689,70.615434
630,2,1,2025-09-06,Germany,Portugal,92.967022,57.64778
630,3,1,2025-09-06,Latvia,Lithuania,82.151459,92.247622
630,4,1,2025-09-06,Finland,Serbia,92.769846,89.308646
631,1,1,2025-09-06,Turkey,Sweden,101.11672,72.241268
631,2,1,2025-09-06,Germany,Portugal,92.39607,72.175508
631,3,1,2025-09-06,Latvia,Lithuania,66.014677,81.012892
631,4,1,2025-09-06,Finland,Serbia,75.833729,94.949394
632,1,1,2025-09-06,Turkey,Sweden,94.358815,86.125155
632,2,1,2025-09-06,Germany,Portugal,88.430119,64.176374
632,3,1,2025-09-06,Latvia,Lithuania,111.8581,89.913786
632,4,1,2025-09-06,Finland,Serbia,67.542207,87.197416
633,1,1,2025-09-06,Turkey,Sweden,89.947503,70.962425
633,2,1,2025-09-06,Germany,Portugal,88.145114,64.929266
633,3,1,2025-09-06,Latvia,Lithuania,62.675633,63.01496
633,4,1,2025-09-06,Finland,Serbia,85.474781,102.50145
634,1,1,2025-09-06,Turkey,Sweden,97.594064,82.475376
634,2,1,2025-09-06,Germany,Portugal,106.46266,71.166358
634,3,1,2025-09-06,Latvia,Lithuania,72.906321,78.70994
634,4,1,2025-09-06,Finland,Serbia,70.058604,78.251629
635,1,1,2025-09-06,Turkey,Sweden,80.243297,64.477489
635,2,1,2025-09-06,Germany,Portugal,94.709056,83.422184
635,3,1,2025-09-06,Latvia,Lithuania,73.932011,82.292663
635,4,1,2025-09-06,Finland,Serbia,81.970093,106.36078
636,1,1,2025-09-06,Turkey,Sweden,82.655565,79.62071
636,2,1,2025-09-06,Germany,Portugal,89.456077,47.301622
636,3,1,2025-09-06,Latvia,Lithuania,94.48833,98.873602
636,4,1,2025-09-06,Finland,Serbia,87.335515,112.49794
637,1,1,2025-09-06,Turkey,Sweden,71.555317,74.069705
637,2,1,2025-09-06,Germany,Portugal,90.912817,61.828921
637,3,1,2025-09-06,Latvia,Lithuania,89.709308,72.280784
637,4,1,2025-09-06,Finland,Serbia,68.481421,84.214908
638,1,1,2025-09-06,Turkey,Sweden,95.283236,92.457135
638,2,1,2025-09-06,Germany,Portugal,68.915,65.826565
638,3,1,2025-09-06,Latvia,Lithuania,74.113076,98.485821
638,4,1,2025-09-06,Finland,Serbia,89.93705,91.71846
639,1,1,2025-09-06,Turkey,Sweden,86.220074,73.735379
639,2,1,2025-09-06,Germany,Portugal,106.08937,58.715823
639,3,1,2025-09-06,Latvia,Lithuania,92.842827,67.286006
639,4,1,2025-09-06,Finland,Serbia,98.977765,69.840231
640,1,1,2025-09-06,Turkey,Sweden,80.894565,77.383311
640,2,1,2025-09-06,Germany,Portugal,76.386079,48.465393
640,3,1,2025-09-06,Latvia,Lithuania,85.935073,87.954003
640,4,1,2025-09-06,Finland,Serbia,78.193224,103.82145
641,1,1,2025-09-06,Turkey,Sweden,102.09831,81.714713
641,2,1,2025-09-06,Germany,Portugal,90.030084,82.862752
641,3,1,2025-09-06,Latvia,Lithuania,94.169115,77.972357
641,4,1,2025-09-06,Finland,Serbia,103.1024,86.52076
642,1,1,2025-09-06,Turkey,Sweden,74.561638,75.232633
642,2,1,2025-09-06,Germany,Portugal,88.543257,66.032711
642,3,1,2025-09-06,Latvia,Lithuania,83.022884,95.335204
642,4,1,2025-09-06,Finland,Serbia,88.958234,87.434908
643,1,1,2025-09-06,Turkey,Sweden,89.648211,74.06528
643,2,1,2025-09-06,Germany,Portugal,85.94786,57.546887
643,3,1,2025-09-06,Latvia,Lithuania,104.888,85.853968
643,4,1,2025-09-06,Finland,Serbia,96.81054,86.161819
644,1,1,2025-09-06,Turkey,Sweden,86.831055,87.447323
644,2,1,2025-09-06,Germany,Portugal,84.369266,32.97722
644,3,1,2025-09-06,Latvia,Lithuania,83.364453,84.691294
644,4,1,2025-09-06,Finland,Serbia,107.40084,87.683251
645,1,1,2025-09-06,Turkey,Sweden,91.6415,74.236339
645,2,1,2025-09-06,Germany,Portugal,101.1117,67.806125
645,3,1,2025-09-06,Latvia,Lithuania,91.500877,114.72425
645,4,1,2025-09-06,Finland,Serbia,95.461992,93.75962
646,1,1,2025-09-06,Turkey,Sweden,92.033294,77.075567
646,2,1,2025-09-06,Germany,Portugal,75.439475,73.356419
646,3,1,2025-09-06,Latvia,Lithuania,92.211026,98.192034
646,4,1,2025-09-06,Finland,Serbia,103.18061,90.32567
647,1,1,2025-09-06,Turkey,Sweden,81.366774,65.345248
647,2,1,2025-09-06,Germany,Portugal,86.000887,65.907698
647,3,1,2025-09-06,Latvia,Lithuania,108.33983,84.173519
647,4,1,2025-09-06,Finland,Serbia,88.491029,86.779786
648,1,1,2025-09-06,Turkey,Sweden,87.585105,89.418745
648,2,1,2025-09-06,Germany,Portugal,98.467465,81.378757
648,3,1,2025-09-06,Latvia,Lithuania,71.627034,94.410404
648,4,1,2025-09-06,Finland,Serbia,94.694988,79.639042
649,1,1,2025-09-06,Turkey,Sweden,70.505731,78.034103
649,2,1,2025-09-06,Germany,Portugal,76.426314,82.337492
649,3,1,2025-09-06,Latvia,Lithuania,77.940074,84.738219
649,4,1,2025-09-06,Finland,Serbia,80.374166,85.580061
650,1,1,2025-09-06,Turkey,Sweden,80.619985,71.617273
650,2,1,2025-09-06,Germany,Portugal,80.274376,68.155137
650,3,1,2025-09-06,Latvia,Lithuania,87.240024,66.801572
650,4,1,2025-09-06,Finland,Serbia,90.049277,96.401058
651,1,1,2025-09-06,Turkey,Sweden,75.347969,73.570667
651,2,1,2025-09-06,Germany,Portugal,108.09167,71.279258
651,3,1,2025-09-06,Latvia,Lithuania,92.384275,82.63754
651,4,1,2025-09-06,Finland,Serbia,80.072621,92.653504
652,1,1,2025-09-06,Turkey,Sweden,81.205775,71.750073
652,2,1,2025-09-06,Germany,Portugal,94.661258,58.343672
652,3,1,2025-09-06,Latvia,Lithuania,106.22572,86.728821
652,4,1,2025-09-06,Finland,Serbia,97.805594,112.47564
653,1,1,2025-09-06,Turkey,Sweden,87.469283,62.45392
653,2,1,2025-09-06,Germany,Portugal,99.653868,68.798468
653,3,1,2025-09-06,Latvia,Lithuania,82.805348,77.900251
653,4,1,2025-09-06,Finland,Serbia,102.69891,81.205477
654,1,1,2025-09-06,Turkey,Sweden,75.104463,81.481458
654,2,1,2025-09-06,Germany,Portugal,95.148978,71.411957
654,3,1,2025-09-06,Latvia,Lithuania,88.03102,83.075934
654,4,1,2025-09-06,Finland,Serbia,71.787318,107.96803
655,1,1,2025-09-06,Turkey,Sweden,82.718535,53.94009
655,2,1,2025-09-06,Germany,Portugal,96.85736,88.793913
655,3,1,2025-09-06,Latvia,Lithuania,69.003214,86.183631
655,4,1,2025-09-06,Finland,Serbia,77.231927,64.861648
656,1,1,2025-09-06,Turkey,Sweden,87.221215,88.402527
656,2,1,2025-09-06,Germany,Portugal,79.155312,56.876977
656,3,1,2025-09-06,Latvia,Lithuania,87.778892,67.484388
656,4,1,2025-09-06,Finland,Serbia,99.489947,116.3061
657,1,1,2025-09-06,Turkey,Sweden,95.146899,72.467625
657,2,1,2025-09-06,Germany,Portugal,81.438989,69.009431
657,3,1,2025-09-06,Latvia,Lithuania,99.037791,83.606588
657,4,1,2025-09-06,Finland,Serbia,88.446722,96.205671
658,1,1,2025-09-06,Turkey,Sweden,80.281929,66.56127
658,2,1,2025-09-06,Germany,Portugal,103.25466,83.779074
658,3,1,2025-09-06,Latvia,Lithuania,106.41042,96.94019
658,4,1,2025-09-06,Finland,Serbia,88.619628,76.200474
659,1,1,2025-09-06,Turkey,Sweden,87.943025,85.106285
659,2,1,2025-09-06,Germany,Portugal,107.55594,63.996973
659,3,1,2025-09-06,Latvia,Lithuania,77.233182,80.637075
659,4,1,2025-09-06,Finland,Serbia,85.315067,93.667622
660,1,1,2025-09-06,Turkey,Sweden,89.062809,85.555064
660,2,1,2025-09-06,Germany,Portugal,93.771728,62.126328
660,3,1,2025-09-06,Latvia,Lithuania,70.747656,70.895208
660,4,1,2025-09-06,Finland,Serbia,84.793099,95.537225
661,1,1,2025-09-06,Turkey,Sweden,78.936939,84.95771
661,2,1,2025-09-06,Germany,Portugal,80.718542,56.064425
661,3,1,2025-09-06,Latvia,Lithuania,70.976028,83.583773
661,4,1,2025-09-06,Finland,Serbia,74.315484,82.682919
662,1,1,2025-09-06,Turkey,Sweden,81.307385,89.47364
662,2,1,2025-09-06,Germany,Portugal,87.323757,49.539897
662,3,1,2025-09-06,Latvia,Lithuania,76.1149,93.259648
662,4,1,2025-09-06,Finland,Serbia,78.790762,107.09921
663,1,1,2025-09-06,Turkey,Sweden,96.628838,89.542427
663,2,1,2025-09-06,Germany,Portugal,75.718922,60.310749
663,3,1,2025-09-06,Latvia,Lithuania,104.45962,97.547295
663,4,1,2025-09-06,Finland,Serbia,96.169541,85.176825
664,1,1,2025-09-06,Turkey,Sweden,84.505612,79.586343
664,2,1,2025-09-06,Germany,Portugal,118.90839,70.758772
664,3,1,2025-09-06,Latvia,Lithuania,75.536785,76.379763
664,4,1,2025-09-06,Finland,Serbia,90.467059,83.732113
665,1,1,2025-09-06,Turkey,Sweden,92.716508,74.982731
665,2,1,2025-09-06,Germany,Portugal,85.640225,65.4621
665,3,1,2025-09-06,Latvia,Lithuania,50.555715,77.78832
665,4,1,2025-09-06,Finland,Serbia,81.645216,105.03496
666,1,1,2025-09-06,Turkey,Sweden,113.02227,89.382926
666,2,1,2025-09-06,Germany,Portugal,76.076774,57.152255
666,3,1,2025-09-06,Latvia,Lithuania,104.67644,68.030374
666,4,1,2025-09-06,Finland,Serbia,83.59967,94.78605
667,1,1,2025-09-06,Turkey,Sweden,81.675518,72.375653
667,2,1,2025-09-06,Germany,Portugal,87.347968,68.615319
667,3,1,2025-09-06,Latvia,Lithuania,88.478211,62.182691
667,4,1,2025-09-06,Finland,Serbia,95.294434999999993,83.818067
668,1,1,2025-09-06,Turkey,Sweden,91.051988,69.163808
668,2,1,2025-09-06,Germany,Portugal,109.18171,72.980508
668,3,1,2025-09-06,Latvia,Lithuania,75.113155,100.81136
668,4,1,2025-09-06,Finland,Serbia,112.10208,114.33294
669,1,1,2025-09-06,Turkey,Sweden,86.930225,79.767549
669,2,1,2025-09-06,Germany,Portugal,84.18533,67.844689
669,3,1,2025-09-06,Latvia,Lithuania,100.39345,88.04879
669,4,1,2025-09-06,Finland,Serbia,100.09248,95.700744
670,1,1,2025-09-06,Turkey,Sweden,82.410129,75.750938
670,2,1,2025-09-06,Germany,Portugal,101.76963,61.479106
670,3,1,2025-09-06,Latvia,Lithuania,84.984904,89.795557
670,4,1,2025-09-06,Finland,Serbia,91.984828,70.363382
671,1,1,2025-09-06,Turkey,Sweden,96.928036,79.984653
671,2,1,2025-09-06,Germany,Portugal,95.133322,75.210878
671,3,1,2025-09-06,Latvia,Lithuania,96.706176,74.351148
671,4,1,2025-09-06,Finland,Serbia,71.669244,98.196616
672,1,1,2025-09-06,Turkey,Sweden,76.789918,65.304648
672,2,1,2025-09-06,Germany,Portugal,73.42144,62.904639
672,3,1,2025-09-06,Latvia,Lithuania,75.349245,88.510929
672,4,1,2025-09-06,Finland,Serbia,84.2003,85.069704
673,1,1,2025-09-06,Turkey,Sweden,82.548675,61.46479
673,2,1,2025-09-06,Germany,Portugal,90.146197,61.993717
673,3,1,2025-09-06,Latvia,Lithuania,95.339391,84.039597
673,4,1,2025-09-06,Finland,Serbia,97.857705,84.76951
674,1,1,2025-09-06,Turkey,Sweden,76.17205,75.794413
674,2,1,2025-09-06,Germany,Portugal,93.271508,70.273788
674,3,1,2025-09-06,Latvia,Lithuania,95.656439,82.787403
674,4,1,2025-09-06,Finland,Serbia,81.303968,98.158195
675,1,1,2025-09-06,Turkey,Sweden,81.115289,74.334505
675,2,1,2025-09-06,Germany,Portugal,94.899821,82.271508
675,3,1,2025-09-06,Latvia,Lithuania,89.312088,86.18912
675,4,1,2025-09-06,Finland,Serbia,96.072654,112.37583
676,1,1,2025-09-06,Turkey,Sweden,74.325704,71.185856
676,2,1,2025-09-06,Germany,Portugal,96.038759,58.740607
676,3,1,2025-09-06,Latvia,Lithuania,76.76152,85.641909
676,4,1,2025-09-06,Finland,Serbia,81.117506,91.852229
677,1,1,2025-09-06,Turkey,Sweden,116.11143,71.21834
677,2,1,2025-09-06,Germany,Portugal,98.965161,80.441083
677,3,1,2025-09-06,Latvia,Lithuania,87.584724,70.810008
677,4,1,2025-09-06,Finland,Serbia,100.42922,87.449172
678,1,1,2025-09-06,Turkey,Sweden,89.718048,72.205254
678,2,1,2025-09-06,Germany,Portugal,87.076083,58.6818
678,3,1,2025-09-06,Latvia,Lithuania,65.793654,91.902268
678,4,1,2025-09-06,Finland,Serbia,83.036555,77.412955
679,1,1,2025-09-06,Turkey,Sweden,75.490587,70.206672
679,2,1,2025-09-06,Germany,Portugal,102.51968,62.140453
679,3,1,2025-09-06,Latvia,Lithuania,102.0349,104.07481
679,4,1,2025-09-06,Finland,Serbia,79.441248,81.215948
680,1,1,2025-09-06,Turkey,Sweden,82.858424,77.566003
680,2,1,2025-09-06,Germany,Portugal,84.228744,66.136622
680,3,1,2025-09-06,Latvia,Lithuania,99.258371,81.307511
680,4,1,2025-09-06,Finland,Serbia,121.0803,102.08973
681,1,1,2025-09-06,Turkey,Sweden,96.339424,92.478832
681,2,1,2025-09-06,Germany,Portugal,74.722197,66.633874
681,3,1,2025-09-06,Latvia,Lithuania,93.298793,80.22078
681,4,1,2025-09-06,Finland,Serbia,107.83211,101.52101
682,1,1,2025-09-06,Turkey,Sweden,77.476657,72.203787
682,2,1,2025-09-06,Germany,Portugal,77.660197,56.517084
682,3,1,2025-09-06,Latvia,Lithuania,68.676368,67.725212
682,4,1,2025-09-06,Finland,Serbia,115.45257,104.06431
683,1,1,2025-09-06,Turkey,Sweden,82.777889,95.503408
683,2,1,2025-09-06,Germany,Portugal,85.93741,55.282782
683,3,1,2025-09-06,Latvia,Lithuania,86.575505,88.008677
683,4,1,2025-09-06,Finland,Serbia,87.486267,95.256488
684,1,1,2025-09-06,Turkey,Sweden,75.394797,66.313216
684,2,1,2025-09-06,Germany,Portugal,79.645349,72.553279
684,3,1,2025-09-06,Latvia,Lithuania,88.981293,80.084329
684,4,1,2025-09-06,Finland,Serbia,90.524875,96.649771
685,1,1,2025-09-06,Turkey,Sweden,83.574867,77.094799
685,2,1,2025-09-06,Germany,Portugal,96.111514,60.929131
685,3,1,2025-09-06,Latvia,Lithuania,80.691095,108.95108
685,4,1,2025-09-06,Finland,Serbia,107.65255,106.62086
686,1,1,2025-09-06,Turkey,Sweden,80.756849,75.059026
686,2,1,2025-09-06,Germany,Portugal,118.52603,70.417085
686,3,1,2025-09-06,Latvia,Lithuania,94.34147,99.875499
686,4,1,2025-09-06,Finland,Serbia,86.271263,85.605549
687,1,1,2025-09-06,Turkey,Sweden,72.497226,78.108217
687,2,1,2025-09-06,Germany,Portugal,88.005762,71.632912
687,3,1,2025-09-06,Latvia,Lithuania,70.952743,65.198955
687,4,1,2025-09-06,Finland,Serbia,91.564526,92.114701
688,1,1,2025-09-06,Turkey,Sweden,68.07761,91.573868
688,2,1,2025-09-06,Germany,Portugal,93.750263,60.068803
688,3,1,2025-09-06,Latvia,Lithuania,84.170538,106.79439
688,4,1,2025-09-06,Finland,Serbia,75.735876,82.760929
689,1,1,2025-09-06,Turkey,Sweden,92.337622,96.309679
689,2,1,2025-09-06,Germany,Portugal,63.081389,50.303789
689,3,1,2025-09-06,Latvia,Lithuania,113.9319,86.894949
689,4,1,2025-09-06,Finland,Serbia,77.339179,93.232647
690,1,1,2025-09-06,Turkey,Sweden,84.570499,77.009814
690,2,1,2025-09-06,Germany,Portugal,76.334266,53.071938
690,3,1,2025-09-06,Latvia,Lithuania,98.760757,87.432303
690,4,1,2025-09-06,Finland,Serbia,86.880743,101.87446
691,1,1,2025-09-06,Turkey,Sweden,96.307669,79.126764
691,2,1,2025-09-06,Germany,Portugal,84.491677,50.846205
691,3,1,2025-09-06,Latvia,Lithuania,79.31942,77.47511
691,4,1,2025-09-06,Finland,Serbia,99.131196,113.67959
692,1,1,2025-09-06,Turkey,Sweden,82.730699,62.620102
692,2,1,2025-09-06,Germany,Portugal,83.845769,80.558168
692,3,1,2025-09-06,Latvia,Lithuania,94.932285,73.224112
692,4,1,2025-09-06,Finland,Serbia,98.285461,111.63144
693,1,1,2025-09-06,Turkey,Sweden,86.803246,77.871987
693,2,1,2025-09-06,Germany,Portugal,85.376423,69.15408
693,3,1,2025-09-06,Latvia,Lithuania,95.579793,74.406631
693,4,1,2025-09-06,Finland,Serbia,93.660174,85.78542
694,1,1,2025-09-06,Turkey,Sweden,95.62684,77.180901
694,2,1,2025-09-06,Germany,Portugal,91.601211,74.093339
694,3,1,2025-09-06,Latvia,Lithuania,84.294503,82.921605
694,4,1,2025-09-06,Finland,Serbia,82.76952,98.629138
695,1,1,2025-09-06,Turkey,Sweden,107.22924,91.224533
695,2,1,2025-09-06,Germany,Portugal,70.17679,63.523485
695,3,1,2025-09-06,Latvia,Lithuania,103.50458,81.567101
695,4,1,2025-09-06,Finland,Serbia,92.531281,89.846718
696,1,1,2025-09-06,Turkey,Sweden,88.652622,62.727337
696,2,1,2025-09-06,Germany,Portugal,99.495688,70.942192
696,3,1,2025-09-06,Latvia,Lithuania,84.374771,75.845983
696,4,1,2025-09-06,Finland,Serbia,85.880726,107.94286
697,1,1,2025-09-06,Turkey,Sweden,94.888687,86.510769
697,2,1,2025-09-06,Germany,Portugal,97.099567,60.674952
697,3,1,2025-09-06,Latvia,Lithuania,101.22397,79.919921
697,4,1,2025-09-06,Finland,Serbia,105.91266,96.826115
698,1,1,2025-09-06,Turkey,Sweden,74.032022,52.238845
698,2,1,2025-09-06,Germany,Portugal,82.765531,54.021956
698,3,1,2025-09-06,Latvia,Lithuania,98.915548,77.838144
698,4,1,2025-09-06,Finland,Serbia,100.53468,113.24595
699,1,1,2025-09-06,Turkey,Sweden,74.845556,79.090898
699,2,1,2025-09-06,Germany,Portugal,105.84249,77.89487
699,3,1,2025-09-06,Latvia,Lithuania,83.657184,75.848822
699,4,1,2025-09-06,Finland,Serbia,90.482787,88.73753
700,1,1,2025-09-06,Turkey,Sweden,84.699047,81.889097
700,2,1,2025-09-06,Germany,Portugal,65.907539,51.271459
700,3,1,2025-09-06,Latvia,Lithuania,72.998956,65.939771
700,4,1,2025-09-06,Finland,Serbia,99.811166,107.14912
701,1,1,2025-09-06,Turkey,Sweden,87.737044,51.861614
701,2,1,2025-09-06,Germany,Portugal,108.46508,70.955069
701,3,1,2025-09-06,Latvia,Lithuania,88.703859,86.178633
701,4,1,2025-09-06,Finland,Serbia,93.207706,79.316245
702,1,1,2025-09-06,Turkey,Sweden,75.527629,74.235043
702,2,1,2025-09-06,Germany,Portugal,76.248436,64.254478
702,3,1,2025-09-06,Latvia,Lithuania,106.55844,82.705977
702,4,1,2025-09-06,Finland,Serbia,97.463182,93.874182
703,1,1,2025-09-06,Turkey,Sweden,80.937761,72.807854
703,2,1,2025-09-06,Germany,Portugal,90.568682,71.751385
703,3,1,2025-09-06,Latvia,Lithuania,81.418877,78.965495
703,4,1,2025-09-06,Finland,Serbia,88.921953,79.519566
704,1,1,2025-09-06,Turkey,Sweden,75.600803,83.193332
704,2,1,2025-09-06,Germany,Portugal,73.533589,64.123907
704,3,1,2025-09-06,Latvia,Lithuania,73.693581,87.425236
704,4,1,2025-09-06,Finland,Serbia,92.851664,84.470049
705,1,1,2025-09-06,Turkey,Sweden,95.365098,73.123063
705,2,1,2025-09-06,Germany,Portugal,93.86415,68.881924
705,3,1,2025-09-06,Latvia,Lithuania,80.405708,85.902825000000007
705,4,1,2025-09-06,Finland,Serbia,87.841043,95.695201
706,1,1,2025-09-06,Turkey,Sweden,73.806378,66.70175
706,2,1,2025-09-06,Germany,Portugal,90.506105,61.576187
706,3,1,2025-09-06,Latvia,Lithuania,92.181732,76.58363
706,4,1,2025-09-06,Finland,Serbia,91.149749,89.282903
707,1,1,2025-09-06,Turkey,Sweden,78.675107,88.292253
707,2,1,2025-09-06,Germany,Portugal,82.824754,54.066316
707,3,1,2025-09-06,Latvia,Lithuania,66.148012,91.602236
707,4,1,2025-09-06,Finland,Serbia,92.133748,82.518282
708,1,1,2025-09-06,Turkey,Sweden,69.647804,94.929453
708,2,1,2025-09-06,Germany,Portugal,84.105088,62.653947
708,3,1,2025-09-06,Latvia,Lithuania,97.360121,86.03479
708,4,1,2025-09-06,Finland,Serbia,102.47344,111.95993
709,1,1,2025-09-06,Turkey,Sweden,93.751739,65.260729
709,2,1,2025-09-06,Germany,Portugal,74.038974,47.210055
709,3,1,2025-09-06,Latvia,Lithuania,85.884144,66.860926
709,4,1,2025-09-06,Finland,Serbia,86.327196,86.598965
710,1,1,2025-09-06,Turkey,Sweden,98.114517,79.40056
710,2,1,2025-09-06,Germany,Portugal,110.73075,55.520949
710,3,1,2025-09-06,Latvia,Lithuania,92.052118,102.65267
710,4,1,2025-09-06,Finland,Serbia,73.600014,91.171163
711,1,1,2025-09-06,Turkey,Sweden,87.569692,74.294082
711,2,1,2025-09-06,Germany,Portugal,80.594368,56.617793
711,3,1,2025-09-06,Latvia,Lithuania,83.216645,87.970217
711,4,1,2025-09-06,Finland,Serbia,85.989259,84.036276
712,1,1,2025-09-06,Turkey,Sweden,79.990734,72.799588
712,2,1,2025-09-06,Germany,Portugal,94.479498,63.836888
712,3,1,2025-09-06,Latvia,Lithuania,102.7389,91.784114
712,4,1,2025-09-06,Finland,Serbia,65.013623,93.491697
713,1,1,2025-09-06,Turkey,Sweden,101.28513,68.344128
713,2,1,2025-09-06,Germany,Portugal,101.21203,78.914951
713,3,1,2025-09-06,Latvia,Lithuania,91.235273,106.8448
713,4,1,2025-09-06,Finland,Serbia,84.098311,97.56073
714,1,1,2025-09-06,Turkey,Sweden,75.339464,55.77279
714,2,1,2025-09-06,Germany,Portugal,78.417541,56.488834
714,3,1,2025-09-06,Latvia,Lithuania,84.136459,87.087927
714,4,1,2025-09-06,Finland,Serbia,90.556806,99.051366
715,1,1,2025-09-06,Turkey,Sweden,86.113578,68.750519
715,2,1,2025-09-06,Germany,Portugal,78.477212,44.208967
715,3,1,2025-09-06,Latvia,Lithuania,88.663181,76.986855
715,4,1,2025-09-06,Finland,Serbia,92.04836,104.26643
716,1,1,2025-09-06,Turkey,Sweden,78.096041,71.441291
716,2,1,2025-09-06,Germany,Portugal,89.867155,82.50434
716,3,1,2025-09-06,Latvia,Lithuania,102.59345,62.580571
716,4,1,2025-09-06,Finland,Serbia,93.587422,71.689039
717,1,1,2025-09-06,Turkey,Sweden,81.381074,75.010403
717,2,1,2025-09-06,Germany,Portugal,98.907976,76.064871
717,3,1,2025-09-06,Latvia,Lithuania,79.097852,90.928083
717,4,1,2025-09-06,Finland,Serbia,85.495692,93.392308
718,1,1,2025-09-06,Turkey,Sweden,60.951443,62.659588
718,2,1,2025-09-06,Germany,Portugal,84.924666,68.778028
718,3,1,2025-09-06,Latvia,Lithuania,95.458697,91.010108
718,4,1,2025-09-06,Finland,Serbia,81.190451,105.55083
719,1,1,2025-09-06,Turkey,Sweden,81.926947,84.404158
719,2,1,2025-09-06,Germany,Portugal,69.397026,30.166857
719,3,1,2025-09-06,Latvia,Lithuania,87.900114,82.400871
719,4,1,2025-09-06,Finland,Serbia,120.28957,106.09585
720,1,1,2025-09-06,Turkey,Sweden,73.771238,76.632891
720,2,1,2025-09-06,Germany,Portugal,78.254831,82.522967
720,3,1,2025-09-06,Latvia,Lithuania,120.99752,83.259486
720,4,1,2025-09-06,Finland,Serbia,87.498867,75.469068
721,1,1,2025-09-06,Turkey,Sweden,83.131777,74.049648
721,2,1,2025-09-06,Germany,Portugal,79.361826,62.420072
721,3,1,2025-09-06,Latvia,Lithuania,105.55374,76.134191
721,4,1,2025-09-06,Finland,Serbia,60.449993,63.430517
722,1,1,2025-09-06,Turkey,Sweden,86.058154,91.473746
722,2,1,2025-09-06,Germany,Portugal,95.27888,60.642552
722,3,1,2025-09-06,Latvia,Lithuania,93.899659,83.938329
722,4,1,2025-09-06,Finland,Serbia,87.799377,94.87252
723,1,1,2025-09-06,Turkey,Sweden,84.788667,76.468741
723,2,1,2025-09-06,Germany,Portugal,101.96325,67.724417
723,3,1,2025-09-06,Latvia,Lithuania,88.235941,99.930897
723,4,1,2025-09-06,Finland,Serbia,89.664565,82.86608
724,1,1,2025-09-06,Turkey,Sweden,86.347961,74.756654
724,2,1,2025-09-06,Germany,Portugal,86.916955,74.543297
724,3,1,2025-09-06,Latvia,Lithuania,89.942724,78.951142
724,4,1,2025-09-06,Finland,Serbia,114.99508,97.986376
725,1,1,2025-09-06,Turkey,Sweden,92.410788,81.956926
725,2,1,2025-09-06,Germany,Portugal,64.3322,52.460549
725,3,1,2025-09-06,Latvia,Lithuania,81.025047,82.152004
725,4,1,2025-09-06,Finland,Serbia,96.064504,106.94933
726,1,1,2025-09-06,Turkey,Sweden,92.329807,67.345567
726,2,1,2025-09-06,Germany,Portugal,95.226292,69.269807
726,3,1,2025-09-06,Latvia,Lithuania,80.597019,88.988125
726,4,1,2025-09-06,Finland,Serbia,107.74653,99.878781
727,1,1,2025-09-06,Turkey,Sweden,94.102526,82.566525
727,2,1,2025-09-06,Germany,Portugal,96.840377,64.96261
727,3,1,2025-09-06,Latvia,Lithuania,92.690579,63.140176
727,4,1,2025-09-06,Finland,Serbia,84.84903,86.222575
728,1,1,2025-09-06,Turkey,Sweden,86.212648,74.418705
728,2,1,2025-09-06,Germany,Portugal,80.69673,66.452822
728,3,1,2025-09-06,Latvia,Lithuania,92.97937,93.904106
728,4,1,2025-09-06,Finland,Serbia,83.242894,103.11921
729,1,1,2025-09-06,Turkey,Sweden,101.64905,82.135527
729,2,1,2025-09-06,Germany,Portugal,96.472893,65.413708
729,3,1,2025-09-06,Latvia,Lithuania,113.7973,91.705757
729,4,1,2025-09-06,Finland,Serbia,109.51162,80.708235
730,1,1,2025-09-06,Turkey,Sweden,107.34145,85.384932
730,2,1,2025-09-06,Germany,Portugal,100.40273,65.788271
730,3,1,2025-09-06,Latvia,Lithuania,96.037066,81.027994
730,4,1,2025-09-06,Finland,Serbia,84.302345,76.807594
731,1,1,2025-09-06,Turkey,Sweden,68.81378,77.737083
731,2,1,2025-09-06,Germany,Portugal,89.871292,87.75266
731,3,1,2025-09-06,Latvia,Lithuania,74.945965,73.419022
731,4,1,2025-09-06,Finland,Serbia,89.464184,85.396618
732,1,1,2025-09-06,Turkey,Sweden,91.242919,77.256188
732,2,1,2025-09-06,Germany,Portugal,77.411443,75.052576
732,3,1,2025-09-06,Latvia,Lithuania,72.59083,94.874919
732,4,1,2025-09-06,Finland,Serbia,93.415192,97.380024
733,1,1,2025-09-06,Turkey,Sweden,81.740954,75.786308
733,2,1,2025-09-06,Germany,Portugal,82.490278,50.840102
733,3,1,2025-09-06,Latvia,Lithuania,80.004018,87.764341
733,4,1,2025-09-06,Finland,Serbia,94.21137,101.13164
734,1,1,2025-09-06,Turkey,Sweden,97.936945,87.899008
734,2,1,2025-09-06,Germany,Portugal,93.585427,63.465706
734,3,1,2025-09-06,Latvia,Lithuania,69.116516,86.012116
734,4,1,2025-09-06,Finland,Serbia,66.835703,85.79147
735,1,1,2025-09-06,Turkey,Sweden,99.275513,85.231434
735,2,1,2025-09-06,Germany,Portugal,87.737391,71.108341
735,3,1,2025-09-06,Latvia,Lithuania,94.589522,109.15435
735,4,1,2025-09-06,Finland,Serbia,79.952695,80.687026
736,1,1,2025-09-06,Turkey,Sweden,78.64357,79.056755
736,2,1,2025-09-06,Germany,Portugal,82.717734,53.321211
736,3,1,2025-09-06,Latvia,Lithuania,80.533682,80.771079
736,4,1,2025-09-06,Finland,Serbia,99.501477,89.020897
737,1,1,2025-09-06,Turkey,Sweden,96.393247,72.619382
737,2,1,2025-09-06,Germany,Portugal,75.701682,59.365897
737,3,1,2025-09-06,Latvia,Lithuania,85.994076,92.054109
737,4,1,2025-09-06,Finland,Serbia,68.811794,82.843586
738,1,1,2025-09-06,Turkey,Sweden,80.339542,79.779055
738,2,1,2025-09-06,Germany,Portugal,86.889887,63.806585
738,3,1,2025-09-06,Latvia,Lithuania,92.906531,89.711848
738,4,1,2025-09-06,Finland,Serbia,80.149494,94.449746
739,1,1,2025-09-06,Turkey,Sweden,77.056296,65.079679
739,2,1,2025-09-06,Germany,Portugal,77.264748,55.415178
739,3,1,2025-09-06,Latvia,Lithuania,98.349206,94.43802
739,4,1,2025-09-06,Finland,Serbia,87.369185,92.557918
740,1,1,2025-09-06,Turkey,Sweden,88.329902,81.005481
740,2,1,2025-09-06,Germany,Portugal,70.840702,73.530047
740,3,1,2025-09-06,Latvia,Lithuania,89.555386,80.428801000000007
740,4,1,2025-09-06,Finland,Serbia,93.435664,89.607981
741,1,1,2025-09-06,Turkey,Sweden,100.78608,78.52761
741,2,1,2025-09-06,Germany,Portugal,99.565803,66.275783
741,3,1,2025-09-06,Latvia,Lithuania,91.740872,64.672862
741,4,1,2025-09-06,Finland,Serbia,81.164341,110.90248
742,1,1,2025-09-06,Turkey,Sweden,107.98078,93.76531
742,2,1,2025-09-06,Germany,Portugal,88.574374,64.671167
742,3,1,2025-09-06,Latvia,Lithuania,64.622549,76.30879
742,4,1,2025-09-06,Finland,Serbia,94.72294,112.47034
743,1,1,2025-09-06,Turkey,Sweden,99.212379,85.507238
743,2,1,2025-09-06,Germany,Portugal,84.051908,46.755995
743,3,1,2025-09-06,Latvia,Lithuania,89.302921,81.722539
743,4,1,2025-09-06,Finland,Serbia,69.992724,85.719532
744,1,1,2025-09-06,Turkey,Sweden,82.355027,78.880745
744,2,1,2025-09-06,Germany,Portugal,76.096359,60.486519
744,3,1,2025-09-06,Latvia,Lithuania,88.365263,96.939771
744,4,1,2025-09-06,Finland,Serbia,88.258233,88.354208
745,1,1,2025-09-06,Turkey,Sweden,96.969142,84.204955
745,2,1,2025-09-06,Germany,Portugal,86.231058,69.863356
745,3,1,2025-09-06,Latvia,Lithuania,81.416704,78.298779
745,4,1,2025-09-06,Finland,Serbia,98.224675,89.506216
746,1,1,2025-09-06,Turkey,Sweden,94.309454,65.093714
746,2,1,2025-09-06,Germany,Portugal,68.575616,63.384615
746,3,1,2025-09-06,Latvia,Lithuania,72.037922,69.843647
746,4,1,2025-09-06,Finland,Serbia,82.537034,94.790019
747,1,1,2025-09-06,Turkey,Sweden,93.043333,73.563597
747,2,1,2025-09-06,Germany,Portugal,88.476901,61.03302
747,3,1,2025-09-06,Latvia,Lithuania,92.314463,82.618806
747,4,1,2025-09-06,Finland,Serbia,81.028276,83.110267
748,1,1,2025-09-06,Turkey,Sweden,104.06463,79.314624
748,2,1,2025-09-06,Germany,Portugal,85.467059,48.51932
748,3,1,2025-09-06,Latvia,Lithuania,79.487036,97.726134
748,4,1,2025-09-06,Finland,Serbia,92.263513,97.450769
749,1,1,2025-09-06,Turkey,Sweden,100.69906,87.060458
749,2,1,2025-09-06,Germany,Portugal,50.093966,51.452208
749,3,1,2025-09-06,Latvia,Lithuania,87.691864,74.350152
749,4,1,2025-09-06,Finland,Serbia,87.878679,92.649269
750,1,1,2025-09-06,Turkey,Sweden,91.001924,99.785939
750,2,1,2025-09-06,Germany,Portugal,85.284401,71.055964
750,3,1,2025-09-06,Latvia,Lithuania,85.136329,83.296691
750,4,1,2025-09-06,Finland,Serbia,96.516871,100.77269
751,1,1,2025-09-06,Turkey,Sweden,77.78872,80.335981
751,2,1,2025-09-06,Germany,Portugal,79.682618,64.002251
751,3,1,2025-09-06,Latvia,Lithuania,93.731122,105.02431
751,4,1,2025-09-06,Finland,Serbia,99.874184,100.38205
752,1,1,2025-09-06,Turkey,Sweden,71.561509,69.633367
752,2,1,2025-09-06,Germany,Portugal,100.16865,83.588354
752,3,1,2025-09-06,Latvia,Lithuania,89.714709,70.936243
752,4,1,2025-09-06,Finland,Serbia,75.027466,82.357143
753,1,1,2025-09-06,Turkey,Sweden,91.351822,84.685328
753,2,1,2025-09-06,Germany,Portugal,82.130376,49.625163
753,3,1,2025-09-06,Latvia,Lithuania,95.617441,79.096453
753,4,1,2025-09-06,Finland,Serbia,98.818415,106.25711
754,1,1,2025-09-06,Turkey,Sweden,91.702262,49.782032
754,2,1,2025-09-06,Germany,Portugal,94.155134,64.636914
754,3,1,2025-09-06,Latvia,Lithuania,86.217348,52.697743
754,4,1,2025-09-06,Finland,Serbia,117.62533,85.287646
755,1,1,2025-09-06,Turkey,Sweden,88.062565,87.752585
755,2,1,2025-09-06,Germany,Portugal,86.130924,59.926723
755,3,1,2025-09-06,Latvia,Lithuania,83.623288,88.348775
755,4,1,2025-09-06,Finland,Serbia,92.057684,78.001967
756,1,1,2025-09-06,Turkey,Sweden,81.871072,68.208752
756,2,1,2025-09-06,Germany,Portugal,81.377154,63.249638
756,3,1,2025-09-06,Latvia,Lithuania,97.864945,80.992848
756,4,1,2025-09-06,Finland,Serbia,95.748385,97.563647
757,1,1,2025-09-06,Turkey,Sweden,89.195798,68.658033
757,2,1,2025-09-06,Germany,Portugal,96.939166,69.99693
757,3,1,2025-09-06,Latvia,Lithuania,102.92574,95.657101
757,4,1,2025-09-06,Finland,Serbia,107.40806,104.8467
758,1,1,2025-09-06,Turkey,Sweden,98.020818,98.982057
758,2,1,2025-09-06,Germany,Portugal,93.0194,48.554221
758,3,1,2025-09-06,Latvia,Lithuania,96.246838,87.442842
758,4,1,2025-09-06,Finland,Serbia,76.119875,81.776249000000007
759,1,1,2025-09-06,Turkey,Sweden,66.310158,77.250404
759,2,1,2025-09-06,Germany,Portugal,92.429292,72.943665
759,3,1,2025-09-06,Latvia,Lithuania,116.57678,95.895858
759,4,1,2025-09-06,Finland,Serbia,112.8636,100.49948
760,1,1,2025-09-06,Turkey,Sweden,102.50101,85.76512
760,2,1,2025-09-06,Germany,Portugal,91.058336,70.949705
760,3,1,2025-09-06,Latvia,Lithuania,77.240917,94.2517
760,4,1,2025-09-06,Finland,Serbia,91.353338,106.08041
761,1,1,2025-09-06,Turkey,Sweden,93.997373,71.807936
761,2,1,2025-09-06,Germany,Portugal,97.016615,56.48574
761,3,1,2025-09-06,Latvia,Lithuania,75.204366,81.231069
761,4,1,2025-09-06,Finland,Serbia,76.763635,106.51176
762,1,1,2025-09-06,Turkey,Sweden,81.878176,81.290261
762,2,1,2025-09-06,Germany,Portugal,95.598152,64.679024
762,3,1,2025-09-06,Latvia,Lithuania,68.38266,57.753354
762,4,1,2025-09-06,Finland,Serbia,97.658386,81.262708
763,1,1,2025-09-06,Turkey,Sweden,85.442283,77.439077
763,2,1,2025-09-06,Germany,Portugal,90.419911,67.692332
763,3,1,2025-09-06,Latvia,Lithuania,78.259835,80.836707
763,4,1,2025-09-06,Finland,Serbia,88.778217,95.585475
764,1,1,2025-09-06,Turkey,Sweden,92.46896,84.448812
764,2,1,2025-09-06,Germany,Portugal,78.951573,64.490591
764,3,1,2025-09-06,Latvia,Lithuania,81.093887,76.12859
764,4,1,2025-09-06,Finland,Serbia,92.563022,102.62997
765,1,1,2025-09-06,Turkey,Sweden,98.965635,97.474364
765,2,1,2025-09-06,Germany,Portugal,76.659072,63.712686
765,3,1,2025-09-06,Latvia,Lithuania,100.13987,113.07193
765,4,1,2025-09-06,Finland,Serbia,91.668715,89.972039
766,1,1,2025-09-06,Turkey,Sweden,101.04584,95.500974
766,2,1,2025-09-06,Germany,Portugal,96.677296,57.383796
766,3,1,2025-09-06,Latvia,Lithuania,91.144545,102.20355
766,4,1,2025-09-06,Finland,Serbia,91.54532,110.74435
767,1,1,2025-09-06,Turkey,Sweden,79.235777,92.335429
767,2,1,2025-09-06,Germany,Portugal,91.257087,54.603565
767,3,1,2025-09-06,Latvia,Lithuania,107.53865,76.109092
767,4,1,2025-09-06,Finland,Serbia,103.16645,84.629637
768,1,1,2025-09-06,Turkey,Sweden,81.804639,75.363394
768,2,1,2025-09-06,Germany,Portugal,81.549316,77.855881
768,3,1,2025-09-06,Latvia,Lithuania,92.927083,77.621515
768,4,1,2025-09-06,Finland,Serbia,92.727146,114.81816
769,1,1,2025-09-06,Turkey,Sweden,81.448112,77.587006
769,2,1,2025-09-06,Germany,Portugal,91.121433,70.368445
769,3,1,2025-09-06,Latvia,Lithuania,90.307582,86.319508
769,4,1,2025-09-06,Finland,Serbia,84.907521,99.895217
770,1,1,2025-09-06,Turkey,Sweden,95.627313,77.050149
770,2,1,2025-09-06,Germany,Portugal,96.312906,73.793057
770,3,1,2025-09-06,Latvia,Lithuania,74.595024,90.228102
770,4,1,2025-09-06,Finland,Serbia,85.603426,98.608027
771,1,1,2025-09-06,Turkey,Sweden,111.22988,76.304445
771,2,1,2025-09-06,Germany,Portugal,95.391201,71.643218
771,3,1,2025-09-06,Latvia,Lithuania,105.2685,75.958159
771,4,1,2025-09-06,Finland,Serbia,85.332166,75.283743
772,1,1,2025-09-06,Turkey,Sweden,77.732174,81.749506
772,2,1,2025-09-06,Germany,Portugal,83.075359,52.068972
772,3,1,2025-09-06,Latvia,Lithuania,103.5823,80.77516
772,4,1,2025-09-06,Finland,Serbia,99.068775,103.48568
773,1,1,2025-09-06,Turkey,Sweden,87.577153,60.618942
773,2,1,2025-09-06,Germany,Portugal,96.158817,70.921253
773,3,1,2025-09-06,Latvia,Lithuania,84.677811,93.175572
773,4,1,2025-09-06,Finland,Serbia,112.8825,120.23295
774,1,1,2025-09-06,Turkey,Sweden,96.194365,76.2822
774,2,1,2025-09-06,Germany,Portugal,88.95267,64.821284
774,3,1,2025-09-06,Latvia,Lithuania,90.034431,70.786683
774,4,1,2025-09-06,Finland,Serbia,76.644499,105.69004
775,1,1,2025-09-06,Turkey,Sweden,97.536772,98.217239
775,2,1,2025-09-06,Germany,Portugal,82.026415,61.381886
775,3,1,2025-09-06,Latvia,Lithuania,90.141718,72.057533
775,4,1,2025-09-06,Finland,Serbia,96.035235,117.65439
776,1,1,2025-09-06,Turkey,Sweden,85.094961,108.34383
776,2,1,2025-09-06,Germany,Portugal,116.25296,61.842252
776,3,1,2025-09-06,Latvia,Lithuania,71.220753,82.72449
776,4,1,2025-09-06,Finland,Serbia,102.34547,98.489096
777,1,1,2025-09-06,Turkey,Sweden,93.498209,70.908141
777,2,1,2025-09-06,Germany,Portugal,94.678657,80.492906
777,3,1,2025-09-06,Latvia,Lithuania,105.89051,106.66352
777,4,1,2025-09-06,Finland,Serbia,92.373681,99.839632
778,1,1,2025-09-06,Turkey,Sweden,80.734566,83.53526
778,2,1,2025-09-06,Germany,Portugal,84.061391,65.518998
778,3,1,2025-09-06,Latvia,Lithuania,93.802567,82.479829
778,4,1,2025-09-06,Finland,Serbia,93.113307,107.55504
779,1,1,2025-09-06,Turkey,Sweden,80.680191,69.039449
779,2,1,2025-09-06,Germany,Portugal,84.221673,63.825384
779,3,1,2025-09-06,Latvia,Lithuania,88.967617,84.934072
779,4,1,2025-09-06,Finland,Serbia,71.165457,70.904201
780,1,1,2025-09-06,Turkey,Sweden,75.17474,67.286129
780,2,1,2025-09-06,Germany,Portugal,103.32254,69.995843
780,3,1,2025-09-06,Latvia,Lithuania,92.736197,84.696088
780,4,1,2025-09-06,Finland,Serbia,88.134802,94.359035
781,1,1,2025-09-06,Turkey,Sweden,79.347172,65.493878
781,2,1,2025-09-06,Germany,Portugal,87.040456,59.39735
781,3,1,2025-09-06,Latvia,Lithuania,102.06333,69.496443
781,4,1,2025-09-06,Finland,Serbia,85.268477,91.432811
782,1,1,2025-09-06,Turkey,Sweden,82.517587,79.59623
782,2,1,2025-09-06,Germany,Portugal,110.88476,70.374292
782,3,1,2025-09-06,Latvia,Lithuania,91.831827,72.903531
782,4,1,2025-09-06,Finland,Serbia,77.344314,116.59795
783,1,1,2025-09-06,Turkey,Sweden,112.43307,85.929511
783,2,1,2025-09-06,Germany,Portugal,100.58853,71.388482
783,3,1,2025-09-06,Latvia,Lithuania,84.519879,86.872114
783,4,1,2025-09-06,Finland,Serbia,107.18848,79.906773
784,1,1,2025-09-06,Turkey,Sweden,85.72429,76.175512
784,2,1,2025-09-06,Germany,Portugal,108.68666,70.773135
784,3,1,2025-09-06,Latvia,Lithuania,80.272134,69.012234
784,4,1,2025-09-06,Finland,Serbia,105.31898,93.962506
785,1,1,2025-09-06,Turkey,Sweden,83.067105,65.049164
785,2,1,2025-09-06,Germany,Portugal,93.255584,66.159664
785,3,1,2025-09-06,Latvia,Lithuania,107.78808,113.03586
785,4,1,2025-09-06,Finland,Serbia,105.62161,102.83569
786,1,1,2025-09-06,Turkey,Sweden,74.515263,55.155875
786,2,1,2025-09-06,Germany,Portugal,103.19497,71.791883
786,3,1,2025-09-06,Latvia,Lithuania,95.589948,69.882483
786,4,1,2025-09-06,Finland,Serbia,76.279715,93.246763
787,1,1,2025-09-06,Turkey,Sweden,69.911014,72.754807
787,2,1,2025-09-06,Germany,Portugal,92.529234,63.632111
787,3,1,2025-09-06,Latvia,Lithuania,90.892096,78.850643
787,4,1,2025-09-06,Finland,Serbia,88.063444,99.936067
788,1,1,2025-09-06,Turkey,Sweden,66.001601,94.5844
788,2,1,2025-09-06,Germany,Portugal,97.430712,63.683247
788,3,1,2025-09-06,Latvia,Lithuania,93.8905,75.93982
788,4,1,2025-09-06,Finland,Serbia,93.239465,97.849662
789,1,1,2025-09-06,Turkey,Sweden,68.385627,80.946853
789,2,1,2025-09-06,Germany,Portugal,99.634591,80.285642
789,3,1,2025-09-06,Latvia,Lithuania,80.208048,112.26869
789,4,1,2025-09-06,Finland,Serbia,90.049347,91.841403
790,1,1,2025-09-06,Turkey,Sweden,76.942733,55.665938
790,2,1,2025-09-06,Germany,Portugal,99.365127,70.967938
790,3,1,2025-09-06,Latvia,Lithuania,70.462198,77.883196
790,4,1,2025-09-06,Finland,Serbia,92.952458,83.414741
791,1,1,2025-09-06,Turkey,Sweden,85.905321,87.333555
791,2,1,2025-09-06,Germany,Portugal,86.577387,90.911421
791,3,1,2025-09-06,Latvia,Lithuania,95.888001,92.219797
791,4,1,2025-09-06,Finland,Serbia,91.20798,98.041504
792,1,1,2025-09-06,Turkey,Sweden,96.374574,88.855059
792,2,1,2025-09-06,Germany,Portugal,70.142588,60.476564
792,3,1,2025-09-06,Latvia,Lithuania,66.646043,77.363579
792,4,1,2025-09-06,Finland,Serbia,80.353819,102.17766
793,1,1,2025-09-06,Turkey,Sweden,92.25799,76.620921
793,2,1,2025-09-06,Germany,Portugal,100.49248,72.605192
793,3,1,2025-09-06,Latvia,Lithuania,62.69443,75.481843
793,4,1,2025-09-06,Finland,Serbia,106.40576,100.25128
794,1,1,2025-09-06,Turkey,Sweden,49.852545,74.005286
794,2,1,2025-09-06,Germany,Portugal,61.289456,60.253522
794,3,1,2025-09-06,Latvia,Lithuania,105.58882,99.02704
794,4,1,2025-09-06,Finland,Serbia,89.257402,82.93912
795,1,1,2025-09-06,Turkey,Sweden,89.443162,81.236614
795,2,1,2025-09-06,Germany,Portugal,100.95118,58.868118
795,3,1,2025-09-06,Latvia,Lithuania,81.176915,70.247786
795,4,1,2025-09-06,Finland,Serbia,83.847838,109.05766
796,1,1,2025-09-06,Turkey,Sweden,102.31106,87.61421
796,2,1,2025-09-06,Germany,Portugal,74.832493,56.050033
796,3,1,2025-09-06,Latvia,Lithuania,96.543424,89.724874
796,4,1,2025-09-06,Finland,Serbia,104.66334,85.355179
797,1,1,2025-09-06,Turkey,Sweden,88.275857,82.931998
797,2,1,2025-09-06,Germany,Portugal,77.769131,58.082071
797,3,1,2025-09-06,Latvia,Lithuania,77.032165,99.193253
797,4,1,2025-09-06,Finland,Serbia,94.427825,90.184342
798,1,1,2025-09-06,Turkey,Sweden,89.414179,59.488374
798,2,1,2025-09-06,Germany,Portugal,91.718565,45.951944
798,3,1,2025-09-06,Latvia,Lithuania,85.274387,84.673973
798,4,1,2025-09-06,Finland,Serbia,106.72437,89.778741
799,1,1,2025-09-06,Turkey,Sweden,101.95437,57.832239
799,2,1,2025-09-06,Germany,Portugal,99.091228,63.081855
799,3,1,2025-09-06,Latvia,Lithuania,89.638243,98.06735
799,4,1,2025-09-06,Finland,Serbia,100.25368,118.50004
800,1,1,2025-09-06,Turkey,Sweden,66.110574,81.08539
800,2,1,2025-09-06,Germany,Portugal,87.230122,64.079601
800,3,1,2025-09-06,Latvia,Lithuania,63.610502,75.696192
800,4,1,2025-09-06,Finland,Serbia,68.321798,45.898269
801,1,1,2025-09-06,Turkey,Sweden,110.4316,89.816731
801,2,1,2025-09-06,Germany,Portugal,71.91588,89.390561
801,3,1,2025-09-06,Latvia,Lithuania,109.3033,85.131919
801,4,1,2025-09-06,Finland,Serbia,72.369533,115.08869
802,1,1,2025-09-06,Turkey,Sweden,80.472356,63.68116
802,2,1,2025-09-06,Germany,Portugal,90.128211,47.812086
802,3,1,2025-09-06,Latvia,Lithuania,85.226821,81.338427
802,4,1,2025-09-06,Finland,Serbia,102.07148,84.413245
803,1,1,2025-09-06,Turkey,Sweden,82.67078,78.785015
803,2,1,2025-09-06,Germany,Portugal,90.697726,68.144211
803,3,1,2025-09-06,Latvia,Lithuania,98.779877,82.474262
803,4,1,2025-09-06,Finland,Serbia,63.534872,86.782523
804,1,1,2025-09-06,Turkey,Sweden,92.72787,97.423832
804,2,1,2025-09-06,Germany,Portugal,102.27959,60.492472
804,3,1,2025-09-06,Latvia,Lithuania,102.57242,96.949616
804,4,1,2025-09-06,Finland,Serbia,90.493145,75.708843
805,1,1,2025-09-06,Turkey,Sweden,90.476681,68.776826
805,2,1,2025-09-06,Germany,Portugal,95.595327,60.025601
805,3,1,2025-09-06,Latvia,Lithuania,93.001517,82.197012
805,4,1,2025-09-06,Finland,Serbia,65.074269,86.836478
806,1,1,2025-09-06,Turkey,Sweden,69.920717,73.1639
806,2,1,2025-09-06,Germany,Portugal,80.021293,57.056882
806,3,1,2025-09-06,Latvia,Lithuania,76.841673,88.566885
806,4,1,2025-09-06,Finland,Serbia,96.381565,79.752825
807,1,1,2025-09-06,Turkey,Sweden,85.906474,72.883859
807,2,1,2025-09-06,Germany,Portugal,74.459766,49.914699
807,3,1,2025-09-06,Latvia,Lithuania,107.19067,102.54998
807,4,1,2025-09-06,Finland,Serbia,84.65922,102.98883
808,1,1,2025-09-06,Turkey,Sweden,81.379611,82.546709
808,2,1,2025-09-06,Germany,Portugal,86.040566,76.644365
808,3,1,2025-09-06,Latvia,Lithuania,76.141109,79.635705
808,4,1,2025-09-06,Finland,Serbia,75.402297,95.359867
809,1,1,2025-09-06,Turkey,Sweden,94.885798,91.578075
809,2,1,2025-09-06,Germany,Portugal,78.82443,68.917818
809,3,1,2025-09-06,Latvia,Lithuania,91.774416,100.34179
809,4,1,2025-09-06,Finland,Serbia,79.377196,95.131139
810,1,1,2025-09-06,Turkey,Sweden,99.595794,79.503351
810,2,1,2025-09-06,Germany,Portugal,73.320704,68.673757
810,3,1,2025-09-06,Latvia,Lithuania,82.038316,99.648693
810,4,1,2025-09-06,Finland,Serbia,101.28596,81.20979
811,1,1,2025-09-06,Turkey,Sweden,88.11684,71.02543
811,2,1,2025-09-06,Germany,Portugal,84.560766,66.397405
811,3,1,2025-09-06,Latvia,Lithuania,72.486661,56.300049
811,4,1,2025-09-06,Finland,Serbia,115.06308,119.71001
812,1,1,2025-09-06,Turkey,Sweden,87.618199,68.620772
812,2,1,2025-09-06,Germany,Portugal,60.391175,53.226398
812,3,1,2025-09-06,Latvia,Lithuania,79.04088,75.231902
812,4,1,2025-09-06,Finland,Serbia,76.988487,81.099673
813,1,1,2025-09-06,Turkey,Sweden,66.057239,54.663109
813,2,1,2025-09-06,Germany,Portugal,107.35473,73.415632
813,3,1,2025-09-06,Latvia,Lithuania,83.40745,69.762192
813,4,1,2025-09-06,Finland,Serbia,68.484951,81.98559
814,1,1,2025-09-06,Turkey,Sweden,87.609349,66.352355
814,2,1,2025-09-06,Germany,Portugal,100.69702,73.074794
814,3,1,2025-09-06,Latvia,Lithuania,90.335958,66.572167
814,4,1,2025-09-06,Finland,Serbia,111.2546,76.17037
815,1,1,2025-09-06,Turkey,Sweden,85.25376,85.863664
815,2,1,2025-09-06,Germany,Portugal,85.824238,72.891775
815,3,1,2025-09-06,Latvia,Lithuania,77.714666,93.423305
815,4,1,2025-09-06,Finland,Serbia,89.638001,118.16324
816,1,1,2025-09-06,Turkey,Sweden,67.570315,85.6389
816,2,1,2025-09-06,Germany,Portugal,77.211281,70.202809
816,3,1,2025-09-06,Latvia,Lithuania,90.956916,90.181743
816,4,1,2025-09-06,Finland,Serbia,105.25752,102.54318
817,1,1,2025-09-06,Turkey,Sweden,93.389038,64.868093
817,2,1,2025-09-06,Germany,Portugal,95.206025,56.131562
817,3,1,2025-09-06,Latvia,Lithuania,79.726169,83.79029
817,4,1,2025-09-06,Finland,Serbia,80.015935,102.35195
818,1,1,2025-09-06,Turkey,Sweden,91.424525,74.85356
818,2,1,2025-09-06,Germany,Portugal,79.49664,70.748267
818,3,1,2025-09-06,Latvia,Lithuania,79.953472,72.223886
818,4,1,2025-09-06,Finland,Serbia,84.841234,89.951237
819,1,1,2025-09-06,Turkey,Sweden,85.841109,84.970053
819,2,1,2025-09-06,Germany,Portugal,85.958265,62.546615
819,3,1,2025-09-06,Latvia,Lithuania,66.763741,87.930723
819,4,1,2025-09-06,Finland,Serbia,90.47772,99.866918
820,1,1,2025-09-06,Turkey,Sweden,91.571311,92.680747
820,2,1,2025-09-06,Germany,Portugal,91.479607,62.583132
820,3,1,2025-09-06,Latvia,Lithuania,83.146094,89.269291
820,4,1,2025-09-06,Finland,Serbia,87.413178,90.864776
821,1,1,2025-09-06,Turkey,Sweden,86.73081,83.281861
821,2,1,2025-09-06,Germany,Portugal,95.573841,68.528106
821,3,1,2025-09-06,Latvia,Lithuania,61.371845,68.027349
821,4,1,2025-09-06,Finland,Serbia,98.729334,83.089689
822,1,1,2025-09-06,Turkey,Sweden,84.532605,90.18367
822,2,1,2025-09-06,Germany,Portugal,93.51982,65.010608
822,3,1,2025-09-06,Latvia,Lithuania,79.216214,61.923718
822,4,1,2025-09-06,Finland,Serbia,96.142442,107.36835
823,1,1,2025-09-06,Turkey,Sweden,91.674409,77.088093
823,2,1,2025-09-06,Germany,Portugal,82.057968,56.536824
823,3,1,2025-09-06,Latvia,Lithuania,63.638432,83.243092
823,4,1,2025-09-06,Finland,Serbia,98.807439,94.875418
824,1,1,2025-09-06,Turkey,Sweden,92.458605,77.992848
824,2,1,2025-09-06,Germany,Portugal,112.76897,63.794623
824,3,1,2025-09-06,Latvia,Lithuania,79.918332,89.564714
824,4,1,2025-09-06,Finland,Serbia,96.469576,97.947971
825,1,1,2025-09-06,Turkey,Sweden,102.15675,81.366027
825,2,1,2025-09-06,Germany,Portugal,77.787634,58.86125
825,3,1,2025-09-06,Latvia,Lithuania,89.219926,77.619198
825,4,1,2025-09-06,Finland,Serbia,90.217388,92.722816
826,1,1,2025-09-06,Turkey,Sweden,100.79634,75.883752
826,2,1,2025-09-06,Germany,Portugal,81.64807,61.385307
826,3,1,2025-09-06,Latvia,Lithuania,78.767466,72.940262
826,4,1,2025-09-06,Finland,Serbia,98.920254,100.6944
827,1,1,2025-09-06,Turkey,Sweden,66.70963,97.289823
827,2,1,2025-09-06,Germany,Portugal,84.934128,65.453344
827,3,1,2025-09-06,Latvia,Lithuania,110.8553,84.772512
827,4,1,2025-09-06,Finland,Serbia,102.9848,109.09218
828,1,1,2025-09-06,Turkey,Sweden,70.328814,68.885194
828,2,1,2025-09-06,Germany,Portugal,73.513412,64.357843
828,3,1,2025-09-06,Latvia,Lithuania,69.974996,75.764793
828,4,1,2025-09-06,Finland,Serbia,75.27937,97.780312
829,1,1,2025-09-06,Turkey,Sweden,75.912003,82.023604
829,2,1,2025-09-06,Germany,Portugal,78.00978,72.068551
829,3,1,2025-09-06,Latvia,Lithuania,99.850893,83.000453
829,4,1,2025-09-06,Finland,Serbia,87.325204,80.93299
830,1,1,2025-09-06,Turkey,Sweden,102.2257,63.154702
830,2,1,2025-09-06,Germany,Portugal,69.079787,81.164923
830,3,1,2025-09-06,Latvia,Lithuania,97.61251,92.687225
830,4,1,2025-09-06,Finland,Serbia,117.45027,104.17173
831,1,1,2025-09-06,Turkey,Sweden,91.239382,73.081932
831,2,1,2025-09-06,Germany,Portugal,89.47826,60.702019
831,3,1,2025-09-06,Latvia,Lithuania,88.23042,76.606057
831,4,1,2025-09-06,Finland,Serbia,103.19824,120.89778
832,1,1,2025-09-06,Turkey,Sweden,97.095598,68.522077
832,2,1,2025-09-06,Germany,Portugal,69.043748,61.656079
832,3,1,2025-09-06,Latvia,Lithuania,75.761765,56.927923
832,4,1,2025-09-06,Finland,Serbia,92.132727,72.765667
833,1,1,2025-09-06,Turkey,Sweden,91.672557,82.32762
833,2,1,2025-09-06,Germany,Portugal,95.424134,72.6381
833,3,1,2025-09-06,Latvia,Lithuania,84.94736,81.399559
833,4,1,2025-09-06,Finland,Serbia,81.526671,76.986013
834,1,1,2025-09-06,Turkey,Sweden,90.795196,81.212766
834,2,1,2025-09-06,Germany,Portugal,103.30724,67.741972
834,3,1,2025-09-06,Latvia,Lithuania,105.82324,82.278071
834,4,1,2025-09-06,Finland,Serbia,88.102672,109.073
835,1,1,2025-09-06,Turkey,Sweden,82.735412,71.484469
835,2,1,2025-09-06,Germany,Portugal,94.363131,80.417582
835,3,1,2025-09-06,Latvia,Lithuania,96.566014,78.083057
835,4,1,2025-09-06,Finland,Serbia,73.098309,94.991485
836,1,1,2025-09-06,Turkey,Sweden,107.33324,68.962083
836,2,1,2025-09-06,Germany,Portugal,81.217401,68.638427
836,3,1,2025-09-06,Latvia,Lithuania,104.91576,79.03771
836,4,1,2025-09-06,Finland,Serbia,84.77737,83.697514
837,1,1,2025-09-06,Turkey,Sweden,82.120923,83.419376
837,2,1,2025-09-06,Germany,Portugal,86.681226,51.925744
837,3,1,2025-09-06,Latvia,Lithuania,92.826603,93.933879
837,4,1,2025-09-06,Finland,Serbia,107.94985,94.51736
838,1,1,2025-09-06,Turkey,Sweden,92.825229,66.888063
838,2,1,2025-09-06,Germany,Portugal,73.040317,77.986722
838,3,1,2025-09-06,Latvia,Lithuania,97.032305,97.742197
838,4,1,2025-09-06,Finland,Serbia,75.666383,87.597832
839,1,1,2025-09-06,Turkey,Sweden,105.08741,85.8659
839,2,1,2025-09-06,Germany,Portugal,77.265945,63.701849
839,3,1,2025-09-06,Latvia,Lithuania,106.33526,82.161351
839,4,1,2025-09-06,Finland,Serbia,103.02879,124.42548
840,1,1,2025-09-06,Turkey,Sweden,99.982067,70.221379
840,2,1,2025-09-06,Germany,Portugal,85.199918,66.195283
840,3,1,2025-09-06,Latvia,Lithuania,78.125028,83.204739
840,4,1,2025-09-06,Finland,Serbia,100.54054,87.333519
841,1,1,2025-09-06,Turkey,Sweden,83.11272,70.162706
841,2,1,2025-09-06,Germany,Portugal,95.212227,78.675727
841,3,1,2025-09-06,Latvia,Lithuania,84.238789,73.349216
841,4,1,2025-09-06,Finland,Serbia,88.964361,95.407221
842,1,1,2025-09-06,Turkey,Sweden,102.42478,92.688363
842,2,1,2025-09-06,Germany,Portugal,97.080769,62.775593
842,3,1,2025-09-06,Latvia,Lithuania,68.382878,72.652822
842,4,1,2025-09-06,Finland,Serbia,79.711643,91.212989
843,1,1,2025-09-06,Turkey,Sweden,91.930286,83.6876
843,2,1,2025-09-06,Germany,Portugal,91.604898,81.61932
843,3,1,2025-09-06,Latvia,Lithuania,80.097234,85.649308
843,4,1,2025-09-06,Finland,Serbia,78.020583,89.23068
844,1,1,2025-09-06,Turkey,Sweden,81.19801,89.568907
844,2,1,2025-09-06,Germany,Portugal,97.940918,61.426055
844,3,1,2025-09-06,Latvia,Lithuania,87.23694,70.507523
844,4,1,2025-09-06,Finland,Serbia,96.76403,69.976813
845,1,1,2025-09-06,Turkey,Sweden,102.72119000000001,84.101978
845,2,1,2025-09-06,Germany,Portugal,96.684584,62.134801
845,3,1,2025-09-06,Latvia,Lithuania,84.40698,98.097574
845,4,1,2025-09-06,Finland,Serbia,95.169203,98.784716
846,1,1,2025-09-06,Turkey,Sweden,93.292977,83.192549
846,2,1,2025-09-06,Germany,Portugal,112.45884,53.450193
846,3,1,2025-09-06,Latvia,Lithuania,93.679143,84.456259
846,4,1,2025-09-06,Finland,Serbia,90.353596,84.531314
847,1,1,2025-09-06,Turkey,Sweden,86.651024,73.670266
847,2,1,2025-09-06,Germany,Portugal,86.327661,73.765653
847,3,1,2025-09-06,Latvia,Lithuania,84.256458,86.754285
847,4,1,2025-09-06,Finland,Serbia,63.811332,77.731601
848,1,1,2025-09-06,Turkey,Sweden,84.49951,67.114769
848,2,1,2025-09-06,Germany,Portugal,79.697429,69.895073
848,3,1,2025-09-06,Latvia,Lithuania,58.171125,61.984747
848,4,1,2025-09-06,Finland,Serbia,91.611794,107.71433
849,1,1,2025-09-06,Turkey,Sweden,85.99261,70.841218
849,2,1,2025-09-06,Germany,Portugal,81.963196,69.560148
849,3,1,2025-09-06,Latvia,Lithuania,93.562998,63.696902
849,4,1,2025-09-06,Finland,Serbia,114.5786,119.32634
850,1,1,2025-09-06,Turkey,Sweden,72.514932,64.794811
850,2,1,2025-09-06,Germany,Portugal,88.927058,81.889789
850,3,1,2025-09-06,Latvia,Lithuania,91.727962,78.257273
850,4,1,2025-09-06,Finland,Serbia,84.429442,116.22884
851,1,1,2025-09-06,Turkey,Sweden,78.959315,58.249321
851,2,1,2025-09-06,Germany,Portugal,77.777805,70.030882
851,3,1,2025-09-06,Latvia,Lithuania,62.961289,78.516055
851,4,1,2025-09-06,Finland,Serbia,87.110842,108.56524
852,1,1,2025-09-06,Turkey,Sweden,82.493376,74.311338
852,2,1,2025-09-06,Germany,Portugal,90.797401,42.241469
852,3,1,2025-09-06,Latvia,Lithuania,86.741419,92.955459
852,4,1,2025-09-06,Finland,Serbia,93.434739,97.499612
853,1,1,2025-09-06,Turkey,Sweden,87.674813,82.017352
853,2,1,2025-09-06,Germany,Portugal,101.31444,78.472435
853,3,1,2025-09-06,Latvia,Lithuania,73.553421,79.556376
853,4,1,2025-09-06,Finland,Serbia,92.113818,87.823195
854,1,1,2025-09-06,Turkey,Sweden,76.053458,66.913233
854,2,1,2025-09-06,Germany,Portugal,97.68212,52.70758
854,3,1,2025-09-06,Latvia,Lithuania,84.735454,77.958979
854,4,1,2025-09-06,Finland,Serbia,84.027429,96.514118
855,1,1,2025-09-06,Turkey,Sweden,79.089232,83.308901
855,2,1,2025-09-06,Germany,Portugal,91.992991,72.828566
855,3,1,2025-09-06,Latvia,Lithuania,87.956749,73.21466
855,4,1,2025-09-06,Finland,Serbia,71.704394,97.691335
856,1,1,2025-09-06,Turkey,Sweden,77.101753,73.975931
856,2,1,2025-09-06,Germany,Portugal,88.900794,67.484117
856,3,1,2025-09-06,Latvia,Lithuania,86.419839,93.585124
856,4,1,2025-09-06,Finland,Serbia,99.678664,102.05965
857,1,1,2025-09-06,Turkey,Sweden,75.625459,82.739757
857,2,1,2025-09-06,Germany,Portugal,68.196329,52.741105
857,3,1,2025-09-06,Latvia,Lithuania,134.70144,72.199074
857,4,1,2025-09-06,Finland,Serbia,87.155632,111.38183
858,1,1,2025-09-06,Turkey,Sweden,88.799969,76.435259
858,2,1,2025-09-06,Germany,Portugal,84.69368,57.702448
858,3,1,2025-09-06,Latvia,Lithuania,84.023016,82.516237
858,4,1,2025-09-06,Finland,Serbia,95.050658,94.280632
859,1,1,2025-09-06,Turkey,Sweden,91.308968,77.926614
859,2,1,2025-09-06,Germany,Portugal,71.219552,63.880702
859,3,1,2025-09-06,Latvia,Lithuania,88.531093,84.23076
859,4,1,2025-09-06,Finland,Serbia,68.016558,97.490661
860,1,1,2025-09-06,Turkey,Sweden,96.420534,74.529763
860,2,1,2025-09-06,Germany,Portugal,84.434494,73.901437
860,3,1,2025-09-06,Latvia,Lithuania,68.12877,85.731195
860,4,1,2025-09-06,Finland,Serbia,90.890689,91.987332
861,1,1,2025-09-06,Turkey,Sweden,95.456693,93.507663
861,2,1,2025-09-06,Germany,Portugal,90.06724,86.921893
861,3,1,2025-09-06,Latvia,Lithuania,101.78882,110.96363
861,4,1,2025-09-06,Finland,Serbia,93.726256,88.698401
862,1,1,2025-09-06,Turkey,Sweden,84.90847,81.111847
862,2,1,2025-09-06,Germany,Portugal,103.86212,73.917153
862,3,1,2025-09-06,Latvia,Lithuania,90.96517,89.167296
862,4,1,2025-09-06,Finland,Serbia,109.28099,115.9778
863,1,1,2025-09-06,Turkey,Sweden,87.282623,74.013442
863,2,1,2025-09-06,Germany,Portugal,87.994325,59.116995
863,3,1,2025-09-06,Latvia,Lithuania,83.837932,91.973504
863,4,1,2025-09-06,Finland,Serbia,88.053195,88.849104
864,1,1,2025-09-06,Turkey,Sweden,108.11933,71.089058
864,2,1,2025-09-06,Germany,Portugal,80.916991,74.614619
864,3,1,2025-09-06,Latvia,Lithuania,94.14262,68.876344
864,4,1,2025-09-06,Finland,Serbia,80.042252,81.596662
865,1,1,2025-09-06,Turkey,Sweden,78.17708,73.862548
865,2,1,2025-09-06,Germany,Portugal,85.958427,64.757077
865,3,1,2025-09-06,Latvia,Lithuania,106.87969,84.297598
865,4,1,2025-09-06,Finland,Serbia,99.039668,85.88065
866,1,1,2025-09-06,Turkey,Sweden,94.320251,98.801783
866,2,1,2025-09-06,Germany,Portugal,89.811014,51.014468
866,3,1,2025-09-06,Latvia,Lithuania,82.593085,89.561163
866,4,1,2025-09-06,Finland,Serbia,84.147476,85.219168
867,1,1,2025-09-06,Turkey,Sweden,69.749892,58.15726
867,2,1,2025-09-06,Germany,Portugal,90.639761,57.079246
867,3,1,2025-09-06,Latvia,Lithuania,66.653803,85.892765
867,4,1,2025-09-06,Finland,Serbia,92.048206,79.909969
868,1,1,2025-09-06,Turkey,Sweden,78.907236,63.838365
868,2,1,2025-09-06,Germany,Portugal,85.555049,60.755969
868,3,1,2025-09-06,Latvia,Lithuania,90.159688,90.741629
868,4,1,2025-09-06,Finland,Serbia,83.520424,97.67067
869,1,1,2025-09-06,Turkey,Sweden,72.023094,77.657877
869,2,1,2025-09-06,Germany,Portugal,68.115907000000007,78.557793
869,3,1,2025-09-06,Latvia,Lithuania,77.55162,93.004641
869,4,1,2025-09-06,Finland,Serbia,78.479457,81.9173
870,1,1,2025-09-06,Turkey,Sweden,97.541639,82.602882
870,2,1,2025-09-06,Germany,Portugal,89.330552,60.118132
870,3,1,2025-09-06,Latvia,Lithuania,91.385758,91.621289
870,4,1,2025-09-06,Finland,Serbia,88.781038,83.205731
871,1,1,2025-09-06,Turkey,Sweden,81.141076,90.958138
871,2,1,2025-09-06,Germany,Portugal,93.135509,67.914373
871,3,1,2025-09-06,Latvia,Lithuania,82.997486,98.162724
871,4,1,2025-09-06,Finland,Serbia,97.174541,84.118662
872,1,1,2025-09-06,Turkey,Sweden,100.78397,74.244726
872,2,1,2025-09-06,Germany,Portugal,84.298071,65.585253
872,3,1,2025-09-06,Latvia,Lithuania,97.886885,73.259446
872,4,1,2025-09-06,Finland,Serbia,82.952787,103.07575
873,1,1,2025-09-06,Turkey,Sweden,93.731501,74.824884
873,2,1,2025-09-06,Germany,Portugal,95.288149,66.124265
873,3,1,2025-09-06,Latvia,Lithuania,79.777239,83.653103
873,4,1,2025-09-06,Finland,Serbia,83.360768,83.427961
874,1,1,2025-09-06,Turkey,Sweden,91.642498,72.084146
874,2,1,2025-09-06,Germany,Portugal,86.623887,51.160695
874,3,1,2025-09-06,Latvia,Lithuania,79.92291,95.253287
874,4,1,2025-09-06,Finland,Serbia,89.589773,97.734773
875,1,1,2025-09-06,Turkey,Sweden,64.420947,65.817897
875,2,1,2025-09-06,Germany,Portugal,91.576174,64.676786
875,3,1,2025-09-06,Latvia,Lithuania,92.507652,94.873846
875,4,1,2025-09-06,Finland,Serbia,83.945337,96.677887
876,1,1,2025-09-06,Turkey,Sweden,92.909469,98.9707
876,2,1,2025-09-06,Germany,Portugal,90.78722,76.968181
876,3,1,2025-09-06,Latvia,Lithuania,89.594661,67.867863
876,4,1,2025-09-06,Finland,Serbia,80.735252,75.43916
877,1,1,2025-09-06,Turkey,Sweden,86.296198,91.514074
877,2,1,2025-09-06,Germany,Portugal,72.233682,51.440227
877,3,1,2025-09-06,Latvia,Lithuania,88.927646,84.666753
877,4,1,2025-09-06,Finland,Serbia,71.462601,99.084873
878,1,1,2025-09-06,Turkey,Sweden,84.578887,75.372794
878,2,1,2025-09-06,Germany,Portugal,106.2515,74.880684
878,3,1,2025-09-06,Latvia,Lithuania,69.142893,65.287126
878,4,1,2025-09-06,Finland,Serbia,96.77751,109.38778
879,1,1,2025-09-06,Turkey,Sweden,109.13006,75.411253
879,2,1,2025-09-06,Germany,Portugal,74.933644,64.302317
879,3,1,2025-09-06,Latvia,Lithuania,84.743878,91.889134
879,4,1,2025-09-06,Finland,Serbia,93.77682,98.677059
880,1,1,2025-09-06,Turkey,Sweden,103.26204,83.107172
880,2,1,2025-09-06,Germany,Portugal,88.496183,68.536608
880,3,1,2025-09-06,Latvia,Lithuania,84.090774,74.263027
880,4,1,2025-09-06,Finland,Serbia,86.364825,81.932227
881,1,1,2025-09-06,Turkey,Sweden,84.595376,81.070324
881,2,1,2025-09-06,Germany,Portugal,88.316484,32.578654
881,3,1,2025-09-06,Latvia,Lithuania,75.705737,83.742552
881,4,1,2025-09-06,Finland,Serbia,109.30425,85.642741
882,1,1,2025-09-06,Turkey,Sweden,98.266074,95.29451
882,2,1,2025-09-06,Germany,Portugal,84.959497,58.75393
882,3,1,2025-09-06,Latvia,Lithuania,72.368459,68.955078
882,4,1,2025-09-06,Finland,Serbia,105.38789,81.426961
883,1,1,2025-09-06,Turkey,Sweden,79.867662,65.966727
883,2,1,2025-09-06,Germany,Portugal,96.278638,82.901485
883,3,1,2025-09-06,Latvia,Lithuania,84.710692,89.461957
883,4,1,2025-09-06,Finland,Serbia,68.610504,81.635951
884,1,1,2025-09-06,Turkey,Sweden,94.565955,62.005282
884,2,1,2025-09-06,Germany,Portugal,70.614496,60.332617
884,3,1,2025-09-06,Latvia,Lithuania,113.31883,90.345755
884,4,1,2025-09-06,Finland,Serbia,92.62816,83.47249
885,1,1,2025-09-06,Turkey,Sweden,76.542121,70.399866
885,2,1,2025-09-06,Germany,Portugal,80.853172,56.39454
885,3,1,2025-09-06,Latvia,Lithuania,88.262914,85.601013
885,4,1,2025-09-06,Finland,Serbia,95.018843,117.04357
886,1,1,2025-09-06,Turkey,Sweden,77.859042,60.672504000000004
886,2,1,2025-09-06,Germany,Portugal,85.953166,73.937547
886,3,1,2025-09-06,Latvia,Lithuania,74.70009,103.42598
886,4,1,2025-09-06,Finland,Serbia,98.494184,117.25109
887,1,1,2025-09-06,Turkey,Sweden,75.507219,71.00416
887,2,1,2025-09-06,Germany,Portugal,81.636557,40.395172
887,3,1,2025-09-06,Latvia,Lithuania,71.667971,100.09377
887,4,1,2025-09-06,Finland,Serbia,84.075415,82.933997
888,1,1,2025-09-06,Turkey,Sweden,70.788991,81.412922
888,2,1,2025-09-06,Germany,Portugal,62.696459,53.57408
888,3,1,2025-09-06,Latvia,Lithuania,92.895384,96.075656
888,4,1,2025-09-06,Finland,Serbia,102.9634,101.74781
889,1,1,2025-09-06,Turkey,Sweden,83.266994,89.270619
889,2,1,2025-09-06,Germany,Portugal,83.98742,66.07552
889,3,1,2025-09-06,Latvia,Lithuania,74.659948,84.624452
889,4,1,2025-09-06,Finland,Serbia,82.593217,85.606703
890,1,1,2025-09-06,Turkey,Sweden,72.083297,54.963159
890,2,1,2025-09-06,Germany,Portugal,103.95885,61.797118
890,3,1,2025-09-06,Latvia,Lithuania,80.914068,60.813309
890,4,1,2025-09-06,Finland,Serbia,98.447952,100.77622
891,1,1,2025-09-06,Turkey,Sweden,94.690378,73.088453
891,2,1,2025-09-06,Germany,Portugal,88.622224,51.94366
891,3,1,2025-09-06,Latvia,Lithuania,87.312493,96.353263
891,4,1,2025-09-06,Finland,Serbia,104.0893,92.323384
892,1,1,2025-09-06,Turkey,Sweden,88.625916,68.992419
892,2,1,2025-09-06,Germany,Portugal,102.96545,62.861872
892,3,1,2025-09-06,Latvia,Lithuania,76.306354,79.053839
892,4,1,2025-09-06,Finland,Serbia,96.407251,69.729287
893,1,1,2025-09-06,Turkey,Sweden,91.5775,68.288553
893,2,1,2025-09-06,Germany,Portugal,87.101059,64.412929
893,3,1,2025-09-06,Latvia,Lithuania,75.430337,102.23684
893,4,1,2025-09-06,Finland,Serbia,87.796473,74.019593
894,1,1,2025-09-06,Turkey,Sweden,94.747387,73.663502
894,2,1,2025-09-06,Germany,Portugal,92.400036,84.600068
894,3,1,2025-09-06,Latvia,Lithuania,92.068872,81.096355
894,4,1,2025-09-06,Finland,Serbia,92.36844,102.01779
895,1,1,2025-09-06,Turkey,Sweden,97.620284,85.537657
895,2,1,2025-09-06,Germany,Portugal,93.114261,48.908901
895,3,1,2025-09-06,Latvia,Lithuania,83.350413,87.757098
895,4,1,2025-09-06,Finland,Serbia,83.688611,82.219021
896,1,1,2025-09-06,Turkey,Sweden,77.900778,85.104677
896,2,1,2025-09-06,Germany,Portugal,84.844269,77.620703
896,3,1,2025-09-06,Latvia,Lithuania,89.263518,86.452139
896,4,1,2025-09-06,Finland,Serbia,73.182541,103.44469
897,1,1,2025-09-06,Turkey,Sweden,86.761035,62.555036
897,2,1,2025-09-06,Germany,Portugal,85.797795,73.330617
897,3,1,2025-09-06,Latvia,Lithuania,98.436609,97.540799
897,4,1,2025-09-06,Finland,Serbia,108.9579,101.5487
898,1,1,2025-09-06,Turkey,Sweden,59.633532,67.462502
898,2,1,2025-09-06,Germany,Portugal,95.743121,62.828615
898,3,1,2025-09-06,Latvia,Lithuania,86.996241,88.433183
898,4,1,2025-09-06,Finland,Serbia,87.301075,79.160094
899,1,1,2025-09-06,Turkey,Sweden,98.93301,61.329842
899,2,1,2025-09-06,Germany,Portugal,64.286425,80.906942
899,3,1,2025-09-06,Latvia,Lithuania,86.839222,84.314874
899,4,1,2025-09-06,Finland,Serbia,94.40265,111.11867
900,1,1,2025-09-06,Turkey,Sweden,86.293116,89.968837
900,2,1,2025-09-06,Germany,Portugal,82.650334,64.135428
900,3,1,2025-09-06,Latvia,Lithuania,93.421265,109.89859
900,4,1,2025-09-06,Finland,Serbia,85.301617,94.785703
901,1,1,2025-09-06,Turkey,Sweden,79.506309,78.874001
901,2,1,2025-09-06,Germany,Portugal,94.905242,62.005269
901,3,1,2025-09-06,Latvia,Lithuania,87.627513,63.53114
901,4,1,2025-09-06,Finland,Serbia,73.33358,106.04775
902,1,1,2025-09-06,Turkey,Sweden,92.347884,74.146484
902,2,1,2025-09-06,Germany,Portugal,77.280808,65.815363
902,3,1,2025-09-06,Latvia,Lithuania,72.944958,73.130572
902,4,1,2025-09-06,Finland,Serbia,87.788353,96.425387
903,1,1,2025-09-06,Turkey,Sweden,91.33777,74.406443
903,2,1,2025-09-06,Germany,Portugal,89.573676,55.092531
903,3,1,2025-09-06,Latvia,Lithuania,71.117796,73.915689
903,4,1,2025-09-06,Finland,Serbia,70.875788,91.831318
904,1,1,2025-09-06,Turkey,Sweden,112.94338,100.18766
904,2,1,2025-09-06,Germany,Portugal,78.270921,60.190453
904,3,1,2025-09-06,Latvia,Lithuania,96.947835,88.122635
904,4,1,2025-09-06,Finland,Serbia,78.142599,88.700939
905,1,1,2025-09-06,Turkey,Sweden,66.835086,70.881217
905,2,1,2025-09-06,Germany,Portugal,89.166654,81.051454
905,3,1,2025-09-06,Latvia,Lithuania,81.876603,91.018951
905,4,1,2025-09-06,Finland,Serbia,87.515539,98.87669
906,1,1,2025-09-06,Turkey,Sweden,111.04185,72.236337
906,2,1,2025-09-06,Germany,Portugal,104.70597,67.408196
906,3,1,2025-09-06,Latvia,Lithuania,95.604915,68.520604
906,4,1,2025-09-06,Finland,Serbia,94.863158,89.662804
907,1,1,2025-09-06,Turkey,Sweden,90.898284,73.344898
907,2,1,2025-09-06,Germany,Portugal,70.778501,55.129964
907,3,1,2025-09-06,Latvia,Lithuania,95.615222,55.225668
907,4,1,2025-09-06,Finland,Serbia,70.919721,84.962852
908,1,1,2025-09-06,Turkey,Sweden,97.756357,78.47742
908,2,1,2025-09-06,Germany,Portugal,78.331199,70.420705
908,3,1,2025-09-06,Latvia,Lithuania,89.669407,46.458932
908,4,1,2025-09-06,Finland,Serbia,69.521485,97.016278
909,1,1,2025-09-06,Turkey,Sweden,75.252736,72.580031
909,2,1,2025-09-06,Germany,Portugal,79.581626,65.235575
909,3,1,2025-09-06,Latvia,Lithuania,87.03599,107.37334
909,4,1,2025-09-06,Finland,Serbia,85.469415,91.048268
910,1,1,2025-09-06,Turkey,Sweden,71.760686,66.596714
910,2,1,2025-09-06,Germany,Portugal,100.01266,77.870773
910,3,1,2025-09-06,Latvia,Lithuania,72.523202,75.02673
910,4,1,2025-09-06,Finland,Serbia,100.999,100.24245
911,1,1,2025-09-06,Turkey,Sweden,101.69564,73.709524
911,2,1,2025-09-06,Germany,Portugal,88.8437,66.887123
911,3,1,2025-09-06,Latvia,Lithuania,68.029811,80.804102
911,4,1,2025-09-06,Finland,Serbia,98.857542,112.94661
912,1,1,2025-09-06,Turkey,Sweden,76.15765,81.965231
912,2,1,2025-09-06,Germany,Portugal,84.652784,61.237159
912,3,1,2025-09-06,Latvia,Lithuania,92.759301,89.584761
912,4,1,2025-09-06,Finland,Serbia,99.860997,107.1577
913,1,1,2025-09-06,Turkey,Sweden,96.812702,80.93545
913,2,1,2025-09-06,Germany,Portugal,94.124829,68.748158
913,3,1,2025-09-06,Latvia,Lithuania,84.00517,80.7611
913,4,1,2025-09-06,Finland,Serbia,74.440665,81.074139
914,1,1,2025-09-06,Turkey,Sweden,73.498304,69.373219
914,2,1,2025-09-06,Germany,Portugal,83.354882,51.890685
914,3,1,2025-09-06,Latvia,Lithuania,93.863894,93.944742
914,4,1,2025-09-06,Finland,Serbia,79.356191,101.51837
915,1,1,2025-09-06,Turkey,Sweden,107.86988,79.050955
915,2,1,2025-09-06,Germany,Portugal,89.222568,69.227031
915,3,1,2025-09-06,Latvia,Lithuania,85.984629,79.026079
915,4,1,2025-09-06,Finland,Serbia,89.192539,94.729294
916,1,1,2025-09-06,Turkey,Sweden,88.790657,86.366773
916,2,1,2025-09-06,Germany,Portugal,85.420179,64.231621
916,3,1,2025-09-06,Latvia,Lithuania,60.857452,67.398303
916,4,1,2025-09-06,Finland,Serbia,87.589843,93.150112
917,1,1,2025-09-06,Turkey,Sweden,87.793808,88.392503
917,2,1,2025-09-06,Germany,Portugal,73.14869,56.396457
917,3,1,2025-09-06,Latvia,Lithuania,62.84561,85.139493
917,4,1,2025-09-06,Finland,Serbia,75.563045,104.45738
918,1,1,2025-09-06,Turkey,Sweden,93.294834,77.0119
918,2,1,2025-09-06,Germany,Portugal,78.34435,76.285077
918,3,1,2025-09-06,Latvia,Lithuania,66.184977,88.205221
918,4,1,2025-09-06,Finland,Serbia,97.743276,105.01282
919,1,1,2025-09-06,Turkey,Sweden,89.239187,77.02141
919,2,1,2025-09-06,Germany,Portugal,82.816055,49.425297
919,3,1,2025-09-06,Latvia,Lithuania,73.182345,69.197274
919,4,1,2025-09-06,Finland,Serbia,99.396433,92.807327
920,1,1,2025-09-06,Turkey,Sweden,67.643674,89.438217
920,2,1,2025-09-06,Germany,Portugal,82.768489,43.363823
920,3,1,2025-09-06,Latvia,Lithuania,98.845665,89.2896
920,4,1,2025-09-06,Finland,Serbia,109.55662,89.470805
921,1,1,2025-09-06,Turkey,Sweden,92.509546,86.942247
921,2,1,2025-09-06,Germany,Portugal,91.678672,53.672972
921,3,1,2025-09-06,Latvia,Lithuania,81.777051,75.371261
921,4,1,2025-09-06,Finland,Serbia,92.658561,99.1384
922,1,1,2025-09-06,Turkey,Sweden,89.858943,104.38755
922,2,1,2025-09-06,Germany,Portugal,85.430172,56.64228
922,3,1,2025-09-06,Latvia,Lithuania,90.584645,77.754865
922,4,1,2025-09-06,Finland,Serbia,89.209857,92.448989
923,1,1,2025-09-06,Turkey,Sweden,51.402792,58.287346
923,2,1,2025-09-06,Germany,Portugal,73.579992,70.785857
923,3,1,2025-09-06,Latvia,Lithuania,94.223514,104.56564
923,4,1,2025-09-06,Finland,Serbia,106.04845,96.710432
924,1,1,2025-09-06,Turkey,Sweden,102.69324,82.859393
924,2,1,2025-09-06,Germany,Portugal,82.068714,63.756383
924,3,1,2025-09-06,Latvia,Lithuania,93.72445,76.136404
924,4,1,2025-09-06,Finland,Serbia,85.811281,109.90885
925,1,1,2025-09-06,Turkey,Sweden,107.07379,53.64666
925,2,1,2025-09-06,Germany,Portugal,65.97803,65.279477
925,3,1,2025-09-06,Latvia,Lithuania,41.062887,70.573052
925,4,1,2025-09-06,Finland,Serbia,104.22074,107.19998
926,1,1,2025-09-06,Turkey,Sweden,86.290985,72.054811
926,2,1,2025-09-06,Germany,Portugal,101.408,76.790671
926,3,1,2025-09-06,Latvia,Lithuania,81.234043,79.118869
926,4,1,2025-09-06,Finland,Serbia,78.615758,101.2014
927,1,1,2025-09-06,Turkey,Sweden,79.576286,86.24358
927,2,1,2025-09-06,Germany,Portugal,85.182387,61.467994
927,3,1,2025-09-06,Latvia,Lithuania,91.254053,100.58053
927,4,1,2025-09-06,Finland,Serbia,107.25004,104.48696
928,1,1,2025-09-06,Turkey,Sweden,89.205997,75.477245
928,2,1,2025-09-06,Germany,Portugal,99.841612,68.907409
928,3,1,2025-09-06,Latvia,Lithuania,101.83066,101.05512
928,4,1,2025-09-06,Finland,Serbia,98.419478,86.037242
929,1,1,2025-09-06,Turkey,Sweden,89.492273,76.052783
929,2,1,2025-09-06,Germany,Portugal,75.159436,59.479506
929,3,1,2025-09-06,Latvia,Lithuania,91.09998,96.951045
929,4,1,2025-09-06,Finland,Serbia,104.32662,116.32922
930,1,1,2025-09-06,Turkey,Sweden,80.271164,73.925435
930,2,1,2025-09-06,Germany,Portugal,109.9209,57.207389
930,3,1,2025-09-06,Latvia,Lithuania,107.24963,80.838821
930,4,1,2025-09-06,Finland,Serbia,84.343885,88.477571
931,1,1,2025-09-06,Turkey,Sweden,88.98979,99.143747
931,2,1,2025-09-06,Germany,Portugal,94.494134,77.578622
931,3,1,2025-09-06,Latvia,Lithuania,87.621106,87.764828
931,4,1,2025-09-06,Finland,Serbia,89.496309,90.434559
932,1,1,2025-09-06,Turkey,Sweden,74.880531,85.538039
932,2,1,2025-09-06,Germany,Portugal,101.51899,86.680378
932,3,1,2025-09-06,Latvia,Lithuania,98.302534,72.359456
932,4,1,2025-09-06,Finland,Serbia,94.840449,98.819603
933,1,1,2025-09-06,Turkey,Sweden,76.766658,61.961508
933,2,1,2025-09-06,Germany,Portugal,78.277215,60.73366
933,3,1,2025-09-06,Latvia,Lithuania,77.05859,77.0112
933,4,1,2025-09-06,Finland,Serbia,98.595565,87.183171
934,1,1,2025-09-06,Turkey,Sweden,79.932383,75.206735
934,2,1,2025-09-06,Germany,Portugal,77.001101,59.288544
934,3,1,2025-09-06,Latvia,Lithuania,107.38952,86.788201
934,4,1,2025-09-06,Finland,Serbia,105.94571,117.83934000000001
935,1,1,2025-09-06,Turkey,Sweden,93.117015,74.981297
935,2,1,2025-09-06,Germany,Portugal,89.199198,52.297169
935,3,1,2025-09-06,Latvia,Lithuania,83.204573,84.760034
935,4,1,2025-09-06,Finland,Serbia,83.197493,94.268935
936,1,1,2025-09-06,Turkey,Sweden,80.086699,67.297231
936,2,1,2025-09-06,Germany,Portugal,106.77425,68.772517
936,3,1,2025-09-06,Latvia,Lithuania,82.871134,91.919134
936,4,1,2025-09-06,Finland,Serbia,75.292969,79.340908
937,1,1,2025-09-06,Turkey,Sweden,96.484519,81.441175
937,2,1,2025-09-06,Germany,Portugal,93.723323,71.449685
937,3,1,2025-09-06,Latvia,Lithuania,99.317796,90.451471
937,4,1,2025-09-06,Finland,Serbia,104.55512,89.535902
938,1,1,2025-09-06,Turkey,Sweden,65.239948,69.833419
938,2,1,2025-09-06,Germany,Portugal,105.54306,71.535632
938,3,1,2025-09-06,Latvia,Lithuania,86.055725,75.414372
938,4,1,2025-09-06,Finland,Serbia,83.714887,93.894879
939,1,1,2025-09-06,Turkey,Sweden,113.36536,88.401507
939,2,1,2025-09-06,Germany,Portugal,97.65928,57.043867
939,3,1,2025-09-06,Latvia,Lithuania,74.817718,64.958182
939,4,1,2025-09-06,Finland,Serbia,96.475537,86.302946
940,1,1,2025-09-06,Turkey,Sweden,97.198349,80.415043
940,2,1,2025-09-06,Germany,Portugal,95.249634,69.217748
940,3,1,2025-09-06,Latvia,Lithuania,87.180023,78.885014
940,4,1,2025-09-06,Finland,Serbia,84.848617,106.30664
941,1,1,2025-09-06,Turkey,Sweden,97.094125,89.54093
941,2,1,2025-09-06,Germany,Portugal,71.992612,59.684755
941,3,1,2025-09-06,Latvia,Lithuania,101.85155,84.735635
941,4,1,2025-09-06,Finland,Serbia,84.955591,93.888581
942,1,1,2025-09-06,Turkey,Sweden,80.564975,90.236255
942,2,1,2025-09-06,Germany,Portugal,79.065228,76.689588
942,3,1,2025-09-06,Latvia,Lithuania,80.030325,77.780449
942,4,1,2025-09-06,Finland,Serbia,91.465409,95.039159
943,1,1,2025-09-06,Turkey,Sweden,89.066536,88.156071
943,2,1,2025-09-06,Germany,Portugal,92.380249,69.915236
943,3,1,2025-09-06,Latvia,Lithuania,97.70892,95.617412
943,4,1,2025-09-06,Finland,Serbia,105.22055,106.4384
944,1,1,2025-09-06,Turkey,Sweden,85.704221,98.453144
944,2,1,2025-09-06,Germany,Portugal,100.38034,59.167585
944,3,1,2025-09-06,Latvia,Lithuania,70.463947,62.01169
944,4,1,2025-09-06,Finland,Serbia,91.202229,87.267791
945,1,1,2025-09-06,Turkey,Sweden,96.505505,76.658602
945,2,1,2025-09-06,Germany,Portugal,86.269597,68.613207
945,3,1,2025-09-06,Latvia,Lithuania,110.79039,89.85932
945,4,1,2025-09-06,Finland,Serbia,86.394994,82.264483
946,1,1,2025-09-06,Turkey,Sweden,87.0111,67.979317
946,2,1,2025-09-06,Germany,Portugal,71.402158,66.520382
946,3,1,2025-09-06,Latvia,Lithuania,93.399264,95.232351
946,4,1,2025-09-06,Finland,Serbia,101.00937,89.829991
947,1,1,2025-09-06,Turkey,Sweden,85.846501,78.816547
947,2,1,2025-09-06,Germany,Portugal,96.652252,72.020915
947,3,1,2025-09-06,Latvia,Lithuania,100.84373,83.150699
947,4,1,2025-09-06,Finland,Serbia,81.942931,111.90047
948,1,1,2025-09-06,Turkey,Sweden,74.460936,76.739587
948,2,1,2025-09-06,Germany,Portugal,81.696826,50.765662
948,3,1,2025-09-06,Latvia,Lithuania,76.796647,74.761276
948,4,1,2025-09-06,Finland,Serbia,102.26423,78.977396
949,1,1,2025-09-06,Turkey,Sweden,71.145497,78.728905
949,2,1,2025-09-06,Germany,Portugal,75.845019,74.983782
949,3,1,2025-09-06,Latvia,Lithuania,84.797061,87.3726
949,4,1,2025-09-06,Finland,Serbia,93.327158,85.727051
950,1,1,2025-09-06,Turkey,Sweden,91.109062,70.099484
950,2,1,2025-09-06,Germany,Portugal,106.34838,72.371414
950,3,1,2025-09-06,Latvia,Lithuania,100.50013,92.837579
950,4,1,2025-09-06,Finland,Serbia,93.708778,91.300945
951,1,1,2025-09-06,Turkey,Sweden,86.440273,74.900311
951,2,1,2025-09-06,Germany,Portugal,93.702124,28.672172
951,3,1,2025-09-06,Latvia,Lithuania,77.148934,76.942576
951,4,1,2025-09-06,Finland,Serbia,110.74836,99.904419
952,1,1,2025-09-06,Turkey,Sweden,92.400903,109.14955
952,2,1,2025-09-06,Germany,Portugal,82.900913,38.248835
952,3,1,2025-09-06,Latvia,Lithuania,80.758596,76.740384
952,4,1,2025-09-06,Finland,Serbia,87.612219,81.999913
953,1,1,2025-09-06,Turkey,Sweden,91.457731,75.18783
953,2,1,2025-09-06,Germany,Portugal,91.822246,66.81104
953,3,1,2025-09-06,Latvia,Lithuania,72.667025,75.447229
953,4,1,2025-09-06,Finland,Serbia,97.216687,99.147016
954,1,1,2025-09-06,Turkey,Sweden,82.489404,87.343427
954,2,1,2025-09-06,Germany,Portugal,82.230849,71.095036
954,3,1,2025-09-06,Latvia,Lithuania,85.361626,69.210718
954,4,1,2025-09-06,Finland,Serbia,93.432791,93.758248
955,1,1,2025-09-06,Turkey,Sweden,104.14454,82.239689
955,2,1,2025-09-06,Germany,Portugal,77.751527,48.313219
955,3,1,2025-09-06,Latvia,Lithuania,81.259546,79.476398
955,4,1,2025-09-06,Finland,Serbia,94.585774,106.42823
956,1,1,2025-09-06,Turkey,Sweden,98.25905,68.253235
956,2,1,2025-09-06,Germany,Portugal,85.343265,69.620371
956,3,1,2025-09-06,Latvia,Lithuania,71.229411,71.160747
956,4,1,2025-09-06,Finland,Serbia,92.182863,90.438697
957,1,1,2025-09-06,Turkey,Sweden,87.587756,91.845845
957,2,1,2025-09-06,Germany,Portugal,94.848931,70.838478
957,3,1,2025-09-06,Latvia,Lithuania,72.65852,84.362068
957,4,1,2025-09-06,Finland,Serbia,96.536225,70.674632
958,1,1,2025-09-06,Turkey,Sweden,95.685103,77.931703
958,2,1,2025-09-06,Germany,Portugal,83.883698,62.322507
958,3,1,2025-09-06,Latvia,Lithuania,92.511385,85.871829
958,4,1,2025-09-06,Finland,Serbia,95.66297,86.078668
959,1,1,2025-09-06,Turkey,Sweden,85.749797,93.344913
959,2,1,2025-09-06,Germany,Portugal,96.526936,55.269789
959,3,1,2025-09-06,Latvia,Lithuania,86.409164,94.551427
959,4,1,2025-09-06,Finland,Serbia,82.365976,78.102261
960,1,1,2025-09-06,Turkey,Sweden,65.660965,82.209398
960,2,1,2025-09-06,Germany,Portugal,97.983789,64.166751
960,3,1,2025-09-06,Latvia,Lithuania,107.20797,84.60035
960,4,1,2025-09-06,Finland,Serbia,78.659177,89.415589
961,1,1,2025-09-06,Turkey,Sweden,85.425946,66.713348
961,2,1,2025-09-06,Germany,Portugal,101.34187,56.025898
961,3,1,2025-09-06,Latvia,Lithuania,84.810285,77.659228
961,4,1,2025-09-06,Finland,Serbia,74.998033,94.53757
962,1,1,2025-09-06,Turkey,Sweden,84.834302,78.00658
962,2,1,2025-09-06,Germany,Portugal,90.362009,66.857936
962,3,1,2025-09-06,Latvia,Lithuania,103.73095000000001,84.912967
962,4,1,2025-09-06,Finland,Serbia,81.509904,86.93254
963,1,1,2025-09-06,Turkey,Sweden,82.021693,83.878283
963,2,1,2025-09-06,Germany,Portugal,110.07953,72.790955
963,3,1,2025-09-06,Latvia,Lithuania,95.319819,102.1585
963,4,1,2025-09-06,Finland,Serbia,50.614088,73.457248
964,1,1,2025-09-06,Turkey,Sweden,98.898148,76.427089
964,2,1,2025-09-06,Germany,Portugal,98.904894,51.472494
964,3,1,2025-09-06,Latvia,Lithuania,80.315873,89.371867
964,4,1,2025-09-06,Finland,Serbia,94.152085,81.574074
965,1,1,2025-09-06,Turkey,Sweden,93.782631,111.35385
965,2,1,2025-09-06,Germany,Portugal,97.701768,66.918241
965,3,1,2025-09-06,Latvia,Lithuania,110.27487,95.015734
965,4,1,2025-09-06,Finland,Serbia,80.93057,95.860057
966,1,1,2025-09-06,Turkey,Sweden,67.353892,79.949376
966,2,1,2025-09-06,Germany,Portugal,74.349515,51.896417
966,3,1,2025-09-06,Latvia,Lithuania,82.633718,70.246782
966,4,1,2025-09-06,Finland,Serbia,91.69332,83.28276
967,1,1,2025-09-06,Turkey,Sweden,83.833812,78.022025
967,2,1,2025-09-06,Germany,Portugal,86.249802,71.85847
967,3,1,2025-09-06,Latvia,Lithuania,89.860452,99.210007
967,4,1,2025-09-06,Finland,Serbia,82.996446,83.73682
968,1,1,2025-09-06,Turkey,Sweden,109.11072,69.417667
968,2,1,2025-09-06,Germany,Portugal,94.213387,57.778598
968,3,1,2025-09-06,Latvia,Lithuania,92.895912,71.643361
968,4,1,2025-09-06,Finland,Serbia,99.337465,105.94696
969,1,1,2025-09-06,Turkey,Sweden,89.062281,83.240587
969,2,1,2025-09-06,Germany,Portugal,94.460613,69.353949
969,3,1,2025-09-06,Latvia,Lithuania,100.56989,100.52271
969,4,1,2025-09-06,Finland,Serbia,99.552697,91.296276
970,1,1,2025-09-06,Turkey,Sweden,78.670445,81.09646
970,2,1,2025-09-06,Germany,Portugal,88.732171,65.809214
970,3,1,2025-09-06,Latvia,Lithuania,101.78883,87.958823
970,4,1,2025-09-06,Finland,Serbia,76.892051,84.612083
971,1,1,2025-09-06,Turkey,Sweden,109.59173,81.476952
971,2,1,2025-09-06,Germany,Portugal,79.314537,69.301853
971,3,1,2025-09-06,Latvia,Lithuania,60.565997,64.99794
971,4,1,2025-09-06,Finland,Serbia,117.95557,102.94316
972,1,1,2025-09-06,Turkey,Sweden,78.722322,83.583492
972,2,1,2025-09-06,Germany,Portugal,76.9675,48.99881
972,3,1,2025-09-06,Latvia,Lithuania,103.58704,78.156824
972,4,1,2025-09-06,Finland,Serbia,110.52652,103.07908
973,1,1,2025-09-06,Turkey,Sweden,93.203348,70.267891
973,2,1,2025-09-06,Germany,Portugal,76.385095,35.678471
973,3,1,2025-09-06,Latvia,Lithuania,89.942082,95.471273
973,4,1,2025-09-06,Finland,Serbia,92.982375,101.89996
974,1,1,2025-09-06,Turkey,Sweden,95.75461,62.969667
974,2,1,2025-09-06,Germany,Portugal,87.850273,72.378977
974,3,1,2025-09-06,Latvia,Lithuania,95.105425,104.77539
974,4,1,2025-09-06,Finland,Serbia,92.370127,75.597802
975,1,1,2025-09-06,Turkey,Sweden,82.363308,71.462102
975,2,1,2025-09-06,Germany,Portugal,96.796594,47.943095
975,3,1,2025-09-06,Latvia,Lithuania,90.298217,84.491477
975,4,1,2025-09-06,Finland,Serbia,73.534848,92.623138
976,1,1,2025-09-06,Turkey,Sweden,95.582185,87.553827
976,2,1,2025-09-06,Germany,Portugal,88.277103,65.75537
976,3,1,2025-09-06,Latvia,Lithuania,76.139512,73.528088
976,4,1,2025-09-06,Finland,Serbia,80.061458,85.301346
977,1,1,2025-09-06,Turkey,Sweden,82.484062,77.352142
977,2,1,2025-09-06,Germany,Portugal,98.645915,69.26341
977,3,1,2025-09-06,Latvia,Lithuania,87.007957,102.35314
977,4,1,2025-09-06,Finland,Serbia,102.14167,112.29916
978,1,1,2025-09-06,Turkey,Sweden,75.262923,68.530608
978,2,1,2025-09-06,Germany,Portugal,82.620433,66.161309
978,3,1,2025-09-06,Latvia,Lithuania,93.728059,73.618245
978,4,1,2025-09-06,Finland,Serbia,109.33728,116.04386
979,1,1,2025-09-06,Turkey,Sweden,86.926226,88.385706
979,2,1,2025-09-06,Germany,Portugal,119.93356,71.547514
979,3,1,2025-09-06,Latvia,Lithuania,84.71841,86.543661
979,4,1,2025-09-06,Finland,Serbia,88.661657,87.779798
980,1,1,2025-09-06,Turkey,Sweden,96.37004,99.231596
980,2,1,2025-09-06,Germany,Portugal,103.40589,76.862183
980,3,1,2025-09-06,Latvia,Lithuania,88.604283,81.301215
980,4,1,2025-09-06,Finland,Serbia,92.527949,77.780477
981,1,1,2025-09-06,Turkey,Sweden,86.426194,90.435133
981,2,1,2025-09-06,Germany,Portugal,98.125986,77.580998
981,3,1,2025-09-06,Latvia,Lithuania,83.827551,94.026319
981,4,1,2025-09-06,Finland,Serbia,87.304607,90.134463
982,1,1,2025-09-06,Turkey,Sweden,94.294741,79.670332
982,2,1,2025-09-06,Germany,Portugal,83.921381,81.58867
982,3,1,2025-09-06,Latvia,Lithuania,86.845152,82.790656
982,4,1,2025-09-06,Finland,Serbia,103.503,107.90622
983,1,1,2025-09-06,Turkey,Sweden,73.906333,54.655277
983,2,1,2025-09-06,Germany,Portugal,80.801464,72.391027
983,3,1,2025-09-06,Latvia,Lithuania,63.634779,100.86559
983,4,1,2025-09-06,Finland,Serbia,91.496358,83.830309
984,1,1,2025-09-06,Turkey,Sweden,72.952502,75.932099
984,2,1,2025-09-06,Germany,Portugal,81.944623000000007,50.766658
984,3,1,2025-09-06,Latvia,Lithuania,96.259013,100.73431
984,4,1,2025-09-06,Finland,Serbia,79.146846,89.805915
985,1,1,2025-09-06,Turkey,Sweden,101.57914,89.106495
985,2,1,2025-09-06,Germany,Portugal,100.51311,52.984602
985,3,1,2025-09-06,Latvia,Lithuania,91.017351,86.393103
985,4,1,2025-09-06,Finland,Serbia,90.787011,85.999223
986,1,1,2025-09-06,Turkey,Sweden,93.955643,70.984083
986,2,1,2025-09-06,Germany,Portugal,103.00854,59.902858
986,3,1,2025-09-06,Latvia,Lithuania,80.328979,95.171601
986,4,1,2025-09-06,Finland,Serbia,100.51024,94.23202
987,1,1,2025-09-06,Turkey,Sweden,70.918437,58.716788
987,2,1,2025-09-06,Germany,Portugal,101.7903,68.562579
987,3,1,2025-09-06,Latvia,Lithuania,101.20202,83.133361
987,4,1,2025-09-06,Finland,Serbia,77.007032,109.1728
988,1,1,2025-09-06,Turkey,Sweden,103.30802,98.37677
988,2,1,2025-09-06,Germany,Portugal,100.11579,36.926734
988,3,1,2025-09-06,Latvia,Lithuania,72.418889,79.080592
988,4,1,2025-09-06,Finland,Serbia,92.312603,86.560085
989,1,1,2025-09-06,Turkey,Sweden,85.286421,69.295324
989,2,1,2025-09-06,Germany,Portugal,82.322449,43.68287
989,3,1,2025-09-06,Latvia,Lithuania,100.19196,95.021948
989,4,1,2025-09-06,Finland,Serbia,96.950669,91.931569
990,1,1,2025-09-06,Turkey,Sweden,101.2754,60.473029
990,2,1,2025-09-06,Germany,Portugal,89.623547,75.278644
990,3,1,2025-09-06,Latvia,Lithuania,88.913235,87.538319
990,4,1,2025-09-06,Finland,Serbia,84.617563,94.416759
991,1,1,2025-09-06,Turkey,Sweden,97.248331,84.561913
991,2,1,2025-09-06,Germany,Portugal,80.287217,80.435973
991,3,1,2025-09-06,Latvia,Lithuania,98.822941,81.406663
991,4,1,2025-09-06,Finland,Serbia,77.560616,89.506952
992,1,1,2025-09-06,Turkey,Sweden,62.505847,62.902036
992,2,1,2025-09-06,Germany,Portugal,91.612719,67.417517
992,3,1,2025-09-06,Latvia,Lithuania,97.496889,66.280758
992,4,1,2025-09-06,Finland,Serbia,69.595512,98.344662
993,1,1,2025-09-06,Turkey,Sweden,76.869806,90.314344
993,2,1,2025-09-06,Germany,Portugal,97.964753,66.381807
993,3,1,2025-09-06,Latvia,Lithuania,82.072693,80.302673
993,4,1,2025-09-06,Finland,Serbia,90.880185,113.67137
994,1,1,2025-09-06,Turkey,Sweden,65.193866,75.098985
994,2,1,2025-09-06,Germany,Portugal,88.331627,43.981633
994,3,1,2025-09-06,Latvia,Lithuania,94.202557,87.668633
994,4,1,2025-09-06,Finland,Serbia,96.066253,90.390141
995,1,1,2025-09-06,Turkey,Sweden,102.09462,69.922759
995,2,1,2025-09-06,Germany,Portugal,96.186041,56.361181
995,3,1,2025-09-06,Latvia,Lithuania,95.519487,89.436004
995,4,1,2025-09-06,Finland,Serbia,92.380481,94.480795
996,1,1,2025-09-06,Turkey,Sweden,96.512088,73.816053
996,2,1,2025-09-06,Germany,Portugal,78.595029,41.535493
996,3,1,2025-09-06,Latvia,Lithuania,78.07415,86.034914
996,4,1,2025-09-06,Finland,Serbia,101.92019,84.378631
997,1,1,2025-09-06,Turkey,Sweden,74.421744,78.990353
997,2,1,2025-09-06,Germany,Portugal,92.324837,84.870093
997,3,1,2025-09-06,Latvia,Lithuania,94.445837,80.453102
997,4,1,2025-09-06,Finland,Serbia,88.237638,90.042408
998,1,1,2025-09-06,Turkey,Sweden,80.809261,61.705104
998,2,1,2025-09-06,Germany,Portugal,91.69505,94.86178
998,3,1,2025-09-06,Latvia,Lithuania,86.195843,98.850631
998,4,1,2025-09-06,Finland,Serbia,87.512055,103.4208
999,1,1,2025-09-06,Turkey,Sweden,82.12967,63.618602
999,2,1,2025-09-06,Germany,Portugal,80.847369,72.445359
999,3,1,2025-09-06,Latvia,Lithuania,94.039181,98.211035999999993
999,4,1,2025-09-06,Finland,Serbia,92.738378,83.791726
1000,1,1,2025-09-06,Turkey,Sweden,85.439037,75.511954
1000,2,1,2025-09-06,Germany,Portugal,114.1278,71.051501
1000,3,1,2025-09-06,Latvia,Lithuania,78.84014,88.587993
1000,4,1,2025-09-06,Finland,Serbia,95.98646,94.572489
1001,1,1,2025-09-06,Turkey,Sweden,71.980338,90.702247
1001,2,1,2025-09-06,Germany,Portugal,97.801293,75.253449
1001,3,1,2025-09-06,Latvia,Lithuania,81.043578,73.729898
1001,4,1,2025-09-06,Finland,Serbia,80.75358,111.47709
1002,1,1,2025-09-06,Turkey,Sweden,88.902904,91.490359
1002,2,1,2025-09-06,Germany,Portugal,104.74413,59.238312
1002,3,1,2025-09-06,Latvia,Lithuania,84.99063,78.063432
1002,4,1,2025-09-06,Finland,Serbia,87.51224,93.628803
1003,1,1,2025-09-06,Turkey,Sweden,76.139678,77.246817
1003,2,1,2025-09-06,Germany,Portugal,70.441527,62.378309
1003,3,1,2025-09-06,Latvia,Lithuania,93.471293,75.142194
1003,4,1,2025-09-06,Finland,Serbia,91.010358,98.957717
1004,1,1,2025-09-06,Turkey,Sweden,87.614009,81.58424
1004,2,1,2025-09-06,Germany,Portugal,94.319507,50.79281
1004,3,1,2025-09-06,Latvia,Lithuania,81.685832,95.977244
1004,4,1,2025-09-06,Finland,Serbia,97.95547,119.44793
1005,1,1,2025-09-06,Turkey,Sweden,80.725761,90.130264
1005,2,1,2025-09-06,Germany,Portugal,77.34091,59.519007
1005,3,1,2025-09-06,Latvia,Lithuania,94.793447,87.713636
1005,4,1,2025-09-06,Finland,Serbia,96.753291,105.11442
1006,1,1,2025-09-06,Turkey,Sweden,109.11552,80.4401
1006,2,1,2025-09-06,Germany,Portugal,80.802039,48.894444
1006,3,1,2025-09-06,Latvia,Lithuania,63.412013,93.100794
1006,4,1,2025-09-06,Finland,Serbia,94.184693,98.579722
1007,1,1,2025-09-06,Turkey,Sweden,103.01174,71.770772
1007,2,1,2025-09-06,Germany,Portugal,99.604759,62.81223
1007,3,1,2025-09-06,Latvia,Lithuania,79.128645,78.800662
1007,4,1,2025-09-06,Finland,Serbia,83.156186,92.552331
1008,1,1,2025-09-06,Turkey,Sweden,98.429311,84.481318
1008,2,1,2025-09-06,Germany,Portugal,86.612455,61.356765
1008,3,1,2025-09-06,Latvia,Lithuania,95.659021,83.972582
1008,4,1,2025-09-06,Finland,Serbia,88.428176,97.540572
1009,1,1,2025-09-06,Turkey,Sweden,76.347443,86.918123
1009,2,1,2025-09-06,Germany,Portugal,106.29474,68.274372
1009,3,1,2025-09-06,Latvia,Lithuania,83.970352,78.277738
1009,4,1,2025-09-06,Finland,Serbia,104.12153,98.787358
1010,1,1,2025-09-06,Turkey,Sweden,90.77103,88.557412
1010,2,1,2025-09-06,Germany,Portugal,80.521924,82.446714
1010,3,1,2025-09-06,Latvia,Lithuania,96.736998,93.50945
1010,4,1,2025-09-06,Finland,Serbia,71.495787000000007,95.555077
1011,1,1,2025-09-06,Turkey,Sweden,101.94988,70.529925
1011,2,1,2025-09-06,Germany,Portugal,90.61277,69.063953
1011,3,1,2025-09-06,Latvia,Lithuania,76.493402,81.970734
1011,4,1,2025-09-06,Finland,Serbia,102.91665,85.394051
1012,1,1,2025-09-06,Turkey,Sweden,83.430899,76.84434
1012,2,1,2025-09-06,Germany,Portugal,63.633618,54.093187
1012,3,1,2025-09-06,Latvia,Lithuania,99.618114,106.27845
1012,4,1,2025-09-06,Finland,Serbia,89.64259,88.65272
1013,1,1,2025-09-06,Turkey,Sweden,74.936314,64.21317
1013,2,1,2025-09-06,Germany,Portugal,90.044291,43.816482
1013,3,1,2025-09-06,Latvia,Lithuania,93.82724,90.767427
1013,4,1,2025-09-06,Finland,Serbia,85.43151,114.13195
1014,1,1,2025-09-06,Turkey,Sweden,95.752414,72.498927
1014,2,1,2025-09-06,Germany,Portugal,73.013552,56.906415
1014,3,1,2025-09-06,Latvia,Lithuania,83.984955,62.04475
1014,4,1,2025-09-06,Finland,Serbia,94.267914,122.76157
1015,1,1,2025-09-06,Turkey,Sweden,90.621114,72.786778
1015,2,1,2025-09-06,Germany,Portugal,96.115346,89.790848
1015,3,1,2025-09-06,Latvia,Lithuania,97.822211,74.603406
1015,4,1,2025-09-06,Finland,Serbia,88.533883,98.791063
1016,1,1,2025-09-06,Turkey,Sweden,100.10871,76.082912
1016,2,1,2025-09-06,Germany,Portugal,81.170904,62.963018
1016,3,1,2025-09-06,Latvia,Lithuania,81.556707,74.570345
1016,4,1,2025-09-06,Finland,Serbia,78.104933,95.614057
1017,1,1,2025-09-06,Turkey,Sweden,88.992307,66.973467
1017,2,1,2025-09-06,Germany,Portugal,93.609211,57.979046
1017,3,1,2025-09-06,Latvia,Lithuania,96.858248,86.525873
1017,4,1,2025-09-06,Finland,Serbia,89.031719,96.974637
1018,1,1,2025-09-06,Turkey,Sweden,92.128984,59.15187
1018,2,1,2025-09-06,Germany,Portugal,93.6321,66.449258
1018,3,1,2025-09-06,Latvia,Lithuania,101.49475,100.13192
1018,4,1,2025-09-06,Finland,Serbia,106.9961,90.161474
1019,1,1,2025-09-06,Turkey,Sweden,84.206519,72.954563
1019,2,1,2025-09-06,Germany,Portugal,78.494377,58.979641
1019,3,1,2025-09-06,Latvia,Lithuania,96.304529,86.464106
1019,4,1,2025-09-06,Finland,Serbia,101.01961,81.18505
1020,1,1,2025-09-06,Turkey,Sweden,75.778411,72.747376
1020,2,1,2025-09-06,Germany,Portugal,84.236392,59.238032
1020,3,1,2025-09-06,Latvia,Lithuania,68.389813,57.598808
1020,4,1,2025-09-06,Finland,Serbia,79.141689,83.953253
1021,1,1,2025-09-06,Turkey,Sweden,101.65962,68.208553
1021,2,1,2025-09-06,Germany,Portugal,103.36305,55.691084
1021,3,1,2025-09-06,Latvia,Lithuania,76.713806,77.613508
1021,4,1,2025-09-06,Finland,Serbia,83.698378,102.55122
1022,1,1,2025-09-06,Turkey,Sweden,84.94014,78.671814
1022,2,1,2025-09-06,Germany,Portugal,87.541922,80.500054
1022,3,1,2025-09-06,Latvia,Lithuania,83.856646,85.944668
1022,4,1,2025-09-06,Finland,Serbia,81.584785,79.443534
1023,1,1,2025-09-06,Turkey,Sweden,85.5827,76.472823
1023,2,1,2025-09-06,Germany,Portugal,95.902962,53.394264
1023,3,1,2025-09-06,Latvia,Lithuania,90.685716,86.820665
1023,4,1,2025-09-06,Finland,Serbia,89.693691,93.762957
1024,1,1,2025-09-06,Turkey,Sweden,79.66678,74.353452
1024,2,1,2025-09-06,Germany,Portugal,94.914048,70.619407
1024,3,1,2025-09-06,Latvia,Lithuania,97.519296,80.591183
1024,4,1,2025-09-06,Finland,Serbia,82.255673,90.01689
1025,1,1,2025-09-06,Turkey,Sweden,93.830415,71.712106
1025,2,1,2025-09-06,Germany,Portugal,94.86304,74.70543
1025,3,1,2025-09-06,Latvia,Lithuania,90.036096,86.584411
1025,4,1,2025-09-06,Finland,Serbia,81.586167,101.03665
1026,1,1,2025-09-06,Turkey,Sweden,90.215654,90.371473
1026,2,1,2025-09-06,Germany,Portugal,87.054876,49.690246
1026,3,1,2025-09-06,Latvia,Lithuania,72.975051,75.937091
1026,4,1,2025-09-06,Finland,Serbia,102.37485,110.02902
1027,1,1,2025-09-06,Turkey,Sweden,59.734179,42.255267
1027,2,1,2025-09-06,Germany,Portugal,82.872729,77.530721
1027,3,1,2025-09-06,Latvia,Lithuania,100.18778,87.673413
1027,4,1,2025-09-06,Finland,Serbia,79.39732,77.132208
1028,1,1,2025-09-06,Turkey,Sweden,86.696342,85.724865
1028,2,1,2025-09-06,Germany,Portugal,62.932284,32.452748
1028,3,1,2025-09-06,Latvia,Lithuania,81.860287,77.029315
1028,4,1,2025-09-06,Finland,Serbia,96.456253,92.659503
1029,1,1,2025-09-06,Turkey,Sweden,110.18079,69.799606
1029,2,1,2025-09-06,Germany,Portugal,107.23399,49.238497
1029,3,1,2025-09-06,Latvia,Lithuania,79.983546,71.230991
1029,4,1,2025-09-06,Finland,Serbia,112.99289,109.4756
1030,1,1,2025-09-06,Turkey,Sweden,72.085817,70.592764
1030,2,1,2025-09-06,Germany,Portugal,91.487289,58.646075
1030,3,1,2025-09-06,Latvia,Lithuania,71.75575,71.692877
1030,4,1,2025-09-06,Finland,Serbia,93.284294,84.711957
1031,1,1,2025-09-06,Turkey,Sweden,94.364847,85.89389
1031,2,1,2025-09-06,Germany,Portugal,90.050648,62.829852
1031,3,1,2025-09-06,Latvia,Lithuania,90.079862,72.961828
1031,4,1,2025-09-06,Finland,Serbia,78.53502,97.22715
1032,1,1,2025-09-06,Turkey,Sweden,103.31826,45.280217
1032,2,1,2025-09-06,Germany,Portugal,84.7865,63.19457
1032,3,1,2025-09-06,Latvia,Lithuania,101.81769,81.697074
1032,4,1,2025-09-06,Finland,Serbia,80.092461,99.366156
1033,1,1,2025-09-06,Turkey,Sweden,101.22638,88.849437
1033,2,1,2025-09-06,Germany,Portugal,84.215646,64.007320000000007
1033,3,1,2025-09-06,Latvia,Lithuania,81.41679,68.60133
1033,4,1,2025-09-06,Finland,Serbia,71.421852,92.706394
1034,1,1,2025-09-06,Turkey,Sweden,101.72538,77.631988
1034,2,1,2025-09-06,Germany,Portugal,83.056636,60.993569
1034,3,1,2025-09-06,Latvia,Lithuania,75.354993,88.162544
1034,4,1,2025-09-06,Finland,Serbia,90.758046,92.951514
1035,1,1,2025-09-06,Turkey,Sweden,96.980929,88.821548
1035,2,1,2025-09-06,Germany,Portugal,88.68118,71.685027
1035,3,1,2025-09-06,Latvia,Lithuania,80.862621,91.680849
1035,4,1,2025-09-06,Finland,Serbia,87.152975,67.97143
1036,1,1,2025-09-06,Turkey,Sweden,93.328921,60.524498
1036,2,1,2025-09-06,Germany,Portugal,94.009637,77.326908
1036,3,1,2025-09-06,Latvia,Lithuania,105.42766,81.496095
1036,4,1,2025-09-06,Finland,Serbia,91.539794,79.294719
1037,1,1,2025-09-06,Turkey,Sweden,74.468599,61.206479
1037,2,1,2025-09-06,Germany,Portugal,83.453316,77.410088
1037,3,1,2025-09-06,Latvia,Lithuania,102.31609,94.509053
1037,4,1,2025-09-06,Finland,Serbia,115.44652,109.04389
1038,1,1,2025-09-06,Turkey,Sweden,103.67667,82.345254
1038,2,1,2025-09-06,Germany,Portugal,113.84788,52.827572
1038,3,1,2025-09-06,Latvia,Lithuania,90.944836,88.794209
1038,4,1,2025-09-06,Finland,Serbia,88.125948,87.008219
1039,1,1,2025-09-06,Turkey,Sweden,88.071352,93.573216
1039,2,1,2025-09-06,Germany,Portugal,110.30087,73.879141
1039,3,1,2025-09-06,Latvia,Lithuania,82.243293,70.061899
1039,4,1,2025-09-06,Finland,Serbia,77.085496,77.484184
1040,1,1,2025-09-06,Turkey,Sweden,87.814007,93.471634
1040,2,1,2025-09-06,Germany,Portugal,109.8079,62.101781
1040,3,1,2025-09-06,Latvia,Lithuania,99.014507,88.594717
1040,4,1,2025-09-06,Finland,Serbia,78.83177,80.032939
1041,1,1,2025-09-06,Turkey,Sweden,81.064605,68.718175
1041,2,1,2025-09-06,Germany,Portugal,91.808561,60.44558
1041,3,1,2025-09-06,Latvia,Lithuania,109.43168,92.879826
1041,4,1,2025-09-06,Finland,Serbia,101.92457,99.174739
1042,1,1,2025-09-06,Turkey,Sweden,98.498646,90.011723
1042,2,1,2025-09-06,Germany,Portugal,87.940143,61.195676
1042,3,1,2025-09-06,Latvia,Lithuania,92.321755,79.12182
1042,4,1,2025-09-06,Finland,Serbia,82.288719,103.54099
1043,1,1,2025-09-06,Turkey,Sweden,65.482372,64.656534
1043,2,1,2025-09-06,Germany,Portugal,86.274015,68.593469
1043,3,1,2025-09-06,Latvia,Lithuania,103.07664,90.060532
1043,4,1,2025-09-06,Finland,Serbia,83.953907,87.027789
1044,1,1,2025-09-06,Turkey,Sweden,88.823772,70.755101
1044,2,1,2025-09-06,Germany,Portugal,80.245461,66.832222
1044,3,1,2025-09-06,Latvia,Lithuania,98.190359,86.027256
1044,4,1,2025-09-06,Finland,Serbia,90.175973,78.780259
1045,1,1,2025-09-06,Turkey,Sweden,83.345792,65.597486
1045,2,1,2025-09-06,Germany,Portugal,90.588698,54.726203
1045,3,1,2025-09-06,Latvia,Lithuania,87.569964,84.906385
1045,4,1,2025-09-06,Finland,Serbia,89.344093,83.725365
1046,1,1,2025-09-06,Turkey,Sweden,75.933862,82.36758
1046,2,1,2025-09-06,Germany,Portugal,86.794021,52.468699
1046,3,1,2025-09-06,Latvia,Lithuania,80.867384,78.108268
1046,4,1,2025-09-06,Finland,Serbia,95.795459,100.54291
1047,1,1,2025-09-06,Turkey,Sweden,89.88686,83.673541
1047,2,1,2025-09-06,Germany,Portugal,92.986887,72.326314
1047,3,1,2025-09-06,Latvia,Lithuania,103.62737,79.19414
1047,4,1,2025-09-06,Finland,Serbia,97.811174,97.577325
1048,1,1,2025-09-06,Turkey,Sweden,111.1692,78.340737
1048,2,1,2025-09-06,Germany,Portugal,97.742092,51.528645
1048,3,1,2025-09-06,Latvia,Lithuania,86.954489,87.629411
1048,4,1,2025-09-06,Finland,Serbia,81.57819,108.39251
1049,1,1,2025-09-06,Turkey,Sweden,80.8518,63.669998
1049,2,1,2025-09-06,Germany,Portugal,99.053832,68.6652
1049,3,1,2025-09-06,Latvia,Lithuania,98.121157,100.28961
1049,4,1,2025-09-06,Finland,Serbia,87.293563,66.728608
1050,1,1,2025-09-06,Turkey,Sweden,88.528956,82.417659
1050,2,1,2025-09-06,Germany,Portugal,84.098885,69.329164
1050,3,1,2025-09-06,Latvia,Lithuania,99.382677,84.696048
1050,4,1,2025-09-06,Finland,Serbia,88.54297,94.636228
1051,1,1,2025-09-06,Turkey,Sweden,99.245548,85.77216
1051,2,1,2025-09-06,Germany,Portugal,73.187366,45.413715
1051,3,1,2025-09-06,Latvia,Lithuania,75.150677,82.401874
1051,4,1,2025-09-06,Finland,Serbia,91.328272,105.52456
1052,1,1,2025-09-06,Turkey,Sweden,80.469692,72.528067
1052,2,1,2025-09-06,Germany,Portugal,83.356245,58.006487
1052,3,1,2025-09-06,Latvia,Lithuania,86.29846,85.947644
1052,4,1,2025-09-06,Finland,Serbia,101.64811,89.566222
1053,1,1,2025-09-06,Turkey,Sweden,75.741409,84.874461
1053,2,1,2025-09-06,Germany,Portugal,91.983549,51.227468
1053,3,1,2025-09-06,Latvia,Lithuania,112.49671,93.821184
1053,4,1,2025-09-06,Finland,Serbia,94.204822,84.763686
1054,1,1,2025-09-06,Turkey,Sweden,91.003027,83.026318
1054,2,1,2025-09-06,Germany,Portugal,67.579735,43.765507
1054,3,1,2025-09-06,Latvia,Lithuania,76.702137,74.111613
1054,4,1,2025-09-06,Finland,Serbia,85.454201,79.813965
1055,1,1,2025-09-06,Turkey,Sweden,113.00198,80.040949
1055,2,1,2025-09-06,Germany,Portugal,93.129609,65.591169
1055,3,1,2025-09-06,Latvia,Lithuania,91.520124,75.848124
1055,4,1,2025-09-06,Finland,Serbia,90.296067,100.53884
1056,1,1,2025-09-06,Turkey,Sweden,84.38799,64.547402
1056,2,1,2025-09-06,Germany,Portugal,82.788048,41.742731
1056,3,1,2025-09-06,Latvia,Lithuania,87.68048,84.277553
1056,4,1,2025-09-06,Finland,Serbia,74.198073,110.10751
1057,1,1,2025-09-06,Turkey,Sweden,99.088335,67.323051
1057,2,1,2025-09-06,Germany,Portugal,81.805099,81.420816
1057,3,1,2025-09-06,Latvia,Lithuania,90.269445,87.302577
1057,4,1,2025-09-06,Finland,Serbia,79.986502,79.629318
1058,1,1,2025-09-06,Turkey,Sweden,84.962154,81.426653
1058,2,1,2025-09-06,Germany,Portugal,80.268593,46.51692
1058,3,1,2025-09-06,Latvia,Lithuania,90.25409,82.630096
1058,4,1,2025-09-06,Finland,Serbia,99.891342,72.294241
1059,1,1,2025-09-06,Turkey,Sweden,104.69279,67.092304
1059,2,1,2025-09-06,Germany,Portugal,64.247447,47.96457
1059,3,1,2025-09-06,Latvia,Lithuania,83.796572,67.501554
1059,4,1,2025-09-06,Finland,Serbia,110.61274,116.95581
1060,1,1,2025-09-06,Turkey,Sweden,88.423604,76.001254
1060,2,1,2025-09-06,Germany,Portugal,95.478034,84.982564
1060,3,1,2025-09-06,Latvia,Lithuania,77.778336,99.784329
1060,4,1,2025-09-06,Finland,Serbia,87.898688,95.775079
1061,1,1,2025-09-06,Turkey,Sweden,74.368349,75.19616
1061,2,1,2025-09-06,Germany,Portugal,81.978986,58.474291
1061,3,1,2025-09-06,Latvia,Lithuania,101.50087,62.469811
1061,4,1,2025-09-06,Finland,Serbia,77.499078,100.0816
1062,1,1,2025-09-06,Turkey,Sweden,56.901975,64.019664
1062,2,1,2025-09-06,Germany,Portugal,84.261548,69.709857
1062,3,1,2025-09-06,Latvia,Lithuania,91.356481,78.863716
1062,4,1,2025-09-06,Finland,Serbia,117.67276,101.95701
1063,1,1,2025-09-06,Turkey,Sweden,62.452625,71.381237
1063,2,1,2025-09-06,Germany,Portugal,80.540255,68.219267
1063,3,1,2025-09-06,Latvia,Lithuania,84.470331,77.938921
1063,4,1,2025-09-06,Finland,Serbia,78.913669,86.261423
1064,1,1,2025-09-06,Turkey,Sweden,86.79198,60.955685
1064,2,1,2025-09-06,Germany,Portugal,88.816538,69.464406
1064,3,1,2025-09-06,Latvia,Lithuania,105.03289,88.81027
1064,4,1,2025-09-06,Finland,Serbia,80.874177,90.609997
1065,1,1,2025-09-06,Turkey,Sweden,66.51511,56.842569
1065,2,1,2025-09-06,Germany,Portugal,65.85672,55.465457
1065,3,1,2025-09-06,Latvia,Lithuania,104.90165,101.52878
1065,4,1,2025-09-06,Finland,Serbia,98.778088,93.031451
1066,1,1,2025-09-06,Turkey,Sweden,94.099658,63.074231
1066,2,1,2025-09-06,Germany,Portugal,59.493637,70.021007
1066,3,1,2025-09-06,Latvia,Lithuania,64.126573,85.061942
1066,4,1,2025-09-06,Finland,Serbia,88.905095,88.802188
1067,1,1,2025-09-06,Turkey,Sweden,89.276211,68.943341
1067,2,1,2025-09-06,Germany,Portugal,91.96857,57.095241
1067,3,1,2025-09-06,Latvia,Lithuania,86.57455,80.084791
1067,4,1,2025-09-06,Finland,Serbia,77.807574,95.634848
1068,1,1,2025-09-06,Turkey,Sweden,61.586164,77.73698
1068,2,1,2025-09-06,Germany,Portugal,82.456744,68.662294
1068,3,1,2025-09-06,Latvia,Lithuania,68.606587,76.084212
1068,4,1,2025-09-06,Finland,Serbia,91.2838,100.94028
1069,1,1,2025-09-06,Turkey,Sweden,76.13121,67.421002
1069,2,1,2025-09-06,Germany,Portugal,93.821797,67.222856
1069,3,1,2025-09-06,Latvia,Lithuania,74.309337,82.529713
1069,4,1,2025-09-06,Finland,Serbia,98.748999,110.93271
1070,1,1,2025-09-06,Turkey,Sweden,105.96774,92.614572
1070,2,1,2025-09-06,Germany,Portugal,102.04315,65.049923
1070,3,1,2025-09-06,Latvia,Lithuania,97.100466,82.420368
1070,4,1,2025-09-06,Finland,Serbia,86.816074,90.320043
1071,1,1,2025-09-06,Turkey,Sweden,89.332237,79.511073
1071,2,1,2025-09-06,Germany,Portugal,86.9003,62.862778
1071,3,1,2025-09-06,Latvia,Lithuania,87.457375,88.488021
1071,4,1,2025-09-06,Finland,Serbia,82.670317,93.455159
1072,1,1,2025-09-06,Turkey,Sweden,92.780742,82.986042
1072,2,1,2025-09-06,Germany,Portugal,88.787042,71.24486
1072,3,1,2025-09-06,Latvia,Lithuania,82.727301,85.151343
1072,4,1,2025-09-06,Finland,Serbia,94.771917,86.750951
1073,1,1,2025-09-06,Turkey,Sweden,93.580389,86.073513
1073,2,1,2025-09-06,Germany,Portugal,101.15699,75.08597
1073,3,1,2025-09-06,Latvia,Lithuania,84.986393,92.812452
1073,4,1,2025-09-06,Finland,Serbia,95.509189,104.96181
1074,1,1,2025-09-06,Turkey,Sweden,84.28487,79.86507
1074,2,1,2025-09-06,Germany,Portugal,96.767171,62.069475
1074,3,1,2025-09-06,Latvia,Lithuania,94.037574,78.558654
1074,4,1,2025-09-06,Finland,Serbia,93.524859,113.20801
1075,1,1,2025-09-06,Turkey,Sweden,88.65915,66.405763
1075,2,1,2025-09-06,Germany,Portugal,85.197189,67.020157
1075,3,1,2025-09-06,Latvia,Lithuania,85.610426,84.768099
1075,4,1,2025-09-06,Finland,Serbia,61.919993,66.066006
1076,1,1,2025-09-06,Turkey,Sweden,79.180613,87.557086
1076,2,1,2025-09-06,Germany,Portugal,84.695765,72.092154
1076,3,1,2025-09-06,Latvia,Lithuania,94.365385,93.741118
1076,4,1,2025-09-06,Finland,Serbia,81.650811,93.296272
1077,1,1,2025-09-06,Turkey,Sweden,97.351938,73.608319
1077,2,1,2025-09-06,Germany,Portugal,91.825695,74.989698
1077,3,1,2025-09-06,Latvia,Lithuania,92.57257,77.663885
1077,4,1,2025-09-06,Finland,Serbia,76.22878,104.96014
1078,1,1,2025-09-06,Turkey,Sweden,81.321201,74.881262
1078,2,1,2025-09-06,Germany,Portugal,79.100772,84.818501
1078,3,1,2025-09-06,Latvia,Lithuania,88.90171,90.464434
1078,4,1,2025-09-06,Finland,Serbia,101.65584,76.615881
1079,1,1,2025-09-06,Turkey,Sweden,96.157388,81.281463
1079,2,1,2025-09-06,Germany,Portugal,111.74949,55.037073
1079,3,1,2025-09-06,Latvia,Lithuania,103.29097,95.899878
1079,4,1,2025-09-06,Finland,Serbia,103.07999,98.065156
1080,1,1,2025-09-06,Turkey,Sweden,90.425282,65.792731
1080,2,1,2025-09-06,Germany,Portugal,87.981362,74.794564
1080,3,1,2025-09-06,Latvia,Lithuania,74.208129,74.853994
1080,4,1,2025-09-06,Finland,Serbia,86.496224,100.96635
1081,1,1,2025-09-06,Turkey,Sweden,77.759423,66.627269
1081,2,1,2025-09-06,Germany,Portugal,131.50182,71.560292
1081,3,1,2025-09-06,Latvia,Lithuania,95.292095,79.704263
1081,4,1,2025-09-06,Finland,Serbia,94.082143,105.30178
1082,1,1,2025-09-06,Turkey,Sweden,93.750727,64.371634
1082,2,1,2025-09-06,Germany,Portugal,109.38585,62.177534
1082,3,1,2025-09-06,Latvia,Lithuania,101.65367,89.796398
1082,4,1,2025-09-06,Finland,Serbia,104.64355,97.63791
1083,1,1,2025-09-06,Turkey,Sweden,79.333039,75.73383
1083,2,1,2025-09-06,Germany,Portugal,95.624711,89.617222
1083,3,1,2025-09-06,Latvia,Lithuania,94.58435,91.854053
1083,4,1,2025-09-06,Finland,Serbia,69.852493,92.319233
1084,1,1,2025-09-06,Turkey,Sweden,86.116443,82.634824
1084,2,1,2025-09-06,Germany,Portugal,79.398241,63.876846
1084,3,1,2025-09-06,Latvia,Lithuania,82.640948,83.316447
1084,4,1,2025-09-06,Finland,Serbia,104.29315,88.236057
1085,1,1,2025-09-06,Turkey,Sweden,104.06883,81.772927
1085,2,1,2025-09-06,Germany,Portugal,85.513347,59.976955
1085,3,1,2025-09-06,Latvia,Lithuania,88.516987,96.864501
1085,4,1,2025-09-06,Finland,Serbia,92.136339,86.028774
1086,1,1,2025-09-06,Turkey,Sweden,95.008645,80.094123
1086,2,1,2025-09-06,Germany,Portugal,89.453906,51.203643
1086,3,1,2025-09-06,Latvia,Lithuania,74.398322,74.0426
1086,4,1,2025-09-06,Finland,Serbia,108.04144,97.06964
1087,1,1,2025-09-06,Turkey,Sweden,91.300712,89.811085
1087,2,1,2025-09-06,Germany,Portugal,93.260594,51.310868
1087,3,1,2025-09-06,Latvia,Lithuania,85.887103,77.313856
1087,4,1,2025-09-06,Finland,Serbia,97.315467,122.22453
1088,1,1,2025-09-06,Turkey,Sweden,79.066217,58.328441
1088,2,1,2025-09-06,Germany,Portugal,85.501281,57.511233
1088,3,1,2025-09-06,Latvia,Lithuania,90.00638,93.221724
1088,4,1,2025-09-06,Finland,Serbia,77.334737,93.662589
1089,1,1,2025-09-06,Turkey,Sweden,77.885958,58.250977
1089,2,1,2025-09-06,Germany,Portugal,108.07387,75.212241
1089,3,1,2025-09-06,Latvia,Lithuania,89.897032,77.525328
1089,4,1,2025-09-06,Finland,Serbia,101.70951,79.14586
1090,1,1,2025-09-06,Turkey,Sweden,79.937915,67.155419
1090,2,1,2025-09-06,Germany,Portugal,94.245137,61.893168
1090,3,1,2025-09-06,Latvia,Lithuania,84.909528,94.694569
1090,4,1,2025-09-06,Finland,Serbia,82.369708,112.47385
1091,1,1,2025-09-06,Turkey,Sweden,85.927532,83.90677
1091,2,1,2025-09-06,Germany,Portugal,90.055786,60.562675
1091,3,1,2025-09-06,Latvia,Lithuania,85.137473,78.305406
1091,4,1,2025-09-06,Finland,Serbia,95.284035,89.170473
1092,1,1,2025-09-06,Turkey,Sweden,67.974215,71.627767
1092,2,1,2025-09-06,Germany,Portugal,93.51784,76.103471
1092,3,1,2025-09-06,Latvia,Lithuania,79.866526,77.437827
1092,4,1,2025-09-06,Finland,Serbia,138.84872,102.13738
1093,1,1,2025-09-06,Turkey,Sweden,75.445966,89.452762
1093,2,1,2025-09-06,Germany,Portugal,82.949271,70.593037
1093,3,1,2025-09-06,Latvia,Lithuania,97.002769,82.778996
1093,4,1,2025-09-06,Finland,Serbia,103.91737,93.86737
1094,1,1,2025-09-06,Turkey,Sweden,74.659245,69.784038
1094,2,1,2025-09-06,Germany,Portugal,96.533875,53.099557
1094,3,1,2025-09-06,Latvia,Lithuania,102.45299,97.776632
1094,4,1,2025-09-06,Finland,Serbia,90.591027,86.149595
1095,1,1,2025-09-06,Turkey,Sweden,87.456883,77.896435
1095,2,1,2025-09-06,Germany,Portugal,88.93441,56.695665
1095,3,1,2025-09-06,Latvia,Lithuania,74.490098,81.259232
1095,4,1,2025-09-06,Finland,Serbia,77.093026,82.553494
1096,1,1,2025-09-06,Turkey,Sweden,100.22637,82.930687
1096,2,1,2025-09-06,Germany,Portugal,82.810508,46.001888
1096,3,1,2025-09-06,Latvia,Lithuania,100.83142,92.875182
1096,4,1,2025-09-06,Finland,Serbia,95.641869,112.11602
1097,1,1,2025-09-06,Turkey,Sweden,76.519617,73.490077
1097,2,1,2025-09-06,Germany,Portugal,97.308062,61.800713
1097,3,1,2025-09-06,Latvia,Lithuania,85.902322,78.354169
1097,4,1,2025-09-06,Finland,Serbia,103.74357,95.537945
1098,1,1,2025-09-06,Turkey,Sweden,85.846864,80.2968
1098,2,1,2025-09-06,Germany,Portugal,92.593592,75.736719
1098,3,1,2025-09-06,Latvia,Lithuania,94.372559999999993,85.901674
1098,4,1,2025-09-06,Finland,Serbia,91.086542,106.1112
1099,1,1,2025-09-06,Turkey,Sweden,84.328188,88.911689
1099,2,1,2025-09-06,Germany,Portugal,94.936188,78.406811
1099,3,1,2025-09-06,Latvia,Lithuania,66.667047,75.800077
1099,4,1,2025-09-06,Finland,Serbia,78.954988,110.12163
1100,1,1,2025-09-06,Turkey,Sweden,81.022481,93.799324
1100,2,1,2025-09-06,Germany,Portugal,96.892022,51.705908
1100,3,1,2025-09-06,Latvia,Lithuania,80.382108,75.953221
1100,4,1,2025-09-06,Finland,Serbia,89.75816,98.852152
1101,1,1,2025-09-06,Turkey,Sweden,93.083395,68.370499
1101,2,1,2025-09-06,Germany,Portugal,91.976595,60.56735
1101,3,1,2025-09-06,Latvia,Lithuania,90.326031,80.817289
1101,4,1,2025-09-06,Finland,Serbia,105.26003,116.17594
1102,1,1,2025-09-06,Turkey,Sweden,96.098971,100.13629
1102,2,1,2025-09-06,Germany,Portugal,84.1795,42.559478
1102,3,1,2025-09-06,Latvia,Lithuania,87.97531,98.863638
1102,4,1,2025-09-06,Finland,Serbia,81.509618,107.69449
1103,1,1,2025-09-06,Turkey,Sweden,86.756846,83.987101
1103,2,1,2025-09-06,Germany,Portugal,96.443901,60.649124
1103,3,1,2025-09-06,Latvia,Lithuania,74.168027,90.744196
1103,4,1,2025-09-06,Finland,Serbia,63.999948,97.034762
1104,1,1,2025-09-06,Turkey,Sweden,77.958767,67.897878
1104,2,1,2025-09-06,Germany,Portugal,105.33354,47.018977
1104,3,1,2025-09-06,Latvia,Lithuania,76.544537,82.993574
1104,4,1,2025-09-06,Finland,Serbia,98.623099,92.841431
1105,1,1,2025-09-06,Turkey,Sweden,94.653328,63.448857
1105,2,1,2025-09-06,Germany,Portugal,90.407509,76.471427
1105,3,1,2025-09-06,Latvia,Lithuania,91.931243,76.494377
1105,4,1,2025-09-06,Finland,Serbia,86.667113,114.08697
1106,1,1,2025-09-06,Turkey,Sweden,94.09225,57.791289
1106,2,1,2025-09-06,Germany,Portugal,93.002071,50.983009
1106,3,1,2025-09-06,Latvia,Lithuania,91.824683,94.783089
1106,4,1,2025-09-06,Finland,Serbia,100.17653,95.690485
1107,1,1,2025-09-06,Turkey,Sweden,77.823665,70.749413
1107,2,1,2025-09-06,Germany,Portugal,82.479347,70.785014
1107,3,1,2025-09-06,Latvia,Lithuania,80.696869,97.068185
1107,4,1,2025-09-06,Finland,Serbia,98.93873,92.432318
1108,1,1,2025-09-06,Turkey,Sweden,87.826448,79.321944
1108,2,1,2025-09-06,Germany,Portugal,87.055471,56.950917
1108,3,1,2025-09-06,Latvia,Lithuania,88.394232,82.272074
1108,4,1,2025-09-06,Finland,Serbia,109.47907,108.17999
1109,1,1,2025-09-06,Turkey,Sweden,83.50106,56.51422
1109,2,1,2025-09-06,Germany,Portugal,94.201038,60.246306
1109,3,1,2025-09-06,Latvia,Lithuania,83.701811,97.730273
1109,4,1,2025-09-06,Finland,Serbia,88.372638,91.371775
1110,1,1,2025-09-06,Turkey,Sweden,105.74627,67.041787
1110,2,1,2025-09-06,Germany,Portugal,104.82589,59.949121
1110,3,1,2025-09-06,Latvia,Lithuania,107.25605,80.528392
1110,4,1,2025-09-06,Finland,Serbia,89.579796,102.27967
1111,1,1,2025-09-06,Turkey,Sweden,87.165122,72.52252
1111,2,1,2025-09-06,Germany,Portugal,103.98176,76.535882
1111,3,1,2025-09-06,Latvia,Lithuania,81.188653,73.543159
1111,4,1,2025-09-06,Finland,Serbia,79.745633,76.216787
1112,1,1,2025-09-06,Turkey,Sweden,91.450797,65.821322
1112,2,1,2025-09-06,Germany,Portugal,89.03997,72.115048
1112,3,1,2025-09-06,Latvia,Lithuania,82.21562,78.032055
1112,4,1,2025-09-06,Finland,Serbia,87.23944,89.899474
1113,1,1,2025-09-06,Turkey,Sweden,62.263038,79.604826
1113,2,1,2025-09-06,Germany,Portugal,92.550603,64.66771
1113,3,1,2025-09-06,Latvia,Lithuania,99.084611,103.62196
1113,4,1,2025-09-06,Finland,Serbia,97.542369,95.37672
1114,1,1,2025-09-06,Turkey,Sweden,89.883115,72.915918
1114,2,1,2025-09-06,Germany,Portugal,77.929754,56.657308
1114,3,1,2025-09-06,Latvia,Lithuania,80.212505,76.513427
1114,4,1,2025-09-06,Finland,Serbia,93.481589,93.860807
1115,1,1,2025-09-06,Turkey,Sweden,82.339528,79.373162
1115,2,1,2025-09-06,Germany,Portugal,101.47812,75.459728
1115,3,1,2025-09-06,Latvia,Lithuania,74.657531,71.742705
1115,4,1,2025-09-06,Finland,Serbia,88.145421,93.846091
1116,1,1,2025-09-06,Turkey,Sweden,107.86368,88.94115
1116,2,1,2025-09-06,Germany,Portugal,92.397364,57.417869
1116,3,1,2025-09-06,Latvia,Lithuania,88.952388,87.352645
1116,4,1,2025-09-06,Finland,Serbia,98.963721,104.76626
1117,1,1,2025-09-06,Turkey,Sweden,87.814898,69.749594
1117,2,1,2025-09-06,Germany,Portugal,79.746585,47.493766
1117,3,1,2025-09-06,Latvia,Lithuania,88.339653,83.542026
1117,4,1,2025-09-06,Finland,Serbia,89.165236,89.484907
1118,1,1,2025-09-06,Turkey,Sweden,81.014794,94.412232
1118,2,1,2025-09-06,Germany,Portugal,70.727918,44.539695
1118,3,1,2025-09-06,Latvia,Lithuania,117.9365,84.028614
1118,4,1,2025-09-06,Finland,Serbia,91.67994,89.605269
1119,1,1,2025-09-06,Turkey,Sweden,97.679296,97.716315
1119,2,1,2025-09-06,Germany,Portugal,86.113236,79.528329
1119,3,1,2025-09-06,Latvia,Lithuania,81.424508,78.220499
1119,4,1,2025-09-06,Finland,Serbia,91.102142,88.157709
1120,1,1,2025-09-06,Turkey,Sweden,86.314676,86.964498
1120,2,1,2025-09-06,Germany,Portugal,90.349812,44.706711
1120,3,1,2025-09-06,Latvia,Lithuania,95.525939,88.939348
1120,4,1,2025-09-06,Finland,Serbia,96.647802,84.536227
1121,1,1,2025-09-06,Turkey,Sweden,71.064595,81.897818
1121,2,1,2025-09-06,Germany,Portugal,83.856907,57.120427
1121,3,1,2025-09-06,Latvia,Lithuania,75.999232,73.120371
1121,4,1,2025-09-06,Finland,Serbia,98.494779,91.242792
1122,1,1,2025-09-06,Turkey,Sweden,89.780214,67.395024
1122,2,1,2025-09-06,Germany,Portugal,98.923888,45.697789
1122,3,1,2025-09-06,Latvia,Lithuania,84.129378,90.152796
1122,4,1,2025-09-06,Finland,Serbia,88.70145,96.562534
1123,1,1,2025-09-06,Turkey,Sweden,91.62973,94.205123
1123,2,1,2025-09-06,Germany,Portugal,103.08186,57.936125
1123,3,1,2025-09-06,Latvia,Lithuania,90.472908,89.391788
1123,4,1,2025-09-06,Finland,Serbia,80.479909,88.823675
1124,1,1,2025-09-06,Turkey,Sweden,79.700898,86.030018
1124,2,1,2025-09-06,Germany,Portugal,79.570778,80.34577
1124,3,1,2025-09-06,Latvia,Lithuania,93.685757,73.264052
1124,4,1,2025-09-06,Finland,Serbia,72.383855,86.956943
1125,1,1,2025-09-06,Turkey,Sweden,99.392079,74.979846
1125,2,1,2025-09-06,Germany,Portugal,95.616679,29.207529
1125,3,1,2025-09-06,Latvia,Lithuania,100.36435,77.849216
1125,4,1,2025-09-06,Finland,Serbia,85.114886,87.816971
1126,1,1,2025-09-06,Turkey,Sweden,56.526965,73.916141
1126,2,1,2025-09-06,Germany,Portugal,77.486473,54.666945
1126,3,1,2025-09-06,Latvia,Lithuania,91.223277,83.461778
1126,4,1,2025-09-06,Finland,Serbia,101.38581,105.53686
1127,1,1,2025-09-06,Turkey,Sweden,86.968748,72.848634
1127,2,1,2025-09-06,Germany,Portugal,116.8512,49.817998
1127,3,1,2025-09-06,Latvia,Lithuania,96.616402,88.49618
1127,4,1,2025-09-06,Finland,Serbia,105.28799,107.53565
1128,1,1,2025-09-06,Turkey,Sweden,76.162363,70.932747
1128,2,1,2025-09-06,Germany,Portugal,76.096544,75.273619
1128,3,1,2025-09-06,Latvia,Lithuania,82.862854,60.777928
1128,4,1,2025-09-06,Finland,Serbia,95.104664,81.137399
1129,1,1,2025-09-06,Turkey,Sweden,82.625294,77.001092
1129,2,1,2025-09-06,Germany,Portugal,101.01441,50.245946000000004
1129,3,1,2025-09-06,Latvia,Lithuania,74.135802,71.833857
1129,4,1,2025-09-06,Finland,Serbia,77.602399,86.348537
1130,1,1,2025-09-06,Turkey,Sweden,91.960999,73.205989
1130,2,1,2025-09-06,Germany,Portugal,87.435142,54.009698
1130,3,1,2025-09-06,Latvia,Lithuania,76.127706,71.685549
1130,4,1,2025-09-06,Finland,Serbia,84.237663,88.065049
1131,1,1,2025-09-06,Turkey,Sweden,102.25176,95.621436
1131,2,1,2025-09-06,Germany,Portugal,83.619282,74.210495
1131,3,1,2025-09-06,Latvia,Lithuania,92.581361,76.912966
1131,4,1,2025-09-06,Finland,Serbia,79.683184,104.03431
1132,1,1,2025-09-06,Turkey,Sweden,80.357074,82.083578
1132,2,1,2025-09-06,Germany,Portugal,86.086541,50.040882
1132,3,1,2025-09-06,Latvia,Lithuania,94.212291,68.960756
1132,4,1,2025-09-06,Finland,Serbia,97.460491,91.873308
1133,1,1,2025-09-06,Turkey,Sweden,87.475266,77.778086
1133,2,1,2025-09-06,Germany,Portugal,93.413314,43.683245
1133,3,1,2025-09-06,Latvia,Lithuania,87.108155,60.792796
1133,4,1,2025-09-06,Finland,Serbia,88.126135,99.012706
1134,1,1,2025-09-06,Turkey,Sweden,71.64207,60.522557
1134,2,1,2025-09-06,Germany,Portugal,80.534904,69.291191
1134,3,1,2025-09-06,Latvia,Lithuania,96.634086,67.993118
1134,4,1,2025-09-06,Finland,Serbia,94.435133,93.283712
1135,1,1,2025-09-06,Turkey,Sweden,77.383761,60.70727
1135,2,1,2025-09-06,Germany,Portugal,101.41815,77.669776
1135,3,1,2025-09-06,Latvia,Lithuania,63.39593,69.353271
1135,4,1,2025-09-06,Finland,Serbia,103.79743,102.51396
1136,1,1,2025-09-06,Turkey,Sweden,81.943151,68.93256
1136,2,1,2025-09-06,Germany,Portugal,103.99022,44.515123
1136,3,1,2025-09-06,Latvia,Lithuania,85.983169,77.762845
1136,4,1,2025-09-06,Finland,Serbia,82.295259,88.458693
1137,1,1,2025-09-06,Turkey,Sweden,65.304288,64.925616
1137,2,1,2025-09-06,Germany,Portugal,91.488317,54.779152
1137,3,1,2025-09-06,Latvia,Lithuania,76.061546,82.70572
1137,4,1,2025-09-06,Finland,Serbia,77.713832,84.362702
1138,1,1,2025-09-06,Turkey,Sweden,105.29797,85.265451
1138,2,1,2025-09-06,Germany,Portugal,93.387248,75.367517
1138,3,1,2025-09-06,Latvia,Lithuania,81.9466,84.065963
1138,4,1,2025-09-06,Finland,Serbia,97.341269,100.68663
1139,1,1,2025-09-06,Turkey,Sweden,85.108745,66.986577
1139,2,1,2025-09-06,Germany,Portugal,89.409264,61.480127
1139,3,1,2025-09-06,Latvia,Lithuania,88.518184,87.396161
1139,4,1,2025-09-06,Finland,Serbia,117.51569,114.78642
1140,1,1,2025-09-06,Turkey,Sweden,105.03848,86.054611
1140,2,1,2025-09-06,Germany,Portugal,76.971608,62.820502
1140,3,1,2025-09-06,Latvia,Lithuania,61.045277,30.132297
1140,4,1,2025-09-06,Finland,Serbia,74.497935,87.0504
1141,1,1,2025-09-06,Turkey,Sweden,118.67053,78.944381
1141,2,1,2025-09-06,Germany,Portugal,74.380714,60.208424
1141,3,1,2025-09-06,Latvia,Lithuania,87.451381,76.167917
1141,4,1,2025-09-06,Finland,Serbia,71.295649,85.106755
1142,1,1,2025-09-06,Turkey,Sweden,74.966568,77.372205
1142,2,1,2025-09-06,Germany,Portugal,91.683961,61.344985
1142,3,1,2025-09-06,Latvia,Lithuania,68.561812,65.992187
1142,4,1,2025-09-06,Finland,Serbia,94.49754,118.31493
1143,1,1,2025-09-06,Turkey,Sweden,90.368732,69.575868
1143,2,1,2025-09-06,Germany,Portugal,81.41166,52.529398
1143,3,1,2025-09-06,Latvia,Lithuania,83.603156,71.804077
1143,4,1,2025-09-06,Finland,Serbia,98.842661,83.716786
1144,1,1,2025-09-06,Turkey,Sweden,80.72586,67.318009
1144,2,1,2025-09-06,Germany,Portugal,101.74362,62.892779
1144,3,1,2025-09-06,Latvia,Lithuania,95.009636,82.595589
1144,4,1,2025-09-06,Finland,Serbia,87.331949,77.930347
1145,1,1,2025-09-06,Turkey,Sweden,87.736522,74.351189
1145,2,1,2025-09-06,Germany,Portugal,76.655094,67.229038
1145,3,1,2025-09-06,Latvia,Lithuania,75.037876,77.121462
1145,4,1,2025-09-06,Finland,Serbia,89.696189,105.31155
1146,1,1,2025-09-06,Turkey,Sweden,71.357934,66.89474
1146,2,1,2025-09-06,Germany,Portugal,95.528506,70.74095
1146,3,1,2025-09-06,Latvia,Lithuania,76.700185,76.746568
1146,4,1,2025-09-06,Finland,Serbia,76.778982,87.816699
1147,1,1,2025-09-06,Turkey,Sweden,106.95973,71.57054
1147,2,1,2025-09-06,Germany,Portugal,114.71701,66.245635
1147,3,1,2025-09-06,Latvia,Lithuania,55.315112,77.314842
1147,4,1,2025-09-06,Finland,Serbia,85.241644,100.20489
1148,1,1,2025-09-06,Turkey,Sweden,76.961373,65.135679
1148,2,1,2025-09-06,Germany,Portugal,88.615995,58.615048
1148,3,1,2025-09-06,Latvia,Lithuania,94.130588,83.218604
1148,4,1,2025-09-06,Finland,Serbia,67.610888,93.191458
1149,1,1,2025-09-06,Turkey,Sweden,95.326465,82.996685
1149,2,1,2025-09-06,Germany,Portugal,102.59123,76.70339
1149,3,1,2025-09-06,Latvia,Lithuania,95.586017,97.454878
1149,4,1,2025-09-06,Finland,Serbia,72.754164,79.551423
1150,1,1,2025-09-06,Turkey,Sweden,96.318159,48.998095
1150,2,1,2025-09-06,Germany,Portugal,71.206298,60.12069
1150,3,1,2025-09-06,Latvia,Lithuania,85.146354,87.428278
1150,4,1,2025-09-06,Finland,Serbia,98.552292,94.290535
1151,1,1,2025-09-06,Turkey,Sweden,87.161573,88.643614
1151,2,1,2025-09-06,Germany,Portugal,77.009897,45.292876
1151,3,1,2025-09-06,Latvia,Lithuania,91.495443,87.176128
1151,4,1,2025-09-06,Finland,Serbia,94.598464,88.741831
1152,1,1,2025-09-06,Turkey,Sweden,89.251729,76.152924
1152,2,1,2025-09-06,Germany,Portugal,91.684399,62.688394
1152,3,1,2025-09-06,Latvia,Lithuania,106.32401,78.403388
1152,4,1,2025-09-06,Finland,Serbia,93.910984,86.288074
1153,1,1,2025-09-06,Turkey,Sweden,93.132784,74.63161
1153,2,1,2025-09-06,Germany,Portugal,102.99326,86.214013
1153,3,1,2025-09-06,Latvia,Lithuania,96.21356,101.90803
1153,4,1,2025-09-06,Finland,Serbia,64.847783,89.920974
1154,1,1,2025-09-06,Turkey,Sweden,93.183035,81.219834
1154,2,1,2025-09-06,Germany,Portugal,81.174054,77.288575
1154,3,1,2025-09-06,Latvia,Lithuania,102.56609,89.255719
1154,4,1,2025-09-06,Finland,Serbia,89.318267,78.925558
1155,1,1,2025-09-06,Turkey,Sweden,83.515952,81.995696
1155,2,1,2025-09-06,Germany,Portugal,71.980562,32.797686
1155,3,1,2025-09-06,Latvia,Lithuania,80.668272,79.019973
1155,4,1,2025-09-06,Finland,Serbia,75.877181,109.79777
1156,1,1,2025-09-06,Turkey,Sweden,79.421846,76.144208
1156,2,1,2025-09-06,Germany,Portugal,84.934652,67.814799
1156,3,1,2025-09-06,Latvia,Lithuania,103.85908,75.316333
1156,4,1,2025-09-06,Finland,Serbia,97.985977,91.632512
1157,1,1,2025-09-06,Turkey,Sweden,78.314479,90.954418
1157,2,1,2025-09-06,Germany,Portugal,97.304171,73.746166
1157,3,1,2025-09-06,Latvia,Lithuania,80.813543,81.641073
1157,4,1,2025-09-06,Finland,Serbia,73.571634,87.048316
1158,1,1,2025-09-06,Turkey,Sweden,96.893434,78.816853
1158,2,1,2025-09-06,Germany,Portugal,104.30064,48.470247
1158,3,1,2025-09-06,Latvia,Lithuania,70.301812,77.760567
1158,4,1,2025-09-06,Finland,Serbia,95.457931,107.34192
1159,1,1,2025-09-06,Turkey,Sweden,98.028435,69.103445
1159,2,1,2025-09-06,Germany,Portugal,79.986079,65.529033
1159,3,1,2025-09-06,Latvia,Lithuania,79.831493,80.792699
1159,4,1,2025-09-06,Finland,Serbia,100.7863,102.51639
1160,1,1,2025-09-06,Turkey,Sweden,65.7899,83.24108
1160,2,1,2025-09-06,Germany,Portugal,93.565317,63.338185
1160,3,1,2025-09-06,Latvia,Lithuania,80.467275,74.275281
1160,4,1,2025-09-06,Finland,Serbia,93.4807,90.354823
1161,1,1,2025-09-06,Turkey,Sweden,107.4687,68.282435
1161,2,1,2025-09-06,Germany,Portugal,97.608845,65.107625
1161,3,1,2025-09-06,Latvia,Lithuania,79.189391,77.782287
1161,4,1,2025-09-06,Finland,Serbia,88.656738,84.742201
1162,1,1,2025-09-06,Turkey,Sweden,92.997285,84.00616
1162,2,1,2025-09-06,Germany,Portugal,100.36835,74.084362
1162,3,1,2025-09-06,Latvia,Lithuania,92.625932,69.963088
1162,4,1,2025-09-06,Finland,Serbia,91.668064,121.45864
1163,1,1,2025-09-06,Turkey,Sweden,67.730463,87.535703
1163,2,1,2025-09-06,Germany,Portugal,85.873832,51.130742
1163,3,1,2025-09-06,Latvia,Lithuania,108.36942,92.467059
1163,4,1,2025-09-06,Finland,Serbia,83.869249,92.418247
1164,1,1,2025-09-06,Turkey,Sweden,85.157484,61.339306
1164,2,1,2025-09-06,Germany,Portugal,94.392084,62.081681
1164,3,1,2025-09-06,Latvia,Lithuania,71.424852,77.274106
1164,4,1,2025-09-06,Finland,Serbia,100.36192,101.85941
1165,1,1,2025-09-06,Turkey,Sweden,103.7349,68.212683
1165,2,1,2025-09-06,Germany,Portugal,92.503877,56.554579
1165,3,1,2025-09-06,Latvia,Lithuania,94.435554,79.314573
1165,4,1,2025-09-06,Finland,Serbia,110.11653,112.61577
1166,1,1,2025-09-06,Turkey,Sweden,77.563753,68.844012
1166,2,1,2025-09-06,Germany,Portugal,100.53839,68.88376
1166,3,1,2025-09-06,Latvia,Lithuania,89.160222,74.472943
1166,4,1,2025-09-06,Finland,Serbia,99.93621,105.00914
1167,1,1,2025-09-06,Turkey,Sweden,90.613859,86.935807
1167,2,1,2025-09-06,Germany,Portugal,92.844495,71.527137
1167,3,1,2025-09-06,Latvia,Lithuania,99.184727,76.590793
1167,4,1,2025-09-06,Finland,Serbia,100.66151,104.75628
1168,1,1,2025-09-06,Turkey,Sweden,88.185805,58.359318
1168,2,1,2025-09-06,Germany,Portugal,77.031972,76.574701
1168,3,1,2025-09-06,Latvia,Lithuania,76.846153,85.234326
1168,4,1,2025-09-06,Finland,Serbia,92.349107,106.1919
1169,1,1,2025-09-06,Turkey,Sweden,88.613296,90.815586
1169,2,1,2025-09-06,Germany,Portugal,101.56646,54.534149
1169,3,1,2025-09-06,Latvia,Lithuania,75.317337,73.515879
1169,4,1,2025-09-06,Finland,Serbia,101.56836,101.05449
1170,1,1,2025-09-06,Turkey,Sweden,87.372868,55.915884
1170,2,1,2025-09-06,Germany,Portugal,58.884154,54.430567
1170,3,1,2025-09-06,Latvia,Lithuania,104.87467,89.424893
1170,4,1,2025-09-06,Finland,Serbia,103.18854,109.57755
1171,1,1,2025-09-06,Turkey,Sweden,83.168147,71.911449
1171,2,1,2025-09-06,Germany,Portugal,88.936755,72.026529
1171,3,1,2025-09-06,Latvia,Lithuania,79.747554,88.251124
1171,4,1,2025-09-06,Finland,Serbia,101.84073,99.32741
1172,1,1,2025-09-06,Turkey,Sweden,79.535914,74.350297
1172,2,1,2025-09-06,Germany,Portugal,70.51215,68.2662
1172,3,1,2025-09-06,Latvia,Lithuania,107.02602,85.690601
1172,4,1,2025-09-06,Finland,Serbia,67.422108,95.08148
1173,1,1,2025-09-06,Turkey,Sweden,73.2575,80.051009
1173,2,1,2025-09-06,Germany,Portugal,103.92306,76.189231
1173,3,1,2025-09-06,Latvia,Lithuania,97.372308,84.366471
1173,4,1,2025-09-06,Finland,Serbia,75.645752,93.958226
1174,1,1,2025-09-06,Turkey,Sweden,95.207407,85.215987
1174,2,1,2025-09-06,Germany,Portugal,76.041273,60.034162
1174,3,1,2025-09-06,Latvia,Lithuania,90.840906,90.000857
1174,4,1,2025-09-06,Finland,Serbia,96.329366,100.85451
1175,1,1,2025-09-06,Turkey,Sweden,71.510212,84.710885
1175,2,1,2025-09-06,Germany,Portugal,79.329354,74.10711
1175,3,1,2025-09-06,Latvia,Lithuania,102.21251,94.385287
1175,4,1,2025-09-06,Finland,Serbia,89.825929,107.90561
1176,1,1,2025-09-06,Turkey,Sweden,85.495029,69.707142
1176,2,1,2025-09-06,Germany,Portugal,77.738834,50.604573
1176,3,1,2025-09-06,Latvia,Lithuania,88.929854,92.189545
1176,4,1,2025-09-06,Finland,Serbia,91.459897,100.47427
1177,1,1,2025-09-06,Turkey,Sweden,89.993949,73.780923
1177,2,1,2025-09-06,Germany,Portugal,99.971304,55.040092
1177,3,1,2025-09-06,Latvia,Lithuania,91.323114,90.15162
1177,4,1,2025-09-06,Finland,Serbia,96.370606,103.85264
1178,1,1,2025-09-06,Turkey,Sweden,80.226823,89.861843
1178,2,1,2025-09-06,Germany,Portugal,96.421063,68.375397
1178,3,1,2025-09-06,Latvia,Lithuania,85.424112,84.081665
1178,4,1,2025-09-06,Finland,Serbia,87.140431,82.242961
1179,1,1,2025-09-06,Turkey,Sweden,84.193908,75.58928
1179,2,1,2025-09-06,Germany,Portugal,97.169432,66.388173
1179,3,1,2025-09-06,Latvia,Lithuania,84.615554,79.225597
1179,4,1,2025-09-06,Finland,Serbia,68.76915,104.50931
1180,1,1,2025-09-06,Turkey,Sweden,83.940723,71.456764
1180,2,1,2025-09-06,Germany,Portugal,85.511383,56.975704
1180,3,1,2025-09-06,Latvia,Lithuania,77.972831,88.827349
1180,4,1,2025-09-06,Finland,Serbia,95.475456,90.003369
1181,1,1,2025-09-06,Turkey,Sweden,92.347383,78.184089
1181,2,1,2025-09-06,Germany,Portugal,88.613019,30.147699
1181,3,1,2025-09-06,Latvia,Lithuania,91.180079,84.566854
1181,4,1,2025-09-06,Finland,Serbia,75.205975,98.605767
1182,1,1,2025-09-06,Turkey,Sweden,73.526798,57.231021
1182,2,1,2025-09-06,Germany,Portugal,92.187991,55.999056
1182,3,1,2025-09-06,Latvia,Lithuania,87.725314,84.353254
1182,4,1,2025-09-06,Finland,Serbia,91.32818,90.336539
1183,1,1,2025-09-06,Turkey,Sweden,79.183038,32.778731
1183,2,1,2025-09-06,Germany,Portugal,89.743835,60.204154
1183,3,1,2025-09-06,Latvia,Lithuania,77.27086,101.92713
1183,4,1,2025-09-06,Finland,Serbia,86.264178,108.3511
1184,1,1,2025-09-06,Turkey,Sweden,91.431611,84.819682
1184,2,1,2025-09-06,Germany,Portugal,81.881513,59.057774
1184,3,1,2025-09-06,Latvia,Lithuania,102.65275,76.963742
1184,4,1,2025-09-06,Finland,Serbia,79.995559,76.53902
1185,1,1,2025-09-06,Turkey,Sweden,116.35068,82.274233
1185,2,1,2025-09-06,Germany,Portugal,98.483558,78.05821
1185,3,1,2025-09-06,Latvia,Lithuania,86.864199,84.55549
1185,4,1,2025-09-06,Finland,Serbia,86.599497,97.696367
1186,1,1,2025-09-06,Turkey,Sweden,99.752907,86.758001
1186,2,1,2025-09-06,Germany,Portugal,95.197355,71.508002
1186,3,1,2025-09-06,Latvia,Lithuania,71.512336,109.26354
1186,4,1,2025-09-06,Finland,Serbia,89.325375,104.10807
1187,1,1,2025-09-06,Turkey,Sweden,80.257371,84.983975
1187,2,1,2025-09-06,Germany,Portugal,91.003392,50.49614
1187,3,1,2025-09-06,Latvia,Lithuania,90.241243,87.879875
1187,4,1,2025-09-06,Finland,Serbia,82.359756,102.97695
1188,1,1,2025-09-06,Turkey,Sweden,67.653762,60.932863
1188,2,1,2025-09-06,Germany,Portugal,84.061972,55.588754
1188,3,1,2025-09-06,Latvia,Lithuania,94.571365,91.921563
1188,4,1,2025-09-06,Finland,Serbia,61.296626,49.989539
1189,1,1,2025-09-06,Turkey,Sweden,85.279453,90.69715
1189,2,1,2025-09-06,Germany,Portugal,78.635196,56.250814
1189,3,1,2025-09-06,Latvia,Lithuania,94.730318,78.923082
1189,4,1,2025-09-06,Finland,Serbia,100.31289,104.7532
1190,1,1,2025-09-06,Turkey,Sweden,79.047674,68.717618
1190,2,1,2025-09-06,Germany,Portugal,90.343803,58.407926
1190,3,1,2025-09-06,Latvia,Lithuania,94.900195,82.05077
1190,4,1,2025-09-06,Finland,Serbia,124.56078,115.50774
1191,1,1,2025-09-06,Turkey,Sweden,74.226963,89.740633
1191,2,1,2025-09-06,Germany,Portugal,89.843453,56.670082
1191,3,1,2025-09-06,Latvia,Lithuania,70.781209,90.56312
1191,4,1,2025-09-06,Finland,Serbia,103.78711,98.897441
1192,1,1,2025-09-06,Turkey,Sweden,74.823924,87.813739
1192,2,1,2025-09-06,Germany,Portugal,76.683787,54.17674
1192,3,1,2025-09-06,Latvia,Lithuania,80.461913,82.207127
1192,4,1,2025-09-06,Finland,Serbia,89.825722,87.750501
1193,1,1,2025-09-06,Turkey,Sweden,81.698475,85.517194
1193,2,1,2025-09-06,Germany,Portugal,95.883575,54.598902
1193,3,1,2025-09-06,Latvia,Lithuania,67.658812,74.441456
1193,4,1,2025-09-06,Finland,Serbia,76.767482,95.466476
1194,1,1,2025-09-06,Turkey,Sweden,91.947047,63.444177
1194,2,1,2025-09-06,Germany,Portugal,88.150784,63.235263
1194,3,1,2025-09-06,Latvia,Lithuania,106.78656,80.816685
1194,4,1,2025-09-06,Finland,Serbia,95.336207,113.07449
1195,1,1,2025-09-06,Turkey,Sweden,82.200191,68.914452
1195,2,1,2025-09-06,Germany,Portugal,92.76361,63.558696
1195,3,1,2025-09-06,Latvia,Lithuania,84.144915,90.242187
1195,4,1,2025-09-06,Finland,Serbia,98.818566,103.4679
1196,1,1,2025-09-06,Turkey,Sweden,76.842285,77.261914
1196,2,1,2025-09-06,Germany,Portugal,101.4646,74.111604
1196,3,1,2025-09-06,Latvia,Lithuania,93.717927,102.18306
1196,4,1,2025-09-06,Finland,Serbia,91.176663,94.239952
1197,1,1,2025-09-06,Turkey,Sweden,80.067998,59.307421
1197,2,1,2025-09-06,Germany,Portugal,81.581938,74.221004
1197,3,1,2025-09-06,Latvia,Lithuania,103.33239,104.92231
1197,4,1,2025-09-06,Finland,Serbia,98.470575,92.05913
1198,1,1,2025-09-06,Turkey,Sweden,73.853595,73.149126
1198,2,1,2025-09-06,Germany,Portugal,92.352843,62.116779
1198,3,1,2025-09-06,Latvia,Lithuania,90.969412,80.598506
1198,4,1,2025-09-06,Finland,Serbia,95.661877,94.414227
1199,1,1,2025-09-06,Turkey,Sweden,73.148788,57.112868
1199,2,1,2025-09-06,Germany,Portugal,79.726799,65.704708
1199,3,1,2025-09-06,Latvia,Lithuania,66.924392,75.950502
1199,4,1,2025-09-06,Finland,Serbia,88.142812,89.643842
1200,1,1,2025-09-06,Turkey,Sweden,107.06369,82.404995
1200,2,1,2025-09-06,Germany,Portugal,92.26518,71.397595
1200,3,1,2025-09-06,Latvia,Lithuania,84.710747,73.96618
1200,4,1,2025-09-06,Finland,Serbia,90.109958,87.068305
1201,1,1,2025-09-06,Turkey,Sweden,69.796434,49.975687
1201,2,1,2025-09-06,Germany,Portugal,74.188935,86.655053
1201,3,1,2025-09-06,Latvia,Lithuania,97.940635,88.062905
1201,4,1,2025-09-06,Finland,Serbia,99.021023,95.902297
1202,1,1,2025-09-06,Turkey,Sweden,91.589377,61.977209
1202,2,1,2025-09-06,Germany,Portugal,51.301244,50.564127
1202,3,1,2025-09-06,Latvia,Lithuania,99.168834,74.557245
1202,4,1,2025-09-06,Finland,Serbia,98.039998,103.05587
1203,1,1,2025-09-06,Turkey,Sweden,84.237218,66.092285
1203,2,1,2025-09-06,Germany,Portugal,101.99325,65.071582
1203,3,1,2025-09-06,Latvia,Lithuania,85.358882,93.60787
1203,4,1,2025-09-06,Finland,Serbia,75.442273,102.30309
1204,1,1,2025-09-06,Turkey,Sweden,93.024873,82.230164
1204,2,1,2025-09-06,Germany,Portugal,88.197523,64.555621
1204,3,1,2025-09-06,Latvia,Lithuania,97.926015,52.928436
1204,4,1,2025-09-06,Finland,Serbia,69.095549,105.29023
1205,1,1,2025-09-06,Turkey,Sweden,91.658035,64.644156
1205,2,1,2025-09-06,Germany,Portugal,90.526544,79.086326
1205,3,1,2025-09-06,Latvia,Lithuania,80.223679,84.799079
1205,4,1,2025-09-06,Finland,Serbia,77.115462,110.35639
1206,1,1,2025-09-06,Turkey,Sweden,84.274036,72.507092
1206,2,1,2025-09-06,Germany,Portugal,100.86848,72.546587
1206,3,1,2025-09-06,Latvia,Lithuania,78.361255,109.86821
1206,4,1,2025-09-06,Finland,Serbia,76.112837,96.132666
1207,1,1,2025-09-06,Turkey,Sweden,91.943204,72.968587
1207,2,1,2025-09-06,Germany,Portugal,86.026399,51.250405
1207,3,1,2025-09-06,Latvia,Lithuania,80.257418,65.94896
1207,4,1,2025-09-06,Finland,Serbia,88.582665,77.346665
1208,1,1,2025-09-06,Turkey,Sweden,108.88311,78.214376
1208,2,1,2025-09-06,Germany,Portugal,95.917307,67.759901
1208,3,1,2025-09-06,Latvia,Lithuania,83.388076,100.55638
1208,4,1,2025-09-06,Finland,Serbia,89.017267,114.57455
1209,1,1,2025-09-06,Turkey,Sweden,93.287163,74.450352
1209,2,1,2025-09-06,Germany,Portugal,99.615007,78.914133
1209,3,1,2025-09-06,Latvia,Lithuania,93.121603,75.604126
1209,4,1,2025-09-06,Finland,Serbia,84.823982,108.99946
1210,1,1,2025-09-06,Turkey,Sweden,81.604497,73.927428
1210,2,1,2025-09-06,Germany,Portugal,100.59398,74.879643
1210,3,1,2025-09-06,Latvia,Lithuania,87.695594,69.9376
1210,4,1,2025-09-06,Finland,Serbia,79.859018,89.893878
1211,1,1,2025-09-06,Turkey,Sweden,95.998504,87.464393
1211,2,1,2025-09-06,Germany,Portugal,89.860394,79.730971
1211,3,1,2025-09-06,Latvia,Lithuania,80.777051,96.320622
1211,4,1,2025-09-06,Finland,Serbia,68.96898,89.254282
1212,1,1,2025-09-06,Turkey,Sweden,95.464153,97.50257
1212,2,1,2025-09-06,Germany,Portugal,102.1008,73.03942
1212,3,1,2025-09-06,Latvia,Lithuania,102.27578,82.816536
1212,4,1,2025-09-06,Finland,Serbia,88.273002,76.966599
1213,1,1,2025-09-06,Turkey,Sweden,96.844857,73.468777
1213,2,1,2025-09-06,Germany,Portugal,96.041136,58.729885
1213,3,1,2025-09-06,Latvia,Lithuania,89.176462,77.246659
1213,4,1,2025-09-06,Finland,Serbia,88.874631,95.006255
1214,1,1,2025-09-06,Turkey,Sweden,102.37023,81.072324
1214,2,1,2025-09-06,Germany,Portugal,93.467308,73.325838
1214,3,1,2025-09-06,Latvia,Lithuania,91.372789,88.612662
1214,4,1,2025-09-06,Finland,Serbia,80.254362,83.97055
1215,1,1,2025-09-06,Turkey,Sweden,83.25622,68.74345
1215,2,1,2025-09-06,Germany,Portugal,100.91031,77.913308
1215,3,1,2025-09-06,Latvia,Lithuania,91.756048,90.977903
1215,4,1,2025-09-06,Finland,Serbia,80.915027,93.031407
1216,1,1,2025-09-06,Turkey,Sweden,78.128945,64.924757
1216,2,1,2025-09-06,Germany,Portugal,76.678113,47.202091
1216,3,1,2025-09-06,Latvia,Lithuania,66.042293,74.131484
1216,4,1,2025-09-06,Finland,Serbia,79.389132,95.630231
1217,1,1,2025-09-06,Turkey,Sweden,90.482435,73.460566
1217,2,1,2025-09-06,Germany,Portugal,88.827624,65.882299
1217,3,1,2025-09-06,Latvia,Lithuania,87.534758,82.353034
1217,4,1,2025-09-06,Finland,Serbia,84.709075,94.038208
1218,1,1,2025-09-06,Turkey,Sweden,78.683318,90.662878
1218,2,1,2025-09-06,Germany,Portugal,71.338555,57.957312
1218,3,1,2025-09-06,Latvia,Lithuania,85.086851,96.966541
1218,4,1,2025-09-06,Finland,Serbia,92.279739,99.997621
1219,1,1,2025-09-06,Turkey,Sweden,87.020568,74.347336
1219,2,1,2025-09-06,Germany,Portugal,77.159719,56.784404
1219,3,1,2025-09-06,Latvia,Lithuania,97.835986,91.081959
1219,4,1,2025-09-06,Finland,Serbia,104.16396,94.635178
1220,1,1,2025-09-06,Turkey,Sweden,82.957566,68.327492
1220,2,1,2025-09-06,Germany,Portugal,88.821484,69.008807
1220,3,1,2025-09-06,Latvia,Lithuania,89.712685,107.64371
1220,4,1,2025-09-06,Finland,Serbia,97.506883,88.182898
1221,1,1,2025-09-06,Turkey,Sweden,74.501224,86.354422
1221,2,1,2025-09-06,Germany,Portugal,90.486646,57.18767
1221,3,1,2025-09-06,Latvia,Lithuania,72.214144,56.87114
1221,4,1,2025-09-06,Finland,Serbia,80.39769,97.009788
1222,1,1,2025-09-06,Turkey,Sweden,90.098324,78.902077
1222,2,1,2025-09-06,Germany,Portugal,84.790354,67.285142
1222,3,1,2025-09-06,Latvia,Lithuania,95.007892,101.66337
1222,4,1,2025-09-06,Finland,Serbia,94.426856,91.998831
1223,1,1,2025-09-06,Turkey,Sweden,94.067574,85.685469
1223,2,1,2025-09-06,Germany,Portugal,85.26403,49.228461
1223,3,1,2025-09-06,Latvia,Lithuania,92.026586,76.669424
1223,4,1,2025-09-06,Finland,Serbia,91.19373,98.023429
1224,1,1,2025-09-06,Turkey,Sweden,89.954383000000007,81.462993
1224,2,1,2025-09-06,Germany,Portugal,100.23433,64.608747
1224,3,1,2025-09-06,Latvia,Lithuania,92.426776,80.892675
1224,4,1,2025-09-06,Finland,Serbia,103.54494,104.10044
1225,1,1,2025-09-06,Turkey,Sweden,99.308704,76.833496
1225,2,1,2025-09-06,Germany,Portugal,103.8477,82.730726
1225,3,1,2025-09-06,Latvia,Lithuania,74.507696,78.482774
1225,4,1,2025-09-06,Finland,Serbia,81.667998,96.073398
1226,1,1,2025-09-06,Turkey,Sweden,87.466267,82.793196
1226,2,1,2025-09-06,Germany,Portugal,87.756877,55.877807
1226,3,1,2025-09-06,Latvia,Lithuania,69.025132,80.898724
1226,4,1,2025-09-06,Finland,Serbia,104.31572,82.086844
1227,1,1,2025-09-06,Turkey,Sweden,90.044303,76.436384
1227,2,1,2025-09-06,Germany,Portugal,94.213828,62.049356
1227,3,1,2025-09-06,Latvia,Lithuania,85.708032,88.447535
1227,4,1,2025-09-06,Finland,Serbia,93.080652,92.996244
1228,1,1,2025-09-06,Turkey,Sweden,78.348376,68.972431
1228,2,1,2025-09-06,Germany,Portugal,87.876381,71.487813
1228,3,1,2025-09-06,Latvia,Lithuania,70.867972,59.821396
1228,4,1,2025-09-06,Finland,Serbia,90.474945,89.041082
1229,1,1,2025-09-06,Turkey,Sweden,92.132723,78.848069
1229,2,1,2025-09-06,Germany,Portugal,74.870216,43.05206
1229,3,1,2025-09-06,Latvia,Lithuania,83.771143,102.58516
1229,4,1,2025-09-06,Finland,Serbia,90.41216,103.21612
1230,1,1,2025-09-06,Turkey,Sweden,90.090324,107.08732
1230,2,1,2025-09-06,Germany,Portugal,97.764561,73.754271
1230,3,1,2025-09-06,Latvia,Lithuania,72.054349,74.638952
1230,4,1,2025-09-06,Finland,Serbia,113.63978,109.88718
1231,1,1,2025-09-06,Turkey,Sweden,77.24652,75.393703
1231,2,1,2025-09-06,Germany,Portugal,85.670301,61.253494
1231,3,1,2025-09-06,Latvia,Lithuania,73.296788,66.711431
1231,4,1,2025-09-06,Finland,Serbia,80.385605,99.852247
1232,1,1,2025-09-06,Turkey,Sweden,97.15814,73.633014
1232,2,1,2025-09-06,Germany,Portugal,101.33439,53.934001
1232,3,1,2025-09-06,Latvia,Lithuania,82.934955,83.819605
1232,4,1,2025-09-06,Finland,Serbia,80.404511,88.523932
1233,1,1,2025-09-06,Turkey,Sweden,82.583595,64.292352
1233,2,1,2025-09-06,Germany,Portugal,71.063704,68.531616
1233,3,1,2025-09-06,Latvia,Lithuania,92.51967,80.468223
1233,4,1,2025-09-06,Finland,Serbia,103.57346,97.017731
1234,1,1,2025-09-06,Turkey,Sweden,76.918676,77.232605
1234,2,1,2025-09-06,Germany,Portugal,85.580165,59.90056
1234,3,1,2025-09-06,Latvia,Lithuania,85.263655,83.029848
1234,4,1,2025-09-06,Finland,Serbia,94.423623,53.423609
1235,1,1,2025-09-06,Turkey,Sweden,86.690644,58.511762
1235,2,1,2025-09-06,Germany,Portugal,112.8114,65.758754
1235,3,1,2025-09-06,Latvia,Lithuania,88.74751,103.58997
1235,4,1,2025-09-06,Finland,Serbia,112.42163,101.60881
1236,1,1,2025-09-06,Turkey,Sweden,95.010889,100.20301
1236,2,1,2025-09-06,Germany,Portugal,85.988701,77.881305
1236,3,1,2025-09-06,Latvia,Lithuania,68.936925,64.170213
1236,4,1,2025-09-06,Finland,Serbia,70.669089,103.06359
1237,1,1,2025-09-06,Turkey,Sweden,91.237125,99.355607
1237,2,1,2025-09-06,Germany,Portugal,101.04827,49.347294
1237,3,1,2025-09-06,Latvia,Lithuania,98.034929,87.986662
1237,4,1,2025-09-06,Finland,Serbia,82.952247,85.888935
1238,1,1,2025-09-06,Turkey,Sweden,88.534193,66.650127
1238,2,1,2025-09-06,Germany,Portugal,95.881633,63.456645
1238,3,1,2025-09-06,Latvia,Lithuania,88.628995,78.556795
1238,4,1,2025-09-06,Finland,Serbia,86.765786,88.659074
1239,1,1,2025-09-06,Turkey,Sweden,73.355322,80.3384
1239,2,1,2025-09-06,Germany,Portugal,88.442877,69.327473
1239,3,1,2025-09-06,Latvia,Lithuania,81.419942,65.595075
1239,4,1,2025-09-06,Finland,Serbia,101.91312,97.107435
1240,1,1,2025-09-06,Turkey,Sweden,91.315385,79.306485
1240,2,1,2025-09-06,Germany,Portugal,108.06941,51.485065
1240,3,1,2025-09-06,Latvia,Lithuania,95.439958,73.221156
1240,4,1,2025-09-06,Finland,Serbia,109.33874,92.528157
1241,1,1,2025-09-06,Turkey,Sweden,85.100633,66.734809
1241,2,1,2025-09-06,Germany,Portugal,99.107319,67.373854
1241,3,1,2025-09-06,Latvia,Lithuania,89.858727,82.674864
1241,4,1,2025-09-06,Finland,Serbia,128.48718,97.351318
1242,1,1,2025-09-06,Turkey,Sweden,94.63692,77.384558
1242,2,1,2025-09-06,Germany,Portugal,82.293643,67.480471
1242,3,1,2025-09-06,Latvia,Lithuania,94.61802,94.963469
1242,4,1,2025-09-06,Finland,Serbia,65.195495,104.4698
1243,1,1,2025-09-06,Turkey,Sweden,87.93916,66.95296
1243,2,1,2025-09-06,Germany,Portugal,90.786497,64.010882
1243,3,1,2025-09-06,Latvia,Lithuania,94.420134,86.488468
1243,4,1,2025-09-06,Finland,Serbia,100.26063,89.703239
1244,1,1,2025-09-06,Turkey,Sweden,90.299317,81.897014
1244,2,1,2025-09-06,Germany,Portugal,84.783276,64.041014
1244,3,1,2025-09-06,Latvia,Lithuania,86.991253,61.983529
1244,4,1,2025-09-06,Finland,Serbia,92.797665,94.703543
1245,1,1,2025-09-06,Turkey,Sweden,99.280374,83.577096
1245,2,1,2025-09-06,Germany,Portugal,78.903167,57.89645
1245,3,1,2025-09-06,Latvia,Lithuania,106.10352,96.253727
1245,4,1,2025-09-06,Finland,Serbia,105.45661,85.038246
1246,1,1,2025-09-06,Turkey,Sweden,102.14025,81.572508
1246,2,1,2025-09-06,Germany,Portugal,97.235274,53.053079
1246,3,1,2025-09-06,Latvia,Lithuania,76.968938,76.197393
1246,4,1,2025-09-06,Finland,Serbia,99.599673,89.44231
1247,1,1,2025-09-06,Turkey,Sweden,81.073127,77.514002
1247,2,1,2025-09-06,Germany,Portugal,93.893961,49.164907
1247,3,1,2025-09-06,Latvia,Lithuania,93.515099,71.855761
1247,4,1,2025-09-06,Finland,Serbia,83.788866,105.55974
1248,1,1,2025-09-06,Turkey,Sweden,86.553216,76.099169
1248,2,1,2025-09-06,Germany,Portugal,92.524724,55.656777
1248,3,1,2025-09-06,Latvia,Lithuania,79.412407,87.103553
1248,4,1,2025-09-06,Finland,Serbia,87.76471,81.094985
1249,1,1,2025-09-06,Turkey,Sweden,65.737832,86.354472
1249,2,1,2025-09-06,Germany,Portugal,89.88497,63.902229
1249,3,1,2025-09-06,Latvia,Lithuania,79.146647,73.493265
1249,4,1,2025-09-06,Finland,Serbia,92.02428,83.256866
1250,1,1,2025-09-06,Turkey,Sweden,92.631382,79.42319
1250,2,1,2025-09-06,Germany,Portugal,78.871657,52.459761
1250,3,1,2025-09-06,Latvia,Lithuania,80.735578,95.356415
1250,4,1,2025-09-06,Finland,Serbia,69.026395,85.005854
1251,1,1,2025-09-06,Turkey,Sweden,76.211093,64.014488
1251,2,1,2025-09-06,Germany,Portugal,84.069864,62.476616
1251,3,1,2025-09-06,Latvia,Lithuania,98.497559,80.295694
1251,4,1,2025-09-06,Finland,Serbia,84.729321,84.957864
1252,1,1,2025-09-06,Turkey,Sweden,77.877748,80.426207
1252,2,1,2025-09-06,Germany,Portugal,65.311355,86.385564
1252,3,1,2025-09-06,Latvia,Lithuania,69.814489,83.301869
1252,4,1,2025-09-06,Finland,Serbia,82.377306,90.883761
1253,1,1,2025-09-06,Turkey,Sweden,95.803456,73.499995
1253,2,1,2025-09-06,Germany,Portugal,96.768628,70.512754
1253,3,1,2025-09-06,Latvia,Lithuania,93.245408,70.208481
1253,4,1,2025-09-06,Finland,Serbia,94.062214,81.694695
1254,1,1,2025-09-06,Turkey,Sweden,92.001348,83.304344
1254,2,1,2025-09-06,Germany,Portugal,79.467021,63.774126
1254,3,1,2025-09-06,Latvia,Lithuania,94.795117,83.473844
1254,4,1,2025-09-06,Finland,Serbia,107.44618,119.17777
1255,1,1,2025-09-06,Turkey,Sweden,78.157755,66.545506
1255,2,1,2025-09-06,Germany,Portugal,90.74106,62.050489
1255,3,1,2025-09-06,Latvia,Lithuania,80.149741,83.616898
1255,4,1,2025-09-06,Finland,Serbia,105.10866,82.705579
1256,1,1,2025-09-06,Turkey,Sweden,60.849691,77.843049
1256,2,1,2025-09-06,Germany,Portugal,92.700308,77.036972
1256,3,1,2025-09-06,Latvia,Lithuania,109.65086,77.22647
1256,4,1,2025-09-06,Finland,Serbia,114.12537,124.05664
1257,1,1,2025-09-06,Turkey,Sweden,105.33802,91.173162
1257,2,1,2025-09-06,Germany,Portugal,81.548786,63.436915
1257,3,1,2025-09-06,Latvia,Lithuania,80.900951,70.37848
1257,4,1,2025-09-06,Finland,Serbia,83.140856,103.34108
1258,1,1,2025-09-06,Turkey,Sweden,84.162886,89.352092
1258,2,1,2025-09-06,Germany,Portugal,104.94605,88.059528
1258,3,1,2025-09-06,Latvia,Lithuania,110.81775,88.523522
1258,4,1,2025-09-06,Finland,Serbia,92.165533,89.555679
1259,1,1,2025-09-06,Turkey,Sweden,86.85893,82.733521
1259,2,1,2025-09-06,Germany,Portugal,93.753382,69.10535
1259,3,1,2025-09-06,Latvia,Lithuania,99.545665,84.380286
1259,4,1,2025-09-06,Finland,Serbia,84.990091,80.370465
1260,1,1,2025-09-06,Turkey,Sweden,81.623803,79.270322
1260,2,1,2025-09-06,Germany,Portugal,92.845344,52.8542
1260,3,1,2025-09-06,Latvia,Lithuania,85.120998,82.794132
1260,4,1,2025-09-06,Finland,Serbia,90.648973,88.548269
1261,1,1,2025-09-06,Turkey,Sweden,102.62853,97.324667
1261,2,1,2025-09-06,Germany,Portugal,83.372119,79.009922
1261,3,1,2025-09-06,Latvia,Lithuania,78.414725,82.998455
1261,4,1,2025-09-06,Finland,Serbia,74.444759,91.999287
1262,1,1,2025-09-06,Turkey,Sweden,81.892447,68.47246
1262,2,1,2025-09-06,Germany,Portugal,98.649643,71.553487
1262,3,1,2025-09-06,Latvia,Lithuania,80.596784,79.38138
1262,4,1,2025-09-06,Finland,Serbia,96.948623,89.912061
1263,1,1,2025-09-06,Turkey,Sweden,83.121764,60.694278
1263,2,1,2025-09-06,Germany,Portugal,103.77203,67.190184
1263,3,1,2025-09-06,Latvia,Lithuania,83.044424,79.446607
1263,4,1,2025-09-06,Finland,Serbia,89.968405,77.609078
1264,1,1,2025-09-06,Turkey,Sweden,75.695849,87.873269
1264,2,1,2025-09-06,Germany,Portugal,112.35162,76.454566
1264,3,1,2025-09-06,Latvia,Lithuania,69.988828,75.990694
1264,4,1,2025-09-06,Finland,Serbia,98.832198,108.22007
1265,1,1,2025-09-06,Turkey,Sweden,96.283017,95.2436
1265,2,1,2025-09-06,Germany,Portugal,80.058394,55.040107
1265,3,1,2025-09-06,Latvia,Lithuania,83.111524,79.870762
1265,4,1,2025-09-06,Finland,Serbia,115.10066,108.8599
1266,1,1,2025-09-06,Turkey,Sweden,76.892944,71.89023
1266,2,1,2025-09-06,Germany,Portugal,98.768958,62.956034
1266,3,1,2025-09-06,Latvia,Lithuania,107.44633,98.047817
1266,4,1,2025-09-06,Finland,Serbia,85.753986,102.59257
1267,1,1,2025-09-06,Turkey,Sweden,75.935109,72.136481
1267,2,1,2025-09-06,Germany,Portugal,76.399556,64.205058
1267,3,1,2025-09-06,Latvia,Lithuania,92.603207,90.514716
1267,4,1,2025-09-06,Finland,Serbia,88.462876,105.9534
1268,1,1,2025-09-06,Turkey,Sweden,86.750693,66.716192
1268,2,1,2025-09-06,Germany,Portugal,108.88137,70.457138
1268,3,1,2025-09-06,Latvia,Lithuania,82.129451,79.302356
1268,4,1,2025-09-06,Finland,Serbia,87.619806,100.73965
1269,1,1,2025-09-06,Turkey,Sweden,96.111141,77.447336
1269,2,1,2025-09-06,Germany,Portugal,129.7233,79.569767
1269,3,1,2025-09-06,Latvia,Lithuania,91.783784,82.681302
1269,4,1,2025-09-06,Finland,Serbia,99.310464,111.23602
1270,1,1,2025-09-06,Turkey,Sweden,99.664044,71.127188
1270,2,1,2025-09-06,Germany,Portugal,85.412558,58.066426
1270,3,1,2025-09-06,Latvia,Lithuania,96.72616,84.791726
1270,4,1,2025-09-06,Finland,Serbia,97.865253,94.060476
1271,1,1,2025-09-06,Turkey,Sweden,92.695287,83.663355
1271,2,1,2025-09-06,Germany,Portugal,87.156312,70.405554
1271,3,1,2025-09-06,Latvia,Lithuania,89.41461,75.435582
1271,4,1,2025-09-06,Finland,Serbia,82.192824,115.12437
1272,1,1,2025-09-06,Turkey,Sweden,91.814538,81.858158
1272,2,1,2025-09-06,Germany,Portugal,92.846302,82.69297
1272,3,1,2025-09-06,Latvia,Lithuania,95.359418,75.075125
1272,4,1,2025-09-06,Finland,Serbia,87.909395,85.440198
1273,1,1,2025-09-06,Turkey,Sweden,77.236366,71.263151
1273,2,1,2025-09-06,Germany,Portugal,101.95526,58.127027
1273,3,1,2025-09-06,Latvia,Lithuania,96.833785,88.677103
1273,4,1,2025-09-06,Finland,Serbia,93.471669,81.634214
1274,1,1,2025-09-06,Turkey,Sweden,88.917677,89.897999
1274,2,1,2025-09-06,Germany,Portugal,97.379986,52.946258
1274,3,1,2025-09-06,Latvia,Lithuania,79.343538,88.254753
1274,4,1,2025-09-06,Finland,Serbia,88.90266,79.256103
1275,1,1,2025-09-06,Turkey,Sweden,65.416954,79.188637
1275,2,1,2025-09-06,Germany,Portugal,101.71001,69.96838
1275,3,1,2025-09-06,Latvia,Lithuania,87.024441,82.748221
1275,4,1,2025-09-06,Finland,Serbia,93.562156,91.281628
1276,1,1,2025-09-06,Turkey,Sweden,90.030986,58.828895
1276,2,1,2025-09-06,Germany,Portugal,82.548988,71.619694
1276,3,1,2025-09-06,Latvia,Lithuania,83.20264,84.27595
1276,4,1,2025-09-06,Finland,Serbia,97.215265,98.449388
1277,1,1,2025-09-06,Turkey,Sweden,82.021,82.942539
1277,2,1,2025-09-06,Germany,Portugal,77.798404,51.633537
1277,3,1,2025-09-06,Latvia,Lithuania,92.258213,87.322444
1277,4,1,2025-09-06,Finland,Serbia,111.70986,86.093131
1278,1,1,2025-09-06,Turkey,Sweden,73.081028,57.729724
1278,2,1,2025-09-06,Germany,Portugal,103.03547,77.739919
1278,3,1,2025-09-06,Latvia,Lithuania,91.172083,94.149017
1278,4,1,2025-09-06,Finland,Serbia,91.9749,105.47693
1279,1,1,2025-09-06,Turkey,Sweden,97.074557,79.634978
1279,2,1,2025-09-06,Germany,Portugal,92.052794,46.630728
1279,3,1,2025-09-06,Latvia,Lithuania,80.784055,79.215271
1279,4,1,2025-09-06,Finland,Serbia,91.434718,101.39486
1280,1,1,2025-09-06,Turkey,Sweden,68.571334,86.665402
1280,2,1,2025-09-06,Germany,Portugal,87.157467,47.923501
1280,3,1,2025-09-06,Latvia,Lithuania,86.598228,88.22852
1280,4,1,2025-09-06,Finland,Serbia,95.647972,108.93954
1281,1,1,2025-09-06,Turkey,Sweden,96.460202,89.40251
1281,2,1,2025-09-06,Germany,Portugal,105.00805,67.022508
1281,3,1,2025-09-06,Latvia,Lithuania,91.167366,88.0651
1281,4,1,2025-09-06,Finland,Serbia,83.942528,110.36899
1282,1,1,2025-09-06,Turkey,Sweden,94.359828,88.242675
1282,2,1,2025-09-06,Germany,Portugal,79.25689,47.531343
1282,3,1,2025-09-06,Latvia,Lithuania,82.5486,97.100212
1282,4,1,2025-09-06,Finland,Serbia,90.029943,93.113364
1283,1,1,2025-09-06,Turkey,Sweden,82.243092,77.205487
1283,2,1,2025-09-06,Germany,Portugal,78.319452,64.45744
1283,3,1,2025-09-06,Latvia,Lithuania,87.816373,74.543912
1283,4,1,2025-09-06,Finland,Serbia,109.97023,97.914844
1284,1,1,2025-09-06,Turkey,Sweden,88.048797,71.673227
1284,2,1,2025-09-06,Germany,Portugal,83.710813,54.27592
1284,3,1,2025-09-06,Latvia,Lithuania,91.000438,102.02709
1284,4,1,2025-09-06,Finland,Serbia,92.33326,93.082622
1285,1,1,2025-09-06,Turkey,Sweden,110.06897,76.251664
1285,2,1,2025-09-06,Germany,Portugal,94.662458,71.236507
1285,3,1,2025-09-06,Latvia,Lithuania,98.574743,69.889991
1285,4,1,2025-09-06,Finland,Serbia,104.53949,114.10251
1286,1,1,2025-09-06,Turkey,Sweden,95.603832,79.059181
1286,2,1,2025-09-06,Germany,Portugal,92.783736,67.2446
1286,3,1,2025-09-06,Latvia,Lithuania,92.457182,97.218624
1286,4,1,2025-09-06,Finland,Serbia,79.297883,101.57257
1287,1,1,2025-09-06,Turkey,Sweden,98.38415,82.94088
1287,2,1,2025-09-06,Germany,Portugal,91.538904,67.79186
1287,3,1,2025-09-06,Latvia,Lithuania,104.6254,76.438048
1287,4,1,2025-09-06,Finland,Serbia,70.870716,83.375276
1288,1,1,2025-09-06,Turkey,Sweden,93.709152,93.851029
1288,2,1,2025-09-06,Germany,Portugal,102.45725,84.535397
1288,3,1,2025-09-06,Latvia,Lithuania,94.075047,73.844499
1288,4,1,2025-09-06,Finland,Serbia,100.36576,85.557537
1289,1,1,2025-09-06,Turkey,Sweden,92.609406,86.299095
1289,2,1,2025-09-06,Germany,Portugal,81.006139,56.218002
1289,3,1,2025-09-06,Latvia,Lithuania,96.238079,81.663981
1289,4,1,2025-09-06,Finland,Serbia,106.5758,98.914132
1290,1,1,2025-09-06,Turkey,Sweden,90.462191,84.037817
1290,2,1,2025-09-06,Germany,Portugal,76.14071,38.570138
1290,3,1,2025-09-06,Latvia,Lithuania,64.195086,83.148345
1290,4,1,2025-09-06,Finland,Serbia,91.231713,100.95404
1291,1,1,2025-09-06,Turkey,Sweden,98.785261,92.959222
1291,2,1,2025-09-06,Germany,Portugal,91.110546,55.06377
1291,3,1,2025-09-06,Latvia,Lithuania,77.859628,83.8389
1291,4,1,2025-09-06,Finland,Serbia,105.55208,94.289971
1292,1,1,2025-09-06,Turkey,Sweden,80.773722,77.460762
1292,2,1,2025-09-06,Germany,Portugal,90.599008,63.133034
1292,3,1,2025-09-06,Latvia,Lithuania,78.895545,72.877452
1292,4,1,2025-09-06,Finland,Serbia,81.244638,89.036764
1293,1,1,2025-09-06,Turkey,Sweden,79.447135,68.672748
1293,2,1,2025-09-06,Germany,Portugal,102.05696,77.5346
1293,3,1,2025-09-06,Latvia,Lithuania,72.434607,82.886672
1293,4,1,2025-09-06,Finland,Serbia,112.23226,92.230355
1294,1,1,2025-09-06,Turkey,Sweden,93.443576,84.615871
1294,2,1,2025-09-06,Germany,Portugal,71.776603,75.373138
1294,3,1,2025-09-06,Latvia,Lithuania,93.541695,83.504036
1294,4,1,2025-09-06,Finland,Serbia,94.751117,92.555076
1295,1,1,2025-09-06,Turkey,Sweden,86.477775,79.696073
1295,2,1,2025-09-06,Germany,Portugal,88.302415,65.023211
1295,3,1,2025-09-06,Latvia,Lithuania,81.787267,85.37183
1295,4,1,2025-09-06,Finland,Serbia,99.677238,95.382999
1296,1,1,2025-09-06,Turkey,Sweden,102.8719,67.028312
1296,2,1,2025-09-06,Germany,Portugal,105.07023,51.228035
1296,3,1,2025-09-06,Latvia,Lithuania,95.60783,79.522825
1296,4,1,2025-09-06,Finland,Serbia,67.620844,87.667673
1297,1,1,2025-09-06,Turkey,Sweden,76.373396,50.978643
1297,2,1,2025-09-06,Germany,Portugal,86.903148,54.075424
1297,3,1,2025-09-06,Latvia,Lithuania,104.74958,71.590758
1297,4,1,2025-09-06,Finland,Serbia,70.81838,91.616142
1298,1,1,2025-09-06,Turkey,Sweden,78.796209,74.519145
1298,2,1,2025-09-06,Germany,Portugal,93.505804,71.452638
1298,3,1,2025-09-06,Latvia,Lithuania,74.529898,84.48039
1298,4,1,2025-09-06,Finland,Serbia,76.204029,103.67399
1299,1,1,2025-09-06,Turkey,Sweden,80.932591,76.622043
1299,2,1,2025-09-06,Germany,Portugal,91.02384,75.894385
1299,3,1,2025-09-06,Latvia,Lithuania,87.926489,79.493992
1299,4,1,2025-09-06,Finland,Serbia,98.022689,104.42548
1300,1,1,2025-09-06,Turkey,Sweden,88.728877,69.448947
1300,2,1,2025-09-06,Germany,Portugal,101.40806,80.314296
1300,3,1,2025-09-06,Latvia,Lithuania,101.32848,87.341376
1300,4,1,2025-09-06,Finland,Serbia,90.801971,106.47942
1301,1,1,2025-09-06,Turkey,Sweden,88.618596,62.095677
1301,2,1,2025-09-06,Germany,Portugal,80.415732,61.170872
1301,3,1,2025-09-06,Latvia,Lithuania,70.348618,65.626355
1301,4,1,2025-09-06,Finland,Serbia,96.217077,92.14261
1302,1,1,2025-09-06,Turkey,Sweden,90.489854,95.596947
1302,2,1,2025-09-06,Germany,Portugal,84.116457,65.607217
1302,3,1,2025-09-06,Latvia,Lithuania,79.810543,78.847654
1302,4,1,2025-09-06,Finland,Serbia,81.833761,94.959646
1303,1,1,2025-09-06,Turkey,Sweden,100.08315,79.006348
1303,2,1,2025-09-06,Germany,Portugal,71.355762,46.263021
1303,3,1,2025-09-06,Latvia,Lithuania,94.425413,77.178878
1303,4,1,2025-09-06,Finland,Serbia,92.618241,111.29305
1304,1,1,2025-09-06,Turkey,Sweden,86.048425,73.453703
1304,2,1,2025-09-06,Germany,Portugal,85.11008,69.108943
1304,3,1,2025-09-06,Latvia,Lithuania,86.850134,96.032433
1304,4,1,2025-09-06,Finland,Serbia,107.45688,98.959347
1305,1,1,2025-09-06,Turkey,Sweden,75.208445,64.422776
1305,2,1,2025-09-06,Germany,Portugal,79.67128,53.932388
1305,3,1,2025-09-06,Latvia,Lithuania,61.119604,78.276038
1305,4,1,2025-09-06,Finland,Serbia,96.434541,84.454573
1306,1,1,2025-09-06,Turkey,Sweden,78.534976,65.500853
1306,2,1,2025-09-06,Germany,Portugal,101.13925,90.709173
1306,3,1,2025-09-06,Latvia,Lithuania,78.543244,79.391692
1306,4,1,2025-09-06,Finland,Serbia,85.691984,92.622596
1307,1,1,2025-09-06,Turkey,Sweden,74.173088,99.084284
1307,2,1,2025-09-06,Germany,Portugal,100.17215,57.483132
1307,3,1,2025-09-06,Latvia,Lithuania,86.28697,69.475188
1307,4,1,2025-09-06,Finland,Serbia,98.273022,85.917119
1308,1,1,2025-09-06,Turkey,Sweden,84.495545,61.68702
1308,2,1,2025-09-06,Germany,Portugal,100.27705,63.544206
1308,3,1,2025-09-06,Latvia,Lithuania,98.604955,71.752042
1308,4,1,2025-09-06,Finland,Serbia,111.03177,88.11322
1309,1,1,2025-09-06,Turkey,Sweden,101.96433,65.463098
1309,2,1,2025-09-06,Germany,Portugal,76.371602,95.172915
1309,3,1,2025-09-06,Latvia,Lithuania,89.356761,106.4217
1309,4,1,2025-09-06,Finland,Serbia,100.12002,82.455665
1310,1,1,2025-09-06,Turkey,Sweden,90.116787,82.690521
1310,2,1,2025-09-06,Germany,Portugal,85.739967,73.856089
1310,3,1,2025-09-06,Latvia,Lithuania,93.251411,91.177634
1310,4,1,2025-09-06,Finland,Serbia,84.834622,105.3613
1311,1,1,2025-09-06,Turkey,Sweden,76.574084,83.222809
1311,2,1,2025-09-06,Germany,Portugal,87.48032,59.869682
1311,3,1,2025-09-06,Latvia,Lithuania,70.360853,78.494281
1311,4,1,2025-09-06,Finland,Serbia,92.426855,99.964331
1312,1,1,2025-09-06,Turkey,Sweden,81.973159,84.397938
1312,2,1,2025-09-06,Germany,Portugal,95.972123,71.510338
1312,3,1,2025-09-06,Latvia,Lithuania,81.5282,82.421784
1312,4,1,2025-09-06,Finland,Serbia,87.280545,104.7976
1313,1,1,2025-09-06,Turkey,Sweden,88.326883,76.599801
1313,2,1,2025-09-06,Germany,Portugal,98.621852,83.462651
1313,3,1,2025-09-06,Latvia,Lithuania,92.066441,80.913791
1313,4,1,2025-09-06,Finland,Serbia,96.33191,87.367316
1314,1,1,2025-09-06,Turkey,Sweden,76.910333,93.534028
1314,2,1,2025-09-06,Germany,Portugal,91.516081,53.479576
1314,3,1,2025-09-06,Latvia,Lithuania,84.535972,73.61465
1314,4,1,2025-09-06,Finland,Serbia,78.762125,90.226984
1315,1,1,2025-09-06,Turkey,Sweden,93.373732,97.799679
1315,2,1,2025-09-06,Germany,Portugal,93.541881,64.979972
1315,3,1,2025-09-06,Latvia,Lithuania,95.354104,77.81954
1315,4,1,2025-09-06,Finland,Serbia,72.777924,99.116956
1316,1,1,2025-09-06,Turkey,Sweden,100.19356,64.920965
1316,2,1,2025-09-06,Germany,Portugal,86.989207,68.555501
1316,3,1,2025-09-06,Latvia,Lithuania,84.105727,95.223614
1316,4,1,2025-09-06,Finland,Serbia,82.564387,106.5996
1317,1,1,2025-09-06,Turkey,Sweden,93.012617,54.927109
1317,2,1,2025-09-06,Germany,Portugal,79.870603,55.258567
1317,3,1,2025-09-06,Latvia,Lithuania,89.069527,100.7599
1317,4,1,2025-09-06,Finland,Serbia,77.538199,102.5937
1318,1,1,2025-09-06,Turkey,Sweden,70.80936,78.863925
1318,2,1,2025-09-06,Germany,Portugal,106.44313,64.418611
1318,3,1,2025-09-06,Latvia,Lithuania,65.807995,86.942662
1318,4,1,2025-09-06,Finland,Serbia,97.402811,104.20347
1319,1,1,2025-09-06,Turkey,Sweden,90.629166,92.121962
1319,2,1,2025-09-06,Germany,Portugal,89.809349,70.532118
1319,3,1,2025-09-06,Latvia,Lithuania,80.855846,83.350449
1319,4,1,2025-09-06,Finland,Serbia,86.251417,99.701391
1320,1,1,2025-09-06,Turkey,Sweden,75.811578,89.212222
1320,2,1,2025-09-06,Germany,Portugal,110.66549,60.741519
1320,3,1,2025-09-06,Latvia,Lithuania,96.174994,100.95138
1320,4,1,2025-09-06,Finland,Serbia,79.633516,110.27257
1321,1,1,2025-09-06,Turkey,Sweden,83.510478,66.275512
1321,2,1,2025-09-06,Germany,Portugal,104.06769,68.699692
1321,3,1,2025-09-06,Latvia,Lithuania,81.382452,72.495208
1321,4,1,2025-09-06,Finland,Serbia,84.938856,103.89384
1322,1,1,2025-09-06,Turkey,Sweden,77.408186,84.320827
1322,2,1,2025-09-06,Germany,Portugal,88.637025,72.452698
1322,3,1,2025-09-06,Latvia,Lithuania,79.11219,64.702646
1322,4,1,2025-09-06,Finland,Serbia,92.908053,85.639258
1323,1,1,2025-09-06,Turkey,Sweden,85.347265,74.346848
1323,2,1,2025-09-06,Germany,Portugal,92.395155,68.456175
1323,3,1,2025-09-06,Latvia,Lithuania,94.422811,93.516892
1323,4,1,2025-09-06,Finland,Serbia,93.388887,101.44728
1324,1,1,2025-09-06,Turkey,Sweden,74.598615,68.11984
1324,2,1,2025-09-06,Germany,Portugal,89.006428,77.556821
1324,3,1,2025-09-06,Latvia,Lithuania,78.943998,116.95807
1324,4,1,2025-09-06,Finland,Serbia,89.250981,93.233522
1325,1,1,2025-09-06,Turkey,Sweden,77.859168,75.710067
1325,2,1,2025-09-06,Germany,Portugal,115.50118,73.902896
1325,3,1,2025-09-06,Latvia,Lithuania,66.182664,109.96018
1325,4,1,2025-09-06,Finland,Serbia,90.997132,86.285399
1326,1,1,2025-09-06,Turkey,Sweden,95.695304,78.4484
1326,2,1,2025-09-06,Germany,Portugal,87.763646,70.627649
1326,3,1,2025-09-06,Latvia,Lithuania,74.596949,82.359993
1326,4,1,2025-09-06,Finland,Serbia,86.593956,83.693996
1327,1,1,2025-09-06,Turkey,Sweden,81.921016,69.45853
1327,2,1,2025-09-06,Germany,Portugal,87.357635,50.37185
1327,3,1,2025-09-06,Latvia,Lithuania,66.444479,89.187831
1327,4,1,2025-09-06,Finland,Serbia,101.42892,89.588773
1328,1,1,2025-09-06,Turkey,Sweden,84.239927,65.472235
1328,2,1,2025-09-06,Germany,Portugal,74.749466,68.232659
1328,3,1,2025-09-06,Latvia,Lithuania,79.801657,94.178507
1328,4,1,2025-09-06,Finland,Serbia,94.972695,100.56371
1329,1,1,2025-09-06,Turkey,Sweden,90.022326,70.408995
1329,2,1,2025-09-06,Germany,Portugal,72.305283,55.387739
1329,3,1,2025-09-06,Latvia,Lithuania,74.41896,83.084307
1329,4,1,2025-09-06,Finland,Serbia,123.57362,104.73075
1330,1,1,2025-09-06,Turkey,Sweden,97.599514,87.345945
1330,2,1,2025-09-06,Germany,Portugal,95.593312,73.4694
1330,3,1,2025-09-06,Latvia,Lithuania,78.383261,66.294715
1330,4,1,2025-09-06,Finland,Serbia,92.398689,102.53758
1331,1,1,2025-09-06,Turkey,Sweden,89.583168,74.481041
1331,2,1,2025-09-06,Germany,Portugal,87.466284,50.670482
1331,3,1,2025-09-06,Latvia,Lithuania,77.496004,99.266196
1331,4,1,2025-09-06,Finland,Serbia,88.205895,110.66638
1332,1,1,2025-09-06,Turkey,Sweden,91.210122,85.500183
1332,2,1,2025-09-06,Germany,Portugal,99.178098,70.320161
1332,3,1,2025-09-06,Latvia,Lithuania,90.670319,95.408163
1332,4,1,2025-09-06,Finland,Serbia,85.452084,80.372271
1333,1,1,2025-09-06,Turkey,Sweden,85.754499,74.456529
1333,2,1,2025-09-06,Germany,Portugal,95.564702,58.314384
1333,3,1,2025-09-06,Latvia,Lithuania,94.532688,82.762711
1333,4,1,2025-09-06,Finland,Serbia,105.41402,84.427305
1334,1,1,2025-09-06,Turkey,Sweden,91.789037,68.475818
1334,2,1,2025-09-06,Germany,Portugal,79.005868,48.517583
1334,3,1,2025-09-06,Latvia,Lithuania,89.073821,87.160767
1334,4,1,2025-09-06,Finland,Serbia,104.65697,124.32573
1335,1,1,2025-09-06,Turkey,Sweden,89.279931,71.942198
1335,2,1,2025-09-06,Germany,Portugal,86.655416,66.734455
1335,3,1,2025-09-06,Latvia,Lithuania,106.14693,86.117399
1335,4,1,2025-09-06,Finland,Serbia,88.67029,98.419996
1336,1,1,2025-09-06,Turkey,Sweden,88.835747,83.507222
1336,2,1,2025-09-06,Germany,Portugal,78.210751,58.469005
1336,3,1,2025-09-06,Latvia,Lithuania,84.992565,78.222576
1336,4,1,2025-09-06,Finland,Serbia,82.433168,101.04807
1337,1,1,2025-09-06,Turkey,Sweden,95.445668,92.116118
1337,2,1,2025-09-06,Germany,Portugal,92.154941,67.568685
1337,3,1,2025-09-06,Latvia,Lithuania,88.767644,88.557179
1337,4,1,2025-09-06,Finland,Serbia,77.218068,98.752775
1338,1,1,2025-09-06,Turkey,Sweden,92.202458,68.148054
1338,2,1,2025-09-06,Germany,Portugal,80.497547,56.233324
1338,3,1,2025-09-06,Latvia,Lithuania,89.715696,90.496012
1338,4,1,2025-09-06,Finland,Serbia,79.116955,93.028504
1339,1,1,2025-09-06,Turkey,Sweden,60.568211,64.571836
1339,2,1,2025-09-06,Germany,Portugal,77.427838,48.147451
1339,3,1,2025-09-06,Latvia,Lithuania,89.255013,70.43002
1339,4,1,2025-09-06,Finland,Serbia,81.60611,102.54513
1340,1,1,2025-09-06,Turkey,Sweden,84.118416,75.798738
1340,2,1,2025-09-06,Germany,Portugal,79.26211,80.45619
1340,3,1,2025-09-06,Latvia,Lithuania,80.351745,70.289628
1340,4,1,2025-09-06,Finland,Serbia,87.161026,97.877728
1341,1,1,2025-09-06,Turkey,Sweden,77.969156,77.764954
1341,2,1,2025-09-06,Germany,Portugal,89.777692,65.816223
1341,3,1,2025-09-06,Latvia,Lithuania,98.304945,93.512008
1341,4,1,2025-09-06,Finland,Serbia,82.978679,90.529378
1342,1,1,2025-09-06,Turkey,Sweden,101.17845,88.744625
1342,2,1,2025-09-06,Germany,Portugal,81.155984,77.415914
1342,3,1,2025-09-06,Latvia,Lithuania,99.751576,79.56193
1342,4,1,2025-09-06,Finland,Serbia,99.816018,107.66427
1343,1,1,2025-09-06,Turkey,Sweden,97.074171,99.910539
1343,2,1,2025-09-06,Germany,Portugal,100.3026,74.92069
1343,3,1,2025-09-06,Latvia,Lithuania,68.030498,74.582066
1343,4,1,2025-09-06,Finland,Serbia,104.27277,106.71422
1344,1,1,2025-09-06,Turkey,Sweden,97.543902,65.03913
1344,2,1,2025-09-06,Germany,Portugal,91.642869,45.099467
1344,3,1,2025-09-06,Latvia,Lithuania,79.236705,96.90192
1344,4,1,2025-09-06,Finland,Serbia,82.010879,79.335683
1345,1,1,2025-09-06,Turkey,Sweden,91.391605,81.571955
1345,2,1,2025-09-06,Germany,Portugal,74.881413,63.045529
1345,3,1,2025-09-06,Latvia,Lithuania,87.426218,57.196678
1345,4,1,2025-09-06,Finland,Serbia,79.143324,106.3027
1346,1,1,2025-09-06,Turkey,Sweden,86.754338,77.920744
1346,2,1,2025-09-06,Germany,Portugal,86.56817,61.233628
1346,3,1,2025-09-06,Latvia,Lithuania,83.268481,79.58274
1346,4,1,2025-09-06,Finland,Serbia,103.94193,104.56091
1347,1,1,2025-09-06,Turkey,Sweden,86.996988,75.464419
1347,2,1,2025-09-06,Germany,Portugal,70.518934,44.198965
1347,3,1,2025-09-06,Latvia,Lithuania,102.47735,104.62829
1347,4,1,2025-09-06,Finland,Serbia,100.01331,102.77313
1348,1,1,2025-09-06,Turkey,Sweden,72.998304,57.354125
1348,2,1,2025-09-06,Germany,Portugal,106.38697,70.932453
1348,3,1,2025-09-06,Latvia,Lithuania,72.359013,82.251853
1348,4,1,2025-09-06,Finland,Serbia,83.755604,88.675288
1349,1,1,2025-09-06,Turkey,Sweden,96.081996,88.274899
1349,2,1,2025-09-06,Germany,Portugal,89.735223,67.599351
1349,3,1,2025-09-06,Latvia,Lithuania,70.040682,85.684786
1349,4,1,2025-09-06,Finland,Serbia,81.060678,78.077954
1350,1,1,2025-09-06,Turkey,Sweden,95.613618,102.52779
1350,2,1,2025-09-06,Germany,Portugal,70.995007,65.246611
1350,3,1,2025-09-06,Latvia,Lithuania,61.505006,71.260589
1350,4,1,2025-09-06,Finland,Serbia,93.923874,101.31979
1351,1,1,2025-09-06,Turkey,Sweden,108.11241,70.422494
1351,2,1,2025-09-06,Germany,Portugal,68.709667,63.845201
1351,3,1,2025-09-06,Latvia,Lithuania,78.777285,55.762299
1351,4,1,2025-09-06,Finland,Serbia,89.238355,103.50362
1352,1,1,2025-09-06,Turkey,Sweden,87.244582,74.732416
1352,2,1,2025-09-06,Germany,Portugal,94.650845,63.700142
1352,3,1,2025-09-06,Latvia,Lithuania,91.438548,84.969507
1352,4,1,2025-09-06,Finland,Serbia,103.90025,98.126349
1353,1,1,2025-09-06,Turkey,Sweden,95.822347,67.100607
1353,2,1,2025-09-06,Germany,Portugal,122.6328,71.829058
1353,3,1,2025-09-06,Latvia,Lithuania,91.287598,85.407216
1353,4,1,2025-09-06,Finland,Serbia,93.626465,72.50213
1354,1,1,2025-09-06,Turkey,Sweden,93.294467,85.007182
1354,2,1,2025-09-06,Germany,Portugal,100.93154,56.620277
1354,3,1,2025-09-06,Latvia,Lithuania,79.173623,80.254951
1354,4,1,2025-09-06,Finland,Serbia,73.379808,105.47161
1355,1,1,2025-09-06,Turkey,Sweden,64.682227,59.295927
1355,2,1,2025-09-06,Germany,Portugal,93.686297,67.692878
1355,3,1,2025-09-06,Latvia,Lithuania,89.666376,89.895842
1355,4,1,2025-09-06,Finland,Serbia,95.371219,89.189409
1356,1,1,2025-09-06,Turkey,Sweden,97.772847,68.855492
1356,2,1,2025-09-06,Germany,Portugal,114.37984,85.624736
1356,3,1,2025-09-06,Latvia,Lithuania,72.214579,90.700832
1356,4,1,2025-09-06,Finland,Serbia,72.805573,79.178854
1357,1,1,2025-09-06,Turkey,Sweden,90.283765,71.688593
1357,2,1,2025-09-06,Germany,Portugal,73.052332,48.612776
1357,3,1,2025-09-06,Latvia,Lithuania,78.737937,71.88516
1357,4,1,2025-09-06,Finland,Serbia,96.717535,100.09182
1358,1,1,2025-09-06,Turkey,Sweden,101.3334,69.280422
1358,2,1,2025-09-06,Germany,Portugal,102.52952,58.179793
1358,3,1,2025-09-06,Latvia,Lithuania,76.129108,68.964038
1358,4,1,2025-09-06,Finland,Serbia,90.808722,84.394737
1359,1,1,2025-09-06,Turkey,Sweden,89.561371,59.612321
1359,2,1,2025-09-06,Germany,Portugal,83.878776,83.092402
1359,3,1,2025-09-06,Latvia,Lithuania,82.058925,88.198998
1359,4,1,2025-09-06,Finland,Serbia,92.710615,79.812094
1360,1,1,2025-09-06,Turkey,Sweden,75.510245,62.445712
1360,2,1,2025-09-06,Germany,Portugal,85.110257,59.703183
1360,3,1,2025-09-06,Latvia,Lithuania,106.0247,80.507013
1360,4,1,2025-09-06,Finland,Serbia,77.920869,107.65162
1361,1,1,2025-09-06,Turkey,Sweden,78.214202,74.323632
1361,2,1,2025-09-06,Germany,Portugal,82.40367,57.910243
1361,3,1,2025-09-06,Latvia,Lithuania,93.579101,73.677318
1361,4,1,2025-09-06,Finland,Serbia,79.547467,76.49441
1362,1,1,2025-09-06,Turkey,Sweden,89.430466,64.412952
1362,2,1,2025-09-06,Germany,Portugal,87.236189,62.666349
1362,3,1,2025-09-06,Latvia,Lithuania,90.839115,77.903242
1362,4,1,2025-09-06,Finland,Serbia,82.312176,94.75345
1363,1,1,2025-09-06,Turkey,Sweden,83.409121,97.323653
1363,2,1,2025-09-06,Germany,Portugal,72.337914,88.500862
1363,3,1,2025-09-06,Latvia,Lithuania,95.490728,98.254935
1363,4,1,2025-09-06,Finland,Serbia,97.605112,89.421927
1364,1,1,2025-09-06,Turkey,Sweden,76.970379,78.561632
1364,2,1,2025-09-06,Germany,Portugal,96.535899,38.267095
1364,3,1,2025-09-06,Latvia,Lithuania,91.997749,98.341687
1364,4,1,2025-09-06,Finland,Serbia,96.800533,107.98742
1365,1,1,2025-09-06,Turkey,Sweden,85.158625,83.758769
1365,2,1,2025-09-06,Germany,Portugal,101.73835,58.107792
1365,3,1,2025-09-06,Latvia,Lithuania,81.266621,74.918106
1365,4,1,2025-09-06,Finland,Serbia,92.801227,101.81997
1366,1,1,2025-09-06,Turkey,Sweden,87.770068,62.325054
1366,2,1,2025-09-06,Germany,Portugal,77.761398,66.696821
1366,3,1,2025-09-06,Latvia,Lithuania,104.30198,78.200703
1366,4,1,2025-09-06,Finland,Serbia,95.870606,93.88806
1367,1,1,2025-09-06,Turkey,Sweden,89.783209,72.135552
1367,2,1,2025-09-06,Germany,Portugal,77.630174,65.963731
1367,3,1,2025-09-06,Latvia,Lithuania,77.532168,80.425402
1367,4,1,2025-09-06,Finland,Serbia,71.238954,98.920717
1368,1,1,2025-09-06,Turkey,Sweden,93.992789,75.405812
1368,2,1,2025-09-06,Germany,Portugal,93.677807,82.860781
1368,3,1,2025-09-06,Latvia,Lithuania,87.709212,70.581147
1368,4,1,2025-09-06,Finland,Serbia,89.303004,85.242676
1369,1,1,2025-09-06,Turkey,Sweden,70.313046,91.804001
1369,2,1,2025-09-06,Germany,Portugal,102.84476,68.938093
1369,3,1,2025-09-06,Latvia,Lithuania,61.644907,73.568264
1369,4,1,2025-09-06,Finland,Serbia,104.31397,106.42939
1370,1,1,2025-09-06,Turkey,Sweden,74.37514,68.020307
1370,2,1,2025-09-06,Germany,Portugal,98.789368,73.153703
1370,3,1,2025-09-06,Latvia,Lithuania,84.164397,59.298518
1370,4,1,2025-09-06,Finland,Serbia,78.292377,92.156066
1371,1,1,2025-09-06,Turkey,Sweden,104.54415,74.587782
1371,2,1,2025-09-06,Germany,Portugal,91.469925,68.910211
1371,3,1,2025-09-06,Latvia,Lithuania,94.44919,87.193898
1371,4,1,2025-09-06,Finland,Serbia,84.548234,105.72317
1372,1,1,2025-09-06,Turkey,Sweden,75.282778,79.502526
1372,2,1,2025-09-06,Germany,Portugal,115.61487,58.906322
1372,3,1,2025-09-06,Latvia,Lithuania,98.845264,92.87069
1372,4,1,2025-09-06,Finland,Serbia,84.47646,75.515357
1373,1,1,2025-09-06,Turkey,Sweden,92.983332,85.445752
1373,2,1,2025-09-06,Germany,Portugal,88.661271,79.191827
1373,3,1,2025-09-06,Latvia,Lithuania,101.54181,82.159481
1373,4,1,2025-09-06,Finland,Serbia,97.310574,122.16747
1374,1,1,2025-09-06,Turkey,Sweden,83.541825,81.576215
1374,2,1,2025-09-06,Germany,Portugal,58.198184,43.586798
1374,3,1,2025-09-06,Latvia,Lithuania,85.819592,89.338935
1374,4,1,2025-09-06,Finland,Serbia,106.69028,100.63331
1375,1,1,2025-09-06,Turkey,Sweden,75.162738,74.51987
1375,2,1,2025-09-06,Germany,Portugal,84.083973,56.269502
1375,3,1,2025-09-06,Latvia,Lithuania,93.988167,76.923779
1375,4,1,2025-09-06,Finland,Serbia,94.242357,92.190309
1376,1,1,2025-09-06,Turkey,Sweden,101.12154,74.998223
1376,2,1,2025-09-06,Germany,Portugal,110.18468,81.691686
1376,3,1,2025-09-06,Latvia,Lithuania,77.658824,56.355165
1376,4,1,2025-09-06,Finland,Serbia,90.182823,94.834315
1377,1,1,2025-09-06,Turkey,Sweden,74.804008,59.429408
1377,2,1,2025-09-06,Germany,Portugal,120.8545,68.754699
1377,3,1,2025-09-06,Latvia,Lithuania,91.761961,84.004071
1377,4,1,2025-09-06,Finland,Serbia,88.549603,71.980055
1378,1,1,2025-09-06,Turkey,Sweden,84.900589,73.794169
1378,2,1,2025-09-06,Germany,Portugal,77.648274,66.122802
1378,3,1,2025-09-06,Latvia,Lithuania,84.806447,87.912438
1378,4,1,2025-09-06,Finland,Serbia,70.882634,80.798605
1379,1,1,2025-09-06,Turkey,Sweden,79.905314,65.766047
1379,2,1,2025-09-06,Germany,Portugal,80.989777,40.424347
1379,3,1,2025-09-06,Latvia,Lithuania,84.113295,93.834119
1379,4,1,2025-09-06,Finland,Serbia,97.525972,111.8249
1380,1,1,2025-09-06,Turkey,Sweden,92.872311,100.79487
1380,2,1,2025-09-06,Germany,Portugal,104.89697,58.036933
1380,3,1,2025-09-06,Latvia,Lithuania,80.180726,87.376513
1380,4,1,2025-09-06,Finland,Serbia,85.569095,106.83143
1381,1,1,2025-09-06,Turkey,Sweden,89.754034,93.947923
1381,2,1,2025-09-06,Germany,Portugal,101.80848,48.760657
1381,3,1,2025-09-06,Latvia,Lithuania,90.059985,82.778919
1381,4,1,2025-09-06,Finland,Serbia,84.973993,103.45117
1382,1,1,2025-09-06,Turkey,Sweden,60.152298,91.700935
1382,2,1,2025-09-06,Germany,Portugal,91.744527,93.736065
1382,3,1,2025-09-06,Latvia,Lithuania,79.605544,77.059652
1382,4,1,2025-09-06,Finland,Serbia,90.090679,96.184116
1383,1,1,2025-09-06,Turkey,Sweden,86.587503,82.485551
1383,2,1,2025-09-06,Germany,Portugal,90.002882,68.856585
1383,3,1,2025-09-06,Latvia,Lithuania,110.65065,95.201791
1383,4,1,2025-09-06,Finland,Serbia,48.164341,68.228632
1384,1,1,2025-09-06,Turkey,Sweden,65.253473,78.031855
1384,2,1,2025-09-06,Germany,Portugal,80.975098,50.795619
1384,3,1,2025-09-06,Latvia,Lithuania,76.535388,90.2868
1384,4,1,2025-09-06,Finland,Serbia,79.135597,83.575983
1385,1,1,2025-09-06,Turkey,Sweden,81.596576,71.87577
1385,2,1,2025-09-06,Germany,Portugal,54.733852,47.811757
1385,3,1,2025-09-06,Latvia,Lithuania,81.9345,86.777386
1385,4,1,2025-09-06,Finland,Serbia,84.495121,110.41671
1386,1,1,2025-09-06,Turkey,Sweden,82.478403,69.492555
1386,2,1,2025-09-06,Germany,Portugal,92.594019,73.922908
1386,3,1,2025-09-06,Latvia,Lithuania,82.822654,69.896564
1386,4,1,2025-09-06,Finland,Serbia,87.703006,91.118727
1387,1,1,2025-09-06,Turkey,Sweden,91.981849,77.184095
1387,2,1,2025-09-06,Germany,Portugal,80.700977,70.839251
1387,3,1,2025-09-06,Latvia,Lithuania,74.449578,96.545097
1387,4,1,2025-09-06,Finland,Serbia,85.44177,108.90059
1388,1,1,2025-09-06,Turkey,Sweden,86.040936,73.588392
1388,2,1,2025-09-06,Germany,Portugal,103.51088,63.263211
1388,3,1,2025-09-06,Latvia,Lithuania,90.126097,100.75693
1388,4,1,2025-09-06,Finland,Serbia,105.68268,90.289635
1389,1,1,2025-09-06,Turkey,Sweden,90.143247,75.641681
1389,2,1,2025-09-06,Germany,Portugal,119.96796,79.659956
1389,3,1,2025-09-06,Latvia,Lithuania,103.58502,95.76393
1389,4,1,2025-09-06,Finland,Serbia,72.305254,86.449765
1390,1,1,2025-09-06,Turkey,Sweden,101.46173,68.749652
1390,2,1,2025-09-06,Germany,Portugal,91.67046,79.156556
1390,3,1,2025-09-06,Latvia,Lithuania,80.526211,76.032161
1390,4,1,2025-09-06,Finland,Serbia,64.889862,86.83786
1391,1,1,2025-09-06,Turkey,Sweden,77.200837,86.358472
1391,2,1,2025-09-06,Germany,Portugal,109.07268,78.413201
1391,3,1,2025-09-06,Latvia,Lithuania,80.042829,57.156376
1391,4,1,2025-09-06,Finland,Serbia,91.118724,85.85316
1392,1,1,2025-09-06,Turkey,Sweden,74.841499,72.014895
1392,2,1,2025-09-06,Germany,Portugal,107.39736,64.501125
1392,3,1,2025-09-06,Latvia,Lithuania,73.249578,92.893969
1392,4,1,2025-09-06,Finland,Serbia,87.807246,92.587328
1393,1,1,2025-09-06,Turkey,Sweden,101.95131,53.060262
1393,2,1,2025-09-06,Germany,Portugal,105.65233,70.93308
1393,3,1,2025-09-06,Latvia,Lithuania,72.317035,77.489772
1393,4,1,2025-09-06,Finland,Serbia,77.281925,62.693759
1394,1,1,2025-09-06,Turkey,Sweden,62.179481,77.835229
1394,2,1,2025-09-06,Germany,Portugal,88.472978,58.612937
1394,3,1,2025-09-06,Latvia,Lithuania,81.332212,77.520599
1394,4,1,2025-09-06,Finland,Serbia,98.429251,77.468732
1395,1,1,2025-09-06,Turkey,Sweden,85.824057,96.069755
1395,2,1,2025-09-06,Germany,Portugal,71.086231,61.971548
1395,3,1,2025-09-06,Latvia,Lithuania,97.254618,90.782287
1395,4,1,2025-09-06,Finland,Serbia,103.57383,102.2142
1396,1,1,2025-09-06,Turkey,Sweden,88.894504,71.884015
1396,2,1,2025-09-06,Germany,Portugal,103.44226,49.544547
1396,3,1,2025-09-06,Latvia,Lithuania,105.0286,90.367472
1396,4,1,2025-09-06,Finland,Serbia,92.517275,85.471765
1397,1,1,2025-09-06,Turkey,Sweden,84.820475,76.629933
1397,2,1,2025-09-06,Germany,Portugal,81.492277,80.038291
1397,3,1,2025-09-06,Latvia,Lithuania,88.097949,91.562476
1397,4,1,2025-09-06,Finland,Serbia,85.338319,92.042118
1398,1,1,2025-09-06,Turkey,Sweden,77.184346,74.030879
1398,2,1,2025-09-06,Germany,Portugal,97.107226,55.750018
1398,3,1,2025-09-06,Latvia,Lithuania,72.315348,85.739298
1398,4,1,2025-09-06,Finland,Serbia,81.700048,105.26387
1399,1,1,2025-09-06,Turkey,Sweden,80.112558,76.347593
1399,2,1,2025-09-06,Germany,Portugal,95.124608,66.019497
1399,3,1,2025-09-06,Latvia,Lithuania,79.173369,68.97348
1399,4,1,2025-09-06,Finland,Serbia,99.737101,96.670288
1400,1,1,2025-09-06,Turkey,Sweden,108.02706,74.967797
1400,2,1,2025-09-06,Germany,Portugal,101.91049,72.957792
1400,3,1,2025-09-06,Latvia,Lithuania,105.2198,90.590611
1400,4,1,2025-09-06,Finland,Serbia,80.961138,85.925071
1401,1,1,2025-09-06,Turkey,Sweden,80.033058,71.762353
1401,2,1,2025-09-06,Germany,Portugal,81.881358,54.330249
1401,3,1,2025-09-06,Latvia,Lithuania,59.266215,75.106536
1401,4,1,2025-09-06,Finland,Serbia,80.187479,104.67564
1402,1,1,2025-09-06,Turkey,Sweden,95.221371,91.781334
1402,2,1,2025-09-06,Germany,Portugal,78.844594,61.982678
1402,3,1,2025-09-06,Latvia,Lithuania,98.314498,90.887881
1402,4,1,2025-09-06,Finland,Serbia,92.684017,103.45788
1403,1,1,2025-09-06,Turkey,Sweden,81.010663,70.103051
1403,2,1,2025-09-06,Germany,Portugal,81.156347,60.438309
1403,3,1,2025-09-06,Latvia,Lithuania,93.45926,86.58433
1403,4,1,2025-09-06,Finland,Serbia,86.633885,102.22066
1404,1,1,2025-09-06,Turkey,Sweden,96.296891,62.082373
1404,2,1,2025-09-06,Germany,Portugal,93.914054,76.708296
1404,3,1,2025-09-06,Latvia,Lithuania,81.013438,97.553829
1404,4,1,2025-09-06,Finland,Serbia,85.853873,92.209371
1405,1,1,2025-09-06,Turkey,Sweden,85.352398,94.792109
1405,2,1,2025-09-06,Germany,Portugal,89.244068,79.493145
1405,3,1,2025-09-06,Latvia,Lithuania,80.010882,120.1506
1405,4,1,2025-09-06,Finland,Serbia,101.93965,95.590332
1406,1,1,2025-09-06,Turkey,Sweden,82.15935,68.444032000000007
1406,2,1,2025-09-06,Germany,Portugal,86.381357,55.514002
1406,3,1,2025-09-06,Latvia,Lithuania,96.019106,97.841717
1406,4,1,2025-09-06,Finland,Serbia,115.37766,104.07804
1407,1,1,2025-09-06,Turkey,Sweden,89.641208,90.883244
1407,2,1,2025-09-06,Germany,Portugal,83.864468,48.711087
1407,3,1,2025-09-06,Latvia,Lithuania,82.785639,90.342386
1407,4,1,2025-09-06,Finland,Serbia,76.687654,101.68044
1408,1,1,2025-09-06,Turkey,Sweden,77.143061,92.55512
1408,2,1,2025-09-06,Germany,Portugal,101.1873,59.768575
1408,3,1,2025-09-06,Latvia,Lithuania,80.648479,81.768318
1408,4,1,2025-09-06,Finland,Serbia,99.055675,106.74202
1409,1,1,2025-09-06,Turkey,Sweden,74.479931,67.042623
1409,2,1,2025-09-06,Germany,Portugal,77.154653,75.225394
1409,3,1,2025-09-06,Latvia,Lithuania,93.996812,87.865348
1409,4,1,2025-09-06,Finland,Serbia,85.320477,94.067145
1410,1,1,2025-09-06,Turkey,Sweden,75.91005,69.478684
1410,2,1,2025-09-06,Germany,Portugal,85.90117,64.131142
1410,3,1,2025-09-06,Latvia,Lithuania,85.100386,104.61762
1410,4,1,2025-09-06,Finland,Serbia,95.206695,77.371946
1411,1,1,2025-09-06,Turkey,Sweden,96.557463,76.433951
1411,2,1,2025-09-06,Germany,Portugal,95.323501,72.000609
1411,3,1,2025-09-06,Latvia,Lithuania,82.412784,86.694225
1411,4,1,2025-09-06,Finland,Serbia,78.244818,103.37262
1412,1,1,2025-09-06,Turkey,Sweden,88.538005,92.034998
1412,2,1,2025-09-06,Germany,Portugal,91.084373,50.59146
1412,3,1,2025-09-06,Latvia,Lithuania,92.96634,96.725295
1412,4,1,2025-09-06,Finland,Serbia,100.81589,84.366924
1413,1,1,2025-09-06,Turkey,Sweden,72.679764,69.893234
1413,2,1,2025-09-06,Germany,Portugal,57.614627,23.0628
1413,3,1,2025-09-06,Latvia,Lithuania,89.988943,101.93259
1413,4,1,2025-09-06,Finland,Serbia,109.45039,88.192452
1414,1,1,2025-09-06,Turkey,Sweden,82.566645,76.865507
1414,2,1,2025-09-06,Germany,Portugal,94.359455,78.785278
1414,3,1,2025-09-06,Latvia,Lithuania,92.484525,85.359837
1414,4,1,2025-09-06,Finland,Serbia,103.87157,92.862011999999993
1415,1,1,2025-09-06,Turkey,Sweden,62.115691,71.878421
1415,2,1,2025-09-06,Germany,Portugal,108.94944,49.630076
1415,3,1,2025-09-06,Latvia,Lithuania,85.537041,78.483599
1415,4,1,2025-09-06,Finland,Serbia,92.740777,94.367911
1416,1,1,2025-09-06,Turkey,Sweden,86.864255,71.766563
1416,2,1,2025-09-06,Germany,Portugal,73.672995,36.128103
1416,3,1,2025-09-06,Latvia,Lithuania,78.022019,65.353503
1416,4,1,2025-09-06,Finland,Serbia,89.440687,100.75994
1417,1,1,2025-09-06,Turkey,Sweden,105.26423,69.361258
1417,2,1,2025-09-06,Germany,Portugal,82.725243,66.093539
1417,3,1,2025-09-06,Latvia,Lithuania,101.6795,84.540469
1417,4,1,2025-09-06,Finland,Serbia,101.91793,90.948126
1418,1,1,2025-09-06,Turkey,Sweden,85.868961,100.86575
1418,2,1,2025-09-06,Germany,Portugal,89.385684,54.955049
1418,3,1,2025-09-06,Latvia,Lithuania,62.531546,107.0457
1418,4,1,2025-09-06,Finland,Serbia,71.812137,94.994672
1419,1,1,2025-09-06,Turkey,Sweden,82.56927,85.245501
1419,2,1,2025-09-06,Germany,Portugal,91.128901,85.569757
1419,3,1,2025-09-06,Latvia,Lithuania,115.6686,78.907047
1419,4,1,2025-09-06,Finland,Serbia,97.600779,109.08385
1420,1,1,2025-09-06,Turkey,Sweden,70.285232,56.71422
1420,2,1,2025-09-06,Germany,Portugal,82.669874,54.894207
1420,3,1,2025-09-06,Latvia,Lithuania,92.07291,106.13434
1420,4,1,2025-09-06,Finland,Serbia,96.595181,107.19395
1421,1,1,2025-09-06,Turkey,Sweden,73.048496,78.857751
1421,2,1,2025-09-06,Germany,Portugal,95.455968,63.858212
1421,3,1,2025-09-06,Latvia,Lithuania,75.171423,70.020042
1421,4,1,2025-09-06,Finland,Serbia,81.776546,96.043126
1422,1,1,2025-09-06,Turkey,Sweden,73.569722,55.570237
1422,2,1,2025-09-06,Germany,Portugal,83.882785,61.361437
1422,3,1,2025-09-06,Latvia,Lithuania,118.8874,91.803348
1422,4,1,2025-09-06,Finland,Serbia,107.78081,85.40365
1423,1,1,2025-09-06,Turkey,Sweden,90.768225,57.037337
1423,2,1,2025-09-06,Germany,Portugal,86.351083,72.112893
1423,3,1,2025-09-06,Latvia,Lithuania,67.610958,86.041595
1423,4,1,2025-09-06,Finland,Serbia,97.127235,92.082987
1424,1,1,2025-09-06,Turkey,Sweden,81.241932,88.543996
1424,2,1,2025-09-06,Germany,Portugal,106.77742,60.848681
1424,3,1,2025-09-06,Latvia,Lithuania,94.963014,102.17452
1424,4,1,2025-09-06,Finland,Serbia,82.751993,89.632002
1425,1,1,2025-09-06,Turkey,Sweden,98.498319,78.289532
1425,2,1,2025-09-06,Germany,Portugal,72.482417,76.492735
1425,3,1,2025-09-06,Latvia,Lithuania,82.396,74.293331
1425,4,1,2025-09-06,Finland,Serbia,90.181897,91.267958
1426,1,1,2025-09-06,Turkey,Sweden,86.933461,81.892031
1426,2,1,2025-09-06,Germany,Portugal,98.55173,69.998578
1426,3,1,2025-09-06,Latvia,Lithuania,85.553386,68.680434
1426,4,1,2025-09-06,Finland,Serbia,105.93675,76.534338
1427,1,1,2025-09-06,Turkey,Sweden,80.181747,84.063689
1427,2,1,2025-09-06,Germany,Portugal,81.73324,81.344308
1427,3,1,2025-09-06,Latvia,Lithuania,84.217571,95.377046000000007
1427,4,1,2025-09-06,Finland,Serbia,92.082061,104.62061
1428,1,1,2025-09-06,Turkey,Sweden,88.849718,85.212219
1428,2,1,2025-09-06,Germany,Portugal,76.726687,49.674208
1428,3,1,2025-09-06,Latvia,Lithuania,109.42445,102.21763
1428,4,1,2025-09-06,Finland,Serbia,89.81788,94.456659
1429,1,1,2025-09-06,Turkey,Sweden,69.493666,110.16944
1429,2,1,2025-09-06,Germany,Portugal,111.3943,54.572324
1429,3,1,2025-09-06,Latvia,Lithuania,79.537255,95.13684
1429,4,1,2025-09-06,Finland,Serbia,96.03457,90.329361
1430,1,1,2025-09-06,Turkey,Sweden,72.388677,80.314328
1430,2,1,2025-09-06,Germany,Portugal,82.955397,59.462957
1430,3,1,2025-09-06,Latvia,Lithuania,78.629348,100.60333
1430,4,1,2025-09-06,Finland,Serbia,75.839723,118.38837
1431,1,1,2025-09-06,Turkey,Sweden,67.053574,67.185735
1431,2,1,2025-09-06,Germany,Portugal,100.52322,55.686053
1431,3,1,2025-09-06,Latvia,Lithuania,85.156689,87.174409
1431,4,1,2025-09-06,Finland,Serbia,91.457934,101.8379
1432,1,1,2025-09-06,Turkey,Sweden,110.96267,77.015181
1432,2,1,2025-09-06,Germany,Portugal,99.823445,47.78874
1432,3,1,2025-09-06,Latvia,Lithuania,90.292869,78.964304
1432,4,1,2025-09-06,Finland,Serbia,91.422319,110.99083
1433,1,1,2025-09-06,Turkey,Sweden,80.712737,109.15562
1433,2,1,2025-09-06,Germany,Portugal,91.280053,57.647619
1433,3,1,2025-09-06,Latvia,Lithuania,75.642732,76.95278
1433,4,1,2025-09-06,Finland,Serbia,88.342776,106.23252
1434,1,1,2025-09-06,Turkey,Sweden,78.185843,65.572544
1434,2,1,2025-09-06,Germany,Portugal,105.63324,60.601007
1434,3,1,2025-09-06,Latvia,Lithuania,95.971828,77.019403
1434,4,1,2025-09-06,Finland,Serbia,109.2124,100.86164
1435,1,1,2025-09-06,Turkey,Sweden,78.566113,89.814678
1435,2,1,2025-09-06,Germany,Portugal,81.603844,56.515655
1435,3,1,2025-09-06,Latvia,Lithuania,87.967622,70.683371
1435,4,1,2025-09-06,Finland,Serbia,86.792649,100.30028
1436,1,1,2025-09-06,Turkey,Sweden,88.002549,79.07015
1436,2,1,2025-09-06,Germany,Portugal,89.78601,70.649084
1436,3,1,2025-09-06,Latvia,Lithuania,94.253392,104.22586
1436,4,1,2025-09-06,Finland,Serbia,70.437352,95.086368
1437,1,1,2025-09-06,Turkey,Sweden,75.507954,77.390037
1437,2,1,2025-09-06,Germany,Portugal,92.245355,73.165358
1437,3,1,2025-09-06,Latvia,Lithuania,91.721535,103.5406
1437,4,1,2025-09-06,Finland,Serbia,67.60551,112.54649
1438,1,1,2025-09-06,Turkey,Sweden,65.408204,90.172153
1438,2,1,2025-09-06,Germany,Portugal,101.10484,72.991484
1438,3,1,2025-09-06,Latvia,Lithuania,85.704263,77.242258
1438,4,1,2025-09-06,Finland,Serbia,69.105435,100.52071
1439,1,1,2025-09-06,Turkey,Sweden,74.412942,75.818233
1439,2,1,2025-09-06,Germany,Portugal,110.76964,57.61127
1439,3,1,2025-09-06,Latvia,Lithuania,101.77271,86.275047
1439,4,1,2025-09-06,Finland,Serbia,92.484173,90.741782
1440,1,1,2025-09-06,Turkey,Sweden,82.875819,99.302924
1440,2,1,2025-09-06,Germany,Portugal,73.669774,52.531317
1440,3,1,2025-09-06,Latvia,Lithuania,73.360935,83.925177
1440,4,1,2025-09-06,Finland,Serbia,99.293463,94.021668
1441,1,1,2025-09-06,Turkey,Sweden,68.289679,70.996625
1441,2,1,2025-09-06,Germany,Portugal,88.579125,63.678834
1441,3,1,2025-09-06,Latvia,Lithuania,94.951607,87.722602
1441,4,1,2025-09-06,Finland,Serbia,82.148808,82.321768
1442,1,1,2025-09-06,Turkey,Sweden,80.563713,83.402105
1442,2,1,2025-09-06,Germany,Portugal,97.993162,61.595293
1442,3,1,2025-09-06,Latvia,Lithuania,82.539761,86.234298
1442,4,1,2025-09-06,Finland,Serbia,110.31298,100.57954
1443,1,1,2025-09-06,Turkey,Sweden,76.068089,74.668411
1443,2,1,2025-09-06,Germany,Portugal,69.532886,62.224674
1443,3,1,2025-09-06,Latvia,Lithuania,80.179579,88.019594
1443,4,1,2025-09-06,Finland,Serbia,101.63401,89.504354
1444,1,1,2025-09-06,Turkey,Sweden,96.670186,84.489548
1444,2,1,2025-09-06,Germany,Portugal,87.898449,61.62934
1444,3,1,2025-09-06,Latvia,Lithuania,80.606097,98.49471
1444,4,1,2025-09-06,Finland,Serbia,95.435346,108.32021
1445,1,1,2025-09-06,Turkey,Sweden,91.072041,92.547765
1445,2,1,2025-09-06,Germany,Portugal,80.374173,51.843405
1445,3,1,2025-09-06,Latvia,Lithuania,101.66739,105.91593
1445,4,1,2025-09-06,Finland,Serbia,71.628781,57.707549
1446,1,1,2025-09-06,Turkey,Sweden,78.425215,82.224055
1446,2,1,2025-09-06,Germany,Portugal,82.522924,55.906664
1446,3,1,2025-09-06,Latvia,Lithuania,89.658883,90.053774
1446,4,1,2025-09-06,Finland,Serbia,95.860666,119.6401
1447,1,1,2025-09-06,Turkey,Sweden,97.086263,90.049186
1447,2,1,2025-09-06,Germany,Portugal,89.623011,71.636988
1447,3,1,2025-09-06,Latvia,Lithuania,90.595236,84.939669
1447,4,1,2025-09-06,Finland,Serbia,72.084789,80.488966
1448,1,1,2025-09-06,Turkey,Sweden,66.989129,64.479351
1448,2,1,2025-09-06,Germany,Portugal,80.959579,63.726853
1448,3,1,2025-09-06,Latvia,Lithuania,67.548617,88.263638
1448,4,1,2025-09-06,Finland,Serbia,86.241909,78.200072
1449,1,1,2025-09-06,Turkey,Sweden,85.479606,80.238308
1449,2,1,2025-09-06,Germany,Portugal,98.982741,49.115183
1449,3,1,2025-09-06,Latvia,Lithuania,92.045471,78.055696
1449,4,1,2025-09-06,Finland,Serbia,105.38366,75.059533
1450,1,1,2025-09-06,Turkey,Sweden,113.84559,63.732695
1450,2,1,2025-09-06,Germany,Portugal,80.04699,47.428834
1450,3,1,2025-09-06,Latvia,Lithuania,70.562836,85.214292
1450,4,1,2025-09-06,Finland,Serbia,83.854776,88.011353
1451,1,1,2025-09-06,Turkey,Sweden,70.897545,92.321065
1451,2,1,2025-09-06,Germany,Portugal,73.497079,51.923806
1451,3,1,2025-09-06,Latvia,Lithuania,69.976236,77.681793
1451,4,1,2025-09-06,Finland,Serbia,95.470602,108.90621
1452,1,1,2025-09-06,Turkey,Sweden,83.025781,66.463283
1452,2,1,2025-09-06,Germany,Portugal,89.344804,40.286017
1452,3,1,2025-09-06,Latvia,Lithuania,91.32062,79.234441
1452,4,1,2025-09-06,Finland,Serbia,102.70645,112.48244
1453,1,1,2025-09-06,Turkey,Sweden,87.858525,83.755374
1453,2,1,2025-09-06,Germany,Portugal,82.086286,58.627354
1453,3,1,2025-09-06,Latvia,Lithuania,69.054441,83.200945
1453,4,1,2025-09-06,Finland,Serbia,94.633067,88.294671
1454,1,1,2025-09-06,Turkey,Sweden,84.980396,74.623839
1454,2,1,2025-09-06,Germany,Portugal,85.559,61.087955
1454,3,1,2025-09-06,Latvia,Lithuania,77.593385,73.515439
1454,4,1,2025-09-06,Finland,Serbia,95.342429,105.97891
1455,1,1,2025-09-06,Turkey,Sweden,90.366771,65.764364
1455,2,1,2025-09-06,Germany,Portugal,78.586458,52.229462
1455,3,1,2025-09-06,Latvia,Lithuania,83.931064,87.418485
1455,4,1,2025-09-06,Finland,Serbia,100.63089,85.080568
1456,1,1,2025-09-06,Turkey,Sweden,80.096163,71.367966
1456,2,1,2025-09-06,Germany,Portugal,78.166786,55.131905
1456,3,1,2025-09-06,Latvia,Lithuania,93.192471,73.598563
1456,4,1,2025-09-06,Finland,Serbia,69.398992,90.148754
1457,1,1,2025-09-06,Turkey,Sweden,91.877431,58.508917
1457,2,1,2025-09-06,Germany,Portugal,87.099494000000007,68.761233
1457,3,1,2025-09-06,Latvia,Lithuania,94.911308,85.768492
1457,4,1,2025-09-06,Finland,Serbia,112.27086,110.69662
1458,1,1,2025-09-06,Turkey,Sweden,93.194594,87.695922
1458,2,1,2025-09-06,Germany,Portugal,92.098328,48.739263
1458,3,1,2025-09-06,Latvia,Lithuania,60.012385,52.98866
1458,4,1,2025-09-06,Finland,Serbia,93.731289,101.18106
1459,1,1,2025-09-06,Turkey,Sweden,112.3521,98.978251
1459,2,1,2025-09-06,Germany,Portugal,94.83345,73.940064
1459,3,1,2025-09-06,Latvia,Lithuania,86.001708,85.550723
1459,4,1,2025-09-06,Finland,Serbia,78.942144,73.379214
1460,1,1,2025-09-06,Turkey,Sweden,85.601053,72.213469
1460,2,1,2025-09-06,Germany,Portugal,96.646982,59.201753
1460,3,1,2025-09-06,Latvia,Lithuania,92.491576,85.469649
1460,4,1,2025-09-06,Finland,Serbia,113.95834,96.553301
1461,1,1,2025-09-06,Turkey,Sweden,92.358771,71.765065
1461,2,1,2025-09-06,Germany,Portugal,84.65605,67.219861
1461,3,1,2025-09-06,Latvia,Lithuania,89.784342,78.191345
1461,4,1,2025-09-06,Finland,Serbia,72.738365,87.233263
1462,1,1,2025-09-06,Turkey,Sweden,91.718438,91.490381
1462,2,1,2025-09-06,Germany,Portugal,79.979483,64.589478
1462,3,1,2025-09-06,Latvia,Lithuania,60.422315,84.756634
1462,4,1,2025-09-06,Finland,Serbia,84.16028,121.17801
1463,1,1,2025-09-06,Turkey,Sweden,92.17263,69.762007
1463,2,1,2025-09-06,Germany,Portugal,80.635589,61.886816
1463,3,1,2025-09-06,Latvia,Lithuania,87.53239,87.541521
1463,4,1,2025-09-06,Finland,Serbia,87.742895,99.433298
1464,1,1,2025-09-06,Turkey,Sweden,89.676186,57.841646
1464,2,1,2025-09-06,Germany,Portugal,88.720787,64.532145
1464,3,1,2025-09-06,Latvia,Lithuania,95.313147,87.077016
1464,4,1,2025-09-06,Finland,Serbia,101.62693,99.044593
1465,1,1,2025-09-06,Turkey,Sweden,98.353799,71.801335
1465,2,1,2025-09-06,Germany,Portugal,94.705561,68.095044
1465,3,1,2025-09-06,Latvia,Lithuania,81.188316,76.624495
1465,4,1,2025-09-06,Finland,Serbia,76.557342,90.080542
1466,1,1,2025-09-06,Turkey,Sweden,79.963365,77.216827
1466,2,1,2025-09-06,Germany,Portugal,94.246418,83.289767
1466,3,1,2025-09-06,Latvia,Lithuania,97.74144,94.994908
1466,4,1,2025-09-06,Finland,Serbia,98.314562,92.215678
1467,1,1,2025-09-06,Turkey,Sweden,98.593323,73.929658
1467,2,1,2025-09-06,Germany,Portugal,105.13047,70.470904
1467,3,1,2025-09-06,Latvia,Lithuania,89.255042,87.132582
1467,4,1,2025-09-06,Finland,Serbia,78.465209,88.809957
1468,1,1,2025-09-06,Turkey,Sweden,96.109356,98.897944
1468,2,1,2025-09-06,Germany,Portugal,100.45452,59.369612
1468,3,1,2025-09-06,Latvia,Lithuania,92.292284,89.363064
1468,4,1,2025-09-06,Finland,Serbia,95.989322,105.45895
1469,1,1,2025-09-06,Turkey,Sweden,85.185073,89.661141
1469,2,1,2025-09-06,Germany,Portugal,96.865065,64.552342
1469,3,1,2025-09-06,Latvia,Lithuania,93.700525,90.171749
1469,4,1,2025-09-06,Finland,Serbia,100.13018,88.170941
1470,1,1,2025-09-06,Turkey,Sweden,88.493024,76.840426
1470,2,1,2025-09-06,Germany,Portugal,85.195254,66.300213
1470,3,1,2025-09-06,Latvia,Lithuania,81.754463,70.101566
1470,4,1,2025-09-06,Finland,Serbia,94.549446,112.15212
1471,1,1,2025-09-06,Turkey,Sweden,76.109447,60.417817
1471,2,1,2025-09-06,Germany,Portugal,77.748122,56.116891
1471,3,1,2025-09-06,Latvia,Lithuania,108.87559,63.327741
1471,4,1,2025-09-06,Finland,Serbia,83.435188,106.52995
1472,1,1,2025-09-06,Turkey,Sweden,90.893647,74.725698
1472,2,1,2025-09-06,Germany,Portugal,92.343245,73.36162
1472,3,1,2025-09-06,Latvia,Lithuania,87.369145,96.305517
1472,4,1,2025-09-06,Finland,Serbia,96.683612,95.894274
1473,1,1,2025-09-06,Turkey,Sweden,88.659474,76.673801
1473,2,1,2025-09-06,Germany,Portugal,111.47007,51.123121
1473,3,1,2025-09-06,Latvia,Lithuania,104.0807,85.78248
1473,4,1,2025-09-06,Finland,Serbia,88.145108,95.354306
1474,1,1,2025-09-06,Turkey,Sweden,66.548432,83.508217
1474,2,1,2025-09-06,Germany,Portugal,82.228959,67.856203
1474,3,1,2025-09-06,Latvia,Lithuania,79.34442,79.206496
1474,4,1,2025-09-06,Finland,Serbia,82.089693,106.90673
1475,1,1,2025-09-06,Turkey,Sweden,88.573579,71.263222
1475,2,1,2025-09-06,Germany,Portugal,88.951952,71.783344
1475,3,1,2025-09-06,Latvia,Lithuania,88.610695,84.11731
1475,4,1,2025-09-06,Finland,Serbia,103.33628,113.20463
1476,1,1,2025-09-06,Turkey,Sweden,89.500771,95.280548
1476,2,1,2025-09-06,Germany,Portugal,89.47827,53.573831
1476,3,1,2025-09-06,Latvia,Lithuania,90.75605,77.147775
1476,4,1,2025-09-06,Finland,Serbia,94.382971,87.726401
1477,1,1,2025-09-06,Turkey,Sweden,71.263949,79.053648
1477,2,1,2025-09-06,Germany,Portugal,85.758478,52.77191
1477,3,1,2025-09-06,Latvia,Lithuania,92.953164,96.035474
1477,4,1,2025-09-06,Finland,Serbia,91.996037,104.15025
1478,1,1,2025-09-06,Turkey,Sweden,91.797778,74.40738
1478,2,1,2025-09-06,Germany,Portugal,90.206552,83.738568
1478,3,1,2025-09-06,Latvia,Lithuania,95.478695,79.142577
1478,4,1,2025-09-06,Finland,Serbia,93.453182,85.502103
1479,1,1,2025-09-06,Turkey,Sweden,79.009746,69.889128
1479,2,1,2025-09-06,Germany,Portugal,88.574749,69.278762
1479,3,1,2025-09-06,Latvia,Lithuania,83.843421,88.261797
1479,4,1,2025-09-06,Finland,Serbia,91.050003,106.01321
1480,1,1,2025-09-06,Turkey,Sweden,92.674905999999993,76.266101
1480,2,1,2025-09-06,Germany,Portugal,89.936581,60.645325
1480,3,1,2025-09-06,Latvia,Lithuania,84.553031,84.425783
1480,4,1,2025-09-06,Finland,Serbia,79.818219,96.494675
1481,1,1,2025-09-06,Turkey,Sweden,94.770426,81.113528
1481,2,1,2025-09-06,Germany,Portugal,88.268139,67.620502
1481,3,1,2025-09-06,Latvia,Lithuania,86.152215,82.151956
1481,4,1,2025-09-06,Finland,Serbia,86.7741,100.56287
1482,1,1,2025-09-06,Turkey,Sweden,106.79869,81.42888
1482,2,1,2025-09-06,Germany,Portugal,78.403902,71.763964
1482,3,1,2025-09-06,Latvia,Lithuania,84.469591,75.32494
1482,4,1,2025-09-06,Finland,Serbia,74.311304,97.011475
1483,1,1,2025-09-06,Turkey,Sweden,79.31013,78.439472
1483,2,1,2025-09-06,Germany,Portugal,88.278622,57.419355
1483,3,1,2025-09-06,Latvia,Lithuania,85.32264,89.135024
1483,4,1,2025-09-06,Finland,Serbia,96.594038,94.259075
1484,1,1,2025-09-06,Turkey,Sweden,98.660356,75.610396
1484,2,1,2025-09-06,Germany,Portugal,98.429726,77.424268
1484,3,1,2025-09-06,Latvia,Lithuania,98.487109,105.17189
1484,4,1,2025-09-06,Finland,Serbia,89.91343,85.927752
1485,1,1,2025-09-06,Turkey,Sweden,86.39613,95.230586
1485,2,1,2025-09-06,Germany,Portugal,79.431984,64.840862
1485,3,1,2025-09-06,Latvia,Lithuania,79.821544,87.432994
1485,4,1,2025-09-06,Finland,Serbia,81.646027,100.42622
1486,1,1,2025-09-06,Turkey,Sweden,95.25714,60.169829
1486,2,1,2025-09-06,Germany,Portugal,99.954449,69.396601
1486,3,1,2025-09-06,Latvia,Lithuania,101.21638,83.897089
1486,4,1,2025-09-06,Finland,Serbia,86.364797,98.572002
1487,1,1,2025-09-06,Turkey,Sweden,84.322476,83.039879
1487,2,1,2025-09-06,Germany,Portugal,113.6938,57.27864
1487,3,1,2025-09-06,Latvia,Lithuania,85.213083,83.470011
1487,4,1,2025-09-06,Finland,Serbia,91.770369,89.777717
1488,1,1,2025-09-06,Turkey,Sweden,91.551152,83.022872
1488,2,1,2025-09-06,Germany,Portugal,88.605478,66.867658
1488,3,1,2025-09-06,Latvia,Lithuania,83.497078,82.185993
1488,4,1,2025-09-06,Finland,Serbia,92.582583,93.30751
1489,1,1,2025-09-06,Turkey,Sweden,98.941221,71.91745
1489,2,1,2025-09-06,Germany,Portugal,96.243102,70.569241
1489,3,1,2025-09-06,Latvia,Lithuania,87.677727,86.540642
1489,4,1,2025-09-06,Finland,Serbia,92.32948,101.0729
1490,1,1,2025-09-06,Turkey,Sweden,68.108762,80.250891
1490,2,1,2025-09-06,Germany,Portugal,106.9778,69.029063
1490,3,1,2025-09-06,Latvia,Lithuania,92.624289,63.682441
1490,4,1,2025-09-06,Finland,Serbia,79.654732,104.93882
1491,1,1,2025-09-06,Turkey,Sweden,83.143838,72.333968
1491,2,1,2025-09-06,Germany,Portugal,82.597232,65.599526
1491,3,1,2025-09-06,Latvia,Lithuania,83.019137,69.659266
1491,4,1,2025-09-06,Finland,Serbia,100.41069,90.844595
1492,1,1,2025-09-06,Turkey,Sweden,88.095434,50.757883
1492,2,1,2025-09-06,Germany,Portugal,77.327043,76.818371
1492,3,1,2025-09-06,Latvia,Lithuania,72.670124,81.850498
1492,4,1,2025-09-06,Finland,Serbia,62.960006,73.753665
1493,1,1,2025-09-06,Turkey,Sweden,75.873195,66.882771
1493,2,1,2025-09-06,Germany,Portugal,79.127547,49.767772
1493,3,1,2025-09-06,Latvia,Lithuania,85.102791,92.9609
1493,4,1,2025-09-06,Finland,Serbia,93.587307,92.624051
1494,1,1,2025-09-06,Turkey,Sweden,93.038584,77.828537
1494,2,1,2025-09-06,Germany,Portugal,70.486397,59.485774
1494,3,1,2025-09-06,Latvia,Lithuania,90.255442,74.088176
1494,4,1,2025-09-06,Finland,Serbia,82.57305,66.535446
1495,1,1,2025-09-06,Turkey,Sweden,97.833745,79.287182
1495,2,1,2025-09-06,Germany,Portugal,78.462108,57.357255
1495,3,1,2025-09-06,Latvia,Lithuania,85.087104,89.040714
1495,4,1,2025-09-06,Finland,Serbia,119.78723,100.49107
1496,1,1,2025-09-06,Turkey,Sweden,90.353577,87.073332
1496,2,1,2025-09-06,Germany,Portugal,97.654072,61.667754
1496,3,1,2025-09-06,Latvia,Lithuania,84.213377,76.180875
1496,4,1,2025-09-06,Finland,Serbia,89.941575,93.797899
1497,1,1,2025-09-06,Turkey,Sweden,85.070258,73.268389
1497,2,1,2025-09-06,Germany,Portugal,86.540252,62.187946
1497,3,1,2025-09-06,Latvia,Lithuania,104.62829,96.650291
1497,4,1,2025-09-06,Finland,Serbia,90.7939,90.117487
1498,1,1,2025-09-06,Turkey,Sweden,90.449316,75.045976
1498,2,1,2025-09-06,Germany,Portugal,80.760327,70.176625
1498,3,1,2025-09-06,Latvia,Lithuania,83.000137,78.339885
1498,4,1,2025-09-06,Finland,Serbia,94.197093,95.77363
1499,1,1,2025-09-06,Turkey,Sweden,102.38596,62.899138
1499,2,1,2025-09-06,Germany,Portugal,92.715515,58.739043
1499,3,1,2025-09-06,Latvia,Lithuania,90.422699,71.388954
1499,4,1,2025-09-06,Finland,Serbia,84.698638,113.1002
1500,1,1,2025-09-06,Turkey,Sweden,93.931919,74.743598
1500,2,1,2025-09-06,Germany,Portugal,83.999003,36.980909
1500,3,1,2025-09-06,Latvia,Lithuania,84.173747,90.022543
1500,4,1,2025-09-06,Finland,Serbia,123.8078,87.169843
1501,1,1,2025-09-06,Turkey,Sweden,88.934495,73.365409
1501,2,1,2025-09-06,Germany,Portugal,85.279879,54.889
1501,3,1,2025-09-06,Latvia,Lithuania,85.342276,108.01385
1501,4,1,2025-09-06,Finland,Serbia,87.477139,101.22957
1502,1,1,2025-09-06,Turkey,Sweden,71.448877,66.707035
1502,2,1,2025-09-06,Germany,Portugal,97.47678,58.097409
1502,3,1,2025-09-06,Latvia,Lithuania,69.971862,75.10015
1502,4,1,2025-09-06,Finland,Serbia,101.51573,110.60853
1503,1,1,2025-09-06,Turkey,Sweden,79.72959,68.701667
1503,2,1,2025-09-06,Germany,Portugal,107.99797,80.206942
1503,3,1,2025-09-06,Latvia,Lithuania,81.810212,69.636544
1503,4,1,2025-09-06,Finland,Serbia,95.361204,81.06003
1504,1,1,2025-09-06,Turkey,Sweden,66.268343,56.485738
1504,2,1,2025-09-06,Germany,Portugal,97.939564,71.912035
1504,3,1,2025-09-06,Latvia,Lithuania,91.775569,67.117631
1504,4,1,2025-09-06,Finland,Serbia,90.542406,133.73645
1505,1,1,2025-09-06,Turkey,Sweden,77.94472,85.85897
1505,2,1,2025-09-06,Germany,Portugal,97.554953,56.596984
1505,3,1,2025-09-06,Latvia,Lithuania,80.909197,88.865078
1505,4,1,2025-09-06,Finland,Serbia,105.44359,96.098198
1506,1,1,2025-09-06,Turkey,Sweden,78.586328,79.467834
1506,2,1,2025-09-06,Germany,Portugal,93.056448,74.74634
1506,3,1,2025-09-06,Latvia,Lithuania,90.75828,88.853349
1506,4,1,2025-09-06,Finland,Serbia,81.41759,85.735716
1507,1,1,2025-09-06,Turkey,Sweden,87.179522,72.457031
1507,2,1,2025-09-06,Germany,Portugal,95.016606,46.695605
1507,3,1,2025-09-06,Latvia,Lithuania,85.923271,105.3297
1507,4,1,2025-09-06,Finland,Serbia,103.76073,87.957228
1508,1,1,2025-09-06,Turkey,Sweden,107.0614,82.578573
1508,2,1,2025-09-06,Germany,Portugal,93.833266,75.174913
1508,3,1,2025-09-06,Latvia,Lithuania,92.140693,79.895408
1508,4,1,2025-09-06,Finland,Serbia,85.954616,85.134925
1509,1,1,2025-09-06,Turkey,Sweden,95.997241,82.625188
1509,2,1,2025-09-06,Germany,Portugal,83.664751,68.936611
1509,3,1,2025-09-06,Latvia,Lithuania,98.047944,76.943766
1509,4,1,2025-09-06,Finland,Serbia,98.742147,84.352067
1510,1,1,2025-09-06,Turkey,Sweden,73.27389,63.30512
1510,2,1,2025-09-06,Germany,Portugal,94.104246,74.258047
1510,3,1,2025-09-06,Latvia,Lithuania,72.053463,84.843209
1510,4,1,2025-09-06,Finland,Serbia,92.528617,71.161279
1511,1,1,2025-09-06,Turkey,Sweden,88.199571,73.47269
1511,2,1,2025-09-06,Germany,Portugal,73.60793,48.738998
1511,3,1,2025-09-06,Latvia,Lithuania,81.342183,84.243462
1511,4,1,2025-09-06,Finland,Serbia,112.51124,101.66781
1512,1,1,2025-09-06,Turkey,Sweden,89.283676,65.324055
1512,2,1,2025-09-06,Germany,Portugal,82.943359,74.010428
1512,3,1,2025-09-06,Latvia,Lithuania,93.622643,92.070992
1512,4,1,2025-09-06,Finland,Serbia,72.499853,90.646904
1513,1,1,2025-09-06,Turkey,Sweden,89.06817,71.682209
1513,2,1,2025-09-06,Germany,Portugal,109.24093,64.448122
1513,3,1,2025-09-06,Latvia,Lithuania,79.536462,74.919733
1513,4,1,2025-09-06,Finland,Serbia,107.62512,100.12775
1514,1,1,2025-09-06,Turkey,Sweden,83.864863,76.631887
1514,2,1,2025-09-06,Germany,Portugal,86.920549,59.831368
1514,3,1,2025-09-06,Latvia,Lithuania,114.9596,91.674018
1514,4,1,2025-09-06,Finland,Serbia,81.834994,92.803925
1515,1,1,2025-09-06,Turkey,Sweden,103.66867,90.294141
1515,2,1,2025-09-06,Germany,Portugal,102.76305,76.394071
1515,3,1,2025-09-06,Latvia,Lithuania,76.390543,66.582921
1515,4,1,2025-09-06,Finland,Serbia,88.502015,77.044251
1516,1,1,2025-09-06,Turkey,Sweden,85.326627,76.274911
1516,2,1,2025-09-06,Germany,Portugal,83.104686,48.937561
1516,3,1,2025-09-06,Latvia,Lithuania,99.633223,78.545737
1516,4,1,2025-09-06,Finland,Serbia,84.006657,64.227764
1517,1,1,2025-09-06,Turkey,Sweden,93.05904,60.99266
1517,2,1,2025-09-06,Germany,Portugal,90.92307,73.914454
1517,3,1,2025-09-06,Latvia,Lithuania,88.136194,69.581891
1517,4,1,2025-09-06,Finland,Serbia,94.810363,91.233272
1518,1,1,2025-09-06,Turkey,Sweden,84.028474,72.099212
1518,2,1,2025-09-06,Germany,Portugal,99.136561,73.660773
1518,3,1,2025-09-06,Latvia,Lithuania,92.253128,99.057948
1518,4,1,2025-09-06,Finland,Serbia,91.199517,100.569
1519,1,1,2025-09-06,Turkey,Sweden,72.573247,54.81741
1519,2,1,2025-09-06,Germany,Portugal,91.2303,79.095156
1519,3,1,2025-09-06,Latvia,Lithuania,79.233782,94.797167
1519,4,1,2025-09-06,Finland,Serbia,92.801664,94.846211
1520,1,1,2025-09-06,Turkey,Sweden,105.56113,70.742718
1520,2,1,2025-09-06,Germany,Portugal,77.721969,68.353124
1520,3,1,2025-09-06,Latvia,Lithuania,94.909888,86.211095
1520,4,1,2025-09-06,Finland,Serbia,118.10532,84.105661
1521,1,1,2025-09-06,Turkey,Sweden,98.285626,101.29413
1521,2,1,2025-09-06,Germany,Portugal,76.261686,40.86079
1521,3,1,2025-09-06,Latvia,Lithuania,96.268907,71.448992
1521,4,1,2025-09-06,Finland,Serbia,100.54154,101.96177
1522,1,1,2025-09-06,Turkey,Sweden,96.35702,76.067162
1522,2,1,2025-09-06,Germany,Portugal,71.15393,58.509825
1522,3,1,2025-09-06,Latvia,Lithuania,102.48669,74.505972
1522,4,1,2025-09-06,Finland,Serbia,81.647828,74.556593
1523,1,1,2025-09-06,Turkey,Sweden,81.857021,85.601722
1523,2,1,2025-09-06,Germany,Portugal,94.553458,69.511422
1523,3,1,2025-09-06,Latvia,Lithuania,92.689405,98.865732
1523,4,1,2025-09-06,Finland,Serbia,88.630804,103.39255
1524,1,1,2025-09-06,Turkey,Sweden,78.843044,81.825086
1524,2,1,2025-09-06,Germany,Portugal,94.96034,69.889202
1524,3,1,2025-09-06,Latvia,Lithuania,87.417188,87.700799
1524,4,1,2025-09-06,Finland,Serbia,80.352272,111.7686
1525,1,1,2025-09-06,Turkey,Sweden,75.551287,78.097067
1525,2,1,2025-09-06,Germany,Portugal,104.25968,60.972811
1525,3,1,2025-09-06,Latvia,Lithuania,89.124419,73.888094
1525,4,1,2025-09-06,Finland,Serbia,104.85769,100.60717
1526,1,1,2025-09-06,Turkey,Sweden,125.68707,80.232055
1526,2,1,2025-09-06,Germany,Portugal,89.799827,50.140935
1526,3,1,2025-09-06,Latvia,Lithuania,79.150991,68.37156
1526,4,1,2025-09-06,Finland,Serbia,89.274346,91.607984
1527,1,1,2025-09-06,Turkey,Sweden,79.078622,72.671792
1527,2,1,2025-09-06,Germany,Portugal,103.21247,62.814367
1527,3,1,2025-09-06,Latvia,Lithuania,80.52547,80.122358
1527,4,1,2025-09-06,Finland,Serbia,96.638238,93.380755
1528,1,1,2025-09-06,Turkey,Sweden,83.562308,66.164952
1528,2,1,2025-09-06,Germany,Portugal,106.44807,64.844338
1528,3,1,2025-09-06,Latvia,Lithuania,69.269568,79.088738
1528,4,1,2025-09-06,Finland,Serbia,90.042542,105.75733
1529,1,1,2025-09-06,Turkey,Sweden,93.328627,82.913508
1529,2,1,2025-09-06,Germany,Portugal,72.984103,57.098754
1529,3,1,2025-09-06,Latvia,Lithuania,82.013108,85.406544
1529,4,1,2025-09-06,Finland,Serbia,102.16547,93.155415
1530,1,1,2025-09-06,Turkey,Sweden,94.525804,67.033964
1530,2,1,2025-09-06,Germany,Portugal,106.87899,72.082277
1530,3,1,2025-09-06,Latvia,Lithuania,90.185315,84.82482
1530,4,1,2025-09-06,Finland,Serbia,90.750406,106.0598
1531,1,1,2025-09-06,Turkey,Sweden,83.178185,92.356099
1531,2,1,2025-09-06,Germany,Portugal,77.257193,42.970643
1531,3,1,2025-09-06,Latvia,Lithuania,84.641161,82.964357
1531,4,1,2025-09-06,Finland,Serbia,73.582713,93.021208
1532,1,1,2025-09-06,Turkey,Sweden,78.107266,77.059517
1532,2,1,2025-09-06,Germany,Portugal,85.158058,47.778056
1532,3,1,2025-09-06,Latvia,Lithuania,92.405709,82.736386
1532,4,1,2025-09-06,Finland,Serbia,79.064162,68.250057
1533,1,1,2025-09-06,Turkey,Sweden,80.040732,84.69549
1533,2,1,2025-09-06,Germany,Portugal,56.252065,68.076837
1533,3,1,2025-09-06,Latvia,Lithuania,66.599061,93.911271
1533,4,1,2025-09-06,Finland,Serbia,93.474866,94.83089
1534,1,1,2025-09-06,Turkey,Sweden,77.152897,73.046629
1534,2,1,2025-09-06,Germany,Portugal,90.049406,62.901892
1534,3,1,2025-09-06,Latvia,Lithuania,106.20098,61.98289
1534,4,1,2025-09-06,Finland,Serbia,86.200569,92.935578
1535,1,1,2025-09-06,Turkey,Sweden,89.97818,89.44678
1535,2,1,2025-09-06,Germany,Portugal,88.986196,58.492955
1535,3,1,2025-09-06,Latvia,Lithuania,89.797222,78.609164
1535,4,1,2025-09-06,Finland,Serbia,80.623788,85.95745
1536,1,1,2025-09-06,Turkey,Sweden,77.27673,69.620986
1536,2,1,2025-09-06,Germany,Portugal,81.073577,63.135264
1536,3,1,2025-09-06,Latvia,Lithuania,95.490172,96.912151
1536,4,1,2025-09-06,Finland,Serbia,107.52752,95.737962
1537,1,1,2025-09-06,Turkey,Sweden,84.849779,77.799644
1537,2,1,2025-09-06,Germany,Portugal,94.321717,78.862403
1537,3,1,2025-09-06,Latvia,Lithuania,64.708672000000007,65.705331
1537,4,1,2025-09-06,Finland,Serbia,86.523813,106.14925
1538,1,1,2025-09-06,Turkey,Sweden,80.987657,64.063263
1538,2,1,2025-09-06,Germany,Portugal,98.551283,56.807565
1538,3,1,2025-09-06,Latvia,Lithuania,81.338927,94.368227
1538,4,1,2025-09-06,Finland,Serbia,98.019542,105.5933
1539,1,1,2025-09-06,Turkey,Sweden,96.626848,73.049869
1539,2,1,2025-09-06,Germany,Portugal,79.429602,64.047338
1539,3,1,2025-09-06,Latvia,Lithuania,73.643302,71.765405
1539,4,1,2025-09-06,Finland,Serbia,84.909401,103.90733
1540,1,1,2025-09-06,Turkey,Sweden,77.725726,69.131708
1540,2,1,2025-09-06,Germany,Portugal,73.626983,60.085104
1540,3,1,2025-09-06,Latvia,Lithuania,80.39483,72.933827
1540,4,1,2025-09-06,Finland,Serbia,97.066567,92.407408
1541,1,1,2025-09-06,Turkey,Sweden,81.519786,41.144514
1541,2,1,2025-09-06,Germany,Portugal,95.441399,49.074125
1541,3,1,2025-09-06,Latvia,Lithuania,89.638278,83.038911
1541,4,1,2025-09-06,Finland,Serbia,55.299099,98.879738
1542,1,1,2025-09-06,Turkey,Sweden,87.388933,67.994662
1542,2,1,2025-09-06,Germany,Portugal,60.323622,64.071376
1542,3,1,2025-09-06,Latvia,Lithuania,93.312873,82.455495
1542,4,1,2025-09-06,Finland,Serbia,86.84225,78.429782
1543,1,1,2025-09-06,Turkey,Sweden,88.836192,73.309781
1543,2,1,2025-09-06,Germany,Portugal,62.555392,68.195751
1543,3,1,2025-09-06,Latvia,Lithuania,76.629839,85.012608
1543,4,1,2025-09-06,Finland,Serbia,92.333157,111.90426
1544,1,1,2025-09-06,Turkey,Sweden,100.89368,86.735625
1544,2,1,2025-09-06,Germany,Portugal,78.449159,67.735194
1544,3,1,2025-09-06,Latvia,Lithuania,91.185086,85.142253
1544,4,1,2025-09-06,Finland,Serbia,105.22743,93.775642
1545,1,1,2025-09-06,Turkey,Sweden,86.578891,85.214565
1545,2,1,2025-09-06,Germany,Portugal,76.624569,56.109597
1545,3,1,2025-09-06,Latvia,Lithuania,75.598194,62.431817
1545,4,1,2025-09-06,Finland,Serbia,103.89933,108.25662
1546,1,1,2025-09-06,Turkey,Sweden,64.578633,66.63118
1546,2,1,2025-09-06,Germany,Portugal,101.06217,69.146474
1546,3,1,2025-09-06,Latvia,Lithuania,87.12391,79.964432
1546,4,1,2025-09-06,Finland,Serbia,91.160521,83.242953
1547,1,1,2025-09-06,Turkey,Sweden,101.63139,94.180168
1547,2,1,2025-09-06,Germany,Portugal,110.49586,64.040127
1547,3,1,2025-09-06,Latvia,Lithuania,87.686796,84.228854
1547,4,1,2025-09-06,Finland,Serbia,115.12238,97.961407
1548,1,1,2025-09-06,Turkey,Sweden,84.868172,70.88942
1548,2,1,2025-09-06,Germany,Portugal,101.65866,69.250989
1548,3,1,2025-09-06,Latvia,Lithuania,82.908305,113.02811
1548,4,1,2025-09-06,Finland,Serbia,90.341848,87.292997
1549,1,1,2025-09-06,Turkey,Sweden,92.413393,72.98318
1549,2,1,2025-09-06,Germany,Portugal,95.656063,60.577602
1549,3,1,2025-09-06,Latvia,Lithuania,87.527563,76.28825
1549,4,1,2025-09-06,Finland,Serbia,92.502402,99.873249
1550,1,1,2025-09-06,Turkey,Sweden,83.771212,64.81771
1550,2,1,2025-09-06,Germany,Portugal,101.11551,51.348104
1550,3,1,2025-09-06,Latvia,Lithuania,78.953275,72.17597
1550,4,1,2025-09-06,Finland,Serbia,102.68348,111.7452
1551,1,1,2025-09-06,Turkey,Sweden,85.16584,81.27778
1551,2,1,2025-09-06,Germany,Portugal,79.65377,60.949853
1551,3,1,2025-09-06,Latvia,Lithuania,68.329214,93.360957
1551,4,1,2025-09-06,Finland,Serbia,101.35011,85.405262
1552,1,1,2025-09-06,Turkey,Sweden,84.423004,84.206534
1552,2,1,2025-09-06,Germany,Portugal,108.72069,77.363249
1552,3,1,2025-09-06,Latvia,Lithuania,106.22222,93.367055
1552,4,1,2025-09-06,Finland,Serbia,68.230487,77.310232
1553,1,1,2025-09-06,Turkey,Sweden,102.5784,112.0465
1553,2,1,2025-09-06,Germany,Portugal,85.489885,77.750207
1553,3,1,2025-09-06,Latvia,Lithuania,80.846235,77.67647
1553,4,1,2025-09-06,Finland,Serbia,99.829086,96.612455
1554,1,1,2025-09-06,Turkey,Sweden,90.315629,67.690685
1554,2,1,2025-09-06,Germany,Portugal,87.779703,69.514367
1554,3,1,2025-09-06,Latvia,Lithuania,87.747112,78.041044
1554,4,1,2025-09-06,Finland,Serbia,99.244965,114.84301
1555,1,1,2025-09-06,Turkey,Sweden,89.974929,67.847832
1555,2,1,2025-09-06,Germany,Portugal,70.701061,76.922798
1555,3,1,2025-09-06,Latvia,Lithuania,72.09572,92.474056
1555,4,1,2025-09-06,Finland,Serbia,96.796175,101.85224
1556,1,1,2025-09-06,Turkey,Sweden,92.732835,74.821023
1556,2,1,2025-09-06,Germany,Portugal,73.38744,49.369807
1556,3,1,2025-09-06,Latvia,Lithuania,89.335819,91.391272
1556,4,1,2025-09-06,Finland,Serbia,92.790878,100.69922
1557,1,1,2025-09-06,Turkey,Sweden,84.500346,86.349639
1557,2,1,2025-09-06,Germany,Portugal,93.912352,61.05667
1557,3,1,2025-09-06,Latvia,Lithuania,73.226024,96.450223
1557,4,1,2025-09-06,Finland,Serbia,93.213968,141.95659
1558,1,1,2025-09-06,Turkey,Sweden,82.891876,70.685828
1558,2,1,2025-09-06,Germany,Portugal,94.222312,55.665933
1558,3,1,2025-09-06,Latvia,Lithuania,96.497348,85.139884
1558,4,1,2025-09-06,Finland,Serbia,98.405344,107.27689
1559,1,1,2025-09-06,Turkey,Sweden,92.107687,70.094182
1559,2,1,2025-09-06,Germany,Portugal,64.494821,74.448945
1559,3,1,2025-09-06,Latvia,Lithuania,82.435703,90.523793
1559,4,1,2025-09-06,Finland,Serbia,82.056628,81.151931
1560,1,1,2025-09-06,Turkey,Sweden,76.967982,76.306197
1560,2,1,2025-09-06,Germany,Portugal,88.883747,46.532598
1560,3,1,2025-09-06,Latvia,Lithuania,94.002359,66.689657
1560,4,1,2025-09-06,Finland,Serbia,91.474653,90.876095
1561,1,1,2025-09-06,Turkey,Sweden,101.9576,73.300464
1561,2,1,2025-09-06,Germany,Portugal,93.824073,75.309095
1561,3,1,2025-09-06,Latvia,Lithuania,99.269182,87.476304
1561,4,1,2025-09-06,Finland,Serbia,73.345986,92.83902
1562,1,1,2025-09-06,Turkey,Sweden,72.58059,98.197043
1562,2,1,2025-09-06,Germany,Portugal,90.37976,64.872185
1562,3,1,2025-09-06,Latvia,Lithuania,72.892248,63.809736
1562,4,1,2025-09-06,Finland,Serbia,75.290635,94.726525
1563,1,1,2025-09-06,Turkey,Sweden,95.435099,71.594118
1563,2,1,2025-09-06,Germany,Portugal,83.166699,58.904583
1563,3,1,2025-09-06,Latvia,Lithuania,74.34457,91.986549
1563,4,1,2025-09-06,Finland,Serbia,92.845664,95.248711
1564,1,1,2025-09-06,Turkey,Sweden,98.212125,94.345385
1564,2,1,2025-09-06,Germany,Portugal,81.663929,55.570663
1564,3,1,2025-09-06,Latvia,Lithuania,116.06917,89.002446
1564,4,1,2025-09-06,Finland,Serbia,107.28348,89.61821
1565,1,1,2025-09-06,Turkey,Sweden,83.305783,73.726547
1565,2,1,2025-09-06,Germany,Portugal,72.241519,45.319199
1565,3,1,2025-09-06,Latvia,Lithuania,89.324828,87.703983
1565,4,1,2025-09-06,Finland,Serbia,111.12187,97.373001
1566,1,1,2025-09-06,Turkey,Sweden,67.194318,81.013813
1566,2,1,2025-09-06,Germany,Portugal,101.39206,71.096316
1566,3,1,2025-09-06,Latvia,Lithuania,90.27314,87.796574
1566,4,1,2025-09-06,Finland,Serbia,96.345183,100.58865
1567,1,1,2025-09-06,Turkey,Sweden,94.806151,81.941078
1567,2,1,2025-09-06,Germany,Portugal,87.156068,71.211781
1567,3,1,2025-09-06,Latvia,Lithuania,94.881394,88.020672
1567,4,1,2025-09-06,Finland,Serbia,104.44487,93.205373
1568,1,1,2025-09-06,Turkey,Sweden,79.837586,71.566565
1568,2,1,2025-09-06,Germany,Portugal,77.507320000000007,53.534433
1568,3,1,2025-09-06,Latvia,Lithuania,79.221794,75.079359
1568,4,1,2025-09-06,Finland,Serbia,116.42503,100.88485
1569,1,1,2025-09-06,Turkey,Sweden,84.085386,67.976931
1569,2,1,2025-09-06,Germany,Portugal,70.744391,62.192161
1569,3,1,2025-09-06,Latvia,Lithuania,78.23879,92.339986
1569,4,1,2025-09-06,Finland,Serbia,83.526838,91.172798
1570,1,1,2025-09-06,Turkey,Sweden,84.28032,80.66263
1570,2,1,2025-09-06,Germany,Portugal,81.083132,52.43995
1570,3,1,2025-09-06,Latvia,Lithuania,89.179738,65.512234
1570,4,1,2025-09-06,Finland,Serbia,86.852518,89.858154
1571,1,1,2025-09-06,Turkey,Sweden,87.510496,68.452138
1571,2,1,2025-09-06,Germany,Portugal,86.551162,56.05288
1571,3,1,2025-09-06,Latvia,Lithuania,90.312546,77.895153
1571,4,1,2025-09-06,Finland,Serbia,92.850531,111.56233
1572,1,1,2025-09-06,Turkey,Sweden,79.083193,48.267003
1572,2,1,2025-09-06,Germany,Portugal,75.361326,48.906876
1572,3,1,2025-09-06,Latvia,Lithuania,80.146471,98.744077
1572,4,1,2025-09-06,Finland,Serbia,88.727316,80.310941
1573,1,1,2025-09-06,Turkey,Sweden,81.133588,73.617836
1573,2,1,2025-09-06,Germany,Portugal,88.387605,65.85501
1573,3,1,2025-09-06,Latvia,Lithuania,100.07308,85.523387
1573,4,1,2025-09-06,Finland,Serbia,99.303773,115.30137
1574,1,1,2025-09-06,Turkey,Sweden,77.589073,81.326321
1574,2,1,2025-09-06,Germany,Portugal,85.138084,54.829054
1574,3,1,2025-09-06,Latvia,Lithuania,86.365241,98.850806
1574,4,1,2025-09-06,Finland,Serbia,100.42484,87.639387
1575,1,1,2025-09-06,Turkey,Sweden,91.151742,85.746104
1575,2,1,2025-09-06,Germany,Portugal,99.878882,65.146706
1575,3,1,2025-09-06,Latvia,Lithuania,88.530461,99.135687
1575,4,1,2025-09-06,Finland,Serbia,83.953141,82.859417
1576,1,1,2025-09-06,Turkey,Sweden,76.863347,83.710067
1576,2,1,2025-09-06,Germany,Portugal,85.096822,63.229596
1576,3,1,2025-09-06,Latvia,Lithuania,89.226838,80.323943
1576,4,1,2025-09-06,Finland,Serbia,100.84576,97.710163
1577,1,1,2025-09-06,Turkey,Sweden,96.77848,75.754299
1577,2,1,2025-09-06,Germany,Portugal,86.76467,70.534877
1577,3,1,2025-09-06,Latvia,Lithuania,93.106038,83.329524
1577,4,1,2025-09-06,Finland,Serbia,105.25078,105.6467
1578,1,1,2025-09-06,Turkey,Sweden,88.281158,92.454981
1578,2,1,2025-09-06,Germany,Portugal,87.616564,54.731825
1578,3,1,2025-09-06,Latvia,Lithuania,87.915567,71.626774
1578,4,1,2025-09-06,Finland,Serbia,112.8027,105.96864
1579,1,1,2025-09-06,Turkey,Sweden,82.154009,78.451627
1579,2,1,2025-09-06,Germany,Portugal,78.395215,76.940327
1579,3,1,2025-09-06,Latvia,Lithuania,90.377531,99.197979
1579,4,1,2025-09-06,Finland,Serbia,95.85187,94.825134
1580,1,1,2025-09-06,Turkey,Sweden,97.540771,72.438292
1580,2,1,2025-09-06,Germany,Portugal,105.30774,46.900304
1580,3,1,2025-09-06,Latvia,Lithuania,89.790274,93.315417
1580,4,1,2025-09-06,Finland,Serbia,98.50822,80.677293
1581,1,1,2025-09-06,Turkey,Sweden,97.155761,73.286193
1581,2,1,2025-09-06,Germany,Portugal,85.29677,76.159927
1581,3,1,2025-09-06,Latvia,Lithuania,93.237964,80.861755
1581,4,1,2025-09-06,Finland,Serbia,63.892159,75.874724
1582,1,1,2025-09-06,Turkey,Sweden,84.879558,74.512207
1582,2,1,2025-09-06,Germany,Portugal,89.575638,45.086431
1582,3,1,2025-09-06,Latvia,Lithuania,109.23188,88.009729
1582,4,1,2025-09-06,Finland,Serbia,96.277043,100.26233
1583,1,1,2025-09-06,Turkey,Sweden,69.891758,53.276637
1583,2,1,2025-09-06,Germany,Portugal,98.097099,45.847227
1583,3,1,2025-09-06,Latvia,Lithuania,129.68849,101.07802
1583,4,1,2025-09-06,Finland,Serbia,85.043346,94.761626
1584,1,1,2025-09-06,Turkey,Sweden,77.210531,79.633244
1584,2,1,2025-09-06,Germany,Portugal,97.574221,63.997817
1584,3,1,2025-09-06,Latvia,Lithuania,87.454242,82.240521
1584,4,1,2025-09-06,Finland,Serbia,94.000726,96.284155
1585,1,1,2025-09-06,Turkey,Sweden,111.42531,89.311772
1585,2,1,2025-09-06,Germany,Portugal,92.701531,70.275366
1585,3,1,2025-09-06,Latvia,Lithuania,74.383197,87.204896
1585,4,1,2025-09-06,Finland,Serbia,78.41111,95.913277
1586,1,1,2025-09-06,Turkey,Sweden,94.034583,74.110412
1586,2,1,2025-09-06,Germany,Portugal,65.178121,50.663043
1586,3,1,2025-09-06,Latvia,Lithuania,79.803298,57.844689
1586,4,1,2025-09-06,Finland,Serbia,99.986211,64.377448
1587,1,1,2025-09-06,Turkey,Sweden,116.91135,77.413158
1587,2,1,2025-09-06,Germany,Portugal,101.63976,63.343358
1587,3,1,2025-09-06,Latvia,Lithuania,86.102265,82.078977
1587,4,1,2025-09-06,Finland,Serbia,86.575735,89.296696
1588,1,1,2025-09-06,Turkey,Sweden,65.385197,73.800065
1588,2,1,2025-09-06,Germany,Portugal,76.954025,58.896784
1588,3,1,2025-09-06,Latvia,Lithuania,91.092179,69.078743
1588,4,1,2025-09-06,Finland,Serbia,94.12199,108.43421
1589,1,1,2025-09-06,Turkey,Sweden,85.727024,74.725108
1589,2,1,2025-09-06,Germany,Portugal,91.539976,64.202722
1589,3,1,2025-09-06,Latvia,Lithuania,71.035847,85.733816
1589,4,1,2025-09-06,Finland,Serbia,86.621994,85.036359
1590,1,1,2025-09-06,Turkey,Sweden,84.514273,73.146083
1590,2,1,2025-09-06,Germany,Portugal,88.441536,65.055442
1590,3,1,2025-09-06,Latvia,Lithuania,85.499908,78.674
1590,4,1,2025-09-06,Finland,Serbia,86.940818,90.289215
1591,1,1,2025-09-06,Turkey,Sweden,92.181206,53.806388
1591,2,1,2025-09-06,Germany,Portugal,78.462066,62.370495
1591,3,1,2025-09-06,Latvia,Lithuania,77.039926,81.07422
1591,4,1,2025-09-06,Finland,Serbia,100.05975,124.9543
1592,1,1,2025-09-06,Turkey,Sweden,93.632322,77.677161
1592,2,1,2025-09-06,Germany,Portugal,86.226798,68.696086
1592,3,1,2025-09-06,Latvia,Lithuania,96.635571,79.765846
1592,4,1,2025-09-06,Finland,Serbia,96.066735,117.41546
1593,1,1,2025-09-06,Turkey,Sweden,100.91965,65.909373
1593,2,1,2025-09-06,Germany,Portugal,114.69483,69.867071
1593,3,1,2025-09-06,Latvia,Lithuania,86.727868,86.438817
1593,4,1,2025-09-06,Finland,Serbia,74.598613,102.88536
1594,1,1,2025-09-06,Turkey,Sweden,93.405452,78.573311
1594,2,1,2025-09-06,Germany,Portugal,92.93803,66.764976
1594,3,1,2025-09-06,Latvia,Lithuania,96.66581,84.674823
1594,4,1,2025-09-06,Finland,Serbia,78.997985,111.41521
1595,1,1,2025-09-06,Turkey,Sweden,84.616499,88.811305
1595,2,1,2025-09-06,Germany,Portugal,90.311407,69.328838
1595,3,1,2025-09-06,Latvia,Lithuania,96.648582,67.406558
1595,4,1,2025-09-06,Finland,Serbia,78.266446,104.24152
1596,1,1,2025-09-06,Turkey,Sweden,81.362727,80.645781
1596,2,1,2025-09-06,Germany,Portugal,96.383586,42.713611
1596,3,1,2025-09-06,Latvia,Lithuania,90.056255,59.802545
1596,4,1,2025-09-06,Finland,Serbia,109.97019,106.40036
1597,1,1,2025-09-06,Turkey,Sweden,89.588993,70.785072
1597,2,1,2025-09-06,Germany,Portugal,98.984163,31.176724
1597,3,1,2025-09-06,Latvia,Lithuania,70.392607,76.967265
1597,4,1,2025-09-06,Finland,Serbia,83.50457,89.150983
1598,1,1,2025-09-06,Turkey,Sweden,72.248387,73.132066
1598,2,1,2025-09-06,Germany,Portugal,103.88964,65.230685
1598,3,1,2025-09-06,Latvia,Lithuania,98.207796,57.493489
1598,4,1,2025-09-06,Finland,Serbia,93.97832,99.158699
1599,1,1,2025-09-06,Turkey,Sweden,89.437389,71.850264
1599,2,1,2025-09-06,Germany,Portugal,72.246665,61.224548
1599,3,1,2025-09-06,Latvia,Lithuania,93.616367,71.585225
1599,4,1,2025-09-06,Finland,Serbia,95.181866,81.146685
1600,1,1,2025-09-06,Turkey,Sweden,71.915787,70.702686
1600,2,1,2025-09-06,Germany,Portugal,78.881299,75.216731
1600,3,1,2025-09-06,Latvia,Lithuania,92.621332,78.472997
1600,4,1,2025-09-06,Finland,Serbia,77.717926,122.17621
1601,1,1,2025-09-06,Turkey,Sweden,80.835948,66.367671
1601,2,1,2025-09-06,Germany,Portugal,94.505072,70.697759
1601,3,1,2025-09-06,Latvia,Lithuania,79.388791,81.280677
1601,4,1,2025-09-06,Finland,Serbia,94.300401,123.56459
1602,1,1,2025-09-06,Turkey,Sweden,94.274425,84.38567
1602,2,1,2025-09-06,Germany,Portugal,121.84102,66.924381
1602,3,1,2025-09-06,Latvia,Lithuania,84.215369,85.558729
1602,4,1,2025-09-06,Finland,Serbia,82.123185,83.078218
1603,1,1,2025-09-06,Turkey,Sweden,83.514954,71.704676
1603,2,1,2025-09-06,Germany,Portugal,97.324348,66.035326
1603,3,1,2025-09-06,Latvia,Lithuania,92.279921,81.002598
1603,4,1,2025-09-06,Finland,Serbia,77.435079,98.674295
1604,1,1,2025-09-06,Turkey,Sweden,93.530745,66.786985
1604,2,1,2025-09-06,Germany,Portugal,72.119667,60.850775
1604,3,1,2025-09-06,Latvia,Lithuania,103.54978,72.669157
1604,4,1,2025-09-06,Finland,Serbia,99.112423,113.34286
1605,1,1,2025-09-06,Turkey,Sweden,95.200022,62.463833
1605,2,1,2025-09-06,Germany,Portugal,80.913567,69.829486
1605,3,1,2025-09-06,Latvia,Lithuania,102.27402,99.137017
1605,4,1,2025-09-06,Finland,Serbia,82.714236,90.981229
1606,1,1,2025-09-06,Turkey,Sweden,66.750521,67.816443
1606,2,1,2025-09-06,Germany,Portugal,80.528933,54.209557
1606,3,1,2025-09-06,Latvia,Lithuania,101.71179,80.523774
1606,4,1,2025-09-06,Finland,Serbia,92.379049,84.0039
1607,1,1,2025-09-06,Turkey,Sweden,44.496958,74.457649
1607,2,1,2025-09-06,Germany,Portugal,89.176032,52.31178
1607,3,1,2025-09-06,Latvia,Lithuania,81.843874,74.782271
1607,4,1,2025-09-06,Finland,Serbia,86.64177,87.017563
1608,1,1,2025-09-06,Turkey,Sweden,90.991378,62.765357
1608,2,1,2025-09-06,Germany,Portugal,69.834763,67.843923
1608,3,1,2025-09-06,Latvia,Lithuania,75.576186,87.337273
1608,4,1,2025-09-06,Finland,Serbia,91.043297,97.922457
1609,1,1,2025-09-06,Turkey,Sweden,82.782779,81.142834
1609,2,1,2025-09-06,Germany,Portugal,104.10611,76.283058
1609,3,1,2025-09-06,Latvia,Lithuania,86.623872,75.299049
1609,4,1,2025-09-06,Finland,Serbia,85.439294,77.185481
1610,1,1,2025-09-06,Turkey,Sweden,92.379542,82.917657
1610,2,1,2025-09-06,Germany,Portugal,81.987618,54.690488
1610,3,1,2025-09-06,Latvia,Lithuania,87.750348,92.568397
1610,4,1,2025-09-06,Finland,Serbia,91.327393,93.421808
1611,1,1,2025-09-06,Turkey,Sweden,58.6093,69.72672
1611,2,1,2025-09-06,Germany,Portugal,101.72868,80.149255
1611,3,1,2025-09-06,Latvia,Lithuania,95.16256,91.519351
1611,4,1,2025-09-06,Finland,Serbia,112.68564,120.26589
1612,1,1,2025-09-06,Turkey,Sweden,80.275048,89.090437
1612,2,1,2025-09-06,Germany,Portugal,71.486992,57.397123
1612,3,1,2025-09-06,Latvia,Lithuania,84.228744,80.210978
1612,4,1,2025-09-06,Finland,Serbia,93.474909,102.8787
1613,1,1,2025-09-06,Turkey,Sweden,83.671961,83.701234
1613,2,1,2025-09-06,Germany,Portugal,107.56038,65.793288
1613,3,1,2025-09-06,Latvia,Lithuania,75.277569,74.960275
1613,4,1,2025-09-06,Finland,Serbia,85.623537,110.24919
1614,1,1,2025-09-06,Turkey,Sweden,93.499868,78.080679
1614,2,1,2025-09-06,Germany,Portugal,90.673214,64.901931
1614,3,1,2025-09-06,Latvia,Lithuania,72.278023,56.69191
1614,4,1,2025-09-06,Finland,Serbia,81.803709,79.185049
1615,1,1,2025-09-06,Turkey,Sweden,79.488625,79.87335
1615,2,1,2025-09-06,Germany,Portugal,90.997524,82.008107999999993
1615,3,1,2025-09-06,Latvia,Lithuania,81.736237,83.510548
1615,4,1,2025-09-06,Finland,Serbia,88.551499,95.622223
1616,1,1,2025-09-06,Turkey,Sweden,95.492495,90.601494
1616,2,1,2025-09-06,Germany,Portugal,76.67462,47.178712
1616,3,1,2025-09-06,Latvia,Lithuania,89.218615,74.107303
1616,4,1,2025-09-06,Finland,Serbia,48.443747,94.504716
1617,1,1,2025-09-06,Turkey,Sweden,63.176819,72.321401
1617,2,1,2025-09-06,Germany,Portugal,88.302817,69.005113
1617,3,1,2025-09-06,Latvia,Lithuania,85.273353,99.700364
1617,4,1,2025-09-06,Finland,Serbia,94.920638,82.537242
1618,1,1,2025-09-06,Turkey,Sweden,90.777595,78.727099
1618,2,1,2025-09-06,Germany,Portugal,97.833088,67.865534
1618,3,1,2025-09-06,Latvia,Lithuania,75.588769,88.123402
1618,4,1,2025-09-06,Finland,Serbia,112.38507,73.056659
1619,1,1,2025-09-06,Turkey,Sweden,95.97017,93.887719
1619,2,1,2025-09-06,Germany,Portugal,87.000668,64.721028
1619,3,1,2025-09-06,Latvia,Lithuania,74.320603,70.451203
1619,4,1,2025-09-06,Finland,Serbia,91.917588,79.529066
1620,1,1,2025-09-06,Turkey,Sweden,79.503594,75.17854
1620,2,1,2025-09-06,Germany,Portugal,87.166394,77.460316
1620,3,1,2025-09-06,Latvia,Lithuania,84.574027,84.800629
1620,4,1,2025-09-06,Finland,Serbia,78.016314,88.436162
1621,1,1,2025-09-06,Turkey,Sweden,93.431422,69.320454
1621,2,1,2025-09-06,Germany,Portugal,88.33276,58.484975
1621,3,1,2025-09-06,Latvia,Lithuania,67.428277,70.901396
1621,4,1,2025-09-06,Finland,Serbia,96.983741,92.227825
1622,1,1,2025-09-06,Turkey,Sweden,85.853585,78.345212
1622,2,1,2025-09-06,Germany,Portugal,104.47804,48.982787
1622,3,1,2025-09-06,Latvia,Lithuania,83.880202,95.605641
1622,4,1,2025-09-06,Finland,Serbia,75.459047,82.908103
1623,1,1,2025-09-06,Turkey,Sweden,100.79283,89.249957
1623,2,1,2025-09-06,Germany,Portugal,67.215843,66.689362
1623,3,1,2025-09-06,Latvia,Lithuania,91.213494,66.580542
1623,4,1,2025-09-06,Finland,Serbia,77.340638,87.147271
1624,1,1,2025-09-06,Turkey,Sweden,87.436644,82.992017
1624,2,1,2025-09-06,Germany,Portugal,88.629086,43.289045
1624,3,1,2025-09-06,Latvia,Lithuania,82.226706,76.001433
1624,4,1,2025-09-06,Finland,Serbia,105.93529,101.00904
1625,1,1,2025-09-06,Turkey,Sweden,82.218431,69.035881
1625,2,1,2025-09-06,Germany,Portugal,89.359617,72.425755
1625,3,1,2025-09-06,Latvia,Lithuania,93.279679,101.39601
1625,4,1,2025-09-06,Finland,Serbia,95.20649,113.43819
1626,1,1,2025-09-06,Turkey,Sweden,84.601952,72.852621
1626,2,1,2025-09-06,Germany,Portugal,81.532016,54.029388
1626,3,1,2025-09-06,Latvia,Lithuania,93.501918,82.912654
1626,4,1,2025-09-06,Finland,Serbia,89.836041,104.42158
1627,1,1,2025-09-06,Turkey,Sweden,90.684183,81.828763
1627,2,1,2025-09-06,Germany,Portugal,116.53202,78.561883
1627,3,1,2025-09-06,Latvia,Lithuania,96.510218,86.678825
1627,4,1,2025-09-06,Finland,Serbia,84.281974,79.37388
1628,1,1,2025-09-06,Turkey,Sweden,97.020997,73.277469
1628,2,1,2025-09-06,Germany,Portugal,85.425973,56.590498
1628,3,1,2025-09-06,Latvia,Lithuania,99.416705,79.46215
1628,4,1,2025-09-06,Finland,Serbia,100.00095,95.101151
1629,1,1,2025-09-06,Turkey,Sweden,75.499868,83.629415
1629,2,1,2025-09-06,Germany,Portugal,74.822761,49.032571
1629,3,1,2025-09-06,Latvia,Lithuania,81.59228,95.757234
1629,4,1,2025-09-06,Finland,Serbia,86.933273,122.21573
1630,1,1,2025-09-06,Turkey,Sweden,84.541488,54.059597
1630,2,1,2025-09-06,Germany,Portugal,91.714448,68.182408
1630,3,1,2025-09-06,Latvia,Lithuania,97.361078,77.672374
1630,4,1,2025-09-06,Finland,Serbia,101.58037,117.4302
1631,1,1,2025-09-06,Turkey,Sweden,76.160721,99.576595
1631,2,1,2025-09-06,Germany,Portugal,108.13294,68.031674
1631,3,1,2025-09-06,Latvia,Lithuania,86.860148,83.185292
1631,4,1,2025-09-06,Finland,Serbia,94.397369,80.172343
1632,1,1,2025-09-06,Turkey,Sweden,75.916819,81.208874
1632,2,1,2025-09-06,Germany,Portugal,83.454936,52.281265
1632,3,1,2025-09-06,Latvia,Lithuania,85.591709,73.123904
1632,4,1,2025-09-06,Finland,Serbia,108.02306,111.84011
1633,1,1,2025-09-06,Turkey,Sweden,97.131803,74.852923
1633,2,1,2025-09-06,Germany,Portugal,79.184168,49.595622
1633,3,1,2025-09-06,Latvia,Lithuania,68.475418,69.647486
1633,4,1,2025-09-06,Finland,Serbia,87.910798,104.31562
1634,1,1,2025-09-06,Turkey,Sweden,84.518743,70.475096
1634,2,1,2025-09-06,Germany,Portugal,109.1157,70.449897000000007
1634,3,1,2025-09-06,Latvia,Lithuania,86.642787,86.088795
1634,4,1,2025-09-06,Finland,Serbia,83.13096,102.86311
1635,1,1,2025-09-06,Turkey,Sweden,88.851258,66.252321
1635,2,1,2025-09-06,Germany,Portugal,64.038808,45.921593
1635,3,1,2025-09-06,Latvia,Lithuania,91.371946,79.690307
1635,4,1,2025-09-06,Finland,Serbia,113.87406,74.067475
1636,1,1,2025-09-06,Turkey,Sweden,70.357969,75.341374
1636,2,1,2025-09-06,Germany,Portugal,85.577299,65.665256
1636,3,1,2025-09-06,Latvia,Lithuania,105.61749,92.695176
1636,4,1,2025-09-06,Finland,Serbia,77.132428,95.144164
1637,1,1,2025-09-06,Turkey,Sweden,98.370391,68.509445
1637,2,1,2025-09-06,Germany,Portugal,71.743176,71.052279
1637,3,1,2025-09-06,Latvia,Lithuania,78.217985,79.611735
1637,4,1,2025-09-06,Finland,Serbia,95.790353,92.692857
1638,1,1,2025-09-06,Turkey,Sweden,82.680632,72.795772
1638,2,1,2025-09-06,Germany,Portugal,95.079419,70.570442
1638,3,1,2025-09-06,Latvia,Lithuania,95.324901,72.671662
1638,4,1,2025-09-06,Finland,Serbia,77.271447,89.796751
1639,1,1,2025-09-06,Turkey,Sweden,74.432654,97.444627
1639,2,1,2025-09-06,Germany,Portugal,89.80841,57.515934
1639,3,1,2025-09-06,Latvia,Lithuania,95.503996,100.6151
1639,4,1,2025-09-06,Finland,Serbia,100.2186,95.679549
1640,1,1,2025-09-06,Turkey,Sweden,73.61408,81.178558
1640,2,1,2025-09-06,Germany,Portugal,83.051807,53.617362
1640,3,1,2025-09-06,Latvia,Lithuania,84.72469,77.217214
1640,4,1,2025-09-06,Finland,Serbia,79.235875,95.226735
1641,1,1,2025-09-06,Turkey,Sweden,80.729034,70.648309
1641,2,1,2025-09-06,Germany,Portugal,107.51465,65.310879
1641,3,1,2025-09-06,Latvia,Lithuania,95.323283,80.791992
1641,4,1,2025-09-06,Finland,Serbia,99.677519,101.6683
1642,1,1,2025-09-06,Turkey,Sweden,101.30126,65.327985
1642,2,1,2025-09-06,Germany,Portugal,96.341894,81.922704
1642,3,1,2025-09-06,Latvia,Lithuania,95.580311,82.331932
1642,4,1,2025-09-06,Finland,Serbia,95.681591,95.387167
1643,1,1,2025-09-06,Turkey,Sweden,72.394384,66.198863
1643,2,1,2025-09-06,Germany,Portugal,100.76528,76.142552
1643,3,1,2025-09-06,Latvia,Lithuania,82.282436,86.841641
1643,4,1,2025-09-06,Finland,Serbia,77.783035,93.658217
1644,1,1,2025-09-06,Turkey,Sweden,79.725542,98.147196
1644,2,1,2025-09-06,Germany,Portugal,76.151358,70.06051
1644,3,1,2025-09-06,Latvia,Lithuania,88.74917,66.147842
1644,4,1,2025-09-06,Finland,Serbia,84.831203,102.18531
1645,1,1,2025-09-06,Turkey,Sweden,84.686685,92.698068
1645,2,1,2025-09-06,Germany,Portugal,86.816563,83.791193
1645,3,1,2025-09-06,Latvia,Lithuania,80.219251,93.086477
1645,4,1,2025-09-06,Finland,Serbia,102.08125,71.391713
1646,1,1,2025-09-06,Turkey,Sweden,60.478938,44.082328
1646,2,1,2025-09-06,Germany,Portugal,98.560908,67.822074
1646,3,1,2025-09-06,Latvia,Lithuania,102.6794,84.487885
1646,4,1,2025-09-06,Finland,Serbia,101.26962,100.37243
1647,1,1,2025-09-06,Turkey,Sweden,76.128773,83.832216
1647,2,1,2025-09-06,Germany,Portugal,97.89703,67.75998
1647,3,1,2025-09-06,Latvia,Lithuania,92.899951,69.012705
1647,4,1,2025-09-06,Finland,Serbia,84.673109,80.794588
1648,1,1,2025-09-06,Turkey,Sweden,96.882812,61.214751
1648,2,1,2025-09-06,Germany,Portugal,89.07198,66.762073
1648,3,1,2025-09-06,Latvia,Lithuania,82.246798,80.182936
1648,4,1,2025-09-06,Finland,Serbia,90.945097,92.178828
1649,1,1,2025-09-06,Turkey,Sweden,78.299199,72.580209
1649,2,1,2025-09-06,Germany,Portugal,105.78165,50.446145
1649,3,1,2025-09-06,Latvia,Lithuania,102.04696,78.770786
1649,4,1,2025-09-06,Finland,Serbia,87.241606,107.92541
1650,1,1,2025-09-06,Turkey,Sweden,101.39641,79.491362
1650,2,1,2025-09-06,Germany,Portugal,72.685502,47.434977
1650,3,1,2025-09-06,Latvia,Lithuania,70.725464,75.581313
1650,4,1,2025-09-06,Finland,Serbia,72.189752,80.042241
1651,1,1,2025-09-06,Turkey,Sweden,72.472504,81.080988
1651,2,1,2025-09-06,Germany,Portugal,83.549823,61.611884
1651,3,1,2025-09-06,Latvia,Lithuania,87.362321,88.838915
1651,4,1,2025-09-06,Finland,Serbia,107.956,100.72528
1652,1,1,2025-09-06,Turkey,Sweden,83.535882,75.401974
1652,2,1,2025-09-06,Germany,Portugal,93.709939,52.810306
1652,3,1,2025-09-06,Latvia,Lithuania,87.974932,74.029444
1652,4,1,2025-09-06,Finland,Serbia,87.372957,101.19253
1653,1,1,2025-09-06,Turkey,Sweden,79.000526,87.281585
1653,2,1,2025-09-06,Germany,Portugal,88.435477,71.598209
1653,3,1,2025-09-06,Latvia,Lithuania,94.362421,91.082185
1653,4,1,2025-09-06,Finland,Serbia,89.088015,99.63911
1654,1,1,2025-09-06,Turkey,Sweden,82.092215,85.965192
1654,2,1,2025-09-06,Germany,Portugal,108.62617,57.397005
1654,3,1,2025-09-06,Latvia,Lithuania,96.912922,70.781589
1654,4,1,2025-09-06,Finland,Serbia,106.02228,99.163679
1655,1,1,2025-09-06,Turkey,Sweden,74.187411,66.372328
1655,2,1,2025-09-06,Germany,Portugal,77.540282,67.480365
1655,3,1,2025-09-06,Latvia,Lithuania,80.184523,82.205245
1655,4,1,2025-09-06,Finland,Serbia,97.035069,103.71481
1656,1,1,2025-09-06,Turkey,Sweden,86.264849,81.578204
1656,2,1,2025-09-06,Germany,Portugal,116.79057,42.069685
1656,3,1,2025-09-06,Latvia,Lithuania,96.854669,86.34015
1656,4,1,2025-09-06,Finland,Serbia,95.93777,93.568383
1657,1,1,2025-09-06,Turkey,Sweden,90.345019,65.754826
1657,2,1,2025-09-06,Germany,Portugal,94.90114,51.510938
1657,3,1,2025-09-06,Latvia,Lithuania,101.48416,89.609022
1657,4,1,2025-09-06,Finland,Serbia,101.22568,93.987699
1658,1,1,2025-09-06,Turkey,Sweden,84.364933,74.493211
1658,2,1,2025-09-06,Germany,Portugal,99.173063,55.319525
1658,3,1,2025-09-06,Latvia,Lithuania,74.632089,70.505816
1658,4,1,2025-09-06,Finland,Serbia,91.748995,89.644567
1659,1,1,2025-09-06,Turkey,Sweden,89.816458,81.871513
1659,2,1,2025-09-06,Germany,Portugal,92.388557,76.394827
1659,3,1,2025-09-06,Latvia,Lithuania,100.04745,83.254175
1659,4,1,2025-09-06,Finland,Serbia,88.636201,93.704701
1660,1,1,2025-09-06,Turkey,Sweden,86.954949,76.342016
1660,2,1,2025-09-06,Germany,Portugal,86.894154,89.240298
1660,3,1,2025-09-06,Latvia,Lithuania,80.307952,100.6247
1660,4,1,2025-09-06,Finland,Serbia,89.664932,105.75165
1661,1,1,2025-09-06,Turkey,Sweden,88.682453,84.462199
1661,2,1,2025-09-06,Germany,Portugal,58.453371,73.118084
1661,3,1,2025-09-06,Latvia,Lithuania,73.569878,88.881179
1661,4,1,2025-09-06,Finland,Serbia,100.4333,122.67192
1662,1,1,2025-09-06,Turkey,Sweden,76.268467,71.450402
1662,2,1,2025-09-06,Germany,Portugal,103.9411,75.0123
1662,3,1,2025-09-06,Latvia,Lithuania,98.088217,89.930296
1662,4,1,2025-09-06,Finland,Serbia,83.291386,94.600442
1663,1,1,2025-09-06,Turkey,Sweden,84.498381,80.125696
1663,2,1,2025-09-06,Germany,Portugal,72.329799,44.032648
1663,3,1,2025-09-06,Latvia,Lithuania,78.305089,89.872678
1663,4,1,2025-09-06,Finland,Serbia,86.195673,76.944836
1664,1,1,2025-09-06,Turkey,Sweden,82.7295,92.360442
1664,2,1,2025-09-06,Germany,Portugal,85.368018,73.301691
1664,3,1,2025-09-06,Latvia,Lithuania,72.044871,105.85474
1664,4,1,2025-09-06,Finland,Serbia,91.015604,109.80717
1665,1,1,2025-09-06,Turkey,Sweden,98.040959,70.749834
1665,2,1,2025-09-06,Germany,Portugal,92.774034,70.508322
1665,3,1,2025-09-06,Latvia,Lithuania,110.6558,89.589838
1665,4,1,2025-09-06,Finland,Serbia,98.615969,88.27911
1666,1,1,2025-09-06,Turkey,Sweden,90.462587,80.55705
1666,2,1,2025-09-06,Germany,Portugal,96.975957,66.689181
1666,3,1,2025-09-06,Latvia,Lithuania,63.637663,70.146115
1666,4,1,2025-09-06,Finland,Serbia,93.440805,88.262643
1667,1,1,2025-09-06,Turkey,Sweden,72.896379,88.412934
1667,2,1,2025-09-06,Germany,Portugal,81.698287,62.539016
1667,3,1,2025-09-06,Latvia,Lithuania,85.652459,97.204149
1667,4,1,2025-09-06,Finland,Serbia,90.201389,93.301043
1668,1,1,2025-09-06,Turkey,Sweden,93.953486,80.416763
1668,2,1,2025-09-06,Germany,Portugal,86.512449,57.096183
1668,3,1,2025-09-06,Latvia,Lithuania,82.264563,80.569627
1668,4,1,2025-09-06,Finland,Serbia,88.417808,117.68122
1669,1,1,2025-09-06,Turkey,Sweden,86.411744,69.09087
1669,2,1,2025-09-06,Germany,Portugal,91.135838,47.96717
1669,3,1,2025-09-06,Latvia,Lithuania,94.62691,70.219829
1669,4,1,2025-09-06,Finland,Serbia,75.129335,97.123812
1670,1,1,2025-09-06,Turkey,Sweden,86.27468,76.81702
1670,2,1,2025-09-06,Germany,Portugal,86.910487,67.089905
1670,3,1,2025-09-06,Latvia,Lithuania,83.53792,73.270251
1670,4,1,2025-09-06,Finland,Serbia,91.963261,85.206714
1671,1,1,2025-09-06,Turkey,Sweden,111.39748,84.856722
1671,2,1,2025-09-06,Germany,Portugal,103.67959,53.128029
1671,3,1,2025-09-06,Latvia,Lithuania,71.667125,81.767881
1671,4,1,2025-09-06,Finland,Serbia,95.785708,119.05211
1672,1,1,2025-09-06,Turkey,Sweden,96.388421,78.575437
1672,2,1,2025-09-06,Germany,Portugal,94.412669,82.574427
1672,3,1,2025-09-06,Latvia,Lithuania,91.109209,91.474051
1672,4,1,2025-09-06,Finland,Serbia,78.561093,86.630301
1673,1,1,2025-09-06,Turkey,Sweden,89.287379,83.929742
1673,2,1,2025-09-06,Germany,Portugal,108.79314,50.899283
1673,3,1,2025-09-06,Latvia,Lithuania,94.496801,89.540299
1673,4,1,2025-09-06,Finland,Serbia,98.646362,90.510173
1674,1,1,2025-09-06,Turkey,Sweden,68.215786,73.875635
1674,2,1,2025-09-06,Germany,Portugal,84.726509,51.576722
1674,3,1,2025-09-06,Latvia,Lithuania,90.744714,92.934306
1674,4,1,2025-09-06,Finland,Serbia,88.295817,87.409216
1675,1,1,2025-09-06,Turkey,Sweden,86.830836,54.767439
1675,2,1,2025-09-06,Germany,Portugal,104.59807,61.403133
1675,3,1,2025-09-06,Latvia,Lithuania,82.020155,76.590676
1675,4,1,2025-09-06,Finland,Serbia,74.891209,93.907981
1676,1,1,2025-09-06,Turkey,Sweden,113.04073,113.0051
1676,2,1,2025-09-06,Germany,Portugal,84.945407,65.700145
1676,3,1,2025-09-06,Latvia,Lithuania,82.114591,60.866806
1676,4,1,2025-09-06,Finland,Serbia,94.986506,84.630711
1677,1,1,2025-09-06,Turkey,Sweden,87.655673,71.657655
1677,2,1,2025-09-06,Germany,Portugal,72.43803,69.680289
1677,3,1,2025-09-06,Latvia,Lithuania,99.776877,98.857598
1677,4,1,2025-09-06,Finland,Serbia,105.365,104.04479
1678,1,1,2025-09-06,Turkey,Sweden,80.176555,78.117744
1678,2,1,2025-09-06,Germany,Portugal,93.499024,61.736589
1678,3,1,2025-09-06,Latvia,Lithuania,90.227999,98.047091
1678,4,1,2025-09-06,Finland,Serbia,75.96733,88.053675
1679,1,1,2025-09-06,Turkey,Sweden,78.212345,91.11403
1679,2,1,2025-09-06,Germany,Portugal,98.302717,85.916995
1679,3,1,2025-09-06,Latvia,Lithuania,81.506686,88.812876
1679,4,1,2025-09-06,Finland,Serbia,55.511301,69.243045
1680,1,1,2025-09-06,Turkey,Sweden,90.173603,62.550897
1680,2,1,2025-09-06,Germany,Portugal,96.264947,63.657612
1680,3,1,2025-09-06,Latvia,Lithuania,94.349757,78.953991
1680,4,1,2025-09-06,Finland,Serbia,85.440968,101.88297
1681,1,1,2025-09-06,Turkey,Sweden,99.901519,96.730115
1681,2,1,2025-09-06,Germany,Portugal,78.399474,44.955607
1681,3,1,2025-09-06,Latvia,Lithuania,78.698533,108.55233
1681,4,1,2025-09-06,Finland,Serbia,92.770425,88.051312
1682,1,1,2025-09-06,Turkey,Sweden,107.57121,81.553559
1682,2,1,2025-09-06,Germany,Portugal,84.926287,80.157616
1682,3,1,2025-09-06,Latvia,Lithuania,82.823818,83.251764
1682,4,1,2025-09-06,Finland,Serbia,101.19677,109.63461
1683,1,1,2025-09-06,Turkey,Sweden,78.032922,63.227521
1683,2,1,2025-09-06,Germany,Portugal,109.61259,61.823018
1683,3,1,2025-09-06,Latvia,Lithuania,114.47476,82.063467
1683,4,1,2025-09-06,Finland,Serbia,98.470996,102.30389
1684,1,1,2025-09-06,Turkey,Sweden,82.460004,75.009636
1684,2,1,2025-09-06,Germany,Portugal,97.609872,71.451994
1684,3,1,2025-09-06,Latvia,Lithuania,79.953374,73.163648
1684,4,1,2025-09-06,Finland,Serbia,106.44042,99.432442
1685,1,1,2025-09-06,Turkey,Sweden,86.307132,67.26733
1685,2,1,2025-09-06,Germany,Portugal,94.26747,71.670404
1685,3,1,2025-09-06,Latvia,Lithuania,99.357776,70.218885
1685,4,1,2025-09-06,Finland,Serbia,82.120579,76.265521
1686,1,1,2025-09-06,Turkey,Sweden,87.174638,59.206413
1686,2,1,2025-09-06,Germany,Portugal,74.699366,78.70701
1686,3,1,2025-09-06,Latvia,Lithuania,83.545772,58.763104
1686,4,1,2025-09-06,Finland,Serbia,78.839553,112.10056
1687,1,1,2025-09-06,Turkey,Sweden,99.24651,91.065516
1687,2,1,2025-09-06,Germany,Portugal,76.769603,91.510654
1687,3,1,2025-09-06,Latvia,Lithuania,94.717608,86.062149
1687,4,1,2025-09-06,Finland,Serbia,82.74165,102.91037
1688,1,1,2025-09-06,Turkey,Sweden,89.509821,69.875057
1688,2,1,2025-09-06,Germany,Portugal,85.513126,77.362157
1688,3,1,2025-09-06,Latvia,Lithuania,106.05226,94.53752
1688,4,1,2025-09-06,Finland,Serbia,86.720831,99.190036
1689,1,1,2025-09-06,Turkey,Sweden,82.632845,74.913319
1689,2,1,2025-09-06,Germany,Portugal,100.94341,83.02689
1689,3,1,2025-09-06,Latvia,Lithuania,96.507287,86.886249
1689,4,1,2025-09-06,Finland,Serbia,91.822126,92.914857
1690,1,1,2025-09-06,Turkey,Sweden,87.85699,72.499092
1690,2,1,2025-09-06,Germany,Portugal,74.636767,48.27948
1690,3,1,2025-09-06,Latvia,Lithuania,98.951674,78.104587
1690,4,1,2025-09-06,Finland,Serbia,79.536233,88.020618
1691,1,1,2025-09-06,Turkey,Sweden,95.966682,83.618887
1691,2,1,2025-09-06,Germany,Portugal,87.213246,78.499069
1691,3,1,2025-09-06,Latvia,Lithuania,77.05316,84.304671
1691,4,1,2025-09-06,Finland,Serbia,87.819563,104.83089
1692,1,1,2025-09-06,Turkey,Sweden,93.105601,77.01923
1692,2,1,2025-09-06,Germany,Portugal,108.33173,72.847609
1692,3,1,2025-09-06,Latvia,Lithuania,81.516773,89.806843
1692,4,1,2025-09-06,Finland,Serbia,79.920323,97.277316
1693,1,1,2025-09-06,Turkey,Sweden,97.338151,98.460485
1693,2,1,2025-09-06,Germany,Portugal,88.1512,48.242411
1693,3,1,2025-09-06,Latvia,Lithuania,83.220432,80.438752
1693,4,1,2025-09-06,Finland,Serbia,92.519533,95.60745
1694,1,1,2025-09-06,Turkey,Sweden,95.972124,97.047446
1694,2,1,2025-09-06,Germany,Portugal,92.013495,84.399177
1694,3,1,2025-09-06,Latvia,Lithuania,91.241846,90.03488
1694,4,1,2025-09-06,Finland,Serbia,122.01099,118.04761
1695,1,1,2025-09-06,Turkey,Sweden,89.914764,76.323308
1695,2,1,2025-09-06,Germany,Portugal,90.554853,53.206228
1695,3,1,2025-09-06,Latvia,Lithuania,108.08276,77.955423
1695,4,1,2025-09-06,Finland,Serbia,89.312871,91.511118
1696,1,1,2025-09-06,Turkey,Sweden,95.230263,67.97148
1696,2,1,2025-09-06,Germany,Portugal,78.738882,71.514555
1696,3,1,2025-09-06,Latvia,Lithuania,98.525146,86.863977
1696,4,1,2025-09-06,Finland,Serbia,93.615457,85.565609
1697,1,1,2025-09-06,Turkey,Sweden,97.989828,78.563857
1697,2,1,2025-09-06,Germany,Portugal,91.765378,65.521266
1697,3,1,2025-09-06,Latvia,Lithuania,80.79528,71.2308
1697,4,1,2025-09-06,Finland,Serbia,89.702401,99.222282
1698,1,1,2025-09-06,Turkey,Sweden,92.009998,85.035248
1698,2,1,2025-09-06,Germany,Portugal,84.568435,62.794053
1698,3,1,2025-09-06,Latvia,Lithuania,91.998287,72.139062
1698,4,1,2025-09-06,Finland,Serbia,91.103919,96.021182
1699,1,1,2025-09-06,Turkey,Sweden,76.093032,69.944471
1699,2,1,2025-09-06,Germany,Portugal,93.488515,66.513829
1699,3,1,2025-09-06,Latvia,Lithuania,78.190573,86.680353
1699,4,1,2025-09-06,Finland,Serbia,83.016025,97.811456
1700,1,1,2025-09-06,Turkey,Sweden,76.423415,75.102792
1700,2,1,2025-09-06,Germany,Portugal,68.86626,46.897799
1700,3,1,2025-09-06,Latvia,Lithuania,92.52086,85.179251
1700,4,1,2025-09-06,Finland,Serbia,86.177186,97.70486
1701,1,1,2025-09-06,Turkey,Sweden,84.962238,84.859095
1701,2,1,2025-09-06,Germany,Portugal,85.851566,69.893228
1701,3,1,2025-09-06,Latvia,Lithuania,75.107925,72.881525
1701,4,1,2025-09-06,Finland,Serbia,78.75728,96.060141
1702,1,1,2025-09-06,Turkey,Sweden,86.705104,60.837558
1702,2,1,2025-09-06,Germany,Portugal,107.77474,67.13127
1702,3,1,2025-09-06,Latvia,Lithuania,81.762837,94.888956
1702,4,1,2025-09-06,Finland,Serbia,91.58526,117.686
1703,1,1,2025-09-06,Turkey,Sweden,58.283391,73.210277
1703,2,1,2025-09-06,Germany,Portugal,94.5134,64.795336
1703,3,1,2025-09-06,Latvia,Lithuania,79.24307,67.316044
1703,4,1,2025-09-06,Finland,Serbia,91.078699,104.5416
1704,1,1,2025-09-06,Turkey,Sweden,82.523286,58.060463
1704,2,1,2025-09-06,Germany,Portugal,70.425072,59.780083
1704,3,1,2025-09-06,Latvia,Lithuania,90.119597,93.387757
1704,4,1,2025-09-06,Finland,Serbia,77.428984,105.14851
1705,1,1,2025-09-06,Turkey,Sweden,99.579580000000007,63.565776
1705,2,1,2025-09-06,Germany,Portugal,80.422106,65.023097
1705,3,1,2025-09-06,Latvia,Lithuania,80.59152,83.226991
1705,4,1,2025-09-06,Finland,Serbia,110.53093,131.48277
1706,1,1,2025-09-06,Turkey,Sweden,73.336677,85.292674
1706,2,1,2025-09-06,Germany,Portugal,76.806958,67.029648
1706,3,1,2025-09-06,Latvia,Lithuania,66.221701,58.484156
1706,4,1,2025-09-06,Finland,Serbia,96.98839,91.865878
1707,1,1,2025-09-06,Turkey,Sweden,81.417696,86.701178
1707,2,1,2025-09-06,Germany,Portugal,91.192914,59.846412
1707,3,1,2025-09-06,Latvia,Lithuania,91.369236,76.619352
1707,4,1,2025-09-06,Finland,Serbia,78.053322,111.97088
1708,1,1,2025-09-06,Turkey,Sweden,88.587174,86.150165
1708,2,1,2025-09-06,Germany,Portugal,90.930127,63.281616
1708,3,1,2025-09-06,Latvia,Lithuania,85.807031,96.243406
1708,4,1,2025-09-06,Finland,Serbia,91.033632,88.573325
1709,1,1,2025-09-06,Turkey,Sweden,83.231177,74.479317
1709,2,1,2025-09-06,Germany,Portugal,90.437844,51.611839
1709,3,1,2025-09-06,Latvia,Lithuania,74.202778,86.347383
1709,4,1,2025-09-06,Finland,Serbia,86.217163,82.020496
1710,1,1,2025-09-06,Turkey,Sweden,80.373008,61.815351
1710,2,1,2025-09-06,Germany,Portugal,81.728082,62.554631
1710,3,1,2025-09-06,Latvia,Lithuania,80.77887,82.216413
1710,4,1,2025-09-06,Finland,Serbia,112.61379,101.06064
1711,1,1,2025-09-06,Turkey,Sweden,85.078029,76.891906
1711,2,1,2025-09-06,Germany,Portugal,95.135285,67.920434
1711,3,1,2025-09-06,Latvia,Lithuania,89.920239,100.94673
1711,4,1,2025-09-06,Finland,Serbia,74.472557,100.34607
1712,1,1,2025-09-06,Turkey,Sweden,58.837503,65.193776
1712,2,1,2025-09-06,Germany,Portugal,84.039254,67.67102
1712,3,1,2025-09-06,Latvia,Lithuania,99.51612,71.480046
1712,4,1,2025-09-06,Finland,Serbia,93.322806,97.32674
1713,1,1,2025-09-06,Turkey,Sweden,81.737952,73.897619
1713,2,1,2025-09-06,Germany,Portugal,90.163793,58.685387
1713,3,1,2025-09-06,Latvia,Lithuania,94.784466,81.090288
1713,4,1,2025-09-06,Finland,Serbia,76.899554,97.757782
1714,1,1,2025-09-06,Turkey,Sweden,95.800774,83.908076
1714,2,1,2025-09-06,Germany,Portugal,83.046283,58.664109
1714,3,1,2025-09-06,Latvia,Lithuania,79.432331,83.746151
1714,4,1,2025-09-06,Finland,Serbia,78.203457,91.907588
1715,1,1,2025-09-06,Turkey,Sweden,95.726034,91.707372
1715,2,1,2025-09-06,Germany,Portugal,82.772065,75.133528
1715,3,1,2025-09-06,Latvia,Lithuania,91.118847,99.337664
1715,4,1,2025-09-06,Finland,Serbia,96.159505,101.71059
1716,1,1,2025-09-06,Turkey,Sweden,92.914845,56.363736
1716,2,1,2025-09-06,Germany,Portugal,98.468199,69.874883
1716,3,1,2025-09-06,Latvia,Lithuania,98.645902,112.61093
1716,4,1,2025-09-06,Finland,Serbia,96.330126,87.497554
1717,1,1,2025-09-06,Turkey,Sweden,84.960403,84.165337
1717,2,1,2025-09-06,Germany,Portugal,82.774442,70.765261
1717,3,1,2025-09-06,Latvia,Lithuania,89.738295,78.114604
1717,4,1,2025-09-06,Finland,Serbia,78.312157,88.771485
1718,1,1,2025-09-06,Turkey,Sweden,91.087382,86.421545
1718,2,1,2025-09-06,Germany,Portugal,110.73434,74.045164
1718,3,1,2025-09-06,Latvia,Lithuania,91.529115,92.178184
1718,4,1,2025-09-06,Finland,Serbia,95.095529,74.32376
1719,1,1,2025-09-06,Turkey,Sweden,56.266378,81.105377
1719,2,1,2025-09-06,Germany,Portugal,106.79524,46.525607
1719,3,1,2025-09-06,Latvia,Lithuania,112.42561,95.654491
1719,4,1,2025-09-06,Finland,Serbia,77.191609,94.231663
1720,1,1,2025-09-06,Turkey,Sweden,81.859803,96.854788
1720,2,1,2025-09-06,Germany,Portugal,87.614249,72.434307
1720,3,1,2025-09-06,Latvia,Lithuania,80.636018000000007,77.27616
1720,4,1,2025-09-06,Finland,Serbia,97.332778,101.39692
1721,1,1,2025-09-06,Turkey,Sweden,93.39915,75.583282
1721,2,1,2025-09-06,Germany,Portugal,81.836097,61.599399
1721,3,1,2025-09-06,Latvia,Lithuania,80.328926,81.660074
1721,4,1,2025-09-06,Finland,Serbia,92.170662,113.47384
1722,1,1,2025-09-06,Turkey,Sweden,86.042232,81.15773
1722,2,1,2025-09-06,Germany,Portugal,113.08492,54.823378
1722,3,1,2025-09-06,Latvia,Lithuania,99.956611,96.925487
1722,4,1,2025-09-06,Finland,Serbia,85.032161,77.908565
1723,1,1,2025-09-06,Turkey,Sweden,82.427967,86.74502
1723,2,1,2025-09-06,Germany,Portugal,70.128442,57.759273
1723,3,1,2025-09-06,Latvia,Lithuania,94.526249000000007,84.156346
1723,4,1,2025-09-06,Finland,Serbia,74.932544,91.425252
1724,1,1,2025-09-06,Turkey,Sweden,93.838336,73.634184
1724,2,1,2025-09-06,Germany,Portugal,82.079832,48.52577
1724,3,1,2025-09-06,Latvia,Lithuania,68.289566,91.409304
1724,4,1,2025-09-06,Finland,Serbia,88.919526,105.20707
1725,1,1,2025-09-06,Turkey,Sweden,103.1708,80.886866
1725,2,1,2025-09-06,Germany,Portugal,89.393686,76.752566
1725,3,1,2025-09-06,Latvia,Lithuania,80.58509,88.597729
1725,4,1,2025-09-06,Finland,Serbia,96.357969,97.148629
1726,1,1,2025-09-06,Turkey,Sweden,77.318133,92.04335
1726,2,1,2025-09-06,Germany,Portugal,91.770742,64.115238
1726,3,1,2025-09-06,Latvia,Lithuania,80.270771,81.514828
1726,4,1,2025-09-06,Finland,Serbia,80.997166000000007,98.908603
1727,1,1,2025-09-06,Turkey,Sweden,85.425546,79.88735
1727,2,1,2025-09-06,Germany,Portugal,99.542656,54.338943
1727,3,1,2025-09-06,Latvia,Lithuania,90.928819,82.412752
1727,4,1,2025-09-06,Finland,Serbia,86.072744,93.598897
1728,1,1,2025-09-06,Turkey,Sweden,77.347598,81.556341
1728,2,1,2025-09-06,Germany,Portugal,90.42907,69.72133
1728,3,1,2025-09-06,Latvia,Lithuania,96.913246,75.669313
1728,4,1,2025-09-06,Finland,Serbia,98.297914,79.940094
1729,1,1,2025-09-06,Turkey,Sweden,80.806351,91.126561
1729,2,1,2025-09-06,Germany,Portugal,83.632051,73.418467
1729,3,1,2025-09-06,Latvia,Lithuania,87.249598,95.745829
1729,4,1,2025-09-06,Finland,Serbia,81.149172,93.803236
1730,1,1,2025-09-06,Turkey,Sweden,92.538765,83.94683
1730,2,1,2025-09-06,Germany,Portugal,99.836896,62.971138
1730,3,1,2025-09-06,Latvia,Lithuania,86.211329,81.101785
1730,4,1,2025-09-06,Finland,Serbia,92.547257,105.41814
1731,1,1,2025-09-06,Turkey,Sweden,87.718677,73.125195
1731,2,1,2025-09-06,Germany,Portugal,78.685812,69.407332
1731,3,1,2025-09-06,Latvia,Lithuania,70.931958,66.86341
1731,4,1,2025-09-06,Finland,Serbia,84.065483,86.955434
1732,1,1,2025-09-06,Turkey,Sweden,108.54478,67.597972
1732,2,1,2025-09-06,Germany,Portugal,81.797147,57.955363
1732,3,1,2025-09-06,Latvia,Lithuania,82.993346,75.663713
1732,4,1,2025-09-06,Finland,Serbia,84.821661,90.32367
1733,1,1,2025-09-06,Turkey,Sweden,81.808578,89.696743
1733,2,1,2025-09-06,Germany,Portugal,96.392741,67.8733
1733,3,1,2025-09-06,Latvia,Lithuania,91.571411,100.58906
1733,4,1,2025-09-06,Finland,Serbia,78.823598,94.541181
1734,1,1,2025-09-06,Turkey,Sweden,102.08148,79.234082
1734,2,1,2025-09-06,Germany,Portugal,81.613782,49.806442
1734,3,1,2025-09-06,Latvia,Lithuania,87.876091,95.920138
1734,4,1,2025-09-06,Finland,Serbia,85.491267,85.50145
1735,1,1,2025-09-06,Turkey,Sweden,85.284459,90.608865
1735,2,1,2025-09-06,Germany,Portugal,76.199369,65.110088
1735,3,1,2025-09-06,Latvia,Lithuania,77.444372,96.531389
1735,4,1,2025-09-06,Finland,Serbia,86.412424,105.46049
1736,1,1,2025-09-06,Turkey,Sweden,81.326557,82.780831
1736,2,1,2025-09-06,Germany,Portugal,82.555883,70.088583
1736,3,1,2025-09-06,Latvia,Lithuania,95.495065,92.030197
1736,4,1,2025-09-06,Finland,Serbia,66.793019,81.059125
1737,1,1,2025-09-06,Turkey,Sweden,80.116379,66.102898
1737,2,1,2025-09-06,Germany,Portugal,84.671274,65.979431
1737,3,1,2025-09-06,Latvia,Lithuania,84.191814,89.417015
1737,4,1,2025-09-06,Finland,Serbia,91.145889,89.376132
1738,1,1,2025-09-06,Turkey,Sweden,75.945571,76.428851
1738,2,1,2025-09-06,Germany,Portugal,87.702583,74.630218
1738,3,1,2025-09-06,Latvia,Lithuania,93.759084,93.341523
1738,4,1,2025-09-06,Finland,Serbia,87.12855,83.402577
1739,1,1,2025-09-06,Turkey,Sweden,87.083845,80.230824
1739,2,1,2025-09-06,Germany,Portugal,104.5991,77.587758
1739,3,1,2025-09-06,Latvia,Lithuania,80.301389,82.819557
1739,4,1,2025-09-06,Finland,Serbia,98.185864,97.140074
1740,1,1,2025-09-06,Turkey,Sweden,95.246211,70.766374
1740,2,1,2025-09-06,Germany,Portugal,81.107308,51.564635
1740,3,1,2025-09-06,Latvia,Lithuania,75.793793,74.358558
1740,4,1,2025-09-06,Finland,Serbia,98.061107,87.282207
1741,1,1,2025-09-06,Turkey,Sweden,72.20035,65.718967
1741,2,1,2025-09-06,Germany,Portugal,73.806643,53.371332
1741,3,1,2025-09-06,Latvia,Lithuania,100.46553,77.506117
1741,4,1,2025-09-06,Finland,Serbia,67.62104,91.232426
1742,1,1,2025-09-06,Turkey,Sweden,92.184238,74.894732
1742,2,1,2025-09-06,Germany,Portugal,93.913094,64.839842
1742,3,1,2025-09-06,Latvia,Lithuania,85.977355,72.338578
1742,4,1,2025-09-06,Finland,Serbia,70.598629,81.411117
1743,1,1,2025-09-06,Turkey,Sweden,92.365021,83.515813
1743,2,1,2025-09-06,Germany,Portugal,73.687362,63.909835
1743,3,1,2025-09-06,Latvia,Lithuania,80.46786,97.730337
1743,4,1,2025-09-06,Finland,Serbia,96.488548,95.339836
1744,1,1,2025-09-06,Turkey,Sweden,87.99549,65.10964
1744,2,1,2025-09-06,Germany,Portugal,77.476692,63.290107
1744,3,1,2025-09-06,Latvia,Lithuania,90.651856,84.828406
1744,4,1,2025-09-06,Finland,Serbia,74.990705,92.958265
1745,1,1,2025-09-06,Turkey,Sweden,87.175203,49.90398
1745,2,1,2025-09-06,Germany,Portugal,85.486973,67.093886
1745,3,1,2025-09-06,Latvia,Lithuania,85.334,72.736521
1745,4,1,2025-09-06,Finland,Serbia,65.941267,89.406074
1746,1,1,2025-09-06,Turkey,Sweden,88.059232,55.135005
1746,2,1,2025-09-06,Germany,Portugal,75.556142,99.674916
1746,3,1,2025-09-06,Latvia,Lithuania,101.14171,73.914343
1746,4,1,2025-09-06,Finland,Serbia,92.931576,99.556788
1747,1,1,2025-09-06,Turkey,Sweden,99.554193,71.0893
1747,2,1,2025-09-06,Germany,Portugal,83.211572,61.916163
1747,3,1,2025-09-06,Latvia,Lithuania,94.57677,75.198705
1747,4,1,2025-09-06,Finland,Serbia,87.331284,83.352325
1748,1,1,2025-09-06,Turkey,Sweden,64.396208,72.991224
1748,2,1,2025-09-06,Germany,Portugal,89.199509,71.76145
1748,3,1,2025-09-06,Latvia,Lithuania,109.32099,94.029359
1748,4,1,2025-09-06,Finland,Serbia,82.052857,108.38751
1749,1,1,2025-09-06,Turkey,Sweden,90.101689,58.875362
1749,2,1,2025-09-06,Germany,Portugal,99.193593,71.52036
1749,3,1,2025-09-06,Latvia,Lithuania,79.097638,70.430434
1749,4,1,2025-09-06,Finland,Serbia,94.730565,104.31642
1750,1,1,2025-09-06,Turkey,Sweden,79.083668,84.771933
1750,2,1,2025-09-06,Germany,Portugal,113.85655,84.361511
1750,3,1,2025-09-06,Latvia,Lithuania,100.97543,93.697284
1750,4,1,2025-09-06,Finland,Serbia,93.371318,88.334769
1751,1,1,2025-09-06,Turkey,Sweden,78.508451,74.312023
1751,2,1,2025-09-06,Germany,Portugal,89.014918,58.175757
1751,3,1,2025-09-06,Latvia,Lithuania,79.879257,86.723305
1751,4,1,2025-09-06,Finland,Serbia,114.06337,108.78533
1752,1,1,2025-09-06,Turkey,Sweden,70.993876,81.981266
1752,2,1,2025-09-06,Germany,Portugal,96.459182,72.429293
1752,3,1,2025-09-06,Latvia,Lithuania,90.153251,100.33697
1752,4,1,2025-09-06,Finland,Serbia,92.630028,87.039208
1753,1,1,2025-09-06,Turkey,Sweden,83.943974,76.019688
1753,2,1,2025-09-06,Germany,Portugal,93.065462,65.918442
1753,3,1,2025-09-06,Latvia,Lithuania,89.231351,84.531844
1753,4,1,2025-09-06,Finland,Serbia,96.145918,113.96526
1754,1,1,2025-09-06,Turkey,Sweden,96.096997,65.276915
1754,2,1,2025-09-06,Germany,Portugal,107.47779,68.632348
1754,3,1,2025-09-06,Latvia,Lithuania,80.550556,69.975464
1754,4,1,2025-09-06,Finland,Serbia,111.22814,103.0978
1755,1,1,2025-09-06,Turkey,Sweden,71.927267,82.167245
1755,2,1,2025-09-06,Germany,Portugal,51.898469,66.466252
1755,3,1,2025-09-06,Latvia,Lithuania,82.070887,82.410851
1755,4,1,2025-09-06,Finland,Serbia,92.073279,106.42249
1756,1,1,2025-09-06,Turkey,Sweden,84.831256,78.934338
1756,2,1,2025-09-06,Germany,Portugal,71.735474,75.120864
1756,3,1,2025-09-06,Latvia,Lithuania,86.47307,75.503183
1756,4,1,2025-09-06,Finland,Serbia,103.06565,87.899924
1757,1,1,2025-09-06,Turkey,Sweden,86.530296,84.685524
1757,2,1,2025-09-06,Germany,Portugal,84.817385,51.524842
1757,3,1,2025-09-06,Latvia,Lithuania,80.46775,68.213783
1757,4,1,2025-09-06,Finland,Serbia,74.544385,81.488618
1758,1,1,2025-09-06,Turkey,Sweden,88.551333,89.555299
1758,2,1,2025-09-06,Germany,Portugal,80.443375,68.303387
1758,3,1,2025-09-06,Latvia,Lithuania,75.463626,94.441785
1758,4,1,2025-09-06,Finland,Serbia,120.83625,102.5248
1759,1,1,2025-09-06,Turkey,Sweden,78.568165,72.534682
1759,2,1,2025-09-06,Germany,Portugal,101.25883,66.319136
1759,3,1,2025-09-06,Latvia,Lithuania,93.479814,79.352714
1759,4,1,2025-09-06,Finland,Serbia,101.68239,86.016651
1760,1,1,2025-09-06,Turkey,Sweden,67.425664,60.851662
1760,2,1,2025-09-06,Germany,Portugal,66.936003,68.894278
1760,3,1,2025-09-06,Latvia,Lithuania,63.523148,66.353172
1760,4,1,2025-09-06,Finland,Serbia,93.801332,102.49862
1761,1,1,2025-09-06,Turkey,Sweden,87.451352,80.197727
1761,2,1,2025-09-06,Germany,Portugal,109.71304,71.509061
1761,3,1,2025-09-06,Latvia,Lithuania,82.263345,82.859843
1761,4,1,2025-09-06,Finland,Serbia,110.52147,96.759187
1762,1,1,2025-09-06,Turkey,Sweden,62.491811,71.982231
1762,2,1,2025-09-06,Germany,Portugal,87.503039,50.059754
1762,3,1,2025-09-06,Latvia,Lithuania,123.75406,81.212348
1762,4,1,2025-09-06,Finland,Serbia,97.100727,91.641456
1763,1,1,2025-09-06,Turkey,Sweden,82.94909,75.683447
1763,2,1,2025-09-06,Germany,Portugal,73.304205,57.292887
1763,3,1,2025-09-06,Latvia,Lithuania,86.071437,84.517897
1763,4,1,2025-09-06,Finland,Serbia,82.105633,82.354906
1764,1,1,2025-09-06,Turkey,Sweden,97.091194,78.731487
1764,2,1,2025-09-06,Germany,Portugal,83.089476,55.599746
1764,3,1,2025-09-06,Latvia,Lithuania,97.425552,84.314696
1764,4,1,2025-09-06,Finland,Serbia,83.633233,84.251716
1765,1,1,2025-09-06,Turkey,Sweden,81.511821,75.248848
1765,2,1,2025-09-06,Germany,Portugal,78.265319,73.140461
1765,3,1,2025-09-06,Latvia,Lithuania,93.609293,90.969855
1765,4,1,2025-09-06,Finland,Serbia,79.909884,89.338292
1766,1,1,2025-09-06,Turkey,Sweden,83.652929,80.357476
1766,2,1,2025-09-06,Germany,Portugal,85.688696,61.938841
1766,3,1,2025-09-06,Latvia,Lithuania,96.083888,94.968295
1766,4,1,2025-09-06,Finland,Serbia,97.384992,85.614229
1767,1,1,2025-09-06,Turkey,Sweden,87.939809,60.771913
1767,2,1,2025-09-06,Germany,Portugal,69.556817,60.029288
1767,3,1,2025-09-06,Latvia,Lithuania,75.177614,68.431224
1767,4,1,2025-09-06,Finland,Serbia,96.812767,97.533136
1768,1,1,2025-09-06,Turkey,Sweden,100.16767,113.33354
1768,2,1,2025-09-06,Germany,Portugal,105.34071,71.372599
1768,3,1,2025-09-06,Latvia,Lithuania,79.382685,80.469444
1768,4,1,2025-09-06,Finland,Serbia,80.957347,75.904712
1769,1,1,2025-09-06,Turkey,Sweden,76.815673,73.673364
1769,2,1,2025-09-06,Germany,Portugal,86.960941,39.708885
1769,3,1,2025-09-06,Latvia,Lithuania,66.431265,88.909173
1769,4,1,2025-09-06,Finland,Serbia,86.028013,85.089343
1770,1,1,2025-09-06,Turkey,Sweden,87.128624,93.427703
1770,2,1,2025-09-06,Germany,Portugal,111.90014,68.831541
1770,3,1,2025-09-06,Latvia,Lithuania,84.034477,81.250176
1770,4,1,2025-09-06,Finland,Serbia,107.17569,109.24055
1771,1,1,2025-09-06,Turkey,Sweden,82.070552,63.330694
1771,2,1,2025-09-06,Germany,Portugal,65.666386,55.65096
1771,3,1,2025-09-06,Latvia,Lithuania,80.555712,76.479271
1771,4,1,2025-09-06,Finland,Serbia,96.336379,93.091838
1772,1,1,2025-09-06,Turkey,Sweden,89.202075,89.224171
1772,2,1,2025-09-06,Germany,Portugal,81.054248,64.125047
1772,3,1,2025-09-06,Latvia,Lithuania,71.05368,62.288207
1772,4,1,2025-09-06,Finland,Serbia,92.637317,106.67973
1773,1,1,2025-09-06,Turkey,Sweden,86.930505,82.868603
1773,2,1,2025-09-06,Germany,Portugal,74.198822,62.431976
1773,3,1,2025-09-06,Latvia,Lithuania,80.200907,74.993673
1773,4,1,2025-09-06,Finland,Serbia,97.994628,103.36456
1774,1,1,2025-09-06,Turkey,Sweden,88.347462,102.30977
1774,2,1,2025-09-06,Germany,Portugal,89.248868,53.674387
1774,3,1,2025-09-06,Latvia,Lithuania,90.542955,84.071514
1774,4,1,2025-09-06,Finland,Serbia,98.654403,94.955662
1775,1,1,2025-09-06,Turkey,Sweden,74.33121,59.840221
1775,2,1,2025-09-06,Germany,Portugal,90.144396,58.891848
1775,3,1,2025-09-06,Latvia,Lithuania,96.483833,73.555846
1775,4,1,2025-09-06,Finland,Serbia,102.16287,93.390021
1776,1,1,2025-09-06,Turkey,Sweden,90.933014,91.872599
1776,2,1,2025-09-06,Germany,Portugal,105.5495,64.347088
1776,3,1,2025-09-06,Latvia,Lithuania,86.143697,102.39778
1776,4,1,2025-09-06,Finland,Serbia,94.615058,119.34639
1777,1,1,2025-09-06,Turkey,Sweden,69.255694,84.015456
1777,2,1,2025-09-06,Germany,Portugal,89.388435,46.84131
1777,3,1,2025-09-06,Latvia,Lithuania,75.853602,85.72493
1777,4,1,2025-09-06,Finland,Serbia,79.837947,88.990839
1778,1,1,2025-09-06,Turkey,Sweden,99.824958,87.439095
1778,2,1,2025-09-06,Germany,Portugal,81.990674,57.066077
1778,3,1,2025-09-06,Latvia,Lithuania,77.419123,70.270386
1778,4,1,2025-09-06,Finland,Serbia,96.005165,94.105983
1779,1,1,2025-09-06,Turkey,Sweden,87.644465,86.758406
1779,2,1,2025-09-06,Germany,Portugal,65.651709,25.272895
1779,3,1,2025-09-06,Latvia,Lithuania,102.3593,82.833533
1779,4,1,2025-09-06,Finland,Serbia,97.251754,102.47165
1780,1,1,2025-09-06,Turkey,Sweden,89.058814,72.127366
1780,2,1,2025-09-06,Germany,Portugal,110.73442,60.507798
1780,3,1,2025-09-06,Latvia,Lithuania,84.942461,87.284717
1780,4,1,2025-09-06,Finland,Serbia,101.62949,109.51738
1781,1,1,2025-09-06,Turkey,Sweden,94.406221,86.04875
1781,2,1,2025-09-06,Germany,Portugal,92.786311,89.58955
1781,3,1,2025-09-06,Latvia,Lithuania,85.123326,85.662199
1781,4,1,2025-09-06,Finland,Serbia,100.6085,114.16067
1782,1,1,2025-09-06,Turkey,Sweden,87.992646,59.87552
1782,2,1,2025-09-06,Germany,Portugal,103.2932,48.561475
1782,3,1,2025-09-06,Latvia,Lithuania,76.495906,88.068729
1782,4,1,2025-09-06,Finland,Serbia,93.183491,95.625827
1783,1,1,2025-09-06,Turkey,Sweden,66.323636,54.148052
1783,2,1,2025-09-06,Germany,Portugal,80.809318,70.710743
1783,3,1,2025-09-06,Latvia,Lithuania,99.860648,97.472001
1783,4,1,2025-09-06,Finland,Serbia,98.715145,119.68109
1784,1,1,2025-09-06,Turkey,Sweden,89.477921,47.493452
1784,2,1,2025-09-06,Germany,Portugal,77.502627,82.427705
1784,3,1,2025-09-06,Latvia,Lithuania,77.311302,67.020159
1784,4,1,2025-09-06,Finland,Serbia,91.16834,113.31714
1785,1,1,2025-09-06,Turkey,Sweden,95.845059,88.711375
1785,2,1,2025-09-06,Germany,Portugal,86.372653,66.115652
1785,3,1,2025-09-06,Latvia,Lithuania,91.934757,84.340695
1785,4,1,2025-09-06,Finland,Serbia,98.080849,92.045697
1786,1,1,2025-09-06,Turkey,Sweden,98.906581,91.464974
1786,2,1,2025-09-06,Germany,Portugal,86.032679,44.436261
1786,3,1,2025-09-06,Latvia,Lithuania,64.334079,73.174592
1786,4,1,2025-09-06,Finland,Serbia,90.304974,90.310276
1787,1,1,2025-09-06,Turkey,Sweden,123.25518,107.14792
1787,2,1,2025-09-06,Germany,Portugal,87.018339,62.905821
1787,3,1,2025-09-06,Latvia,Lithuania,89.784278,72.78742
1787,4,1,2025-09-06,Finland,Serbia,95.023196,102.47249
1788,1,1,2025-09-06,Turkey,Sweden,91.825214,79.900701
1788,2,1,2025-09-06,Germany,Portugal,94.877912,54.307638
1788,3,1,2025-09-06,Latvia,Lithuania,104.6491,85.314883
1788,4,1,2025-09-06,Finland,Serbia,71.827846,88.231923
1789,1,1,2025-09-06,Turkey,Sweden,83.426006,71.555082
1789,2,1,2025-09-06,Germany,Portugal,63.772443,47.258441
1789,3,1,2025-09-06,Latvia,Lithuania,96.025641,72.770458
1789,4,1,2025-09-06,Finland,Serbia,103.91662,113.6084
1790,1,1,2025-09-06,Turkey,Sweden,91.037219,70.566931
1790,2,1,2025-09-06,Germany,Portugal,76.741974,65.090477
1790,3,1,2025-09-06,Latvia,Lithuania,96.88338,105.15267
1790,4,1,2025-09-06,Finland,Serbia,85.817811,122.63586
1791,1,1,2025-09-06,Turkey,Sweden,89.988457,78.476426
1791,2,1,2025-09-06,Germany,Portugal,98.557098,65.773548
1791,3,1,2025-09-06,Latvia,Lithuania,85.109544,75.980207
1791,4,1,2025-09-06,Finland,Serbia,90.481228,109.04152
1792,1,1,2025-09-06,Turkey,Sweden,100.22438,105.81049
1792,2,1,2025-09-06,Germany,Portugal,92.745375,87.9322
1792,3,1,2025-09-06,Latvia,Lithuania,78.575352,75.608749
1792,4,1,2025-09-06,Finland,Serbia,100.40321,107.67476
1793,1,1,2025-09-06,Turkey,Sweden,99.04967,54.443888
1793,2,1,2025-09-06,Germany,Portugal,104.99565,68.4399
1793,3,1,2025-09-06,Latvia,Lithuania,106.04696,85.028077
1793,4,1,2025-09-06,Finland,Serbia,73.283995,80.278105
1794,1,1,2025-09-06,Turkey,Sweden,95.611401,82.597514
1794,2,1,2025-09-06,Germany,Portugal,84.762422,59.970467
1794,3,1,2025-09-06,Latvia,Lithuania,67.499711,89.197753
1794,4,1,2025-09-06,Finland,Serbia,95.616667,101.98123
1795,1,1,2025-09-06,Turkey,Sweden,69.553249,59.269545
1795,2,1,2025-09-06,Germany,Portugal,53.459,55.364353
1795,3,1,2025-09-06,Latvia,Lithuania,111.67655,98.134044
1795,4,1,2025-09-06,Finland,Serbia,83.765327,99.688442
1796,1,1,2025-09-06,Turkey,Sweden,76.989862,61.307595
1796,2,1,2025-09-06,Germany,Portugal,93.461279,52.643869
1796,3,1,2025-09-06,Latvia,Lithuania,89.090202,64.749861
1796,4,1,2025-09-06,Finland,Serbia,98.881852,94.789469
1797,1,1,2025-09-06,Turkey,Sweden,84.1556,70.306897
1797,2,1,2025-09-06,Germany,Portugal,90.540292,66.742636
1797,3,1,2025-09-06,Latvia,Lithuania,103.82248,95.473031
1797,4,1,2025-09-06,Finland,Serbia,100.238,101.57829
1798,1,1,2025-09-06,Turkey,Sweden,66.827882,71.776215
1798,2,1,2025-09-06,Germany,Portugal,103.72432,57.609668
1798,3,1,2025-09-06,Latvia,Lithuania,92.679519,87.908393
1798,4,1,2025-09-06,Finland,Serbia,96.026776,81.061958
1799,1,1,2025-09-06,Turkey,Sweden,87.189126,90.907922
1799,2,1,2025-09-06,Germany,Portugal,87.999889,52.163664
1799,3,1,2025-09-06,Latvia,Lithuania,93.993118,78.991064
1799,4,1,2025-09-06,Finland,Serbia,84.929321,63.968854
1800,1,1,2025-09-06,Turkey,Sweden,80.896349,72.971403
1800,2,1,2025-09-06,Germany,Portugal,90.783361,81.711786
1800,3,1,2025-09-06,Latvia,Lithuania,84.005338,83.79137
1800,4,1,2025-09-06,Finland,Serbia,95.889306,95.667377
1801,1,1,2025-09-06,Turkey,Sweden,97.945785,81.28149
1801,2,1,2025-09-06,Germany,Portugal,93.873402,64.640586
1801,3,1,2025-09-06,Latvia,Lithuania,93.592189,94.309913
1801,4,1,2025-09-06,Finland,Serbia,90.733208,95.407448
1802,1,1,2025-09-06,Turkey,Sweden,87.478318,85.133411
1802,2,1,2025-09-06,Germany,Portugal,104.41067,77.096809
1802,3,1,2025-09-06,Latvia,Lithuania,106.72111,73.09483
1802,4,1,2025-09-06,Finland,Serbia,88.705266,85.058088
1803,1,1,2025-09-06,Turkey,Sweden,81.26576,74.611028
1803,2,1,2025-09-06,Germany,Portugal,91.970968,47.755087
1803,3,1,2025-09-06,Latvia,Lithuania,75.085769,56.44103
1803,4,1,2025-09-06,Finland,Serbia,82.512787,97.399023
1804,1,1,2025-09-06,Turkey,Sweden,53.162624,63.399042
1804,2,1,2025-09-06,Germany,Portugal,64.156643,42.940837
1804,3,1,2025-09-06,Latvia,Lithuania,67.82426,75.07706
1804,4,1,2025-09-06,Finland,Serbia,104.32686,92.076594
1805,1,1,2025-09-06,Turkey,Sweden,117.51056,83.507595
1805,2,1,2025-09-06,Germany,Portugal,85.315921,62.584713
1805,3,1,2025-09-06,Latvia,Lithuania,96.696295,79.963426
1805,4,1,2025-09-06,Finland,Serbia,104.3022,99.577765
1806,1,1,2025-09-06,Turkey,Sweden,83.339947,80.5117
1806,2,1,2025-09-06,Germany,Portugal,103.45425,78.915804
1806,3,1,2025-09-06,Latvia,Lithuania,85.955319,80.09259
1806,4,1,2025-09-06,Finland,Serbia,82.490666,92.700474
1807,1,1,2025-09-06,Turkey,Sweden,85.705926,82.830011
1807,2,1,2025-09-06,Germany,Portugal,98.562315,62.930334
1807,3,1,2025-09-06,Latvia,Lithuania,95.535916,75.119574
1807,4,1,2025-09-06,Finland,Serbia,83.526903,89.453818
1808,1,1,2025-09-06,Turkey,Sweden,73.510573,81.802805
1808,2,1,2025-09-06,Germany,Portugal,91.294998,52.88993
1808,3,1,2025-09-06,Latvia,Lithuania,96.12951,95.125451
1808,4,1,2025-09-06,Finland,Serbia,87.80007,103.30788
1809,1,1,2025-09-06,Turkey,Sweden,83.687503,56.406044
1809,2,1,2025-09-06,Germany,Portugal,97.867448,47.599345
1809,3,1,2025-09-06,Latvia,Lithuania,88.954061,73.652293
1809,4,1,2025-09-06,Finland,Serbia,78.28635,95.255304
1810,1,1,2025-09-06,Turkey,Sweden,99.775606,81.229173
1810,2,1,2025-09-06,Germany,Portugal,116.75792,65.553934
1810,3,1,2025-09-06,Latvia,Lithuania,78.6411,78.352916
1810,4,1,2025-09-06,Finland,Serbia,89.800476,86.27328
1811,1,1,2025-09-06,Turkey,Sweden,88.470989,81.251179
1811,2,1,2025-09-06,Germany,Portugal,79.052357,58.357923
1811,3,1,2025-09-06,Latvia,Lithuania,111.02485,86.617758
1811,4,1,2025-09-06,Finland,Serbia,80.363264,92.699367
1812,1,1,2025-09-06,Turkey,Sweden,107.23021,73.290476
1812,2,1,2025-09-06,Germany,Portugal,90.679254,47.848469
1812,3,1,2025-09-06,Latvia,Lithuania,78.31591,83.742546
1812,4,1,2025-09-06,Finland,Serbia,76.136964,92.519448
1813,1,1,2025-09-06,Turkey,Sweden,82.644576,83.738116
1813,2,1,2025-09-06,Germany,Portugal,76.822377,58.552123
1813,3,1,2025-09-06,Latvia,Lithuania,78.603248,66.641419
1813,4,1,2025-09-06,Finland,Serbia,91.977918,99.662877
1814,1,1,2025-09-06,Turkey,Sweden,75.588069,67.856929
1814,2,1,2025-09-06,Germany,Portugal,93.327596,68.756597
1814,3,1,2025-09-06,Latvia,Lithuania,81.640439,80.493745
1814,4,1,2025-09-06,Finland,Serbia,89.845246,94.962944
1815,1,1,2025-09-06,Turkey,Sweden,67.825465,69.287039
1815,2,1,2025-09-06,Germany,Portugal,100.86852,92.404822
1815,3,1,2025-09-06,Latvia,Lithuania,88.768968,93.398794
1815,4,1,2025-09-06,Finland,Serbia,93.447539,105.62722
1816,1,1,2025-09-06,Turkey,Sweden,90.390822,71.008318
1816,2,1,2025-09-06,Germany,Portugal,86.564185,87.768901
1816,3,1,2025-09-06,Latvia,Lithuania,69.240726,83.777915
1816,4,1,2025-09-06,Finland,Serbia,99.691458,96.356503
1817,1,1,2025-09-06,Turkey,Sweden,71.478295,57.81148
1817,2,1,2025-09-06,Germany,Portugal,90.058009,78.33475
1817,3,1,2025-09-06,Latvia,Lithuania,102.67758,91.832602
1817,4,1,2025-09-06,Finland,Serbia,96.002557,99.250701
1818,1,1,2025-09-06,Turkey,Sweden,116.77744,78.959992
1818,2,1,2025-09-06,Germany,Portugal,81.923231,80.116909
1818,3,1,2025-09-06,Latvia,Lithuania,93.852745,83.392921
1818,4,1,2025-09-06,Finland,Serbia,82.032616,83.353142
1819,1,1,2025-09-06,Turkey,Sweden,77.527757,67.560886
1819,2,1,2025-09-06,Germany,Portugal,69.725226,69.1175
1819,3,1,2025-09-06,Latvia,Lithuania,90.05829,87.679403
1819,4,1,2025-09-06,Finland,Serbia,96.636027,86.096904
1820,1,1,2025-09-06,Turkey,Sweden,80.989023,84.072032
1820,2,1,2025-09-06,Germany,Portugal,70.606563,67.158458
1820,3,1,2025-09-06,Latvia,Lithuania,81.288984,85.84125
1820,4,1,2025-09-06,Finland,Serbia,86.94881,87.222971
1821,1,1,2025-09-06,Turkey,Sweden,84.224752,84.512252
1821,2,1,2025-09-06,Germany,Portugal,87.598464,67.280111
1821,3,1,2025-09-06,Latvia,Lithuania,74.403661,81.552674
1821,4,1,2025-09-06,Finland,Serbia,84.972567,85.072405
1822,1,1,2025-09-06,Turkey,Sweden,72.552395,70.763047
1822,2,1,2025-09-06,Germany,Portugal,95.369777,61.638474
1822,3,1,2025-09-06,Latvia,Lithuania,87.020795,88.592171
1822,4,1,2025-09-06,Finland,Serbia,82.537044,102.4463
1823,1,1,2025-09-06,Turkey,Sweden,104.87969,96.400713
1823,2,1,2025-09-06,Germany,Portugal,87.274976,47.423255
1823,3,1,2025-09-06,Latvia,Lithuania,78.224295,85.313247
1823,4,1,2025-09-06,Finland,Serbia,80.052537,94.247961
1824,1,1,2025-09-06,Turkey,Sweden,77.039817,68.438558
1824,2,1,2025-09-06,Germany,Portugal,94.643935,59.816544
1824,3,1,2025-09-06,Latvia,Lithuania,85.384491,75.297703
1824,4,1,2025-09-06,Finland,Serbia,82.422944,109.65242
1825,1,1,2025-09-06,Turkey,Sweden,75.896231,91.52813
1825,2,1,2025-09-06,Germany,Portugal,64.871476,51.515653
1825,3,1,2025-09-06,Latvia,Lithuania,91.735356,75.103699
1825,4,1,2025-09-06,Finland,Serbia,120.10123,102.75106
1826,1,1,2025-09-06,Turkey,Sweden,89.122909,73.391149
1826,2,1,2025-09-06,Germany,Portugal,83.704154,79.015732
1826,3,1,2025-09-06,Latvia,Lithuania,77.773252,78.874636
1826,4,1,2025-09-06,Finland,Serbia,79.814713,74.269312
1827,1,1,2025-09-06,Turkey,Sweden,60.040293,51.101698
1827,2,1,2025-09-06,Germany,Portugal,82.553414,72.902552
1827,3,1,2025-09-06,Latvia,Lithuania,84.871465,80.825669
1827,4,1,2025-09-06,Finland,Serbia,81.039046,101.45219
1828,1,1,2025-09-06,Turkey,Sweden,79.711318,89.55088
1828,2,1,2025-09-06,Germany,Portugal,98.059804,72.822689
1828,3,1,2025-09-06,Latvia,Lithuania,81.298082,83.320096
1828,4,1,2025-09-06,Finland,Serbia,109.02472,81.642609
1829,1,1,2025-09-06,Turkey,Sweden,83.851313,77.109384
1829,2,1,2025-09-06,Germany,Portugal,69.125283,59.052644
1829,3,1,2025-09-06,Latvia,Lithuania,75.87324,80.162003
1829,4,1,2025-09-06,Finland,Serbia,90.501057,84.746301
1830,1,1,2025-09-06,Turkey,Sweden,69.153724,69.336393
1830,2,1,2025-09-06,Germany,Portugal,94.717755,61.853108
1830,3,1,2025-09-06,Latvia,Lithuania,100.78507,76.018699
1830,4,1,2025-09-06,Finland,Serbia,99.390176,119.68256
1831,1,1,2025-09-06,Turkey,Sweden,101.14237,81.216675
1831,2,1,2025-09-06,Germany,Portugal,84.405858,43.182567
1831,3,1,2025-09-06,Latvia,Lithuania,86.549498,94.784228
1831,4,1,2025-09-06,Finland,Serbia,81.963758,121.2512
1832,1,1,2025-09-06,Turkey,Sweden,69.619395,75.578257
1832,2,1,2025-09-06,Germany,Portugal,86.74692,63.591755
1832,3,1,2025-09-06,Latvia,Lithuania,81.398229,87.995979
1832,4,1,2025-09-06,Finland,Serbia,85.973798,93.016866
1833,1,1,2025-09-06,Turkey,Sweden,82.710695,74.632657
1833,2,1,2025-09-06,Germany,Portugal,88.796729,58.398617
1833,3,1,2025-09-06,Latvia,Lithuania,97.430494,87.355676
1833,4,1,2025-09-06,Finland,Serbia,86.377538,81.422417
1834,1,1,2025-09-06,Turkey,Sweden,90.084624,82.999111
1834,2,1,2025-09-06,Germany,Portugal,83.370456,60.718018
1834,3,1,2025-09-06,Latvia,Lithuania,83.029074,77.621694
1834,4,1,2025-09-06,Finland,Serbia,87.287013,88.780381
1835,1,1,2025-09-06,Turkey,Sweden,69.787477,68.406873
1835,2,1,2025-09-06,Germany,Portugal,98.643253,75.884383
1835,3,1,2025-09-06,Latvia,Lithuania,95.260531,81.507549
1835,4,1,2025-09-06,Finland,Serbia,91.543382,104.53033
1836,1,1,2025-09-06,Turkey,Sweden,89.7232,71.683998
1836,2,1,2025-09-06,Germany,Portugal,83.639673,59.438043
1836,3,1,2025-09-06,Latvia,Lithuania,87.291647,84.793275
1836,4,1,2025-09-06,Finland,Serbia,104.39394,95.51165
1837,1,1,2025-09-06,Turkey,Sweden,108.67022,92.405116
1837,2,1,2025-09-06,Germany,Portugal,78.490632,62.13139
1837,3,1,2025-09-06,Latvia,Lithuania,117.52633,58.509145
1837,4,1,2025-09-06,Finland,Serbia,107.44158,106.96745
1838,1,1,2025-09-06,Turkey,Sweden,75.555601,71.799205
1838,2,1,2025-09-06,Germany,Portugal,90.575726,57.805651
1838,3,1,2025-09-06,Latvia,Lithuania,59.668145,49.348572
1838,4,1,2025-09-06,Finland,Serbia,77.375618,94.616922
1839,1,1,2025-09-06,Turkey,Sweden,75.632937,75.138806
1839,2,1,2025-09-06,Germany,Portugal,102.59538,81.943303
1839,3,1,2025-09-06,Latvia,Lithuania,86.752721,80.118263
1839,4,1,2025-09-06,Finland,Serbia,86.413647,90.872791
1840,1,1,2025-09-06,Turkey,Sweden,78.488539,61.638569
1840,2,1,2025-09-06,Germany,Portugal,85.018201,71.564799
1840,3,1,2025-09-06,Latvia,Lithuania,91.788878,86.308728
1840,4,1,2025-09-06,Finland,Serbia,82.189696,97.452913
1841,1,1,2025-09-06,Turkey,Sweden,114.76333,99.640844
1841,2,1,2025-09-06,Germany,Portugal,90.553166,45.469268
1841,3,1,2025-09-06,Latvia,Lithuania,94.592278,83.407712
1841,4,1,2025-09-06,Finland,Serbia,83.432073,96.689964
1842,1,1,2025-09-06,Turkey,Sweden,86.703969,80.671878
1842,2,1,2025-09-06,Germany,Portugal,67.23978,58.458779
1842,3,1,2025-09-06,Latvia,Lithuania,101.6466,101.12569
1842,4,1,2025-09-06,Finland,Serbia,94.22156,97.651991
1843,1,1,2025-09-06,Turkey,Sweden,103.40822,94.281611
1843,2,1,2025-09-06,Germany,Portugal,98.5259,65.143081
1843,3,1,2025-09-06,Latvia,Lithuania,105.20014,68.748826
1843,4,1,2025-09-06,Finland,Serbia,109.63516,99.37063
1844,1,1,2025-09-06,Turkey,Sweden,78.873524,69.181011
1844,2,1,2025-09-06,Germany,Portugal,64.747087,43.027757
1844,3,1,2025-09-06,Latvia,Lithuania,82.129095,72.46654
1844,4,1,2025-09-06,Finland,Serbia,101.17188,88.443818
1845,1,1,2025-09-06,Turkey,Sweden,86.261553,91.723751
1845,2,1,2025-09-06,Germany,Portugal,97.137716,85.206598
1845,3,1,2025-09-06,Latvia,Lithuania,106.68682,94.970318
1845,4,1,2025-09-06,Finland,Serbia,85.949981,101.94111
1846,1,1,2025-09-06,Turkey,Sweden,82.613619,74.44129
1846,2,1,2025-09-06,Germany,Portugal,90.169074,61.17908
1846,3,1,2025-09-06,Latvia,Lithuania,95.15061,75.174679
1846,4,1,2025-09-06,Finland,Serbia,85.225572,99.585987
1847,1,1,2025-09-06,Turkey,Sweden,90.639676,79.072935
1847,2,1,2025-09-06,Germany,Portugal,90.517582,61.735086
1847,3,1,2025-09-06,Latvia,Lithuania,95.136884,86.554317
1847,4,1,2025-09-06,Finland,Serbia,86.348074,80.71503
1848,1,1,2025-09-06,Turkey,Sweden,84.335638,77.51338
1848,2,1,2025-09-06,Germany,Portugal,86.855552,56.802947
1848,3,1,2025-09-06,Latvia,Lithuania,80.664202,83.791353
1848,4,1,2025-09-06,Finland,Serbia,93.171925,110.07935
1849,1,1,2025-09-06,Turkey,Sweden,82.602777,95.185297
1849,2,1,2025-09-06,Germany,Portugal,80.575968,65.408063
1849,3,1,2025-09-06,Latvia,Lithuania,111.84096,96.72856
1849,4,1,2025-09-06,Finland,Serbia,94.69249,115.65692
1850,1,1,2025-09-06,Turkey,Sweden,92.947652,77.712326
1850,2,1,2025-09-06,Germany,Portugal,103.40331,58.039022
1850,3,1,2025-09-06,Latvia,Lithuania,99.825868,90.078451
1850,4,1,2025-09-06,Finland,Serbia,87.845782,74.946173
1851,1,1,2025-09-06,Turkey,Sweden,91.524291,91.180251
1851,2,1,2025-09-06,Germany,Portugal,87.466945,59.078544
1851,3,1,2025-09-06,Latvia,Lithuania,64.35381,77.387441
1851,4,1,2025-09-06,Finland,Serbia,71.07811,94.225568
1852,1,1,2025-09-06,Turkey,Sweden,89.469069,69.423312
1852,2,1,2025-09-06,Germany,Portugal,82.489307,54.434341
1852,3,1,2025-09-06,Latvia,Lithuania,86.050619,81.306767
1852,4,1,2025-09-06,Finland,Serbia,103.51112,107.87602
1853,1,1,2025-09-06,Turkey,Sweden,100.17627,73.542658
1853,2,1,2025-09-06,Germany,Portugal,94.823544,60.793268
1853,3,1,2025-09-06,Latvia,Lithuania,83.38904,90.206394
1853,4,1,2025-09-06,Finland,Serbia,78.626375,78.923565
1854,1,1,2025-09-06,Turkey,Sweden,104.23393,65.695912
1854,2,1,2025-09-06,Germany,Portugal,93.972918,69.450517
1854,3,1,2025-09-06,Latvia,Lithuania,89.494141,70.384653
1854,4,1,2025-09-06,Finland,Serbia,99.545383,88.617616
1855,1,1,2025-09-06,Turkey,Sweden,90.853966,60.968217
1855,2,1,2025-09-06,Germany,Portugal,77.30047,36.948782
1855,3,1,2025-09-06,Latvia,Lithuania,89.49897,87.640924
1855,4,1,2025-09-06,Finland,Serbia,80.600285,99.320718
1856,1,1,2025-09-06,Turkey,Sweden,87.558773,80.650843
1856,2,1,2025-09-06,Germany,Portugal,93.452082,71.468764
1856,3,1,2025-09-06,Latvia,Lithuania,115.84954,100.06598
1856,4,1,2025-09-06,Finland,Serbia,84.597703,89.56387
1857,1,1,2025-09-06,Turkey,Sweden,81.551445,64.407785
1857,2,1,2025-09-06,Germany,Portugal,92.4364,57.089138
1857,3,1,2025-09-06,Latvia,Lithuania,105.2999,81.500068
1857,4,1,2025-09-06,Finland,Serbia,76.344785,100.16759
1858,1,1,2025-09-06,Turkey,Sweden,84.424669,84.296722
1858,2,1,2025-09-06,Germany,Portugal,79.721087,41.577051
1858,3,1,2025-09-06,Latvia,Lithuania,94.037066,77.83685
1858,4,1,2025-09-06,Finland,Serbia,83.9509,99.802879
1859,1,1,2025-09-06,Turkey,Sweden,89.326663,84.328327
1859,2,1,2025-09-06,Germany,Portugal,105.48505,50.263778
1859,3,1,2025-09-06,Latvia,Lithuania,102.65274,86.679108
1859,4,1,2025-09-06,Finland,Serbia,95.631934,72.905601
1860,1,1,2025-09-06,Turkey,Sweden,93.293888,71.742792
1860,2,1,2025-09-06,Germany,Portugal,81.918052,45.928882
1860,3,1,2025-09-06,Latvia,Lithuania,78.993401,81.926458
1860,4,1,2025-09-06,Finland,Serbia,100.62952,106.96372
1861,1,1,2025-09-06,Turkey,Sweden,80.932379,79.348797
1861,2,1,2025-09-06,Germany,Portugal,87.355915,63.092947
1861,3,1,2025-09-06,Latvia,Lithuania,90.972586,90.912087
1861,4,1,2025-09-06,Finland,Serbia,110.69828,91.780085
1862,1,1,2025-09-06,Turkey,Sweden,100.23193,79.385022
1862,2,1,2025-09-06,Germany,Portugal,101.11885,74.228495
1862,3,1,2025-09-06,Latvia,Lithuania,77.61906,72.879045
1862,4,1,2025-09-06,Finland,Serbia,91.440688,93.575356
1863,1,1,2025-09-06,Turkey,Sweden,76.207477,82.120687
1863,2,1,2025-09-06,Germany,Portugal,91.055059,56.642336
1863,3,1,2025-09-06,Latvia,Lithuania,99.088442,83.161765
1863,4,1,2025-09-06,Finland,Serbia,75.946935,77.88577
1864,1,1,2025-09-06,Turkey,Sweden,90.220312,78.100059
1864,2,1,2025-09-06,Germany,Portugal,83.851914,65.733541
1864,3,1,2025-09-06,Latvia,Lithuania,86.554329,82.8876
1864,4,1,2025-09-06,Finland,Serbia,92.669774,87.523102
1865,1,1,2025-09-06,Turkey,Sweden,69.401226,69.229223
1865,2,1,2025-09-06,Germany,Portugal,63.193273,62.764259
1865,3,1,2025-09-06,Latvia,Lithuania,98.18079,94.949675
1865,4,1,2025-09-06,Finland,Serbia,92.195334,120.68372
1866,1,1,2025-09-06,Turkey,Sweden,80.913662,60.543817
1866,2,1,2025-09-06,Germany,Portugal,95.470505,65.154175
1866,3,1,2025-09-06,Latvia,Lithuania,92.26097,94.754999
1866,4,1,2025-09-06,Finland,Serbia,75.893506,82.300181
1867,1,1,2025-09-06,Turkey,Sweden,70.553029,80.719275
1867,2,1,2025-09-06,Germany,Portugal,61.941555,41.513303
1867,3,1,2025-09-06,Latvia,Lithuania,95.960967,77.264634
1867,4,1,2025-09-06,Finland,Serbia,112.12326,120.76499
1868,1,1,2025-09-06,Turkey,Sweden,95.8827,81.84285
1868,2,1,2025-09-06,Germany,Portugal,91.828125,67.315816
1868,3,1,2025-09-06,Latvia,Lithuania,85.823797,95.71465
1868,4,1,2025-09-06,Finland,Serbia,86.396828,100.48016
1869,1,1,2025-09-06,Turkey,Sweden,73.297154,42.465085
1869,2,1,2025-09-06,Germany,Portugal,75.684374,69.361938
1869,3,1,2025-09-06,Latvia,Lithuania,85.182188,80.255321
1869,4,1,2025-09-06,Finland,Serbia,78.133781,93.498894
1870,1,1,2025-09-06,Turkey,Sweden,82.213489,68.523719
1870,2,1,2025-09-06,Germany,Portugal,100.98634,75.974203
1870,3,1,2025-09-06,Latvia,Lithuania,118.52288,87.360989
1870,4,1,2025-09-06,Finland,Serbia,86.323268,65.690779
1871,1,1,2025-09-06,Turkey,Sweden,90.147457,73.886595
1871,2,1,2025-09-06,Germany,Portugal,76.893886,62.280294
1871,3,1,2025-09-06,Latvia,Lithuania,86.705516,76.14851
1871,4,1,2025-09-06,Finland,Serbia,79.048359,103.92906
1872,1,1,2025-09-06,Turkey,Sweden,76.067671,84.566553
1872,2,1,2025-09-06,Germany,Portugal,87.899037,73.824294
1872,3,1,2025-09-06,Latvia,Lithuania,90.355464,72.054699
1872,4,1,2025-09-06,Finland,Serbia,72.826819,77.730026
1873,1,1,2025-09-06,Turkey,Sweden,86.149241,65.166421
1873,2,1,2025-09-06,Germany,Portugal,95.578183,62.998906
1873,3,1,2025-09-06,Latvia,Lithuania,100.49501,65.502396
1873,4,1,2025-09-06,Finland,Serbia,98.067072,115.97143
1874,1,1,2025-09-06,Turkey,Sweden,102.24654,85.023437
1874,2,1,2025-09-06,Germany,Portugal,109.54995,80.823585
1874,3,1,2025-09-06,Latvia,Lithuania,75.275254,80.393462
1874,4,1,2025-09-06,Finland,Serbia,90.081566,111.93117
1875,1,1,2025-09-06,Turkey,Sweden,93.314243,64.532579
1875,2,1,2025-09-06,Germany,Portugal,98.595171,50.187714
1875,3,1,2025-09-06,Latvia,Lithuania,78.030514,83.992508
1875,4,1,2025-09-06,Finland,Serbia,78.924914,90.337923
1876,1,1,2025-09-06,Turkey,Sweden,86.974926,91.051692
1876,2,1,2025-09-06,Germany,Portugal,89.515919,74.634587
1876,3,1,2025-09-06,Latvia,Lithuania,114.67138,80.64967
1876,4,1,2025-09-06,Finland,Serbia,85.728724,95.141758
1877,1,1,2025-09-06,Turkey,Sweden,74.137837,71.357777
1877,2,1,2025-09-06,Germany,Portugal,74.802727,49.666814
1877,3,1,2025-09-06,Latvia,Lithuania,102.86919,84.282169
1877,4,1,2025-09-06,Finland,Serbia,94.613904,95.717915
1878,1,1,2025-09-06,Turkey,Sweden,83.228775,61.606635
1878,2,1,2025-09-06,Germany,Portugal,64.279492,60.257006
1878,3,1,2025-09-06,Latvia,Lithuania,79.878205,63.195696
1878,4,1,2025-09-06,Finland,Serbia,74.446534,75.283473
1879,1,1,2025-09-06,Turkey,Sweden,92.49894,71.770069
1879,2,1,2025-09-06,Germany,Portugal,99.411679,73.116888
1879,3,1,2025-09-06,Latvia,Lithuania,93.643503,94.658836
1879,4,1,2025-09-06,Finland,Serbia,88.534497,93.140392
1880,1,1,2025-09-06,Turkey,Sweden,74.913321,95.18369
1880,2,1,2025-09-06,Germany,Portugal,87.348738,74.727599
1880,3,1,2025-09-06,Latvia,Lithuania,80.631211,95.482318
1880,4,1,2025-09-06,Finland,Serbia,80.960032,77.681245
1881,1,1,2025-09-06,Turkey,Sweden,88.551573,60.041355
1881,2,1,2025-09-06,Germany,Portugal,76.571627,63.332509
1881,3,1,2025-09-06,Latvia,Lithuania,79.553856,85.577576
1881,4,1,2025-09-06,Finland,Serbia,98.122517,91.647752
1882,1,1,2025-09-06,Turkey,Sweden,96.470536,87.443003
1882,2,1,2025-09-06,Germany,Portugal,70.57281,65.877736
1882,3,1,2025-09-06,Latvia,Lithuania,84.46205,73.00117
1882,4,1,2025-09-06,Finland,Serbia,78.999395,96.469201
1883,1,1,2025-09-06,Turkey,Sweden,85.396248,70.003254
1883,2,1,2025-09-06,Germany,Portugal,82.980406,71.003077
1883,3,1,2025-09-06,Latvia,Lithuania,98.342702,84.495215
1883,4,1,2025-09-06,Finland,Serbia,72.095171,92.061715
1884,1,1,2025-09-06,Turkey,Sweden,90.297109,67.629181
1884,2,1,2025-09-06,Germany,Portugal,99.788636,77.663067
1884,3,1,2025-09-06,Latvia,Lithuania,97.515112,81.525542
1884,4,1,2025-09-06,Finland,Serbia,88.754736,87.24095
1885,1,1,2025-09-06,Turkey,Sweden,80.148051,64.5687
1885,2,1,2025-09-06,Germany,Portugal,82.551442,65.090256
1885,3,1,2025-09-06,Latvia,Lithuania,81.969544,76.288178
1885,4,1,2025-09-06,Finland,Serbia,92.172135,78.467898
1886,1,1,2025-09-06,Turkey,Sweden,84.261505,75.51613
1886,2,1,2025-09-06,Germany,Portugal,97.36216,61.605731
1886,3,1,2025-09-06,Latvia,Lithuania,103.95335,85.953855
1886,4,1,2025-09-06,Finland,Serbia,97.125955,97.323953
1887,1,1,2025-09-06,Turkey,Sweden,89.294705,91.321018
1887,2,1,2025-09-06,Germany,Portugal,88.04649,57.530806
1887,3,1,2025-09-06,Latvia,Lithuania,85.585143,78.711186
1887,4,1,2025-09-06,Finland,Serbia,91.389923,105.65859
1888,1,1,2025-09-06,Turkey,Sweden,85.724566,89.227697
1888,2,1,2025-09-06,Germany,Portugal,98.660301,61.318562
1888,3,1,2025-09-06,Latvia,Lithuania,83.869888,80.29322
1888,4,1,2025-09-06,Finland,Serbia,77.512494,93.807333
1889,1,1,2025-09-06,Turkey,Sweden,90.968779,98.818551
1889,2,1,2025-09-06,Germany,Portugal,91.218762,55.493402
1889,3,1,2025-09-06,Latvia,Lithuania,77.674945,82.540134
1889,4,1,2025-09-06,Finland,Serbia,99.300454,89.961225
1890,1,1,2025-09-06,Turkey,Sweden,82.11575,73.724184
1890,2,1,2025-09-06,Germany,Portugal,99.047278,67.786818
1890,3,1,2025-09-06,Latvia,Lithuania,76.301242,70.33614
1890,4,1,2025-09-06,Finland,Serbia,61.849043,79.896308
1891,1,1,2025-09-06,Turkey,Sweden,96.288423,94.311931
1891,2,1,2025-09-06,Germany,Portugal,63.496751,70.870992
1891,3,1,2025-09-06,Latvia,Lithuania,85.54987,78.063493
1891,4,1,2025-09-06,Finland,Serbia,89.554201,83.720555
1892,1,1,2025-09-06,Turkey,Sweden,84.737904,71.299351
1892,2,1,2025-09-06,Germany,Portugal,87.697742,67.756174
1892,3,1,2025-09-06,Latvia,Lithuania,93.442085,91.041479
1892,4,1,2025-09-06,Finland,Serbia,99.687125,93.080475
1893,1,1,2025-09-06,Turkey,Sweden,101.73354,54.580409
1893,2,1,2025-09-06,Germany,Portugal,88.26995,69.226305
1893,3,1,2025-09-06,Latvia,Lithuania,88.830388,79.654342
1893,4,1,2025-09-06,Finland,Serbia,79.352433,100.45409
1894,1,1,2025-09-06,Turkey,Sweden,66.46183,73.73624
1894,2,1,2025-09-06,Germany,Portugal,69.128857,51.614138
1894,3,1,2025-09-06,Latvia,Lithuania,75.790816,85.970613
1894,4,1,2025-09-06,Finland,Serbia,113.73742,120.86318
1895,1,1,2025-09-06,Turkey,Sweden,87.521374,76.989103
1895,2,1,2025-09-06,Germany,Portugal,87.848002,62.777367
1895,3,1,2025-09-06,Latvia,Lithuania,92.726574,79.029499
1895,4,1,2025-09-06,Finland,Serbia,100.29582,131.63546
1896,1,1,2025-09-06,Turkey,Sweden,94.742968,71.271287
1896,2,1,2025-09-06,Germany,Portugal,73.017632,55.674427
1896,3,1,2025-09-06,Latvia,Lithuania,76.359077,80.594478
1896,4,1,2025-09-06,Finland,Serbia,60.309369,82.828572
1897,1,1,2025-09-06,Turkey,Sweden,92.341286,92.427989
1897,2,1,2025-09-06,Germany,Portugal,105.55575,46.337331
1897,3,1,2025-09-06,Latvia,Lithuania,64.250976,101.89002
1897,4,1,2025-09-06,Finland,Serbia,107.8719,93.209984
1898,1,1,2025-09-06,Turkey,Sweden,80.577911,69.534172
1898,2,1,2025-09-06,Germany,Portugal,88.067052,68.279068
1898,3,1,2025-09-06,Latvia,Lithuania,87.380276,81.401164
1898,4,1,2025-09-06,Finland,Serbia,107.11742,102.86715
1899,1,1,2025-09-06,Turkey,Sweden,79.219195,80.695002
1899,2,1,2025-09-06,Germany,Portugal,90.951395,47.024843
1899,3,1,2025-09-06,Latvia,Lithuania,79.409229,96.378332
1899,4,1,2025-09-06,Finland,Serbia,85.306951,82.681215
1900,1,1,2025-09-06,Turkey,Sweden,107.68101,67.035122
1900,2,1,2025-09-06,Germany,Portugal,85.778043,55.073604
1900,3,1,2025-09-06,Latvia,Lithuania,86.017255,83.496095
1900,4,1,2025-09-06,Finland,Serbia,89.579157,104.73686
1901,1,1,2025-09-06,Turkey,Sweden,92.638245,75.46865
1901,2,1,2025-09-06,Germany,Portugal,89.179733,61.960272
1901,3,1,2025-09-06,Latvia,Lithuania,79.360503,79.79693
1901,4,1,2025-09-06,Finland,Serbia,95.785581,84.125095
1902,1,1,2025-09-06,Turkey,Sweden,71.090667,71.77878
1902,2,1,2025-09-06,Germany,Portugal,76.603935,52.241006
1902,3,1,2025-09-06,Latvia,Lithuania,100.81876,75.366851
1902,4,1,2025-09-06,Finland,Serbia,83.003767,83.88535
1903,1,1,2025-09-06,Turkey,Sweden,75.298332,53.335993
1903,2,1,2025-09-06,Germany,Portugal,82.623786,51.79285
1903,3,1,2025-09-06,Latvia,Lithuania,91.799417,97.681216
1903,4,1,2025-09-06,Finland,Serbia,91.357777,93.326794
1904,1,1,2025-09-06,Turkey,Sweden,58.91006,67.15773
1904,2,1,2025-09-06,Germany,Portugal,99.548355,69.860293
1904,3,1,2025-09-06,Latvia,Lithuania,82.771471,78.279599
1904,4,1,2025-09-06,Finland,Serbia,86.265783,87.292414
1905,1,1,2025-09-06,Turkey,Sweden,90.21686,56.371923
1905,2,1,2025-09-06,Germany,Portugal,83.376117,60.663457
1905,3,1,2025-09-06,Latvia,Lithuania,79.240636,83.478076
1905,4,1,2025-09-06,Finland,Serbia,96.877748,106.32586
1906,1,1,2025-09-06,Turkey,Sweden,81.413564,69.331903
1906,2,1,2025-09-06,Germany,Portugal,82.508132,64.541302
1906,3,1,2025-09-06,Latvia,Lithuania,92.409225,96.488359
1906,4,1,2025-09-06,Finland,Serbia,99.439683,86.63858
1907,1,1,2025-09-06,Turkey,Sweden,83.364152,75.278275
1907,2,1,2025-09-06,Germany,Portugal,98.549261,88.22683
1907,3,1,2025-09-06,Latvia,Lithuania,77.006439,82.143325
1907,4,1,2025-09-06,Finland,Serbia,93.807149,114.8032
1908,1,1,2025-09-06,Turkey,Sweden,80.198377,89.193522
1908,2,1,2025-09-06,Germany,Portugal,90.275891,64.834229
1908,3,1,2025-09-06,Latvia,Lithuania,81.922907,74.426949
1908,4,1,2025-09-06,Finland,Serbia,93.803171,77.400499
1909,1,1,2025-09-06,Turkey,Sweden,91.448576,72.525323
1909,2,1,2025-09-06,Germany,Portugal,93.160626,63.377261
1909,3,1,2025-09-06,Latvia,Lithuania,97.749785,96.491224
1909,4,1,2025-09-06,Finland,Serbia,99.985152,118.62018
1910,1,1,2025-09-06,Turkey,Sweden,88.387427,79.752565
1910,2,1,2025-09-06,Germany,Portugal,102.69611,63.481936
1910,3,1,2025-09-06,Latvia,Lithuania,85.140515,76.292114
1910,4,1,2025-09-06,Finland,Serbia,99.87378,112.41585
1911,1,1,2025-09-06,Turkey,Sweden,95.080637,92.492542
1911,2,1,2025-09-06,Germany,Portugal,88.754288,65.853097
1911,3,1,2025-09-06,Latvia,Lithuania,90.59719,81.057833
1911,4,1,2025-09-06,Finland,Serbia,115.13533,80.111535
1912,1,1,2025-09-06,Turkey,Sweden,91.480929,88.714046
1912,2,1,2025-09-06,Germany,Portugal,81.86098,52.929905
1912,3,1,2025-09-06,Latvia,Lithuania,65.734414,86.162897
1912,4,1,2025-09-06,Finland,Serbia,84.193446,90.45709
1913,1,1,2025-09-06,Turkey,Sweden,101.56384,81.307579
1913,2,1,2025-09-06,Germany,Portugal,87.945082,62.687016
1913,3,1,2025-09-06,Latvia,Lithuania,95.455483,83.138503
1913,4,1,2025-09-06,Finland,Serbia,74.362158,72.841083
1914,1,1,2025-09-06,Turkey,Sweden,78.737877,76.764787
1914,2,1,2025-09-06,Germany,Portugal,93.581459,62.810561
1914,3,1,2025-09-06,Latvia,Lithuania,83.289699,93.360631
1914,4,1,2025-09-06,Finland,Serbia,99.849131,109.17568
1915,1,1,2025-09-06,Turkey,Sweden,104.65358,87.190491
1915,2,1,2025-09-06,Germany,Portugal,79.238863,73.150807
1915,3,1,2025-09-06,Latvia,Lithuania,101.3658,76.067862
1915,4,1,2025-09-06,Finland,Serbia,79.813333,95.745578
1916,1,1,2025-09-06,Turkey,Sweden,56.841892,78.33258
1916,2,1,2025-09-06,Germany,Portugal,94.99192,41.274101
1916,3,1,2025-09-06,Latvia,Lithuania,94.611604,77.289493
1916,4,1,2025-09-06,Finland,Serbia,82.434667,79.859074
1917,1,1,2025-09-06,Turkey,Sweden,93.900407,83.811869
1917,2,1,2025-09-06,Germany,Portugal,90.818692,56.974047
1917,3,1,2025-09-06,Latvia,Lithuania,71.709333,90.391914
1917,4,1,2025-09-06,Finland,Serbia,90.399555,100.39278
1918,1,1,2025-09-06,Turkey,Sweden,76.998139,73.961242
1918,2,1,2025-09-06,Germany,Portugal,91.596471,58.654978
1918,3,1,2025-09-06,Latvia,Lithuania,82.52875,80.696815
1918,4,1,2025-09-06,Finland,Serbia,79.348748,84.711262
1919,1,1,2025-09-06,Turkey,Sweden,96.312737,83.990174
1919,2,1,2025-09-06,Germany,Portugal,82.708454,57.848041
1919,3,1,2025-09-06,Latvia,Lithuania,91.775829,84.762359
1919,4,1,2025-09-06,Finland,Serbia,86.459739,115.21787
1920,1,1,2025-09-06,Turkey,Sweden,89.862778,73.96205
1920,2,1,2025-09-06,Germany,Portugal,74.523955,50.610079
1920,3,1,2025-09-06,Latvia,Lithuania,93.215371,73.942386
1920,4,1,2025-09-06,Finland,Serbia,124.3005,93.551454
1921,1,1,2025-09-06,Turkey,Sweden,86.114786,85.480901
1921,2,1,2025-09-06,Germany,Portugal,101.71371,87.340923
1921,3,1,2025-09-06,Latvia,Lithuania,104.28436,91.672009
1921,4,1,2025-09-06,Finland,Serbia,88.181532,96.0995
1922,1,1,2025-09-06,Turkey,Sweden,91.565951,62.988595
1922,2,1,2025-09-06,Germany,Portugal,78.654261,39.654277
1922,3,1,2025-09-06,Latvia,Lithuania,75.843806,75.278788
1922,4,1,2025-09-06,Finland,Serbia,88.890834,85.456273
1923,1,1,2025-09-06,Turkey,Sweden,93.275014,93.036381
1923,2,1,2025-09-06,Germany,Portugal,85.909057,55.706041
1923,3,1,2025-09-06,Latvia,Lithuania,78.040137,85.065149
1923,4,1,2025-09-06,Finland,Serbia,101.36,122.78458
1924,1,1,2025-09-06,Turkey,Sweden,93.920339,70.918176
1924,2,1,2025-09-06,Germany,Portugal,81.048006,49.166306
1924,3,1,2025-09-06,Latvia,Lithuania,81.596374,61.846984
1924,4,1,2025-09-06,Finland,Serbia,92.291248,105.29317
1925,1,1,2025-09-06,Turkey,Sweden,89.715018,85.872828
1925,2,1,2025-09-06,Germany,Portugal,81.927276,61.698548
1925,3,1,2025-09-06,Latvia,Lithuania,81.082694,86.49906
1925,4,1,2025-09-06,Finland,Serbia,72.012691,94.531594
1926,1,1,2025-09-06,Turkey,Sweden,71.105065,84.158332
1926,2,1,2025-09-06,Germany,Portugal,96.7127,69.95062
1926,3,1,2025-09-06,Latvia,Lithuania,93.650272,64.542216
1926,4,1,2025-09-06,Finland,Serbia,94.257279,100.12277
1927,1,1,2025-09-06,Turkey,Sweden,90.21125,79.610359
1927,2,1,2025-09-06,Germany,Portugal,91.5541,77.975019
1927,3,1,2025-09-06,Latvia,Lithuania,87.001177,83.154626
1927,4,1,2025-09-06,Finland,Serbia,69.621019,78.55373
1928,1,1,2025-09-06,Turkey,Sweden,110.89674,78.022959
1928,2,1,2025-09-06,Germany,Portugal,81.336894,59.435258
1928,3,1,2025-09-06,Latvia,Lithuania,102.69699,89.453521
1928,4,1,2025-09-06,Finland,Serbia,66.543093,76.986749
1929,1,1,2025-09-06,Turkey,Sweden,74.846564,77.172213
1929,2,1,2025-09-06,Germany,Portugal,97.904855,72.077328
1929,3,1,2025-09-06,Latvia,Lithuania,96.078814,83.619632
1929,4,1,2025-09-06,Finland,Serbia,92.244648,112.94565
1930,1,1,2025-09-06,Turkey,Sweden,92.068983,80.124016
1930,2,1,2025-09-06,Germany,Portugal,75.141855,85.429872
1930,3,1,2025-09-06,Latvia,Lithuania,96.234999,81.885693
1930,4,1,2025-09-06,Finland,Serbia,69.507709,100.97343
1931,1,1,2025-09-06,Turkey,Sweden,102.48739,104.1575
1931,2,1,2025-09-06,Germany,Portugal,77.532533,80.84771
1931,3,1,2025-09-06,Latvia,Lithuania,79.534219,73.432131
1931,4,1,2025-09-06,Finland,Serbia,85.659241,105.89631
1932,1,1,2025-09-06,Turkey,Sweden,62.66872,62.033425
1932,2,1,2025-09-06,Germany,Portugal,94.026395,65.385305
1932,3,1,2025-09-06,Latvia,Lithuania,103.69501,108.24586
1932,4,1,2025-09-06,Finland,Serbia,90.843973,111.47768
1933,1,1,2025-09-06,Turkey,Sweden,93.622541,75.646493
1933,2,1,2025-09-06,Germany,Portugal,78.768804,59.187595
1933,3,1,2025-09-06,Latvia,Lithuania,81.609618,87.569019
1933,4,1,2025-09-06,Finland,Serbia,77.148975,83.478843
1934,1,1,2025-09-06,Turkey,Sweden,98.161261,91.832152
1934,2,1,2025-09-06,Germany,Portugal,79.414454,60.73426
1934,3,1,2025-09-06,Latvia,Lithuania,67.08778,63.651005
1934,4,1,2025-09-06,Finland,Serbia,102.9839,88.453408
1935,1,1,2025-09-06,Turkey,Sweden,96.439802,96.338372
1935,2,1,2025-09-06,Germany,Portugal,86.272887,57.406228
1935,3,1,2025-09-06,Latvia,Lithuania,69.418758,99.236244
1935,4,1,2025-09-06,Finland,Serbia,85.0314,94.538074
1936,1,1,2025-09-06,Turkey,Sweden,75.60852,68.130286
1936,2,1,2025-09-06,Germany,Portugal,87.082476,62.325246
1936,3,1,2025-09-06,Latvia,Lithuania,93.417052,75.990584
1936,4,1,2025-09-06,Finland,Serbia,88.360579,95.712705
1937,1,1,2025-09-06,Turkey,Sweden,108.93064,69.582716
1937,2,1,2025-09-06,Germany,Portugal,78.183984,65.977913
1937,3,1,2025-09-06,Latvia,Lithuania,97.880526,92.008823
1937,4,1,2025-09-06,Finland,Serbia,73.87849,95.283799
1938,1,1,2025-09-06,Turkey,Sweden,67.559228,87.784662
1938,2,1,2025-09-06,Germany,Portugal,64.525341,78.899641
1938,3,1,2025-09-06,Latvia,Lithuania,98.500922,78.393616
1938,4,1,2025-09-06,Finland,Serbia,79.661905,93.744051
1939,1,1,2025-09-06,Turkey,Sweden,77.186201,58.326963
1939,2,1,2025-09-06,Germany,Portugal,81.26869,54.456697
1939,3,1,2025-09-06,Latvia,Lithuania,105.91872,92.755973
1939,4,1,2025-09-06,Finland,Serbia,73.608444,91.651922
1940,1,1,2025-09-06,Turkey,Sweden,79.132453,76.666387
1940,2,1,2025-09-06,Germany,Portugal,107.77805,75.821454
1940,3,1,2025-09-06,Latvia,Lithuania,100.0638,85.218519
1940,4,1,2025-09-06,Finland,Serbia,80.730522,89.065493
1941,1,1,2025-09-06,Turkey,Sweden,75.323164,81.367836
1941,2,1,2025-09-06,Germany,Portugal,97.57618,61.033527
1941,3,1,2025-09-06,Latvia,Lithuania,67.200627,82.325977
1941,4,1,2025-09-06,Finland,Serbia,83.740735,87.053395
1942,1,1,2025-09-06,Turkey,Sweden,103.52286,50.758611
1942,2,1,2025-09-06,Germany,Portugal,75.904689,66.486084
1942,3,1,2025-09-06,Latvia,Lithuania,87.701209,77.086358
1942,4,1,2025-09-06,Finland,Serbia,92.959446,90.520332
1943,1,1,2025-09-06,Turkey,Sweden,103.17928,76.84429
1943,2,1,2025-09-06,Germany,Portugal,83.838195,64.241061
1943,3,1,2025-09-06,Latvia,Lithuania,88.641286,53.034795
1943,4,1,2025-09-06,Finland,Serbia,106.91845000000001,90.969468
1944,1,1,2025-09-06,Turkey,Sweden,80.478742,77.357728
1944,2,1,2025-09-06,Germany,Portugal,100.71597,69.698006
1944,3,1,2025-09-06,Latvia,Lithuania,88.121607,86.951349
1944,4,1,2025-09-06,Finland,Serbia,97.812928,105.72168
1945,1,1,2025-09-06,Turkey,Sweden,95.581458,101.55916
1945,2,1,2025-09-06,Germany,Portugal,86.439159,70.088461
1945,3,1,2025-09-06,Latvia,Lithuania,83.275997,80.579781
1945,4,1,2025-09-06,Finland,Serbia,96.509357,95.977331
1946,1,1,2025-09-06,Turkey,Sweden,66.915643,62.802503
1946,2,1,2025-09-06,Germany,Portugal,78.851157,62.195732
1946,3,1,2025-09-06,Latvia,Lithuania,97.732254,79.477894
1946,4,1,2025-09-06,Finland,Serbia,91.646569,85.597738
1947,1,1,2025-09-06,Turkey,Sweden,86.560947,79.211684
1947,2,1,2025-09-06,Germany,Portugal,82.593554,45.235624
1947,3,1,2025-09-06,Latvia,Lithuania,93.473754,91.644926
1947,4,1,2025-09-06,Finland,Serbia,95.85923,86.751441
1948,1,1,2025-09-06,Turkey,Sweden,93.699521,82.019587
1948,2,1,2025-09-06,Germany,Portugal,73.385657,59.694227
1948,3,1,2025-09-06,Latvia,Lithuania,82.44549,76.168649
1948,4,1,2025-09-06,Finland,Serbia,86.529596,91.106419
1949,1,1,2025-09-06,Turkey,Sweden,81.944809,84.312251
1949,2,1,2025-09-06,Germany,Portugal,97.033902,67.232975
1949,3,1,2025-09-06,Latvia,Lithuania,77.295748,77.212329
1949,4,1,2025-09-06,Finland,Serbia,99.921522,93.834944
1950,1,1,2025-09-06,Turkey,Sweden,90.208233,80.602609
1950,2,1,2025-09-06,Germany,Portugal,85.681213,60.078474
1950,3,1,2025-09-06,Latvia,Lithuania,79.166864,84.408611
1950,4,1,2025-09-06,Finland,Serbia,87.260271,101.67011
1951,1,1,2025-09-06,Turkey,Sweden,70.56938,82.638191
1951,2,1,2025-09-06,Germany,Portugal,93.687029,51.791473
1951,3,1,2025-09-06,Latvia,Lithuania,100.16289,88.904402
1951,4,1,2025-09-06,Finland,Serbia,61.227667,78.435863
1952,1,1,2025-09-06,Turkey,Sweden,82.046469,89.182336
1952,2,1,2025-09-06,Germany,Portugal,100.06679,71.519324
1952,3,1,2025-09-06,Latvia,Lithuania,86.203073,82.051582
1952,4,1,2025-09-06,Finland,Serbia,82.538082,87.148503
1953,1,1,2025-09-06,Turkey,Sweden,87.560995,71.828429
1953,2,1,2025-09-06,Germany,Portugal,85.599617,61.940164
1953,3,1,2025-09-06,Latvia,Lithuania,89.217161,97.574247
1953,4,1,2025-09-06,Finland,Serbia,66.764838,91.511701
1954,1,1,2025-09-06,Turkey,Sweden,90.848585,67.779014
1954,2,1,2025-09-06,Germany,Portugal,85.173182,60.612101
1954,3,1,2025-09-06,Latvia,Lithuania,82.804691,83.413888
1954,4,1,2025-09-06,Finland,Serbia,86.373221,84.732601
1955,1,1,2025-09-06,Turkey,Sweden,58.376847,74.90343
1955,2,1,2025-09-06,Germany,Portugal,77.628349,67.518965
1955,3,1,2025-09-06,Latvia,Lithuania,102.80316,100.78335
1955,4,1,2025-09-06,Finland,Serbia,97.149997,100.29628
1956,1,1,2025-09-06,Turkey,Sweden,97.123236,83.306398
1956,2,1,2025-09-06,Germany,Portugal,83.974195,60.205597
1956,3,1,2025-09-06,Latvia,Lithuania,91.908307,85.095523
1956,4,1,2025-09-06,Finland,Serbia,85.367878,86.196845
1957,1,1,2025-09-06,Turkey,Sweden,71.707137,66.908489
1957,2,1,2025-09-06,Germany,Portugal,85.088349,75.159085
1957,3,1,2025-09-06,Latvia,Lithuania,88.503316,91.610127
1957,4,1,2025-09-06,Finland,Serbia,94.843063,112.02584
1958,1,1,2025-09-06,Turkey,Sweden,105.11946,86.318155
1958,2,1,2025-09-06,Germany,Portugal,77.59569,78.864382
1958,3,1,2025-09-06,Latvia,Lithuania,109.59922,98.260624000000007
1958,4,1,2025-09-06,Finland,Serbia,100.67243,108.05597
1959,1,1,2025-09-06,Turkey,Sweden,82.334971,64.619611
1959,2,1,2025-09-06,Germany,Portugal,94.179778,57.405583
1959,3,1,2025-09-06,Latvia,Lithuania,79.533178,89.380778
1959,4,1,2025-09-06,Finland,Serbia,76.037008,85.184358
1960,1,1,2025-09-06,Turkey,Sweden,95.605411,79.694014
1960,2,1,2025-09-06,Germany,Portugal,92.729172,71.288906
1960,3,1,2025-09-06,Latvia,Lithuania,71.623583,82.378176
1960,4,1,2025-09-06,Finland,Serbia,101.95911,89.991036
1961,1,1,2025-09-06,Turkey,Sweden,92.936468,81.946213
1961,2,1,2025-09-06,Germany,Portugal,107.43673,66.269155
1961,3,1,2025-09-06,Latvia,Lithuania,109.11196,99.25762
1961,4,1,2025-09-06,Finland,Serbia,74.031591,83.458043
1962,1,1,2025-09-06,Turkey,Sweden,92.971319,76.844957
1962,2,1,2025-09-06,Germany,Portugal,63.344915,55.99672
1962,3,1,2025-09-06,Latvia,Lithuania,93.788616,95.660196
1962,4,1,2025-09-06,Finland,Serbia,79.229688,89.228848
1963,1,1,2025-09-06,Turkey,Sweden,88.630362,77.103726
1963,2,1,2025-09-06,Germany,Portugal,112.95203,51.693741
1963,3,1,2025-09-06,Latvia,Lithuania,87.883767,74.737922
1963,4,1,2025-09-06,Finland,Serbia,72.793017,91.839042
1964,1,1,2025-09-06,Turkey,Sweden,90.022447,89.589599
1964,2,1,2025-09-06,Germany,Portugal,119.83968,68.360207
1964,3,1,2025-09-06,Latvia,Lithuania,99.018167,94.144949
1964,4,1,2025-09-06,Finland,Serbia,95.36206,83.827313
1965,1,1,2025-09-06,Turkey,Sweden,77.581416,90.098715
1965,2,1,2025-09-06,Germany,Portugal,80.943959,52.990605
1965,3,1,2025-09-06,Latvia,Lithuania,71.176907,105.55251
1965,4,1,2025-09-06,Finland,Serbia,108.39482,95.711654
1966,1,1,2025-09-06,Turkey,Sweden,93.59122,80.577844
1966,2,1,2025-09-06,Germany,Portugal,96.84218,58.225642
1966,3,1,2025-09-06,Latvia,Lithuania,69.814965,83.397977
1966,4,1,2025-09-06,Finland,Serbia,65.521316,93.674574
1967,1,1,2025-09-06,Turkey,Sweden,94.723756,89.343455
1967,2,1,2025-09-06,Germany,Portugal,93.624146,68.068277
1967,3,1,2025-09-06,Latvia,Lithuania,105.26788,91.09906
1967,4,1,2025-09-06,Finland,Serbia,87.774674,95.405967
1968,1,1,2025-09-06,Turkey,Sweden,111.15548,81.164857
1968,2,1,2025-09-06,Germany,Portugal,80.069946,57.455182
1968,3,1,2025-09-06,Latvia,Lithuania,84.452927,87.139917
1968,4,1,2025-09-06,Finland,Serbia,83.279414,96.218183
1969,1,1,2025-09-06,Turkey,Sweden,71.661099,76.72514
1969,2,1,2025-09-06,Germany,Portugal,93.632341,61.075566
1969,3,1,2025-09-06,Latvia,Lithuania,76.686763,82.350846
1969,4,1,2025-09-06,Finland,Serbia,113.05982,97.875727
1970,1,1,2025-09-06,Turkey,Sweden,103.14723,81.798071
1970,2,1,2025-09-06,Germany,Portugal,97.787904,40.092341
1970,3,1,2025-09-06,Latvia,Lithuania,98.223525,80.856324
1970,4,1,2025-09-06,Finland,Serbia,104.32863,86.039372
1971,1,1,2025-09-06,Turkey,Sweden,89.644726,90.979013
1971,2,1,2025-09-06,Germany,Portugal,105.34115,61.353204
1971,3,1,2025-09-06,Latvia,Lithuania,101.26747,61.341074
1971,4,1,2025-09-06,Finland,Serbia,90.493895,110.13454
1972,1,1,2025-09-06,Turkey,Sweden,68.265561,59.488167
1972,2,1,2025-09-06,Germany,Portugal,101.79143,52.385905
1972,3,1,2025-09-06,Latvia,Lithuania,75.579818,63.860297
1972,4,1,2025-09-06,Finland,Serbia,98.771011,90.393856
1973,1,1,2025-09-06,Turkey,Sweden,95.210897,76.503631
1973,2,1,2025-09-06,Germany,Portugal,52.179252,52.972976
1973,3,1,2025-09-06,Latvia,Lithuania,85.992055,67.127699
1973,4,1,2025-09-06,Finland,Serbia,92.518514,97.011077
1974,1,1,2025-09-06,Turkey,Sweden,100.82334,56.85417
1974,2,1,2025-09-06,Germany,Portugal,94.025477,58.628817
1974,3,1,2025-09-06,Latvia,Lithuania,92.171638,89.021646
1974,4,1,2025-09-06,Finland,Serbia,102.50398,113.88813
1975,1,1,2025-09-06,Turkey,Sweden,96.924641,63.952661
1975,2,1,2025-09-06,Germany,Portugal,76.790719,53.922598
1975,3,1,2025-09-06,Latvia,Lithuania,79.626197,73.191146
1975,4,1,2025-09-06,Finland,Serbia,96.299699,94.691105
1976,1,1,2025-09-06,Turkey,Sweden,92.64248,64.544955
1976,2,1,2025-09-06,Germany,Portugal,102.10456,61.986637
1976,3,1,2025-09-06,Latvia,Lithuania,71.79622,83.092127
1976,4,1,2025-09-06,Finland,Serbia,84.151233,91.871635
1977,1,1,2025-09-06,Turkey,Sweden,69.355167,59.804858
1977,2,1,2025-09-06,Germany,Portugal,79.877694,68.013658
1977,3,1,2025-09-06,Latvia,Lithuania,71.459185,70.770633
1977,4,1,2025-09-06,Finland,Serbia,93.878501,79.368992
1978,1,1,2025-09-06,Turkey,Sweden,91.213215,77.938559
1978,2,1,2025-09-06,Germany,Portugal,87.53691,71.793553
1978,3,1,2025-09-06,Latvia,Lithuania,74.478868,73.565148
1978,4,1,2025-09-06,Finland,Serbia,74.026027,127.50554
1979,1,1,2025-09-06,Turkey,Sweden,99.871531,77.890181
1979,2,1,2025-09-06,Germany,Portugal,90.611647,53.506247
1979,3,1,2025-09-06,Latvia,Lithuania,99.204442,74.684301
1979,4,1,2025-09-06,Finland,Serbia,79.267574,88.994391
1980,1,1,2025-09-06,Turkey,Sweden,78.757599,80.31634
1980,2,1,2025-09-06,Germany,Portugal,84.617668,56.475523
1980,3,1,2025-09-06,Latvia,Lithuania,98.4602,86.306936
1980,4,1,2025-09-06,Finland,Serbia,95.365726,101.86889
1981,1,1,2025-09-06,Turkey,Sweden,60.068775,74.273191
1981,2,1,2025-09-06,Germany,Portugal,98.892417,69.544547
1981,3,1,2025-09-06,Latvia,Lithuania,70.683243,83.502031
1981,4,1,2025-09-06,Finland,Serbia,73.215019,106.62974
1982,1,1,2025-09-06,Turkey,Sweden,77.428777,67.61854
1982,2,1,2025-09-06,Germany,Portugal,80.491633,67.984166
1982,3,1,2025-09-06,Latvia,Lithuania,115.11711,107.02437
1982,4,1,2025-09-06,Finland,Serbia,95.928337,104.27951
1983,1,1,2025-09-06,Turkey,Sweden,96.373307,72.214769
1983,2,1,2025-09-06,Germany,Portugal,94.793423,50.773784
1983,3,1,2025-09-06,Latvia,Lithuania,99.010863,74.789556
1983,4,1,2025-09-06,Finland,Serbia,78.729485,76.598201
1984,1,1,2025-09-06,Turkey,Sweden,107.3545,86.238343
1984,2,1,2025-09-06,Germany,Portugal,113.41231,81.592018
1984,3,1,2025-09-06,Latvia,Lithuania,104.11483,78.422384
1984,4,1,2025-09-06,Finland,Serbia,83.570749,81.432226
1985,1,1,2025-09-06,Turkey,Sweden,84.492217,77.853575
1985,2,1,2025-09-06,Germany,Portugal,94.264112,66.941691
1985,3,1,2025-09-06,Latvia,Lithuania,89.8851,89.200121
1985,4,1,2025-09-06,Finland,Serbia,76.189315,84.981715
1986,1,1,2025-09-06,Turkey,Sweden,81.548489,72.920089
1986,2,1,2025-09-06,Germany,Portugal,90.689192,52.323288
1986,3,1,2025-09-06,Latvia,Lithuania,85.182712,85.311537
1986,4,1,2025-09-06,Finland,Serbia,75.945211,112.67129
1987,1,1,2025-09-06,Turkey,Sweden,96.253433,45.660367
1987,2,1,2025-09-06,Germany,Portugal,90.40221,55.421738
1987,3,1,2025-09-06,Latvia,Lithuania,85.431106,77.79224
1987,4,1,2025-09-06,Finland,Serbia,91.952504,87.940144
1988,1,1,2025-09-06,Turkey,Sweden,74.132947,75.854779
1988,2,1,2025-09-06,Germany,Portugal,79.293863,39.460027
1988,3,1,2025-09-06,Latvia,Lithuania,83.772298,88.371257
1988,4,1,2025-09-06,Finland,Serbia,91.250648,90.865331
1989,1,1,2025-09-06,Turkey,Sweden,87.630293,68.622935
1989,2,1,2025-09-06,Germany,Portugal,88.392199,71.205181
1989,3,1,2025-09-06,Latvia,Lithuania,91.392764,93.712499
1989,4,1,2025-09-06,Finland,Serbia,80.272625,89.368102
1990,1,1,2025-09-06,Turkey,Sweden,97.053011,79.253022
1990,2,1,2025-09-06,Germany,Portugal,88.987704,62.840459
1990,3,1,2025-09-06,Latvia,Lithuania,91.906507,87.766426
1990,4,1,2025-09-06,Finland,Serbia,87.763239,104.15395
1991,1,1,2025-09-06,Turkey,Sweden,86.226774,84.528404
1991,2,1,2025-09-06,Germany,Portugal,87.826657,65.748944
1991,3,1,2025-09-06,Latvia,Lithuania,89.812161,96.286816
1991,4,1,2025-09-06,Finland,Serbia,95.29441,104.18984
1992,1,1,2025-09-06,Turkey,Sweden,81.29423,79.357068
1992,2,1,2025-09-06,Germany,Portugal,78.770365,61.162157
1992,3,1,2025-09-06,Latvia,Lithuania,98.669523,87.183375
1992,4,1,2025-09-06,Finland,Serbia,88.276975,90.047286
1993,1,1,2025-09-06,Turkey,Sweden,94.367794,67.218678
1993,2,1,2025-09-06,Germany,Portugal,92.816011,63.653377
1993,3,1,2025-09-06,Latvia,Lithuania,104.57169,88.731758
1993,4,1,2025-09-06,Finland,Serbia,87.4327,102.71208
1994,1,1,2025-09-06,Turkey,Sweden,95.482631,80.014163
1994,2,1,2025-09-06,Germany,Portugal,114.04859,36.645125
1994,3,1,2025-09-06,Latvia,Lithuania,89.215403,90.026892
1994,4,1,2025-09-06,Finland,Serbia,98.866105,101.47634
1995,1,1,2025-09-06,Turkey,Sweden,85.708353,69.748247
1995,2,1,2025-09-06,Germany,Portugal,97.180072,63.804666
1995,3,1,2025-09-06,Latvia,Lithuania,112.51315,73.743147
1995,4,1,2025-09-06,Finland,Serbia,87.191651,107.45932
1996,1,1,2025-09-06,Turkey,Sweden,98.458171,86.010789
1996,2,1,2025-09-06,Germany,Portugal,81.609343,75.689981
1996,3,1,2025-09-06,Latvia,Lithuania,84.963619,95.50454
1996,4,1,2025-09-06,Finland,Serbia,97.19934,72.654862
1997,1,1,2025-09-06,Turkey,Sweden,78.640964,89.627267
1997,2,1,2025-09-06,Germany,Portugal,98.777832,39.199216
1997,3,1,2025-09-06,Latvia,Lithuania,86.511172,83.129469
1997,4,1,2025-09-06,Finland,Serbia,89.74891,88.926424
1998,1,1,2025-09-06,Turkey,Sweden,62.784774,65.969446
1998,2,1,2025-09-06,Germany,Portugal,79.442253,67.267499
1998,3,1,2025-09-06,Latvia,Lithuania,69.362645,55.906167
1998,4,1,2025-09-06,Finland,Serbia,84.670568,91.364707
1999,1,1,2025-09-06,Turkey,Sweden,92.128083,91.464569
1999,2,1,2025-09-06,Germany,Portugal,87.440756,72.690414
1999,3,1,2025-09-06,Latvia,Lithuania,90.090673,91.663626
1999,4,1,2025-09-06,Finland,Serbia,96.905775,101.81304
2000,1,1,2025-09-06,Turkey,Sweden,90.309237,87.459698
2000,2,1,2025-09-06,Germany,Portugal,76.424313,61.95605
2000,3,1,2025-09-06,Latvia,Lithuania,102.10805,93.647587
2000,4,1,2025-09-06,Finland,Serbia,87.802962,94.781478
2001,1,1,2025-09-06,Turkey,Sweden,88.855206,68.263234
2001,2,1,2025-09-06,Germany,Portugal,90.444273,54.148082
2001,3,1,2025-09-06,Latvia,Lithuania,85.113398,82.041362
2001,4,1,2025-09-06,Finland,Serbia,95.096792,100.57213
2002,1,1,2025-09-06,Turkey,Sweden,100.68665,76.958246
2002,2,1,2025-09-06,Germany,Portugal,77.362753,41.023611
2002,3,1,2025-09-06,Latvia,Lithuania,92.458007,81.045718
2002,4,1,2025-09-06,Finland,Serbia,80.199535,92.39658
2003,1,1,2025-09-06,Turkey,Sweden,96.310494,74.627165
2003,2,1,2025-09-06,Germany,Portugal,90.542874,72.004175
2003,3,1,2025-09-06,Latvia,Lithuania,78.547943,90.42571
2003,4,1,2025-09-06,Finland,Serbia,110.57489,94.61349
2004,1,1,2025-09-06,Turkey,Sweden,81.597271,90.395634
2004,2,1,2025-09-06,Germany,Portugal,95.272743,70.948406
2004,3,1,2025-09-06,Latvia,Lithuania,85.933161,82.08418
2004,4,1,2025-09-06,Finland,Serbia,82.914454,88.96417
2005,1,1,2025-09-06,Turkey,Sweden,97.651778,82.236965
2005,2,1,2025-09-06,Germany,Portugal,88.732917,61.995525
2005,3,1,2025-09-06,Latvia,Lithuania,79.14747,62.845702
2005,4,1,2025-09-06,Finland,Serbia,78.205141,103.4259
2006,1,1,2025-09-06,Turkey,Sweden,81.35507,60.213878
2006,2,1,2025-09-06,Germany,Portugal,87.273647,34.532526
2006,3,1,2025-09-06,Latvia,Lithuania,103.25957,107.29366
2006,4,1,2025-09-06,Finland,Serbia,85.524385,92.17887
2007,1,1,2025-09-06,Turkey,Sweden,91.638578,77.521279
2007,2,1,2025-09-06,Germany,Portugal,92.834094,65.801005
2007,3,1,2025-09-06,Latvia,Lithuania,94.814039,83.336427
2007,4,1,2025-09-06,Finland,Serbia,89.955981,101.40722
2008,1,1,2025-09-06,Turkey,Sweden,90.781258,90.993251
2008,2,1,2025-09-06,Germany,Portugal,96.670037,67.324939
2008,3,1,2025-09-06,Latvia,Lithuania,82.556238,99.680086
2008,4,1,2025-09-06,Finland,Serbia,88.689641,93.634899
2009,1,1,2025-09-06,Turkey,Sweden,98.359558,75.952219
2009,2,1,2025-09-06,Germany,Portugal,115.14982,61.685336
2009,3,1,2025-09-06,Latvia,Lithuania,92.345772,75.110854
2009,4,1,2025-09-06,Finland,Serbia,97.623735,94.866909
2010,1,1,2025-09-06,Turkey,Sweden,88.388622,91.96124
2010,2,1,2025-09-06,Germany,Portugal,91.228928,82.761894
2010,3,1,2025-09-06,Latvia,Lithuania,95.444052,87.472607
2010,4,1,2025-09-06,Finland,Serbia,79.499503,88.244422
2011,1,1,2025-09-06,Turkey,Sweden,90.295577,86.413738
2011,2,1,2025-09-06,Germany,Portugal,94.732291,59.134511
2011,3,1,2025-09-06,Latvia,Lithuania,119.22649,88.556503
2011,4,1,2025-09-06,Finland,Serbia,100.66081,105.62692
2012,1,1,2025-09-06,Turkey,Sweden,78.113761,75.487466
2012,2,1,2025-09-06,Germany,Portugal,85.693669,63.794564
2012,3,1,2025-09-06,Latvia,Lithuania,77.706864,72.718906
2012,4,1,2025-09-06,Finland,Serbia,104.11968,107.26537
2013,1,1,2025-09-06,Turkey,Sweden,75.268694,83.095046
2013,2,1,2025-09-06,Germany,Portugal,111.79699,59.800631
2013,3,1,2025-09-06,Latvia,Lithuania,81.185043,80.480559
2013,4,1,2025-09-06,Finland,Serbia,92.991048,88.595584
2014,1,1,2025-09-06,Turkey,Sweden,83.2893,79.471105
2014,2,1,2025-09-06,Germany,Portugal,109.66802,56.974816
2014,3,1,2025-09-06,Latvia,Lithuania,95.75596,78.3158
2014,4,1,2025-09-06,Finland,Serbia,82.256536,88.010307
2015,1,1,2025-09-06,Turkey,Sweden,69.702226,75.547672
2015,2,1,2025-09-06,Germany,Portugal,77.441059,78.476939
2015,3,1,2025-09-06,Latvia,Lithuania,98.209527,93.914075
2015,4,1,2025-09-06,Finland,Serbia,75.71147,87.732054
2016,1,1,2025-09-06,Turkey,Sweden,77.344973,85.983072
2016,2,1,2025-09-06,Germany,Portugal,79.561805,57.263203
2016,3,1,2025-09-06,Latvia,Lithuania,81.883058,89.574981
2016,4,1,2025-09-06,Finland,Serbia,97.905151,86.246117
2017,1,1,2025-09-06,Turkey,Sweden,91.026118,86.209283
2017,2,1,2025-09-06,Germany,Portugal,94.123452,69.642974
2017,3,1,2025-09-06,Latvia,Lithuania,83.678401,83.908444
2017,4,1,2025-09-06,Finland,Serbia,79.384532,83.713384
2018,1,1,2025-09-06,Turkey,Sweden,71.588132,76.036777
2018,2,1,2025-09-06,Germany,Portugal,75.840478,55.820535
2018,3,1,2025-09-06,Latvia,Lithuania,81.00772,74.735034
2018,4,1,2025-09-06,Finland,Serbia,89.833734,86.220989
2019,1,1,2025-09-06,Turkey,Sweden,78.920268,90.662525
2019,2,1,2025-09-06,Germany,Portugal,103.86776,28.197889
2019,3,1,2025-09-06,Latvia,Lithuania,80.598538,83.107816
2019,4,1,2025-09-06,Finland,Serbia,95.040749,103.85407
2020,1,1,2025-09-06,Turkey,Sweden,102.19197,87.507956
2020,2,1,2025-09-06,Germany,Portugal,85.6021,69.319991
2020,3,1,2025-09-06,Latvia,Lithuania,82.18819,90.111365
2020,4,1,2025-09-06,Finland,Serbia,81.785319,79.004916
2021,1,1,2025-09-06,Turkey,Sweden,91.083069,78.048347
2021,2,1,2025-09-06,Germany,Portugal,101.88323,56.698146
2021,3,1,2025-09-06,Latvia,Lithuania,72.874337,69.950099
2021,4,1,2025-09-06,Finland,Serbia,89.385484,82.291201
2022,1,1,2025-09-06,Turkey,Sweden,79.257971,87.183557
2022,2,1,2025-09-06,Germany,Portugal,96.587904,73.523195
2022,3,1,2025-09-06,Latvia,Lithuania,80.852127,74.95432
2022,4,1,2025-09-06,Finland,Serbia,79.899752,74.112069
2023,1,1,2025-09-06,Turkey,Sweden,98.158757,70.662383
2023,2,1,2025-09-06,Germany,Portugal,87.163942,53.158748
2023,3,1,2025-09-06,Latvia,Lithuania,84.601182,85.568666
2023,4,1,2025-09-06,Finland,Serbia,79.201591,84.534348
2024,1,1,2025-09-06,Turkey,Sweden,72.192067,60.609796
2024,2,1,2025-09-06,Germany,Portugal,79.799473,74.146892
2024,3,1,2025-09-06,Latvia,Lithuania,102.73489,97.450451
2024,4,1,2025-09-06,Finland,Serbia,96.768077,91.33525
2025,1,1,2025-09-06,Turkey,Sweden,93.057817,82.027433
2025,2,1,2025-09-06,Germany,Portugal,106.478,65.977564
2025,3,1,2025-09-06,Latvia,Lithuania,89.729716,93.679678
2025,4,1,2025-09-06,Finland,Serbia,85.661835,102.97768
2026,1,1,2025-09-06,Turkey,Sweden,82.145848,79.364936
2026,2,1,2025-09-06,Germany,Portugal,81.916369,55.330998
2026,3,1,2025-09-06,Latvia,Lithuania,106.00416,96.277201
2026,4,1,2025-09-06,Finland,Serbia,74.212339,83.426817
2027,1,1,2025-09-06,Turkey,Sweden,73.347243,70.928614
2027,2,1,2025-09-06,Germany,Portugal,84.19728,59.08917
2027,3,1,2025-09-06,Latvia,Lithuania,79.13488,84.790264
2027,4,1,2025-09-06,Finland,Serbia,106.83925,84.078608
2028,1,1,2025-09-06,Turkey,Sweden,81.816851,91.771866
2028,2,1,2025-09-06,Germany,Portugal,93.218145,61.21996
2028,3,1,2025-09-06,Latvia,Lithuania,86.33031,91.519239
2028,4,1,2025-09-06,Finland,Serbia,104.74745,75.96428
2029,1,1,2025-09-06,Turkey,Sweden,77.446476,64.293459
2029,2,1,2025-09-06,Germany,Portugal,90.529556,57.32027
2029,3,1,2025-09-06,Latvia,Lithuania,77.695967,87.123812
2029,4,1,2025-09-06,Finland,Serbia,99.308486,91.877214
2030,1,1,2025-09-06,Turkey,Sweden,91.802385,85.777738
2030,2,1,2025-09-06,Germany,Portugal,74.944789,70.328447
2030,3,1,2025-09-06,Latvia,Lithuania,80.582666,93.717942
2030,4,1,2025-09-06,Finland,Serbia,88.583552,103.10462
2031,1,1,2025-09-06,Turkey,Sweden,79.387533,77.389756
2031,2,1,2025-09-06,Germany,Portugal,86.467932,75.723996
2031,3,1,2025-09-06,Latvia,Lithuania,89.886527,86.083309
2031,4,1,2025-09-06,Finland,Serbia,84.519025,110.38108
2032,1,1,2025-09-06,Turkey,Sweden,85.154045,50.443948
2032,2,1,2025-09-06,Germany,Portugal,89.300155,66.391035
2032,3,1,2025-09-06,Latvia,Lithuania,71.943933,82.771228
2032,4,1,2025-09-06,Finland,Serbia,81.864416,98.770767
2033,1,1,2025-09-06,Turkey,Sweden,63.412814,61.08625
2033,2,1,2025-09-06,Germany,Portugal,79.09363,79.466792
2033,3,1,2025-09-06,Latvia,Lithuania,96.588595,76.834244
2033,4,1,2025-09-06,Finland,Serbia,93.914301,73.352185
2034,1,1,2025-09-06,Turkey,Sweden,79.619205,67.395544
2034,2,1,2025-09-06,Germany,Portugal,76.53111,51.016773
2034,3,1,2025-09-06,Latvia,Lithuania,86.787445,82.647508
2034,4,1,2025-09-06,Finland,Serbia,92.127052,100.29316
2035,1,1,2025-09-06,Turkey,Sweden,80.173056,76.703972
2035,2,1,2025-09-06,Germany,Portugal,87.837228,56.804641
2035,3,1,2025-09-06,Latvia,Lithuania,87.083778,81.806965
2035,4,1,2025-09-06,Finland,Serbia,90.768655999999993,99.064864
2036,1,1,2025-09-06,Turkey,Sweden,64.27343,80.288622
2036,2,1,2025-09-06,Germany,Portugal,75.59608,51.835988
2036,3,1,2025-09-06,Latvia,Lithuania,104.06525,76.469722
2036,4,1,2025-09-06,Finland,Serbia,84.974844,118.01737
2037,1,1,2025-09-06,Turkey,Sweden,91.174142,63.664796
2037,2,1,2025-09-06,Germany,Portugal,107.46223,67.568488
2037,3,1,2025-09-06,Latvia,Lithuania,89.236196,67.809492
2037,4,1,2025-09-06,Finland,Serbia,77.436393,110.413
2038,1,1,2025-09-06,Turkey,Sweden,89.028528,64.415948
2038,2,1,2025-09-06,Germany,Portugal,71.823138,59.110395
2038,3,1,2025-09-06,Latvia,Lithuania,100.40699,88.620624
2038,4,1,2025-09-06,Finland,Serbia,89.272785,82.231869
2039,1,1,2025-09-06,Turkey,Sweden,90.327548,65.160714
2039,2,1,2025-09-06,Germany,Portugal,74.294422,38.75687
2039,3,1,2025-09-06,Latvia,Lithuania,80.402839,79.37358
2039,4,1,2025-09-06,Finland,Serbia,116.53154,103.69594
2040,1,1,2025-09-06,Turkey,Sweden,87.626138,89.943385
2040,2,1,2025-09-06,Germany,Portugal,97.745544,73.447026
2040,3,1,2025-09-06,Latvia,Lithuania,73.764179,74.530349
2040,4,1,2025-09-06,Finland,Serbia,82.469734,92.481689
2041,1,1,2025-09-06,Turkey,Sweden,73.20938,73.199865
2041,2,1,2025-09-06,Germany,Portugal,88.098531,69.664098
2041,3,1,2025-09-06,Latvia,Lithuania,66.765894,78.281577
2041,4,1,2025-09-06,Finland,Serbia,96.341769,90.2169
2042,1,1,2025-09-06,Turkey,Sweden,98.729024,83.248594
2042,2,1,2025-09-06,Germany,Portugal,78.87997,57.961356
2042,3,1,2025-09-06,Latvia,Lithuania,100.09989,101.066
2042,4,1,2025-09-06,Finland,Serbia,87.9271,93.217036
2043,1,1,2025-09-06,Turkey,Sweden,75.591451,74.909335
2043,2,1,2025-09-06,Germany,Portugal,95.88767,72.305905
2043,3,1,2025-09-06,Latvia,Lithuania,95.029057,76.608251
2043,4,1,2025-09-06,Finland,Serbia,93.482845,101.08429
2044,1,1,2025-09-06,Turkey,Sweden,85.546443,73.31216
2044,2,1,2025-09-06,Germany,Portugal,93.957402,87.291222
2044,3,1,2025-09-06,Latvia,Lithuania,84.993154,65.239509
2044,4,1,2025-09-06,Finland,Serbia,104.19857,92.69314
2045,1,1,2025-09-06,Turkey,Sweden,92.027363,75.606795
2045,2,1,2025-09-06,Germany,Portugal,81.468565,58.791194
2045,3,1,2025-09-06,Latvia,Lithuania,101.1082,102.95567
2045,4,1,2025-09-06,Finland,Serbia,88.966356,103.09215
2046,1,1,2025-09-06,Turkey,Sweden,76.469153,64.414854
2046,2,1,2025-09-06,Germany,Portugal,87.098577,75.408696
2046,3,1,2025-09-06,Latvia,Lithuania,97.490334,91.261816
2046,4,1,2025-09-06,Finland,Serbia,104.95244,92.326878
2047,1,1,2025-09-06,Turkey,Sweden,71.789997,76.139452
2047,2,1,2025-09-06,Germany,Portugal,112.19097,79.483019
2047,3,1,2025-09-06,Latvia,Lithuania,90.428903,79.153979
2047,4,1,2025-09-06,Finland,Serbia,91.840182,70.4243
2048,1,1,2025-09-06,Turkey,Sweden,79.681644,67.619348
2048,2,1,2025-09-06,Germany,Portugal,101.87482,70.21087
2048,3,1,2025-09-06,Latvia,Lithuania,81.855795,77.285605
2048,4,1,2025-09-06,Finland,Serbia,89.388721,98.850325
2049,1,1,2025-09-06,Turkey,Sweden,90.604275,80.542243
2049,2,1,2025-09-06,Germany,Portugal,87.099476,40.416346
2049,3,1,2025-09-06,Latvia,Lithuania,111.75315,107.52154
2049,4,1,2025-09-06,Finland,Serbia,99.373783,103.75969
2050,1,1,2025-09-06,Turkey,Sweden,80.56819,44.905257
2050,2,1,2025-09-06,Germany,Portugal,69.38125,86.224926
2050,3,1,2025-09-06,Latvia,Lithuania,83.956592,70.358219
2050,4,1,2025-09-06,Finland,Serbia,94.64155,103.51867
2051,1,1,2025-09-06,Turkey,Sweden,96.300961,84.938322
2051,2,1,2025-09-06,Germany,Portugal,100.71646,81.618262
2051,3,1,2025-09-06,Latvia,Lithuania,75.93178,71.330833
2051,4,1,2025-09-06,Finland,Serbia,90.817108,117.02206
2052,1,1,2025-09-06,Turkey,Sweden,93.568978,82.675539
2052,2,1,2025-09-06,Germany,Portugal,94.195871,72.14217
2052,3,1,2025-09-06,Latvia,Lithuania,104.15792,85.69143
2052,4,1,2025-09-06,Finland,Serbia,79.21289,99.616713
2053,1,1,2025-09-06,Turkey,Sweden,84.586012,72.330483
2053,2,1,2025-09-06,Germany,Portugal,99.267177,87.576574
2053,3,1,2025-09-06,Latvia,Lithuania,104.57645,86.440109
2053,4,1,2025-09-06,Finland,Serbia,103.44077,108.6622
2054,1,1,2025-09-06,Turkey,Sweden,96.885839,93.005127
2054,2,1,2025-09-06,Germany,Portugal,91.248943,70.355256
2054,3,1,2025-09-06,Latvia,Lithuania,99.649491,96.17108
2054,4,1,2025-09-06,Finland,Serbia,76.323317,95.100894
2055,1,1,2025-09-06,Turkey,Sweden,99.242812,77.623813
2055,2,1,2025-09-06,Germany,Portugal,110.2872,82.450039
2055,3,1,2025-09-06,Latvia,Lithuania,65.248442,58.184785
2055,4,1,2025-09-06,Finland,Serbia,83.212205,78.181282
2056,1,1,2025-09-06,Turkey,Sweden,76.958876,72.895221
2056,2,1,2025-09-06,Germany,Portugal,83.539801,53.262998
2056,3,1,2025-09-06,Latvia,Lithuania,78.717633,82.005794
2056,4,1,2025-09-06,Finland,Serbia,102.91643,98.311344
2057,1,1,2025-09-06,Turkey,Sweden,92.175165,79.876355
2057,2,1,2025-09-06,Germany,Portugal,88.419309,58.310855
2057,3,1,2025-09-06,Latvia,Lithuania,82.525955,91.687883
2057,4,1,2025-09-06,Finland,Serbia,97.363954,87.575189
2058,1,1,2025-09-06,Turkey,Sweden,62.540723,71.048521
2058,2,1,2025-09-06,Germany,Portugal,75.636438,67.173388
2058,3,1,2025-09-06,Latvia,Lithuania,80.750036,71.012841
2058,4,1,2025-09-06,Finland,Serbia,84.077631,90.30207
2059,1,1,2025-09-06,Turkey,Sweden,88.849814,72.568478
2059,2,1,2025-09-06,Germany,Portugal,89.345906,68.187324
2059,3,1,2025-09-06,Latvia,Lithuania,90.322001,86.519644
2059,4,1,2025-09-06,Finland,Serbia,91.612128,100.48811
2060,1,1,2025-09-06,Turkey,Sweden,102.41355,88.759555
2060,2,1,2025-09-06,Germany,Portugal,117.80934,75.13831
2060,3,1,2025-09-06,Latvia,Lithuania,83.52915,77.938563
2060,4,1,2025-09-06,Finland,Serbia,71.512804,84.710261
2061,1,1,2025-09-06,Turkey,Sweden,86.795984,69.378851
2061,2,1,2025-09-06,Germany,Portugal,73.74629,43.078502
2061,3,1,2025-09-06,Latvia,Lithuania,90.709048,93.161237
2061,4,1,2025-09-06,Finland,Serbia,76.099905,98.971085
2062,1,1,2025-09-06,Turkey,Sweden,96.371431,92.316225
2062,2,1,2025-09-06,Germany,Portugal,121.90654,78.743384
2062,3,1,2025-09-06,Latvia,Lithuania,78.74625,78.093938
2062,4,1,2025-09-06,Finland,Serbia,85.322691,118.25103
2063,1,1,2025-09-06,Turkey,Sweden,93.119567,83.258053
2063,2,1,2025-09-06,Germany,Portugal,91.072598,54.696002
2063,3,1,2025-09-06,Latvia,Lithuania,88.672866,74.35716
2063,4,1,2025-09-06,Finland,Serbia,104.69693,93.076688
2064,1,1,2025-09-06,Turkey,Sweden,79.230828,93.831127
2064,2,1,2025-09-06,Germany,Portugal,109.98408,76.035222
2064,3,1,2025-09-06,Latvia,Lithuania,78.457873,87.483905
2064,4,1,2025-09-06,Finland,Serbia,83.849141,93.176721
2065,1,1,2025-09-06,Turkey,Sweden,83.859309,61.881673
2065,2,1,2025-09-06,Germany,Portugal,82.905408,42.892605
2065,3,1,2025-09-06,Latvia,Lithuania,73.2999,75.970476
2065,4,1,2025-09-06,Finland,Serbia,76.990628,91.610842
2066,1,1,2025-09-06,Turkey,Sweden,102.10701,78.104417
2066,2,1,2025-09-06,Germany,Portugal,96.762304,60.981864
2066,3,1,2025-09-06,Latvia,Lithuania,79.238538,91.929445
2066,4,1,2025-09-06,Finland,Serbia,96.482956,111.6378
2067,1,1,2025-09-06,Turkey,Sweden,84.315142,78.329936
2067,2,1,2025-09-06,Germany,Portugal,102.70973,68.852668
2067,3,1,2025-09-06,Latvia,Lithuania,76.573241,78.463718
2067,4,1,2025-09-06,Finland,Serbia,88.646204,103.34889
2068,1,1,2025-09-06,Turkey,Sweden,79.745033,80.72482
2068,2,1,2025-09-06,Germany,Portugal,74.402153,61.415313
2068,3,1,2025-09-06,Latvia,Lithuania,94.504194,80.088112
2068,4,1,2025-09-06,Finland,Serbia,93.819068,105.40692
2069,1,1,2025-09-06,Turkey,Sweden,69.00701,75.886573
2069,2,1,2025-09-06,Germany,Portugal,99.101596,71.996265
2069,3,1,2025-09-06,Latvia,Lithuania,83.877755,100.60704
2069,4,1,2025-09-06,Finland,Serbia,91.474917,91.512018
2070,1,1,2025-09-06,Turkey,Sweden,89.909089,82.477437
2070,2,1,2025-09-06,Germany,Portugal,104.99706,58.945066
2070,3,1,2025-09-06,Latvia,Lithuania,98.622908,75.439495
2070,4,1,2025-09-06,Finland,Serbia,99.592147,97.878855
2071,1,1,2025-09-06,Turkey,Sweden,75.324861,67.399795
2071,2,1,2025-09-06,Germany,Portugal,115.76056,59.066653
2071,3,1,2025-09-06,Latvia,Lithuania,76.220406,92.116062
2071,4,1,2025-09-06,Finland,Serbia,88.61261,81.644863
2072,1,1,2025-09-06,Turkey,Sweden,97.06941,83.887871
2072,2,1,2025-09-06,Germany,Portugal,98.725932,60.936193
2072,3,1,2025-09-06,Latvia,Lithuania,89.378037,71.346947
2072,4,1,2025-09-06,Finland,Serbia,94.257093,53.611174
2073,1,1,2025-09-06,Turkey,Sweden,92.779584,101.08662
2073,2,1,2025-09-06,Germany,Portugal,108.86451,65.74032
2073,3,1,2025-09-06,Latvia,Lithuania,80.301043,88.897187
2073,4,1,2025-09-06,Finland,Serbia,98.724452,95.799339
2074,1,1,2025-09-06,Turkey,Sweden,92.123238,77.164643
2074,2,1,2025-09-06,Germany,Portugal,106.08981,55.513727
2074,3,1,2025-09-06,Latvia,Lithuania,84.523106,75.303878
2074,4,1,2025-09-06,Finland,Serbia,94.377619,87.547177
2075,1,1,2025-09-06,Turkey,Sweden,83.9041,66.663923
2075,2,1,2025-09-06,Germany,Portugal,93.829336,39.522809
2075,3,1,2025-09-06,Latvia,Lithuania,80.538448,74.677005
2075,4,1,2025-09-06,Finland,Serbia,86.753884,97.738689
2076,1,1,2025-09-06,Turkey,Sweden,80.141822,67.442089
2076,2,1,2025-09-06,Germany,Portugal,81.847798,65.546422
2076,3,1,2025-09-06,Latvia,Lithuania,81.797584,72.014242
2076,4,1,2025-09-06,Finland,Serbia,86.606027,100.88398
2077,1,1,2025-09-06,Turkey,Sweden,92.751642,75.810055
2077,2,1,2025-09-06,Germany,Portugal,95.729278,39.064509
2077,3,1,2025-09-06,Latvia,Lithuania,113.17054,81.628363
2077,4,1,2025-09-06,Finland,Serbia,91.848294,106.7303
2078,1,1,2025-09-06,Turkey,Sweden,70.403892,64.5235
2078,2,1,2025-09-06,Germany,Portugal,89.752492,65.908756
2078,3,1,2025-09-06,Latvia,Lithuania,66.239961,79.733981
2078,4,1,2025-09-06,Finland,Serbia,99.115808,107.22349
2079,1,1,2025-09-06,Turkey,Sweden,92.232016,88.915844
2079,2,1,2025-09-06,Germany,Portugal,87.555479,66.202049
2079,3,1,2025-09-06,Latvia,Lithuania,87.112712,75.223127
2079,4,1,2025-09-06,Finland,Serbia,84.464224,79.280412
2080,1,1,2025-09-06,Turkey,Sweden,79.495676,70.994061
2080,2,1,2025-09-06,Germany,Portugal,95.614792,76.088921
2080,3,1,2025-09-06,Latvia,Lithuania,95.540301,90.823464
2080,4,1,2025-09-06,Finland,Serbia,97.56665,116.90764
2081,1,1,2025-09-06,Turkey,Sweden,85.106716,77.739159
2081,2,1,2025-09-06,Germany,Portugal,102.18821,87.417911
2081,3,1,2025-09-06,Latvia,Lithuania,83.020342,81.935196
2081,4,1,2025-09-06,Finland,Serbia,88.584117,94.652657
2082,1,1,2025-09-06,Turkey,Sweden,91.233455,84.317487
2082,2,1,2025-09-06,Germany,Portugal,93.232373,69.694359
2082,3,1,2025-09-06,Latvia,Lithuania,69.373028,79.499186
2082,4,1,2025-09-06,Finland,Serbia,81.860426,107.74956
2083,1,1,2025-09-06,Turkey,Sweden,74.90698,80.543645
2083,2,1,2025-09-06,Germany,Portugal,76.531782,62.691324
2083,3,1,2025-09-06,Latvia,Lithuania,84.015848,79.217763
2083,4,1,2025-09-06,Finland,Serbia,98.067159,124.98732
2084,1,1,2025-09-06,Turkey,Sweden,90.368161,83.800417
2084,2,1,2025-09-06,Germany,Portugal,87.174733,73.081299
2084,3,1,2025-09-06,Latvia,Lithuania,89.214711,80.611407
2084,4,1,2025-09-06,Finland,Serbia,83.347217,84.031858
2085,1,1,2025-09-06,Turkey,Sweden,76.350219,82.569166
2085,2,1,2025-09-06,Germany,Portugal,95.475373,73.021821
2085,3,1,2025-09-06,Latvia,Lithuania,85.900024,116.98273
2085,4,1,2025-09-06,Finland,Serbia,98.314606,83.530974
2086,1,1,2025-09-06,Turkey,Sweden,76.090871,78.487548
2086,2,1,2025-09-06,Germany,Portugal,94.502752,65.692743
2086,3,1,2025-09-06,Latvia,Lithuania,101.06593,94.089957
2086,4,1,2025-09-06,Finland,Serbia,105.48494,84.577151
2087,1,1,2025-09-06,Turkey,Sweden,98.670037,78.28175
2087,2,1,2025-09-06,Germany,Portugal,87.107291,44.524614
2087,3,1,2025-09-06,Latvia,Lithuania,82.187642,105.7695
2087,4,1,2025-09-06,Finland,Serbia,91.254689,90.023981
2088,1,1,2025-09-06,Turkey,Sweden,65.877972,69.894446
2088,2,1,2025-09-06,Germany,Portugal,82.787533,53.279919
2088,3,1,2025-09-06,Latvia,Lithuania,72.044784,78.790056
2088,4,1,2025-09-06,Finland,Serbia,76.413109,95.884376
2089,1,1,2025-09-06,Turkey,Sweden,94.957391,84.533993
2089,2,1,2025-09-06,Germany,Portugal,95.564412,72.326969
2089,3,1,2025-09-06,Latvia,Lithuania,100.61978,101.66697
2089,4,1,2025-09-06,Finland,Serbia,79.761483,98.552162
2090,1,1,2025-09-06,Turkey,Sweden,96.880971,79.90106
2090,2,1,2025-09-06,Germany,Portugal,76.698428,54.592534
2090,3,1,2025-09-06,Latvia,Lithuania,93.64356,73.187405
2090,4,1,2025-09-06,Finland,Serbia,95.221993,105.99195
2091,1,1,2025-09-06,Turkey,Sweden,94.665825,75.333092
2091,2,1,2025-09-06,Germany,Portugal,64.994331,68.232957
2091,3,1,2025-09-06,Latvia,Lithuania,72.731849,98.935245
2091,4,1,2025-09-06,Finland,Serbia,102.85572,100.39206
2092,1,1,2025-09-06,Turkey,Sweden,77.837431,51.879775
2092,2,1,2025-09-06,Germany,Portugal,95.491071,70.314294
2092,3,1,2025-09-06,Latvia,Lithuania,70.109953,83.49878
2092,4,1,2025-09-06,Finland,Serbia,89.25662,102.05924
2093,1,1,2025-09-06,Turkey,Sweden,85.53841,76.476275
2093,2,1,2025-09-06,Germany,Portugal,100.58766,76.298448
2093,3,1,2025-09-06,Latvia,Lithuania,84.269864,87.092822
2093,4,1,2025-09-06,Finland,Serbia,79.20931,97.711121
2094,1,1,2025-09-06,Turkey,Sweden,90.759374,92.350733
2094,2,1,2025-09-06,Germany,Portugal,87.664811,59.697137
2094,3,1,2025-09-06,Latvia,Lithuania,85.184682,83.55103
2094,4,1,2025-09-06,Finland,Serbia,80.009875,99.468842
2095,1,1,2025-09-06,Turkey,Sweden,92.886489,67.835978
2095,2,1,2025-09-06,Germany,Portugal,77.09657,65.321019
2095,3,1,2025-09-06,Latvia,Lithuania,80.238138,76.147595
2095,4,1,2025-09-06,Finland,Serbia,100.19935,100.95836
2096,1,1,2025-09-06,Turkey,Sweden,85.069312,63.444088
2096,2,1,2025-09-06,Germany,Portugal,65.940592,51.53001
2096,3,1,2025-09-06,Latvia,Lithuania,76.575817,77.631815
2096,4,1,2025-09-06,Finland,Serbia,105.5602,84.516032
2097,1,1,2025-09-06,Turkey,Sweden,84.771061,67.572471
2097,2,1,2025-09-06,Germany,Portugal,94.169339,72.055543
2097,3,1,2025-09-06,Latvia,Lithuania,91.134998,82.83825
2097,4,1,2025-09-06,Finland,Serbia,88.798578,96.108515
2098,1,1,2025-09-06,Turkey,Sweden,77.829774,68.812998
2098,2,1,2025-09-06,Germany,Portugal,94.544953,68.546803
2098,3,1,2025-09-06,Latvia,Lithuania,69.813232,76.026377
2098,4,1,2025-09-06,Finland,Serbia,91.90097,106.84128
2099,1,1,2025-09-06,Turkey,Sweden,94.459526,60.820973
2099,2,1,2025-09-06,Germany,Portugal,85.103968,53.873869
2099,3,1,2025-09-06,Latvia,Lithuania,99.501837,84.612397
2099,4,1,2025-09-06,Finland,Serbia,90.798296,95.811369
2100,1,1,2025-09-06,Turkey,Sweden,79.200804,96.432962
2100,2,1,2025-09-06,Germany,Portugal,91.896084,56.788628
2100,3,1,2025-09-06,Latvia,Lithuania,93.383032,87.228177
2100,4,1,2025-09-06,Finland,Serbia,76.311023,95.814975
2101,1,1,2025-09-06,Turkey,Sweden,78.044827,58.318047
2101,2,1,2025-09-06,Germany,Portugal,101.75121,70.606917
2101,3,1,2025-09-06,Latvia,Lithuania,83.86538,65.236993
2101,4,1,2025-09-06,Finland,Serbia,98.82291,92.362316
2102,1,1,2025-09-06,Turkey,Sweden,81.638364,83.12594
2102,2,1,2025-09-06,Germany,Portugal,100.03274,64.105222
2102,3,1,2025-09-06,Latvia,Lithuania,92.52555,56.832358
2102,4,1,2025-09-06,Finland,Serbia,89.197997,79.891955
2103,1,1,2025-09-06,Turkey,Sweden,59.297088,76.501231
2103,2,1,2025-09-06,Germany,Portugal,87.604179,38.864207
2103,3,1,2025-09-06,Latvia,Lithuania,78.694825,82.099954
2103,4,1,2025-09-06,Finland,Serbia,89.701855,97.901193
2104,1,1,2025-09-06,Turkey,Sweden,86.64139,91.198489
2104,2,1,2025-09-06,Germany,Portugal,100.78216,72.614412
2104,3,1,2025-09-06,Latvia,Lithuania,77.103316,88.027262
2104,4,1,2025-09-06,Finland,Serbia,106.44126,107.6328
2105,1,1,2025-09-06,Turkey,Sweden,83.926919,63.431891
2105,2,1,2025-09-06,Germany,Portugal,70.429156,40.032985
2105,3,1,2025-09-06,Latvia,Lithuania,66.087266,55.082219
2105,4,1,2025-09-06,Finland,Serbia,98.809986,90.766056
2106,1,1,2025-09-06,Turkey,Sweden,94.739119,72.459313
2106,2,1,2025-09-06,Germany,Portugal,112.81058,85.881912
2106,3,1,2025-09-06,Latvia,Lithuania,74.468971,80.025009
2106,4,1,2025-09-06,Finland,Serbia,85.671153,89.824151
2107,1,1,2025-09-06,Turkey,Sweden,85.564388,72.433125
2107,2,1,2025-09-06,Germany,Portugal,81.410795,74.593611
2107,3,1,2025-09-06,Latvia,Lithuania,99.913817,77.872903
2107,4,1,2025-09-06,Finland,Serbia,85.66486,98.910923
2108,1,1,2025-09-06,Turkey,Sweden,87.265138,81.670038
2108,2,1,2025-09-06,Germany,Portugal,91.415366,60.178488
2108,3,1,2025-09-06,Latvia,Lithuania,81.884514,68.732636
2108,4,1,2025-09-06,Finland,Serbia,78.701415,96.706239
2109,1,1,2025-09-06,Turkey,Sweden,86.225429,73.341586
2109,2,1,2025-09-06,Germany,Portugal,82.415583,55.660805
2109,3,1,2025-09-06,Latvia,Lithuania,106.80537,89.033436
2109,4,1,2025-09-06,Finland,Serbia,63.377759,91.371204
2110,1,1,2025-09-06,Turkey,Sweden,92.83892,71.148866
2110,2,1,2025-09-06,Germany,Portugal,79.401377,65.257019
2110,3,1,2025-09-06,Latvia,Lithuania,101.32496,76.871566
2110,4,1,2025-09-06,Finland,Serbia,95.433802,102.62326
2111,1,1,2025-09-06,Turkey,Sweden,92.077466,90.419335
2111,2,1,2025-09-06,Germany,Portugal,100.52825,71.38737
2111,3,1,2025-09-06,Latvia,Lithuania,77.2905,78.561055
2111,4,1,2025-09-06,Finland,Serbia,117.74241,76.394801
2112,1,1,2025-09-06,Turkey,Sweden,82.012044,87.523764
2112,2,1,2025-09-06,Germany,Portugal,85.94928,57.565182
2112,3,1,2025-09-06,Latvia,Lithuania,98.946478,97.342745
2112,4,1,2025-09-06,Finland,Serbia,104.63645,97.808915
2113,1,1,2025-09-06,Turkey,Sweden,56.381185,79.408966
2113,2,1,2025-09-06,Germany,Portugal,76.013692,46.10044
2113,3,1,2025-09-06,Latvia,Lithuania,84.054502,70.536738
2113,4,1,2025-09-06,Finland,Serbia,103.7233,87.535628
2114,1,1,2025-09-06,Turkey,Sweden,82.656504,79.052275
2114,2,1,2025-09-06,Germany,Portugal,76.487606,64.250871
2114,3,1,2025-09-06,Latvia,Lithuania,96.11851,84.521385
2114,4,1,2025-09-06,Finland,Serbia,77.435638,88.355406
2115,1,1,2025-09-06,Turkey,Sweden,93.856084,93.360172
2115,2,1,2025-09-06,Germany,Portugal,71.656695,73.626585
2115,3,1,2025-09-06,Latvia,Lithuania,74.626257,88.073656
2115,4,1,2025-09-06,Finland,Serbia,105.13795,100.83705
2116,1,1,2025-09-06,Turkey,Sweden,83.344457,61.914875
2116,2,1,2025-09-06,Germany,Portugal,71.226633,50.798339
2116,3,1,2025-09-06,Latvia,Lithuania,94.6786,87.161634
2116,4,1,2025-09-06,Finland,Serbia,89.711074,92.690994
2117,1,1,2025-09-06,Turkey,Sweden,73.345487,89.448808
2117,2,1,2025-09-06,Germany,Portugal,90.645735,56.352473
2117,3,1,2025-09-06,Latvia,Lithuania,88.108574,76.205389
2117,4,1,2025-09-06,Finland,Serbia,101.98732,98.518057
2118,1,1,2025-09-06,Turkey,Sweden,96.407512,80.547578
2118,2,1,2025-09-06,Germany,Portugal,95.607105,59.078067
2118,3,1,2025-09-06,Latvia,Lithuania,68.33197,80.344706
2118,4,1,2025-09-06,Finland,Serbia,107.61738,107.11921
2119,1,1,2025-09-06,Turkey,Sweden,95.275753,69.194244
2119,2,1,2025-09-06,Germany,Portugal,72.172654,68.326709
2119,3,1,2025-09-06,Latvia,Lithuania,75.485014,83.423589
2119,4,1,2025-09-06,Finland,Serbia,100.51238,85.202519
2120,1,1,2025-09-06,Turkey,Sweden,86.631424,79.545015
2120,2,1,2025-09-06,Germany,Portugal,70.691494,49.018034
2120,3,1,2025-09-06,Latvia,Lithuania,85.661298,99.353673
2120,4,1,2025-09-06,Finland,Serbia,93.237766,83.874387
2121,1,1,2025-09-06,Turkey,Sweden,68.201892,58.148106
2121,2,1,2025-09-06,Germany,Portugal,96.585723,64.608686
2121,3,1,2025-09-06,Latvia,Lithuania,64.423835,66.988935
2121,4,1,2025-09-06,Finland,Serbia,96.640676,98.802533
2122,1,1,2025-09-06,Turkey,Sweden,71.266643,80.770119
2122,2,1,2025-09-06,Germany,Portugal,98.202859,43.138248
2122,3,1,2025-09-06,Latvia,Lithuania,81.336531,88.476525
2122,4,1,2025-09-06,Finland,Serbia,103.28962,69.557566
2123,1,1,2025-09-06,Turkey,Sweden,94.864756,69.834917
2123,2,1,2025-09-06,Germany,Portugal,90.042807,65.876959
2123,3,1,2025-09-06,Latvia,Lithuania,83.203587,61.274981
2123,4,1,2025-09-06,Finland,Serbia,87.285883,100.70241
2124,1,1,2025-09-06,Turkey,Sweden,93.917952,76.291923
2124,2,1,2025-09-06,Germany,Portugal,78.075754,54.375979
2124,3,1,2025-09-06,Latvia,Lithuania,77.369455,67.489527
2124,4,1,2025-09-06,Finland,Serbia,86.931605,109.69578
2125,1,1,2025-09-06,Turkey,Sweden,98.787718,68.238811
2125,2,1,2025-09-06,Germany,Portugal,75.983394,68.948083
2125,3,1,2025-09-06,Latvia,Lithuania,82.063283,97.818097
2125,4,1,2025-09-06,Finland,Serbia,91.601568,99.056005
2126,1,1,2025-09-06,Turkey,Sweden,72.805337,65.519598
2126,2,1,2025-09-06,Germany,Portugal,86.85171,71.051196
2126,3,1,2025-09-06,Latvia,Lithuania,89.626382,86.918787
2126,4,1,2025-09-06,Finland,Serbia,87.659369,111.17171
2127,1,1,2025-09-06,Turkey,Sweden,90.722539,86.637118
2127,2,1,2025-09-06,Germany,Portugal,98.339803,68.458149
2127,3,1,2025-09-06,Latvia,Lithuania,94.404961,59.104647
2127,4,1,2025-09-06,Finland,Serbia,96.484429,101.40231
2128,1,1,2025-09-06,Turkey,Sweden,91.892687,79.46011
2128,2,1,2025-09-06,Germany,Portugal,92.601176,77.790586
2128,3,1,2025-09-06,Latvia,Lithuania,99.831558,76.67577
2128,4,1,2025-09-06,Finland,Serbia,94.590154,91.976454
2129,1,1,2025-09-06,Turkey,Sweden,94.10399,67.746349
2129,2,1,2025-09-06,Germany,Portugal,94.588212,83.025482
2129,3,1,2025-09-06,Latvia,Lithuania,94.854996,84.770498
2129,4,1,2025-09-06,Finland,Serbia,96.038501,96.347827
2130,1,1,2025-09-06,Turkey,Sweden,83.506164,87.985328
2130,2,1,2025-09-06,Germany,Portugal,84.681124,73.646091
2130,3,1,2025-09-06,Latvia,Lithuania,92.427371,80.702508
2130,4,1,2025-09-06,Finland,Serbia,83.049687,83.078316
2131,1,1,2025-09-06,Turkey,Sweden,82.87508,68.748887
2131,2,1,2025-09-06,Germany,Portugal,96.162903,80.023157
2131,3,1,2025-09-06,Latvia,Lithuania,81.56408,79.916779
2131,4,1,2025-09-06,Finland,Serbia,107.51402,103.61486
2132,1,1,2025-09-06,Turkey,Sweden,70.956867,87.928397
2132,2,1,2025-09-06,Germany,Portugal,89.292117,53.088716
2132,3,1,2025-09-06,Latvia,Lithuania,87.556151,91.444464
2132,4,1,2025-09-06,Finland,Serbia,73.860793,102.88565
2133,1,1,2025-09-06,Turkey,Sweden,76.430749,69.793885
2133,2,1,2025-09-06,Germany,Portugal,86.738516,60.763063
2133,3,1,2025-09-06,Latvia,Lithuania,85.347489,76.649793
2133,4,1,2025-09-06,Finland,Serbia,92.482092,92.862366
2134,1,1,2025-09-06,Turkey,Sweden,82.790867,74.121669
2134,2,1,2025-09-06,Germany,Portugal,85.762453,38.083032
2134,3,1,2025-09-06,Latvia,Lithuania,108.81453,87.280977
2134,4,1,2025-09-06,Finland,Serbia,89.184776,96.268354
2135,1,1,2025-09-06,Turkey,Sweden,90.903311,73.101239
2135,2,1,2025-09-06,Germany,Portugal,99.592019,56.926495
2135,3,1,2025-09-06,Latvia,Lithuania,76.479297,91.35834
2135,4,1,2025-09-06,Finland,Serbia,83.774481,91.806594
2136,1,1,2025-09-06,Turkey,Sweden,71.405717,75.135928
2136,2,1,2025-09-06,Germany,Portugal,65.233722,74.658111
2136,3,1,2025-09-06,Latvia,Lithuania,73.415051,83.801659
2136,4,1,2025-09-06,Finland,Serbia,108.25522,92.739932
2137,1,1,2025-09-06,Turkey,Sweden,96.11681,80.6787
2137,2,1,2025-09-06,Germany,Portugal,78.173184,56.464148
2137,3,1,2025-09-06,Latvia,Lithuania,91.385893,91.794124
2137,4,1,2025-09-06,Finland,Serbia,87.120625,91.94284
2138,1,1,2025-09-06,Turkey,Sweden,109.3552,64.994076
2138,2,1,2025-09-06,Germany,Portugal,80.489557,68.191958
2138,3,1,2025-09-06,Latvia,Lithuania,89.736814,72.564112
2138,4,1,2025-09-06,Finland,Serbia,85.262711,89.149323
2139,1,1,2025-09-06,Turkey,Sweden,84.339476,68.979603
2139,2,1,2025-09-06,Germany,Portugal,92.959592,66.717397
2139,3,1,2025-09-06,Latvia,Lithuania,80.53721,82.743138
2139,4,1,2025-09-06,Finland,Serbia,76.255779,102.16404
2140,1,1,2025-09-06,Turkey,Sweden,75.663925,78.430491
2140,2,1,2025-09-06,Germany,Portugal,85.204078,79.013661
2140,3,1,2025-09-06,Latvia,Lithuania,92.156563,60.020608
2140,4,1,2025-09-06,Finland,Serbia,77.64133,89.038431
2141,1,1,2025-09-06,Turkey,Sweden,103.69717,78.381806
2141,2,1,2025-09-06,Germany,Portugal,85.472022,58.023527
2141,3,1,2025-09-06,Latvia,Lithuania,85.334622,84.501324
2141,4,1,2025-09-06,Finland,Serbia,98.131266,112.07245
2142,1,1,2025-09-06,Turkey,Sweden,74.252149,65.94234
2142,2,1,2025-09-06,Germany,Portugal,93.8204,62.168586
2142,3,1,2025-09-06,Latvia,Lithuania,70.117719,81.205221
2142,4,1,2025-09-06,Finland,Serbia,114.26049,121.14812
2143,1,1,2025-09-06,Turkey,Sweden,98.359048,69.535433
2143,2,1,2025-09-06,Germany,Portugal,88.227553,66.936665
2143,3,1,2025-09-06,Latvia,Lithuania,83.923472,81.839015
2143,4,1,2025-09-06,Finland,Serbia,109.85837,106.79751
2144,1,1,2025-09-06,Turkey,Sweden,79.149032,79.498774
2144,2,1,2025-09-06,Germany,Portugal,81.124176,71.6321
2144,3,1,2025-09-06,Latvia,Lithuania,98.009231,82.944502
2144,4,1,2025-09-06,Finland,Serbia,89.040144,89.444391
2145,1,1,2025-09-06,Turkey,Sweden,95.026046,56.171678
2145,2,1,2025-09-06,Germany,Portugal,90.199012,65.685341
2145,3,1,2025-09-06,Latvia,Lithuania,75.372495,95.646972
2145,4,1,2025-09-06,Finland,Serbia,85.069085,100.55767
2146,1,1,2025-09-06,Turkey,Sweden,78.831983,81.372212
2146,2,1,2025-09-06,Germany,Portugal,91.990654,64.506142
2146,3,1,2025-09-06,Latvia,Lithuania,96.218323,75.866286
2146,4,1,2025-09-06,Finland,Serbia,80.255588,80.168155
2147,1,1,2025-09-06,Turkey,Sweden,84.026924,83.75424
2147,2,1,2025-09-06,Germany,Portugal,82.022411,67.902133
2147,3,1,2025-09-06,Latvia,Lithuania,85.953198,89.192796
2147,4,1,2025-09-06,Finland,Serbia,92.80301,107.96213
2148,1,1,2025-09-06,Turkey,Sweden,91.250828,83.298594
2148,2,1,2025-09-06,Germany,Portugal,80.053952,39.014232
2148,3,1,2025-09-06,Latvia,Lithuania,79.744772,79.315758
2148,4,1,2025-09-06,Finland,Serbia,75.400703,68.097219
2149,1,1,2025-09-06,Turkey,Sweden,96.043101,78.651591
2149,2,1,2025-09-06,Germany,Portugal,101.69688,86.600263
2149,3,1,2025-09-06,Latvia,Lithuania,94.905431,74.508233
2149,4,1,2025-09-06,Finland,Serbia,120.13968,65.705961
2150,1,1,2025-09-06,Turkey,Sweden,74.2261,67.730401
2150,2,1,2025-09-06,Germany,Portugal,83.699694,56.780341
2150,3,1,2025-09-06,Latvia,Lithuania,99.983666,79.911947
2150,4,1,2025-09-06,Finland,Serbia,83.321933,84.936482
2151,1,1,2025-09-06,Turkey,Sweden,92.77215,69.167766
2151,2,1,2025-09-06,Germany,Portugal,105.16751,66.807235
2151,3,1,2025-09-06,Latvia,Lithuania,78.811185,76.759342
2151,4,1,2025-09-06,Finland,Serbia,79.373863,67.898722
2152,1,1,2025-09-06,Turkey,Sweden,63.898193,70.039488
2152,2,1,2025-09-06,Germany,Portugal,96.121024,62.820675
2152,3,1,2025-09-06,Latvia,Lithuania,100.05008,89.892131
2152,4,1,2025-09-06,Finland,Serbia,78.097361,92.258063
2153,1,1,2025-09-06,Turkey,Sweden,76.446712,79.244915
2153,2,1,2025-09-06,Germany,Portugal,104.51793,78.57621
2153,3,1,2025-09-06,Latvia,Lithuania,87.449114,90.816698
2153,4,1,2025-09-06,Finland,Serbia,95.78604,93.717294
2154,1,1,2025-09-06,Turkey,Sweden,96.358673,74.874797
2154,2,1,2025-09-06,Germany,Portugal,84.673482,55.792819
2154,3,1,2025-09-06,Latvia,Lithuania,113.93238,86.95519
2154,4,1,2025-09-06,Finland,Serbia,80.258344,97.773111
2155,1,1,2025-09-06,Turkey,Sweden,83.774369,88.257177
2155,2,1,2025-09-06,Germany,Portugal,94.295038,67.270197
2155,3,1,2025-09-06,Latvia,Lithuania,87.157797,78.852314
2155,4,1,2025-09-06,Finland,Serbia,109.36975,107.29288
2156,1,1,2025-09-06,Turkey,Sweden,80.455389,68.421351
2156,2,1,2025-09-06,Germany,Portugal,94.804656,64.389979
2156,3,1,2025-09-06,Latvia,Lithuania,67.454588,65.474656
2156,4,1,2025-09-06,Finland,Serbia,97.202212,114.1409
2157,1,1,2025-09-06,Turkey,Sweden,83.813901,68.157646
2157,2,1,2025-09-06,Germany,Portugal,82.355548,76.421973
2157,3,1,2025-09-06,Latvia,Lithuania,83.609607,84.572418
2157,4,1,2025-09-06,Finland,Serbia,103.54005,87.633907
2158,1,1,2025-09-06,Turkey,Sweden,72.039462,71.857352
2158,2,1,2025-09-06,Germany,Portugal,80.597439,55.839131
2158,3,1,2025-09-06,Latvia,Lithuania,109.98851,86.544826
2158,4,1,2025-09-06,Finland,Serbia,65.282407,88.899312
2159,1,1,2025-09-06,Turkey,Sweden,84.69692,85.434874
2159,2,1,2025-09-06,Germany,Portugal,81.081445,63.718
2159,3,1,2025-09-06,Latvia,Lithuania,76.64079,96.614751
2159,4,1,2025-09-06,Finland,Serbia,99.293466,92.201564
2160,1,1,2025-09-06,Turkey,Sweden,109.76291,58.817213
2160,2,1,2025-09-06,Germany,Portugal,91.975552,66.113855
2160,3,1,2025-09-06,Latvia,Lithuania,82.1751,76.695693
2160,4,1,2025-09-06,Finland,Serbia,100.02253,106.81394
2161,1,1,2025-09-06,Turkey,Sweden,73.962593,75.675515
2161,2,1,2025-09-06,Germany,Portugal,95.258298,70.036002
2161,3,1,2025-09-06,Latvia,Lithuania,98.685349,83.460058
2161,4,1,2025-09-06,Finland,Serbia,104.42975,95.982255
2162,1,1,2025-09-06,Turkey,Sweden,89.853318,73.069241
2162,2,1,2025-09-06,Germany,Portugal,92.113881,67.879564
2162,3,1,2025-09-06,Latvia,Lithuania,91.333864,58.277962
2162,4,1,2025-09-06,Finland,Serbia,96.116096,107.67685
2163,1,1,2025-09-06,Turkey,Sweden,80.006962,87.051187
2163,2,1,2025-09-06,Germany,Portugal,73.51323,62.174588
2163,3,1,2025-09-06,Latvia,Lithuania,113.43692,96.587931
2163,4,1,2025-09-06,Finland,Serbia,91.166743,84.340864
2164,1,1,2025-09-06,Turkey,Sweden,82.889105,69.46701
2164,2,1,2025-09-06,Germany,Portugal,62.164154,45.300854
2164,3,1,2025-09-06,Latvia,Lithuania,64.303319,61.280071
2164,4,1,2025-09-06,Finland,Serbia,83.102849,86.451011
2165,1,1,2025-09-06,Turkey,Sweden,107.06011,94.718791
2165,2,1,2025-09-06,Germany,Portugal,84.394621,61.916635
2165,3,1,2025-09-06,Latvia,Lithuania,75.983968,81.659596
2165,4,1,2025-09-06,Finland,Serbia,70.099324,73.396062
2166,1,1,2025-09-06,Turkey,Sweden,87.557115,81.730576
2166,2,1,2025-09-06,Germany,Portugal,97.337647,49.39886
2166,3,1,2025-09-06,Latvia,Lithuania,75.093379,77.967581
2166,4,1,2025-09-06,Finland,Serbia,91.280999,97.703082
2167,1,1,2025-09-06,Turkey,Sweden,64.505705,87.032949
2167,2,1,2025-09-06,Germany,Portugal,92.906564,69.501203
2167,3,1,2025-09-06,Latvia,Lithuania,85.75955,86.769049
2167,4,1,2025-09-06,Finland,Serbia,65.037661,87.245159
2168,1,1,2025-09-06,Turkey,Sweden,72.066142,57.65977
2168,2,1,2025-09-06,Germany,Portugal,81.318915,86.956814
2168,3,1,2025-09-06,Latvia,Lithuania,78.094657,58.921279
2168,4,1,2025-09-06,Finland,Serbia,81.353618,93.876341
2169,1,1,2025-09-06,Turkey,Sweden,95.130761,68.469314
2169,2,1,2025-09-06,Germany,Portugal,90.701797,70.702586
2169,3,1,2025-09-06,Latvia,Lithuania,88.80292,69.444546
2169,4,1,2025-09-06,Finland,Serbia,95.083815,95.482324
2170,1,1,2025-09-06,Turkey,Sweden,95.246347,91.955697
2170,2,1,2025-09-06,Germany,Portugal,91.402549,85.363971
2170,3,1,2025-09-06,Latvia,Lithuania,85.886385,88.899133
2170,4,1,2025-09-06,Finland,Serbia,86.403244,129.03972
2171,1,1,2025-09-06,Turkey,Sweden,104.62358,85.607926
2171,2,1,2025-09-06,Germany,Portugal,71.346196,52.740198
2171,3,1,2025-09-06,Latvia,Lithuania,94.913819,87.573916
2171,4,1,2025-09-06,Finland,Serbia,89.86395,88.565458
2172,1,1,2025-09-06,Turkey,Sweden,85.973523,78.26709
2172,2,1,2025-09-06,Germany,Portugal,105.22678,64.529097
2172,3,1,2025-09-06,Latvia,Lithuania,85.984802,67.757417
2172,4,1,2025-09-06,Finland,Serbia,85.067393,85.056168
2173,1,1,2025-09-06,Turkey,Sweden,89.413256,60.125182
2173,2,1,2025-09-06,Germany,Portugal,102.62318,77.875481
2173,3,1,2025-09-06,Latvia,Lithuania,82.396122,94.155729
2173,4,1,2025-09-06,Finland,Serbia,101.25716,102.62299
2174,1,1,2025-09-06,Turkey,Sweden,70.891928,85.462473
2174,2,1,2025-09-06,Germany,Portugal,101.05626,68.877564
2174,3,1,2025-09-06,Latvia,Lithuania,87.427223,82.671627
2174,4,1,2025-09-06,Finland,Serbia,99.999075,85.197448
2175,1,1,2025-09-06,Turkey,Sweden,74.797829,78.490282
2175,2,1,2025-09-06,Germany,Portugal,119.57465,52.648204
2175,3,1,2025-09-06,Latvia,Lithuania,94.936558,80.486061
2175,4,1,2025-09-06,Finland,Serbia,107.58711,89.845382
2176,1,1,2025-09-06,Turkey,Sweden,70.034961,55.080237
2176,2,1,2025-09-06,Germany,Portugal,103.77479,72.396139
2176,3,1,2025-09-06,Latvia,Lithuania,72.148857,72.864046
2176,4,1,2025-09-06,Finland,Serbia,81.951715,97.103298
2177,1,1,2025-09-06,Turkey,Sweden,80.546812,56.976912
2177,2,1,2025-09-06,Germany,Portugal,95.366254,89.538533
2177,3,1,2025-09-06,Latvia,Lithuania,83.726522,91.587
2177,4,1,2025-09-06,Finland,Serbia,80.586232999999993,98.934265
2178,1,1,2025-09-06,Turkey,Sweden,108.40419,85.958327
2178,2,1,2025-09-06,Germany,Portugal,100.95857,75.983623
2178,3,1,2025-09-06,Latvia,Lithuania,88.43109,76.215086
2178,4,1,2025-09-06,Finland,Serbia,83.966075,75.594387
2179,1,1,2025-09-06,Turkey,Sweden,80.976581,81.826686
2179,2,1,2025-09-06,Germany,Portugal,97.017626,65.241637
2179,3,1,2025-09-06,Latvia,Lithuania,91.822943,103.64272
2179,4,1,2025-09-06,Finland,Serbia,88.326439,98.549858
2180,1,1,2025-09-06,Turkey,Sweden,92.887569,71.623898
2180,2,1,2025-09-06,Germany,Portugal,94.042232,66.165862
2180,3,1,2025-09-06,Latvia,Lithuania,85.020109,81.781563
2180,4,1,2025-09-06,Finland,Serbia,94.665429,93.173586
2181,1,1,2025-09-06,Turkey,Sweden,93.459605,64.355897
2181,2,1,2025-09-06,Germany,Portugal,89.935722,51.684501
2181,3,1,2025-09-06,Latvia,Lithuania,81.352761,70.403269
2181,4,1,2025-09-06,Finland,Serbia,98.624827,96.74048
2182,1,1,2025-09-06,Turkey,Sweden,96.633774,68.675549
2182,2,1,2025-09-06,Germany,Portugal,99.401062,67.216103
2182,3,1,2025-09-06,Latvia,Lithuania,91.471202,88.861173
2182,4,1,2025-09-06,Finland,Serbia,93.360083,89.890446
2183,1,1,2025-09-06,Turkey,Sweden,79.058031,77.965301
2183,2,1,2025-09-06,Germany,Portugal,78.454613,60.731709
2183,3,1,2025-09-06,Latvia,Lithuania,75.16903,91.965096
2183,4,1,2025-09-06,Finland,Serbia,94.685922,126.75641
2184,1,1,2025-09-06,Turkey,Sweden,105.38226,74.203622
2184,2,1,2025-09-06,Germany,Portugal,78.342827,50.99033
2184,3,1,2025-09-06,Latvia,Lithuania,81.400719,79.091491
2184,4,1,2025-09-06,Finland,Serbia,86.952609,92.801867
2185,1,1,2025-09-06,Turkey,Sweden,88.432744,67.871433
2185,2,1,2025-09-06,Germany,Portugal,69.454363,65.988612
2185,3,1,2025-09-06,Latvia,Lithuania,86.760377,87.202408
2185,4,1,2025-09-06,Finland,Serbia,85.90607,90.872543
2186,1,1,2025-09-06,Turkey,Sweden,110.02118,96.635108
2186,2,1,2025-09-06,Germany,Portugal,107.92644,62.560714
2186,3,1,2025-09-06,Latvia,Lithuania,71.317421,89.379176
2186,4,1,2025-09-06,Finland,Serbia,54.00151,78.866638
2187,1,1,2025-09-06,Turkey,Sweden,78.820006,87.494022
2187,2,1,2025-09-06,Germany,Portugal,62.327931,65.872205
2187,3,1,2025-09-06,Latvia,Lithuania,69.513169,80.728761
2187,4,1,2025-09-06,Finland,Serbia,99.222557,85.016884
2188,1,1,2025-09-06,Turkey,Sweden,96.530834,67.878292
2188,2,1,2025-09-06,Germany,Portugal,81.977248,80.159023
2188,3,1,2025-09-06,Latvia,Lithuania,98.109819,86.459412
2188,4,1,2025-09-06,Finland,Serbia,108.68573,95.287497
2189,1,1,2025-09-06,Turkey,Sweden,76.178695,74.793812
2189,2,1,2025-09-06,Germany,Portugal,83.262961,68.433883
2189,3,1,2025-09-06,Latvia,Lithuania,74.928206,70.971824
2189,4,1,2025-09-06,Finland,Serbia,77.20156,94.176563
2190,1,1,2025-09-06,Turkey,Sweden,90.466509,83.8187
2190,2,1,2025-09-06,Germany,Portugal,70.121238,46.695185
2190,3,1,2025-09-06,Latvia,Lithuania,90.257357,87.294536
2190,4,1,2025-09-06,Finland,Serbia,94.693971,114.67583
2191,1,1,2025-09-06,Turkey,Sweden,102.79051,71.100238
2191,2,1,2025-09-06,Germany,Portugal,103.05742,82.263215
2191,3,1,2025-09-06,Latvia,Lithuania,96.467909,72.294949
2191,4,1,2025-09-06,Finland,Serbia,95.246039,89.05612
2192,1,1,2025-09-06,Turkey,Sweden,73.926932,82.966782
2192,2,1,2025-09-06,Germany,Portugal,90.938913,33.941021
2192,3,1,2025-09-06,Latvia,Lithuania,79.326513,93.964001
2192,4,1,2025-09-06,Finland,Serbia,91.696713,84.736988
2193,1,1,2025-09-06,Turkey,Sweden,89.041529,79.632983
2193,2,1,2025-09-06,Germany,Portugal,76.735431,69.178303
2193,3,1,2025-09-06,Latvia,Lithuania,77.974858,75.117014
2193,4,1,2025-09-06,Finland,Serbia,107.34691,83.764403
2194,1,1,2025-09-06,Turkey,Sweden,84.287532,83.662489
2194,2,1,2025-09-06,Germany,Portugal,84.242999,65.809523
2194,3,1,2025-09-06,Latvia,Lithuania,75.341591,67.609751
2194,4,1,2025-09-06,Finland,Serbia,86.405622,90.442085
2195,1,1,2025-09-06,Turkey,Sweden,97.627855,85.755292
2195,2,1,2025-09-06,Germany,Portugal,87.429213,77.827932
2195,3,1,2025-09-06,Latvia,Lithuania,109.92051,112.40062
2195,4,1,2025-09-06,Finland,Serbia,103.39764,85.305731
2196,1,1,2025-09-06,Turkey,Sweden,82.238852,92.29049
2196,2,1,2025-09-06,Germany,Portugal,105.67659,55.187197
2196,3,1,2025-09-06,Latvia,Lithuania,78.540662,83.837654
2196,4,1,2025-09-06,Finland,Serbia,92.486284,89.373633
2197,1,1,2025-09-06,Turkey,Sweden,100.19905,55.420438
2197,2,1,2025-09-06,Germany,Portugal,90.554448,72.539903
2197,3,1,2025-09-06,Latvia,Lithuania,86.712783,93.560585
2197,4,1,2025-09-06,Finland,Serbia,107.90127,113.1282
2198,1,1,2025-09-06,Turkey,Sweden,74.764116,64.373752
2198,2,1,2025-09-06,Germany,Portugal,81.157168,54.187926
2198,3,1,2025-09-06,Latvia,Lithuania,96.847335,81.472926
2198,4,1,2025-09-06,Finland,Serbia,102.47644,93.544006
2199,1,1,2025-09-06,Turkey,Sweden,74.921961,75.326627
2199,2,1,2025-09-06,Germany,Portugal,103.33079,84.104789
2199,3,1,2025-09-06,Latvia,Lithuania,87.637698,90.534722
2199,4,1,2025-09-06,Finland,Serbia,110.75478,106.66091
2200,1,1,2025-09-06,Turkey,Sweden,101.67709,76.543899
2200,2,1,2025-09-06,Germany,Portugal,72.16918,55.123305
2200,3,1,2025-09-06,Latvia,Lithuania,85.14602,85.936157
2200,4,1,2025-09-06,Finland,Serbia,83.198897,98.478366
2201,1,1,2025-09-06,Turkey,Sweden,92.087912,64.128933
2201,2,1,2025-09-06,Germany,Portugal,89.111588,60.692982
2201,3,1,2025-09-06,Latvia,Lithuania,89.047776,103.82526
2201,4,1,2025-09-06,Finland,Serbia,84.43801,105.17857
2202,1,1,2025-09-06,Turkey,Sweden,87.906719,70.845993000000007
2202,2,1,2025-09-06,Germany,Portugal,95.573724,63.069356
2202,3,1,2025-09-06,Latvia,Lithuania,83.726981,85.966462
2202,4,1,2025-09-06,Finland,Serbia,85.17275,83.438672
2203,1,1,2025-09-06,Turkey,Sweden,75.277148,62.122899
2203,2,1,2025-09-06,Germany,Portugal,103.45519,69.980012
2203,3,1,2025-09-06,Latvia,Lithuania,90.373565,90.904279
2203,4,1,2025-09-06,Finland,Serbia,81.44648,99.015217
2204,1,1,2025-09-06,Turkey,Sweden,82.677003,85.869145
2204,2,1,2025-09-06,Germany,Portugal,97.709933,79.630658
2204,3,1,2025-09-06,Latvia,Lithuania,93.280452,70.268669
2204,4,1,2025-09-06,Finland,Serbia,87.075999,91.94104
2205,1,1,2025-09-06,Turkey,Sweden,98.098837,91.443346
2205,2,1,2025-09-06,Germany,Portugal,90.017868000000007,66.666369
2205,3,1,2025-09-06,Latvia,Lithuania,95.801695,68.985796
2205,4,1,2025-09-06,Finland,Serbia,109.73972,104.40701
2206,1,1,2025-09-06,Turkey,Sweden,93.48478,72.023879
2206,2,1,2025-09-06,Germany,Portugal,79.465009,68.283548
2206,3,1,2025-09-06,Latvia,Lithuania,83.354915,80.307759
2206,4,1,2025-09-06,Finland,Serbia,76.121985,98.664831
2207,1,1,2025-09-06,Turkey,Sweden,74.944364,73.420439
2207,2,1,2025-09-06,Germany,Portugal,89.523938,58.064113
2207,3,1,2025-09-06,Latvia,Lithuania,66.674168,79.226722
2207,4,1,2025-09-06,Finland,Serbia,123.81415,83.169696
2208,1,1,2025-09-06,Turkey,Sweden,114.71713,72.053104
2208,2,1,2025-09-06,Germany,Portugal,104.22129,67.464964
2208,3,1,2025-09-06,Latvia,Lithuania,94.117322,79.346931
2208,4,1,2025-09-06,Finland,Serbia,89.386085,77.332822
2209,1,1,2025-09-06,Turkey,Sweden,82.91312,75.154274
2209,2,1,2025-09-06,Germany,Portugal,58.819939,38.316208
2209,3,1,2025-09-06,Latvia,Lithuania,84.719794,90.00962
2209,4,1,2025-09-06,Finland,Serbia,100.11373,93.664274
2210,1,1,2025-09-06,Turkey,Sweden,82.105415,70.690315
2210,2,1,2025-09-06,Germany,Portugal,102.79044,40.809121
2210,3,1,2025-09-06,Latvia,Lithuania,84.794282,80.182677
2210,4,1,2025-09-06,Finland,Serbia,98.318781,108.89156
2211,1,1,2025-09-06,Turkey,Sweden,91.34605,84.459032
2211,2,1,2025-09-06,Germany,Portugal,73.020614,45.813847
2211,3,1,2025-09-06,Latvia,Lithuania,65.365122,88.29393
2211,4,1,2025-09-06,Finland,Serbia,89.015022,94.834498
2212,1,1,2025-09-06,Turkey,Sweden,65.560346,58.737149
2212,2,1,2025-09-06,Germany,Portugal,93.308935,56.08447
2212,3,1,2025-09-06,Latvia,Lithuania,94.562981,84.315429
2212,4,1,2025-09-06,Finland,Serbia,95.00787,77.485265
2213,1,1,2025-09-06,Turkey,Sweden,89.973372,78.117013
2213,2,1,2025-09-06,Germany,Portugal,94.460551,49.074396
2213,3,1,2025-09-06,Latvia,Lithuania,93.171265,96.619372
2213,4,1,2025-09-06,Finland,Serbia,102.64567,89.313777
2214,1,1,2025-09-06,Turkey,Sweden,95.099913,97.837393
2214,2,1,2025-09-06,Germany,Portugal,94.761274,74.446259
2214,3,1,2025-09-06,Latvia,Lithuania,72.994215,80.195829
2214,4,1,2025-09-06,Finland,Serbia,103.60516,89.677834
2215,1,1,2025-09-06,Turkey,Sweden,125.73254,85.823206
2215,2,1,2025-09-06,Germany,Portugal,81.580657,56.455013
2215,3,1,2025-09-06,Latvia,Lithuania,86.573645,86.612346
2215,4,1,2025-09-06,Finland,Serbia,96.168258,115.0629
2216,1,1,2025-09-06,Turkey,Sweden,85.032826,82.58612
2216,2,1,2025-09-06,Germany,Portugal,91.10716,60.890184
2216,3,1,2025-09-06,Latvia,Lithuania,89.134527,86.898832
2216,4,1,2025-09-06,Finland,Serbia,80.654331,100.2573
2217,1,1,2025-09-06,Turkey,Sweden,71.257009,71.212519
2217,2,1,2025-09-06,Germany,Portugal,61.595404,44.6995
2217,3,1,2025-09-06,Latvia,Lithuania,92.7256,76.54265
2217,4,1,2025-09-06,Finland,Serbia,66.139357,72.632814
2218,1,1,2025-09-06,Turkey,Sweden,95.49677,73.107237
2218,2,1,2025-09-06,Germany,Portugal,82.922612,60.641121
2218,3,1,2025-09-06,Latvia,Lithuania,70.56197,90.891759
2218,4,1,2025-09-06,Finland,Serbia,80.805696,113.50771
2219,1,1,2025-09-06,Turkey,Sweden,101.4614,73.583788
2219,2,1,2025-09-06,Germany,Portugal,76.384261,69.407502
2219,3,1,2025-09-06,Latvia,Lithuania,93.008517,69.45123
2219,4,1,2025-09-06,Finland,Serbia,93.855268,111.27279
2220,1,1,2025-09-06,Turkey,Sweden,97.388322,66.280996
2220,2,1,2025-09-06,Germany,Portugal,90.780175,68.615368
2220,3,1,2025-09-06,Latvia,Lithuania,89.390435,92.451667
2220,4,1,2025-09-06,Finland,Serbia,82.182886,87.663885
2221,1,1,2025-09-06,Turkey,Sweden,98.870785,60.310627
2221,2,1,2025-09-06,Germany,Portugal,95.709066000000007,70.913354
2221,3,1,2025-09-06,Latvia,Lithuania,98.066006,94.053056
2221,4,1,2025-09-06,Finland,Serbia,90.669949,95.174024
2222,1,1,2025-09-06,Turkey,Sweden,80.067274,93.781481
2222,2,1,2025-09-06,Germany,Portugal,92.913212,60.546761
2222,3,1,2025-09-06,Latvia,Lithuania,99.904805,95.675875
2222,4,1,2025-09-06,Finland,Serbia,85.723036,97.387598
2223,1,1,2025-09-06,Turkey,Sweden,89.909508,73.363968
2223,2,1,2025-09-06,Germany,Portugal,96.73238,60.033783
2223,3,1,2025-09-06,Latvia,Lithuania,105.24439,84.175116
2223,4,1,2025-09-06,Finland,Serbia,84.492715,88.069762
2224,1,1,2025-09-06,Turkey,Sweden,105.52244,76.624762
2224,2,1,2025-09-06,Germany,Portugal,87.174376,66.898797
2224,3,1,2025-09-06,Latvia,Lithuania,87.387913,71.889347
2224,4,1,2025-09-06,Finland,Serbia,73.329088,86.753827
2225,1,1,2025-09-06,Turkey,Sweden,88.984138,63.533401
2225,2,1,2025-09-06,Germany,Portugal,89.291884,71.585807
2225,3,1,2025-09-06,Latvia,Lithuania,82.431317,92.923982
2225,4,1,2025-09-06,Finland,Serbia,90.995048,101.67378
2226,1,1,2025-09-06,Turkey,Sweden,88.994366,83.343804
2226,2,1,2025-09-06,Germany,Portugal,78.316429,77.114062
2226,3,1,2025-09-06,Latvia,Lithuania,99.44504,96.555748
2226,4,1,2025-09-06,Finland,Serbia,88.189854,94.281665
2227,1,1,2025-09-06,Turkey,Sweden,96.29906,72.83513
2227,2,1,2025-09-06,Germany,Portugal,92.464548,72.101899
2227,3,1,2025-09-06,Latvia,Lithuania,64.900749,73.845385
2227,4,1,2025-09-06,Finland,Serbia,81.348452,96.165577
2228,1,1,2025-09-06,Turkey,Sweden,90.011587,81.969376
2228,2,1,2025-09-06,Germany,Portugal,83.245193,61.44253
2228,3,1,2025-09-06,Latvia,Lithuania,76.006612,80.527201
2228,4,1,2025-09-06,Finland,Serbia,97.642727,116.84711
2229,1,1,2025-09-06,Turkey,Sweden,68.02383,62.694851
2229,2,1,2025-09-06,Germany,Portugal,83.100115,81.718809
2229,3,1,2025-09-06,Latvia,Lithuania,93.933794,85.776965
2229,4,1,2025-09-06,Finland,Serbia,81.079365,111.10377
2230,1,1,2025-09-06,Turkey,Sweden,93.601655,94.656716
2230,2,1,2025-09-06,Germany,Portugal,108.69891,59.931154
2230,3,1,2025-09-06,Latvia,Lithuania,111.42363,89.70194
2230,4,1,2025-09-06,Finland,Serbia,88.486164,103.42099
2231,1,1,2025-09-06,Turkey,Sweden,82.393511,92.388345
2231,2,1,2025-09-06,Germany,Portugal,99.536827,82.049895
2231,3,1,2025-09-06,Latvia,Lithuania,84.794818,80.391091
2231,4,1,2025-09-06,Finland,Serbia,85.660455,84.13531
2232,1,1,2025-09-06,Turkey,Sweden,58.418773,62.399043
2232,2,1,2025-09-06,Germany,Portugal,100.69593,77.724648
2232,3,1,2025-09-06,Latvia,Lithuania,73.317049,82.193874
2232,4,1,2025-09-06,Finland,Serbia,91.914175,103.7812
2233,1,1,2025-09-06,Turkey,Sweden,80.056792,81.113229
2233,2,1,2025-09-06,Germany,Portugal,98.503542,74.836262
2233,3,1,2025-09-06,Latvia,Lithuania,77.60892,71.872031
2233,4,1,2025-09-06,Finland,Serbia,82.679484,111.70812
2234,1,1,2025-09-06,Turkey,Sweden,77.15267,69.249523
2234,2,1,2025-09-06,Germany,Portugal,77.953763,48.661802
2234,3,1,2025-09-06,Latvia,Lithuania,82.465429,83.998989
2234,4,1,2025-09-06,Finland,Serbia,82.068029,117.2315
2235,1,1,2025-09-06,Turkey,Sweden,83.751499,68.869562
2235,2,1,2025-09-06,Germany,Portugal,98.303972,44.328435
2235,3,1,2025-09-06,Latvia,Lithuania,95.409433,84.751382
2235,4,1,2025-09-06,Finland,Serbia,101.99144,104.3571
2236,1,1,2025-09-06,Turkey,Sweden,95.828404,80.749362
2236,2,1,2025-09-06,Germany,Portugal,80.594588,58.470997
2236,3,1,2025-09-06,Latvia,Lithuania,86.87831,82.499992
2236,4,1,2025-09-06,Finland,Serbia,103.72771,82.430383
2237,1,1,2025-09-06,Turkey,Sweden,87.358618,71.89185
2237,2,1,2025-09-06,Germany,Portugal,85.338394,58.859099
2237,3,1,2025-09-06,Latvia,Lithuania,94.404565,96.088745
2237,4,1,2025-09-06,Finland,Serbia,121.60969,122.30879
2238,1,1,2025-09-06,Turkey,Sweden,109.2745,70.819836
2238,2,1,2025-09-06,Germany,Portugal,82.130361,79.416118
2238,3,1,2025-09-06,Latvia,Lithuania,86.940997,87.255331
2238,4,1,2025-09-06,Finland,Serbia,101.11531,88.196771
2239,1,1,2025-09-06,Turkey,Sweden,84.171127,87.216372
2239,2,1,2025-09-06,Germany,Portugal,121.42126,72.690554
2239,3,1,2025-09-06,Latvia,Lithuania,95.635326,94.695199
2239,4,1,2025-09-06,Finland,Serbia,111.8292,96.642763
2240,1,1,2025-09-06,Turkey,Sweden,94.253668,102.56614
2240,2,1,2025-09-06,Germany,Portugal,78.654348,46.532793
2240,3,1,2025-09-06,Latvia,Lithuania,70.914793,101.60304
2240,4,1,2025-09-06,Finland,Serbia,86.638231,83.657821
2241,1,1,2025-09-06,Turkey,Sweden,108.90801,77.697437
2241,2,1,2025-09-06,Germany,Portugal,96.700705,57.087189
2241,3,1,2025-09-06,Latvia,Lithuania,106.75082,76.982861
2241,4,1,2025-09-06,Finland,Serbia,77.742819,94.669827
2242,1,1,2025-09-06,Turkey,Sweden,100.34113,76.852435
2242,2,1,2025-09-06,Germany,Portugal,68.53673,45.696826
2242,3,1,2025-09-06,Latvia,Lithuania,65.681214,80.79351
2242,4,1,2025-09-06,Finland,Serbia,77.589564,81.38513
2243,1,1,2025-09-06,Turkey,Sweden,85.27645,68.603115
2243,2,1,2025-09-06,Germany,Portugal,89.114439,55.053287
2243,3,1,2025-09-06,Latvia,Lithuania,103.18972,75.821211
2243,4,1,2025-09-06,Finland,Serbia,100.32598,94.184276
2244,1,1,2025-09-06,Turkey,Sweden,84.693675,95.262846
2244,2,1,2025-09-06,Germany,Portugal,89.915539,66.410633
2244,3,1,2025-09-06,Latvia,Lithuania,94.382337,71.988467
2244,4,1,2025-09-06,Finland,Serbia,127.63151,110.47811
2245,1,1,2025-09-06,Turkey,Sweden,99.273345,73.832758
2245,2,1,2025-09-06,Germany,Portugal,83.790942,67.631364
2245,3,1,2025-09-06,Latvia,Lithuania,95.826539,78.149418
2245,4,1,2025-09-06,Finland,Serbia,72.641954,100.7437
2246,1,1,2025-09-06,Turkey,Sweden,82.053489,93.134645
2246,2,1,2025-09-06,Germany,Portugal,92.178391,68.683818
2246,3,1,2025-09-06,Latvia,Lithuania,86.071365,84.66232
2246,4,1,2025-09-06,Finland,Serbia,100.36617,96.598993
2247,1,1,2025-09-06,Turkey,Sweden,71.923219,58.248502
2247,2,1,2025-09-06,Germany,Portugal,95.745124,61.95319
2247,3,1,2025-09-06,Latvia,Lithuania,99.701358,86.756747
2247,4,1,2025-09-06,Finland,Serbia,108.67001,97.879668
2248,1,1,2025-09-06,Turkey,Sweden,88.814782,69.243007
2248,2,1,2025-09-06,Germany,Portugal,97.745234,62.951402
2248,3,1,2025-09-06,Latvia,Lithuania,92.044939,79.460464
2248,4,1,2025-09-06,Finland,Serbia,108.31351,109.36776
2249,1,1,2025-09-06,Turkey,Sweden,78.229367,84.065825
2249,2,1,2025-09-06,Germany,Portugal,92.973047,83.547124
2249,3,1,2025-09-06,Latvia,Lithuania,103.43695,85.840884
2249,4,1,2025-09-06,Finland,Serbia,95.693901,103.85604
2250,1,1,2025-09-06,Turkey,Sweden,87.362512,74.601607
2250,2,1,2025-09-06,Germany,Portugal,90.654087,55.985999
2250,3,1,2025-09-06,Latvia,Lithuania,109.95835,70.422139
2250,4,1,2025-09-06,Finland,Serbia,78.621976,106.06265
2251,1,1,2025-09-06,Turkey,Sweden,77.048914,79.805863
2251,2,1,2025-09-06,Germany,Portugal,88.603827,52.112422
2251,3,1,2025-09-06,Latvia,Lithuania,66.915127,70.44832
2251,4,1,2025-09-06,Finland,Serbia,88.803694,103.72325
2252,1,1,2025-09-06,Turkey,Sweden,103.50556,74.294758
2252,2,1,2025-09-06,Germany,Portugal,87.426487,50.835067
2252,3,1,2025-09-06,Latvia,Lithuania,85.736505,96.461714
2252,4,1,2025-09-06,Finland,Serbia,87.259945,97.852234
2253,1,1,2025-09-06,Turkey,Sweden,101.55689,80.015774
2253,2,1,2025-09-06,Germany,Portugal,79.15768,65.86187
2253,3,1,2025-09-06,Latvia,Lithuania,101.8632,76.775383
2253,4,1,2025-09-06,Finland,Serbia,90.659121,106.40746
2254,1,1,2025-09-06,Turkey,Sweden,78.895169,75.270709
2254,2,1,2025-09-06,Germany,Portugal,98.381305,47.738279
2254,3,1,2025-09-06,Latvia,Lithuania,92.83158,96.506443
2254,4,1,2025-09-06,Finland,Serbia,106.42659,80.340069
2255,1,1,2025-09-06,Turkey,Sweden,101.11845,106.05857
2255,2,1,2025-09-06,Germany,Portugal,120.13322,68.031917000000007
2255,3,1,2025-09-06,Latvia,Lithuania,81.05278,79.993923
2255,4,1,2025-09-06,Finland,Serbia,80.342806,111.55829
2256,1,1,2025-09-06,Turkey,Sweden,94.558133,85.1058
2256,2,1,2025-09-06,Germany,Portugal,98.948919,51.597332
2256,3,1,2025-09-06,Latvia,Lithuania,76.571598,91.258088
2256,4,1,2025-09-06,Finland,Serbia,88.564909,102.91383
2257,1,1,2025-09-06,Turkey,Sweden,89.545157,84.039747
2257,2,1,2025-09-06,Germany,Portugal,84.358266,78.881074
2257,3,1,2025-09-06,Latvia,Lithuania,83.92125,84.732
2257,4,1,2025-09-06,Finland,Serbia,74.993502,114.7464
2258,1,1,2025-09-06,Turkey,Sweden,68.710976,60.153724
2258,2,1,2025-09-06,Germany,Portugal,93.513951,52.849239
2258,3,1,2025-09-06,Latvia,Lithuania,77.472983,73.108049
2258,4,1,2025-09-06,Finland,Serbia,102.85304,104.95838
2259,1,1,2025-09-06,Turkey,Sweden,97.736257,78.313248
2259,2,1,2025-09-06,Germany,Portugal,94.469387,63.471071
2259,3,1,2025-09-06,Latvia,Lithuania,76.734736,85.473386
2259,4,1,2025-09-06,Finland,Serbia,89.292083,114.53841
2260,1,1,2025-09-06,Turkey,Sweden,70.946332,47.74174
2260,2,1,2025-09-06,Germany,Portugal,89.65819,54.34099
2260,3,1,2025-09-06,Latvia,Lithuania,94.07421,89.651853
2260,4,1,2025-09-06,Finland,Serbia,85.097544,103.07544
2261,1,1,2025-09-06,Turkey,Sweden,99.275267,73.502048
2261,2,1,2025-09-06,Germany,Portugal,72.919745,57.504683
2261,3,1,2025-09-06,Latvia,Lithuania,81.52201,101.67345
2261,4,1,2025-09-06,Finland,Serbia,90.42776,84.997623
2262,1,1,2025-09-06,Turkey,Sweden,88.44644,84.227598
2262,2,1,2025-09-06,Germany,Portugal,100.92155,64.88119
2262,3,1,2025-09-06,Latvia,Lithuania,102.1145,72.560626
2262,4,1,2025-09-06,Finland,Serbia,104.0596,124.55365
2263,1,1,2025-09-06,Turkey,Sweden,76.536564,85.977123
2263,2,1,2025-09-06,Germany,Portugal,93.741915,73.679464
2263,3,1,2025-09-06,Latvia,Lithuania,91.112532,72.842083
2263,4,1,2025-09-06,Finland,Serbia,77.290921,75.759142
2264,1,1,2025-09-06,Turkey,Sweden,87.512316,83.700542
2264,2,1,2025-09-06,Germany,Portugal,80.522942,60.1641
2264,3,1,2025-09-06,Latvia,Lithuania,81.618805,79.16207
2264,4,1,2025-09-06,Finland,Serbia,79.348112,79.005281
2265,1,1,2025-09-06,Turkey,Sweden,97.050725,78.867924
2265,2,1,2025-09-06,Germany,Portugal,88.185178,58.106229
2265,3,1,2025-09-06,Latvia,Lithuania,75.774521,91.468003
2265,4,1,2025-09-06,Finland,Serbia,122.36711,107.56228
2266,1,1,2025-09-06,Turkey,Sweden,88.963823,87.005387
2266,2,1,2025-09-06,Germany,Portugal,95.840157,63.414663
2266,3,1,2025-09-06,Latvia,Lithuania,72.901649,58.976799
2266,4,1,2025-09-06,Finland,Serbia,96.889481,91.511686
2267,1,1,2025-09-06,Turkey,Sweden,94.546466,79.136647
2267,2,1,2025-09-06,Germany,Portugal,85.700032,61.334394
2267,3,1,2025-09-06,Latvia,Lithuania,83.829379,90.861565
2267,4,1,2025-09-06,Finland,Serbia,101.19261,100.61364
2268,1,1,2025-09-06,Turkey,Sweden,98.957263,80.70496
2268,2,1,2025-09-06,Germany,Portugal,104.5053,63.57712
2268,3,1,2025-09-06,Latvia,Lithuania,89.814514,91.403373
2268,4,1,2025-09-06,Finland,Serbia,88.625284,75.915497
2269,1,1,2025-09-06,Turkey,Sweden,104.68779,84.08241
2269,2,1,2025-09-06,Germany,Portugal,94.005754,65.709239
2269,3,1,2025-09-06,Latvia,Lithuania,85.135995,85.684215
2269,4,1,2025-09-06,Finland,Serbia,90.75943,122.07845
2270,1,1,2025-09-06,Turkey,Sweden,95.726346,79.262646
2270,2,1,2025-09-06,Germany,Portugal,78.757004,41.85244
2270,3,1,2025-09-06,Latvia,Lithuania,87.680329,79.069293
2270,4,1,2025-09-06,Finland,Serbia,95.61173,88.245744
2271,1,1,2025-09-06,Turkey,Sweden,98.345763,67.141087
2271,2,1,2025-09-06,Germany,Portugal,68.287698,69.025059
2271,3,1,2025-09-06,Latvia,Lithuania,87.820001,88.901634
2271,4,1,2025-09-06,Finland,Serbia,107.42678,98.029479
2272,1,1,2025-09-06,Turkey,Sweden,69.105836,52.984938
2272,2,1,2025-09-06,Germany,Portugal,81.596138,71.765793
2272,3,1,2025-09-06,Latvia,Lithuania,102.51723,90.119975
2272,4,1,2025-09-06,Finland,Serbia,72.243842,98.00793
2273,1,1,2025-09-06,Turkey,Sweden,70.711324,66.755633
2273,2,1,2025-09-06,Germany,Portugal,102.83962,73.656365
2273,3,1,2025-09-06,Latvia,Lithuania,92.25728,86.963499
2273,4,1,2025-09-06,Finland,Serbia,79.995346,91.27715
2274,1,1,2025-09-06,Turkey,Sweden,98.419621,74.028274
2274,2,1,2025-09-06,Germany,Portugal,64.697267,46.634798
2274,3,1,2025-09-06,Latvia,Lithuania,75.708427,92.246156
2274,4,1,2025-09-06,Finland,Serbia,90.465828,91.41792
2275,1,1,2025-09-06,Turkey,Sweden,87.801242,63.762937
2275,2,1,2025-09-06,Germany,Portugal,91.067492,77.510504
2275,3,1,2025-09-06,Latvia,Lithuania,95.700888,74.649135
2275,4,1,2025-09-06,Finland,Serbia,78.961638,92.236923
2276,1,1,2025-09-06,Turkey,Sweden,118.35322,87.388182
2276,2,1,2025-09-06,Germany,Portugal,95.074397,81.749911
2276,3,1,2025-09-06,Latvia,Lithuania,87.534144,71.117386
2276,4,1,2025-09-06,Finland,Serbia,92.007172,91.015782
2277,1,1,2025-09-06,Turkey,Sweden,79.895674,75.034119
2277,2,1,2025-09-06,Germany,Portugal,90.521485,60.127323
2277,3,1,2025-09-06,Latvia,Lithuania,100.82847,89.065769
2277,4,1,2025-09-06,Finland,Serbia,61.59039,64.005795
2278,1,1,2025-09-06,Turkey,Sweden,72.687622,76.797563
2278,2,1,2025-09-06,Germany,Portugal,80.339798,63.220598
2278,3,1,2025-09-06,Latvia,Lithuania,85.208701,75.144107
2278,4,1,2025-09-06,Finland,Serbia,98.468928,120.6566
2279,1,1,2025-09-06,Turkey,Sweden,107.87609,87.956671
2279,2,1,2025-09-06,Germany,Portugal,95.834516,75.01948
2279,3,1,2025-09-06,Latvia,Lithuania,84.806129,74.971213
2279,4,1,2025-09-06,Finland,Serbia,75.199068,74.06513
2280,1,1,2025-09-06,Turkey,Sweden,79.979472,76.136156
2280,2,1,2025-09-06,Germany,Portugal,95.466631,63.178781
2280,3,1,2025-09-06,Latvia,Lithuania,77.228698,92.249856
2280,4,1,2025-09-06,Finland,Serbia,73.685249,106.53013
2281,1,1,2025-09-06,Turkey,Sweden,92.280964,76.464167
2281,2,1,2025-09-06,Germany,Portugal,83.547739000000007,70.485633000000007
2281,3,1,2025-09-06,Latvia,Lithuania,54.371998,81.098447
2281,4,1,2025-09-06,Finland,Serbia,75.865689,92.370498
2282,1,1,2025-09-06,Turkey,Sweden,87.050461,62.699267
2282,2,1,2025-09-06,Germany,Portugal,90.091729,68.163445
2282,3,1,2025-09-06,Latvia,Lithuania,86.154626,87.392502
2282,4,1,2025-09-06,Finland,Serbia,106.16785,113.72386
2283,1,1,2025-09-06,Turkey,Sweden,67.552523,83.639078
2283,2,1,2025-09-06,Germany,Portugal,98.96515,56.458523
2283,3,1,2025-09-06,Latvia,Lithuania,99.022816,65.512481
2283,4,1,2025-09-06,Finland,Serbia,88.920062,97.017154
2284,1,1,2025-09-06,Turkey,Sweden,88.048718,69.876461
2284,2,1,2025-09-06,Germany,Portugal,98.804491,80.547838
2284,3,1,2025-09-06,Latvia,Lithuania,66.404052,83.711614
2284,4,1,2025-09-06,Finland,Serbia,93.538744,80.049556
2285,1,1,2025-09-06,Turkey,Sweden,78.732057,77.204471
2285,2,1,2025-09-06,Germany,Portugal,72.013654,71.606615
2285,3,1,2025-09-06,Latvia,Lithuania,97.894604,94.430048
2285,4,1,2025-09-06,Finland,Serbia,80.144147,98.458427
2286,1,1,2025-09-06,Turkey,Sweden,90.774506,79.479212
2286,2,1,2025-09-06,Germany,Portugal,101.6966,57.389548
2286,3,1,2025-09-06,Latvia,Lithuania,102.02644,103.81081
2286,4,1,2025-09-06,Finland,Serbia,86.35607,90.515822
2287,1,1,2025-09-06,Turkey,Sweden,61.567719,73.701245
2287,2,1,2025-09-06,Germany,Portugal,93.114002,63.416719
2287,3,1,2025-09-06,Latvia,Lithuania,86.58258,102.26958
2287,4,1,2025-09-06,Finland,Serbia,62.489108,99.254663
2288,1,1,2025-09-06,Turkey,Sweden,112.73403,77.966093
2288,2,1,2025-09-06,Germany,Portugal,98.934009,63.350597
2288,3,1,2025-09-06,Latvia,Lithuania,95.197612,79.771057
2288,4,1,2025-09-06,Finland,Serbia,95.433744,90.726542
2289,1,1,2025-09-06,Turkey,Sweden,46.629802,40.786933
2289,2,1,2025-09-06,Germany,Portugal,92.247203,71.495926
2289,3,1,2025-09-06,Latvia,Lithuania,91.905734,95.24887
2289,4,1,2025-09-06,Finland,Serbia,94.879738,104.89653
2290,1,1,2025-09-06,Turkey,Sweden,88.796438,91.538113
2290,2,1,2025-09-06,Germany,Portugal,100.98376,75.030637
2290,3,1,2025-09-06,Latvia,Lithuania,87.717331,85.288084
2290,4,1,2025-09-06,Finland,Serbia,92.485215,101.54605
2291,1,1,2025-09-06,Turkey,Sweden,93.370106,85.879074
2291,2,1,2025-09-06,Germany,Portugal,68.094016,46.55047
2291,3,1,2025-09-06,Latvia,Lithuania,91.174454,87.452925
2291,4,1,2025-09-06,Finland,Serbia,87.728797,91.699367
2292,1,1,2025-09-06,Turkey,Sweden,103.48797,74.561265
2292,2,1,2025-09-06,Germany,Portugal,79.296497,76.738807
2292,3,1,2025-09-06,Latvia,Lithuania,80.492331,106.29221
2292,4,1,2025-09-06,Finland,Serbia,61.076514,107.86897
2293,1,1,2025-09-06,Turkey,Sweden,82.816304,70.990209
2293,2,1,2025-09-06,Germany,Portugal,77.950794,70.069815
2293,3,1,2025-09-06,Latvia,Lithuania,80.953859,92.104394
2293,4,1,2025-09-06,Finland,Serbia,97.266133,99.500304
2294,1,1,2025-09-06,Turkey,Sweden,71.940203,60.90868
2294,2,1,2025-09-06,Germany,Portugal,76.570112,60.733392
2294,3,1,2025-09-06,Latvia,Lithuania,98.326001,70.984109
2294,4,1,2025-09-06,Finland,Serbia,101.04338,82.937007
2295,1,1,2025-09-06,Turkey,Sweden,83.510223,72.583586
2295,2,1,2025-09-06,Germany,Portugal,96.089054,59.823137
2295,3,1,2025-09-06,Latvia,Lithuania,78.144796,80.524946
2295,4,1,2025-09-06,Finland,Serbia,102.2813,103.52781
2296,1,1,2025-09-06,Turkey,Sweden,100.85456,76.730142
2296,2,1,2025-09-06,Germany,Portugal,78.70326,47.922823
2296,3,1,2025-09-06,Latvia,Lithuania,90.298133000000007,68.444659
2296,4,1,2025-09-06,Finland,Serbia,83.533067,104.85185
2297,1,1,2025-09-06,Turkey,Sweden,87.008413,51.731772
2297,2,1,2025-09-06,Germany,Portugal,81.544528,63.406664
2297,3,1,2025-09-06,Latvia,Lithuania,75.803275,83.114029
2297,4,1,2025-09-06,Finland,Serbia,77.461774,86.787578
2298,1,1,2025-09-06,Turkey,Sweden,119.69939,74.403456
2298,2,1,2025-09-06,Germany,Portugal,72.601056,57.351596
2298,3,1,2025-09-06,Latvia,Lithuania,82.163687,85.851305
2298,4,1,2025-09-06,Finland,Serbia,80.4821,91.430293
2299,1,1,2025-09-06,Turkey,Sweden,76.032648,63.096399
2299,2,1,2025-09-06,Germany,Portugal,85.587927,57.058089
2299,3,1,2025-09-06,Latvia,Lithuania,77.370792,79.172163
2299,4,1,2025-09-06,Finland,Serbia,121.3412,96.26445
2300,1,1,2025-09-06,Turkey,Sweden,102.25936,75.66791
2300,2,1,2025-09-06,Germany,Portugal,63.79564,44.4945
2300,3,1,2025-09-06,Latvia,Lithuania,82.859279,72.77631
2300,4,1,2025-09-06,Finland,Serbia,85.229582,80.277553
2301,1,1,2025-09-06,Turkey,Sweden,84.724868,85.158963
2301,2,1,2025-09-06,Germany,Portugal,106.54664,82.95406
2301,3,1,2025-09-06,Latvia,Lithuania,104.29072,71.719688
2301,4,1,2025-09-06,Finland,Serbia,93.29743,87.395819
2302,1,1,2025-09-06,Turkey,Sweden,92.373868,59.396777
2302,2,1,2025-09-06,Germany,Portugal,88.900436,77.729111
2302,3,1,2025-09-06,Latvia,Lithuania,98.605841,71.803482
2302,4,1,2025-09-06,Finland,Serbia,84.486136,95.677858
2303,1,1,2025-09-06,Turkey,Sweden,104.61011,82.52306
2303,2,1,2025-09-06,Germany,Portugal,89.034904,70.641354
2303,3,1,2025-09-06,Latvia,Lithuania,94.263552,75.504857
2303,4,1,2025-09-06,Finland,Serbia,106.8359,90.820318
2304,1,1,2025-09-06,Turkey,Sweden,84.490325,74.642942
2304,2,1,2025-09-06,Germany,Portugal,96.697981,70.916758
2304,3,1,2025-09-06,Latvia,Lithuania,99.26035,93.212521
2304,4,1,2025-09-06,Finland,Serbia,73.418441,96.564847
2305,1,1,2025-09-06,Turkey,Sweden,98.620544,84.375999
2305,2,1,2025-09-06,Germany,Portugal,81.159247,50.426276
2305,3,1,2025-09-06,Latvia,Lithuania,81.409235,82.315316
2305,4,1,2025-09-06,Finland,Serbia,89.036985,86.923967
2306,1,1,2025-09-06,Turkey,Sweden,78.034561,97.24706
2306,2,1,2025-09-06,Germany,Portugal,78.491977,64.509162
2306,3,1,2025-09-06,Latvia,Lithuania,81.940854,69.02052
2306,4,1,2025-09-06,Finland,Serbia,79.105553,91.404862
2307,1,1,2025-09-06,Turkey,Sweden,85.387531,85.199067
2307,2,1,2025-09-06,Germany,Portugal,87.25358,43.589663
2307,3,1,2025-09-06,Latvia,Lithuania,96.358976,84.348421
2307,4,1,2025-09-06,Finland,Serbia,103.63111,114.53737
2308,1,1,2025-09-06,Turkey,Sweden,84.165705,44.616413
2308,2,1,2025-09-06,Germany,Portugal,81.87313,59.126835
2308,3,1,2025-09-06,Latvia,Lithuania,92.51623,85.056711
2308,4,1,2025-09-06,Finland,Serbia,83.202988,86.84234
2309,1,1,2025-09-06,Turkey,Sweden,82.687717,59.166276
2309,2,1,2025-09-06,Germany,Portugal,100.94223,63.794228
2309,3,1,2025-09-06,Latvia,Lithuania,82.029303,84.494312
2309,4,1,2025-09-06,Finland,Serbia,87.558565,86.203742
2310,1,1,2025-09-06,Turkey,Sweden,83.661651,87.07062
2310,2,1,2025-09-06,Germany,Portugal,81.874438,50.751905
2310,3,1,2025-09-06,Latvia,Lithuania,96.944423,90.280502
2310,4,1,2025-09-06,Finland,Serbia,67.734225,85.618693
2311,1,1,2025-09-06,Turkey,Sweden,73.956206,82.871876
2311,2,1,2025-09-06,Germany,Portugal,87.196381,59.918077
2311,3,1,2025-09-06,Latvia,Lithuania,74.051274,74.986874
2311,4,1,2025-09-06,Finland,Serbia,90.26448,90.403021
2312,1,1,2025-09-06,Turkey,Sweden,81.784471,74.985206
2312,2,1,2025-09-06,Germany,Portugal,88.123053,78.88391
2312,3,1,2025-09-06,Latvia,Lithuania,91.06532,91.063637
2312,4,1,2025-09-06,Finland,Serbia,74.769329,102.09946
2313,1,1,2025-09-06,Turkey,Sweden,84.222328,89.336522
2313,2,1,2025-09-06,Germany,Portugal,76.161674,50.818603
2313,3,1,2025-09-06,Latvia,Lithuania,90.006528,78.592056
2313,4,1,2025-09-06,Finland,Serbia,75.757754,99.246087
2314,1,1,2025-09-06,Turkey,Sweden,81.639605,71.702978
2314,2,1,2025-09-06,Germany,Portugal,82.023359,56.104162
2314,3,1,2025-09-06,Latvia,Lithuania,83.822369,86.610833
2314,4,1,2025-09-06,Finland,Serbia,88.864747,116.61634
2315,1,1,2025-09-06,Turkey,Sweden,81.671519,65.473644
2315,2,1,2025-09-06,Germany,Portugal,76.83331,66.495466
2315,3,1,2025-09-06,Latvia,Lithuania,74.754212,65.35486
2315,4,1,2025-09-06,Finland,Serbia,99.441411,119.12296
2316,1,1,2025-09-06,Turkey,Sweden,49.773212,60.052105
2316,2,1,2025-09-06,Germany,Portugal,92.513435,71.728928
2316,3,1,2025-09-06,Latvia,Lithuania,97.487034,89.889508
2316,4,1,2025-09-06,Finland,Serbia,76.459907,95.451752
2317,1,1,2025-09-06,Turkey,Sweden,82.950382,47.727535
2317,2,1,2025-09-06,Germany,Portugal,82.333548,65.635392
2317,3,1,2025-09-06,Latvia,Lithuania,92.355277,71.156806
2317,4,1,2025-09-06,Finland,Serbia,97.156983,97.68484
2318,1,1,2025-09-06,Turkey,Sweden,62.896031,81.599172
2318,2,1,2025-09-06,Germany,Portugal,79.49714,74.4571
2318,3,1,2025-09-06,Latvia,Lithuania,90.081542,92.558797
2318,4,1,2025-09-06,Finland,Serbia,81.444125,92.295947
2319,1,1,2025-09-06,Turkey,Sweden,92.264055,67.956018
2319,2,1,2025-09-06,Germany,Portugal,85.604889,62.762057
2319,3,1,2025-09-06,Latvia,Lithuania,95.578131,72.05374
2319,4,1,2025-09-06,Finland,Serbia,83.93553,109.20518
2320,1,1,2025-09-06,Turkey,Sweden,87.102793,78.123895
2320,2,1,2025-09-06,Germany,Portugal,85.375409,76.176222
2320,3,1,2025-09-06,Latvia,Lithuania,98.454513,96.509523
2320,4,1,2025-09-06,Finland,Serbia,116.34121,93.722381
2321,1,1,2025-09-06,Turkey,Sweden,95.649614,77.599011
2321,2,1,2025-09-06,Germany,Portugal,88.829548,58.805904
2321,3,1,2025-09-06,Latvia,Lithuania,93.021425,89.265958
2321,4,1,2025-09-06,Finland,Serbia,95.221872,92.195571
2322,1,1,2025-09-06,Turkey,Sweden,86.230713,86.321365
2322,2,1,2025-09-06,Germany,Portugal,89.269699,78.45773
2322,3,1,2025-09-06,Latvia,Lithuania,112.98792,92.927636
2322,4,1,2025-09-06,Finland,Serbia,84.286017,94.06236
2323,1,1,2025-09-06,Turkey,Sweden,80.530957,74.669735
2323,2,1,2025-09-06,Germany,Portugal,86.05199,55.002821
2323,3,1,2025-09-06,Latvia,Lithuania,84.753096,83.241571
2323,4,1,2025-09-06,Finland,Serbia,86.63852,96.932999
2324,1,1,2025-09-06,Turkey,Sweden,81.611334,83.05912
2324,2,1,2025-09-06,Germany,Portugal,98.097665,71.479858
2324,3,1,2025-09-06,Latvia,Lithuania,101.32611,87.291086
2324,4,1,2025-09-06,Finland,Serbia,108.69895,101.21199
2325,1,1,2025-09-06,Turkey,Sweden,90.383002,43.053646
2325,2,1,2025-09-06,Germany,Portugal,94.765922,62.863744
2325,3,1,2025-09-06,Latvia,Lithuania,88.00762,82.035681
2325,4,1,2025-09-06,Finland,Serbia,89.283576,70.524688
2326,1,1,2025-09-06,Turkey,Sweden,74.964702,82.484267
2326,2,1,2025-09-06,Germany,Portugal,96.264611,49.649324
2326,3,1,2025-09-06,Latvia,Lithuania,92.538912,86.557872
2326,4,1,2025-09-06,Finland,Serbia,96.954003,86.57645
2327,1,1,2025-09-06,Turkey,Sweden,81.523019,69.910777
2327,2,1,2025-09-06,Germany,Portugal,79.854034,50.231001
2327,3,1,2025-09-06,Latvia,Lithuania,90.645906,96.370555
2327,4,1,2025-09-06,Finland,Serbia,99.525296,98.292085
2328,1,1,2025-09-06,Turkey,Sweden,95.178382,80.635963
2328,2,1,2025-09-06,Germany,Portugal,88.619198,60.144517
2328,3,1,2025-09-06,Latvia,Lithuania,92.396701,90.445891
2328,4,1,2025-09-06,Finland,Serbia,103.43277,96.087567
2329,1,1,2025-09-06,Turkey,Sweden,99.501211,62.084798
2329,2,1,2025-09-06,Germany,Portugal,88.772049,55.740731
2329,3,1,2025-09-06,Latvia,Lithuania,85.950716,79.36634
2329,4,1,2025-09-06,Finland,Serbia,98.618092,108.64387
2330,1,1,2025-09-06,Turkey,Sweden,80.137515,75.623026
2330,2,1,2025-09-06,Germany,Portugal,102.68967,68.252185
2330,3,1,2025-09-06,Latvia,Lithuania,78.245157,96.680479
2330,4,1,2025-09-06,Finland,Serbia,89.911136,95.818905
2331,1,1,2025-09-06,Turkey,Sweden,98.964751,82.028917
2331,2,1,2025-09-06,Germany,Portugal,78.080118,44.601667
2331,3,1,2025-09-06,Latvia,Lithuania,93.745997,81.586984
2331,4,1,2025-09-06,Finland,Serbia,99.627937,93.435247
2332,1,1,2025-09-06,Turkey,Sweden,85.037702,81.882223
2332,2,1,2025-09-06,Germany,Portugal,66.484778,59.540491
2332,3,1,2025-09-06,Latvia,Lithuania,95.095024,84.134589
2332,4,1,2025-09-06,Finland,Serbia,109.21091,80.964291
2333,1,1,2025-09-06,Turkey,Sweden,93.698372,72.906957
2333,2,1,2025-09-06,Germany,Portugal,97.192158,70.181151
2333,3,1,2025-09-06,Latvia,Lithuania,67.479046,84.7877
2333,4,1,2025-09-06,Finland,Serbia,81.179185,106.84298
2334,1,1,2025-09-06,Turkey,Sweden,85.773228,83.859429
2334,2,1,2025-09-06,Germany,Portugal,90.402513,55.362962
2334,3,1,2025-09-06,Latvia,Lithuania,76.167516,80.206639
2334,4,1,2025-09-06,Finland,Serbia,88.441369,56.315662
2335,1,1,2025-09-06,Turkey,Sweden,87.243682,61.082398
2335,2,1,2025-09-06,Germany,Portugal,84.239729,58.499257
2335,3,1,2025-09-06,Latvia,Lithuania,73.081781,83.934453
2335,4,1,2025-09-06,Finland,Serbia,92.027579,101.68893
2336,1,1,2025-09-06,Turkey,Sweden,76.039966,62.49658
2336,2,1,2025-09-06,Germany,Portugal,74.390835,65.689149
2336,3,1,2025-09-06,Latvia,Lithuania,104.47303,86.561385
2336,4,1,2025-09-06,Finland,Serbia,72.461903,81.837257
2337,1,1,2025-09-06,Turkey,Sweden,71.26469,62.156894
2337,2,1,2025-09-06,Germany,Portugal,80.741859,73.652642
2337,3,1,2025-09-06,Latvia,Lithuania,89.924188,89.138214
2337,4,1,2025-09-06,Finland,Serbia,81.964088,97.662534
2338,1,1,2025-09-06,Turkey,Sweden,104.97346,77.770613
2338,2,1,2025-09-06,Germany,Portugal,82.010814,62.151581
2338,3,1,2025-09-06,Latvia,Lithuania,85.785772,86.065939
2338,4,1,2025-09-06,Finland,Serbia,104.48655,103.82591
2339,1,1,2025-09-06,Turkey,Sweden,99.279289,104.1573
2339,2,1,2025-09-06,Germany,Portugal,96.455047,59.238454
2339,3,1,2025-09-06,Latvia,Lithuania,72.378858,74.825995
2339,4,1,2025-09-06,Finland,Serbia,89.752648,79.728459
2340,1,1,2025-09-06,Turkey,Sweden,86.675972,73.918576
2340,2,1,2025-09-06,Germany,Portugal,118.8327,66.880725
2340,3,1,2025-09-06,Latvia,Lithuania,72.397263,86.591109
2340,4,1,2025-09-06,Finland,Serbia,90.80649,100.77406
2341,1,1,2025-09-06,Turkey,Sweden,75.401009,77.95519
2341,2,1,2025-09-06,Germany,Portugal,70.249465,67.363496
2341,3,1,2025-09-06,Latvia,Lithuania,95.820274,100.38311
2341,4,1,2025-09-06,Finland,Serbia,90.797163,98.092747
2342,1,1,2025-09-06,Turkey,Sweden,86.42965,67.620697
2342,2,1,2025-09-06,Germany,Portugal,73.39719,56.624143
2342,3,1,2025-09-06,Latvia,Lithuania,70.324785,92.704665
2342,4,1,2025-09-06,Finland,Serbia,109.79828,88.232178
2343,1,1,2025-09-06,Turkey,Sweden,84.077105,79.826675
2343,2,1,2025-09-06,Germany,Portugal,78.647236,51.87888
2343,3,1,2025-09-06,Latvia,Lithuania,91.093703,88.097218
2343,4,1,2025-09-06,Finland,Serbia,101.73632,102.41252
2344,1,1,2025-09-06,Turkey,Sweden,68.072582,87.115859
2344,2,1,2025-09-06,Germany,Portugal,79.513381999999993,64.900764
2344,3,1,2025-09-06,Latvia,Lithuania,81.602056,88.562432
2344,4,1,2025-09-06,Finland,Serbia,85.976229,118.74457
2345,1,1,2025-09-06,Turkey,Sweden,91.707824,73.610898
2345,2,1,2025-09-06,Germany,Portugal,87.714139,75.339228
2345,3,1,2025-09-06,Latvia,Lithuania,99.905991,99.736383
2345,4,1,2025-09-06,Finland,Serbia,98.056375,91.139741
2346,1,1,2025-09-06,Turkey,Sweden,115.58747,81.868772
2346,2,1,2025-09-06,Germany,Portugal,98.913563,70.151745
2346,3,1,2025-09-06,Latvia,Lithuania,86.812913,68.866941
2346,4,1,2025-09-06,Finland,Serbia,101.15988,99.735868
2347,1,1,2025-09-06,Turkey,Sweden,84.950843,63.777498
2347,2,1,2025-09-06,Germany,Portugal,94.34621,63.294049
2347,3,1,2025-09-06,Latvia,Lithuania,86.918602,102.24085
2347,4,1,2025-09-06,Finland,Serbia,81.285248,73.949207
2348,1,1,2025-09-06,Turkey,Sweden,83.749953,80.062974
2348,2,1,2025-09-06,Germany,Portugal,102.33624,45.380558
2348,3,1,2025-09-06,Latvia,Lithuania,98.390845,93.293532
2348,4,1,2025-09-06,Finland,Serbia,97.276111,102.22043
2349,1,1,2025-09-06,Turkey,Sweden,81.67259,77.725764
2349,2,1,2025-09-06,Germany,Portugal,92.539696,69.059075000000007
2349,3,1,2025-09-06,Latvia,Lithuania,97.648152,90.180045
2349,4,1,2025-09-06,Finland,Serbia,98.066664,107.62131
2350,1,1,2025-09-06,Turkey,Sweden,87.147995,79.757214
2350,2,1,2025-09-06,Germany,Portugal,89.291413,64.350122
2350,3,1,2025-09-06,Latvia,Lithuania,98.532732,88.503969
2350,4,1,2025-09-06,Finland,Serbia,85.033336,87.222516
2351,1,1,2025-09-06,Turkey,Sweden,95.059532,68.732425
2351,2,1,2025-09-06,Germany,Portugal,94.636395,72.597077
2351,3,1,2025-09-06,Latvia,Lithuania,96.289691,65.948286
2351,4,1,2025-09-06,Finland,Serbia,74.474712,64.472185
2352,1,1,2025-09-06,Turkey,Sweden,87.435497,78.500862
2352,2,1,2025-09-06,Germany,Portugal,82.198517,37.121962
2352,3,1,2025-09-06,Latvia,Lithuania,94.959819,72.35298
2352,4,1,2025-09-06,Finland,Serbia,84.734356,98.910542
2353,1,1,2025-09-06,Turkey,Sweden,81.562348,83.527057
2353,2,1,2025-09-06,Germany,Portugal,69.812834,69.649714
2353,3,1,2025-09-06,Latvia,Lithuania,83.55347,83.866395
2353,4,1,2025-09-06,Finland,Serbia,92.504832,94.238607
2354,1,1,2025-09-06,Turkey,Sweden,80.464652,56.03263
2354,2,1,2025-09-06,Germany,Portugal,82.053342,55.26582
2354,3,1,2025-09-06,Latvia,Lithuania,92.567162,85.857469
2354,4,1,2025-09-06,Finland,Serbia,94.899185,93.049961
2355,1,1,2025-09-06,Turkey,Sweden,91.82032,72.699488
2355,2,1,2025-09-06,Germany,Portugal,81.677691,56.428767
2355,3,1,2025-09-06,Latvia,Lithuania,97.064443,67.41701
2355,4,1,2025-09-06,Finland,Serbia,77.237031,97.923043
2356,1,1,2025-09-06,Turkey,Sweden,93.788611,85.177026
2356,2,1,2025-09-06,Germany,Portugal,101.76839,60.061057
2356,3,1,2025-09-06,Latvia,Lithuania,98.888897,76.975147
2356,4,1,2025-09-06,Finland,Serbia,86.02871,84.662223
2357,1,1,2025-09-06,Turkey,Sweden,104.32283,84.883277
2357,2,1,2025-09-06,Germany,Portugal,78.30162,79.839326
2357,3,1,2025-09-06,Latvia,Lithuania,88.109992,100.7783
2357,4,1,2025-09-06,Finland,Serbia,96.480456,101.97815
2358,1,1,2025-09-06,Turkey,Sweden,81.70451,73.677143
2358,2,1,2025-09-06,Germany,Portugal,89.463348,57.817239
2358,3,1,2025-09-06,Latvia,Lithuania,99.6734,77.354084
2358,4,1,2025-09-06,Finland,Serbia,76.987495,97.351379
2359,1,1,2025-09-06,Turkey,Sweden,88.28333,85.67852
2359,2,1,2025-09-06,Germany,Portugal,76.414026,59.497182
2359,3,1,2025-09-06,Latvia,Lithuania,76.145453,86.738725
2359,4,1,2025-09-06,Finland,Serbia,102.9665,91.302344
2360,1,1,2025-09-06,Turkey,Sweden,94.752956,66.099419
2360,2,1,2025-09-06,Germany,Portugal,85.820337,65.389893
2360,3,1,2025-09-06,Latvia,Lithuania,101.70786,85.817716
2360,4,1,2025-09-06,Finland,Serbia,78.86835,108.27718
2361,1,1,2025-09-06,Turkey,Sweden,71.031475,67.504109
2361,2,1,2025-09-06,Germany,Portugal,73.110803,64.641963
2361,3,1,2025-09-06,Latvia,Lithuania,98.054784,95.446573
2361,4,1,2025-09-06,Finland,Serbia,87.371065,92.983755
2362,1,1,2025-09-06,Turkey,Sweden,101.14326,76.533999
2362,2,1,2025-09-06,Germany,Portugal,88.470043,66.987302
2362,3,1,2025-09-06,Latvia,Lithuania,82.187634,79.776629
2362,4,1,2025-09-06,Finland,Serbia,87.813811,95.111655
2363,1,1,2025-09-06,Turkey,Sweden,83.085709,72.604216
2363,2,1,2025-09-06,Germany,Portugal,83.851183,72.80724
2363,3,1,2025-09-06,Latvia,Lithuania,99.008436,88.242031
2363,4,1,2025-09-06,Finland,Serbia,76.655065,99.977769
2364,1,1,2025-09-06,Turkey,Sweden,94.330361,67.318558
2364,2,1,2025-09-06,Germany,Portugal,92.729903,79.178942
2364,3,1,2025-09-06,Latvia,Lithuania,115.03147,96.866992
2364,4,1,2025-09-06,Finland,Serbia,72.700393,94.069114
2365,1,1,2025-09-06,Turkey,Sweden,81.466325,76.865511
2365,2,1,2025-09-06,Germany,Portugal,79.220156,56.23473
2365,3,1,2025-09-06,Latvia,Lithuania,91.420427,93.789331
2365,4,1,2025-09-06,Finland,Serbia,98.081352,93.656898
2366,1,1,2025-09-06,Turkey,Sweden,95.43036,70.326811
2366,2,1,2025-09-06,Germany,Portugal,93.484835,70.465978
2366,3,1,2025-09-06,Latvia,Lithuania,88.671249,74.726188
2366,4,1,2025-09-06,Finland,Serbia,67.300954,96.485219
2367,1,1,2025-09-06,Turkey,Sweden,75.972517,57.315551
2367,2,1,2025-09-06,Germany,Portugal,94.736886,73.561799
2367,3,1,2025-09-06,Latvia,Lithuania,79.235587,62.030485
2367,4,1,2025-09-06,Finland,Serbia,112.65735,95.185771
2368,1,1,2025-09-06,Turkey,Sweden,67.430804,73.794518
2368,2,1,2025-09-06,Germany,Portugal,84.215703,70.242216
2368,3,1,2025-09-06,Latvia,Lithuania,94.13451,92.119241
2368,4,1,2025-09-06,Finland,Serbia,99.104382,99.422133
2369,1,1,2025-09-06,Turkey,Sweden,75.201908,95.213005
2369,2,1,2025-09-06,Germany,Portugal,103.31734,63.958284
2369,3,1,2025-09-06,Latvia,Lithuania,91.92361,91.50567
2369,4,1,2025-09-06,Finland,Serbia,66.251835,97.87994
2370,1,1,2025-09-06,Turkey,Sweden,70.712485,76.639644
2370,2,1,2025-09-06,Germany,Portugal,88.884599,61.532677
2370,3,1,2025-09-06,Latvia,Lithuania,93.336796,93.104148
2370,4,1,2025-09-06,Finland,Serbia,74.011946,94.753145
2371,1,1,2025-09-06,Turkey,Sweden,81.393255,80.386978
2371,2,1,2025-09-06,Germany,Portugal,90.666328,73.850952
2371,3,1,2025-09-06,Latvia,Lithuania,77.373264,60.808727
2371,4,1,2025-09-06,Finland,Serbia,97.270089,85.772791
2372,1,1,2025-09-06,Turkey,Sweden,76.078971,68.051676
2372,2,1,2025-09-06,Germany,Portugal,82.463795,66.06465
2372,3,1,2025-09-06,Latvia,Lithuania,88.235651,64.814457
2372,4,1,2025-09-06,Finland,Serbia,100.46809,103.53663
2373,1,1,2025-09-06,Turkey,Sweden,91.180425,91.688003
2373,2,1,2025-09-06,Germany,Portugal,69.082231,60.885538
2373,3,1,2025-09-06,Latvia,Lithuania,77.631271,89.835641
2373,4,1,2025-09-06,Finland,Serbia,96.371668,99.226398
2374,1,1,2025-09-06,Turkey,Sweden,81.209911,66.840995
2374,2,1,2025-09-06,Germany,Portugal,100.80335,66.500312
2374,3,1,2025-09-06,Latvia,Lithuania,96.305927,86.442463
2374,4,1,2025-09-06,Finland,Serbia,101.07568,97.5187
2375,1,1,2025-09-06,Turkey,Sweden,82.224916,77.987221
2375,2,1,2025-09-06,Germany,Portugal,83.105577,71.3579
2375,3,1,2025-09-06,Latvia,Lithuania,66.538795,87.320038
2375,4,1,2025-09-06,Finland,Serbia,89.32301,65.495562
2376,1,1,2025-09-06,Turkey,Sweden,89.527091,61.854231
2376,2,1,2025-09-06,Germany,Portugal,84.800541,73.064652
2376,3,1,2025-09-06,Latvia,Lithuania,88.834362,74.042621
2376,4,1,2025-09-06,Finland,Serbia,99.323048,73.976648
2377,1,1,2025-09-06,Turkey,Sweden,76.550552,71.18671
2377,2,1,2025-09-06,Germany,Portugal,81.797425,44.600397
2377,3,1,2025-09-06,Latvia,Lithuania,102.17292,98.205567
2377,4,1,2025-09-06,Finland,Serbia,59.586816,69.875822
2378,1,1,2025-09-06,Turkey,Sweden,77.335412,71.18241
2378,2,1,2025-09-06,Germany,Portugal,95.391646,62.127599
2378,3,1,2025-09-06,Latvia,Lithuania,91.637733,67.548136
2378,4,1,2025-09-06,Finland,Serbia,86.092018,89.694428
2379,1,1,2025-09-06,Turkey,Sweden,89.49373,82.001147
2379,2,1,2025-09-06,Germany,Portugal,89.004351,71.19516
2379,3,1,2025-09-06,Latvia,Lithuania,90.982508,87.277583
2379,4,1,2025-09-06,Finland,Serbia,84.429977,94.001288
2380,1,1,2025-09-06,Turkey,Sweden,95.823839,93.957157
2380,2,1,2025-09-06,Germany,Portugal,80.270665,62.746021
2380,3,1,2025-09-06,Latvia,Lithuania,73.3629,78.186298
2380,4,1,2025-09-06,Finland,Serbia,104.23692,107.70664
2381,1,1,2025-09-06,Turkey,Sweden,76.97746,75.0266
2381,2,1,2025-09-06,Germany,Portugal,71.748552,45.934357
2381,3,1,2025-09-06,Latvia,Lithuania,85.370944,77.602515
2381,4,1,2025-09-06,Finland,Serbia,80.242753,90.185181
2382,1,1,2025-09-06,Turkey,Sweden,81.963089,72.208988
2382,2,1,2025-09-06,Germany,Portugal,68.845168,55.749176
2382,3,1,2025-09-06,Latvia,Lithuania,85.401788,72.500006
2382,4,1,2025-09-06,Finland,Serbia,96.474988,81.221095
2383,1,1,2025-09-06,Turkey,Sweden,84.467151,79.893003
2383,2,1,2025-09-06,Germany,Portugal,94.145034,72.921331
2383,3,1,2025-09-06,Latvia,Lithuania,89.718831,76.212065
2383,4,1,2025-09-06,Finland,Serbia,102.19855,82.90975
2384,1,1,2025-09-06,Turkey,Sweden,101.017,65.310251
2384,2,1,2025-09-06,Germany,Portugal,103.15842,70.188062
2384,3,1,2025-09-06,Latvia,Lithuania,96.832239,85.325235
2384,4,1,2025-09-06,Finland,Serbia,97.291974,72.807222
2385,1,1,2025-09-06,Turkey,Sweden,90.055581,84.596365
2385,2,1,2025-09-06,Germany,Portugal,78.352984,56.917874
2385,3,1,2025-09-06,Latvia,Lithuania,70.385541,80.581987
2385,4,1,2025-09-06,Finland,Serbia,81.945681,84.839208
2386,1,1,2025-09-06,Turkey,Sweden,90.486869,85.762368
2386,2,1,2025-09-06,Germany,Portugal,72.834485,43.592245
2386,3,1,2025-09-06,Latvia,Lithuania,67.860474,83.248241
2386,4,1,2025-09-06,Finland,Serbia,85.816121,94.811394
2387,1,1,2025-09-06,Turkey,Sweden,80.422187,65.28395
2387,2,1,2025-09-06,Germany,Portugal,100.50081,49.562957
2387,3,1,2025-09-06,Latvia,Lithuania,89.400287,88.087396
2387,4,1,2025-09-06,Finland,Serbia,85.196708,124.14237
2388,1,1,2025-09-06,Turkey,Sweden,93.782928,55.553652
2388,2,1,2025-09-06,Germany,Portugal,90.148912,52.879884
2388,3,1,2025-09-06,Latvia,Lithuania,86.171657,90.388623
2388,4,1,2025-09-06,Finland,Serbia,96.032465,103.37627
2389,1,1,2025-09-06,Turkey,Sweden,85.753113,72.600229
2389,2,1,2025-09-06,Germany,Portugal,80.039642,50.393604
2389,3,1,2025-09-06,Latvia,Lithuania,85.042352,87.405176
2389,4,1,2025-09-06,Finland,Serbia,91.664359,90.951038
2390,1,1,2025-09-06,Turkey,Sweden,95.745086,77.43775
2390,2,1,2025-09-06,Germany,Portugal,91.634012,71.40051
2390,3,1,2025-09-06,Latvia,Lithuania,95.420206,84.95312
2390,4,1,2025-09-06,Finland,Serbia,73.968146,85.169925
2391,1,1,2025-09-06,Turkey,Sweden,100.82828,60.977223
2391,2,1,2025-09-06,Germany,Portugal,81.856727,70.078326
2391,3,1,2025-09-06,Latvia,Lithuania,60.846256,72.056212
2391,4,1,2025-09-06,Finland,Serbia,74.827284,88.57249
2392,1,1,2025-09-06,Turkey,Sweden,86.975111,88.135174
2392,2,1,2025-09-06,Germany,Portugal,86.12938,74.873182
2392,3,1,2025-09-06,Latvia,Lithuania,82.341302,72.226997
2392,4,1,2025-09-06,Finland,Serbia,99.179429,86.411169
2393,1,1,2025-09-06,Turkey,Sweden,82.066271,79.655753
2393,2,1,2025-09-06,Germany,Portugal,87.926548,62.756693
2393,3,1,2025-09-06,Latvia,Lithuania,92.364471,87.363055
2393,4,1,2025-09-06,Finland,Serbia,76.350313,85.872807
2394,1,1,2025-09-06,Turkey,Sweden,70.89932,76.096536
2394,2,1,2025-09-06,Germany,Portugal,85.995325,55.522953
2394,3,1,2025-09-06,Latvia,Lithuania,93.208679,88.364766
2394,4,1,2025-09-06,Finland,Serbia,75.960182,98.993162
2395,1,1,2025-09-06,Turkey,Sweden,86.216566,72.767446
2395,2,1,2025-09-06,Germany,Portugal,75.911105,58.433478
2395,3,1,2025-09-06,Latvia,Lithuania,105.53345,76.07297
2395,4,1,2025-09-06,Finland,Serbia,103.71374,95.176168
2396,1,1,2025-09-06,Turkey,Sweden,77.799599,63.365909
2396,2,1,2025-09-06,Germany,Portugal,83.344092,45.830596
2396,3,1,2025-09-06,Latvia,Lithuania,75.336298,107.1971
2396,4,1,2025-09-06,Finland,Serbia,80.2517,68.904884
2397,1,1,2025-09-06,Turkey,Sweden,93.315515,61.124852
2397,2,1,2025-09-06,Germany,Portugal,91.350796,73.388369
2397,3,1,2025-09-06,Latvia,Lithuania,90.761659,71.890548
2397,4,1,2025-09-06,Finland,Serbia,108.84761,95.900226
2398,1,1,2025-09-06,Turkey,Sweden,76.080661,79.182437
2398,2,1,2025-09-06,Germany,Portugal,74.925889,70.97985
2398,3,1,2025-09-06,Latvia,Lithuania,95.557359,85.848259
2398,4,1,2025-09-06,Finland,Serbia,81.982486,92.074453
2399,1,1,2025-09-06,Turkey,Sweden,79.096777,81.930552
2399,2,1,2025-09-06,Germany,Portugal,68.92632,67.977904
2399,3,1,2025-09-06,Latvia,Lithuania,68.132887,76.065767
2399,4,1,2025-09-06,Finland,Serbia,75.897042,76.286034
2400,1,1,2025-09-06,Turkey,Sweden,100.66852,72.909693
2400,2,1,2025-09-06,Germany,Portugal,98.31805,43.674115
2400,3,1,2025-09-06,Latvia,Lithuania,77.672907,85.963123
2400,4,1,2025-09-06,Finland,Serbia,90.447733,94.648896
2401,1,1,2025-09-06,Turkey,Sweden,95.841367,77.83339
2401,2,1,2025-09-06,Germany,Portugal,90.397617,59.030668
2401,3,1,2025-09-06,Latvia,Lithuania,83.352403,92.035551
2401,4,1,2025-09-06,Finland,Serbia,116.26478,85.722828
2402,1,1,2025-09-06,Turkey,Sweden,113.77956,92.274048
2402,2,1,2025-09-06,Germany,Portugal,96.085618,58.782923
2402,3,1,2025-09-06,Latvia,Lithuania,83.229213,76.262967
2402,4,1,2025-09-06,Finland,Serbia,84.257329,67.513255
2403,1,1,2025-09-06,Turkey,Sweden,97.415529,81.046269
2403,2,1,2025-09-06,Germany,Portugal,99.976519,73.277127
2403,3,1,2025-09-06,Latvia,Lithuania,99.460875,79.228613
2403,4,1,2025-09-06,Finland,Serbia,90.303098,94.853239
2404,1,1,2025-09-06,Turkey,Sweden,108.34896,90.105705
2404,2,1,2025-09-06,Germany,Portugal,96.17185,75.42248
2404,3,1,2025-09-06,Latvia,Lithuania,64.165238,60.670375
2404,4,1,2025-09-06,Finland,Serbia,82.006858,78.727263
2405,1,1,2025-09-06,Turkey,Sweden,81.374501,63.242624
2405,2,1,2025-09-06,Germany,Portugal,88.553165,63.105655
2405,3,1,2025-09-06,Latvia,Lithuania,98.97317,81.887813
2405,4,1,2025-09-06,Finland,Serbia,90.033362,120.6808
2406,1,1,2025-09-06,Turkey,Sweden,89.204166,75.176187
2406,2,1,2025-09-06,Germany,Portugal,78.250395,50.323628
2406,3,1,2025-09-06,Latvia,Lithuania,80.748203,71.339828
2406,4,1,2025-09-06,Finland,Serbia,95.780382,95.952474
2407,1,1,2025-09-06,Turkey,Sweden,98.071681,77.015199
2407,2,1,2025-09-06,Germany,Portugal,68.330652,56.417447
2407,3,1,2025-09-06,Latvia,Lithuania,84.5134,81.056089
2407,4,1,2025-09-06,Finland,Serbia,78.563864,95.767648
2408,1,1,2025-09-06,Turkey,Sweden,85.306952,55.727215
2408,2,1,2025-09-06,Germany,Portugal,94.507547,77.468573
2408,3,1,2025-09-06,Latvia,Lithuania,105.56961,75.002794
2408,4,1,2025-09-06,Finland,Serbia,92.17184,108.20875
2409,1,1,2025-09-06,Turkey,Sweden,92.2093,86.097333
2409,2,1,2025-09-06,Germany,Portugal,87.428445,37.785818
2409,3,1,2025-09-06,Latvia,Lithuania,94.014214,87.756933
2409,4,1,2025-09-06,Finland,Serbia,102.08027,100.60581
2410,1,1,2025-09-06,Turkey,Sweden,84.121671,93.330731
2410,2,1,2025-09-06,Germany,Portugal,90.188814,53.203739
2410,3,1,2025-09-06,Latvia,Lithuania,93.958744,88.255564
2410,4,1,2025-09-06,Finland,Serbia,91.036324,93.228599
2411,1,1,2025-09-06,Turkey,Sweden,89.94846,90.0458
2411,2,1,2025-09-06,Germany,Portugal,73.123555,56.799912
2411,3,1,2025-09-06,Latvia,Lithuania,106.346,73.775419
2411,4,1,2025-09-06,Finland,Serbia,98.090699,97.706913
2412,1,1,2025-09-06,Turkey,Sweden,80.552282,83.991949
2412,2,1,2025-09-06,Germany,Portugal,101.08268,98.98885
2412,3,1,2025-09-06,Latvia,Lithuania,94.996418,88.158085
2412,4,1,2025-09-06,Finland,Serbia,90.963414,94.476788
2413,1,1,2025-09-06,Turkey,Sweden,106.78363,83.132893
2413,2,1,2025-09-06,Germany,Portugal,79.762812,58.231963
2413,3,1,2025-09-06,Latvia,Lithuania,73.483718,83.467383
2413,4,1,2025-09-06,Finland,Serbia,84.244843,89.659031
2414,1,1,2025-09-06,Turkey,Sweden,86.461043,87.238536
2414,2,1,2025-09-06,Germany,Portugal,73.519536,72.653136
2414,3,1,2025-09-06,Latvia,Lithuania,84.198233,93.157514
2414,4,1,2025-09-06,Finland,Serbia,65.488852,86.509875
2415,1,1,2025-09-06,Turkey,Sweden,95.494272,102.93286
2415,2,1,2025-09-06,Germany,Portugal,105.21408,72.320498
2415,3,1,2025-09-06,Latvia,Lithuania,55.839728,84.869772
2415,4,1,2025-09-06,Finland,Serbia,61.559046,108.55694
2416,1,1,2025-09-06,Turkey,Sweden,85.552119,89.601095
2416,2,1,2025-09-06,Germany,Portugal,93.705397,67.733198
2416,3,1,2025-09-06,Latvia,Lithuania,79.170405,75.342183
2416,4,1,2025-09-06,Finland,Serbia,78.629646,103.56248
2417,1,1,2025-09-06,Turkey,Sweden,71.891885,62.260263
2417,2,1,2025-09-06,Germany,Portugal,92.302459,72.642525
2417,3,1,2025-09-06,Latvia,Lithuania,69.403565,54.937993
2417,4,1,2025-09-06,Finland,Serbia,81.589454,118.38581
2418,1,1,2025-09-06,Turkey,Sweden,100.58094,93.219574
2418,2,1,2025-09-06,Germany,Portugal,80.388093,55.897082
2418,3,1,2025-09-06,Latvia,Lithuania,77.741571,70.927025
2418,4,1,2025-09-06,Finland,Serbia,88.934779,100.30208
2419,1,1,2025-09-06,Turkey,Sweden,89.936375,74.697586
2419,2,1,2025-09-06,Germany,Portugal,72.368052,60.19924
2419,3,1,2025-09-06,Latvia,Lithuania,106.63803,80.988308
2419,4,1,2025-09-06,Finland,Serbia,92.666641,95.594427
2420,1,1,2025-09-06,Turkey,Sweden,79.949139,90.2821
2420,2,1,2025-09-06,Germany,Portugal,100.17295,66.718506
2420,3,1,2025-09-06,Latvia,Lithuania,82.602931,86.892467
2420,4,1,2025-09-06,Finland,Serbia,94.391124,87.543657
2421,1,1,2025-09-06,Turkey,Sweden,107.19085,71.650311
2421,2,1,2025-09-06,Germany,Portugal,104.9467,57.618783
2421,3,1,2025-09-06,Latvia,Lithuania,101.72691,74.817228
2421,4,1,2025-09-06,Finland,Serbia,93.565724,103.41338
2422,1,1,2025-09-06,Turkey,Sweden,83.741874,88.352145
2422,2,1,2025-09-06,Germany,Portugal,71.21679,90.877466
2422,3,1,2025-09-06,Latvia,Lithuania,83.681627,62.67473
2422,4,1,2025-09-06,Finland,Serbia,76.680954,95.862079
2423,1,1,2025-09-06,Turkey,Sweden,73.548311,57.787733
2423,2,1,2025-09-06,Germany,Portugal,88.027469,66.312693
2423,3,1,2025-09-06,Latvia,Lithuania,65.57214,102.84496
2423,4,1,2025-09-06,Finland,Serbia,86.166541,88.21024
2424,1,1,2025-09-06,Turkey,Sweden,86.661075,59.841673
2424,2,1,2025-09-06,Germany,Portugal,98.948845,62.826622
2424,3,1,2025-09-06,Latvia,Lithuania,99.076675,92.6189
2424,4,1,2025-09-06,Finland,Serbia,105.1262,91.192637
2425,1,1,2025-09-06,Turkey,Sweden,73.428482,63.862204
2425,2,1,2025-09-06,Germany,Portugal,83.639854,50.997238
2425,3,1,2025-09-06,Latvia,Lithuania,96.44224,66.727358
2425,4,1,2025-09-06,Finland,Serbia,78.913785,80.085819
2426,1,1,2025-09-06,Turkey,Sweden,96.618407,62.833106
2426,2,1,2025-09-06,Germany,Portugal,94.802385,82.83843
2426,3,1,2025-09-06,Latvia,Lithuania,70.429578,86.640126
2426,4,1,2025-09-06,Finland,Serbia,88.530736,95.013417
2427,1,1,2025-09-06,Turkey,Sweden,94.429777,69.873617
2427,2,1,2025-09-06,Germany,Portugal,94.075053,67.331499
2427,3,1,2025-09-06,Latvia,Lithuania,83.507905,84.548789
2427,4,1,2025-09-06,Finland,Serbia,95.353983,100.97577
2428,1,1,2025-09-06,Turkey,Sweden,77.086643,72.001735
2428,2,1,2025-09-06,Germany,Portugal,67.073967,48.904896
2428,3,1,2025-09-06,Latvia,Lithuania,75.341293,81.249659
2428,4,1,2025-09-06,Finland,Serbia,85.052637,108.2712
2429,1,1,2025-09-06,Turkey,Sweden,109.49857,88.539333
2429,2,1,2025-09-06,Germany,Portugal,95.470952,75.247377
2429,3,1,2025-09-06,Latvia,Lithuania,82.165023,81.100215
2429,4,1,2025-09-06,Finland,Serbia,87.8926,109.13265
2430,1,1,2025-09-06,Turkey,Sweden,68.372894,55.792531
2430,2,1,2025-09-06,Germany,Portugal,87.521809,57.801374
2430,3,1,2025-09-06,Latvia,Lithuania,96.666878,72.322355
2430,4,1,2025-09-06,Finland,Serbia,77.795389,103.53787
2431,1,1,2025-09-06,Turkey,Sweden,77.172112,68.584783
2431,2,1,2025-09-06,Germany,Portugal,87.720128,44.187825
2431,3,1,2025-09-06,Latvia,Lithuania,104.94374,82.741134
2431,4,1,2025-09-06,Finland,Serbia,66.584248,47.474992
2432,1,1,2025-09-06,Turkey,Sweden,95.519265,78.475611
2432,2,1,2025-09-06,Germany,Portugal,96.484185,61.380699
2432,3,1,2025-09-06,Latvia,Lithuania,82.146373,86.134919
2432,4,1,2025-09-06,Finland,Serbia,106.56665,99.099692
2433,1,1,2025-09-06,Turkey,Sweden,47.541091,58.826824
2433,2,1,2025-09-06,Germany,Portugal,87.775782,68.969103
2433,3,1,2025-09-06,Latvia,Lithuania,95.561768,96.548113
2433,4,1,2025-09-06,Finland,Serbia,75.066708,97.202675
2434,1,1,2025-09-06,Turkey,Sweden,91.842713,86.027231
2434,2,1,2025-09-06,Germany,Portugal,96.084876,73.959359
2434,3,1,2025-09-06,Latvia,Lithuania,90.584022,92.398765
2434,4,1,2025-09-06,Finland,Serbia,93.700833,110.23978
2435,1,1,2025-09-06,Turkey,Sweden,85.090118,82.688572
2435,2,1,2025-09-06,Germany,Portugal,81.086194,59.640579
2435,3,1,2025-09-06,Latvia,Lithuania,73.581619,84.991309
2435,4,1,2025-09-06,Finland,Serbia,79.548546,88.169462
2436,1,1,2025-09-06,Turkey,Sweden,100.46395,80.731973
2436,2,1,2025-09-06,Germany,Portugal,79.845866,53.951153
2436,3,1,2025-09-06,Latvia,Lithuania,83.016088,81.703267
2436,4,1,2025-09-06,Finland,Serbia,97.069105,121.81279
2437,1,1,2025-09-06,Turkey,Sweden,81.873916,95.805711
2437,2,1,2025-09-06,Germany,Portugal,70.050293,45.296376
2437,3,1,2025-09-06,Latvia,Lithuania,94.868701,96.258743
2437,4,1,2025-09-06,Finland,Serbia,91.803298,102.95234
2438,1,1,2025-09-06,Turkey,Sweden,75.961308,59.257945
2438,2,1,2025-09-06,Germany,Portugal,109.98119,73.983676
2438,3,1,2025-09-06,Latvia,Lithuania,70.629087,87.050143
2438,4,1,2025-09-06,Finland,Serbia,90.361146,86.028154
2439,1,1,2025-09-06,Turkey,Sweden,86.661866,73.239692
2439,2,1,2025-09-06,Germany,Portugal,94.989052,81.054154
2439,3,1,2025-09-06,Latvia,Lithuania,85.266546,98.931331
2439,4,1,2025-09-06,Finland,Serbia,97.972687,85.422309
2440,1,1,2025-09-06,Turkey,Sweden,91.449883,77.971516
2440,2,1,2025-09-06,Germany,Portugal,96.022363,51.419764
2440,3,1,2025-09-06,Latvia,Lithuania,75.78949,74.184478
2440,4,1,2025-09-06,Finland,Serbia,92.46741,91.99624
2441,1,1,2025-09-06,Turkey,Sweden,85.84198,93.183002
2441,2,1,2025-09-06,Germany,Portugal,80.958917,70.128116
2441,3,1,2025-09-06,Latvia,Lithuania,101.79163,115.02014
2441,4,1,2025-09-06,Finland,Serbia,88.923741,75.185974
2442,1,1,2025-09-06,Turkey,Sweden,73.546487,76.828299
2442,2,1,2025-09-06,Germany,Portugal,97.877604,85.079453
2442,3,1,2025-09-06,Latvia,Lithuania,96.719522,84.587589
2442,4,1,2025-09-06,Finland,Serbia,78.427965,94.383629
2443,1,1,2025-09-06,Turkey,Sweden,95.766743,71.167596
2443,2,1,2025-09-06,Germany,Portugal,68.293605,59.653099
2443,3,1,2025-09-06,Latvia,Lithuania,71.768392,79.469472
2443,4,1,2025-09-06,Finland,Serbia,85.68151,93.540364
2444,1,1,2025-09-06,Turkey,Sweden,77.020004,63.586116
2444,2,1,2025-09-06,Germany,Portugal,80.481164,77.171803
2444,3,1,2025-09-06,Latvia,Lithuania,74.965351,89.641981
2444,4,1,2025-09-06,Finland,Serbia,85.94337,96.344197
2445,1,1,2025-09-06,Turkey,Sweden,85.867969,86.895381
2445,2,1,2025-09-06,Germany,Portugal,95.488737,66.616214
2445,3,1,2025-09-06,Latvia,Lithuania,99.630986,76.022755
2445,4,1,2025-09-06,Finland,Serbia,65.310703,95.161241
2446,1,1,2025-09-06,Turkey,Sweden,81.427737,85.794585
2446,2,1,2025-09-06,Germany,Portugal,74.981263,55.262371
2446,3,1,2025-09-06,Latvia,Lithuania,77.63142,75.475254
2446,4,1,2025-09-06,Finland,Serbia,96.851503,95.23357
2447,1,1,2025-09-06,Turkey,Sweden,69.693368,56.416962
2447,2,1,2025-09-06,Germany,Portugal,99.860058,50.897826
2447,3,1,2025-09-06,Latvia,Lithuania,87.28588,86.76081
2447,4,1,2025-09-06,Finland,Serbia,89.266568,91.884283
2448,1,1,2025-09-06,Turkey,Sweden,113.6309,76.482645
2448,2,1,2025-09-06,Germany,Portugal,76.074092,17.942547
2448,3,1,2025-09-06,Latvia,Lithuania,88.974781,81.032494
2448,4,1,2025-09-06,Finland,Serbia,82.319796,99.777707
2449,1,1,2025-09-06,Turkey,Sweden,104.23254,80.847284
2449,2,1,2025-09-06,Germany,Portugal,94.142361,70.965952
2449,3,1,2025-09-06,Latvia,Lithuania,59.118708,84.16696
2449,4,1,2025-09-06,Finland,Serbia,87.558413,100.27821
2450,1,1,2025-09-06,Turkey,Sweden,105.98821,81.106782
2450,2,1,2025-09-06,Germany,Portugal,90.057397,61.312621
2450,3,1,2025-09-06,Latvia,Lithuania,107.54714,89.618406
2450,4,1,2025-09-06,Finland,Serbia,101.52572,92.22678
2451,1,1,2025-09-06,Turkey,Sweden,76.718163,67.065431
2451,2,1,2025-09-06,Germany,Portugal,67.643578,53.361801
2451,3,1,2025-09-06,Latvia,Lithuania,85.226732,89.947973
2451,4,1,2025-09-06,Finland,Serbia,109.16842,100.36759
2452,1,1,2025-09-06,Turkey,Sweden,100.56468,97.319034
2452,2,1,2025-09-06,Germany,Portugal,86.617673,71.406331
2452,3,1,2025-09-06,Latvia,Lithuania,82.326493,82.157734
2452,4,1,2025-09-06,Finland,Serbia,102.78486,81.230755
2453,1,1,2025-09-06,Turkey,Sweden,104.41536,78.691465
2453,2,1,2025-09-06,Germany,Portugal,100.65412,61.62019
2453,3,1,2025-09-06,Latvia,Lithuania,71.214638,87.237643
2453,4,1,2025-09-06,Finland,Serbia,96.941892,88.80981
2454,1,1,2025-09-06,Turkey,Sweden,88.56292,73.950408
2454,2,1,2025-09-06,Germany,Portugal,84.219897,47.854309
2454,3,1,2025-09-06,Latvia,Lithuania,73.26865,76.609655
2454,4,1,2025-09-06,Finland,Serbia,67.582063,76.872473
2455,1,1,2025-09-06,Turkey,Sweden,98.119087,64.370225
2455,2,1,2025-09-06,Germany,Portugal,85.822356,63.479772
2455,3,1,2025-09-06,Latvia,Lithuania,89.618119,92.443182
2455,4,1,2025-09-06,Finland,Serbia,80.849228,100.92552
2456,1,1,2025-09-06,Turkey,Sweden,82.677308,69.230606
2456,2,1,2025-09-06,Germany,Portugal,74.515092,68.850638
2456,3,1,2025-09-06,Latvia,Lithuania,65.05673,109.04312
2456,4,1,2025-09-06,Finland,Serbia,78.955775,97.720131
2457,1,1,2025-09-06,Turkey,Sweden,92.949348,75.189502
2457,2,1,2025-09-06,Germany,Portugal,90.804632,62.259183
2457,3,1,2025-09-06,Latvia,Lithuania,83.105035,81.862989
2457,4,1,2025-09-06,Finland,Serbia,97.355203,90.493824
2458,1,1,2025-09-06,Turkey,Sweden,66.040061,73.530319
2458,2,1,2025-09-06,Germany,Portugal,82.315795,70.106976
2458,3,1,2025-09-06,Latvia,Lithuania,83.394702,90.558472
2458,4,1,2025-09-06,Finland,Serbia,80.364804,104.39987
2459,1,1,2025-09-06,Turkey,Sweden,78.729705,64.616761
2459,2,1,2025-09-06,Germany,Portugal,91.506487,66.406704
2459,3,1,2025-09-06,Latvia,Lithuania,95.065587,91.949289
2459,4,1,2025-09-06,Finland,Serbia,114.72118,98.055548
2460,1,1,2025-09-06,Turkey,Sweden,101.05408,62.721149
2460,2,1,2025-09-06,Germany,Portugal,107.28228,85.743759
2460,3,1,2025-09-06,Latvia,Lithuania,83.823085,76.413849
2460,4,1,2025-09-06,Finland,Serbia,62.562015,86.474049
2461,1,1,2025-09-06,Turkey,Sweden,98.834936,115.51803
2461,2,1,2025-09-06,Germany,Portugal,94.628639,50.028964
2461,3,1,2025-09-06,Latvia,Lithuania,79.351036,95.984042
2461,4,1,2025-09-06,Finland,Serbia,95.010698,104.26706
2462,1,1,2025-09-06,Turkey,Sweden,93.069126,83.657588
2462,2,1,2025-09-06,Germany,Portugal,104.93857,56.720576
2462,3,1,2025-09-06,Latvia,Lithuania,88.885606,67.294891
2462,4,1,2025-09-06,Finland,Serbia,93.14867,96.022277
2463,1,1,2025-09-06,Turkey,Sweden,82.809538,86.061254
2463,2,1,2025-09-06,Germany,Portugal,70.642737,47.203531
2463,3,1,2025-09-06,Latvia,Lithuania,64.942478,73.404128
2463,4,1,2025-09-06,Finland,Serbia,84.379477,77.311293
2464,1,1,2025-09-06,Turkey,Sweden,91.138507,83.2167
2464,2,1,2025-09-06,Germany,Portugal,83.985864,65.616176
2464,3,1,2025-09-06,Latvia,Lithuania,77.134935,86.467195
2464,4,1,2025-09-06,Finland,Serbia,75.999639,83.696094
2465,1,1,2025-09-06,Turkey,Sweden,82.21302,63.538785
2465,2,1,2025-09-06,Germany,Portugal,63.71749,73.662717
2465,3,1,2025-09-06,Latvia,Lithuania,60.13132,99.224693
2465,4,1,2025-09-06,Finland,Serbia,70.762002,99.435903
2466,1,1,2025-09-06,Turkey,Sweden,76.661639,80.745856
2466,2,1,2025-09-06,Germany,Portugal,90.564371,55.320408
2466,3,1,2025-09-06,Latvia,Lithuania,86.180546,97.026051
2466,4,1,2025-09-06,Finland,Serbia,105.97897,92.24045
2467,1,1,2025-09-06,Turkey,Sweden,84.027152,64.354321
2467,2,1,2025-09-06,Germany,Portugal,75.695455,63.215091
2467,3,1,2025-09-06,Latvia,Lithuania,67.731819,73.806692
2467,4,1,2025-09-06,Finland,Serbia,77.192305,81.25133
2468,1,1,2025-09-06,Turkey,Sweden,106.50609,79.529952
2468,2,1,2025-09-06,Germany,Portugal,81.197739,43.17799
2468,3,1,2025-09-06,Latvia,Lithuania,82.033249,92.43646
2468,4,1,2025-09-06,Finland,Serbia,114.17506,98.861206
2469,1,1,2025-09-06,Turkey,Sweden,91.663434,64.928491
2469,2,1,2025-09-06,Germany,Portugal,71.059498,68.25987
2469,3,1,2025-09-06,Latvia,Lithuania,96.85235,88.131156
2469,4,1,2025-09-06,Finland,Serbia,100.65733,99.372468
2470,1,1,2025-09-06,Turkey,Sweden,60.643787,88.895259
2470,2,1,2025-09-06,Germany,Portugal,93.953543,64.93092
2470,3,1,2025-09-06,Latvia,Lithuania,80.213966,81.123424
2470,4,1,2025-09-06,Finland,Serbia,88.364848,93.565912
2471,1,1,2025-09-06,Turkey,Sweden,83.036525,90.878675
2471,2,1,2025-09-06,Germany,Portugal,100.485,64.832346
2471,3,1,2025-09-06,Latvia,Lithuania,90.410448,90.598399
2471,4,1,2025-09-06,Finland,Serbia,89.284766,88.691799
2472,1,1,2025-09-06,Turkey,Sweden,62.760923,70.076926
2472,2,1,2025-09-06,Germany,Portugal,103.66491,72.311932
2472,3,1,2025-09-06,Latvia,Lithuania,84.713176,62.187385
2472,4,1,2025-09-06,Finland,Serbia,76.370741,94.693338
2473,1,1,2025-09-06,Turkey,Sweden,77.942398,93.043145
2473,2,1,2025-09-06,Germany,Portugal,99.592692,68.456862
2473,3,1,2025-09-06,Latvia,Lithuania,85.640601,76.923551
2473,4,1,2025-09-06,Finland,Serbia,97.297456,85.887707
2474,1,1,2025-09-06,Turkey,Sweden,102.20553,76.365595
2474,2,1,2025-09-06,Germany,Portugal,87.896555,76.662116
2474,3,1,2025-09-06,Latvia,Lithuania,75.83773,79.904978
2474,4,1,2025-09-06,Finland,Serbia,70.108604,72.36262
2475,1,1,2025-09-06,Turkey,Sweden,73.864085,71.288655
2475,2,1,2025-09-06,Germany,Portugal,105.63661,77.635642
2475,3,1,2025-09-06,Latvia,Lithuania,85.186808,91.49878
2475,4,1,2025-09-06,Finland,Serbia,88.608743,100.78478
2476,1,1,2025-09-06,Turkey,Sweden,97.070104,86.766949
2476,2,1,2025-09-06,Germany,Portugal,101.38661,67.35899
2476,3,1,2025-09-06,Latvia,Lithuania,54.454589,83.500473
2476,4,1,2025-09-06,Finland,Serbia,105.42838,95.770808
2477,1,1,2025-09-06,Turkey,Sweden,88.638503,82.595254
2477,2,1,2025-09-06,Germany,Portugal,108.70316,70.780047
2477,3,1,2025-09-06,Latvia,Lithuania,96.130454,93.433206
2477,4,1,2025-09-06,Finland,Serbia,114.02292,67.543044
2478,1,1,2025-09-06,Turkey,Sweden,79.305196,84.068042
2478,2,1,2025-09-06,Germany,Portugal,86.452302,65.214814
2478,3,1,2025-09-06,Latvia,Lithuania,91.369137,72.717607
2478,4,1,2025-09-06,Finland,Serbia,76.553354,73.000269
2479,1,1,2025-09-06,Turkey,Sweden,84.681657,79.227141
2479,2,1,2025-09-06,Germany,Portugal,79.739801,64.608163
2479,3,1,2025-09-06,Latvia,Lithuania,99.086385,89.006541
2479,4,1,2025-09-06,Finland,Serbia,90.001517,87.105008
2480,1,1,2025-09-06,Turkey,Sweden,96.543814,75.907459
2480,2,1,2025-09-06,Germany,Portugal,81.704241,65.072455
2480,3,1,2025-09-06,Latvia,Lithuania,86.2208,93.326618
2480,4,1,2025-09-06,Finland,Serbia,83.577992,81.672651
2481,1,1,2025-09-06,Turkey,Sweden,90.773947,69.325312
2481,2,1,2025-09-06,Germany,Portugal,98.912411,85.930129
2481,3,1,2025-09-06,Latvia,Lithuania,93.17176,88.662835
2481,4,1,2025-09-06,Finland,Serbia,83.219444,88.990614
2482,1,1,2025-09-06,Turkey,Sweden,94.698055,69.388375
2482,2,1,2025-09-06,Germany,Portugal,71.944027,49.95422
2482,3,1,2025-09-06,Latvia,Lithuania,61.223612,89.367293
2482,4,1,2025-09-06,Finland,Serbia,82.010654,107.75948
2483,1,1,2025-09-06,Turkey,Sweden,100.37278,79.292082
2483,2,1,2025-09-06,Germany,Portugal,90.9336,73.504635
2483,3,1,2025-09-06,Latvia,Lithuania,87.447756,83.293784
2483,4,1,2025-09-06,Finland,Serbia,88.182985,76.886139
2484,1,1,2025-09-06,Turkey,Sweden,68.820163,74.131754
2484,2,1,2025-09-06,Germany,Portugal,90.846925,51.186999
2484,3,1,2025-09-06,Latvia,Lithuania,85.042491,85.217831
2484,4,1,2025-09-06,Finland,Serbia,99.883392,106.25759
2485,1,1,2025-09-06,Turkey,Sweden,91.509004,76.584742
2485,2,1,2025-09-06,Germany,Portugal,85.957612,65.482177
2485,3,1,2025-09-06,Latvia,Lithuania,92.022332,93.585389
2485,4,1,2025-09-06,Finland,Serbia,91.880829,90.600923
2486,1,1,2025-09-06,Turkey,Sweden,108.53131,67.775665
2486,2,1,2025-09-06,Germany,Portugal,98.955794,65.455169
2486,3,1,2025-09-06,Latvia,Lithuania,90.267201,83.264615
2486,4,1,2025-09-06,Finland,Serbia,61.295641,83.624475
2487,1,1,2025-09-06,Turkey,Sweden,72.847191,88.514211
2487,2,1,2025-09-06,Germany,Portugal,79.570019,90.27231
2487,3,1,2025-09-06,Latvia,Lithuania,87.533526,71.565261
2487,4,1,2025-09-06,Finland,Serbia,101.42485,114.58309
2488,1,1,2025-09-06,Turkey,Sweden,95.919826,100.44371
2488,2,1,2025-09-06,Germany,Portugal,90.151035,60.443421
2488,3,1,2025-09-06,Latvia,Lithuania,82.667772,85.891963
2488,4,1,2025-09-06,Finland,Serbia,99.98417,80.710224
2489,1,1,2025-09-06,Turkey,Sweden,100.33874,84.980155
2489,2,1,2025-09-06,Germany,Portugal,112.95939,70.488348
2489,3,1,2025-09-06,Latvia,Lithuania,89.893824,75.039874
2489,4,1,2025-09-06,Finland,Serbia,85.726989,82.846482
2490,1,1,2025-09-06,Turkey,Sweden,75.825103,81.731718
2490,2,1,2025-09-06,Germany,Portugal,95.085597,53.223891
2490,3,1,2025-09-06,Latvia,Lithuania,81.075965,80.271242
2490,4,1,2025-09-06,Finland,Serbia,86.654455,105.95118
2491,1,1,2025-09-06,Turkey,Sweden,97.841337,74.537699
2491,2,1,2025-09-06,Germany,Portugal,84.296038,56.713616
2491,3,1,2025-09-06,Latvia,Lithuania,87.821659,61.878614
2491,4,1,2025-09-06,Finland,Serbia,72.042454,105.08906
2492,1,1,2025-09-06,Turkey,Sweden,91.796913,84.67545
2492,2,1,2025-09-06,Germany,Portugal,83.497554,89.31877
2492,3,1,2025-09-06,Latvia,Lithuania,85.997427,76.990593
2492,4,1,2025-09-06,Finland,Serbia,85.287039,119.12986
2493,1,1,2025-09-06,Turkey,Sweden,74.34154,69.198532
2493,2,1,2025-09-06,Germany,Portugal,125.39873,73.89735
2493,3,1,2025-09-06,Latvia,Lithuania,86.136477,89.921921
2493,4,1,2025-09-06,Finland,Serbia,85.397019,99.17493
2494,1,1,2025-09-06,Turkey,Sweden,96.597839,69.657098
2494,2,1,2025-09-06,Germany,Portugal,88.829432,55.554138
2494,3,1,2025-09-06,Latvia,Lithuania,80.633032,92.525278
2494,4,1,2025-09-06,Finland,Serbia,66.835219,88.141746
2495,1,1,2025-09-06,Turkey,Sweden,105.96202,101.67321
2495,2,1,2025-09-06,Germany,Portugal,111.31739,36.096317
2495,3,1,2025-09-06,Latvia,Lithuania,78.423698,89.764923
2495,4,1,2025-09-06,Finland,Serbia,94.906873,103.89142
2496,1,1,2025-09-06,Turkey,Sweden,112.35783,61.823989
2496,2,1,2025-09-06,Germany,Portugal,101.11391,86.924946
2496,3,1,2025-09-06,Latvia,Lithuania,83.065485,86.152408
2496,4,1,2025-09-06,Finland,Serbia,87.311992,101.79882
2497,1,1,2025-09-06,Turkey,Sweden,86.032579,73.527786
2497,2,1,2025-09-06,Germany,Portugal,77.27201,65.550764
2497,3,1,2025-09-06,Latvia,Lithuania,96.597407,81.444462
2497,4,1,2025-09-06,Finland,Serbia,115.88009,108.97581
2498,1,1,2025-09-06,Turkey,Sweden,74.494879,99.9471
2498,2,1,2025-09-06,Germany,Portugal,73.452079,33.569994
2498,3,1,2025-09-06,Latvia,Lithuania,89.366995,86.296494
2498,4,1,2025-09-06,Finland,Serbia,105.6766,104.33203
2499,1,1,2025-09-06,Turkey,Sweden,98.71142,88.406538
2499,2,1,2025-09-06,Germany,Portugal,87.331839,64.150688
2499,3,1,2025-09-06,Latvia,Lithuania,100.67181,82.66814
2499,4,1,2025-09-06,Finland,Serbia,96.190792,101.61051
2500,1,1,2025-09-06,Turkey,Sweden,94.582645,73.349491
2500,2,1,2025-09-06,Germany,Portugal,85.015295,72.278779
2500,3,1,2025-09-06,Latvia,Lithuania,89.878643,77.55345
2500,4,1,2025-09-06,Finland,Serbia,85.800888,91.492285
2501,1,1,2025-09-06,Turkey,Sweden,80.592247,68.294272
2501,2,1,2025-09-06,Germany,Portugal,104.64813,71.267568
2501,3,1,2025-09-06,Latvia,Lithuania,78.328257,76.72805
2501,4,1,2025-09-06,Finland,Serbia,73.425914,77.351755
2502,1,1,2025-09-06,Turkey,Sweden,54.747545,59.747584
2502,2,1,2025-09-06,Germany,Portugal,87.646941,54.650166
2502,3,1,2025-09-06,Latvia,Lithuania,82.54098,79.708405
2502,4,1,2025-09-06,Finland,Serbia,67.62265,104.47766
2503,1,1,2025-09-06,Turkey,Sweden,88.726193,75.151417
2503,2,1,2025-09-06,Germany,Portugal,85.663738,47.879826
2503,3,1,2025-09-06,Latvia,Lithuania,73.569581,76.874986
2503,4,1,2025-09-06,Finland,Serbia,80.559977,87.880223
2504,1,1,2025-09-06,Turkey,Sweden,102.72023,91.681585
2504,2,1,2025-09-06,Germany,Portugal,73.452474,64.113444
2504,3,1,2025-09-06,Latvia,Lithuania,82.510738,82.495621
2504,4,1,2025-09-06,Finland,Serbia,102.62532,92.838491
2505,1,1,2025-09-06,Turkey,Sweden,98.243814,98.951987
2505,2,1,2025-09-06,Germany,Portugal,70.952675,50.951946
2505,3,1,2025-09-06,Latvia,Lithuania,83.959398,88.265483
2505,4,1,2025-09-06,Finland,Serbia,82.222282,88.946839
2506,1,1,2025-09-06,Turkey,Sweden,93.463452,70.190114
2506,2,1,2025-09-06,Germany,Portugal,93.549604,55.446658
2506,3,1,2025-09-06,Latvia,Lithuania,91.690847,78.367789
2506,4,1,2025-09-06,Finland,Serbia,76.537,98.198167
2507,1,1,2025-09-06,Turkey,Sweden,95.90237,76.570762
2507,2,1,2025-09-06,Germany,Portugal,109.98092,51.171725
2507,3,1,2025-09-06,Latvia,Lithuania,80.835213,89.211794
2507,4,1,2025-09-06,Finland,Serbia,92.926207,85.776118
2508,1,1,2025-09-06,Turkey,Sweden,75.864894,86.893969
2508,2,1,2025-09-06,Germany,Portugal,77.418274,68.479225
2508,3,1,2025-09-06,Latvia,Lithuania,93.707068,97.092413
2508,4,1,2025-09-06,Finland,Serbia,88.506637,94.046743
2509,1,1,2025-09-06,Turkey,Sweden,73.902515,74.761923
2509,2,1,2025-09-06,Germany,Portugal,90.967031,68.203103
2509,3,1,2025-09-06,Latvia,Lithuania,86.683869,93.395272
2509,4,1,2025-09-06,Finland,Serbia,81.655008,98.043851
2510,1,1,2025-09-06,Turkey,Sweden,85.506532000000007,70.347475
2510,2,1,2025-09-06,Germany,Portugal,86.992211,63.805245
2510,3,1,2025-09-06,Latvia,Lithuania,73.082562,80.427672
2510,4,1,2025-09-06,Finland,Serbia,87.136714,81.860781
2511,1,1,2025-09-06,Turkey,Sweden,96.091767,62.756301
2511,2,1,2025-09-06,Germany,Portugal,102.25171,66.441596
2511,3,1,2025-09-06,Latvia,Lithuania,95.370674,87.929519
2511,4,1,2025-09-06,Finland,Serbia,105.07843,101.69258
2512,1,1,2025-09-06,Turkey,Sweden,95.16287,85.935044
2512,2,1,2025-09-06,Germany,Portugal,101.49019,51.521133
2512,3,1,2025-09-06,Latvia,Lithuania,76.373549,73.351113
2512,4,1,2025-09-06,Finland,Serbia,74.738,91.836281
2513,1,1,2025-09-06,Turkey,Sweden,100.46749,77.284172
2513,2,1,2025-09-06,Germany,Portugal,105.21257,74.296472
2513,3,1,2025-09-06,Latvia,Lithuania,85.241807,92.407745
2513,4,1,2025-09-06,Finland,Serbia,89.601211,102.15807
2514,1,1,2025-09-06,Turkey,Sweden,83.23641,65.833887
2514,2,1,2025-09-06,Germany,Portugal,97.862962,72.429078
2514,3,1,2025-09-06,Latvia,Lithuania,91.948498,82.92343
2514,4,1,2025-09-06,Finland,Serbia,91.895164,86.606627
2515,1,1,2025-09-06,Turkey,Sweden,86.128051,90.856942
2515,2,1,2025-09-06,Germany,Portugal,99.382394,75.986798
2515,3,1,2025-09-06,Latvia,Lithuania,85.447576,80.299084
2515,4,1,2025-09-06,Finland,Serbia,81.742735,91.960036
2516,1,1,2025-09-06,Turkey,Sweden,105.65969,78.605252
2516,2,1,2025-09-06,Germany,Portugal,86.283187,52.113296
2516,3,1,2025-09-06,Latvia,Lithuania,90.140638,87.851391
2516,4,1,2025-09-06,Finland,Serbia,102.07429,89.872343
2517,1,1,2025-09-06,Turkey,Sweden,76.763567,62.305703
2517,2,1,2025-09-06,Germany,Portugal,77.413834,60.875744
2517,3,1,2025-09-06,Latvia,Lithuania,86.646627,94.600245
2517,4,1,2025-09-06,Finland,Serbia,79.411561,101.47059
2518,1,1,2025-09-06,Turkey,Sweden,101.64081,78.885365
2518,2,1,2025-09-06,Germany,Portugal,107.07735,60.256093
2518,3,1,2025-09-06,Latvia,Lithuania,87.472052,90.336479
2518,4,1,2025-09-06,Finland,Serbia,87.6458,101.42495
2519,1,1,2025-09-06,Turkey,Sweden,103.59844,75.490597
2519,2,1,2025-09-06,Germany,Portugal,82.834783,52.689211
2519,3,1,2025-09-06,Latvia,Lithuania,86.85004,91.452834
2519,4,1,2025-09-06,Finland,Serbia,102.3122,96.632566
2520,1,1,2025-09-06,Turkey,Sweden,85.218993,76.859297
2520,2,1,2025-09-06,Germany,Portugal,82.120234,41.675989
2520,3,1,2025-09-06,Latvia,Lithuania,76.661066,77.767733
2520,4,1,2025-09-06,Finland,Serbia,85.65905,100.29412
2521,1,1,2025-09-06,Turkey,Sweden,85.508154,72.359886
2521,2,1,2025-09-06,Germany,Portugal,89.164234,65.594986
2521,3,1,2025-09-06,Latvia,Lithuania,101.44833,88.730608
2521,4,1,2025-09-06,Finland,Serbia,84.109295,78.832319
2522,1,1,2025-09-06,Turkey,Sweden,100.57776,72.613678
2522,2,1,2025-09-06,Germany,Portugal,96.939712,54.641907
2522,3,1,2025-09-06,Latvia,Lithuania,79.600115,90.137028
2522,4,1,2025-09-06,Finland,Serbia,116.5238,85.331057
2523,1,1,2025-09-06,Turkey,Sweden,80.72144,80.492479
2523,2,1,2025-09-06,Germany,Portugal,88.373331,63.09683
2523,3,1,2025-09-06,Latvia,Lithuania,81.177566,85.768993
2523,4,1,2025-09-06,Finland,Serbia,92.378447,92.44792
2524,1,1,2025-09-06,Turkey,Sweden,72.712961,71.560649
2524,2,1,2025-09-06,Germany,Portugal,94.698498,73.046956
2524,3,1,2025-09-06,Latvia,Lithuania,110.06062,90.225193
2524,4,1,2025-09-06,Finland,Serbia,89.54597,91.346533
2525,1,1,2025-09-06,Turkey,Sweden,84.585842,82.57382
2525,2,1,2025-09-06,Germany,Portugal,92.979586,70.542385
2525,3,1,2025-09-06,Latvia,Lithuania,88.517099,83.714878
2525,4,1,2025-09-06,Finland,Serbia,103.18486,120.16653
2526,1,1,2025-09-06,Turkey,Sweden,92.523164,103.07841
2526,2,1,2025-09-06,Germany,Portugal,80.696204,55.337819
2526,3,1,2025-09-06,Latvia,Lithuania,87.145243,85.005019
2526,4,1,2025-09-06,Finland,Serbia,117.15236,90.058348
2527,1,1,2025-09-06,Turkey,Sweden,87.852159,81.679545
2527,2,1,2025-09-06,Germany,Portugal,97.821952,71.875644
2527,3,1,2025-09-06,Latvia,Lithuania,81.666872,71.879041
2527,4,1,2025-09-06,Finland,Serbia,103.4359,107.95954
2528,1,1,2025-09-06,Turkey,Sweden,75.071867,64.87397
2528,2,1,2025-09-06,Germany,Portugal,84.31772,66.939316
2528,3,1,2025-09-06,Latvia,Lithuania,76.220768,101.03812
2528,4,1,2025-09-06,Finland,Serbia,77.001363,93.561528
2529,1,1,2025-09-06,Turkey,Sweden,82.399097,72.401654
2529,2,1,2025-09-06,Germany,Portugal,68.826576,74.235624
2529,3,1,2025-09-06,Latvia,Lithuania,89.614694,81.810942
2529,4,1,2025-09-06,Finland,Serbia,100.79604,108.04623
2530,1,1,2025-09-06,Turkey,Sweden,84.416573,68.92806
2530,2,1,2025-09-06,Germany,Portugal,88.979062,32.016368
2530,3,1,2025-09-06,Latvia,Lithuania,70.980003,85.998434
2530,4,1,2025-09-06,Finland,Serbia,88.418106,83.936338
2531,1,1,2025-09-06,Turkey,Sweden,78.007579,68.796586
2531,2,1,2025-09-06,Germany,Portugal,68.459218,66.079069
2531,3,1,2025-09-06,Latvia,Lithuania,106.10406,100.97842
2531,4,1,2025-09-06,Finland,Serbia,83.818314,103.43413
2532,1,1,2025-09-06,Turkey,Sweden,82.46883,63.336701
2532,2,1,2025-09-06,Germany,Portugal,76.150726,52.984366
2532,3,1,2025-09-06,Latvia,Lithuania,75.143772,73.973724
2532,4,1,2025-09-06,Finland,Serbia,86.744308,95.621649
2533,1,1,2025-09-06,Turkey,Sweden,90.716765,85.024244
2533,2,1,2025-09-06,Germany,Portugal,87.858891,71.385347
2533,3,1,2025-09-06,Latvia,Lithuania,86.634926,90.751445
2533,4,1,2025-09-06,Finland,Serbia,111.87754,106.76087
2534,1,1,2025-09-06,Turkey,Sweden,87.944685,55.754155
2534,2,1,2025-09-06,Germany,Portugal,88.517978,82.238728
2534,3,1,2025-09-06,Latvia,Lithuania,90.886301,90.451506
2534,4,1,2025-09-06,Finland,Serbia,90.220151,101.40179
2535,1,1,2025-09-06,Turkey,Sweden,91.616069,59.564459
2535,2,1,2025-09-06,Germany,Portugal,67.476694,64.995994
2535,3,1,2025-09-06,Latvia,Lithuania,83.658476,90.391309
2535,4,1,2025-09-06,Finland,Serbia,99.511255,113.65291
2536,1,1,2025-09-06,Turkey,Sweden,106.51361,100.03447
2536,2,1,2025-09-06,Germany,Portugal,85.675054,57.710508
2536,3,1,2025-09-06,Latvia,Lithuania,91.864991,82.867955
2536,4,1,2025-09-06,Finland,Serbia,78.503003,90.155727
2537,1,1,2025-09-06,Turkey,Sweden,65.533501,79.08512
2537,2,1,2025-09-06,Germany,Portugal,104.58875,59.7576
2537,3,1,2025-09-06,Latvia,Lithuania,97.766273,83.231908
2537,4,1,2025-09-06,Finland,Serbia,71.95182,91.823176
2538,1,1,2025-09-06,Turkey,Sweden,65.72822,61.088502
2538,2,1,2025-09-06,Germany,Portugal,81.320559,70.078809
2538,3,1,2025-09-06,Latvia,Lithuania,95.680197,91.816286
2538,4,1,2025-09-06,Finland,Serbia,85.335029,87.719035
2539,1,1,2025-09-06,Turkey,Sweden,78.267809,74.402697
2539,2,1,2025-09-06,Germany,Portugal,91.757583,62.062033
2539,3,1,2025-09-06,Latvia,Lithuania,101.41806,84.325009
2539,4,1,2025-09-06,Finland,Serbia,85.533721,97.427286
2540,1,1,2025-09-06,Turkey,Sweden,108.4084,82.970484
2540,2,1,2025-09-06,Germany,Portugal,69.902073,55.070162
2540,3,1,2025-09-06,Latvia,Lithuania,78.595925,75.539393
2540,4,1,2025-09-06,Finland,Serbia,92.860576,82.479129
2541,1,1,2025-09-06,Turkey,Sweden,89.892846,62.941356
2541,2,1,2025-09-06,Germany,Portugal,101.35944,76.911079
2541,3,1,2025-09-06,Latvia,Lithuania,79.958777,79.48097
2541,4,1,2025-09-06,Finland,Serbia,77.607882,92.940931
2542,1,1,2025-09-06,Turkey,Sweden,107.58724,74.013842
2542,2,1,2025-09-06,Germany,Portugal,79.977838,54.144305
2542,3,1,2025-09-06,Latvia,Lithuania,84.794787,100.08065
2542,4,1,2025-09-06,Finland,Serbia,85.140257,81.999319
2543,1,1,2025-09-06,Turkey,Sweden,78.747142,66.327432
2543,2,1,2025-09-06,Germany,Portugal,111.7775,71.256736
2543,3,1,2025-09-06,Latvia,Lithuania,88.405994,90.533112
2543,4,1,2025-09-06,Finland,Serbia,94.829543,78.569222
2544,1,1,2025-09-06,Turkey,Sweden,89.80049,86.164419
2544,2,1,2025-09-06,Germany,Portugal,108.07286,71.492381
2544,3,1,2025-09-06,Latvia,Lithuania,80.15368,86.743972
2544,4,1,2025-09-06,Finland,Serbia,104.20376,98.92086
2545,1,1,2025-09-06,Turkey,Sweden,84.101872,82.572424
2545,2,1,2025-09-06,Germany,Portugal,94.424068,53.242515
2545,3,1,2025-09-06,Latvia,Lithuania,103.66011,100.40982
2545,4,1,2025-09-06,Finland,Serbia,111.03325,113.6567
2546,1,1,2025-09-06,Turkey,Sweden,97.519333,90.707442
2546,2,1,2025-09-06,Germany,Portugal,83.035731,48.648157
2546,3,1,2025-09-06,Latvia,Lithuania,60.000663,101.1684
2546,4,1,2025-09-06,Finland,Serbia,70.382044,78.209287
2547,1,1,2025-09-06,Turkey,Sweden,87.472632,70.050639
2547,2,1,2025-09-06,Germany,Portugal,69.475421,55.810761
2547,3,1,2025-09-06,Latvia,Lithuania,89.991061,84.850183
2547,4,1,2025-09-06,Finland,Serbia,88.97458,90.302957
2548,1,1,2025-09-06,Turkey,Sweden,91.929445,100.81005999999999
2548,2,1,2025-09-06,Germany,Portugal,85.410346,66.618463
2548,3,1,2025-09-06,Latvia,Lithuania,80.78969,54.117233
2548,4,1,2025-09-06,Finland,Serbia,72.044217,97.559297
2549,1,1,2025-09-06,Turkey,Sweden,82.392468,85.666511
2549,2,1,2025-09-06,Germany,Portugal,88.845867,71.755859
2549,3,1,2025-09-06,Latvia,Lithuania,92.488897,93.447118
2549,4,1,2025-09-06,Finland,Serbia,86.846752,93.376057
2550,1,1,2025-09-06,Turkey,Sweden,80.133965,68.123715
2550,2,1,2025-09-06,Germany,Portugal,79.879089,78.190511
2550,3,1,2025-09-06,Latvia,Lithuania,84.124453,73.440002
2550,4,1,2025-09-06,Finland,Serbia,94.189586,85.764855
2551,1,1,2025-09-06,Turkey,Sweden,88.801763,67.900793
2551,2,1,2025-09-06,Germany,Portugal,106.97961,72.64789
2551,3,1,2025-09-06,Latvia,Lithuania,79.595537,87.564362
2551,4,1,2025-09-06,Finland,Serbia,90.74914,91.188539
2552,1,1,2025-09-06,Turkey,Sweden,64.181487,57.134981
2552,2,1,2025-09-06,Germany,Portugal,92.201441,61.859104
2552,3,1,2025-09-06,Latvia,Lithuania,81.581217,64.044617
2552,4,1,2025-09-06,Finland,Serbia,83.51522,95.24921
2553,1,1,2025-09-06,Turkey,Sweden,104.53172000000001,65.843724
2553,2,1,2025-09-06,Germany,Portugal,109.30191,68.573256
2553,3,1,2025-09-06,Latvia,Lithuania,81.006109,84.82048
2553,4,1,2025-09-06,Finland,Serbia,95.222771,110.61117
2554,1,1,2025-09-06,Turkey,Sweden,89.617958,76.259946
2554,2,1,2025-09-06,Germany,Portugal,86.381648,59.145046
2554,3,1,2025-09-06,Latvia,Lithuania,104.50168,80.515306
2554,4,1,2025-09-06,Finland,Serbia,110.21557,77.990414
2555,1,1,2025-09-06,Turkey,Sweden,115.86307,86.816642
2555,2,1,2025-09-06,Germany,Portugal,90.045475,72.409686
2555,3,1,2025-09-06,Latvia,Lithuania,83.886349,74.025347
2555,4,1,2025-09-06,Finland,Serbia,72.453321,110.21231
2556,1,1,2025-09-06,Turkey,Sweden,82.605022,64.352324
2556,2,1,2025-09-06,Germany,Portugal,101.93916,51.113514
2556,3,1,2025-09-06,Latvia,Lithuania,82.927812,92.447907
2556,4,1,2025-09-06,Finland,Serbia,101.20048,106.73983
2557,1,1,2025-09-06,Turkey,Sweden,108.64168,88.17467
2557,2,1,2025-09-06,Germany,Portugal,83.502127,51.583865
2557,3,1,2025-09-06,Latvia,Lithuania,87.223061,66.55645
2557,4,1,2025-09-06,Finland,Serbia,93.313431,111.96668
2558,1,1,2025-09-06,Turkey,Sweden,98.351752,81.605301
2558,2,1,2025-09-06,Germany,Portugal,59.955294,69.183965
2558,3,1,2025-09-06,Latvia,Lithuania,74.228203,86.433483
2558,4,1,2025-09-06,Finland,Serbia,93.57198,100.88314
2559,1,1,2025-09-06,Turkey,Sweden,84.732947,90.524377
2559,2,1,2025-09-06,Germany,Portugal,86.824556,62.631644
2559,3,1,2025-09-06,Latvia,Lithuania,92.939334,82.459257
2559,4,1,2025-09-06,Finland,Serbia,85.978145,68.634104
2560,1,1,2025-09-06,Turkey,Sweden,84.67769,84.713657
2560,2,1,2025-09-06,Germany,Portugal,57.331162,47.244455
2560,3,1,2025-09-06,Latvia,Lithuania,83.130797,86.67462
2560,4,1,2025-09-06,Finland,Serbia,89.786908,87.167768
2561,1,1,2025-09-06,Turkey,Sweden,94.130315,71.784467
2561,2,1,2025-09-06,Germany,Portugal,84.880369,51.566421
2561,3,1,2025-09-06,Latvia,Lithuania,100.45558,97.214633
2561,4,1,2025-09-06,Finland,Serbia,96.213892,77.754957
2562,1,1,2025-09-06,Turkey,Sweden,81.882364,57.997106
2562,2,1,2025-09-06,Germany,Portugal,84.452987,72.308322
2562,3,1,2025-09-06,Latvia,Lithuania,82.709169,81.409668
2562,4,1,2025-09-06,Finland,Serbia,89.600725,115.37667
2563,1,1,2025-09-06,Turkey,Sweden,96.36887,103.57886
2563,2,1,2025-09-06,Germany,Portugal,72.816166,69.046641
2563,3,1,2025-09-06,Latvia,Lithuania,84.30247,68.728959
2563,4,1,2025-09-06,Finland,Serbia,87.524455,86.18893
2564,1,1,2025-09-06,Turkey,Sweden,81.716914,87.204308
2564,2,1,2025-09-06,Germany,Portugal,94.803807,58.121621
2564,3,1,2025-09-06,Latvia,Lithuania,93.742016,71.925115
2564,4,1,2025-09-06,Finland,Serbia,100.17688,85.379237
2565,1,1,2025-09-06,Turkey,Sweden,73.670788,84.798735
2565,2,1,2025-09-06,Germany,Portugal,99.344436,64.00193
2565,3,1,2025-09-06,Latvia,Lithuania,87.904868,71.135408
2565,4,1,2025-09-06,Finland,Serbia,80.663347,81.38336
2566,1,1,2025-09-06,Turkey,Sweden,91.85032,56.399429
2566,2,1,2025-09-06,Germany,Portugal,79.452369,51.259077
2566,3,1,2025-09-06,Latvia,Lithuania,83.707987,67.679362
2566,4,1,2025-09-06,Finland,Serbia,87.611448,87.888205
2567,1,1,2025-09-06,Turkey,Sweden,78.681406,87.97702
2567,2,1,2025-09-06,Germany,Portugal,87.131969,59.341002
2567,3,1,2025-09-06,Latvia,Lithuania,78.429777,91.52254
2567,4,1,2025-09-06,Finland,Serbia,87.491916,91.331636
2568,1,1,2025-09-06,Turkey,Sweden,93.83013,89.61375
2568,2,1,2025-09-06,Germany,Portugal,69.158861,34.891439
2568,3,1,2025-09-06,Latvia,Lithuania,100.11057,98.296178
2568,4,1,2025-09-06,Finland,Serbia,84.581915,76.255279
2569,1,1,2025-09-06,Turkey,Sweden,83.907598,103.77514
2569,2,1,2025-09-06,Germany,Portugal,77.331033,86.346606
2569,3,1,2025-09-06,Latvia,Lithuania,82.592395,77.439936
2569,4,1,2025-09-06,Finland,Serbia,75.541716,91.108281
2570,1,1,2025-09-06,Turkey,Sweden,90.383931,57.402886
2570,2,1,2025-09-06,Germany,Portugal,102.05092,66.82109
2570,3,1,2025-09-06,Latvia,Lithuania,78.491898,80.271749
2570,4,1,2025-09-06,Finland,Serbia,92.319852,111.34628
2571,1,1,2025-09-06,Turkey,Sweden,101.35821,90.902671
2571,2,1,2025-09-06,Germany,Portugal,93.229351,55.410149
2571,3,1,2025-09-06,Latvia,Lithuania,80.277489,90.602387
2571,4,1,2025-09-06,Finland,Serbia,81.519966,108.81391
2572,1,1,2025-09-06,Turkey,Sweden,84.870079,61.904984
2572,2,1,2025-09-06,Germany,Portugal,74.513096,49.817435
2572,3,1,2025-09-06,Latvia,Lithuania,79.932351,77.463672
2572,4,1,2025-09-06,Finland,Serbia,85.766483,103.19343
2573,1,1,2025-09-06,Turkey,Sweden,86.429841,81.236896
2573,2,1,2025-09-06,Germany,Portugal,85.315391,51.028409
2573,3,1,2025-09-06,Latvia,Lithuania,89.073581,99.937501
2573,4,1,2025-09-06,Finland,Serbia,69.457288,91.208276
2574,1,1,2025-09-06,Turkey,Sweden,105.91272,75.153589
2574,2,1,2025-09-06,Germany,Portugal,96.299881,57.662486
2574,3,1,2025-09-06,Latvia,Lithuania,76.920975,86.293277
2574,4,1,2025-09-06,Finland,Serbia,104.26474,108.74876
2575,1,1,2025-09-06,Turkey,Sweden,86.075708,78.468593
2575,2,1,2025-09-06,Germany,Portugal,80.500705,53.664924
2575,3,1,2025-09-06,Latvia,Lithuania,101.52624,77.850005
2575,4,1,2025-09-06,Finland,Serbia,75.476648,111.70572
2576,1,1,2025-09-06,Turkey,Sweden,78.207191,82.831586
2576,2,1,2025-09-06,Germany,Portugal,88.639538,91.758224
2576,3,1,2025-09-06,Latvia,Lithuania,86.254113,76.944916
2576,4,1,2025-09-06,Finland,Serbia,104.95547,78.538811
2577,1,1,2025-09-06,Turkey,Sweden,86.397898,85.250667000000007
2577,2,1,2025-09-06,Germany,Portugal,61.858648,83.26407
2577,3,1,2025-09-06,Latvia,Lithuania,69.932349,84.660889
2577,4,1,2025-09-06,Finland,Serbia,79.38359,85.438341
2578,1,1,2025-09-06,Turkey,Sweden,84.429102,69.200034
2578,2,1,2025-09-06,Germany,Portugal,89.989085,58.499297
2578,3,1,2025-09-06,Latvia,Lithuania,80.625449,71.091052
2578,4,1,2025-09-06,Finland,Serbia,79.141279,112.61855
2579,1,1,2025-09-06,Turkey,Sweden,77.698508,88.27282
2579,2,1,2025-09-06,Germany,Portugal,91.050849,79.625295
2579,3,1,2025-09-06,Latvia,Lithuania,88.784536,71.50881
2579,4,1,2025-09-06,Finland,Serbia,91.214857,99.518449
2580,1,1,2025-09-06,Turkey,Sweden,85.287798,49.331595
2580,2,1,2025-09-06,Germany,Portugal,98.383576,59.28954
2580,3,1,2025-09-06,Latvia,Lithuania,58.947201,87.146152
2580,4,1,2025-09-06,Finland,Serbia,88.959546,87.478506
2581,1,1,2025-09-06,Turkey,Sweden,87.092536,70.686863
2581,2,1,2025-09-06,Germany,Portugal,80.228437,55.471759
2581,3,1,2025-09-06,Latvia,Lithuania,91.859646,74.816794
2581,4,1,2025-09-06,Finland,Serbia,104.26762,91.252211
2582,1,1,2025-09-06,Turkey,Sweden,71.973735,67.296664
2582,2,1,2025-09-06,Germany,Portugal,86.509646,60.180618
2582,3,1,2025-09-06,Latvia,Lithuania,65.843106,99.002541
2582,4,1,2025-09-06,Finland,Serbia,88.539267,92.054296
2583,1,1,2025-09-06,Turkey,Sweden,99.280112,71.758448
2583,2,1,2025-09-06,Germany,Portugal,87.370208,75.293309
2583,3,1,2025-09-06,Latvia,Lithuania,94.2475,73.808305
2583,4,1,2025-09-06,Finland,Serbia,98.027603,95.85166
2584,1,1,2025-09-06,Turkey,Sweden,121.24936,102.65624
2584,2,1,2025-09-06,Germany,Portugal,76.058706,75.900259
2584,3,1,2025-09-06,Latvia,Lithuania,86.958175,67.784841
2584,4,1,2025-09-06,Finland,Serbia,69.676929,97.026069
2585,1,1,2025-09-06,Turkey,Sweden,84.945125,76.297248
2585,2,1,2025-09-06,Germany,Portugal,112.90864,82.437637
2585,3,1,2025-09-06,Latvia,Lithuania,111.91948,83.678322
2585,4,1,2025-09-06,Finland,Serbia,68.689035,92.784525
2586,1,1,2025-09-06,Turkey,Sweden,94.689504,65.354719
2586,2,1,2025-09-06,Germany,Portugal,125.69525,64.994333
2586,3,1,2025-09-06,Latvia,Lithuania,95.76024,77.796536
2586,4,1,2025-09-06,Finland,Serbia,88.983069,76.779913
2587,1,1,2025-09-06,Turkey,Sweden,88.848623,62.542854
2587,2,1,2025-09-06,Germany,Portugal,111.79273,61.49761
2587,3,1,2025-09-06,Latvia,Lithuania,94.705013,65.992247
2587,4,1,2025-09-06,Finland,Serbia,85.754806,110.53946
2588,1,1,2025-09-06,Turkey,Sweden,72.673092,71.307209
2588,2,1,2025-09-06,Germany,Portugal,85.315304,47.943843
2588,3,1,2025-09-06,Latvia,Lithuania,96.753229,69.028541
2588,4,1,2025-09-06,Finland,Serbia,89.228333,68.429646
2589,1,1,2025-09-06,Turkey,Sweden,89.854595,72.261442
2589,2,1,2025-09-06,Germany,Portugal,91.77029,70.142235
2589,3,1,2025-09-06,Latvia,Lithuania,74.079906,69.38833
2589,4,1,2025-09-06,Finland,Serbia,61.010253,62.741461
2590,1,1,2025-09-06,Turkey,Sweden,109.03691,75.188462
2590,2,1,2025-09-06,Germany,Portugal,91.607588,70.022084
2590,3,1,2025-09-06,Latvia,Lithuania,86.948574,68.716893
2590,4,1,2025-09-06,Finland,Serbia,72.049746,93.477891
2591,1,1,2025-09-06,Turkey,Sweden,102.65161,72.922191
2591,2,1,2025-09-06,Germany,Portugal,96.803293,66.029693
2591,3,1,2025-09-06,Latvia,Lithuania,89.880383,60.552941
2591,4,1,2025-09-06,Finland,Serbia,94.233038,89.425419
2592,1,1,2025-09-06,Turkey,Sweden,108.15583,82.809739
2592,2,1,2025-09-06,Germany,Portugal,90.191618,78.269015
2592,3,1,2025-09-06,Latvia,Lithuania,84.423014,96.503231
2592,4,1,2025-09-06,Finland,Serbia,66.430002,77.360585
2593,1,1,2025-09-06,Turkey,Sweden,100.64942,77.357058
2593,2,1,2025-09-06,Germany,Portugal,98.951925,61.588813
2593,3,1,2025-09-06,Latvia,Lithuania,81.110602,93.950141
2593,4,1,2025-09-06,Finland,Serbia,88.549828,87.809187
2594,1,1,2025-09-06,Turkey,Sweden,91.288196,79.985012
2594,2,1,2025-09-06,Germany,Portugal,102.23415,61.86199
2594,3,1,2025-09-06,Latvia,Lithuania,63.574464999999996,72.050242
2594,4,1,2025-09-06,Finland,Serbia,72.660116,72.487121
2595,1,1,2025-09-06,Turkey,Sweden,114.51992,76.363968
2595,2,1,2025-09-06,Germany,Portugal,90.286997,58.658531
2595,3,1,2025-09-06,Latvia,Lithuania,99.794954,98.412261
2595,4,1,2025-09-06,Finland,Serbia,78.114529,87.536391
2596,1,1,2025-09-06,Turkey,Sweden,87.70286,67.808223
2596,2,1,2025-09-06,Germany,Portugal,90.573473,61.568112
2596,3,1,2025-09-06,Latvia,Lithuania,76.93726,76.009982
2596,4,1,2025-09-06,Finland,Serbia,85.696373,79.023912
2597,1,1,2025-09-06,Turkey,Sweden,95.536301,76.327215
2597,2,1,2025-09-06,Germany,Portugal,94.545895,59.76173
2597,3,1,2025-09-06,Latvia,Lithuania,73.106076,92.955912
2597,4,1,2025-09-06,Finland,Serbia,86.703328,86.998897
2598,1,1,2025-09-06,Turkey,Sweden,84.161172,73.179859
2598,2,1,2025-09-06,Germany,Portugal,93.266136,57.889181
2598,3,1,2025-09-06,Latvia,Lithuania,86.21029,66.486449
2598,4,1,2025-09-06,Finland,Serbia,86.702917,96.485227
2599,1,1,2025-09-06,Turkey,Sweden,91.503954,77.745834
2599,2,1,2025-09-06,Germany,Portugal,110.30099,71.807313
2599,3,1,2025-09-06,Latvia,Lithuania,85.005756,88.066313
2599,4,1,2025-09-06,Finland,Serbia,82.438782,85.127963
2600,1,1,2025-09-06,Turkey,Sweden,90.365623,54.762817
2600,2,1,2025-09-06,Germany,Portugal,104.35564,63.994183
2600,3,1,2025-09-06,Latvia,Lithuania,83.524268,89.713538
2600,4,1,2025-09-06,Finland,Serbia,92.474415,93.501159
2601,1,1,2025-09-06,Turkey,Sweden,89.323175,80.31771
2601,2,1,2025-09-06,Germany,Portugal,96.494499,51.731151
2601,3,1,2025-09-06,Latvia,Lithuania,70.208119,77.111802
2601,4,1,2025-09-06,Finland,Serbia,104.28608,85.129652
2602,1,1,2025-09-06,Turkey,Sweden,91.248842,81.014265
2602,2,1,2025-09-06,Germany,Portugal,99.502707,56.10412
2602,3,1,2025-09-06,Latvia,Lithuania,96.639038,76.004976
2602,4,1,2025-09-06,Finland,Serbia,73.238119,77.595029
2603,1,1,2025-09-06,Turkey,Sweden,102.02413,69.438715
2603,2,1,2025-09-06,Germany,Portugal,97.782406,53.342555
2603,3,1,2025-09-06,Latvia,Lithuania,80.840465,66.488393
2603,4,1,2025-09-06,Finland,Serbia,81.402353,78.212618
2604,1,1,2025-09-06,Turkey,Sweden,96.078039,74.207984
2604,2,1,2025-09-06,Germany,Portugal,88.276783,68.528588
2604,3,1,2025-09-06,Latvia,Lithuania,86.845953,66.477009
2604,4,1,2025-09-06,Finland,Serbia,96.591679,115.36617
2605,1,1,2025-09-06,Turkey,Sweden,90.401378,82.985257
2605,2,1,2025-09-06,Germany,Portugal,119.19372,81.94624
2605,3,1,2025-09-06,Latvia,Lithuania,86.651004,50.194972
2605,4,1,2025-09-06,Finland,Serbia,86.323856,84.894541
2606,1,1,2025-09-06,Turkey,Sweden,102.30446,88.54935
2606,2,1,2025-09-06,Germany,Portugal,100.2239,77.711132
2606,3,1,2025-09-06,Latvia,Lithuania,96.859617,89.404237
2606,4,1,2025-09-06,Finland,Serbia,101.60689,89.927285
2607,1,1,2025-09-06,Turkey,Sweden,86.353728,98.372152
2607,2,1,2025-09-06,Germany,Portugal,89.679944,59.365841
2607,3,1,2025-09-06,Latvia,Lithuania,80.770604,76.496589
2607,4,1,2025-09-06,Finland,Serbia,92.32966,90.758557
2608,1,1,2025-09-06,Turkey,Sweden,96.586532,76.263855
2608,2,1,2025-09-06,Germany,Portugal,78.534873,61.532894
2608,3,1,2025-09-06,Latvia,Lithuania,84.375522,90.91556
2608,4,1,2025-09-06,Finland,Serbia,87.944394,87.37473
2609,1,1,2025-09-06,Turkey,Sweden,95.798688,116.88046
2609,2,1,2025-09-06,Germany,Portugal,103.69028,55.837446
2609,3,1,2025-09-06,Latvia,Lithuania,84.426812,105.00733
2609,4,1,2025-09-06,Finland,Serbia,93.654044,115.44864
2610,1,1,2025-09-06,Turkey,Sweden,86.330658,72.072497
2610,2,1,2025-09-06,Germany,Portugal,81.348078,56.208269
2610,3,1,2025-09-06,Latvia,Lithuania,103.43222,87.966598
2610,4,1,2025-09-06,Finland,Serbia,90.840435,82.829779
2611,1,1,2025-09-06,Turkey,Sweden,90.645365,77.203982
2611,2,1,2025-09-06,Germany,Portugal,79.803056,48.348883
2611,3,1,2025-09-06,Latvia,Lithuania,88.120593,79.374695
2611,4,1,2025-09-06,Finland,Serbia,97.87516,98.846038
2612,1,1,2025-09-06,Turkey,Sweden,66.007014,88.949279
2612,2,1,2025-09-06,Germany,Portugal,92.386192,61.749146
2612,3,1,2025-09-06,Latvia,Lithuania,90.787131,69.673943
2612,4,1,2025-09-06,Finland,Serbia,86.419587,92.654155
2613,1,1,2025-09-06,Turkey,Sweden,85.230421,72.521843
2613,2,1,2025-09-06,Germany,Portugal,89.285521,81.974178
2613,3,1,2025-09-06,Latvia,Lithuania,74.41793,77.271191
2613,4,1,2025-09-06,Finland,Serbia,92.831317,87.64763
2614,1,1,2025-09-06,Turkey,Sweden,92.371989,78.743245
2614,2,1,2025-09-06,Germany,Portugal,97.719711,64.890259
2614,3,1,2025-09-06,Latvia,Lithuania,96.517044,85.087235
2614,4,1,2025-09-06,Finland,Serbia,86.844078,110.397
2615,1,1,2025-09-06,Turkey,Sweden,69.251962,70.959984
2615,2,1,2025-09-06,Germany,Portugal,90.950098,67.765188
2615,3,1,2025-09-06,Latvia,Lithuania,92.823482,94.658839
2615,4,1,2025-09-06,Finland,Serbia,82.412448,89.009301
2616,1,1,2025-09-06,Turkey,Sweden,79.886426,84.262153
2616,2,1,2025-09-06,Germany,Portugal,115.74037,58.481605
2616,3,1,2025-09-06,Latvia,Lithuania,78.108294,76.741448
2616,4,1,2025-09-06,Finland,Serbia,79.373725,75.346043
2617,1,1,2025-09-06,Turkey,Sweden,100.24662,83.237646
2617,2,1,2025-09-06,Germany,Portugal,83.405271,63.921656
2617,3,1,2025-09-06,Latvia,Lithuania,94.702299,94.018873
2617,4,1,2025-09-06,Finland,Serbia,100.07697,92.100319
2618,1,1,2025-09-06,Turkey,Sweden,67.354711,62.794966
2618,2,1,2025-09-06,Germany,Portugal,105.16668,55.260503
2618,3,1,2025-09-06,Latvia,Lithuania,93.9915,75.529562
2618,4,1,2025-09-06,Finland,Serbia,87.9494,112.64723
2619,1,1,2025-09-06,Turkey,Sweden,101.36551,76.372741
2619,2,1,2025-09-06,Germany,Portugal,93.337048,60.724028
2619,3,1,2025-09-06,Latvia,Lithuania,93.220307,82.299046
2619,4,1,2025-09-06,Finland,Serbia,88.204256,98.311404
2620,1,1,2025-09-06,Turkey,Sweden,84.547654,81.101906
2620,2,1,2025-09-06,Germany,Portugal,92.724671,77.617049
2620,3,1,2025-09-06,Latvia,Lithuania,109.8429,82.422784
2620,4,1,2025-09-06,Finland,Serbia,99.885401,82.680272
2621,1,1,2025-09-06,Turkey,Sweden,69.721436,86.44363
2621,2,1,2025-09-06,Germany,Portugal,95.177339,57.63806
2621,3,1,2025-09-06,Latvia,Lithuania,81.490152,71.600224
2621,4,1,2025-09-06,Finland,Serbia,100.89703,103.84736
2622,1,1,2025-09-06,Turkey,Sweden,71.199238,78.787778
2622,2,1,2025-09-06,Germany,Portugal,86.352457,68.950594
2622,3,1,2025-09-06,Latvia,Lithuania,89.262516,90.436328
2622,4,1,2025-09-06,Finland,Serbia,78.164232,107.89199
2623,1,1,2025-09-06,Turkey,Sweden,77.755113,61.603862
2623,2,1,2025-09-06,Germany,Portugal,93.866327,58.943699
2623,3,1,2025-09-06,Latvia,Lithuania,76.363053,82.445053
2623,4,1,2025-09-06,Finland,Serbia,108.09287,92.399635
2624,1,1,2025-09-06,Turkey,Sweden,102.68016,84.949556
2624,2,1,2025-09-06,Germany,Portugal,85.009588,44.407022
2624,3,1,2025-09-06,Latvia,Lithuania,79.118218,83.821896
2624,4,1,2025-09-06,Finland,Serbia,96.118069,81.023716
2625,1,1,2025-09-06,Turkey,Sweden,79.092632,80.282646
2625,2,1,2025-09-06,Germany,Portugal,64.732202,59.779659
2625,3,1,2025-09-06,Latvia,Lithuania,69.485095,76.323923
2625,4,1,2025-09-06,Finland,Serbia,64.41536,79.706181
2626,1,1,2025-09-06,Turkey,Sweden,72.722036,82.494406
2626,2,1,2025-09-06,Germany,Portugal,83.747346,64.157125
2626,3,1,2025-09-06,Latvia,Lithuania,97.159504,72.45635
2626,4,1,2025-09-06,Finland,Serbia,91.224239,82.692062
2627,1,1,2025-09-06,Turkey,Sweden,106.7656,79.211902
2627,2,1,2025-09-06,Germany,Portugal,110.66144,66.484431
2627,3,1,2025-09-06,Latvia,Lithuania,72.180534,72.89536
2627,4,1,2025-09-06,Finland,Serbia,92.602535,89.546964
2628,1,1,2025-09-06,Turkey,Sweden,93.175508,66.721494
2628,2,1,2025-09-06,Germany,Portugal,89.212081,56.108825
2628,3,1,2025-09-06,Latvia,Lithuania,92.884424,88.990531
2628,4,1,2025-09-06,Finland,Serbia,76.98391,91.673326
2629,1,1,2025-09-06,Turkey,Sweden,85.672525,89.508835
2629,2,1,2025-09-06,Germany,Portugal,87.869052,67.681017
2629,3,1,2025-09-06,Latvia,Lithuania,92.509351,75.756284
2629,4,1,2025-09-06,Finland,Serbia,86.226489,100.53234
2630,1,1,2025-09-06,Turkey,Sweden,102.24874,84.426131
2630,2,1,2025-09-06,Germany,Portugal,96.381086,67.9576
2630,3,1,2025-09-06,Latvia,Lithuania,86.978939,86.204859
2630,4,1,2025-09-06,Finland,Serbia,87.451087,103.58509
2631,1,1,2025-09-06,Turkey,Sweden,97.761533,82.789692
2631,2,1,2025-09-06,Germany,Portugal,106.22597,65.905467
2631,3,1,2025-09-06,Latvia,Lithuania,72.433031,80.625724
2631,4,1,2025-09-06,Finland,Serbia,86.517342,84.553788
2632,1,1,2025-09-06,Turkey,Sweden,73.230241,84.495075
2632,2,1,2025-09-06,Germany,Portugal,84.866736,50.274541
2632,3,1,2025-09-06,Latvia,Lithuania,82.337962,89.445713
2632,4,1,2025-09-06,Finland,Serbia,79.336147,94.631321
2633,1,1,2025-09-06,Turkey,Sweden,91.545897,72.740227
2633,2,1,2025-09-06,Germany,Portugal,90.485423,55.874303
2633,3,1,2025-09-06,Latvia,Lithuania,94.813689,64.250751
2633,4,1,2025-09-06,Finland,Serbia,80.641572,96.35912
2634,1,1,2025-09-06,Turkey,Sweden,85.402046,80.551982
2634,2,1,2025-09-06,Germany,Portugal,97.656215,59.979423
2634,3,1,2025-09-06,Latvia,Lithuania,92.509895,71.015258
2634,4,1,2025-09-06,Finland,Serbia,95.274513,62.140599
2635,1,1,2025-09-06,Turkey,Sweden,96.066133,61.529179
2635,2,1,2025-09-06,Germany,Portugal,81.88201,57.04057
2635,3,1,2025-09-06,Latvia,Lithuania,79.958451,67.672986
2635,4,1,2025-09-06,Finland,Serbia,118.83918,106.38013
2636,1,1,2025-09-06,Turkey,Sweden,91.639652,66.263444
2636,2,1,2025-09-06,Germany,Portugal,69.66842,57.945322
2636,3,1,2025-09-06,Latvia,Lithuania,63.759414,104.33671
2636,4,1,2025-09-06,Finland,Serbia,92.460928,92.285512
2637,1,1,2025-09-06,Turkey,Sweden,86.195024,86.551547
2637,2,1,2025-09-06,Germany,Portugal,115.39039,60.516325
2637,3,1,2025-09-06,Latvia,Lithuania,46.076107,65.534581
2637,4,1,2025-09-06,Finland,Serbia,71.500916,88.510652
2638,1,1,2025-09-06,Turkey,Sweden,86.804555,64.296193
2638,2,1,2025-09-06,Germany,Portugal,82.461988,55.432778
2638,3,1,2025-09-06,Latvia,Lithuania,104.56375,80.015107
2638,4,1,2025-09-06,Finland,Serbia,100.23723,97.455197
2639,1,1,2025-09-06,Turkey,Sweden,102.49667,72.314845
2639,2,1,2025-09-06,Germany,Portugal,94.376042,64.089683
2639,3,1,2025-09-06,Latvia,Lithuania,93.036113,75.259134
2639,4,1,2025-09-06,Finland,Serbia,85.19427,81.459803
2640,1,1,2025-09-06,Turkey,Sweden,75.536997,93.468784
2640,2,1,2025-09-06,Germany,Portugal,85.24409,60.449205
2640,3,1,2025-09-06,Latvia,Lithuania,84.151825,91.331203
2640,4,1,2025-09-06,Finland,Serbia,79.802296,97.217771
2641,1,1,2025-09-06,Turkey,Sweden,77.151729,75.912749
2641,2,1,2025-09-06,Germany,Portugal,63.595345,65.387575
2641,3,1,2025-09-06,Latvia,Lithuania,98.774818,79.718985
2641,4,1,2025-09-06,Finland,Serbia,102.79932,110.21166
2642,1,1,2025-09-06,Turkey,Sweden,91.983564,81.717017
2642,2,1,2025-09-06,Germany,Portugal,84.943158,57.153725
2642,3,1,2025-09-06,Latvia,Lithuania,88.314645,89.475771
2642,4,1,2025-09-06,Finland,Serbia,96.785373,109.076
2643,1,1,2025-09-06,Turkey,Sweden,106.89858,67.130957
2643,2,1,2025-09-06,Germany,Portugal,88.36147,75.87918
2643,3,1,2025-09-06,Latvia,Lithuania,96.731582,94.536929
2643,4,1,2025-09-06,Finland,Serbia,83.965134,97.511318
2644,1,1,2025-09-06,Turkey,Sweden,91.961062,71.899999
2644,2,1,2025-09-06,Germany,Portugal,84.150954,67.042427
2644,3,1,2025-09-06,Latvia,Lithuania,98.668295,91.984583
2644,4,1,2025-09-06,Finland,Serbia,81.85732,85.632244
2645,1,1,2025-09-06,Turkey,Sweden,92.604942,76.592422
2645,2,1,2025-09-06,Germany,Portugal,91.69284,65.743362
2645,3,1,2025-09-06,Latvia,Lithuania,84.391665,85.487003
2645,4,1,2025-09-06,Finland,Serbia,76.796109,90.948692
2646,1,1,2025-09-06,Turkey,Sweden,77.845374,78.604776
2646,2,1,2025-09-06,Germany,Portugal,83.775184,59.015861
2646,3,1,2025-09-06,Latvia,Lithuania,91.639095,90.616112
2646,4,1,2025-09-06,Finland,Serbia,107.97631,109.10626
2647,1,1,2025-09-06,Turkey,Sweden,97.583481,85.162579
2647,2,1,2025-09-06,Germany,Portugal,93.195832,49.40067
2647,3,1,2025-09-06,Latvia,Lithuania,85.714771,80.673125
2647,4,1,2025-09-06,Finland,Serbia,88.581416,91.243529
2648,1,1,2025-09-06,Turkey,Sweden,103.77148,82.386861
2648,2,1,2025-09-06,Germany,Portugal,86.977234,58.697887
2648,3,1,2025-09-06,Latvia,Lithuania,107.75224,92.561062
2648,4,1,2025-09-06,Finland,Serbia,105.90456,90.358395
2649,1,1,2025-09-06,Turkey,Sweden,82.708992,93.529559
2649,2,1,2025-09-06,Germany,Portugal,78.409921,61.29234
2649,3,1,2025-09-06,Latvia,Lithuania,99.907081,105.18244
2649,4,1,2025-09-06,Finland,Serbia,78.424243,101.80558
2650,1,1,2025-09-06,Turkey,Sweden,88.035973,93.177688
2650,2,1,2025-09-06,Germany,Portugal,82.275826,72.894105
2650,3,1,2025-09-06,Latvia,Lithuania,79.08416,84.262163
2650,4,1,2025-09-06,Finland,Serbia,73.989812,100.01339
2651,1,1,2025-09-06,Turkey,Sweden,93.249807,57.556456
2651,2,1,2025-09-06,Germany,Portugal,104.11733,76.443069
2651,3,1,2025-09-06,Latvia,Lithuania,76.740233,78.938053
2651,4,1,2025-09-06,Finland,Serbia,64.229293,73.466283
2652,1,1,2025-09-06,Turkey,Sweden,88.33062,62.3277
2652,2,1,2025-09-06,Germany,Portugal,110.40587,71.951493
2652,3,1,2025-09-06,Latvia,Lithuania,97.868901,80.349772
2652,4,1,2025-09-06,Finland,Serbia,92.463736,96.583155
2653,1,1,2025-09-06,Turkey,Sweden,85.427617,85.853199
2653,2,1,2025-09-06,Germany,Portugal,77.79646,69.72425
2653,3,1,2025-09-06,Latvia,Lithuania,68.175035,80.728052
2653,4,1,2025-09-06,Finland,Serbia,88.126665,73.706619
2654,1,1,2025-09-06,Turkey,Sweden,83.147546,73.302728
2654,2,1,2025-09-06,Germany,Portugal,68.985175,57.423269
2654,3,1,2025-09-06,Latvia,Lithuania,76.477835,85.801623
2654,4,1,2025-09-06,Finland,Serbia,90.378687,80.600406
2655,1,1,2025-09-06,Turkey,Sweden,94.912998,87.753761
2655,2,1,2025-09-06,Germany,Portugal,90.357371,68.774773
2655,3,1,2025-09-06,Latvia,Lithuania,100.51823,88.693464
2655,4,1,2025-09-06,Finland,Serbia,95.355644,86.485294
2656,1,1,2025-09-06,Turkey,Sweden,92.362481,80.738602
2656,2,1,2025-09-06,Germany,Portugal,88.643719,74.526039
2656,3,1,2025-09-06,Latvia,Lithuania,85.160445,88.613682
2656,4,1,2025-09-06,Finland,Serbia,83.168234,97.046555
2657,1,1,2025-09-06,Turkey,Sweden,88.495522,87.893009
2657,2,1,2025-09-06,Germany,Portugal,98.490487,64.747802
2657,3,1,2025-09-06,Latvia,Lithuania,83.418629,73.563357
2657,4,1,2025-09-06,Finland,Serbia,94.722605,112.36534
2658,1,1,2025-09-06,Turkey,Sweden,94.039743,57.728275
2658,2,1,2025-09-06,Germany,Portugal,87.362721,44.277337
2658,3,1,2025-09-06,Latvia,Lithuania,85.313998,57.880889
2658,4,1,2025-09-06,Finland,Serbia,85.327033,101.56126
2659,1,1,2025-09-06,Turkey,Sweden,91.198196,60.829391
2659,2,1,2025-09-06,Germany,Portugal,71.352769,65.197524
2659,3,1,2025-09-06,Latvia,Lithuania,81.17222,80.298568
2659,4,1,2025-09-06,Finland,Serbia,88.814565,101.31936
2660,1,1,2025-09-06,Turkey,Sweden,85.598841,75.974761
2660,2,1,2025-09-06,Germany,Portugal,92.29423,66.063239
2660,3,1,2025-09-06,Latvia,Lithuania,83.422997,72.408556
2660,4,1,2025-09-06,Finland,Serbia,86.749843,68.981176
2661,1,1,2025-09-06,Turkey,Sweden,94.185423,83.587855
2661,2,1,2025-09-06,Germany,Portugal,98.517005,69.317121
2661,3,1,2025-09-06,Latvia,Lithuania,62.187429,87.570712
2661,4,1,2025-09-06,Finland,Serbia,91.375996,111.05779
2662,1,1,2025-09-06,Turkey,Sweden,110.5843,80.148391
2662,2,1,2025-09-06,Germany,Portugal,78.92915,60.243649
2662,3,1,2025-09-06,Latvia,Lithuania,77.17672,68.755571
2662,4,1,2025-09-06,Finland,Serbia,70.003745,64.342517
2663,1,1,2025-09-06,Turkey,Sweden,101.59254,70.772
2663,2,1,2025-09-06,Germany,Portugal,108.03776,67.317309
2663,3,1,2025-09-06,Latvia,Lithuania,81.60704,81.753917
2663,4,1,2025-09-06,Finland,Serbia,81.600115,102.50629
2664,1,1,2025-09-06,Turkey,Sweden,81.812408,81.265462
2664,2,1,2025-09-06,Germany,Portugal,86.420276,80.844338
2664,3,1,2025-09-06,Latvia,Lithuania,95.056097,74.758358
2664,4,1,2025-09-06,Finland,Serbia,96.6361,93.860371
2665,1,1,2025-09-06,Turkey,Sweden,63.394042,82.619993
2665,2,1,2025-09-06,Germany,Portugal,98.605543,91.185204
2665,3,1,2025-09-06,Latvia,Lithuania,77.398233,97.379768
2665,4,1,2025-09-06,Finland,Serbia,88.836224,87.061661
2666,1,1,2025-09-06,Turkey,Sweden,79.580582,84.954811
2666,2,1,2025-09-06,Germany,Portugal,101.29848,73.059207
2666,3,1,2025-09-06,Latvia,Lithuania,76.955163,67.317296
2666,4,1,2025-09-06,Finland,Serbia,84.809934,93.922902
2667,1,1,2025-09-06,Turkey,Sweden,85.071332,75.303552
2667,2,1,2025-09-06,Germany,Portugal,100.36327,63.457878
2667,3,1,2025-09-06,Latvia,Lithuania,74.249211,76.214902
2667,4,1,2025-09-06,Finland,Serbia,92.198388,96.503484
2668,1,1,2025-09-06,Turkey,Sweden,78.419337,81.223421
2668,2,1,2025-09-06,Germany,Portugal,71.441856,43.153359
2668,3,1,2025-09-06,Latvia,Lithuania,60.129318,76.531557
2668,4,1,2025-09-06,Finland,Serbia,106.89697,92.314459
2669,1,1,2025-09-06,Turkey,Sweden,87.74325,70.551299
2669,2,1,2025-09-06,Germany,Portugal,97.959107,70.226235
2669,3,1,2025-09-06,Latvia,Lithuania,77.841676,86.515538
2669,4,1,2025-09-06,Finland,Serbia,99.149391,105.74408
2670,1,1,2025-09-06,Turkey,Sweden,86.574413,75.693519
2670,2,1,2025-09-06,Germany,Portugal,86.085335,63.574917
2670,3,1,2025-09-06,Latvia,Lithuania,88.478104,95.651575
2670,4,1,2025-09-06,Finland,Serbia,90.574442,89.28245
2671,1,1,2025-09-06,Turkey,Sweden,92.150255,79.720796000000007
2671,2,1,2025-09-06,Germany,Portugal,91.169038,53.633566
2671,3,1,2025-09-06,Latvia,Lithuania,110.68025,86.939026
2671,4,1,2025-09-06,Finland,Serbia,106.26143,79.092026
2672,1,1,2025-09-06,Turkey,Sweden,84.095756,93.313603
2672,2,1,2025-09-06,Germany,Portugal,101.13161,86.063342
2672,3,1,2025-09-06,Latvia,Lithuania,97.163545,70.153551
2672,4,1,2025-09-06,Finland,Serbia,82.089974,91.63383
2673,1,1,2025-09-06,Turkey,Sweden,71.2994,74.607953
2673,2,1,2025-09-06,Germany,Portugal,95.545436,66.818746
2673,3,1,2025-09-06,Latvia,Lithuania,84.297799,90.302082
2673,4,1,2025-09-06,Finland,Serbia,89.955971,69.548339
2674,1,1,2025-09-06,Turkey,Sweden,77.500391,79.963535
2674,2,1,2025-09-06,Germany,Portugal,91.072444,76.041566
2674,3,1,2025-09-06,Latvia,Lithuania,93.784327,81.855497
2674,4,1,2025-09-06,Finland,Serbia,86.295784,96.558479
2675,1,1,2025-09-06,Turkey,Sweden,73.547175,65.585752
2675,2,1,2025-09-06,Germany,Portugal,81.92097,76.052664
2675,3,1,2025-09-06,Latvia,Lithuania,107.95319,94.95251
2675,4,1,2025-09-06,Finland,Serbia,101.39467,104.03471
2676,1,1,2025-09-06,Turkey,Sweden,88.043459,77.339948
2676,2,1,2025-09-06,Germany,Portugal,86.643607,71.944904
2676,3,1,2025-09-06,Latvia,Lithuania,95.735152,95.601058
2676,4,1,2025-09-06,Finland,Serbia,95.143852999999993,83.646689
2677,1,1,2025-09-06,Turkey,Sweden,76.527922,85.537388000000007
2677,2,1,2025-09-06,Germany,Portugal,103.38996,75.188439
2677,3,1,2025-09-06,Latvia,Lithuania,94.467092,90.509403
2677,4,1,2025-09-06,Finland,Serbia,84.073852,92.830298
2678,1,1,2025-09-06,Turkey,Sweden,95.268168,89.339098
2678,2,1,2025-09-06,Germany,Portugal,102.72817,55.413552
2678,3,1,2025-09-06,Latvia,Lithuania,94.033276,103.56317
2678,4,1,2025-09-06,Finland,Serbia,86.144246,94.699808
2679,1,1,2025-09-06,Turkey,Sweden,64.374324,63.36524
2679,2,1,2025-09-06,Germany,Portugal,89.235089,70.46492
2679,3,1,2025-09-06,Latvia,Lithuania,76.358283,77.941409
2679,4,1,2025-09-06,Finland,Serbia,98.90055,90.569221
2680,1,1,2025-09-06,Turkey,Sweden,87.299631,74.289744
2680,2,1,2025-09-06,Germany,Portugal,75.882757,46.174666
2680,3,1,2025-09-06,Latvia,Lithuania,86.039761,92.581578
2680,4,1,2025-09-06,Finland,Serbia,87.039493,99.850331
2681,1,1,2025-09-06,Turkey,Sweden,97.442,85.704873
2681,2,1,2025-09-06,Germany,Portugal,78.345835,47.846429
2681,3,1,2025-09-06,Latvia,Lithuania,77.966252,83.241178
2681,4,1,2025-09-06,Finland,Serbia,77.090457,78.750991
2682,1,1,2025-09-06,Turkey,Sweden,96.113644,85.427782
2682,2,1,2025-09-06,Germany,Portugal,83.9228,47.541241
2682,3,1,2025-09-06,Latvia,Lithuania,79.948173,91.541001
2682,4,1,2025-09-06,Finland,Serbia,102.05074,110.14589
2683,1,1,2025-09-06,Turkey,Sweden,89.847387,75.465507
2683,2,1,2025-09-06,Germany,Portugal,95.639341,70.174119
2683,3,1,2025-09-06,Latvia,Lithuania,68.017748,90.276034
2683,4,1,2025-09-06,Finland,Serbia,95.623701,110.84645
2684,1,1,2025-09-06,Turkey,Sweden,105.01437,79.358839
2684,2,1,2025-09-06,Germany,Portugal,106.89996,70.501726
2684,3,1,2025-09-06,Latvia,Lithuania,84.325412,75.149817
2684,4,1,2025-09-06,Finland,Serbia,102.20247,84.748076
2685,1,1,2025-09-06,Turkey,Sweden,98.824537,74.515425
2685,2,1,2025-09-06,Germany,Portugal,117.8881,78.161685
2685,3,1,2025-09-06,Latvia,Lithuania,78.902822,83.414146
2685,4,1,2025-09-06,Finland,Serbia,94.684456,104.52454
2686,1,1,2025-09-06,Turkey,Sweden,84.652512,86.015269
2686,2,1,2025-09-06,Germany,Portugal,98.285491,60.700967
2686,3,1,2025-09-06,Latvia,Lithuania,84.121507,96.976768
2686,4,1,2025-09-06,Finland,Serbia,103.78458,81.287836
2687,1,1,2025-09-06,Turkey,Sweden,96.783864,66.92502
2687,2,1,2025-09-06,Germany,Portugal,98.876856,56.033371
2687,3,1,2025-09-06,Latvia,Lithuania,80.080613,93.450635
2687,4,1,2025-09-06,Finland,Serbia,76.392202,89.430839
2688,1,1,2025-09-06,Turkey,Sweden,87.088633,99.34267
2688,2,1,2025-09-06,Germany,Portugal,81.404828,61.676829
2688,3,1,2025-09-06,Latvia,Lithuania,84.969733,86.063006
2688,4,1,2025-09-06,Finland,Serbia,92.091906,104.34477
2689,1,1,2025-09-06,Turkey,Sweden,100.69126,75.61037
2689,2,1,2025-09-06,Germany,Portugal,105.73721,73.192815
2689,3,1,2025-09-06,Latvia,Lithuania,93.107238,103.23444
2689,4,1,2025-09-06,Finland,Serbia,78.076635,96.895694
2690,1,1,2025-09-06,Turkey,Sweden,79.810987,87.962772
2690,2,1,2025-09-06,Germany,Portugal,74.849291,58.800292
2690,3,1,2025-09-06,Latvia,Lithuania,87.074799,80.658941
2690,4,1,2025-09-06,Finland,Serbia,101.93354,102.07626
2691,1,1,2025-09-06,Turkey,Sweden,86.317589,74.501941
2691,2,1,2025-09-06,Germany,Portugal,88.444071,52.983936
2691,3,1,2025-09-06,Latvia,Lithuania,91.968753,88.413983
2691,4,1,2025-09-06,Finland,Serbia,90.718012,89.38118
2692,1,1,2025-09-06,Turkey,Sweden,79.114192,77.053354
2692,2,1,2025-09-06,Germany,Portugal,84.209973,63.202793
2692,3,1,2025-09-06,Latvia,Lithuania,93.866737,68.169717
2692,4,1,2025-09-06,Finland,Serbia,85.485029,89.775705
2693,1,1,2025-09-06,Turkey,Sweden,95.646675,80.738544
2693,2,1,2025-09-06,Germany,Portugal,94.770383,61.784653
2693,3,1,2025-09-06,Latvia,Lithuania,75.555265,87.630278
2693,4,1,2025-09-06,Finland,Serbia,67.86263,87.764858
2694,1,1,2025-09-06,Turkey,Sweden,94.768498,73.602376
2694,2,1,2025-09-06,Germany,Portugal,102.28392,44.011143
2694,3,1,2025-09-06,Latvia,Lithuania,68.523577,81.482089
2694,4,1,2025-09-06,Finland,Serbia,89.537298,103.13923
2695,1,1,2025-09-06,Turkey,Sweden,84.880785,80.181878
2695,2,1,2025-09-06,Germany,Portugal,67.012621,49.88651
2695,3,1,2025-09-06,Latvia,Lithuania,93.631831,86.169308
2695,4,1,2025-09-06,Finland,Serbia,75.25775,96.160189
2696,1,1,2025-09-06,Turkey,Sweden,65.876138,73.978848
2696,2,1,2025-09-06,Germany,Portugal,113.08487,65.621905
2696,3,1,2025-09-06,Latvia,Lithuania,72.229937,76.137988000000007
2696,4,1,2025-09-06,Finland,Serbia,99.756839,100.27962
2697,1,1,2025-09-06,Turkey,Sweden,100.2994,75.013489
2697,2,1,2025-09-06,Germany,Portugal,53.792765,33.547581
2697,3,1,2025-09-06,Latvia,Lithuania,90.920049,82.789115
2697,4,1,2025-09-06,Finland,Serbia,100.42119,99.532641
2698,1,1,2025-09-06,Turkey,Sweden,109.14722,86.266299
2698,2,1,2025-09-06,Germany,Portugal,91.217305,63.442926
2698,3,1,2025-09-06,Latvia,Lithuania,81.691049,97.960833
2698,4,1,2025-09-06,Finland,Serbia,88.546702,91.944408
2699,1,1,2025-09-06,Turkey,Sweden,77.666456,67.097789
2699,2,1,2025-09-06,Germany,Portugal,93.977356,75.456018
2699,3,1,2025-09-06,Latvia,Lithuania,116.18948,109.39416
2699,4,1,2025-09-06,Finland,Serbia,99.937093,79.616206
2700,1,1,2025-09-06,Turkey,Sweden,98.890988,68.857321
2700,2,1,2025-09-06,Germany,Portugal,94.182292,66.492949
2700,3,1,2025-09-06,Latvia,Lithuania,101.98263,84.802459
2700,4,1,2025-09-06,Finland,Serbia,87.487098,88.286223
2701,1,1,2025-09-06,Turkey,Sweden,73.929588,87.657108
2701,2,1,2025-09-06,Germany,Portugal,78.458942,92.863912
2701,3,1,2025-09-06,Latvia,Lithuania,88.980055,84.3066
2701,4,1,2025-09-06,Finland,Serbia,98.152279,106.26665
2702,1,1,2025-09-06,Turkey,Sweden,95.094220000000007,76.670643
2702,2,1,2025-09-06,Germany,Portugal,87.044249,68.907552
2702,3,1,2025-09-06,Latvia,Lithuania,87.236348,97.432964
2702,4,1,2025-09-06,Finland,Serbia,99.927572,79.213621
2703,1,1,2025-09-06,Turkey,Sweden,84.06736,92.045288
2703,2,1,2025-09-06,Germany,Portugal,93.675133,67.445562
2703,3,1,2025-09-06,Latvia,Lithuania,86.211486,87.881471
2703,4,1,2025-09-06,Finland,Serbia,104.95834,103.9698
2704,1,1,2025-09-06,Turkey,Sweden,78.615556,75.571068
2704,2,1,2025-09-06,Germany,Portugal,100.34547,86.973517
2704,3,1,2025-09-06,Latvia,Lithuania,84.541815,73.91628
2704,4,1,2025-09-06,Finland,Serbia,94.056907,91.743692
2705,1,1,2025-09-06,Turkey,Sweden,71.55237,70.186163
2705,2,1,2025-09-06,Germany,Portugal,104.50415,44.391112
2705,3,1,2025-09-06,Latvia,Lithuania,100.27931,81.920375
2705,4,1,2025-09-06,Finland,Serbia,90.311506,89.389168
2706,1,1,2025-09-06,Turkey,Sweden,90.258889,73.173327
2706,2,1,2025-09-06,Germany,Portugal,86.388618,65.939261
2706,3,1,2025-09-06,Latvia,Lithuania,78.9029,98.964108
2706,4,1,2025-09-06,Finland,Serbia,86.208342,94.819925
2707,1,1,2025-09-06,Turkey,Sweden,83.55612,67.782525
2707,2,1,2025-09-06,Germany,Portugal,90.872064,45.016894
2707,3,1,2025-09-06,Latvia,Lithuania,99.576317,71.937741
2707,4,1,2025-09-06,Finland,Serbia,86.414883,81.567617
2708,1,1,2025-09-06,Turkey,Sweden,84.468618,80.064902
2708,2,1,2025-09-06,Germany,Portugal,100.48636,63.705042
2708,3,1,2025-09-06,Latvia,Lithuania,91.973753,96.049503
2708,4,1,2025-09-06,Finland,Serbia,87.639453,85.900024
2709,1,1,2025-09-06,Turkey,Sweden,93.542236,88.01571
2709,2,1,2025-09-06,Germany,Portugal,93.321086,62.372387
2709,3,1,2025-09-06,Latvia,Lithuania,93.176135,75.832276
2709,4,1,2025-09-06,Finland,Serbia,85.382976,109.11125
2710,1,1,2025-09-06,Turkey,Sweden,75.621356,78.616177
2710,2,1,2025-09-06,Germany,Portugal,106.59878,77.186647
2710,3,1,2025-09-06,Latvia,Lithuania,91.214682,84.264706
2710,4,1,2025-09-06,Finland,Serbia,107.8668,117.00541
2711,1,1,2025-09-06,Turkey,Sweden,89.917044,80.204318
2711,2,1,2025-09-06,Germany,Portugal,99.33226,76.896443
2711,3,1,2025-09-06,Latvia,Lithuania,76.934035,89.763132
2711,4,1,2025-09-06,Finland,Serbia,83.550136,109.29422
2712,1,1,2025-09-06,Turkey,Sweden,91.504542,75.128973
2712,2,1,2025-09-06,Germany,Portugal,70.816438,49.363088
2712,3,1,2025-09-06,Latvia,Lithuania,96.713547,79.912932
2712,4,1,2025-09-06,Finland,Serbia,100.28179,84.317078
2713,1,1,2025-09-06,Turkey,Sweden,69.040535,78.135098
2713,2,1,2025-09-06,Germany,Portugal,82.724132,60.30721
2713,3,1,2025-09-06,Latvia,Lithuania,79.771576,86.802885
2713,4,1,2025-09-06,Finland,Serbia,91.378054,103.46015
2714,1,1,2025-09-06,Turkey,Sweden,96.789869,87.036866
2714,2,1,2025-09-06,Germany,Portugal,95.776798,61.757615
2714,3,1,2025-09-06,Latvia,Lithuania,81.712791,74.820847
2714,4,1,2025-09-06,Finland,Serbia,105.70719,116.83458
2715,1,1,2025-09-06,Turkey,Sweden,88.437774,78.373106
2715,2,1,2025-09-06,Germany,Portugal,97.027062,93.400501
2715,3,1,2025-09-06,Latvia,Lithuania,78.305975,73.773244
2715,4,1,2025-09-06,Finland,Serbia,81.506981,90.834781
2716,1,1,2025-09-06,Turkey,Sweden,79.744726,62.772295
2716,2,1,2025-09-06,Germany,Portugal,101.31141,74.639915
2716,3,1,2025-09-06,Latvia,Lithuania,94.797563,82.912135
2716,4,1,2025-09-06,Finland,Serbia,81.052045,94.467879
2717,1,1,2025-09-06,Turkey,Sweden,81.250849,73.09571
2717,2,1,2025-09-06,Germany,Portugal,97.144311,66.424841
2717,3,1,2025-09-06,Latvia,Lithuania,55.269988,84.10596
2717,4,1,2025-09-06,Finland,Serbia,86.614452,106.66755
2718,1,1,2025-09-06,Turkey,Sweden,90.406948,83.646652
2718,2,1,2025-09-06,Germany,Portugal,94.808023,72.464993
2718,3,1,2025-09-06,Latvia,Lithuania,73.975274,94.85672
2718,4,1,2025-09-06,Finland,Serbia,99.770351,95.803172
2719,1,1,2025-09-06,Turkey,Sweden,89.290378,94.341232
2719,2,1,2025-09-06,Germany,Portugal,92.871978,70.205978
2719,3,1,2025-09-06,Latvia,Lithuania,93.114903,77.512007
2719,4,1,2025-09-06,Finland,Serbia,91.610518,93.390862
2720,1,1,2025-09-06,Turkey,Sweden,91.647322,89.044472
2720,2,1,2025-09-06,Germany,Portugal,96.485026,67.315614
2720,3,1,2025-09-06,Latvia,Lithuania,101.94819,99.958597
2720,4,1,2025-09-06,Finland,Serbia,92.06037,87.629149
2721,1,1,2025-09-06,Turkey,Sweden,83.455451,95.608867
2721,2,1,2025-09-06,Germany,Portugal,79.190661,86.076105
2721,3,1,2025-09-06,Latvia,Lithuania,75.744481,86.205474
2721,4,1,2025-09-06,Finland,Serbia,84.043198,80.95568
2722,1,1,2025-09-06,Turkey,Sweden,89.288994,57.504961
2722,2,1,2025-09-06,Germany,Portugal,94.837985,60.229617
2722,3,1,2025-09-06,Latvia,Lithuania,73.808564,78.340751
2722,4,1,2025-09-06,Finland,Serbia,92.007198,92.600967
2723,1,1,2025-09-06,Turkey,Sweden,103.73518,75.281042
2723,2,1,2025-09-06,Germany,Portugal,70.469973,45.470475
2723,3,1,2025-09-06,Latvia,Lithuania,98.837137,82.078801
2723,4,1,2025-09-06,Finland,Serbia,83.770497,108.58548
2724,1,1,2025-09-06,Turkey,Sweden,101.29339,67.07117
2724,2,1,2025-09-06,Germany,Portugal,93.563937,55.204019
2724,3,1,2025-09-06,Latvia,Lithuania,84.509204,69.593869
2724,4,1,2025-09-06,Finland,Serbia,94.208168,92.396595
2725,1,1,2025-09-06,Turkey,Sweden,106.87745,78.383117
2725,2,1,2025-09-06,Germany,Portugal,109.40316,61.542933
2725,3,1,2025-09-06,Latvia,Lithuania,67.697387,62.458841
2725,4,1,2025-09-06,Finland,Serbia,79.449905,79.942494
2726,1,1,2025-09-06,Turkey,Sweden,102.62583,73.911955
2726,2,1,2025-09-06,Germany,Portugal,90.988856,72.550255
2726,3,1,2025-09-06,Latvia,Lithuania,99.568309,95.143341
2726,4,1,2025-09-06,Finland,Serbia,75.37892,90.427141
2727,1,1,2025-09-06,Turkey,Sweden,86.525222,56.036233
2727,2,1,2025-09-06,Germany,Portugal,88.941756,65.131861
2727,3,1,2025-09-06,Latvia,Lithuania,83.548204,82.911163
2727,4,1,2025-09-06,Finland,Serbia,104.12753,111.64025
2728,1,1,2025-09-06,Turkey,Sweden,103.27358,80.888656
2728,2,1,2025-09-06,Germany,Portugal,72.465363,67.051083
2728,3,1,2025-09-06,Latvia,Lithuania,91.606414,80.338646
2728,4,1,2025-09-06,Finland,Serbia,97.425336,84.705017
2729,1,1,2025-09-06,Turkey,Sweden,88.668864,90.405822
2729,2,1,2025-09-06,Germany,Portugal,73.616647,63.11606
2729,3,1,2025-09-06,Latvia,Lithuania,91.911234,98.245536
2729,4,1,2025-09-06,Finland,Serbia,88.156342,104.22047
2730,1,1,2025-09-06,Turkey,Sweden,82.423458,79.265367
2730,2,1,2025-09-06,Germany,Portugal,91.049071,66.419916
2730,3,1,2025-09-06,Latvia,Lithuania,71.910195,80.206523
2730,4,1,2025-09-06,Finland,Serbia,79.006124,85.448671
2731,1,1,2025-09-06,Turkey,Sweden,96.732647,68.710126
2731,2,1,2025-09-06,Germany,Portugal,106.64217,29.446844
2731,3,1,2025-09-06,Latvia,Lithuania,79.562024,64.467988
2731,4,1,2025-09-06,Finland,Serbia,79.105491,104.36221
2732,1,1,2025-09-06,Turkey,Sweden,85.093187,92.889862
2732,2,1,2025-09-06,Germany,Portugal,88.205283,52.756548
2732,3,1,2025-09-06,Latvia,Lithuania,83.090138,95.654941
2732,4,1,2025-09-06,Finland,Serbia,111.24588,92.29622
2733,1,1,2025-09-06,Turkey,Sweden,124.18117,67.210571
2733,2,1,2025-09-06,Germany,Portugal,81.436771,52.54458
2733,3,1,2025-09-06,Latvia,Lithuania,77.091502,94.176084
2733,4,1,2025-09-06,Finland,Serbia,76.376082,106.47271
2734,1,1,2025-09-06,Turkey,Sweden,89.117956,79.650396
2734,2,1,2025-09-06,Germany,Portugal,79.191749,79.27008
2734,3,1,2025-09-06,Latvia,Lithuania,83.48013,85.389294
2734,4,1,2025-09-06,Finland,Serbia,109.79799,104.02047
2735,1,1,2025-09-06,Turkey,Sweden,85.447563,64.280602
2735,2,1,2025-09-06,Germany,Portugal,76.621663,77.232275
2735,3,1,2025-09-06,Latvia,Lithuania,84.842904,93.701033
2735,4,1,2025-09-06,Finland,Serbia,91.011169,88.768621
2736,1,1,2025-09-06,Turkey,Sweden,89.121452,92.728707
2736,2,1,2025-09-06,Germany,Portugal,81.842321,73.253572
2736,3,1,2025-09-06,Latvia,Lithuania,94.034443,69.658463
2736,4,1,2025-09-06,Finland,Serbia,82.591585,90.310739
2737,1,1,2025-09-06,Turkey,Sweden,110.41881,89.64432
2737,2,1,2025-09-06,Germany,Portugal,88.784679,64.058395
2737,3,1,2025-09-06,Latvia,Lithuania,90.634827,96.721582
2737,4,1,2025-09-06,Finland,Serbia,103.51684,96.434246
2738,1,1,2025-09-06,Turkey,Sweden,92.567018,76.409701
2738,2,1,2025-09-06,Germany,Portugal,78.20067,56.216918
2738,3,1,2025-09-06,Latvia,Lithuania,88.954537,87.714082
2738,4,1,2025-09-06,Finland,Serbia,100.99729,99.401597
2739,1,1,2025-09-06,Turkey,Sweden,91.408055,48.033148
2739,2,1,2025-09-06,Germany,Portugal,73.550304,40.981827
2739,3,1,2025-09-06,Latvia,Lithuania,76.589302,82.836559
2739,4,1,2025-09-06,Finland,Serbia,82.773885,101.65175
2740,1,1,2025-09-06,Turkey,Sweden,82.660603,81.899594
2740,2,1,2025-09-06,Germany,Portugal,112.52501,73.359889
2740,3,1,2025-09-06,Latvia,Lithuania,90.944435,98.69682
2740,4,1,2025-09-06,Finland,Serbia,73.982883,87.359576
2741,1,1,2025-09-06,Turkey,Sweden,82.6807,86.064745
2741,2,1,2025-09-06,Germany,Portugal,80.96052,76.198414
2741,3,1,2025-09-06,Latvia,Lithuania,80.987093,76.806231
2741,4,1,2025-09-06,Finland,Serbia,89.293219,99.817688
2742,1,1,2025-09-06,Turkey,Sweden,89.708239,73.560516
2742,2,1,2025-09-06,Germany,Portugal,93.750324,67.720141
2742,3,1,2025-09-06,Latvia,Lithuania,78.364701,82.881967
2742,4,1,2025-09-06,Finland,Serbia,96.490848,91.268923
2743,1,1,2025-09-06,Turkey,Sweden,94.968479,77.676957
2743,2,1,2025-09-06,Germany,Portugal,98.293442,44.691276
2743,3,1,2025-09-06,Latvia,Lithuania,87.964067,97.664025
2743,4,1,2025-09-06,Finland,Serbia,103.39844,96.198238
2744,1,1,2025-09-06,Turkey,Sweden,112.16766,90.261772
2744,2,1,2025-09-06,Germany,Portugal,86.064041,44.203591
2744,3,1,2025-09-06,Latvia,Lithuania,93.321714,64.364355
2744,4,1,2025-09-06,Finland,Serbia,96.63206,110.99116
2745,1,1,2025-09-06,Turkey,Sweden,83.098945,93.049009
2745,2,1,2025-09-06,Germany,Portugal,107.39757,66.533947
2745,3,1,2025-09-06,Latvia,Lithuania,85.994361,86.062911
2745,4,1,2025-09-06,Finland,Serbia,102.67672,92.704580000000007
2746,1,1,2025-09-06,Turkey,Sweden,89.574993,77.886058
2746,2,1,2025-09-06,Germany,Portugal,96.194941,64.12434
2746,3,1,2025-09-06,Latvia,Lithuania,85.220715,73.970752
2746,4,1,2025-09-06,Finland,Serbia,104.71525,119.8177
2747,1,1,2025-09-06,Turkey,Sweden,80.341652,83.241314
2747,2,1,2025-09-06,Germany,Portugal,70.960394,59.119274
2747,3,1,2025-09-06,Latvia,Lithuania,96.733503,98.678314
2747,4,1,2025-09-06,Finland,Serbia,90.703214,92.055222
2748,1,1,2025-09-06,Turkey,Sweden,83.709274,68.866732
2748,2,1,2025-09-06,Germany,Portugal,73.883688,57.71921
2748,3,1,2025-09-06,Latvia,Lithuania,79.168327,54.824047
2748,4,1,2025-09-06,Finland,Serbia,86.938997,94.701872
2749,1,1,2025-09-06,Turkey,Sweden,90.551759,84.861722
2749,2,1,2025-09-06,Germany,Portugal,92.17428,81.158964
2749,3,1,2025-09-06,Latvia,Lithuania,75.326695,83.267192
2749,4,1,2025-09-06,Finland,Serbia,73.846767,98.114575
2750,1,1,2025-09-06,Turkey,Sweden,84.811525,74.995337
2750,2,1,2025-09-06,Germany,Portugal,99.292605,89.842306
2750,3,1,2025-09-06,Latvia,Lithuania,87.984804,79.870904
2750,4,1,2025-09-06,Finland,Serbia,104.79804,99.704301
2751,1,1,2025-09-06,Turkey,Sweden,82.706332,70.384005
2751,2,1,2025-09-06,Germany,Portugal,88.788265,73.890263
2751,3,1,2025-09-06,Latvia,Lithuania,78.843169,81.691026
2751,4,1,2025-09-06,Finland,Serbia,103.58364,102.05404
2752,1,1,2025-09-06,Turkey,Sweden,72.697573,73.16791
2752,2,1,2025-09-06,Germany,Portugal,93.044615,54.749108
2752,3,1,2025-09-06,Latvia,Lithuania,79.218938,73.552331
2752,4,1,2025-09-06,Finland,Serbia,119.29162,95.808103
2753,1,1,2025-09-06,Turkey,Sweden,91.649405,85.060234
2753,2,1,2025-09-06,Germany,Portugal,94.681667,54.050613
2753,3,1,2025-09-06,Latvia,Lithuania,91.984539,78.220052
2753,4,1,2025-09-06,Finland,Serbia,97.634404,84.907722
2754,1,1,2025-09-06,Turkey,Sweden,79.549893,58.688734
2754,2,1,2025-09-06,Germany,Portugal,90.203645,46.066354
2754,3,1,2025-09-06,Latvia,Lithuania,79.263959,92.826768
2754,4,1,2025-09-06,Finland,Serbia,73.074689,84.533273
2755,1,1,2025-09-06,Turkey,Sweden,63.299392,69.242899
2755,2,1,2025-09-06,Germany,Portugal,122.16401,74.207402
2755,3,1,2025-09-06,Latvia,Lithuania,90.629897,93.984557
2755,4,1,2025-09-06,Finland,Serbia,92.745605,97.870319
2756,1,1,2025-09-06,Turkey,Sweden,83.331031,88.140696
2756,2,1,2025-09-06,Germany,Portugal,107.86891,49.90485
2756,3,1,2025-09-06,Latvia,Lithuania,80.31203,75.835908
2756,4,1,2025-09-06,Finland,Serbia,99.943688,79.293518
2757,1,1,2025-09-06,Turkey,Sweden,79.57629,77.697636
2757,2,1,2025-09-06,Germany,Portugal,89.865591,67.937617
2757,3,1,2025-09-06,Latvia,Lithuania,93.56915,79.025958
2757,4,1,2025-09-06,Finland,Serbia,86.638016,95.139218
2758,1,1,2025-09-06,Turkey,Sweden,76.955193,69.97877
2758,2,1,2025-09-06,Germany,Portugal,78.925789,65.044845
2758,3,1,2025-09-06,Latvia,Lithuania,68.681568,73.178482
2758,4,1,2025-09-06,Finland,Serbia,93.664632,89.635667
2759,1,1,2025-09-06,Turkey,Sweden,108.2592,89.105756
2759,2,1,2025-09-06,Germany,Portugal,88.465743,58.200681
2759,3,1,2025-09-06,Latvia,Lithuania,85.327664,76.263651
2759,4,1,2025-09-06,Finland,Serbia,74.40159,97.254122
2760,1,1,2025-09-06,Turkey,Sweden,79.218218,67.615945
2760,2,1,2025-09-06,Germany,Portugal,102.47388,69.49688
2760,3,1,2025-09-06,Latvia,Lithuania,92.605987,89.750734
2760,4,1,2025-09-06,Finland,Serbia,74.342995,85.28692
2761,1,1,2025-09-06,Turkey,Sweden,98.883267,79.992148
2761,2,1,2025-09-06,Germany,Portugal,92.606025,61.085306
2761,3,1,2025-09-06,Latvia,Lithuania,84.787314,81.326994
2761,4,1,2025-09-06,Finland,Serbia,107.09735,102.5444
2762,1,1,2025-09-06,Turkey,Sweden,96.370468,82.800809
2762,2,1,2025-09-06,Germany,Portugal,75.929197,80.512358
2762,3,1,2025-09-06,Latvia,Lithuania,82.530726,101.27711
2762,4,1,2025-09-06,Finland,Serbia,101.71049,97.209509
2763,1,1,2025-09-06,Turkey,Sweden,86.652087,78.021059
2763,2,1,2025-09-06,Germany,Portugal,74.795791,49.676279
2763,3,1,2025-09-06,Latvia,Lithuania,103.17262,93.492998
2763,4,1,2025-09-06,Finland,Serbia,82.144007,81.637449
2764,1,1,2025-09-06,Turkey,Sweden,90.093085,71.709838
2764,2,1,2025-09-06,Germany,Portugal,100.09952,54.424687
2764,3,1,2025-09-06,Latvia,Lithuania,95.852391,87.590186
2764,4,1,2025-09-06,Finland,Serbia,80.246684,74.725215
2765,1,1,2025-09-06,Turkey,Sweden,84.242652,87.581802
2765,2,1,2025-09-06,Germany,Portugal,91.464259,72.765014
2765,3,1,2025-09-06,Latvia,Lithuania,108.30193,77.303525
2765,4,1,2025-09-06,Finland,Serbia,98.243144,125.43208
2766,1,1,2025-09-06,Turkey,Sweden,98.559614,74.419644
2766,2,1,2025-09-06,Germany,Portugal,76.154574,75.801058
2766,3,1,2025-09-06,Latvia,Lithuania,93.687709,62.398865
2766,4,1,2025-09-06,Finland,Serbia,81.372338,108.67422
2767,1,1,2025-09-06,Turkey,Sweden,78.091146,59.806193
2767,2,1,2025-09-06,Germany,Portugal,62.602358,54.229146
2767,3,1,2025-09-06,Latvia,Lithuania,90.351303,92.047838
2767,4,1,2025-09-06,Finland,Serbia,60.308962,90.916254
2768,1,1,2025-09-06,Turkey,Sweden,82.530076,73.107558
2768,2,1,2025-09-06,Germany,Portugal,91.053716,69.598779
2768,3,1,2025-09-06,Latvia,Lithuania,73.345968,73.928796
2768,4,1,2025-09-06,Finland,Serbia,71.55987,101.15437
2769,1,1,2025-09-06,Turkey,Sweden,83.157963,71.478664
2769,2,1,2025-09-06,Germany,Portugal,99.896441,59.121452
2769,3,1,2025-09-06,Latvia,Lithuania,96.365372,84.91022
2769,4,1,2025-09-06,Finland,Serbia,77.150915,98.258977
2770,1,1,2025-09-06,Turkey,Sweden,98.458065,90.80137
2770,2,1,2025-09-06,Germany,Portugal,77.569596,72.943839
2770,3,1,2025-09-06,Latvia,Lithuania,84.469123,82.76707
2770,4,1,2025-09-06,Finland,Serbia,66.164652,101.09381
2771,1,1,2025-09-06,Turkey,Sweden,79.3549,82.063173
2771,2,1,2025-09-06,Germany,Portugal,87.609045,61.690439
2771,3,1,2025-09-06,Latvia,Lithuania,101.52542,77.072304
2771,4,1,2025-09-06,Finland,Serbia,95.03954,75.389675
2772,1,1,2025-09-06,Turkey,Sweden,58.503575,112.04976
2772,2,1,2025-09-06,Germany,Portugal,74.568078,65.092202
2772,3,1,2025-09-06,Latvia,Lithuania,98.449125,81.183391
2772,4,1,2025-09-06,Finland,Serbia,91.508138,94.36716
2773,1,1,2025-09-06,Turkey,Sweden,76.921345,69.538233
2773,2,1,2025-09-06,Germany,Portugal,93.166155,76.913346
2773,3,1,2025-09-06,Latvia,Lithuania,60.937368,87.393548
2773,4,1,2025-09-06,Finland,Serbia,94.564394,109.23702
2774,1,1,2025-09-06,Turkey,Sweden,80.123073,95.495823
2774,2,1,2025-09-06,Germany,Portugal,88.148872,50.26845
2774,3,1,2025-09-06,Latvia,Lithuania,80.653406,80.644607
2774,4,1,2025-09-06,Finland,Serbia,88.038588,81.294727
2775,1,1,2025-09-06,Turkey,Sweden,81.551492,67.355143
2775,2,1,2025-09-06,Germany,Portugal,86.418009,41.436014
2775,3,1,2025-09-06,Latvia,Lithuania,82.568426,59.825635
2775,4,1,2025-09-06,Finland,Serbia,70.377953,77.09919
2776,1,1,2025-09-06,Turkey,Sweden,81.96063,63.506707
2776,2,1,2025-09-06,Germany,Portugal,87.73278,58.480846
2776,3,1,2025-09-06,Latvia,Lithuania,97.230857,68.126813
2776,4,1,2025-09-06,Finland,Serbia,105.52629,117.4205
2777,1,1,2025-09-06,Turkey,Sweden,88.452719,74.149341
2777,2,1,2025-09-06,Germany,Portugal,84.254287,85.723065
2777,3,1,2025-09-06,Latvia,Lithuania,92.371399,83.602293
2777,4,1,2025-09-06,Finland,Serbia,87.862921,98.475008
2778,1,1,2025-09-06,Turkey,Sweden,89.803178,73.594605
2778,2,1,2025-09-06,Germany,Portugal,80.021081,56.385327
2778,3,1,2025-09-06,Latvia,Lithuania,88.186808,67.130602
2778,4,1,2025-09-06,Finland,Serbia,88.271161,112.7798
2779,1,1,2025-09-06,Turkey,Sweden,90.4842,70.940878
2779,2,1,2025-09-06,Germany,Portugal,78.086784,86.323927
2779,3,1,2025-09-06,Latvia,Lithuania,78.143207,82.780716
2779,4,1,2025-09-06,Finland,Serbia,88.097951,96.820936
2780,1,1,2025-09-06,Turkey,Sweden,79.228868,77.05456
2780,2,1,2025-09-06,Germany,Portugal,85.520845,69.554933
2780,3,1,2025-09-06,Latvia,Lithuania,94.681462,84.889252
2780,4,1,2025-09-06,Finland,Serbia,97.964901,75.960642000000007
2781,1,1,2025-09-06,Turkey,Sweden,92.164347,74.130143
2781,2,1,2025-09-06,Germany,Portugal,61.639184,65.200945
2781,3,1,2025-09-06,Latvia,Lithuania,68.644599,64.045836
2781,4,1,2025-09-06,Finland,Serbia,95.435334,108.7768
2782,1,1,2025-09-06,Turkey,Sweden,77.2975,63.772264
2782,2,1,2025-09-06,Germany,Portugal,71.444582,72.204171
2782,3,1,2025-09-06,Latvia,Lithuania,90.458143,88.566265
2782,4,1,2025-09-06,Finland,Serbia,91.005631,100.13093
2783,1,1,2025-09-06,Turkey,Sweden,74.558614,50.853273
2783,2,1,2025-09-06,Germany,Portugal,118.25058,63.951875
2783,3,1,2025-09-06,Latvia,Lithuania,84.938031,74.205799
2783,4,1,2025-09-06,Finland,Serbia,92.020632,106.20071
2784,1,1,2025-09-06,Turkey,Sweden,81.947054,78.168108
2784,2,1,2025-09-06,Germany,Portugal,78.190577,64.021444
2784,3,1,2025-09-06,Latvia,Lithuania,102.49285,77.483004
2784,4,1,2025-09-06,Finland,Serbia,89.785363,87.242785
2785,1,1,2025-09-06,Turkey,Sweden,87.836861,95.345604
2785,2,1,2025-09-06,Germany,Portugal,85.807634,69.034558
2785,3,1,2025-09-06,Latvia,Lithuania,84.58662,82.020908
2785,4,1,2025-09-06,Finland,Serbia,88.01491,99.765604
2786,1,1,2025-09-06,Turkey,Sweden,88.841569,66.808002
2786,2,1,2025-09-06,Germany,Portugal,106.9866,64.728493
2786,3,1,2025-09-06,Latvia,Lithuania,108.3169,93.004511
2786,4,1,2025-09-06,Finland,Serbia,100.2082,97.307188
2787,1,1,2025-09-06,Turkey,Sweden,78.951299,61.110602
2787,2,1,2025-09-06,Germany,Portugal,108.27753,71.471289
2787,3,1,2025-09-06,Latvia,Lithuania,94.703297,81.850488
2787,4,1,2025-09-06,Finland,Serbia,71.262053,92.846867
2788,1,1,2025-09-06,Turkey,Sweden,81.763056,61.863871
2788,2,1,2025-09-06,Germany,Portugal,74.546695,54.066887
2788,3,1,2025-09-06,Latvia,Lithuania,92.556954,89.847343
2788,4,1,2025-09-06,Finland,Serbia,90.914295,99.793711
2789,1,1,2025-09-06,Turkey,Sweden,98.183836,82.735636
2789,2,1,2025-09-06,Germany,Portugal,84.481495,70.720743
2789,3,1,2025-09-06,Latvia,Lithuania,96.676118,68.248167
2789,4,1,2025-09-06,Finland,Serbia,74.280321,95.500306
2790,1,1,2025-09-06,Turkey,Sweden,72.841941,76.988476
2790,2,1,2025-09-06,Germany,Portugal,99.600522,45.245553
2790,3,1,2025-09-06,Latvia,Lithuania,75.890869,91.163773
2790,4,1,2025-09-06,Finland,Serbia,105.08726,89.929966
2791,1,1,2025-09-06,Turkey,Sweden,80.470335,68.574162
2791,2,1,2025-09-06,Germany,Portugal,101.06584,45.144567
2791,3,1,2025-09-06,Latvia,Lithuania,64.052164,70.10873
2791,4,1,2025-09-06,Finland,Serbia,87.458085,80.390983
2792,1,1,2025-09-06,Turkey,Sweden,88.392714,92.530382
2792,2,1,2025-09-06,Germany,Portugal,92.865007,63.900409
2792,3,1,2025-09-06,Latvia,Lithuania,106.8681,97.152949
2792,4,1,2025-09-06,Finland,Serbia,116.27862,142.09168
2793,1,1,2025-09-06,Turkey,Sweden,109.73728,83.281937
2793,2,1,2025-09-06,Germany,Portugal,106.45196,70.41973
2793,3,1,2025-09-06,Latvia,Lithuania,80.268351,72.939252
2793,4,1,2025-09-06,Finland,Serbia,90.288907,99.444397
2794,1,1,2025-09-06,Turkey,Sweden,73.455559,71.043747
2794,2,1,2025-09-06,Germany,Portugal,66.666043,38.276818
2794,3,1,2025-09-06,Latvia,Lithuania,74.616717,90.204927
2794,4,1,2025-09-06,Finland,Serbia,94.119752,99.294995
2795,1,1,2025-09-06,Turkey,Sweden,59.918492,75.689098
2795,2,1,2025-09-06,Germany,Portugal,63.965389,61.328063
2795,3,1,2025-09-06,Latvia,Lithuania,80.245288,77.785702
2795,4,1,2025-09-06,Finland,Serbia,108.60072,100.88561
2796,1,1,2025-09-06,Turkey,Sweden,74.380466,89.732298
2796,2,1,2025-09-06,Germany,Portugal,78.640581,53.158011
2796,3,1,2025-09-06,Latvia,Lithuania,103.3542,94.850328
2796,4,1,2025-09-06,Finland,Serbia,116.09052,105.55993
2797,1,1,2025-09-06,Turkey,Sweden,93.482611,69.475422
2797,2,1,2025-09-06,Germany,Portugal,91.426139,68.820701
2797,3,1,2025-09-06,Latvia,Lithuania,138.04691,87.555204
2797,4,1,2025-09-06,Finland,Serbia,79.977659,99.274459
2798,1,1,2025-09-06,Turkey,Sweden,96.770505,78.439382
2798,2,1,2025-09-06,Germany,Portugal,74.320252,80.668644
2798,3,1,2025-09-06,Latvia,Lithuania,102.9257,89.79052
2798,4,1,2025-09-06,Finland,Serbia,95.225825,113.57688
2799,1,1,2025-09-06,Turkey,Sweden,71.387386,78.742535
2799,2,1,2025-09-06,Germany,Portugal,93.353563,50.534181
2799,3,1,2025-09-06,Latvia,Lithuania,82.350156,78.124626
2799,4,1,2025-09-06,Finland,Serbia,101.69329,83.094584
2800,1,1,2025-09-06,Turkey,Sweden,86.161388,74.806879
2800,2,1,2025-09-06,Germany,Portugal,95.784347,53.449127
2800,3,1,2025-09-06,Latvia,Lithuania,57.275396,110.0032
2800,4,1,2025-09-06,Finland,Serbia,101.00012,107.50589
2801,1,1,2025-09-06,Turkey,Sweden,116.85539,82.745392
2801,2,1,2025-09-06,Germany,Portugal,90.243612,57.769519
2801,3,1,2025-09-06,Latvia,Lithuania,80.71274,75.409848
2801,4,1,2025-09-06,Finland,Serbia,100.81385,99.966331
2802,1,1,2025-09-06,Turkey,Sweden,104.01991,84.643212
2802,2,1,2025-09-06,Germany,Portugal,88.150843,60.223135
2802,3,1,2025-09-06,Latvia,Lithuania,89.987191,68.858187
2802,4,1,2025-09-06,Finland,Serbia,108.40484,107.17718
2803,1,1,2025-09-06,Turkey,Sweden,92.662806,70.077892
2803,2,1,2025-09-06,Germany,Portugal,77.521207,48.590613
2803,3,1,2025-09-06,Latvia,Lithuania,82.373339,86.205712
2803,4,1,2025-09-06,Finland,Serbia,82.546998,86.066633
2804,1,1,2025-09-06,Turkey,Sweden,100.41611,75.31202
2804,2,1,2025-09-06,Germany,Portugal,87.698039,75.181062
2804,3,1,2025-09-06,Latvia,Lithuania,96.202354,98.316726
2804,4,1,2025-09-06,Finland,Serbia,75.266853,75.781054
2805,1,1,2025-09-06,Turkey,Sweden,85.157292,87.706082
2805,2,1,2025-09-06,Germany,Portugal,74.648195,45.438402
2805,3,1,2025-09-06,Latvia,Lithuania,77.138213,72.525946
2805,4,1,2025-09-06,Finland,Serbia,87.327986,96.660218
2806,1,1,2025-09-06,Turkey,Sweden,96.622831,78.150665
2806,2,1,2025-09-06,Germany,Portugal,116.84594,99.264873
2806,3,1,2025-09-06,Latvia,Lithuania,94.298779,89.260943
2806,4,1,2025-09-06,Finland,Serbia,91.863079,105.33333
2807,1,1,2025-09-06,Turkey,Sweden,82.243605,79.101389
2807,2,1,2025-09-06,Germany,Portugal,66.214152,48.124493
2807,3,1,2025-09-06,Latvia,Lithuania,86.605903,80.140727
2807,4,1,2025-09-06,Finland,Serbia,75.485317,100.40303
2808,1,1,2025-09-06,Turkey,Sweden,77.724859,69.0208
2808,2,1,2025-09-06,Germany,Portugal,104.48951,81.053623
2808,3,1,2025-09-06,Latvia,Lithuania,80.743506,82.39574
2808,4,1,2025-09-06,Finland,Serbia,116.70297,96.036178
2809,1,1,2025-09-06,Turkey,Sweden,97.580826,86.184851
2809,2,1,2025-09-06,Germany,Portugal,104.72063,63.402139
2809,3,1,2025-09-06,Latvia,Lithuania,94.345995,91.781284
2809,4,1,2025-09-06,Finland,Serbia,69.038328,92.541542
2810,1,1,2025-09-06,Turkey,Sweden,97.383874,105.91545
2810,2,1,2025-09-06,Germany,Portugal,73.793528,68.73181
2810,3,1,2025-09-06,Latvia,Lithuania,78.456557,77.861296
2810,4,1,2025-09-06,Finland,Serbia,95.788041,85.792146
2811,1,1,2025-09-06,Turkey,Sweden,77.388984,91.368919
2811,2,1,2025-09-06,Germany,Portugal,72.789914,57.415859
2811,3,1,2025-09-06,Latvia,Lithuania,104.54231,89.303844
2811,4,1,2025-09-06,Finland,Serbia,101.56004,109.48387
2812,1,1,2025-09-06,Turkey,Sweden,67.11767,56.195969
2812,2,1,2025-09-06,Germany,Portugal,92.594688,72.369075
2812,3,1,2025-09-06,Latvia,Lithuania,64.457502,91.03962
2812,4,1,2025-09-06,Finland,Serbia,81.08385,93.93616
2813,1,1,2025-09-06,Turkey,Sweden,83.916654,75.529086
2813,2,1,2025-09-06,Germany,Portugal,83.059671,59.083892
2813,3,1,2025-09-06,Latvia,Lithuania,88.773022,67.300636
2813,4,1,2025-09-06,Finland,Serbia,99.747351,97.827359
2814,1,1,2025-09-06,Turkey,Sweden,79.595629,79.25101
2814,2,1,2025-09-06,Germany,Portugal,87.073204,75.925714
2814,3,1,2025-09-06,Latvia,Lithuania,71.019774,65.386478
2814,4,1,2025-09-06,Finland,Serbia,58.627685,107.56603
2815,1,1,2025-09-06,Turkey,Sweden,65.736358,53.327851
2815,2,1,2025-09-06,Germany,Portugal,81.031649,56.665809
2815,3,1,2025-09-06,Latvia,Lithuania,101.05291,66.721767
2815,4,1,2025-09-06,Finland,Serbia,84.960501,93.130038
2816,1,1,2025-09-06,Turkey,Sweden,87.2744,58.824132
2816,2,1,2025-09-06,Germany,Portugal,90.06763,60.995774
2816,3,1,2025-09-06,Latvia,Lithuania,105.29513,76.127132
2816,4,1,2025-09-06,Finland,Serbia,72.442579,93.098296
2817,1,1,2025-09-06,Turkey,Sweden,109.1742,108.47429
2817,2,1,2025-09-06,Germany,Portugal,73.992233,90.723368
2817,3,1,2025-09-06,Latvia,Lithuania,99.194546,70.100813
2817,4,1,2025-09-06,Finland,Serbia,97.49227,99.082086
2818,1,1,2025-09-06,Turkey,Sweden,87.461971,94.804507
2818,2,1,2025-09-06,Germany,Portugal,83.135084,80.309985
2818,3,1,2025-09-06,Latvia,Lithuania,70.280823,67.248249
2818,4,1,2025-09-06,Finland,Serbia,90.074394,97.871469
2819,1,1,2025-09-06,Turkey,Sweden,72.231408,72.419724
2819,2,1,2025-09-06,Germany,Portugal,79.542746,67.471077
2819,3,1,2025-09-06,Latvia,Lithuania,91.21363,87.895711
2819,4,1,2025-09-06,Finland,Serbia,98.847416,84.883723
2820,1,1,2025-09-06,Turkey,Sweden,71.057758,81.486636
2820,2,1,2025-09-06,Germany,Portugal,82.005728,59.409683
2820,3,1,2025-09-06,Latvia,Lithuania,101.05638,95.663724
2820,4,1,2025-09-06,Finland,Serbia,100.4351,95.862672
2821,1,1,2025-09-06,Turkey,Sweden,84.231852,71.890764
2821,2,1,2025-09-06,Germany,Portugal,111.71901,44.557474
2821,3,1,2025-09-06,Latvia,Lithuania,78.725183,86.236337
2821,4,1,2025-09-06,Finland,Serbia,93.561129,97.281991
2822,1,1,2025-09-06,Turkey,Sweden,65.21429,71.165008
2822,2,1,2025-09-06,Germany,Portugal,127.25003,72.563003
2822,3,1,2025-09-06,Latvia,Lithuania,94.384368,86.553856
2822,4,1,2025-09-06,Finland,Serbia,76.022009,91.60263
2823,1,1,2025-09-06,Turkey,Sweden,84.510929,91.584475
2823,2,1,2025-09-06,Germany,Portugal,89.651092,55.546391
2823,3,1,2025-09-06,Latvia,Lithuania,86.171143,74.515467
2823,4,1,2025-09-06,Finland,Serbia,106.47377,88.559031
2824,1,1,2025-09-06,Turkey,Sweden,88.396643,88.597356
2824,2,1,2025-09-06,Germany,Portugal,91.435565,64.741363
2824,3,1,2025-09-06,Latvia,Lithuania,110.89495,74.622731
2824,4,1,2025-09-06,Finland,Serbia,94.24757,91.715178
2825,1,1,2025-09-06,Turkey,Sweden,100.5235,74.925587
2825,2,1,2025-09-06,Germany,Portugal,78.372997,69.150269
2825,3,1,2025-09-06,Latvia,Lithuania,99.617414,73.823547
2825,4,1,2025-09-06,Finland,Serbia,75.058853,88.265155
2826,1,1,2025-09-06,Turkey,Sweden,77.964163,50.029499
2826,2,1,2025-09-06,Germany,Portugal,78.668127,77.250371
2826,3,1,2025-09-06,Latvia,Lithuania,83.349336,77.683696
2826,4,1,2025-09-06,Finland,Serbia,96.538894,98.479543
2827,1,1,2025-09-06,Turkey,Sweden,47.915783,63.358211
2827,2,1,2025-09-06,Germany,Portugal,99.567795,59.733946
2827,3,1,2025-09-06,Latvia,Lithuania,87.069384,65.063003
2827,4,1,2025-09-06,Finland,Serbia,71.36313,83.412629
2828,1,1,2025-09-06,Turkey,Sweden,71.232683,89.514213
2828,2,1,2025-09-06,Germany,Portugal,88.415855,64.26562
2828,3,1,2025-09-06,Latvia,Lithuania,77.890909,69.014692
2828,4,1,2025-09-06,Finland,Serbia,113.36255,108.54415
2829,1,1,2025-09-06,Turkey,Sweden,92.222079,81.34658
2829,2,1,2025-09-06,Germany,Portugal,109.07317,63.496782
2829,3,1,2025-09-06,Latvia,Lithuania,70.620184,102.1535
2829,4,1,2025-09-06,Finland,Serbia,95.936243,99.568179
2830,1,1,2025-09-06,Turkey,Sweden,96.404885,70.542575
2830,2,1,2025-09-06,Germany,Portugal,77.876841,76.236148
2830,3,1,2025-09-06,Latvia,Lithuania,79.401088,88.2803
2830,4,1,2025-09-06,Finland,Serbia,94.28231,85.727128
2831,1,1,2025-09-06,Turkey,Sweden,102.5505,88.440057
2831,2,1,2025-09-06,Germany,Portugal,86.755927,68.244977
2831,3,1,2025-09-06,Latvia,Lithuania,83.749087,78.926634
2831,4,1,2025-09-06,Finland,Serbia,99.02307,88.066284
2832,1,1,2025-09-06,Turkey,Sweden,65.97653,77.080236
2832,2,1,2025-09-06,Germany,Portugal,77.174566,69.816781
2832,3,1,2025-09-06,Latvia,Lithuania,81.175317,81.917508
2832,4,1,2025-09-06,Finland,Serbia,83.905468,88.992101
2833,1,1,2025-09-06,Turkey,Sweden,81.305858,64.1519
2833,2,1,2025-09-06,Germany,Portugal,100.84337,63.222311
2833,3,1,2025-09-06,Latvia,Lithuania,98.468989,109.06059
2833,4,1,2025-09-06,Finland,Serbia,75.357712,83.699625
2834,1,1,2025-09-06,Turkey,Sweden,104.51484,77.793141
2834,2,1,2025-09-06,Germany,Portugal,95.920791,38.420553
2834,3,1,2025-09-06,Latvia,Lithuania,69.427262,66.428154
2834,4,1,2025-09-06,Finland,Serbia,99.846709,107.87342
2835,1,1,2025-09-06,Turkey,Sweden,91.978868,79.351261
2835,2,1,2025-09-06,Germany,Portugal,84.464825,49.484695
2835,3,1,2025-09-06,Latvia,Lithuania,101.98028,75.632682
2835,4,1,2025-09-06,Finland,Serbia,88.74641,83.783507
2836,1,1,2025-09-06,Turkey,Sweden,68.108385,67.440128
2836,2,1,2025-09-06,Germany,Portugal,101.74305,69.497375
2836,3,1,2025-09-06,Latvia,Lithuania,98.584533,88.941781
2836,4,1,2025-09-06,Finland,Serbia,99.608683,93.917538
2837,1,1,2025-09-06,Turkey,Sweden,73.227674,61.506956
2837,2,1,2025-09-06,Germany,Portugal,89.40927,62.745749000000004
2837,3,1,2025-09-06,Latvia,Lithuania,88.044494,92.656391
2837,4,1,2025-09-06,Finland,Serbia,111.98424,91.82521
2838,1,1,2025-09-06,Turkey,Sweden,90.43148,83.849184
2838,2,1,2025-09-06,Germany,Portugal,76.421015,44.592892
2838,3,1,2025-09-06,Latvia,Lithuania,82.422126,80.289093
2838,4,1,2025-09-06,Finland,Serbia,73.539282,95.164932
2839,1,1,2025-09-06,Turkey,Sweden,70.406028,85.821263
2839,2,1,2025-09-06,Germany,Portugal,76.380118,52.968938
2839,3,1,2025-09-06,Latvia,Lithuania,97.01481,103.64301
2839,4,1,2025-09-06,Finland,Serbia,100.34172,118.95981
2840,1,1,2025-09-06,Turkey,Sweden,101.0203,107.80975
2840,2,1,2025-09-06,Germany,Portugal,100.64655,64.134856
2840,3,1,2025-09-06,Latvia,Lithuania,76.515773,65.961184
2840,4,1,2025-09-06,Finland,Serbia,67.687485,87.761361
2841,1,1,2025-09-06,Turkey,Sweden,91.209909,81.413385
2841,2,1,2025-09-06,Germany,Portugal,106.56754,55.31937
2841,3,1,2025-09-06,Latvia,Lithuania,90.784876,92.352647
2841,4,1,2025-09-06,Finland,Serbia,59.796068,84.627801
2842,1,1,2025-09-06,Turkey,Sweden,81.490465,71.405943
2842,2,1,2025-09-06,Germany,Portugal,83.633244,72.911885
2842,3,1,2025-09-06,Latvia,Lithuania,77.612778,68.145962
2842,4,1,2025-09-06,Finland,Serbia,91.078292,104.21113
2843,1,1,2025-09-06,Turkey,Sweden,86.035645,89.26008
2843,2,1,2025-09-06,Germany,Portugal,92.53119,73.31075
2843,3,1,2025-09-06,Latvia,Lithuania,84.167845,71.792521
2843,4,1,2025-09-06,Finland,Serbia,60.559443,77.96905
2844,1,1,2025-09-06,Turkey,Sweden,80.679567,67.43969
2844,2,1,2025-09-06,Germany,Portugal,77.271436,53.726928
2844,3,1,2025-09-06,Latvia,Lithuania,94.814115,92.423003
2844,4,1,2025-09-06,Finland,Serbia,85.989302,98.065635
2845,1,1,2025-09-06,Turkey,Sweden,95.383976,69.380918
2845,2,1,2025-09-06,Germany,Portugal,93.377278,39.460395
2845,3,1,2025-09-06,Latvia,Lithuania,86.841834,90.334434
2845,4,1,2025-09-06,Finland,Serbia,88.782951,66.21626
2846,1,1,2025-09-06,Turkey,Sweden,74.16815,79.187672
2846,2,1,2025-09-06,Germany,Portugal,83.613207,73.784579
2846,3,1,2025-09-06,Latvia,Lithuania,105.02165,69.695727
2846,4,1,2025-09-06,Finland,Serbia,78.908185,80.669042
2847,1,1,2025-09-06,Turkey,Sweden,89.57177,82.753632
2847,2,1,2025-09-06,Germany,Portugal,101.55999,61.357022
2847,3,1,2025-09-06,Latvia,Lithuania,78.856264,74.725128
2847,4,1,2025-09-06,Finland,Serbia,78.972734,94.396154
2848,1,1,2025-09-06,Turkey,Sweden,84.772113,77.017847
2848,2,1,2025-09-06,Germany,Portugal,94.92965,63.017032
2848,3,1,2025-09-06,Latvia,Lithuania,68.28261,82.582006
2848,4,1,2025-09-06,Finland,Serbia,96.829637,103.25507
2849,1,1,2025-09-06,Turkey,Sweden,66.398973,51.857023
2849,2,1,2025-09-06,Germany,Portugal,79.84859,52.093237
2849,3,1,2025-09-06,Latvia,Lithuania,98.490957,102.96474
2849,4,1,2025-09-06,Finland,Serbia,54.97957,94.988389
2850,1,1,2025-09-06,Turkey,Sweden,82.647225,71.44361
2850,2,1,2025-09-06,Germany,Portugal,104.45858,75.884689
2850,3,1,2025-09-06,Latvia,Lithuania,83.143109,77.297897
2850,4,1,2025-09-06,Finland,Serbia,90.514548,100.19642
2851,1,1,2025-09-06,Turkey,Sweden,74.455071,70.4499
2851,2,1,2025-09-06,Germany,Portugal,83.7912,45.68232
2851,3,1,2025-09-06,Latvia,Lithuania,75.842078,95.483636
2851,4,1,2025-09-06,Finland,Serbia,90.126809,89.20894
2852,1,1,2025-09-06,Turkey,Sweden,77.032457,75.319608
2852,2,1,2025-09-06,Germany,Portugal,102.20193,49.105914
2852,3,1,2025-09-06,Latvia,Lithuania,92.552414,68.132025
2852,4,1,2025-09-06,Finland,Serbia,84.457629,98.582668
2853,1,1,2025-09-06,Turkey,Sweden,101.88004,84.413547
2853,2,1,2025-09-06,Germany,Portugal,68.275776,70.355824
2853,3,1,2025-09-06,Latvia,Lithuania,94.830751,89.171159
2853,4,1,2025-09-06,Finland,Serbia,95.980625,82.012567
2854,1,1,2025-09-06,Turkey,Sweden,81.49767,90.188125
2854,2,1,2025-09-06,Germany,Portugal,88.442999,72.831777
2854,3,1,2025-09-06,Latvia,Lithuania,71.527679,62.189769
2854,4,1,2025-09-06,Finland,Serbia,77.029261,98.136581
2855,1,1,2025-09-06,Turkey,Sweden,89.640807,91.190199
2855,2,1,2025-09-06,Germany,Portugal,86.050866,84.430615
2855,3,1,2025-09-06,Latvia,Lithuania,87.408474,93.771406
2855,4,1,2025-09-06,Finland,Serbia,86.47468,79.437527
2856,1,1,2025-09-06,Turkey,Sweden,103.78207,95.924168
2856,2,1,2025-09-06,Germany,Portugal,86.504897,67.956948
2856,3,1,2025-09-06,Latvia,Lithuania,82.691019,101.00962
2856,4,1,2025-09-06,Finland,Serbia,95.403662,104.48404
2857,1,1,2025-09-06,Turkey,Sweden,83.434816,74.568196
2857,2,1,2025-09-06,Germany,Portugal,109.55663,73.713814
2857,3,1,2025-09-06,Latvia,Lithuania,99.559352,86.032117
2857,4,1,2025-09-06,Finland,Serbia,110.33825,101.12782
2858,1,1,2025-09-06,Turkey,Sweden,82.733666,81.200212
2858,2,1,2025-09-06,Germany,Portugal,92.64091,58.908047
2858,3,1,2025-09-06,Latvia,Lithuania,82.636404,87.98057
2858,4,1,2025-09-06,Finland,Serbia,97.305147,106.69849
2859,1,1,2025-09-06,Turkey,Sweden,87.093537,77.944468
2859,2,1,2025-09-06,Germany,Portugal,101.14695,65.85661
2859,3,1,2025-09-06,Latvia,Lithuania,81.502608,92.707105
2859,4,1,2025-09-06,Finland,Serbia,90.589228,91.075652
2860,1,1,2025-09-06,Turkey,Sweden,97.809506,82.518186
2860,2,1,2025-09-06,Germany,Portugal,105.08345,76.1655
2860,3,1,2025-09-06,Latvia,Lithuania,91.738143,83.506675
2860,4,1,2025-09-06,Finland,Serbia,67.941865,55.490158
2861,1,1,2025-09-06,Turkey,Sweden,89.341519,67.871362
2861,2,1,2025-09-06,Germany,Portugal,109.01983,72.536134
2861,3,1,2025-09-06,Latvia,Lithuania,90.000583,78.693895
2861,4,1,2025-09-06,Finland,Serbia,102.17305,87.935242
2862,1,1,2025-09-06,Turkey,Sweden,74.14855,74.712416
2862,2,1,2025-09-06,Germany,Portugal,79.025688,59.428251
2862,3,1,2025-09-06,Latvia,Lithuania,87.412983,84.153873
2862,4,1,2025-09-06,Finland,Serbia,93.932961,97.858508
2863,1,1,2025-09-06,Turkey,Sweden,81.462769,78.282823
2863,2,1,2025-09-06,Germany,Portugal,114.59281,63.715444
2863,3,1,2025-09-06,Latvia,Lithuania,95.71031,73.189359
2863,4,1,2025-09-06,Finland,Serbia,73.920092,106.26722
2864,1,1,2025-09-06,Turkey,Sweden,82.661609,73.339643
2864,2,1,2025-09-06,Germany,Portugal,103.11561,62.843178
2864,3,1,2025-09-06,Latvia,Lithuania,70.019534,71.587749
2864,4,1,2025-09-06,Finland,Serbia,103.04134,102.10745
2865,1,1,2025-09-06,Turkey,Sweden,90.771959,97.960156
2865,2,1,2025-09-06,Germany,Portugal,78.279614,63.35239
2865,3,1,2025-09-06,Latvia,Lithuania,109.85401,100.03432
2865,4,1,2025-09-06,Finland,Serbia,103.59891,98.913805
2866,1,1,2025-09-06,Turkey,Sweden,66.232224,84.995312
2866,2,1,2025-09-06,Germany,Portugal,118.59114,76.980926
2866,3,1,2025-09-06,Latvia,Lithuania,87.585827,78.074008
2866,4,1,2025-09-06,Finland,Serbia,86.955311,90.737441
2867,1,1,2025-09-06,Turkey,Sweden,87.494107,79.502815
2867,2,1,2025-09-06,Germany,Portugal,82.794966,73.081825
2867,3,1,2025-09-06,Latvia,Lithuania,85.040327,77.228949
2867,4,1,2025-09-06,Finland,Serbia,97.907049,74.390705
2868,1,1,2025-09-06,Turkey,Sweden,111.03079,72.969648
2868,2,1,2025-09-06,Germany,Portugal,89.888786,72.889416
2868,3,1,2025-09-06,Latvia,Lithuania,113.80923,87.015353
2868,4,1,2025-09-06,Finland,Serbia,83.436024,112.07336
2869,1,1,2025-09-06,Turkey,Sweden,98.4156,73.896315
2869,2,1,2025-09-06,Germany,Portugal,85.038781,61.954341
2869,3,1,2025-09-06,Latvia,Lithuania,101.95119,82.111782
2869,4,1,2025-09-06,Finland,Serbia,82.28022,89.317986
2870,1,1,2025-09-06,Turkey,Sweden,74.447468,73.431281
2870,2,1,2025-09-06,Germany,Portugal,93.410767,55.770024
2870,3,1,2025-09-06,Latvia,Lithuania,76.533807,72.22848
2870,4,1,2025-09-06,Finland,Serbia,100.3651,79.453957
2871,1,1,2025-09-06,Turkey,Sweden,76.647478,80.19555
2871,2,1,2025-09-06,Germany,Portugal,87.688757,59.508747
2871,3,1,2025-09-06,Latvia,Lithuania,92.713404,92.80333
2871,4,1,2025-09-06,Finland,Serbia,66.916093,83.788107
2872,1,1,2025-09-06,Turkey,Sweden,94.680105,89.356881
2872,2,1,2025-09-06,Germany,Portugal,103.89951,91.889348
2872,3,1,2025-09-06,Latvia,Lithuania,101.16856,85.013491
2872,4,1,2025-09-06,Finland,Serbia,92.496286,104.19714
2873,1,1,2025-09-06,Turkey,Sweden,79.335621,47.233557
2873,2,1,2025-09-06,Germany,Portugal,61.129475,60.847239
2873,3,1,2025-09-06,Latvia,Lithuania,87.786814,88.407119
2873,4,1,2025-09-06,Finland,Serbia,93.080357,84.909273
2874,1,1,2025-09-06,Turkey,Sweden,99.988897,81.015117
2874,2,1,2025-09-06,Germany,Portugal,101.3974,68.650235
2874,3,1,2025-09-06,Latvia,Lithuania,75.752585,71.856383
2874,4,1,2025-09-06,Finland,Serbia,86.132473,99.322478
2875,1,1,2025-09-06,Turkey,Sweden,70.520038,78.297032
2875,2,1,2025-09-06,Germany,Portugal,93.115453,67.465677
2875,3,1,2025-09-06,Latvia,Lithuania,92.320699,78.257151
2875,4,1,2025-09-06,Finland,Serbia,82.573723,93.770074
2876,1,1,2025-09-06,Turkey,Sweden,69.735586,74.016876
2876,2,1,2025-09-06,Germany,Portugal,83.819151,84.025312
2876,3,1,2025-09-06,Latvia,Lithuania,89.793633,77.291494
2876,4,1,2025-09-06,Finland,Serbia,87.388119,92.026745
2877,1,1,2025-09-06,Turkey,Sweden,89.784185,83.265526
2877,2,1,2025-09-06,Germany,Portugal,90.439228,46.269643
2877,3,1,2025-09-06,Latvia,Lithuania,98.760148,75.933368
2877,4,1,2025-09-06,Finland,Serbia,111.91641,84.570702
2878,1,1,2025-09-06,Turkey,Sweden,72.068015,78.950169
2878,2,1,2025-09-06,Germany,Portugal,83.941608,71.702924
2878,3,1,2025-09-06,Latvia,Lithuania,74.028369,71.193954
2878,4,1,2025-09-06,Finland,Serbia,86.346344,91.806302
2879,1,1,2025-09-06,Turkey,Sweden,77.582111,80.323253
2879,2,1,2025-09-06,Germany,Portugal,72.039221,58.126751
2879,3,1,2025-09-06,Latvia,Lithuania,74.888014,81.201935
2879,4,1,2025-09-06,Finland,Serbia,89.828009,96.068792
2880,1,1,2025-09-06,Turkey,Sweden,78.707583,83.250498
2880,2,1,2025-09-06,Germany,Portugal,81.355095,71.108457
2880,3,1,2025-09-06,Latvia,Lithuania,84.43266,84.766249
2880,4,1,2025-09-06,Finland,Serbia,87.13794,108.61413
2881,1,1,2025-09-06,Turkey,Sweden,88.309586,83.688194
2881,2,1,2025-09-06,Germany,Portugal,96.286605,67.911261
2881,3,1,2025-09-06,Latvia,Lithuania,94.397634,77.817985
2881,4,1,2025-09-06,Finland,Serbia,99.806403,102.89291
2882,1,1,2025-09-06,Turkey,Sweden,74.962968,83.46339
2882,2,1,2025-09-06,Germany,Portugal,103.44267,75.729466
2882,3,1,2025-09-06,Latvia,Lithuania,64.301628,80.388521
2882,4,1,2025-09-06,Finland,Serbia,86.076637,89.213435
2883,1,1,2025-09-06,Turkey,Sweden,103.75431,77.301685
2883,2,1,2025-09-06,Germany,Portugal,69.433265,72.142098
2883,3,1,2025-09-06,Latvia,Lithuania,99.232567,72.307126
2883,4,1,2025-09-06,Finland,Serbia,51.503925,75.201384
2884,1,1,2025-09-06,Turkey,Sweden,85.656878,99.545639
2884,2,1,2025-09-06,Germany,Portugal,103.81901,79.392905
2884,3,1,2025-09-06,Latvia,Lithuania,89.112065,81.711549
2884,4,1,2025-09-06,Finland,Serbia,97.893339,90.602389
2885,1,1,2025-09-06,Turkey,Sweden,74.848501,75.067217
2885,2,1,2025-09-06,Germany,Portugal,108.41812,74.177389
2885,3,1,2025-09-06,Latvia,Lithuania,80.205643,74.245825
2885,4,1,2025-09-06,Finland,Serbia,97.520178,95.42765
2886,1,1,2025-09-06,Turkey,Sweden,100.10938,95.611
2886,2,1,2025-09-06,Germany,Portugal,100.4125,85.985113
2886,3,1,2025-09-06,Latvia,Lithuania,80.51889,79.624087
2886,4,1,2025-09-06,Finland,Serbia,73.172402,78.373213
2887,1,1,2025-09-06,Turkey,Sweden,77.311679,54.550571
2887,2,1,2025-09-06,Germany,Portugal,75.018957,52.49668
2887,3,1,2025-09-06,Latvia,Lithuania,90.37248,60.207064
2887,4,1,2025-09-06,Finland,Serbia,54.634371,91.834862
2888,1,1,2025-09-06,Turkey,Sweden,96.430344,109.74501
2888,2,1,2025-09-06,Germany,Portugal,89.248183,59.0544
2888,3,1,2025-09-06,Latvia,Lithuania,97.770956,118.46869
2888,4,1,2025-09-06,Finland,Serbia,91.404298,91.210407
2889,1,1,2025-09-06,Turkey,Sweden,81.851912,72.085602
2889,2,1,2025-09-06,Germany,Portugal,56.789552,50.596484
2889,3,1,2025-09-06,Latvia,Lithuania,79.216431,78.124905
2889,4,1,2025-09-06,Finland,Serbia,96.564729,89.398802
2890,1,1,2025-09-06,Turkey,Sweden,87.946101,86.756244
2890,2,1,2025-09-06,Germany,Portugal,94.911102,78.713923
2890,3,1,2025-09-06,Latvia,Lithuania,83.826388,81.386146
2890,4,1,2025-09-06,Finland,Serbia,74.379825,106.17959
2891,1,1,2025-09-06,Turkey,Sweden,68.660786,71.097683
2891,2,1,2025-09-06,Germany,Portugal,101.52677,41.144438
2891,3,1,2025-09-06,Latvia,Lithuania,104.12967,87.163179
2891,4,1,2025-09-06,Finland,Serbia,78.60877,92.528348
2892,1,1,2025-09-06,Turkey,Sweden,84.404737,77.209526
2892,2,1,2025-09-06,Germany,Portugal,87.58471,47.406334
2892,3,1,2025-09-06,Latvia,Lithuania,83.974456,58.112757
2892,4,1,2025-09-06,Finland,Serbia,103.0958,111.27757
2893,1,1,2025-09-06,Turkey,Sweden,93.941353,91.20894
2893,2,1,2025-09-06,Germany,Portugal,86.396109,51.748073
2893,3,1,2025-09-06,Latvia,Lithuania,83.635881,85.258375
2893,4,1,2025-09-06,Finland,Serbia,85.810121,87.767373
2894,1,1,2025-09-06,Turkey,Sweden,81.889088,84.344209
2894,2,1,2025-09-06,Germany,Portugal,56.726764,45.935008
2894,3,1,2025-09-06,Latvia,Lithuania,101.28217,66.749026
2894,4,1,2025-09-06,Finland,Serbia,68.65246,88.40154
2895,1,1,2025-09-06,Turkey,Sweden,91.738914,87.615195
2895,2,1,2025-09-06,Germany,Portugal,97.90359,64.945321
2895,3,1,2025-09-06,Latvia,Lithuania,86.940667,86.663481
2895,4,1,2025-09-06,Finland,Serbia,89.512244,84.046324
2896,1,1,2025-09-06,Turkey,Sweden,86.506178,83.234907
2896,2,1,2025-09-06,Germany,Portugal,94.211009,61.936812
2896,3,1,2025-09-06,Latvia,Lithuania,96.548943,89.295688
2896,4,1,2025-09-06,Finland,Serbia,93.581936,99.12235
2897,1,1,2025-09-06,Turkey,Sweden,76.194982,81.423631
2897,2,1,2025-09-06,Germany,Portugal,96.614204,56.831319
2897,3,1,2025-09-06,Latvia,Lithuania,76.857484,78.200164
2897,4,1,2025-09-06,Finland,Serbia,93.644425,82.723342
2898,1,1,2025-09-06,Turkey,Sweden,93.972913,63.643099
2898,2,1,2025-09-06,Germany,Portugal,98.127335,72.416951
2898,3,1,2025-09-06,Latvia,Lithuania,92.948423,84.294397
2898,4,1,2025-09-06,Finland,Serbia,91.035596,100.43593
2899,1,1,2025-09-06,Turkey,Sweden,86.179229,84.496366
2899,2,1,2025-09-06,Germany,Portugal,87.944779,78.141454
2899,3,1,2025-09-06,Latvia,Lithuania,77.474993,79.433595
2899,4,1,2025-09-06,Finland,Serbia,58.655893,82.31568
2900,1,1,2025-09-06,Turkey,Sweden,81.490055,74.489395
2900,2,1,2025-09-06,Germany,Portugal,84.000315,71.158494
2900,3,1,2025-09-06,Latvia,Lithuania,98.512574,87.012017
2900,4,1,2025-09-06,Finland,Serbia,123.44186,122.79413
2901,1,1,2025-09-06,Turkey,Sweden,83.766869,67.676479
2901,2,1,2025-09-06,Germany,Portugal,98.861538,81.083709
2901,3,1,2025-09-06,Latvia,Lithuania,79.915838,84.62943
2901,4,1,2025-09-06,Finland,Serbia,97.740704,99.693334
2902,1,1,2025-09-06,Turkey,Sweden,71.248518,78.024796
2902,2,1,2025-09-06,Germany,Portugal,76.989835,61.596476
2902,3,1,2025-09-06,Latvia,Lithuania,46.196329,87.035423
2902,4,1,2025-09-06,Finland,Serbia,98.018362,112.09936
2903,1,1,2025-09-06,Turkey,Sweden,108.22629,89.453214
2903,2,1,2025-09-06,Germany,Portugal,79.229545,53.237561
2903,3,1,2025-09-06,Latvia,Lithuania,93.688083,91.313591
2903,4,1,2025-09-06,Finland,Serbia,75.377461,86.670895
2904,1,1,2025-09-06,Turkey,Sweden,86.379568,88.610118
2904,2,1,2025-09-06,Germany,Portugal,85.582754,61.472648
2904,3,1,2025-09-06,Latvia,Lithuania,87.119141,68.252388
2904,4,1,2025-09-06,Finland,Serbia,104.6494,110.23195
2905,1,1,2025-09-06,Turkey,Sweden,76.315525,83.073135
2905,2,1,2025-09-06,Germany,Portugal,84.64018,47.187961
2905,3,1,2025-09-06,Latvia,Lithuania,80.175084,81.488434
2905,4,1,2025-09-06,Finland,Serbia,73.961794,93.929594
2906,1,1,2025-09-06,Turkey,Sweden,69.326589,67.158527
2906,2,1,2025-09-06,Germany,Portugal,97.783627,68.951219
2906,3,1,2025-09-06,Latvia,Lithuania,81.100909,78.159784
2906,4,1,2025-09-06,Finland,Serbia,107.08529,101.27854
2907,1,1,2025-09-06,Turkey,Sweden,96.276993,82.463658
2907,2,1,2025-09-06,Germany,Portugal,89.952447,37.363128
2907,3,1,2025-09-06,Latvia,Lithuania,108.91184,65.43425
2907,4,1,2025-09-06,Finland,Serbia,95.280203,109.3293
2908,1,1,2025-09-06,Turkey,Sweden,81.138438,67.43567
2908,2,1,2025-09-06,Germany,Portugal,96.742153,67.814031
2908,3,1,2025-09-06,Latvia,Lithuania,81.729498,97.045177
2908,4,1,2025-09-06,Finland,Serbia,82.109711,94.716819
2909,1,1,2025-09-06,Turkey,Sweden,93.844241,90.720085
2909,2,1,2025-09-06,Germany,Portugal,97.237746,62.907973
2909,3,1,2025-09-06,Latvia,Lithuania,84.327513,74.977993
2909,4,1,2025-09-06,Finland,Serbia,76.789455,73.288638
2910,1,1,2025-09-06,Turkey,Sweden,80.728226,47.77331
2910,2,1,2025-09-06,Germany,Portugal,98.994783,72.052368
2910,3,1,2025-09-06,Latvia,Lithuania,80.365297,77.660125
2910,4,1,2025-09-06,Finland,Serbia,78.416149,102.98269
2911,1,1,2025-09-06,Turkey,Sweden,78.865172,73.87913
2911,2,1,2025-09-06,Germany,Portugal,100.70366,75.459542
2911,3,1,2025-09-06,Latvia,Lithuania,97.551251,72.696416
2911,4,1,2025-09-06,Finland,Serbia,86.589594,95.379337
2912,1,1,2025-09-06,Turkey,Sweden,83.852587,76.973353
2912,2,1,2025-09-06,Germany,Portugal,72.367569,57.882421
2912,3,1,2025-09-06,Latvia,Lithuania,88.945996,73.676468
2912,4,1,2025-09-06,Finland,Serbia,78.853587,84.94156
2913,1,1,2025-09-06,Turkey,Sweden,86.361351,96.066924
2913,2,1,2025-09-06,Germany,Portugal,82.659861,75.663656
2913,3,1,2025-09-06,Latvia,Lithuania,84.875477,70.26451
2913,4,1,2025-09-06,Finland,Serbia,90.403239,96.399747
2914,1,1,2025-09-06,Turkey,Sweden,100.32338,84.079818
2914,2,1,2025-09-06,Germany,Portugal,91.512623,89.710065
2914,3,1,2025-09-06,Latvia,Lithuania,82.129314,95.102133
2914,4,1,2025-09-06,Finland,Serbia,81.458853,108.02516
2915,1,1,2025-09-06,Turkey,Sweden,89.403775,72.99408
2915,2,1,2025-09-06,Germany,Portugal,92.113712,63.442781
2915,3,1,2025-09-06,Latvia,Lithuania,91.321836,75.949501
2915,4,1,2025-09-06,Finland,Serbia,79.292229,92.501071
2916,1,1,2025-09-06,Turkey,Sweden,81.096588,74.912966
2916,2,1,2025-09-06,Germany,Portugal,91.88067,80.66408
2916,3,1,2025-09-06,Latvia,Lithuania,76.888497,95.814789
2916,4,1,2025-09-06,Finland,Serbia,81.519519,87.57377
2917,1,1,2025-09-06,Turkey,Sweden,80.06575,71.056265
2917,2,1,2025-09-06,Germany,Portugal,77.93314,65.777383
2917,3,1,2025-09-06,Latvia,Lithuania,86.724509,80.905241
2917,4,1,2025-09-06,Finland,Serbia,94.657264,59.194379
2918,1,1,2025-09-06,Turkey,Sweden,91.047214,87.496149
2918,2,1,2025-09-06,Germany,Portugal,101.13703,75.357071
2918,3,1,2025-09-06,Latvia,Lithuania,81.9063,86.057676
2918,4,1,2025-09-06,Finland,Serbia,92.162319,86.924517
2919,1,1,2025-09-06,Turkey,Sweden,105.57456,53.389573
2919,2,1,2025-09-06,Germany,Portugal,91.184862,60.367177
2919,3,1,2025-09-06,Latvia,Lithuania,103.49943,78.823525
2919,4,1,2025-09-06,Finland,Serbia,87.212001,87.122271
2920,1,1,2025-09-06,Turkey,Sweden,85.460507,61.536965
2920,2,1,2025-09-06,Germany,Portugal,82.56929,60.18027
2920,3,1,2025-09-06,Latvia,Lithuania,58.0578,73.869958
2920,4,1,2025-09-06,Finland,Serbia,80.111359,93.170042
2921,1,1,2025-09-06,Turkey,Sweden,75.070337,79.620773
2921,2,1,2025-09-06,Germany,Portugal,89.365714,72.471951
2921,3,1,2025-09-06,Latvia,Lithuania,93.473897,76.929459
2921,4,1,2025-09-06,Finland,Serbia,97.544824,103.24854
2922,1,1,2025-09-06,Turkey,Sweden,85.380338,73.410443
2922,2,1,2025-09-06,Germany,Portugal,78.746714,76.748829
2922,3,1,2025-09-06,Latvia,Lithuania,76.938396,94.79036
2922,4,1,2025-09-06,Finland,Serbia,109.70176,87.280606
2923,1,1,2025-09-06,Turkey,Sweden,100.99447,64.912202
2923,2,1,2025-09-06,Germany,Portugal,100.76506,67.888085
2923,3,1,2025-09-06,Latvia,Lithuania,78.286963,67.329314
2923,4,1,2025-09-06,Finland,Serbia,93.694628,94.698908
2924,1,1,2025-09-06,Turkey,Sweden,63.842636,53.345255
2924,2,1,2025-09-06,Germany,Portugal,96.093299,79.433915
2924,3,1,2025-09-06,Latvia,Lithuania,87.170855,87.042367
2924,4,1,2025-09-06,Finland,Serbia,102.68657,97.475335
2925,1,1,2025-09-06,Turkey,Sweden,87.024755,82.253211
2925,2,1,2025-09-06,Germany,Portugal,71.867481,69.422513
2925,3,1,2025-09-06,Latvia,Lithuania,94.188441,85.339958
2925,4,1,2025-09-06,Finland,Serbia,85.426496,104.14278
2926,1,1,2025-09-06,Turkey,Sweden,93.510771,68.873623
2926,2,1,2025-09-06,Germany,Portugal,82.215417,57.191383
2926,3,1,2025-09-06,Latvia,Lithuania,80.016352,70.527276
2926,4,1,2025-09-06,Finland,Serbia,92.002833999999993,76.172753
2927,1,1,2025-09-06,Turkey,Sweden,83.471358,63.16878
2927,2,1,2025-09-06,Germany,Portugal,97.425579,59.651862
2927,3,1,2025-09-06,Latvia,Lithuania,96.453707,75.447184
2927,4,1,2025-09-06,Finland,Serbia,93.62281,95.692444
2928,1,1,2025-09-06,Turkey,Sweden,80.130339,70.361726
2928,2,1,2025-09-06,Germany,Portugal,100.12512,70.476414
2928,3,1,2025-09-06,Latvia,Lithuania,76.959347,87.724497
2928,4,1,2025-09-06,Finland,Serbia,96.002711,92.440717
2929,1,1,2025-09-06,Turkey,Sweden,92.060777,99.774916
2929,2,1,2025-09-06,Germany,Portugal,72.326289,44.554041
2929,3,1,2025-09-06,Latvia,Lithuania,90.201449,97.746016
2929,4,1,2025-09-06,Finland,Serbia,64.271733,80.052436
2930,1,1,2025-09-06,Turkey,Sweden,78.566322,77.117532
2930,2,1,2025-09-06,Germany,Portugal,64.155626,51.816556
2930,3,1,2025-09-06,Latvia,Lithuania,87.149118,80.787744
2930,4,1,2025-09-06,Finland,Serbia,86.114902,86.837391
2931,1,1,2025-09-06,Turkey,Sweden,84.138481,62.858277
2931,2,1,2025-09-06,Germany,Portugal,82.448863,73.570014
2931,3,1,2025-09-06,Latvia,Lithuania,79.858281,78.630447
2931,4,1,2025-09-06,Finland,Serbia,86.962534,97.696305
2932,1,1,2025-09-06,Turkey,Sweden,82.032701,84.157166
2932,2,1,2025-09-06,Germany,Portugal,100.22755,88.975957
2932,3,1,2025-09-06,Latvia,Lithuania,86.641215,80.636316
2932,4,1,2025-09-06,Finland,Serbia,98.34155,82.613457
2933,1,1,2025-09-06,Turkey,Sweden,91.943424,87.119292
2933,2,1,2025-09-06,Germany,Portugal,79.132118,53.342053
2933,3,1,2025-09-06,Latvia,Lithuania,94.259538,91.572798
2933,4,1,2025-09-06,Finland,Serbia,83.647227,84.454848
2934,1,1,2025-09-06,Turkey,Sweden,79.027429,99.313644
2934,2,1,2025-09-06,Germany,Portugal,105.62437,50.299476
2934,3,1,2025-09-06,Latvia,Lithuania,95.091484,77.28326
2934,4,1,2025-09-06,Finland,Serbia,91.833289,87.846802
2935,1,1,2025-09-06,Turkey,Sweden,93.185625,60.916817
2935,2,1,2025-09-06,Germany,Portugal,116.67002,75.262441
2935,3,1,2025-09-06,Latvia,Lithuania,88.833316,86.728083
2935,4,1,2025-09-06,Finland,Serbia,110.43125,97.692129
2936,1,1,2025-09-06,Turkey,Sweden,102.68627,94.586474
2936,2,1,2025-09-06,Germany,Portugal,104.71446,66.94799
2936,3,1,2025-09-06,Latvia,Lithuania,71.963652,81.314053
2936,4,1,2025-09-06,Finland,Serbia,87.173963,99.368568
2937,1,1,2025-09-06,Turkey,Sweden,81.228274,67.032449
2937,2,1,2025-09-06,Germany,Portugal,102.40284,61.655979
2937,3,1,2025-09-06,Latvia,Lithuania,80.432576,85.728994
2937,4,1,2025-09-06,Finland,Serbia,86.325943,82.653622
2938,1,1,2025-09-06,Turkey,Sweden,69.736451,56.931813
2938,2,1,2025-09-06,Germany,Portugal,93.061141,70.230686
2938,3,1,2025-09-06,Latvia,Lithuania,111.13953,68.475341
2938,4,1,2025-09-06,Finland,Serbia,94.601505,71.93371
2939,1,1,2025-09-06,Turkey,Sweden,78.359205,78.569871
2939,2,1,2025-09-06,Germany,Portugal,96.184826,97.273942
2939,3,1,2025-09-06,Latvia,Lithuania,109.80135,110.4365
2939,4,1,2025-09-06,Finland,Serbia,98.115531,92.880934
2940,1,1,2025-09-06,Turkey,Sweden,78.975488,84.774918
2940,2,1,2025-09-06,Germany,Portugal,98.145103,35.63213
2940,3,1,2025-09-06,Latvia,Lithuania,91.19585,85.934804
2940,4,1,2025-09-06,Finland,Serbia,95.988302,93.487279
2941,1,1,2025-09-06,Turkey,Sweden,95.240691,62.180829
2941,2,1,2025-09-06,Germany,Portugal,98.75126,77.18801
2941,3,1,2025-09-06,Latvia,Lithuania,90.150999,91.128791
2941,4,1,2025-09-06,Finland,Serbia,85.460594,97.694869
2942,1,1,2025-09-06,Turkey,Sweden,78.640084,72.988704
2942,2,1,2025-09-06,Germany,Portugal,88.612624,83.152186
2942,3,1,2025-09-06,Latvia,Lithuania,80.941202,74.594327
2942,4,1,2025-09-06,Finland,Serbia,81.86549,103.92929
2943,1,1,2025-09-06,Turkey,Sweden,86.312757,94.951048
2943,2,1,2025-09-06,Germany,Portugal,89.507524,68.551262
2943,3,1,2025-09-06,Latvia,Lithuania,92.701894,82.671036
2943,4,1,2025-09-06,Finland,Serbia,93.798325,97.018349
2944,1,1,2025-09-06,Turkey,Sweden,81.3403,69.587926
2944,2,1,2025-09-06,Germany,Portugal,90.466602,67.860076
2944,3,1,2025-09-06,Latvia,Lithuania,86.682162,85.197315
2944,4,1,2025-09-06,Finland,Serbia,85.677031,102.53449
2945,1,1,2025-09-06,Turkey,Sweden,88.595853,89.646971
2945,2,1,2025-09-06,Germany,Portugal,83.132796,50.299809
2945,3,1,2025-09-06,Latvia,Lithuania,81.344579,73.46524
2945,4,1,2025-09-06,Finland,Serbia,91.209243,103.88545
2946,1,1,2025-09-06,Turkey,Sweden,91.763937,68.567744
2946,2,1,2025-09-06,Germany,Portugal,84.016027,49.684091
2946,3,1,2025-09-06,Latvia,Lithuania,71.853612,74.215089
2946,4,1,2025-09-06,Finland,Serbia,95.58221,82.822174
2947,1,1,2025-09-06,Turkey,Sweden,72.78739,56.703513
2947,2,1,2025-09-06,Germany,Portugal,77.162318,57.502799
2947,3,1,2025-09-06,Latvia,Lithuania,83.853453,90.418598
2947,4,1,2025-09-06,Finland,Serbia,92.656956,99.712613
2948,1,1,2025-09-06,Turkey,Sweden,101.06334,75.891708
2948,2,1,2025-09-06,Germany,Portugal,111.00515,82.102971
2948,3,1,2025-09-06,Latvia,Lithuania,77.505356,94.79682
2948,4,1,2025-09-06,Finland,Serbia,69.262792,81.941665
2949,1,1,2025-09-06,Turkey,Sweden,76.420861,56.052575
2949,2,1,2025-09-06,Germany,Portugal,87.352461,67.203136
2949,3,1,2025-09-06,Latvia,Lithuania,84.412504,86.494155
2949,4,1,2025-09-06,Finland,Serbia,95.720975,71.846806
2950,1,1,2025-09-06,Turkey,Sweden,96.58494,95.655163
2950,2,1,2025-09-06,Germany,Portugal,90.821643,76.794889
2950,3,1,2025-09-06,Latvia,Lithuania,96.730365,93.468782
2950,4,1,2025-09-06,Finland,Serbia,81.165647,89.481491
2951,1,1,2025-09-06,Turkey,Sweden,78.555039,59.463293
2951,2,1,2025-09-06,Germany,Portugal,89.936368,53.25091
2951,3,1,2025-09-06,Latvia,Lithuania,84.411642,82.243775
2951,4,1,2025-09-06,Finland,Serbia,92.373775,83.67139
2952,1,1,2025-09-06,Turkey,Sweden,108.95134,51.821951
2952,2,1,2025-09-06,Germany,Portugal,109.86769,61.574476
2952,3,1,2025-09-06,Latvia,Lithuania,96.273874,63.08193
2952,4,1,2025-09-06,Finland,Serbia,85.853116,105.11138
2953,1,1,2025-09-06,Turkey,Sweden,81.558821,79.992623
2953,2,1,2025-09-06,Germany,Portugal,90.54606,74.182667
2953,3,1,2025-09-06,Latvia,Lithuania,90.194471,81.812878
2953,4,1,2025-09-06,Finland,Serbia,87.798455,90.768855
2954,1,1,2025-09-06,Turkey,Sweden,85.714983,89.569903
2954,2,1,2025-09-06,Germany,Portugal,72.99666,26.636017
2954,3,1,2025-09-06,Latvia,Lithuania,81.744529,76.45456
2954,4,1,2025-09-06,Finland,Serbia,85.49607,95.664821
2955,1,1,2025-09-06,Turkey,Sweden,84.036658,69.84985
2955,2,1,2025-09-06,Germany,Portugal,83.791931,45.618166
2955,3,1,2025-09-06,Latvia,Lithuania,84.929904,74.577432
2955,4,1,2025-09-06,Finland,Serbia,106.67938,87.238227
2956,1,1,2025-09-06,Turkey,Sweden,88.993943,58.690296
2956,2,1,2025-09-06,Germany,Portugal,78.469261,77.300507
2956,3,1,2025-09-06,Latvia,Lithuania,70.800681,91.443697
2956,4,1,2025-09-06,Finland,Serbia,87.915367,106.88214
2957,1,1,2025-09-06,Turkey,Sweden,50.280945,68.805795
2957,2,1,2025-09-06,Germany,Portugal,73.928815,54.363683
2957,3,1,2025-09-06,Latvia,Lithuania,83.285087,88.463895
2957,4,1,2025-09-06,Finland,Serbia,106.09865,103.90774
2958,1,1,2025-09-06,Turkey,Sweden,97.345145,71.470933
2958,2,1,2025-09-06,Germany,Portugal,86.208086,64.286156
2958,3,1,2025-09-06,Latvia,Lithuania,76.583489,72.346006
2958,4,1,2025-09-06,Finland,Serbia,100.78979,87.383712
2959,1,1,2025-09-06,Turkey,Sweden,82.795957,70.905162
2959,2,1,2025-09-06,Germany,Portugal,92.451437,74.120604
2959,3,1,2025-09-06,Latvia,Lithuania,70.252159,77.102469
2959,4,1,2025-09-06,Finland,Serbia,91.91045,93.119472
2960,1,1,2025-09-06,Turkey,Sweden,66.262211,89.693167
2960,2,1,2025-09-06,Germany,Portugal,100.70858,58.137862
2960,3,1,2025-09-06,Latvia,Lithuania,93.370983,75.552987
2960,4,1,2025-09-06,Finland,Serbia,103.80578,96.808328
2961,1,1,2025-09-06,Turkey,Sweden,111.16538,91.537497
2961,2,1,2025-09-06,Germany,Portugal,78.005351,69.28252
2961,3,1,2025-09-06,Latvia,Lithuania,73.607812,73.98177
2961,4,1,2025-09-06,Finland,Serbia,78.080544,116.43456
2962,1,1,2025-09-06,Turkey,Sweden,71.245206,81.535555
2962,2,1,2025-09-06,Germany,Portugal,98.473628,63.833996
2962,3,1,2025-09-06,Latvia,Lithuania,108.70042,94.017514
2962,4,1,2025-09-06,Finland,Serbia,108.36878,70.635975
2963,1,1,2025-09-06,Turkey,Sweden,109.69388,80.89534
2963,2,1,2025-09-06,Germany,Portugal,87.204986,53.778913
2963,3,1,2025-09-06,Latvia,Lithuania,80.093161,84.961905
2963,4,1,2025-09-06,Finland,Serbia,82.684387,94.102103
2964,1,1,2025-09-06,Turkey,Sweden,79.534903,67.775886
2964,2,1,2025-09-06,Germany,Portugal,88.438334,54.200421
2964,3,1,2025-09-06,Latvia,Lithuania,86.455014,84.190669
2964,4,1,2025-09-06,Finland,Serbia,98.404223,94.633452
2965,1,1,2025-09-06,Turkey,Sweden,81.578307,67.525383
2965,2,1,2025-09-06,Germany,Portugal,84.365304,60.886051
2965,3,1,2025-09-06,Latvia,Lithuania,92.686116,90.185999
2965,4,1,2025-09-06,Finland,Serbia,73.145655,94.393414
2966,1,1,2025-09-06,Turkey,Sweden,90.22399,71.551554
2966,2,1,2025-09-06,Germany,Portugal,87.965806,67.837793
2966,3,1,2025-09-06,Latvia,Lithuania,91.105088,59.846871
2966,4,1,2025-09-06,Finland,Serbia,111.80171,107.0414
2967,1,1,2025-09-06,Turkey,Sweden,82.901506,55.948831
2967,2,1,2025-09-06,Germany,Portugal,101.4237,62.154841
2967,3,1,2025-09-06,Latvia,Lithuania,78.722612,64.006868
2967,4,1,2025-09-06,Finland,Serbia,85.418699,102.66387
2968,1,1,2025-09-06,Turkey,Sweden,80.192529,76.642344
2968,2,1,2025-09-06,Germany,Portugal,95.738999,65.710366
2968,3,1,2025-09-06,Latvia,Lithuania,79.827224,76.653054
2968,4,1,2025-09-06,Finland,Serbia,88.436674,92.172359
2969,1,1,2025-09-06,Turkey,Sweden,87.244491,56.045959
2969,2,1,2025-09-06,Germany,Portugal,98.165464,61.267238
2969,3,1,2025-09-06,Latvia,Lithuania,79.852966,80.532841
2969,4,1,2025-09-06,Finland,Serbia,90.781285,101.02621
2970,1,1,2025-09-06,Turkey,Sweden,79.255844,96.808434
2970,2,1,2025-09-06,Germany,Portugal,113.14189,74.048473
2970,3,1,2025-09-06,Latvia,Lithuania,82.772168,95.203719
2970,4,1,2025-09-06,Finland,Serbia,108.61532,83.21542
2971,1,1,2025-09-06,Turkey,Sweden,99.527108,72.456852
2971,2,1,2025-09-06,Germany,Portugal,89.626506,69.008527
2971,3,1,2025-09-06,Latvia,Lithuania,106.54663,79.356815
2971,4,1,2025-09-06,Finland,Serbia,105.06944,80.029364
2972,1,1,2025-09-06,Turkey,Sweden,76.092599,66.557214
2972,2,1,2025-09-06,Germany,Portugal,82.230379,49.135015
2972,3,1,2025-09-06,Latvia,Lithuania,115.72196,83.56276
2972,4,1,2025-09-06,Finland,Serbia,116.51841,114.86011
2973,1,1,2025-09-06,Turkey,Sweden,83.392185,76.327911
2973,2,1,2025-09-06,Germany,Portugal,99.714453,57.335623
2973,3,1,2025-09-06,Latvia,Lithuania,76.651,78.555023
2973,4,1,2025-09-06,Finland,Serbia,96.742393,98.759521
2974,1,1,2025-09-06,Turkey,Sweden,72.615637,67.188368
2974,2,1,2025-09-06,Germany,Portugal,93.130452,67.791855
2974,3,1,2025-09-06,Latvia,Lithuania,82.162028,95.456283
2974,4,1,2025-09-06,Finland,Serbia,83.666064,76.255383
2975,1,1,2025-09-06,Turkey,Sweden,65.249546,87.895023
2975,2,1,2025-09-06,Germany,Portugal,99.341364,68.001639
2975,3,1,2025-09-06,Latvia,Lithuania,114.3898,75.202022
2975,4,1,2025-09-06,Finland,Serbia,61.679279,118.73108
2976,1,1,2025-09-06,Turkey,Sweden,80.211115,77.896466
2976,2,1,2025-09-06,Germany,Portugal,72.239792,56.176596
2976,3,1,2025-09-06,Latvia,Lithuania,88.475684,79.782834
2976,4,1,2025-09-06,Finland,Serbia,110.9103,103.5364
2977,1,1,2025-09-06,Turkey,Sweden,101.17908,80.315515
2977,2,1,2025-09-06,Germany,Portugal,95.850064,44.170735
2977,3,1,2025-09-06,Latvia,Lithuania,63.078597,62.209851
2977,4,1,2025-09-06,Finland,Serbia,90.820314,86.128239
2978,1,1,2025-09-06,Turkey,Sweden,80.855315,93.352641
2978,2,1,2025-09-06,Germany,Portugal,88.816286,73.34744
2978,3,1,2025-09-06,Latvia,Lithuania,82.175443,81.747644
2978,4,1,2025-09-06,Finland,Serbia,104.99254,113.47037
2979,1,1,2025-09-06,Turkey,Sweden,101.82813,95.60042
2979,2,1,2025-09-06,Germany,Portugal,97.930484,56.64555
2979,3,1,2025-09-06,Latvia,Lithuania,96.817498,94.561585
2979,4,1,2025-09-06,Finland,Serbia,97.701314,126.38858
2980,1,1,2025-09-06,Turkey,Sweden,72.804046,78.399627
2980,2,1,2025-09-06,Germany,Portugal,72.112454,52.667039
2980,3,1,2025-09-06,Latvia,Lithuania,86.79758,83.822353
2980,4,1,2025-09-06,Finland,Serbia,93.022008,92.721854
2981,1,1,2025-09-06,Turkey,Sweden,80.143671,93.171504
2981,2,1,2025-09-06,Germany,Portugal,77.481038,61.896286
2981,3,1,2025-09-06,Latvia,Lithuania,103.27222,64.829985
2981,4,1,2025-09-06,Finland,Serbia,60.213819,84.258501
2982,1,1,2025-09-06,Turkey,Sweden,79.999719,66.764216
2982,2,1,2025-09-06,Germany,Portugal,92.619766,60.030247
2982,3,1,2025-09-06,Latvia,Lithuania,87.994143,72.859159
2982,4,1,2025-09-06,Finland,Serbia,97.984237,81.838061
2983,1,1,2025-09-06,Turkey,Sweden,84.642325,79.332105
2983,2,1,2025-09-06,Germany,Portugal,90.602937,66.371476
2983,3,1,2025-09-06,Latvia,Lithuania,81.990835,62.397739
2983,4,1,2025-09-06,Finland,Serbia,83.884879,109.85227
2984,1,1,2025-09-06,Turkey,Sweden,100.17486,84.414654
2984,2,1,2025-09-06,Germany,Portugal,92.587558,66.653465
2984,3,1,2025-09-06,Latvia,Lithuania,93.018483,82.77744
2984,4,1,2025-09-06,Finland,Serbia,93.501785,75.176389
2985,1,1,2025-09-06,Turkey,Sweden,66.793609,89.266667
2985,2,1,2025-09-06,Germany,Portugal,83.994229,75.625355
2985,3,1,2025-09-06,Latvia,Lithuania,103.25335,91.862975
2985,4,1,2025-09-06,Finland,Serbia,92.72847,92.020562
2986,1,1,2025-09-06,Turkey,Sweden,97.599596,63.813806
2986,2,1,2025-09-06,Germany,Portugal,71.808914,56.026943
2986,3,1,2025-09-06,Latvia,Lithuania,115.36629,101.2713
2986,4,1,2025-09-06,Finland,Serbia,103.53229,85.159918
2987,1,1,2025-09-06,Turkey,Sweden,85.80166,69.325097
2987,2,1,2025-09-06,Germany,Portugal,96.188737,60.435747
2987,3,1,2025-09-06,Latvia,Lithuania,70.806968,90.689702
2987,4,1,2025-09-06,Finland,Serbia,94.490477,82.47782
2988,1,1,2025-09-06,Turkey,Sweden,88.091537,84.22144
2988,2,1,2025-09-06,Germany,Portugal,112.50712,59.121899
2988,3,1,2025-09-06,Latvia,Lithuania,95.883322,85.185668
2988,4,1,2025-09-06,Finland,Serbia,85.202617,90.631523
2989,1,1,2025-09-06,Turkey,Sweden,100.19133,88.862188
2989,2,1,2025-09-06,Germany,Portugal,93.945281,58.167371
2989,3,1,2025-09-06,Latvia,Lithuania,82.939486,88.786523
2989,4,1,2025-09-06,Finland,Serbia,74.728355,110.15395
2990,1,1,2025-09-06,Turkey,Sweden,89.677561,87.879939
2990,2,1,2025-09-06,Germany,Portugal,74.203895,62.591965
2990,3,1,2025-09-06,Latvia,Lithuania,108.19822,88.114616
2990,4,1,2025-09-06,Finland,Serbia,96.444563,90.823575
2991,1,1,2025-09-06,Turkey,Sweden,88.064406,60.803011
2991,2,1,2025-09-06,Germany,Portugal,114.20863,62.457505
2991,3,1,2025-09-06,Latvia,Lithuania,80.471195,95.049791
2991,4,1,2025-09-06,Finland,Serbia,69.96459,80.410297
2992,1,1,2025-09-06,Turkey,Sweden,84.572944,42.230805
2992,2,1,2025-09-06,Germany,Portugal,84.372202,71.668007
2992,3,1,2025-09-06,Latvia,Lithuania,85.060688,78.683988
2992,4,1,2025-09-06,Finland,Serbia,97.151777,86.513615
2993,1,1,2025-09-06,Turkey,Sweden,110.30413,74.950132
2993,2,1,2025-09-06,Germany,Portugal,79.896323,60.763087
2993,3,1,2025-09-06,Latvia,Lithuania,80.429158,95.930352
2993,4,1,2025-09-06,Finland,Serbia,116.87489,99.770523
2994,1,1,2025-09-06,Turkey,Sweden,67.539621,59.801145
2994,2,1,2025-09-06,Germany,Portugal,88.985738,64.651874
2994,3,1,2025-09-06,Latvia,Lithuania,86.956617,80.719253
2994,4,1,2025-09-06,Finland,Serbia,95.609105,93.859291
2995,1,1,2025-09-06,Turkey,Sweden,83.432286,55.795883
2995,2,1,2025-09-06,Germany,Portugal,97.890082,45.0884
2995,3,1,2025-09-06,Latvia,Lithuania,65.806488,89.486662
2995,4,1,2025-09-06,Finland,Serbia,73.739767,111.50073
2996,1,1,2025-09-06,Turkey,Sweden,74.604002,88.235857
2996,2,1,2025-09-06,Germany,Portugal,87.699526,57.742144
2996,3,1,2025-09-06,Latvia,Lithuania,92.913847,78.061694
2996,4,1,2025-09-06,Finland,Serbia,91.016718,98.999763
2997,1,1,2025-09-06,Turkey,Sweden,91.129342,77.661306
2997,2,1,2025-09-06,Germany,Portugal,91.975499,69.909271
2997,3,1,2025-09-06,Latvia,Lithuania,87.609864,62.724003
2997,4,1,2025-09-06,Finland,Serbia,109.40471,99.136748
2998,1,1,2025-09-06,Turkey,Sweden,90.007989,87.899245
2998,2,1,2025-09-06,Germany,Portugal,93.953613,75.799012
2998,3,1,2025-09-06,Latvia,Lithuania,110.74887,93.560403
2998,4,1,2025-09-06,Finland,Serbia,95.153733,115.63467
2999,1,1,2025-09-06,Turkey,Sweden,114.33085,72.055641
2999,2,1,2025-09-06,Germany,Portugal,59.32904,63.80766
2999,3,1,2025-09-06,Latvia,Lithuania,96.065053,100.13311
2999,4,1,2025-09-06,Finland,Serbia,93.202014,94.123966
3000,1,1,2025-09-06,Turkey,Sweden,95.023372,82.754153
3000,2,1,2025-09-06,Germany,Portugal,83.241728,56.519493
3000,3,1,2025-09-06,Latvia,Lithuania,91.952321,78.366818
3000,4,1,2025-09-06,Finland,Serbia,66.838225,94.558737
3001,1,1,2025-09-06,Turkey,Sweden,79.985102,68.571384
3001,2,1,2025-09-06,Germany,Portugal,85.297721,61.422063
3001,3,1,2025-09-06,Latvia,Lithuania,104.12855,94.580991
3001,4,1,2025-09-06,Finland,Serbia,87.280129,104.82575
3002,1,1,2025-09-06,Turkey,Sweden,83.158919,62.472307
3002,2,1,2025-09-06,Germany,Portugal,89.983773,92.197641
3002,3,1,2025-09-06,Latvia,Lithuania,83.55719,68.885088
3002,4,1,2025-09-06,Finland,Serbia,86.216766,97.165764
3003,1,1,2025-09-06,Turkey,Sweden,95.87531,80.377039
3003,2,1,2025-09-06,Germany,Portugal,81.666546,52.686617
3003,3,1,2025-09-06,Latvia,Lithuania,102.43365,75.758163
3003,4,1,2025-09-06,Finland,Serbia,100.6016,117.60484
3004,1,1,2025-09-06,Turkey,Sweden,65.713797,71.263632
3004,2,1,2025-09-06,Germany,Portugal,100.03159,52.037904
3004,3,1,2025-09-06,Latvia,Lithuania,92.14554,91.208639
3004,4,1,2025-09-06,Finland,Serbia,76.274223,102.68955
3005,1,1,2025-09-06,Turkey,Sweden,90.848815,61.439212
3005,2,1,2025-09-06,Germany,Portugal,105.71664,77.671775
3005,3,1,2025-09-06,Latvia,Lithuania,97.32507,77.706635
3005,4,1,2025-09-06,Finland,Serbia,82.182635,81.584871
3006,1,1,2025-09-06,Turkey,Sweden,83.457842,74.919684
3006,2,1,2025-09-06,Germany,Portugal,97.277024,56.679776
3006,3,1,2025-09-06,Latvia,Lithuania,81.132865,83.366554
3006,4,1,2025-09-06,Finland,Serbia,100.45528,110.02032
3007,1,1,2025-09-06,Turkey,Sweden,106.32722,81.129493
3007,2,1,2025-09-06,Germany,Portugal,76.721545,61.211013
3007,3,1,2025-09-06,Latvia,Lithuania,78.069856,95.758582
3007,4,1,2025-09-06,Finland,Serbia,80.667553,83.504713
3008,1,1,2025-09-06,Turkey,Sweden,99.730547,83.0996
3008,2,1,2025-09-06,Germany,Portugal,77.092517,56.653721
3008,3,1,2025-09-06,Latvia,Lithuania,99.902219,86.936859
3008,4,1,2025-09-06,Finland,Serbia,94.132028,99.773002
3009,1,1,2025-09-06,Turkey,Sweden,92.031091,88.986797
3009,2,1,2025-09-06,Germany,Portugal,80.675765,75.5883
3009,3,1,2025-09-06,Latvia,Lithuania,91.204191,83.753508
3009,4,1,2025-09-06,Finland,Serbia,92.06204,113.88732
3010,1,1,2025-09-06,Turkey,Sweden,82.246035,67.111967
3010,2,1,2025-09-06,Germany,Portugal,89.302236,53.56677
3010,3,1,2025-09-06,Latvia,Lithuania,96.044554,80.541531
3010,4,1,2025-09-06,Finland,Serbia,81.234029,97.381596
3011,1,1,2025-09-06,Turkey,Sweden,84.000425,82.061415
3011,2,1,2025-09-06,Germany,Portugal,94.89861,60.919105
3011,3,1,2025-09-06,Latvia,Lithuania,97.768661,97.549603
3011,4,1,2025-09-06,Finland,Serbia,98.104434,82.435013
3012,1,1,2025-09-06,Turkey,Sweden,98.631773,98.517959
3012,2,1,2025-09-06,Germany,Portugal,90.969969,75.898933
3012,3,1,2025-09-06,Latvia,Lithuania,75.870122,68.02047
3012,4,1,2025-09-06,Finland,Serbia,91.107452,86.251229
3013,1,1,2025-09-06,Turkey,Sweden,78.995619,74.064295
3013,2,1,2025-09-06,Germany,Portugal,89.265971,70.43913
3013,3,1,2025-09-06,Latvia,Lithuania,95.18892,79.563279
3013,4,1,2025-09-06,Finland,Serbia,103.39528,85.863319
3014,1,1,2025-09-06,Turkey,Sweden,68.797954,109.35636
3014,2,1,2025-09-06,Germany,Portugal,90.245059,29.462331
3014,3,1,2025-09-06,Latvia,Lithuania,69.658632,92.979338
3014,4,1,2025-09-06,Finland,Serbia,102.70753,98.095833
3015,1,1,2025-09-06,Turkey,Sweden,78.441368,77.142569
3015,2,1,2025-09-06,Germany,Portugal,95.797431,65.688373
3015,3,1,2025-09-06,Latvia,Lithuania,85.313572,84.941083
3015,4,1,2025-09-06,Finland,Serbia,63.352683,95.144654
3016,1,1,2025-09-06,Turkey,Sweden,89.088451,79.768898
3016,2,1,2025-09-06,Germany,Portugal,98.397838,73.812941
3016,3,1,2025-09-06,Latvia,Lithuania,83.856352,95.33131
3016,4,1,2025-09-06,Finland,Serbia,95.835173,110.92117
3017,1,1,2025-09-06,Turkey,Sweden,76.166695,74.852401
3017,2,1,2025-09-06,Germany,Portugal,79.744113,48.915544
3017,3,1,2025-09-06,Latvia,Lithuania,82.816473,82.836325
3017,4,1,2025-09-06,Finland,Serbia,72.152283,89.079575
3018,1,1,2025-09-06,Turkey,Sweden,78.006692,73.849753
3018,2,1,2025-09-06,Germany,Portugal,72.317338,45.527399
3018,3,1,2025-09-06,Latvia,Lithuania,84.628413,59.761836
3018,4,1,2025-09-06,Finland,Serbia,111.68994000000001,96.347617
3019,1,1,2025-09-06,Turkey,Sweden,72.119557,72.240729
3019,2,1,2025-09-06,Germany,Portugal,85.112607,59.735637
3019,3,1,2025-09-06,Latvia,Lithuania,82.626842,58.105732
3019,4,1,2025-09-06,Finland,Serbia,82.909228,89.498354
3020,1,1,2025-09-06,Turkey,Sweden,99.573751,73.046104
3020,2,1,2025-09-06,Germany,Portugal,72.979806,60.721129
3020,3,1,2025-09-06,Latvia,Lithuania,70.331714,92.545886
3020,4,1,2025-09-06,Finland,Serbia,91.896589,86.232645
3021,1,1,2025-09-06,Turkey,Sweden,83.457787,76.849746
3021,2,1,2025-09-06,Germany,Portugal,100.17633,58.420405
3021,3,1,2025-09-06,Latvia,Lithuania,90.558093,105.66134
3021,4,1,2025-09-06,Finland,Serbia,53.984612,71.178541
3022,1,1,2025-09-06,Turkey,Sweden,60.416554,73.327712
3022,2,1,2025-09-06,Germany,Portugal,100.18985,44.227326
3022,3,1,2025-09-06,Latvia,Lithuania,89.447187,69.640616
3022,4,1,2025-09-06,Finland,Serbia,94.359004,86.473275
3023,1,1,2025-09-06,Turkey,Sweden,85.655162,96.55293
3023,2,1,2025-09-06,Germany,Portugal,96.610774,63.903162
3023,3,1,2025-09-06,Latvia,Lithuania,73.724964,87.745065
3023,4,1,2025-09-06,Finland,Serbia,84.652581,84.428455
3024,1,1,2025-09-06,Turkey,Sweden,98.860841,88.262109
3024,2,1,2025-09-06,Germany,Portugal,75.406285,60.134129
3024,3,1,2025-09-06,Latvia,Lithuania,88.200736,75.046694
3024,4,1,2025-09-06,Finland,Serbia,85.987446,101.16516
3025,1,1,2025-09-06,Turkey,Sweden,72.356503,81.229923
3025,2,1,2025-09-06,Germany,Portugal,103.91781,57.066633
3025,3,1,2025-09-06,Latvia,Lithuania,95.288731,76.444248
3025,4,1,2025-09-06,Finland,Serbia,94.972007,97.360546
3026,1,1,2025-09-06,Turkey,Sweden,86.39816,76.45818
3026,2,1,2025-09-06,Germany,Portugal,103.51583,79.67873
3026,3,1,2025-09-06,Latvia,Lithuania,70.288344,70.905166
3026,4,1,2025-09-06,Finland,Serbia,52.367977,99.970071
3027,1,1,2025-09-06,Turkey,Sweden,83.427629,91.132094
3027,2,1,2025-09-06,Germany,Portugal,99.069988,67.872056
3027,3,1,2025-09-06,Latvia,Lithuania,83.396818,83.650191
3027,4,1,2025-09-06,Finland,Serbia,89.453478,85.177244
3028,1,1,2025-09-06,Turkey,Sweden,96.094682,82.267761
3028,2,1,2025-09-06,Germany,Portugal,99.217897,75.486406
3028,3,1,2025-09-06,Latvia,Lithuania,84.080099,85.478901
3028,4,1,2025-09-06,Finland,Serbia,79.394556,98.879104
3029,1,1,2025-09-06,Turkey,Sweden,83.071682,82.794799
3029,2,1,2025-09-06,Germany,Portugal,103.73329,68.396527
3029,3,1,2025-09-06,Latvia,Lithuania,85.915081,83.968456
3029,4,1,2025-09-06,Finland,Serbia,108.52003,84.997498
3030,1,1,2025-09-06,Turkey,Sweden,92.362077,75.420323
3030,2,1,2025-09-06,Germany,Portugal,103.29228,63.280495
3030,3,1,2025-09-06,Latvia,Lithuania,60.353538,71.41174
3030,4,1,2025-09-06,Finland,Serbia,77.595979,101.57225
3031,1,1,2025-09-06,Turkey,Sweden,76.739721,66.885344
3031,2,1,2025-09-06,Germany,Portugal,114.71456,69.896483
3031,3,1,2025-09-06,Latvia,Lithuania,89.837153,87.124636
3031,4,1,2025-09-06,Finland,Serbia,101.23834,90.493202
3032,1,1,2025-09-06,Turkey,Sweden,101.83622,91.374428
3032,2,1,2025-09-06,Germany,Portugal,84.683261,70.115801
3032,3,1,2025-09-06,Latvia,Lithuania,95.391667,82.476802
3032,4,1,2025-09-06,Finland,Serbia,93.776704,106.56124
3033,1,1,2025-09-06,Turkey,Sweden,100.62896,90.030982
3033,2,1,2025-09-06,Germany,Portugal,82.117594,54.888225
3033,3,1,2025-09-06,Latvia,Lithuania,100.3941,69.103947
3033,4,1,2025-09-06,Finland,Serbia,96.788394,78.99828
3034,1,1,2025-09-06,Turkey,Sweden,89.465493,71.086716
3034,2,1,2025-09-06,Germany,Portugal,104.46781,57.417822
3034,3,1,2025-09-06,Latvia,Lithuania,77.002187,80.401208
3034,4,1,2025-09-06,Finland,Serbia,86.091369,82.836605
3035,1,1,2025-09-06,Turkey,Sweden,76.397481,94.602423
3035,2,1,2025-09-06,Germany,Portugal,102.30242,66.107419
3035,3,1,2025-09-06,Latvia,Lithuania,89.369619,90.315271
3035,4,1,2025-09-06,Finland,Serbia,82.748305,89.076194
3036,1,1,2025-09-06,Turkey,Sweden,91.88403,93.279489
3036,2,1,2025-09-06,Germany,Portugal,94.612181,70.850117
3036,3,1,2025-09-06,Latvia,Lithuania,87.726571,92.351678
3036,4,1,2025-09-06,Finland,Serbia,81.624654,92.170484
3037,1,1,2025-09-06,Turkey,Sweden,85.806936,90.536807
3037,2,1,2025-09-06,Germany,Portugal,91.141599,86.549136
3037,3,1,2025-09-06,Latvia,Lithuania,83.346878,79.307781
3037,4,1,2025-09-06,Finland,Serbia,84.940594,84.859382
3038,1,1,2025-09-06,Turkey,Sweden,76.132625,95.801915
3038,2,1,2025-09-06,Germany,Portugal,83.750637,44.927689
3038,3,1,2025-09-06,Latvia,Lithuania,88.157438,79.465316
3038,4,1,2025-09-06,Finland,Serbia,97.249263,95.736144
3039,1,1,2025-09-06,Turkey,Sweden,102.85886,71.724218
3039,2,1,2025-09-06,Germany,Portugal,100.55769,68.775166
3039,3,1,2025-09-06,Latvia,Lithuania,82.013152,88.707135
3039,4,1,2025-09-06,Finland,Serbia,94.241552,91.003803
3040,1,1,2025-09-06,Turkey,Sweden,89.265377,71.098535
3040,2,1,2025-09-06,Germany,Portugal,102.60527,73.127145
3040,3,1,2025-09-06,Latvia,Lithuania,97.98478,72.483703
3040,4,1,2025-09-06,Finland,Serbia,86.170604,104.37961
3041,1,1,2025-09-06,Turkey,Sweden,89.350152,58.994353
3041,2,1,2025-09-06,Germany,Portugal,94.451465,65.441246
3041,3,1,2025-09-06,Latvia,Lithuania,93.505725,72.047918
3041,4,1,2025-09-06,Finland,Serbia,98.955871,91.935045
3042,1,1,2025-09-06,Turkey,Sweden,93.773111,84.593299
3042,2,1,2025-09-06,Germany,Portugal,96.975643,76.401231
3042,3,1,2025-09-06,Latvia,Lithuania,96.477295,72.925237
3042,4,1,2025-09-06,Finland,Serbia,85.875131,95.584262
3043,1,1,2025-09-06,Turkey,Sweden,103.9646,44.041166
3043,2,1,2025-09-06,Germany,Portugal,87.845431,71.979769
3043,3,1,2025-09-06,Latvia,Lithuania,89.887078,81.362165
3043,4,1,2025-09-06,Finland,Serbia,95.1143,112.36701
3044,1,1,2025-09-06,Turkey,Sweden,100.54718,71.305957
3044,2,1,2025-09-06,Germany,Portugal,106.43186,82.807784
3044,3,1,2025-09-06,Latvia,Lithuania,97.275165,92.081945
3044,4,1,2025-09-06,Finland,Serbia,75.783863,61.573078
3045,1,1,2025-09-06,Turkey,Sweden,85.914985,72.916104
3045,2,1,2025-09-06,Germany,Portugal,74.692916,66.452458
3045,3,1,2025-09-06,Latvia,Lithuania,76.660864,73.769538
3045,4,1,2025-09-06,Finland,Serbia,72.761627,76.832832
3046,1,1,2025-09-06,Turkey,Sweden,91.505592,74.94975
3046,2,1,2025-09-06,Germany,Portugal,92.110593,73.927358
3046,3,1,2025-09-06,Latvia,Lithuania,74.378874,81.416528
3046,4,1,2025-09-06,Finland,Serbia,97.529177,118.10572
3047,1,1,2025-09-06,Turkey,Sweden,79.446675,98.513256
3047,2,1,2025-09-06,Germany,Portugal,89.755906,69.815336
3047,3,1,2025-09-06,Latvia,Lithuania,70.902646,80.410713
3047,4,1,2025-09-06,Finland,Serbia,86.375307,95.017119
3048,1,1,2025-09-06,Turkey,Sweden,73.640384,62.062671
3048,2,1,2025-09-06,Germany,Portugal,91.781185,53.112312
3048,3,1,2025-09-06,Latvia,Lithuania,81.710873,69.137799
3048,4,1,2025-09-06,Finland,Serbia,85.965127,74.097692
3049,1,1,2025-09-06,Turkey,Sweden,84.590038,92.648303
3049,2,1,2025-09-06,Germany,Portugal,75.0777,59.963569
3049,3,1,2025-09-06,Latvia,Lithuania,81.558522,82.524885
3049,4,1,2025-09-06,Finland,Serbia,95.093322,83.155765
3050,1,1,2025-09-06,Turkey,Sweden,97.703881,61.759521
3050,2,1,2025-09-06,Germany,Portugal,67.166101,59.370599
3050,3,1,2025-09-06,Latvia,Lithuania,88.320281,90.049562
3050,4,1,2025-09-06,Finland,Serbia,92.211999,81.845956
3051,1,1,2025-09-06,Turkey,Sweden,90.211458,72.90345
3051,2,1,2025-09-06,Germany,Portugal,86.187725,29.598491
3051,3,1,2025-09-06,Latvia,Lithuania,85.876181,81.708391
3051,4,1,2025-09-06,Finland,Serbia,96.692199,91.522294
3052,1,1,2025-09-06,Turkey,Sweden,74.14426,88.896189
3052,2,1,2025-09-06,Germany,Portugal,85.794195,71.094383
3052,3,1,2025-09-06,Latvia,Lithuania,71.827544,100.47038
3052,4,1,2025-09-06,Finland,Serbia,85.744254,91.100354
3053,1,1,2025-09-06,Turkey,Sweden,80.446178,83.925679
3053,2,1,2025-09-06,Germany,Portugal,84.881335000000007,68.488239
3053,3,1,2025-09-06,Latvia,Lithuania,121.54242,94.091535
3053,4,1,2025-09-06,Finland,Serbia,108.59327,80.4166
3054,1,1,2025-09-06,Turkey,Sweden,81.716182,71.25407
3054,2,1,2025-09-06,Germany,Portugal,96.547686,66.024178
3054,3,1,2025-09-06,Latvia,Lithuania,90.051431,79.496418
3054,4,1,2025-09-06,Finland,Serbia,76.772395,94.927164
3055,1,1,2025-09-06,Turkey,Sweden,101.6005,73.964567
3055,2,1,2025-09-06,Germany,Portugal,108.94431,79.141169
3055,3,1,2025-09-06,Latvia,Lithuania,91.325977,92.784504
3055,4,1,2025-09-06,Finland,Serbia,91.328844,103.98303
3056,1,1,2025-09-06,Turkey,Sweden,103.45227,108.94839
3056,2,1,2025-09-06,Germany,Portugal,103.69731,58.909248
3056,3,1,2025-09-06,Latvia,Lithuania,81.605051,79.309869
3056,4,1,2025-09-06,Finland,Serbia,107.43151,100.83141
3057,1,1,2025-09-06,Turkey,Sweden,98.108483,89.445286
3057,2,1,2025-09-06,Germany,Portugal,83.064856,58.868684
3057,3,1,2025-09-06,Latvia,Lithuania,74.107549,81.316035
3057,4,1,2025-09-06,Finland,Serbia,78.385162,77.194079
3058,1,1,2025-09-06,Turkey,Sweden,75.755402,63.975783
3058,2,1,2025-09-06,Germany,Portugal,69.651364,57.76416
3058,3,1,2025-09-06,Latvia,Lithuania,79.425375,75.564059
3058,4,1,2025-09-06,Finland,Serbia,94.853397,105.59529
3059,1,1,2025-09-06,Turkey,Sweden,75.021876,66.848568
3059,2,1,2025-09-06,Germany,Portugal,92.602737,79.0426
3059,3,1,2025-09-06,Latvia,Lithuania,87.039643,79.214465
3059,4,1,2025-09-06,Finland,Serbia,75.704046,87.193972
3060,1,1,2025-09-06,Turkey,Sweden,84.805485,82.379772
3060,2,1,2025-09-06,Germany,Portugal,105.55551,50.226359
3060,3,1,2025-09-06,Latvia,Lithuania,75.493279,86.352859
3060,4,1,2025-09-06,Finland,Serbia,84.484361,98.924624
3061,1,1,2025-09-06,Turkey,Sweden,84.452421,81.098446
3061,2,1,2025-09-06,Germany,Portugal,92.008114,69.813711
3061,3,1,2025-09-06,Latvia,Lithuania,84.226203,80.751328
3061,4,1,2025-09-06,Finland,Serbia,104.43689,92.846271
3062,1,1,2025-09-06,Turkey,Sweden,101.52127,89.74825
3062,2,1,2025-09-06,Germany,Portugal,89.977173,68.192995
3062,3,1,2025-09-06,Latvia,Lithuania,64.804749,65.292553
3062,4,1,2025-09-06,Finland,Serbia,108.11024,100.7899
3063,1,1,2025-09-06,Turkey,Sweden,68.212187,63.263286
3063,2,1,2025-09-06,Germany,Portugal,81.142378,48.313588
3063,3,1,2025-09-06,Latvia,Lithuania,74.57577,72.865228
3063,4,1,2025-09-06,Finland,Serbia,109.18337,107.78793
3064,1,1,2025-09-06,Turkey,Sweden,68.280666,87.94601
3064,2,1,2025-09-06,Germany,Portugal,65.426958,66.308586
3064,3,1,2025-09-06,Latvia,Lithuania,75.714712,74.211867
3064,4,1,2025-09-06,Finland,Serbia,74.595182,107.09375
3065,1,1,2025-09-06,Turkey,Sweden,74.877837,73.037123
3065,2,1,2025-09-06,Germany,Portugal,79.607406,57.539397
3065,3,1,2025-09-06,Latvia,Lithuania,96.912644,72.404494
3065,4,1,2025-09-06,Finland,Serbia,81.501997,86.785996
3066,1,1,2025-09-06,Turkey,Sweden,77.103055,79.518845
3066,2,1,2025-09-06,Germany,Portugal,87.614761,53.321437
3066,3,1,2025-09-06,Latvia,Lithuania,69.643355,65.892333
3066,4,1,2025-09-06,Finland,Serbia,83.88372,96.532732
3067,1,1,2025-09-06,Turkey,Sweden,96.408508,44.058817
3067,2,1,2025-09-06,Germany,Portugal,103.83214,77.532018
3067,3,1,2025-09-06,Latvia,Lithuania,92.035282,89.014949
3067,4,1,2025-09-06,Finland,Serbia,84.113945,102.5798
3068,1,1,2025-09-06,Turkey,Sweden,96.620669,72.608416
3068,2,1,2025-09-06,Germany,Portugal,96.291778,58.47581
3068,3,1,2025-09-06,Latvia,Lithuania,90.551738,84.408985
3068,4,1,2025-09-06,Finland,Serbia,91.024436,106.30241
3069,1,1,2025-09-06,Turkey,Sweden,104.94514,78.127524
3069,2,1,2025-09-06,Germany,Portugal,102.34631,72.475033
3069,3,1,2025-09-06,Latvia,Lithuania,84.034775,71.186544
3069,4,1,2025-09-06,Finland,Serbia,99.1853,102.90043
3070,1,1,2025-09-06,Turkey,Sweden,75.881129,82.890456
3070,2,1,2025-09-06,Germany,Portugal,72.979663,62.073904
3070,3,1,2025-09-06,Latvia,Lithuania,97.465223,60.851112
3070,4,1,2025-09-06,Finland,Serbia,86.267559,80.601644
3071,1,1,2025-09-06,Turkey,Sweden,87.461439,75.272168
3071,2,1,2025-09-06,Germany,Portugal,82.771439,75.245493
3071,3,1,2025-09-06,Latvia,Lithuania,92.961568,71.910665
3071,4,1,2025-09-06,Finland,Serbia,82.961898,104.15528
3072,1,1,2025-09-06,Turkey,Sweden,87.67683,61.044519
3072,2,1,2025-09-06,Germany,Portugal,90.855033,100.54239
3072,3,1,2025-09-06,Latvia,Lithuania,84.462511,100.93377
3072,4,1,2025-09-06,Finland,Serbia,72.782494,89.630614
3073,1,1,2025-09-06,Turkey,Sweden,95.503305,60.99741
3073,2,1,2025-09-06,Germany,Portugal,66.06087,65.050768
3073,3,1,2025-09-06,Latvia,Lithuania,72.39849,94.635906
3073,4,1,2025-09-06,Finland,Serbia,79.055723,104.34124
3074,1,1,2025-09-06,Turkey,Sweden,76.12028,62.338814
3074,2,1,2025-09-06,Germany,Portugal,94.109843,74.199053
3074,3,1,2025-09-06,Latvia,Lithuania,85.381083,88.712481
3074,4,1,2025-09-06,Finland,Serbia,97.584446,90.55501
3075,1,1,2025-09-06,Turkey,Sweden,84.290281,62.958657
3075,2,1,2025-09-06,Germany,Portugal,98.138034,68.200066
3075,3,1,2025-09-06,Latvia,Lithuania,84.111504,81.058433
3075,4,1,2025-09-06,Finland,Serbia,87.168039,100.1161
3076,1,1,2025-09-06,Turkey,Sweden,105.21384,80.412267
3076,2,1,2025-09-06,Germany,Portugal,89.488262,60.230372
3076,3,1,2025-09-06,Latvia,Lithuania,87.139685,76.292782
3076,4,1,2025-09-06,Finland,Serbia,105.16313,91.534635
3077,1,1,2025-09-06,Turkey,Sweden,84.086659,84.079226
3077,2,1,2025-09-06,Germany,Portugal,96.840455,72.225544
3077,3,1,2025-09-06,Latvia,Lithuania,93.713527,84.489414
3077,4,1,2025-09-06,Finland,Serbia,81.054125,96.945234
3078,1,1,2025-09-06,Turkey,Sweden,76.928556,85.850977
3078,2,1,2025-09-06,Germany,Portugal,72.141853,55.64903
3078,3,1,2025-09-06,Latvia,Lithuania,91.549133,66.112163
3078,4,1,2025-09-06,Finland,Serbia,94.225599,90.84401
3079,1,1,2025-09-06,Turkey,Sweden,94.445462,75.668953
3079,2,1,2025-09-06,Germany,Portugal,70.730823,67.32498
3079,3,1,2025-09-06,Latvia,Lithuania,91.958577,108.78696
3079,4,1,2025-09-06,Finland,Serbia,102.72429,96.352322
3080,1,1,2025-09-06,Turkey,Sweden,76.058727,73.793759
3080,2,1,2025-09-06,Germany,Portugal,85.989002,45.385563
3080,3,1,2025-09-06,Latvia,Lithuania,93.300321,81.684206
3080,4,1,2025-09-06,Finland,Serbia,106.5317,98.421059
3081,1,1,2025-09-06,Turkey,Sweden,82.330213,66.190129
3081,2,1,2025-09-06,Germany,Portugal,87.11483,61.86361
3081,3,1,2025-09-06,Latvia,Lithuania,75.065533,91.592885
3081,4,1,2025-09-06,Finland,Serbia,94.081119,116.36581
3082,1,1,2025-09-06,Turkey,Sweden,97.543448,76.748702
3082,2,1,2025-09-06,Germany,Portugal,98.497861,86.545259
3082,3,1,2025-09-06,Latvia,Lithuania,99.309886,85.129286
3082,4,1,2025-09-06,Finland,Serbia,87.713517,108.37234
3083,1,1,2025-09-06,Turkey,Sweden,86.890775,79.082895
3083,2,1,2025-09-06,Germany,Portugal,94.313262,57.412735
3083,3,1,2025-09-06,Latvia,Lithuania,74.194638,69.830602
3083,4,1,2025-09-06,Finland,Serbia,73.496452,79.09752
3084,1,1,2025-09-06,Turkey,Sweden,95.04524,71.211246
3084,2,1,2025-09-06,Germany,Portugal,102.01392,61.705206
3084,3,1,2025-09-06,Latvia,Lithuania,65.44964,65.775431
3084,4,1,2025-09-06,Finland,Serbia,91.612104,85.888718
3085,1,1,2025-09-06,Turkey,Sweden,95.887694,77.137735
3085,2,1,2025-09-06,Germany,Portugal,83.003048,58.528772
3085,3,1,2025-09-06,Latvia,Lithuania,76.026915,77.681357
3085,4,1,2025-09-06,Finland,Serbia,85.014374,99.737489
3086,1,1,2025-09-06,Turkey,Sweden,82.051377,82.298858
3086,2,1,2025-09-06,Germany,Portugal,87.168122,69.750333
3086,3,1,2025-09-06,Latvia,Lithuania,60.163358,72.002058
3086,4,1,2025-09-06,Finland,Serbia,96.118724,97.790189
3087,1,1,2025-09-06,Turkey,Sweden,90.392848,66.270073
3087,2,1,2025-09-06,Germany,Portugal,82.416173,52.714278
3087,3,1,2025-09-06,Latvia,Lithuania,89.038401,89.896649
3087,4,1,2025-09-06,Finland,Serbia,88.879273,72.953515
3088,1,1,2025-09-06,Turkey,Sweden,77.081864,69.379944
3088,2,1,2025-09-06,Germany,Portugal,72.649207,53.815826
3088,3,1,2025-09-06,Latvia,Lithuania,80.157871,85.047623
3088,4,1,2025-09-06,Finland,Serbia,76.775211,86.605944
3089,1,1,2025-09-06,Turkey,Sweden,73.72794,77.396717
3089,2,1,2025-09-06,Germany,Portugal,95.069983,65.712817
3089,3,1,2025-09-06,Latvia,Lithuania,77.52583,73.243231
3089,4,1,2025-09-06,Finland,Serbia,75.777511,90.712622
3090,1,1,2025-09-06,Turkey,Sweden,81.845867,74.809289
3090,2,1,2025-09-06,Germany,Portugal,82.062952,72.015992
3090,3,1,2025-09-06,Latvia,Lithuania,110.07913,91.899233
3090,4,1,2025-09-06,Finland,Serbia,92.474179,84.86706
3091,1,1,2025-09-06,Turkey,Sweden,108.93657,98.769272
3091,2,1,2025-09-06,Germany,Portugal,87.232867,64.492679999999993
3091,3,1,2025-09-06,Latvia,Lithuania,110.75488,84.05074
3091,4,1,2025-09-06,Finland,Serbia,84.163926,108.00535
3092,1,1,2025-09-06,Turkey,Sweden,83.717205,62.817929
3092,2,1,2025-09-06,Germany,Portugal,90.731055,64.070574
3092,3,1,2025-09-06,Latvia,Lithuania,95.400806,82.879359
3092,4,1,2025-09-06,Finland,Serbia,108.25717,89.892463
3093,1,1,2025-09-06,Turkey,Sweden,77.284324,67.934822
3093,2,1,2025-09-06,Germany,Portugal,101.30691,83.658966
3093,3,1,2025-09-06,Latvia,Lithuania,82.271094,91.751825
3093,4,1,2025-09-06,Finland,Serbia,71.959313,74.20489
3094,1,1,2025-09-06,Turkey,Sweden,73.949964,72.811083
3094,2,1,2025-09-06,Germany,Portugal,98.434278,70.960569
3094,3,1,2025-09-06,Latvia,Lithuania,89.338706,81.779489
3094,4,1,2025-09-06,Finland,Serbia,101.42121,96.506948
3095,1,1,2025-09-06,Turkey,Sweden,105.01264,78.531151
3095,2,1,2025-09-06,Germany,Portugal,92.849778,94.671736
3095,3,1,2025-09-06,Latvia,Lithuania,97.365908,82.196324
3095,4,1,2025-09-06,Finland,Serbia,71.596253,106.25897
3096,1,1,2025-09-06,Turkey,Sweden,96.325165,81.519953
3096,2,1,2025-09-06,Germany,Portugal,89.698094,80.811605
3096,3,1,2025-09-06,Latvia,Lithuania,97.819217,86.252994
3096,4,1,2025-09-06,Finland,Serbia,68.939239,85.031045
3097,1,1,2025-09-06,Turkey,Sweden,89.759791,48.898881
3097,2,1,2025-09-06,Germany,Portugal,106.20297,81.216485
3097,3,1,2025-09-06,Latvia,Lithuania,98.148838,103.11202
3097,4,1,2025-09-06,Finland,Serbia,113.15245,112.51375
3098,1,1,2025-09-06,Turkey,Sweden,80.351562,71.170261
3098,2,1,2025-09-06,Germany,Portugal,81.101254,41.717773
3098,3,1,2025-09-06,Latvia,Lithuania,72.197945,74.159396
3098,4,1,2025-09-06,Finland,Serbia,100.08262,86.200856
3099,1,1,2025-09-06,Turkey,Sweden,94.042078,76.157918
3099,2,1,2025-09-06,Germany,Portugal,87.011624,66.22024
3099,3,1,2025-09-06,Latvia,Lithuania,94.816467,67.80248
3099,4,1,2025-09-06,Finland,Serbia,78.853297,87.14377
3100,1,1,2025-09-06,Turkey,Sweden,103.83787,80.743963
3100,2,1,2025-09-06,Germany,Portugal,68.68466,72.28032
3100,3,1,2025-09-06,Latvia,Lithuania,73.392679,87.030032
3100,4,1,2025-09-06,Finland,Serbia,86.643158,91.068757
3101,1,1,2025-09-06,Turkey,Sweden,87.706644,79.13191
3101,2,1,2025-09-06,Germany,Portugal,93.713007,84.793875
3101,3,1,2025-09-06,Latvia,Lithuania,84.763926,80.923419
3101,4,1,2025-09-06,Finland,Serbia,79.38847,75.276305
3102,1,1,2025-09-06,Turkey,Sweden,82.163591,83.131568
3102,2,1,2025-09-06,Germany,Portugal,84.820867,49.821514
3102,3,1,2025-09-06,Latvia,Lithuania,103.44998,82.657368
3102,4,1,2025-09-06,Finland,Serbia,102.75264,93.499472
3103,1,1,2025-09-06,Turkey,Sweden,96.130636,113.79156
3103,2,1,2025-09-06,Germany,Portugal,81.532424,66.736292
3103,3,1,2025-09-06,Latvia,Lithuania,82.814147,54.568651
3103,4,1,2025-09-06,Finland,Serbia,99.304097,102.89321
3104,1,1,2025-09-06,Turkey,Sweden,74.771141,72.204329
3104,2,1,2025-09-06,Germany,Portugal,80.037858,51.988026
3104,3,1,2025-09-06,Latvia,Lithuania,90.850075,82.708469
3104,4,1,2025-09-06,Finland,Serbia,110.3096,88.298401
3105,1,1,2025-09-06,Turkey,Sweden,78.604212,59.239044
3105,2,1,2025-09-06,Germany,Portugal,114.52136,76.571312
3105,3,1,2025-09-06,Latvia,Lithuania,74.473094,90.135353
3105,4,1,2025-09-06,Finland,Serbia,92.748682,77.593472
3106,1,1,2025-09-06,Turkey,Sweden,70.90198,61.111826
3106,2,1,2025-09-06,Germany,Portugal,101.63563,63.542613
3106,3,1,2025-09-06,Latvia,Lithuania,80.144235,101.1358
3106,4,1,2025-09-06,Finland,Serbia,110.26335,109.51855
3107,1,1,2025-09-06,Turkey,Sweden,90.629601,71.376746
3107,2,1,2025-09-06,Germany,Portugal,88.620071,55.34706
3107,3,1,2025-09-06,Latvia,Lithuania,61.158063,81.261447
3107,4,1,2025-09-06,Finland,Serbia,86.469896,93.029244
3108,1,1,2025-09-06,Turkey,Sweden,86.745769,75.017774
3108,2,1,2025-09-06,Germany,Portugal,90.382517000000007,68.34684
3108,3,1,2025-09-06,Latvia,Lithuania,74.558921,79.041129
3108,4,1,2025-09-06,Finland,Serbia,90.407897,88.989928
3109,1,1,2025-09-06,Turkey,Sweden,81.884985,63.565845
3109,2,1,2025-09-06,Germany,Portugal,77.419597,79.449685
3109,3,1,2025-09-06,Latvia,Lithuania,94.36397,96.985421
3109,4,1,2025-09-06,Finland,Serbia,76.562964,131.03521
3110,1,1,2025-09-06,Turkey,Sweden,97.901615,67.473563
3110,2,1,2025-09-06,Germany,Portugal,89.714543,82.671225
3110,3,1,2025-09-06,Latvia,Lithuania,74.569082,82.726218
3110,4,1,2025-09-06,Finland,Serbia,62.666083,104.24986
3111,1,1,2025-09-06,Turkey,Sweden,69.338193,63.755164
3111,2,1,2025-09-06,Germany,Portugal,81.067804,81.368551
3111,3,1,2025-09-06,Latvia,Lithuania,77.500737,82.342688
3111,4,1,2025-09-06,Finland,Serbia,86.551373,106.4886
3112,1,1,2025-09-06,Turkey,Sweden,93.664602,76.990324
3112,2,1,2025-09-06,Germany,Portugal,79.321096,56.152726
3112,3,1,2025-09-06,Latvia,Lithuania,89.971891,103.83895
3112,4,1,2025-09-06,Finland,Serbia,87.275659,106.33432
3113,1,1,2025-09-06,Turkey,Sweden,91.686024,78.197258
3113,2,1,2025-09-06,Germany,Portugal,87.930198,55.580266
3113,3,1,2025-09-06,Latvia,Lithuania,94.216,82.356747
3113,4,1,2025-09-06,Finland,Serbia,94.603655,96.651227
3114,1,1,2025-09-06,Turkey,Sweden,66.245644,85.384243
3114,2,1,2025-09-06,Germany,Portugal,92.693046,59.027728
3114,3,1,2025-09-06,Latvia,Lithuania,78.936033,72.19514
3114,4,1,2025-09-06,Finland,Serbia,73.665652,94.114394
3115,1,1,2025-09-06,Turkey,Sweden,96.426947,75.87196
3115,2,1,2025-09-06,Germany,Portugal,79.300974,51.13857
3115,3,1,2025-09-06,Latvia,Lithuania,77.550895,101.06103
3115,4,1,2025-09-06,Finland,Serbia,73.959008,113.46737
3116,1,1,2025-09-06,Turkey,Sweden,86.570084,82.943541
3116,2,1,2025-09-06,Germany,Portugal,84.079927,50.737084
3116,3,1,2025-09-06,Latvia,Lithuania,73.464947,97.476479
3116,4,1,2025-09-06,Finland,Serbia,93.301402,101.59152
3117,1,1,2025-09-06,Turkey,Sweden,84.892549,97.682798
3117,2,1,2025-09-06,Germany,Portugal,93.079726,66.98848
3117,3,1,2025-09-06,Latvia,Lithuania,75.976627,92.645377
3117,4,1,2025-09-06,Finland,Serbia,86.792144,100.4193
3118,1,1,2025-09-06,Turkey,Sweden,83.294659,74.035435
3118,2,1,2025-09-06,Germany,Portugal,93.286769,67.883995
3118,3,1,2025-09-06,Latvia,Lithuania,111.50249,102.23744
3118,4,1,2025-09-06,Finland,Serbia,70.975489,103.75794
3119,1,1,2025-09-06,Turkey,Sweden,97.771878,73.14381
3119,2,1,2025-09-06,Germany,Portugal,93.071816,47.529362
3119,3,1,2025-09-06,Latvia,Lithuania,80.238987,79.794882
3119,4,1,2025-09-06,Finland,Serbia,92.651895,81.807801
3120,1,1,2025-09-06,Turkey,Sweden,73.120968,48.557376
3120,2,1,2025-09-06,Germany,Portugal,88.29392,66.059035
3120,3,1,2025-09-06,Latvia,Lithuania,87.829037,93.559351
3120,4,1,2025-09-06,Finland,Serbia,75.047578,110.43362
3121,1,1,2025-09-06,Turkey,Sweden,91.491982,67.623677
3121,2,1,2025-09-06,Germany,Portugal,119.49638,79.997341
3121,3,1,2025-09-06,Latvia,Lithuania,94.344722,89.599002
3121,4,1,2025-09-06,Finland,Serbia,97.201569,102.0298
3122,1,1,2025-09-06,Turkey,Sweden,90.499574,77.501274
3122,2,1,2025-09-06,Germany,Portugal,85.154,61.617354
3122,3,1,2025-09-06,Latvia,Lithuania,88.293994,80.810992
3122,4,1,2025-09-06,Finland,Serbia,107.42875,102.29243
3123,1,1,2025-09-06,Turkey,Sweden,98.235645,72.136363
3123,2,1,2025-09-06,Germany,Portugal,94.141067,63.498789
3123,3,1,2025-09-06,Latvia,Lithuania,90.894255,85.04628
3123,4,1,2025-09-06,Finland,Serbia,97.84191,95.181553
3124,1,1,2025-09-06,Turkey,Sweden,78.970405,77.558314
3124,2,1,2025-09-06,Germany,Portugal,93.416744,64.686433
3124,3,1,2025-09-06,Latvia,Lithuania,81.536334,76.024169
3124,4,1,2025-09-06,Finland,Serbia,77.398081,100.04006
3125,1,1,2025-09-06,Turkey,Sweden,102.27562,68.141925
3125,2,1,2025-09-06,Germany,Portugal,92.704973,70.008745
3125,3,1,2025-09-06,Latvia,Lithuania,78.597587,78.011896
3125,4,1,2025-09-06,Finland,Serbia,80.8048,106.34246
3126,1,1,2025-09-06,Turkey,Sweden,74.67393,78.294412
3126,2,1,2025-09-06,Germany,Portugal,84.823505,84.478866
3126,3,1,2025-09-06,Latvia,Lithuania,86.194013,70.38738
3126,4,1,2025-09-06,Finland,Serbia,76.833599,100.57705
3127,1,1,2025-09-06,Turkey,Sweden,97.466828,77.354368
3127,2,1,2025-09-06,Germany,Portugal,102.77381,54.394735
3127,3,1,2025-09-06,Latvia,Lithuania,71.496603,78.158925
3127,4,1,2025-09-06,Finland,Serbia,64.716889,78.02235
3128,1,1,2025-09-06,Turkey,Sweden,88.936144,58.192108
3128,2,1,2025-09-06,Germany,Portugal,94.176626,60.152257
3128,3,1,2025-09-06,Latvia,Lithuania,85.441234,91.569541
3128,4,1,2025-09-06,Finland,Serbia,77.903971,81.931191
3129,1,1,2025-09-06,Turkey,Sweden,101.44795,73.377547
3129,2,1,2025-09-06,Germany,Portugal,70.688735,55.922103
3129,3,1,2025-09-06,Latvia,Lithuania,82.239007,69.845666
3129,4,1,2025-09-06,Finland,Serbia,100.58378,126.16892
3130,1,1,2025-09-06,Turkey,Sweden,83.369171,79.574709
3130,2,1,2025-09-06,Germany,Portugal,80.429181,54.127014
3130,3,1,2025-09-06,Latvia,Lithuania,97.011624,82.716262
3130,4,1,2025-09-06,Finland,Serbia,83.947332,89.012598
3131,1,1,2025-09-06,Turkey,Sweden,82.673084,87.348789
3131,2,1,2025-09-06,Germany,Portugal,78.512424,47.899843
3131,3,1,2025-09-06,Latvia,Lithuania,103.98998,89.417775
3131,4,1,2025-09-06,Finland,Serbia,75.781743,87.905985
3132,1,1,2025-09-06,Turkey,Sweden,96.283775,89.143366
3132,2,1,2025-09-06,Germany,Portugal,90.77145,64.004042
3132,3,1,2025-09-06,Latvia,Lithuania,79.537421,91.2021
3132,4,1,2025-09-06,Finland,Serbia,85.409963,105.56819
3133,1,1,2025-09-06,Turkey,Sweden,63.84216,67.037156
3133,2,1,2025-09-06,Germany,Portugal,95.983846,70.94301
3133,3,1,2025-09-06,Latvia,Lithuania,87.331137,91.30508
3133,4,1,2025-09-06,Finland,Serbia,89.750883,99.436171
3134,1,1,2025-09-06,Turkey,Sweden,90.316424,87.359501
3134,2,1,2025-09-06,Germany,Portugal,70.383077,47.112789
3134,3,1,2025-09-06,Latvia,Lithuania,76.198142,93.249539
3134,4,1,2025-09-06,Finland,Serbia,85.0014,94.202891
3135,1,1,2025-09-06,Turkey,Sweden,82.427384,84.700935
3135,2,1,2025-09-06,Germany,Portugal,85.181647,57.104112
3135,3,1,2025-09-06,Latvia,Lithuania,81.76042,70.487806
3135,4,1,2025-09-06,Finland,Serbia,93.915641,86.411435
3136,1,1,2025-09-06,Turkey,Sweden,88.628266,78.345922
3136,2,1,2025-09-06,Germany,Portugal,77.085865,54.829552
3136,3,1,2025-09-06,Latvia,Lithuania,86.038475,72.807327
3136,4,1,2025-09-06,Finland,Serbia,66.172048,85.308428
3137,1,1,2025-09-06,Turkey,Sweden,84.277179,78.692646
3137,2,1,2025-09-06,Germany,Portugal,91.121059,51.222922
3137,3,1,2025-09-06,Latvia,Lithuania,80.24467,95.141558
3137,4,1,2025-09-06,Finland,Serbia,94.156085,91.726363
3138,1,1,2025-09-06,Turkey,Sweden,87.89164,78.649384
3138,2,1,2025-09-06,Germany,Portugal,97.505842,59.016075
3138,3,1,2025-09-06,Latvia,Lithuania,93.881319,88.98518
3138,4,1,2025-09-06,Finland,Serbia,89.780056,107.03411
3139,1,1,2025-09-06,Turkey,Sweden,82.58436,75.844298
3139,2,1,2025-09-06,Germany,Portugal,96.518835,49.178307
3139,3,1,2025-09-06,Latvia,Lithuania,102.00955,90.406894
3139,4,1,2025-09-06,Finland,Serbia,85.370777,95.739319
3140,1,1,2025-09-06,Turkey,Sweden,89.080145,79.547652
3140,2,1,2025-09-06,Germany,Portugal,98.726987,73.151466
3140,3,1,2025-09-06,Latvia,Lithuania,124.8486,101.34795
3140,4,1,2025-09-06,Finland,Serbia,97.103735,78.531399
3141,1,1,2025-09-06,Turkey,Sweden,79.096507,85.454149
3141,2,1,2025-09-06,Germany,Portugal,72.513878,41.195125
3141,3,1,2025-09-06,Latvia,Lithuania,107.79218,92.983455
3141,4,1,2025-09-06,Finland,Serbia,74.125318,93.511728
3142,1,1,2025-09-06,Turkey,Sweden,91.929899,79.306994
3142,2,1,2025-09-06,Germany,Portugal,90.118263,65.742288
3142,3,1,2025-09-06,Latvia,Lithuania,93.777649,96.582709
3142,4,1,2025-09-06,Finland,Serbia,79.882523,69.572069
3143,1,1,2025-09-06,Turkey,Sweden,92.326987,64.499344
3143,2,1,2025-09-06,Germany,Portugal,79.428749,42.260649
3143,3,1,2025-09-06,Latvia,Lithuania,93.919338,84.682909
3143,4,1,2025-09-06,Finland,Serbia,104.28804,100.89406
3144,1,1,2025-09-06,Turkey,Sweden,96.427582,80.398231
3144,2,1,2025-09-06,Germany,Portugal,84.236765,62.043265
3144,3,1,2025-09-06,Latvia,Lithuania,106.6564,107.08427
3144,4,1,2025-09-06,Finland,Serbia,81.092655,84.576755
3145,1,1,2025-09-06,Turkey,Sweden,86.762656,69.505024
3145,2,1,2025-09-06,Germany,Portugal,98.927023,79.940807
3145,3,1,2025-09-06,Latvia,Lithuania,88.054201,85.888081
3145,4,1,2025-09-06,Finland,Serbia,107.05471,91.003
3146,1,1,2025-09-06,Turkey,Sweden,65.785849,74.254249
3146,2,1,2025-09-06,Germany,Portugal,100.33604,50.246534
3146,3,1,2025-09-06,Latvia,Lithuania,94.416869,72.30813
3146,4,1,2025-09-06,Finland,Serbia,115.42291,105.67563
3147,1,1,2025-09-06,Turkey,Sweden,98.916024,72.27028
3147,2,1,2025-09-06,Germany,Portugal,84.075609,59.11752
3147,3,1,2025-09-06,Latvia,Lithuania,86.300716,71.744067
3147,4,1,2025-09-06,Finland,Serbia,88.927094,103.37017
3148,1,1,2025-09-06,Turkey,Sweden,85.278247,78.280228
3148,2,1,2025-09-06,Germany,Portugal,79.294545,52.471894
3148,3,1,2025-09-06,Latvia,Lithuania,70.287347,64.653752
3148,4,1,2025-09-06,Finland,Serbia,84.443101,78.940801
3149,1,1,2025-09-06,Turkey,Sweden,105.89112,106.64465
3149,2,1,2025-09-06,Germany,Portugal,88.745795,41.528522
3149,3,1,2025-09-06,Latvia,Lithuania,92.571015,75.486506
3149,4,1,2025-09-06,Finland,Serbia,83.805706,93.853042
3150,1,1,2025-09-06,Turkey,Sweden,91.561425,91.705616
3150,2,1,2025-09-06,Germany,Portugal,95.881456,53.790987
3150,3,1,2025-09-06,Latvia,Lithuania,87.862662,88.102064
3150,4,1,2025-09-06,Finland,Serbia,82.98531,90.33028
3151,1,1,2025-09-06,Turkey,Sweden,76.355627,72.726818
3151,2,1,2025-09-06,Germany,Portugal,95.688803,56.903297
3151,3,1,2025-09-06,Latvia,Lithuania,87.206057,91.282511
3151,4,1,2025-09-06,Finland,Serbia,78.893337,78.12238
3152,1,1,2025-09-06,Turkey,Sweden,88.037663,79.498859
3152,2,1,2025-09-06,Germany,Portugal,103.76991,64.685552
3152,3,1,2025-09-06,Latvia,Lithuania,85.55427,45.407216
3152,4,1,2025-09-06,Finland,Serbia,91.487094,95.661673
3153,1,1,2025-09-06,Turkey,Sweden,93.743301,62.550276
3153,2,1,2025-09-06,Germany,Portugal,88.422535,73.08039
3153,3,1,2025-09-06,Latvia,Lithuania,81.256194,65.457819
3153,4,1,2025-09-06,Finland,Serbia,81.178388,98.070611
3154,1,1,2025-09-06,Turkey,Sweden,89.697932,79.134571
3154,2,1,2025-09-06,Germany,Portugal,73.982869,40.058371
3154,3,1,2025-09-06,Latvia,Lithuania,118.00777,71.571783
3154,4,1,2025-09-06,Finland,Serbia,81.982417,78.567606
3155,1,1,2025-09-06,Turkey,Sweden,92.327569,81.413954
3155,2,1,2025-09-06,Germany,Portugal,78.959425,65.600968
3155,3,1,2025-09-06,Latvia,Lithuania,95.736771,68.624574
3155,4,1,2025-09-06,Finland,Serbia,93.953898,96.961338
3156,1,1,2025-09-06,Turkey,Sweden,104.84148,89.588161
3156,2,1,2025-09-06,Germany,Portugal,96.427463,46.503852
3156,3,1,2025-09-06,Latvia,Lithuania,90.019584,82.789109
3156,4,1,2025-09-06,Finland,Serbia,65.997253,85.983294
3157,1,1,2025-09-06,Turkey,Sweden,100.35574,89.051751
3157,2,1,2025-09-06,Germany,Portugal,100.87635,59.933151
3157,3,1,2025-09-06,Latvia,Lithuania,83.774696,74.943045
3157,4,1,2025-09-06,Finland,Serbia,80.234119,95.407849
3158,1,1,2025-09-06,Turkey,Sweden,93.213498,87.831257
3158,2,1,2025-09-06,Germany,Portugal,82.365049,60.968901
3158,3,1,2025-09-06,Latvia,Lithuania,100.49886,88.760937
3158,4,1,2025-09-06,Finland,Serbia,87.207691,87.492982
3159,1,1,2025-09-06,Turkey,Sweden,96.011444,78.997009
3159,2,1,2025-09-06,Germany,Portugal,121.91328,63.695098
3159,3,1,2025-09-06,Latvia,Lithuania,89.418734,92.140917
3159,4,1,2025-09-06,Finland,Serbia,79.66892,83.744696
3160,1,1,2025-09-06,Turkey,Sweden,98.116708,84.75876
3160,2,1,2025-09-06,Germany,Portugal,84.21604,69.377194
3160,3,1,2025-09-06,Latvia,Lithuania,102.73959,95.372844
3160,4,1,2025-09-06,Finland,Serbia,91.04873,80.116656
3161,1,1,2025-09-06,Turkey,Sweden,103.34183,91.519361
3161,2,1,2025-09-06,Germany,Portugal,87.336117,69.770644
3161,3,1,2025-09-06,Latvia,Lithuania,78.317221,74.370021
3161,4,1,2025-09-06,Finland,Serbia,104.61338,98.621925
3162,1,1,2025-09-06,Turkey,Sweden,94.120142,78.97588
3162,2,1,2025-09-06,Germany,Portugal,100.75655,74.274425
3162,3,1,2025-09-06,Latvia,Lithuania,98.735436000000007,83.098155
3162,4,1,2025-09-06,Finland,Serbia,84.208297,102.77169
3163,1,1,2025-09-06,Turkey,Sweden,92.741259,84.344028
3163,2,1,2025-09-06,Germany,Portugal,83.103863,66.644921
3163,3,1,2025-09-06,Latvia,Lithuania,81.463651,69.577267
3163,4,1,2025-09-06,Finland,Serbia,94.843135,108.30639
3164,1,1,2025-09-06,Turkey,Sweden,84.618343,84.303262
3164,2,1,2025-09-06,Germany,Portugal,90.536567,62.51147
3164,3,1,2025-09-06,Latvia,Lithuania,83.750184,76.030783
3164,4,1,2025-09-06,Finland,Serbia,100.07875,86.364001
3165,1,1,2025-09-06,Turkey,Sweden,94.913541,85.783655
3165,2,1,2025-09-06,Germany,Portugal,97.535003,64.432933
3165,3,1,2025-09-06,Latvia,Lithuania,67.300905,65.714858
3165,4,1,2025-09-06,Finland,Serbia,85.074019,94.908094
3166,1,1,2025-09-06,Turkey,Sweden,58.809664,76.913992
3166,2,1,2025-09-06,Germany,Portugal,91.895171,70.037988
3166,3,1,2025-09-06,Latvia,Lithuania,78.494559,82.411389
3166,4,1,2025-09-06,Finland,Serbia,86.962166,94.189526
3167,1,1,2025-09-06,Turkey,Sweden,72.004551,71.894372
3167,2,1,2025-09-06,Germany,Portugal,89.224494000000007,76.083248
3167,3,1,2025-09-06,Latvia,Lithuania,81.929391,77.137062
3167,4,1,2025-09-06,Finland,Serbia,96.72166,101.92193
3168,1,1,2025-09-06,Turkey,Sweden,61.447844,83.085397
3168,2,1,2025-09-06,Germany,Portugal,85.687303,50.237184
3168,3,1,2025-09-06,Latvia,Lithuania,90.528946,76.084514
3168,4,1,2025-09-06,Finland,Serbia,104.47508,104.28061
3169,1,1,2025-09-06,Turkey,Sweden,94.792783,72.239914
3169,2,1,2025-09-06,Germany,Portugal,84.536985,51.460342
3169,3,1,2025-09-06,Latvia,Lithuania,97.006101,92.831199
3169,4,1,2025-09-06,Finland,Serbia,100.89059,93.375115
3170,1,1,2025-09-06,Turkey,Sweden,105.63502,77.805224
3170,2,1,2025-09-06,Germany,Portugal,77.421386,70.025571
3170,3,1,2025-09-06,Latvia,Lithuania,83.92065,84.17462
3170,4,1,2025-09-06,Finland,Serbia,93.217491,102.13565
3171,1,1,2025-09-06,Turkey,Sweden,73.283042,77.724655
3171,2,1,2025-09-06,Germany,Portugal,84.667386,53.967418
3171,3,1,2025-09-06,Latvia,Lithuania,55.151465,81.536145
3171,4,1,2025-09-06,Finland,Serbia,88.650672,97.530058
3172,1,1,2025-09-06,Turkey,Sweden,86.664097,88.942527
3172,2,1,2025-09-06,Germany,Portugal,93.000031,70.266783
3172,3,1,2025-09-06,Latvia,Lithuania,79.660127,82.240564
3172,4,1,2025-09-06,Finland,Serbia,99.303657,98.095731
3173,1,1,2025-09-06,Turkey,Sweden,99.59901,82.929924
3173,2,1,2025-09-06,Germany,Portugal,80.16896,64.40237
3173,3,1,2025-09-06,Latvia,Lithuania,68.434678,83.1872
3173,4,1,2025-09-06,Finland,Serbia,74.112395,84.053841
3174,1,1,2025-09-06,Turkey,Sweden,82.63717,70.360614
3174,2,1,2025-09-06,Germany,Portugal,84.162034,68.411284
3174,3,1,2025-09-06,Latvia,Lithuania,92.311963,89.422089
3174,4,1,2025-09-06,Finland,Serbia,110.22794,97.674808
3175,1,1,2025-09-06,Turkey,Sweden,75.738404,74.008772
3175,2,1,2025-09-06,Germany,Portugal,88.628932,81.893935
3175,3,1,2025-09-06,Latvia,Lithuania,93.41441,88.245327
3175,4,1,2025-09-06,Finland,Serbia,92.239313,96.690346
3176,1,1,2025-09-06,Turkey,Sweden,90.254198,61.074861
3176,2,1,2025-09-06,Germany,Portugal,98.839528,75.825031
3176,3,1,2025-09-06,Latvia,Lithuania,86.422073,96.706823
3176,4,1,2025-09-06,Finland,Serbia,82.813945,86.080942
3177,1,1,2025-09-06,Turkey,Sweden,70.803975,69.5265
3177,2,1,2025-09-06,Germany,Portugal,98.074759,86.383201
3177,3,1,2025-09-06,Latvia,Lithuania,86.72509,92.04738
3177,4,1,2025-09-06,Finland,Serbia,96.955522,101.45551
3178,1,1,2025-09-06,Turkey,Sweden,85.827068,64.702636
3178,2,1,2025-09-06,Germany,Portugal,82.019992,46.176057
3178,3,1,2025-09-06,Latvia,Lithuania,92.875742,96.311258
3178,4,1,2025-09-06,Finland,Serbia,98.428802,90.306562
3179,1,1,2025-09-06,Turkey,Sweden,92.658362,82.88913
3179,2,1,2025-09-06,Germany,Portugal,98.068482,53.559563
3179,3,1,2025-09-06,Latvia,Lithuania,78.687356,81.087064
3179,4,1,2025-09-06,Finland,Serbia,95.824469,85.932535
3180,1,1,2025-09-06,Turkey,Sweden,93.561057,80.734506
3180,2,1,2025-09-06,Germany,Portugal,91.66561,80.936358
3180,3,1,2025-09-06,Latvia,Lithuania,91.695042,93.085782
3180,4,1,2025-09-06,Finland,Serbia,101.54453,111.32945
3181,1,1,2025-09-06,Turkey,Sweden,60.932811,79.818205
3181,2,1,2025-09-06,Germany,Portugal,83.719222,35.938794
3181,3,1,2025-09-06,Latvia,Lithuania,76.197357,82.601938
3181,4,1,2025-09-06,Finland,Serbia,98.602448,116.76811
3182,1,1,2025-09-06,Turkey,Sweden,73.470858,75.360658
3182,2,1,2025-09-06,Germany,Portugal,94.750696,66.861715
3182,3,1,2025-09-06,Latvia,Lithuania,67.742099,74.974817
3182,4,1,2025-09-06,Finland,Serbia,101.06477,93.382526
3183,1,1,2025-09-06,Turkey,Sweden,81.684951,77.374398
3183,2,1,2025-09-06,Germany,Portugal,71.98887,68.749867
3183,3,1,2025-09-06,Latvia,Lithuania,96.484065,95.670232
3183,4,1,2025-09-06,Finland,Serbia,86.133552,88.120461
3184,1,1,2025-09-06,Turkey,Sweden,87.344449,74.498887
3184,2,1,2025-09-06,Germany,Portugal,98.962377,47.504881
3184,3,1,2025-09-06,Latvia,Lithuania,81.825678,78.17461
3184,4,1,2025-09-06,Finland,Serbia,89.906975,98.466082
3185,1,1,2025-09-06,Turkey,Sweden,66.22557,71.547788
3185,2,1,2025-09-06,Germany,Portugal,89.063555,66.842019
3185,3,1,2025-09-06,Latvia,Lithuania,91.103126,80.977675
3185,4,1,2025-09-06,Finland,Serbia,106.56464,116.03231
3186,1,1,2025-09-06,Turkey,Sweden,101.3106,87.178955
3186,2,1,2025-09-06,Germany,Portugal,82.990732,38.285592
3186,3,1,2025-09-06,Latvia,Lithuania,96.40154,95.991444
3186,4,1,2025-09-06,Finland,Serbia,65.302752,74.787032
3187,1,1,2025-09-06,Turkey,Sweden,70.039217,63.1229
3187,2,1,2025-09-06,Germany,Portugal,76.918471,58.547251
3187,3,1,2025-09-06,Latvia,Lithuania,112.01011,91.04534
3187,4,1,2025-09-06,Finland,Serbia,75.061117,89.700223
3188,1,1,2025-09-06,Turkey,Sweden,77.435112,85.409594
3188,2,1,2025-09-06,Germany,Portugal,69.516649,66.091666
3188,3,1,2025-09-06,Latvia,Lithuania,111.83988,74.403686
3188,4,1,2025-09-06,Finland,Serbia,130.63547,84.225278
3189,1,1,2025-09-06,Turkey,Sweden,82.74012,68.542745
3189,2,1,2025-09-06,Germany,Portugal,95.929233,78.953101
3189,3,1,2025-09-06,Latvia,Lithuania,70.948398,82.782506
3189,4,1,2025-09-06,Finland,Serbia,107.98216,96.228761
3190,1,1,2025-09-06,Turkey,Sweden,90.415258,87.815091
3190,2,1,2025-09-06,Germany,Portugal,101.30106,76.637862
3190,3,1,2025-09-06,Latvia,Lithuania,86.566767,69.962911
3190,4,1,2025-09-06,Finland,Serbia,100.88037,70.427078
3191,1,1,2025-09-06,Turkey,Sweden,67.006488,66.82921
3191,2,1,2025-09-06,Germany,Portugal,88.753997,64.399718
3191,3,1,2025-09-06,Latvia,Lithuania,83.227392,84.635464
3191,4,1,2025-09-06,Finland,Serbia,83.978181,98.602898
3192,1,1,2025-09-06,Turkey,Sweden,99.029881,76.150412
3192,2,1,2025-09-06,Germany,Portugal,94.446689,61.543775
3192,3,1,2025-09-06,Latvia,Lithuania,82.703179,71.748761
3192,4,1,2025-09-06,Finland,Serbia,78.933529,101.39303
3193,1,1,2025-09-06,Turkey,Sweden,95.077435,104.5558
3193,2,1,2025-09-06,Germany,Portugal,105.25607,76.431448
3193,3,1,2025-09-06,Latvia,Lithuania,85.13231,54.04911
3193,4,1,2025-09-06,Finland,Serbia,100.81878,112.78431
3194,1,1,2025-09-06,Turkey,Sweden,87.777949,95.028345
3194,2,1,2025-09-06,Germany,Portugal,118.1496,74.057022
3194,3,1,2025-09-06,Latvia,Lithuania,85.026554,98.437252
3194,4,1,2025-09-06,Finland,Serbia,88.80074,92.198494
3195,1,1,2025-09-06,Turkey,Sweden,79.045975,75.539514
3195,2,1,2025-09-06,Germany,Portugal,91.438183,45.111293
3195,3,1,2025-09-06,Latvia,Lithuania,91.03611,92.325856
3195,4,1,2025-09-06,Finland,Serbia,94.955677,103.05447
3196,1,1,2025-09-06,Turkey,Sweden,79.029763,69.083956
3196,2,1,2025-09-06,Germany,Portugal,99.721265,61.358439
3196,3,1,2025-09-06,Latvia,Lithuania,96.422496,98.243959
3196,4,1,2025-09-06,Finland,Serbia,106.2657,102.58498
3197,1,1,2025-09-06,Turkey,Sweden,72.15084,55.26958
3197,2,1,2025-09-06,Germany,Portugal,92.077783,87.059729
3197,3,1,2025-09-06,Latvia,Lithuania,88.713243,82.096576
3197,4,1,2025-09-06,Finland,Serbia,88.889694,104.61235
3198,1,1,2025-09-06,Turkey,Sweden,90.367686,87.838188
3198,2,1,2025-09-06,Germany,Portugal,79.996516,75.901977
3198,3,1,2025-09-06,Latvia,Lithuania,83.43107,91.083252
3198,4,1,2025-09-06,Finland,Serbia,69.627221,99.077927
3199,1,1,2025-09-06,Turkey,Sweden,101.00289,86.506456
3199,2,1,2025-09-06,Germany,Portugal,87.846341,42.256519
3199,3,1,2025-09-06,Latvia,Lithuania,82.127495,80.692788
3199,4,1,2025-09-06,Finland,Serbia,87.963645,96.918165
3200,1,1,2025-09-06,Turkey,Sweden,82.017861,78.163707
3200,2,1,2025-09-06,Germany,Portugal,94.0958,71.994271
3200,3,1,2025-09-06,Latvia,Lithuania,85.951559,96.402318
3200,4,1,2025-09-06,Finland,Serbia,90.891765,120.38405
3201,1,1,2025-09-06,Turkey,Sweden,95.422572,94.538153
3201,2,1,2025-09-06,Germany,Portugal,80.589111,57.462843
3201,3,1,2025-09-06,Latvia,Lithuania,66.399258,67.71766
3201,4,1,2025-09-06,Finland,Serbia,80.367727,104.02397
3202,1,1,2025-09-06,Turkey,Sweden,81.074069,61.295981
3202,2,1,2025-09-06,Germany,Portugal,76.576914,76.45071
3202,3,1,2025-09-06,Latvia,Lithuania,82.560976,72.598933
3202,4,1,2025-09-06,Finland,Serbia,101.6253,109.24965
3203,1,1,2025-09-06,Turkey,Sweden,74.878998,63.702844
3203,2,1,2025-09-06,Germany,Portugal,102.75767,65.59652
3203,3,1,2025-09-06,Latvia,Lithuania,63.411106,80.8801
3203,4,1,2025-09-06,Finland,Serbia,70.16985,107.39696000000001
3204,1,1,2025-09-06,Turkey,Sweden,69.019435,50.481877
3204,2,1,2025-09-06,Germany,Portugal,80.836209,53.356723
3204,3,1,2025-09-06,Latvia,Lithuania,89.218459,82.952562
3204,4,1,2025-09-06,Finland,Serbia,88.853466,107.09939
3205,1,1,2025-09-06,Turkey,Sweden,89.331158,87.472925
3205,2,1,2025-09-06,Germany,Portugal,90.320018,72.443696
3205,3,1,2025-09-06,Latvia,Lithuania,89.581798,89.452624
3205,4,1,2025-09-06,Finland,Serbia,90.763865,82.576446
3206,1,1,2025-09-06,Turkey,Sweden,82.404323,84.206329
3206,2,1,2025-09-06,Germany,Portugal,98.981001,58.17279
3206,3,1,2025-09-06,Latvia,Lithuania,88.791667,79.979951
3206,4,1,2025-09-06,Finland,Serbia,101.75374,94.702591
3207,1,1,2025-09-06,Turkey,Sweden,78.540378,68.398689
3207,2,1,2025-09-06,Germany,Portugal,79.168809,60.003913
3207,3,1,2025-09-06,Latvia,Lithuania,89.32742,97.817596
3207,4,1,2025-09-06,Finland,Serbia,84.128959,98.630225
3208,1,1,2025-09-06,Turkey,Sweden,86.294208,78.087796
3208,2,1,2025-09-06,Germany,Portugal,106.18646,69.168045
3208,3,1,2025-09-06,Latvia,Lithuania,80.099548,86.680572
3208,4,1,2025-09-06,Finland,Serbia,87.748698,102.98464
3209,1,1,2025-09-06,Turkey,Sweden,81.37288,67.845834
3209,2,1,2025-09-06,Germany,Portugal,96.123386,54.590532
3209,3,1,2025-09-06,Latvia,Lithuania,83.875952,80.23258
3209,4,1,2025-09-06,Finland,Serbia,84.335791,94.006432
3210,1,1,2025-09-06,Turkey,Sweden,90.182805,89.245053
3210,2,1,2025-09-06,Germany,Portugal,79.343324,57.878261
3210,3,1,2025-09-06,Latvia,Lithuania,87.023665,83.789099
3210,4,1,2025-09-06,Finland,Serbia,89.97675,77.892815
3211,1,1,2025-09-06,Turkey,Sweden,79.668774,83.215386
3211,2,1,2025-09-06,Germany,Portugal,83.674744,68.358568
3211,3,1,2025-09-06,Latvia,Lithuania,79.32453,87.077125
3211,4,1,2025-09-06,Finland,Serbia,90.021642,114.47848
3212,1,1,2025-09-06,Turkey,Sweden,94.854573,69.93919
3212,2,1,2025-09-06,Germany,Portugal,84.163126,53.511875
3212,3,1,2025-09-06,Latvia,Lithuania,75.841605,69.524398
3212,4,1,2025-09-06,Finland,Serbia,70.658362,95.551747
3213,1,1,2025-09-06,Turkey,Sweden,92.44315,67.816239
3213,2,1,2025-09-06,Germany,Portugal,85.040022,52.984378
3213,3,1,2025-09-06,Latvia,Lithuania,82.443568,86.708116
3213,4,1,2025-09-06,Finland,Serbia,87.153033,98.953849
3214,1,1,2025-09-06,Turkey,Sweden,70.432637,86.916634
3214,2,1,2025-09-06,Germany,Portugal,91.80399,54.382286
3214,3,1,2025-09-06,Latvia,Lithuania,73.150412,92.024883
3214,4,1,2025-09-06,Finland,Serbia,95.910272,82.259004
3215,1,1,2025-09-06,Turkey,Sweden,95.640509,104.26957
3215,2,1,2025-09-06,Germany,Portugal,96.474977,67.186513
3215,3,1,2025-09-06,Latvia,Lithuania,71.31465,60.774834
3215,4,1,2025-09-06,Finland,Serbia,87.116107,93.743889
3216,1,1,2025-09-06,Turkey,Sweden,76.71289,74.232209
3216,2,1,2025-09-06,Germany,Portugal,98.843831,51.841697
3216,3,1,2025-09-06,Latvia,Lithuania,70.654481,70.32312
3216,4,1,2025-09-06,Finland,Serbia,102.48012,100.92482
3217,1,1,2025-09-06,Turkey,Sweden,87.182164,59.898838
3217,2,1,2025-09-06,Germany,Portugal,96.510491,73.06315
3217,3,1,2025-09-06,Latvia,Lithuania,101.37344,109.53031
3217,4,1,2025-09-06,Finland,Serbia,89.619191,92.812324
3218,1,1,2025-09-06,Turkey,Sweden,74.425223,106.10402
3218,2,1,2025-09-06,Germany,Portugal,106.55336,71.339623
3218,3,1,2025-09-06,Latvia,Lithuania,78.937184,74.082634
3218,4,1,2025-09-06,Finland,Serbia,90.430199,98.243189
3219,1,1,2025-09-06,Turkey,Sweden,83.387594000000007,64.831143
3219,2,1,2025-09-06,Germany,Portugal,101.35953,72.163264
3219,3,1,2025-09-06,Latvia,Lithuania,101.49165,72.206835
3219,4,1,2025-09-06,Finland,Serbia,98.972435,100.5831
3220,1,1,2025-09-06,Turkey,Sweden,83.337123,75.323802
3220,2,1,2025-09-06,Germany,Portugal,75.011007,82.398628
3220,3,1,2025-09-06,Latvia,Lithuania,78.750786,81.786926
3220,4,1,2025-09-06,Finland,Serbia,103.78712,111.83153
3221,1,1,2025-09-06,Turkey,Sweden,64.08199,53.645715
3221,2,1,2025-09-06,Germany,Portugal,96.984833,62.486825
3221,3,1,2025-09-06,Latvia,Lithuania,81.881754,81.036498
3221,4,1,2025-09-06,Finland,Serbia,73.379322,109.04772
3222,1,1,2025-09-06,Turkey,Sweden,112.59315,79.306607
3222,2,1,2025-09-06,Germany,Portugal,88.849208,56.438559
3222,3,1,2025-09-06,Latvia,Lithuania,100.48758,78.847381
3222,4,1,2025-09-06,Finland,Serbia,72.979387,85.061487
3223,1,1,2025-09-06,Turkey,Sweden,72.937453,58.002743
3223,2,1,2025-09-06,Germany,Portugal,82.210979,71.142538
3223,3,1,2025-09-06,Latvia,Lithuania,66.237623,81.847481
3223,4,1,2025-09-06,Finland,Serbia,98.351763,95.657887
3224,1,1,2025-09-06,Turkey,Sweden,100.67458,96.352613
3224,2,1,2025-09-06,Germany,Portugal,98.75186,62.919707
3224,3,1,2025-09-06,Latvia,Lithuania,63.37003,58.965602
3224,4,1,2025-09-06,Finland,Serbia,81.156081,86.28528
3225,1,1,2025-09-06,Turkey,Sweden,95.804859,74.818559
3225,2,1,2025-09-06,Germany,Portugal,76.731355,66.848686
3225,3,1,2025-09-06,Latvia,Lithuania,83.88648,83.920768
3225,4,1,2025-09-06,Finland,Serbia,77.356993,93.550392
3226,1,1,2025-09-06,Turkey,Sweden,105.82962,84.4603
3226,2,1,2025-09-06,Germany,Portugal,80.191159,59.296418
3226,3,1,2025-09-06,Latvia,Lithuania,74.093584,97.178939
3226,4,1,2025-09-06,Finland,Serbia,91.838273,79.259053
3227,1,1,2025-09-06,Turkey,Sweden,55.805189,75.847531
3227,2,1,2025-09-06,Germany,Portugal,77.012987,70.050157
3227,3,1,2025-09-06,Latvia,Lithuania,94.900628,99.386202
3227,4,1,2025-09-06,Finland,Serbia,68.646463,85.364543
3228,1,1,2025-09-06,Turkey,Sweden,80.027717,83.273409
3228,2,1,2025-09-06,Germany,Portugal,84.235923,52.338049
3228,3,1,2025-09-06,Latvia,Lithuania,94.094434,88.942397
3228,4,1,2025-09-06,Finland,Serbia,87.309668,88.90781
3229,1,1,2025-09-06,Turkey,Sweden,84.093747,89.364615
3229,2,1,2025-09-06,Germany,Portugal,86.352844,69.35419
3229,3,1,2025-09-06,Latvia,Lithuania,75.210707,82.158321
3229,4,1,2025-09-06,Finland,Serbia,79.362534,91.402275
3230,1,1,2025-09-06,Turkey,Sweden,66.918134,75.14552
3230,2,1,2025-09-06,Germany,Portugal,88.40552,60.579585
3230,3,1,2025-09-06,Latvia,Lithuania,91.956953,82.823936
3230,4,1,2025-09-06,Finland,Serbia,89.156502,107.36897
3231,1,1,2025-09-06,Turkey,Sweden,90.971171,80.632035
3231,2,1,2025-09-06,Germany,Portugal,90.89921,66.797119
3231,3,1,2025-09-06,Latvia,Lithuania,87.038187,93.143484
3231,4,1,2025-09-06,Finland,Serbia,81.722951,78.057549
3232,1,1,2025-09-06,Turkey,Sweden,78.38043,63.411919
3232,2,1,2025-09-06,Germany,Portugal,85.250289,71.810528
3232,3,1,2025-09-06,Latvia,Lithuania,87.149453,63.396028
3232,4,1,2025-09-06,Finland,Serbia,92.980857,96.055161
3233,1,1,2025-09-06,Turkey,Sweden,94.093634,104.30614
3233,2,1,2025-09-06,Germany,Portugal,86.921637,60.937929
3233,3,1,2025-09-06,Latvia,Lithuania,107.43457,102.36705
3233,4,1,2025-09-06,Finland,Serbia,105.11451,87.875863
3234,1,1,2025-09-06,Turkey,Sweden,83.452114,79.409969
3234,2,1,2025-09-06,Germany,Portugal,88.829195,74.89838
3234,3,1,2025-09-06,Latvia,Lithuania,91.602436,76.151751
3234,4,1,2025-09-06,Finland,Serbia,69.827814,101.1365
3235,1,1,2025-09-06,Turkey,Sweden,71.646784,65.098158
3235,2,1,2025-09-06,Germany,Portugal,88.157232,60.452635
3235,3,1,2025-09-06,Latvia,Lithuania,71.448849,76.382473
3235,4,1,2025-09-06,Finland,Serbia,82.430904,95.885068
3236,1,1,2025-09-06,Turkey,Sweden,95.663789,83.582691
3236,2,1,2025-09-06,Germany,Portugal,70.233855,49.73626
3236,3,1,2025-09-06,Latvia,Lithuania,94.769571,105.16934
3236,4,1,2025-09-06,Finland,Serbia,90.256202,78.849338
3237,1,1,2025-09-06,Turkey,Sweden,63.997785,59.162425
3237,2,1,2025-09-06,Germany,Portugal,96.579658,66.977251999999993
3237,3,1,2025-09-06,Latvia,Lithuania,82.458008,77.276621
3237,4,1,2025-09-06,Finland,Serbia,69.395068,79.779258
3238,1,1,2025-09-06,Turkey,Sweden,83.002197,78.490677
3238,2,1,2025-09-06,Germany,Portugal,103.35502,73.311241
3238,3,1,2025-09-06,Latvia,Lithuania,104.26531,79.374114
3238,4,1,2025-09-06,Finland,Serbia,89.217269,97.923041
3239,1,1,2025-09-06,Turkey,Sweden,105.86527,71.498972
3239,2,1,2025-09-06,Germany,Portugal,86.285414,73.293615
3239,3,1,2025-09-06,Latvia,Lithuania,88.488838,86.001801
3239,4,1,2025-09-06,Finland,Serbia,102.70833,89.751413
3240,1,1,2025-09-06,Turkey,Sweden,84.333465,85.175781
3240,2,1,2025-09-06,Germany,Portugal,84.476293,60.281669
3240,3,1,2025-09-06,Latvia,Lithuania,100.20089,90.690074
3240,4,1,2025-09-06,Finland,Serbia,86.526823,94.476956
3241,1,1,2025-09-06,Turkey,Sweden,66.507347,75.282266
3241,2,1,2025-09-06,Germany,Portugal,71.341047,76.340838
3241,3,1,2025-09-06,Latvia,Lithuania,71.969762,90.025545
3241,4,1,2025-09-06,Finland,Serbia,94.444205,97.812384
3242,1,1,2025-09-06,Turkey,Sweden,66.184211,79.604846
3242,2,1,2025-09-06,Germany,Portugal,80.804006,65.893617
3242,3,1,2025-09-06,Latvia,Lithuania,72.804891,98.757707
3242,4,1,2025-09-06,Finland,Serbia,105.52358,94.055096
3243,1,1,2025-09-06,Turkey,Sweden,75.370961,66.958477
3243,2,1,2025-09-06,Germany,Portugal,89.279276,65.908753
3243,3,1,2025-09-06,Latvia,Lithuania,83.202517,73.391552
3243,4,1,2025-09-06,Finland,Serbia,87.815477,99.668372
3244,1,1,2025-09-06,Turkey,Sweden,91.389569,78.454127
3244,2,1,2025-09-06,Germany,Portugal,109.93412,65.283464
3244,3,1,2025-09-06,Latvia,Lithuania,75.820992,66.122884
3244,4,1,2025-09-06,Finland,Serbia,103.30097,102.63722
3245,1,1,2025-09-06,Turkey,Sweden,93.318633,61.133468
3245,2,1,2025-09-06,Germany,Portugal,93.904542,73.91574
3245,3,1,2025-09-06,Latvia,Lithuania,85.357156,91.119975
3245,4,1,2025-09-06,Finland,Serbia,54.762248,83.476751
3246,1,1,2025-09-06,Turkey,Sweden,88.961698,77.270751
3246,2,1,2025-09-06,Germany,Portugal,109.70359,74.957914
3246,3,1,2025-09-06,Latvia,Lithuania,71.518923,73.740501
3246,4,1,2025-09-06,Finland,Serbia,86.489191,90.58655
3247,1,1,2025-09-06,Turkey,Sweden,71.180752,88.677795
3247,2,1,2025-09-06,Germany,Portugal,79.823873,66.926038
3247,3,1,2025-09-06,Latvia,Lithuania,71.024704,86.92081
3247,4,1,2025-09-06,Finland,Serbia,93.825583,90.94141
3248,1,1,2025-09-06,Turkey,Sweden,86.078963,78.92557
3248,2,1,2025-09-06,Germany,Portugal,65.752752,43.200515
3248,3,1,2025-09-06,Latvia,Lithuania,78.432105,82.080875
3248,4,1,2025-09-06,Finland,Serbia,73.114429,85.562185
3249,1,1,2025-09-06,Turkey,Sweden,92.967294,79.400067
3249,2,1,2025-09-06,Germany,Portugal,85.402055,60.240134
3249,3,1,2025-09-06,Latvia,Lithuania,94.815988,63.304633
3249,4,1,2025-09-06,Finland,Serbia,108.5742,96.779607
3250,1,1,2025-09-06,Turkey,Sweden,70.993191,70.97878
3250,2,1,2025-09-06,Germany,Portugal,72.593052,59.401596
3250,3,1,2025-09-06,Latvia,Lithuania,82.932046,90.801951
3250,4,1,2025-09-06,Finland,Serbia,106.81223,95.583289
3251,1,1,2025-09-06,Turkey,Sweden,82.412464,52.65334
3251,2,1,2025-09-06,Germany,Portugal,120.12524,84.225919
3251,3,1,2025-09-06,Latvia,Lithuania,85.054633,89.481862
3251,4,1,2025-09-06,Finland,Serbia,91.858538,86.828686
3252,1,1,2025-09-06,Turkey,Sweden,78.671668,73.183856
3252,2,1,2025-09-06,Germany,Portugal,93.809753,47.263515
3252,3,1,2025-09-06,Latvia,Lithuania,83.837292,78.98135
3252,4,1,2025-09-06,Finland,Serbia,73.531851,67.756216
3253,1,1,2025-09-06,Turkey,Sweden,99.088374,87.227825
3253,2,1,2025-09-06,Germany,Portugal,87.841198,69.935503
3253,3,1,2025-09-06,Latvia,Lithuania,82.180729,58.003372
3253,4,1,2025-09-06,Finland,Serbia,109.75953,106.05856
3254,1,1,2025-09-06,Turkey,Sweden,83.248511,64.738162
3254,2,1,2025-09-06,Germany,Portugal,72.407682,52.787086
3254,3,1,2025-09-06,Latvia,Lithuania,77.690309,87.736865
3254,4,1,2025-09-06,Finland,Serbia,99.305426,104.17757
3255,1,1,2025-09-06,Turkey,Sweden,76.799084,67.105939
3255,2,1,2025-09-06,Germany,Portugal,93.769788,63.152446
3255,3,1,2025-09-06,Latvia,Lithuania,75.8154,91.437551
3255,4,1,2025-09-06,Finland,Serbia,98.529362,93.233791
3256,1,1,2025-09-06,Turkey,Sweden,89.116408,85.782669
3256,2,1,2025-09-06,Germany,Portugal,86.013879,64.201165
3256,3,1,2025-09-06,Latvia,Lithuania,82.814867,87.893905
3256,4,1,2025-09-06,Finland,Serbia,103.01891,87.572009
3257,1,1,2025-09-06,Turkey,Sweden,84.617625,93.689171
3257,2,1,2025-09-06,Germany,Portugal,86.902311,73.509076
3257,3,1,2025-09-06,Latvia,Lithuania,100.62096,99.323376
3257,4,1,2025-09-06,Finland,Serbia,95.01301,94.328423
3258,1,1,2025-09-06,Turkey,Sweden,88.900132,63.334595
3258,2,1,2025-09-06,Germany,Portugal,90.798403,72.21545
3258,3,1,2025-09-06,Latvia,Lithuania,84.252641,83.969382
3258,4,1,2025-09-06,Finland,Serbia,84.037297,107.54959
3259,1,1,2025-09-06,Turkey,Sweden,74.888024,65.331159
3259,2,1,2025-09-06,Germany,Portugal,88.958518,61.834696
3259,3,1,2025-09-06,Latvia,Lithuania,70.718656,76.924337
3259,4,1,2025-09-06,Finland,Serbia,71.124104,83.502922
3260,1,1,2025-09-06,Turkey,Sweden,82.702399,64.049314
3260,2,1,2025-09-06,Germany,Portugal,95.161036,46.779361
3260,3,1,2025-09-06,Latvia,Lithuania,72.842843,100.19961
3260,4,1,2025-09-06,Finland,Serbia,84.542971,94.822264
3261,1,1,2025-09-06,Turkey,Sweden,85.143554,84.881561
3261,2,1,2025-09-06,Germany,Portugal,86.75568,90.686822
3261,3,1,2025-09-06,Latvia,Lithuania,95.095781,81.072936
3261,4,1,2025-09-06,Finland,Serbia,91.075293,93.297102
3262,1,1,2025-09-06,Turkey,Sweden,63.211669,81.908162
3262,2,1,2025-09-06,Germany,Portugal,98.070079,67.979815
3262,3,1,2025-09-06,Latvia,Lithuania,92.541087,91.006881
3262,4,1,2025-09-06,Finland,Serbia,80.588646,99.376668
3263,1,1,2025-09-06,Turkey,Sweden,91.025379,69.846033
3263,2,1,2025-09-06,Germany,Portugal,106.93067,73.497365
3263,3,1,2025-09-06,Latvia,Lithuania,87.388743,95.485146
3263,4,1,2025-09-06,Finland,Serbia,72.56537,85.627549
3264,1,1,2025-09-06,Turkey,Sweden,97.575179,82.561459
3264,2,1,2025-09-06,Germany,Portugal,95.0596,68.158213
3264,3,1,2025-09-06,Latvia,Lithuania,103.22909,87.560769
3264,4,1,2025-09-06,Finland,Serbia,72.123209,85.313316
3265,1,1,2025-09-06,Turkey,Sweden,90.135198,81.345836
3265,2,1,2025-09-06,Germany,Portugal,85.199981,79.291297
3265,3,1,2025-09-06,Latvia,Lithuania,62.72733,60.107354
3265,4,1,2025-09-06,Finland,Serbia,95.610579,108.30465
3266,1,1,2025-09-06,Turkey,Sweden,86.768644,71.011903
3266,2,1,2025-09-06,Germany,Portugal,85.094307,68.477493
3266,3,1,2025-09-06,Latvia,Lithuania,75.451291,85.834465
3266,4,1,2025-09-06,Finland,Serbia,98.095916,73.017497
3267,1,1,2025-09-06,Turkey,Sweden,85.113143,75.675236
3267,2,1,2025-09-06,Germany,Portugal,68.156119,52.611308
3267,3,1,2025-09-06,Latvia,Lithuania,78.25353,85.569579
3267,4,1,2025-09-06,Finland,Serbia,80.194023,90.675028
3268,1,1,2025-09-06,Turkey,Sweden,85.79059,74.814096
3268,2,1,2025-09-06,Germany,Portugal,101.56845,74.836827
3268,3,1,2025-09-06,Latvia,Lithuania,88.994413,72.291128
3268,4,1,2025-09-06,Finland,Serbia,75.00414,106.75849
3269,1,1,2025-09-06,Turkey,Sweden,78.195385,67.443482
3269,2,1,2025-09-06,Germany,Portugal,85.0785,62.949089
3269,3,1,2025-09-06,Latvia,Lithuania,96.199205,75.844225
3269,4,1,2025-09-06,Finland,Serbia,89.275267,88.900842
3270,1,1,2025-09-06,Turkey,Sweden,58.912353,73.131177
3270,2,1,2025-09-06,Germany,Portugal,91.97692,38.89028
3270,3,1,2025-09-06,Latvia,Lithuania,94.269357,81.556399
3270,4,1,2025-09-06,Finland,Serbia,99.951882,94.269744
3271,1,1,2025-09-06,Turkey,Sweden,82.488044,91.125456
3271,2,1,2025-09-06,Germany,Portugal,87.775591,72.774651
3271,3,1,2025-09-06,Latvia,Lithuania,105.58553,58.693187
3271,4,1,2025-09-06,Finland,Serbia,78.254915,88.442725
3272,1,1,2025-09-06,Turkey,Sweden,95.61607,60.26359
3272,2,1,2025-09-06,Germany,Portugal,94.717078,68.340774
3272,3,1,2025-09-06,Latvia,Lithuania,81.763079,106.32691
3272,4,1,2025-09-06,Finland,Serbia,99.709831,98.163372
3273,1,1,2025-09-06,Turkey,Sweden,96.816444,77.455429
3273,2,1,2025-09-06,Germany,Portugal,89.324105,63.94303
3273,3,1,2025-09-06,Latvia,Lithuania,88.690677,100.04882
3273,4,1,2025-09-06,Finland,Serbia,88.390782,94.529167
3274,1,1,2025-09-06,Turkey,Sweden,89.803257,80.022407
3274,2,1,2025-09-06,Germany,Portugal,77.694713,81.480950000000007
3274,3,1,2025-09-06,Latvia,Lithuania,97.679904,99.643139
3274,4,1,2025-09-06,Finland,Serbia,88.708851,104.24896
3275,1,1,2025-09-06,Turkey,Sweden,89.550553,73.530095
3275,2,1,2025-09-06,Germany,Portugal,90.002763,78.467488
3275,3,1,2025-09-06,Latvia,Lithuania,88.121571,67.253075
3275,4,1,2025-09-06,Finland,Serbia,80.038278,98.166864
3276,1,1,2025-09-06,Turkey,Sweden,97.66967,62.450408
3276,2,1,2025-09-06,Germany,Portugal,75.56046,64.18079
3276,3,1,2025-09-06,Latvia,Lithuania,91.53993,99.988834
3276,4,1,2025-09-06,Finland,Serbia,80.391477,101.78204
3277,1,1,2025-09-06,Turkey,Sweden,93.252745,82.942292
3277,2,1,2025-09-06,Germany,Portugal,91.399619,65.376284
3277,3,1,2025-09-06,Latvia,Lithuania,85.600412,84.011755
3277,4,1,2025-09-06,Finland,Serbia,112.55029,94.540834
3278,1,1,2025-09-06,Turkey,Sweden,85.792997,60.723166
3278,2,1,2025-09-06,Germany,Portugal,92.464594,65.616132
3278,3,1,2025-09-06,Latvia,Lithuania,97.978511,89.945845
3278,4,1,2025-09-06,Finland,Serbia,74.505735,87.848235
3279,1,1,2025-09-06,Turkey,Sweden,86.126442,69.030778
3279,2,1,2025-09-06,Germany,Portugal,103.90005,60.813406
3279,3,1,2025-09-06,Latvia,Lithuania,76.715498,79.183718
3279,4,1,2025-09-06,Finland,Serbia,94.771695,123.58737
3280,1,1,2025-09-06,Turkey,Sweden,88.664311,82.46056
3280,2,1,2025-09-06,Germany,Portugal,102.39715,73.37599
3280,3,1,2025-09-06,Latvia,Lithuania,97.068581,65.002361
3280,4,1,2025-09-06,Finland,Serbia,81.725796,94.331458
3281,1,1,2025-09-06,Turkey,Sweden,77.70705,77.710227
3281,2,1,2025-09-06,Germany,Portugal,91.435681,63.451884
3281,3,1,2025-09-06,Latvia,Lithuania,88.156223,67.709201
3281,4,1,2025-09-06,Finland,Serbia,94.527003,97.18504
3282,1,1,2025-09-06,Turkey,Sweden,61.660185,83.760508
3282,2,1,2025-09-06,Germany,Portugal,82.070821,63.207781
3282,3,1,2025-09-06,Latvia,Lithuania,101.12691,86.933902
3282,4,1,2025-09-06,Finland,Serbia,97.265955,125.74187
3283,1,1,2025-09-06,Turkey,Sweden,102.09208,102.34224
3283,2,1,2025-09-06,Germany,Portugal,116.99499,76.835318
3283,3,1,2025-09-06,Latvia,Lithuania,97.51273,89.345008000000007
3283,4,1,2025-09-06,Finland,Serbia,73.036846,78.270841
3284,1,1,2025-09-06,Turkey,Sweden,92.411293,86.891051
3284,2,1,2025-09-06,Germany,Portugal,97.686905,91.238306
3284,3,1,2025-09-06,Latvia,Lithuania,87.930155,79.54868
3284,4,1,2025-09-06,Finland,Serbia,91.151165,76.412246
3285,1,1,2025-09-06,Turkey,Sweden,62.023268,81.97834
3285,2,1,2025-09-06,Germany,Portugal,91.789851,66.333504
3285,3,1,2025-09-06,Latvia,Lithuania,98.03054,77.419037
3285,4,1,2025-09-06,Finland,Serbia,47.89921,94.406184
3286,1,1,2025-09-06,Turkey,Sweden,83.344394,77.797002
3286,2,1,2025-09-06,Germany,Portugal,98.619458,69.902866
3286,3,1,2025-09-06,Latvia,Lithuania,85.033889,97.525297
3286,4,1,2025-09-06,Finland,Serbia,96.823391,93.012933
3287,1,1,2025-09-06,Turkey,Sweden,88.989049,61.228761
3287,2,1,2025-09-06,Germany,Portugal,82.932662,69.323753
3287,3,1,2025-09-06,Latvia,Lithuania,99.064878,93.146567
3287,4,1,2025-09-06,Finland,Serbia,111.80737,104.20599
3288,1,1,2025-09-06,Turkey,Sweden,85.148182,84.557397
3288,2,1,2025-09-06,Germany,Portugal,108.34664,80.063149
3288,3,1,2025-09-06,Latvia,Lithuania,74.724918,76.447412
3288,4,1,2025-09-06,Finland,Serbia,88.293608,100.05947
3289,1,1,2025-09-06,Turkey,Sweden,96.559139,85.281632
3289,2,1,2025-09-06,Germany,Portugal,69.260184,84.077123
3289,3,1,2025-09-06,Latvia,Lithuania,83.950794,95.533713
3289,4,1,2025-09-06,Finland,Serbia,71.494533,76.666513
3290,1,1,2025-09-06,Turkey,Sweden,98.866237,68.032648
3290,2,1,2025-09-06,Germany,Portugal,96.456626,57.315013
3290,3,1,2025-09-06,Latvia,Lithuania,84.424446,90.854402
3290,4,1,2025-09-06,Finland,Serbia,77.275167,84.843158
3291,1,1,2025-09-06,Turkey,Sweden,79.603236,77.06254
3291,2,1,2025-09-06,Germany,Portugal,97.892688,59.173151
3291,3,1,2025-09-06,Latvia,Lithuania,71.394485,69.434615
3291,4,1,2025-09-06,Finland,Serbia,100.21554,96.514572
3292,1,1,2025-09-06,Turkey,Sweden,98.0911,86.335827
3292,2,1,2025-09-06,Germany,Portugal,94.009544,61.720615
3292,3,1,2025-09-06,Latvia,Lithuania,76.493448,85.271728
3292,4,1,2025-09-06,Finland,Serbia,91.288527,81.165604
3293,1,1,2025-09-06,Turkey,Sweden,59.771418,72.864418
3293,2,1,2025-09-06,Germany,Portugal,94.581746,72.270335
3293,3,1,2025-09-06,Latvia,Lithuania,85.591475,98.239107
3293,4,1,2025-09-06,Finland,Serbia,83.604325,98.068178
3294,1,1,2025-09-06,Turkey,Sweden,98.282187,76.963637
3294,2,1,2025-09-06,Germany,Portugal,91.299822,58.987688
3294,3,1,2025-09-06,Latvia,Lithuania,103.72241,86.9723
3294,4,1,2025-09-06,Finland,Serbia,93.800049,106.44736
3295,1,1,2025-09-06,Turkey,Sweden,76.971346,78.865159
3295,2,1,2025-09-06,Germany,Portugal,93.072146,72.192648
3295,3,1,2025-09-06,Latvia,Lithuania,98.160173,100.32313
3295,4,1,2025-09-06,Finland,Serbia,90.151506,56.043264
3296,1,1,2025-09-06,Turkey,Sweden,87.971568,90.706043
3296,2,1,2025-09-06,Germany,Portugal,90.322634,77.416805
3296,3,1,2025-09-06,Latvia,Lithuania,68.694861,60.628325
3296,4,1,2025-09-06,Finland,Serbia,71.259919,77.642432
3297,1,1,2025-09-06,Turkey,Sweden,93.086273,83.478649
3297,2,1,2025-09-06,Germany,Portugal,87.417895,70.158665
3297,3,1,2025-09-06,Latvia,Lithuania,79.724206,83.526395
3297,4,1,2025-09-06,Finland,Serbia,103.01048,104.37505
3298,1,1,2025-09-06,Turkey,Sweden,91.266328,92.183364
3298,2,1,2025-09-06,Germany,Portugal,87.419976,43.751747
3298,3,1,2025-09-06,Latvia,Lithuania,89.059463,74.627035
3298,4,1,2025-09-06,Finland,Serbia,88.233919,105.18087
3299,1,1,2025-09-06,Turkey,Sweden,66.028487,57.049042
3299,2,1,2025-09-06,Germany,Portugal,85.503779,48.128177
3299,3,1,2025-09-06,Latvia,Lithuania,82.974578,105.60286
3299,4,1,2025-09-06,Finland,Serbia,111.41973,95.428973
3300,1,1,2025-09-06,Turkey,Sweden,87.395757,96.072737
3300,2,1,2025-09-06,Germany,Portugal,92.462,54.132877
3300,3,1,2025-09-06,Latvia,Lithuania,90.018069,84.404523
3300,4,1,2025-09-06,Finland,Serbia,75.456326,86.389406
3301,1,1,2025-09-06,Turkey,Sweden,78.697353,89.882684
3301,2,1,2025-09-06,Germany,Portugal,103.3443,51.635899
3301,3,1,2025-09-06,Latvia,Lithuania,76.817243,84.306902
3301,4,1,2025-09-06,Finland,Serbia,75.930018,91.908375
3302,1,1,2025-09-06,Turkey,Sweden,79.178102,80.248526
3302,2,1,2025-09-06,Germany,Portugal,104.18216,67.635686
3302,3,1,2025-09-06,Latvia,Lithuania,62.607994,73.556978
3302,4,1,2025-09-06,Finland,Serbia,98.701967,118.0877
3303,1,1,2025-09-06,Turkey,Sweden,76.698064,78.340198
3303,2,1,2025-09-06,Germany,Portugal,74.075394,49.945243
3303,3,1,2025-09-06,Latvia,Lithuania,80.904012,79.168101
3303,4,1,2025-09-06,Finland,Serbia,83.048353,104.52944
3304,1,1,2025-09-06,Turkey,Sweden,69.701889,73.113776
3304,2,1,2025-09-06,Germany,Portugal,73.781465,55.011875
3304,3,1,2025-09-06,Latvia,Lithuania,78.119422,97.915705
3304,4,1,2025-09-06,Finland,Serbia,92.032375,97.164723
3305,1,1,2025-09-06,Turkey,Sweden,90.801756,75.925359
3305,2,1,2025-09-06,Germany,Portugal,66.431111,67.098797
3305,3,1,2025-09-06,Latvia,Lithuania,79.361263,76.255143
3305,4,1,2025-09-06,Finland,Serbia,92.796913,103.53417
3306,1,1,2025-09-06,Turkey,Sweden,81.430323,85.179764
3306,2,1,2025-09-06,Germany,Portugal,81.282615,61.318695
3306,3,1,2025-09-06,Latvia,Lithuania,85.125655,95.227601
3306,4,1,2025-09-06,Finland,Serbia,110.92333000000001,96.590509
3307,1,1,2025-09-06,Turkey,Sweden,88.386435,75.932985
3307,2,1,2025-09-06,Germany,Portugal,89.132673,52.024544
3307,3,1,2025-09-06,Latvia,Lithuania,81.173248,76.396896
3307,4,1,2025-09-06,Finland,Serbia,101.33714,109.19524
3308,1,1,2025-09-06,Turkey,Sweden,90.399895,89.985799
3308,2,1,2025-09-06,Germany,Portugal,79.584587,68.995062
3308,3,1,2025-09-06,Latvia,Lithuania,84.9349,86.665052
3308,4,1,2025-09-06,Finland,Serbia,98.688259,96.142931
3309,1,1,2025-09-06,Turkey,Sweden,94.823484,82.301721
3309,2,1,2025-09-06,Germany,Portugal,97.767868000000007,67.784302
3309,3,1,2025-09-06,Latvia,Lithuania,80.820335,70.506691
3309,4,1,2025-09-06,Finland,Serbia,76.780506,105.64506
3310,1,1,2025-09-06,Turkey,Sweden,95.658947,82.921922
3310,2,1,2025-09-06,Germany,Portugal,85.861684,64.976966
3310,3,1,2025-09-06,Latvia,Lithuania,100.96278,68.537729
3310,4,1,2025-09-06,Finland,Serbia,100.40962,97.104024
3311,1,1,2025-09-06,Turkey,Sweden,89.477042,82.931264
3311,2,1,2025-09-06,Germany,Portugal,86.06887,56.203665
3311,3,1,2025-09-06,Latvia,Lithuania,100.5034,77.569269
3311,4,1,2025-09-06,Finland,Serbia,98.711545,105.68905
3312,1,1,2025-09-06,Turkey,Sweden,67.411423,54.030443
3312,2,1,2025-09-06,Germany,Portugal,89.504345,42.928246
3312,3,1,2025-09-06,Latvia,Lithuania,92.410096,77.014348
3312,4,1,2025-09-06,Finland,Serbia,85.706828,78.018778
3313,1,1,2025-09-06,Turkey,Sweden,73.907939,62.721669
3313,2,1,2025-09-06,Germany,Portugal,99.100128,61.083985
3313,3,1,2025-09-06,Latvia,Lithuania,82.774676,82.589414
3313,4,1,2025-09-06,Finland,Serbia,89.8887,106.88195
3314,1,1,2025-09-06,Turkey,Sweden,113.47961,75.999579
3314,2,1,2025-09-06,Germany,Portugal,90.612519,45.457117
3314,3,1,2025-09-06,Latvia,Lithuania,94.311192,83.980001
3314,4,1,2025-09-06,Finland,Serbia,75.381469,104.6132
3315,1,1,2025-09-06,Turkey,Sweden,92.692144,82.831298
3315,2,1,2025-09-06,Germany,Portugal,86.13455,46.562549
3315,3,1,2025-09-06,Latvia,Lithuania,91.641842,106.59992
3315,4,1,2025-09-06,Finland,Serbia,85.66924,100.72656
3316,1,1,2025-09-06,Turkey,Sweden,84.712304,81.13764
3316,2,1,2025-09-06,Germany,Portugal,86.388811,42.579213
3316,3,1,2025-09-06,Latvia,Lithuania,77.071402,86.675315
3316,4,1,2025-09-06,Finland,Serbia,92.435492,103.2611
3317,1,1,2025-09-06,Turkey,Sweden,82.732298,60.666631
3317,2,1,2025-09-06,Germany,Portugal,94.175482,54.17613
3317,3,1,2025-09-06,Latvia,Lithuania,90.368832,81.92623
3317,4,1,2025-09-06,Finland,Serbia,93.419827,96.426769
3318,1,1,2025-09-06,Turkey,Sweden,88.424349,56.221528
3318,2,1,2025-09-06,Germany,Portugal,90.009512,59.179227
3318,3,1,2025-09-06,Latvia,Lithuania,104.21368,88.117785
3318,4,1,2025-09-06,Finland,Serbia,70.485366,88.354436
3319,1,1,2025-09-06,Turkey,Sweden,80.012359,52.167731
3319,2,1,2025-09-06,Germany,Portugal,92.999086,46.749837
3319,3,1,2025-09-06,Latvia,Lithuania,91.259868,88.61693
3319,4,1,2025-09-06,Finland,Serbia,69.447398,76.897858
3320,1,1,2025-09-06,Turkey,Sweden,80.633171,80.779475
3320,2,1,2025-09-06,Germany,Portugal,100.16221,57.815694
3320,3,1,2025-09-06,Latvia,Lithuania,99.151906,82.39016
3320,4,1,2025-09-06,Finland,Serbia,87.926616,93.10535
3321,1,1,2025-09-06,Turkey,Sweden,88.592083,71.408094
3321,2,1,2025-09-06,Germany,Portugal,93.076831,72.501478
3321,3,1,2025-09-06,Latvia,Lithuania,81.255141,76.767449
3321,4,1,2025-09-06,Finland,Serbia,93.476122,91.009735
3322,1,1,2025-09-06,Turkey,Sweden,88.939393,84.500049
3322,2,1,2025-09-06,Germany,Portugal,92.312293,65.197715
3322,3,1,2025-09-06,Latvia,Lithuania,108.13625,80.528514
3322,4,1,2025-09-06,Finland,Serbia,74.372208,96.455743
3323,1,1,2025-09-06,Turkey,Sweden,101.6423,77.671964
3323,2,1,2025-09-06,Germany,Portugal,77.03046,64.821001999999993
3323,3,1,2025-09-06,Latvia,Lithuania,75.946949,64.395504
3323,4,1,2025-09-06,Finland,Serbia,97.621133,119.69498
3324,1,1,2025-09-06,Turkey,Sweden,87.008929,79.994841
3324,2,1,2025-09-06,Germany,Portugal,93.494841,60.79905
3324,3,1,2025-09-06,Latvia,Lithuania,94.01311,98.143512
3324,4,1,2025-09-06,Finland,Serbia,99.190489,104.95545
3325,1,1,2025-09-06,Turkey,Sweden,79.842831,89.044859
3325,2,1,2025-09-06,Germany,Portugal,111.88026,60.285024
3325,3,1,2025-09-06,Latvia,Lithuania,91.46021,74.728793
3325,4,1,2025-09-06,Finland,Serbia,84.81306,95.060213
3326,1,1,2025-09-06,Turkey,Sweden,86.627239,69.768464
3326,2,1,2025-09-06,Germany,Portugal,91.068968,58.125671
3326,3,1,2025-09-06,Latvia,Lithuania,82.745882,73.323048
3326,4,1,2025-09-06,Finland,Serbia,72.865463,64.727029
3327,1,1,2025-09-06,Turkey,Sweden,83.393888,73.197123
3327,2,1,2025-09-06,Germany,Portugal,96.304713,50.912423
3327,3,1,2025-09-06,Latvia,Lithuania,92.590003,83.929951
3327,4,1,2025-09-06,Finland,Serbia,77.538962,75.237311
3328,1,1,2025-09-06,Turkey,Sweden,90.805321,67.910277
3328,2,1,2025-09-06,Germany,Portugal,97.703422,39.23174
3328,3,1,2025-09-06,Latvia,Lithuania,88.925575,85.762587
3328,4,1,2025-09-06,Finland,Serbia,100.37779,101.07174
3329,1,1,2025-09-06,Turkey,Sweden,87.895939,76.813215
3329,2,1,2025-09-06,Germany,Portugal,83.903436,35.736098
3329,3,1,2025-09-06,Latvia,Lithuania,100.80874,94.353906
3329,4,1,2025-09-06,Finland,Serbia,93.636327,94.8907
3330,1,1,2025-09-06,Turkey,Sweden,72.054866,62.446281
3330,2,1,2025-09-06,Germany,Portugal,109.62818,48.70258
3330,3,1,2025-09-06,Latvia,Lithuania,88.153817,75.639811
3330,4,1,2025-09-06,Finland,Serbia,92.003353,98.626184
3331,1,1,2025-09-06,Turkey,Sweden,84.923724000000007,85.657271
3331,2,1,2025-09-06,Germany,Portugal,89.920076,45.936623
3331,3,1,2025-09-06,Latvia,Lithuania,94.092851,88.205676
3331,4,1,2025-09-06,Finland,Serbia,77.263019,95.003396
3332,1,1,2025-09-06,Turkey,Sweden,67.49287,69.752888
3332,2,1,2025-09-06,Germany,Portugal,85.06034,76.470727
3332,3,1,2025-09-06,Latvia,Lithuania,97.088772,87.736319
3332,4,1,2025-09-06,Finland,Serbia,97.397812,86.581668
3333,1,1,2025-09-06,Turkey,Sweden,70.828552,58.118108
3333,2,1,2025-09-06,Germany,Portugal,62.014656,45.72896
3333,3,1,2025-09-06,Latvia,Lithuania,94.879284,68.506711
3333,4,1,2025-09-06,Finland,Serbia,88.859889,87.790834
3334,1,1,2025-09-06,Turkey,Sweden,82.537285,65.005634
3334,2,1,2025-09-06,Germany,Portugal,98.035616,47.39288
3334,3,1,2025-09-06,Latvia,Lithuania,106.77936,69.73428
3334,4,1,2025-09-06,Finland,Serbia,79.043732,79.466859
3335,1,1,2025-09-06,Turkey,Sweden,93.756198,75.604911
3335,2,1,2025-09-06,Germany,Portugal,96.586788,48.025617
3335,3,1,2025-09-06,Latvia,Lithuania,86.624864,81.75724
3335,4,1,2025-09-06,Finland,Serbia,105.6003,107.18046
3336,1,1,2025-09-06,Turkey,Sweden,92.452689,64.772089
3336,2,1,2025-09-06,Germany,Portugal,98.619311,54.524243
3336,3,1,2025-09-06,Latvia,Lithuania,96.64587,80.897752
3336,4,1,2025-09-06,Finland,Serbia,69.705298,83.315343
3337,1,1,2025-09-06,Turkey,Sweden,98.779315,80.049813
3337,2,1,2025-09-06,Germany,Portugal,89.111272,53.617977
3337,3,1,2025-09-06,Latvia,Lithuania,86.324409,79.634343
3337,4,1,2025-09-06,Finland,Serbia,74.929741,100.00292
3338,1,1,2025-09-06,Turkey,Sweden,67.509298,74.382241
3338,2,1,2025-09-06,Germany,Portugal,89.407877,58.818813
3338,3,1,2025-09-06,Latvia,Lithuania,105.81744,76.25051
3338,4,1,2025-09-06,Finland,Serbia,93.171078,73.702575
3339,1,1,2025-09-06,Turkey,Sweden,96.473213,81.166884
3339,2,1,2025-09-06,Germany,Portugal,85.199987,45.169701
3339,3,1,2025-09-06,Latvia,Lithuania,84.18592,55.538467
3339,4,1,2025-09-06,Finland,Serbia,91.250983,92.395566
3340,1,1,2025-09-06,Turkey,Sweden,74.991364,48.03125
3340,2,1,2025-09-06,Germany,Portugal,111.31435,67.74639
3340,3,1,2025-09-06,Latvia,Lithuania,109.30208,75.763324
3340,4,1,2025-09-06,Finland,Serbia,112.269,108.70486
3341,1,1,2025-09-06,Turkey,Sweden,85.868393,59.029616
3341,2,1,2025-09-06,Germany,Portugal,76.456932,71.165015
3341,3,1,2025-09-06,Latvia,Lithuania,98.798573,76.934054
3341,4,1,2025-09-06,Finland,Serbia,78.32327,81.521758
3342,1,1,2025-09-06,Turkey,Sweden,85.245198,71.517477
3342,2,1,2025-09-06,Germany,Portugal,76.800526,67.517217
3342,3,1,2025-09-06,Latvia,Lithuania,95.773835,57.903524
3342,4,1,2025-09-06,Finland,Serbia,103.99798,97.37092
3343,1,1,2025-09-06,Turkey,Sweden,90.035262,87.778115
3343,2,1,2025-09-06,Germany,Portugal,88.906689,77.343797
3343,3,1,2025-09-06,Latvia,Lithuania,90.573007,89.55197
3343,4,1,2025-09-06,Finland,Serbia,76.610446,102.99988
3344,1,1,2025-09-06,Turkey,Sweden,84.43166,67.801866
3344,2,1,2025-09-06,Germany,Portugal,91.783464,70.047305
3344,3,1,2025-09-06,Latvia,Lithuania,92.215405,79.516544
3344,4,1,2025-09-06,Finland,Serbia,79.84917,110.67667
3345,1,1,2025-09-06,Turkey,Sweden,83.609087,71.053878
3345,2,1,2025-09-06,Germany,Portugal,72.420111,79.646273
3345,3,1,2025-09-06,Latvia,Lithuania,85.270747,82.881118
3345,4,1,2025-09-06,Finland,Serbia,95.418508,77.817344
3346,1,1,2025-09-06,Turkey,Sweden,78.804656,57.488021
3346,2,1,2025-09-06,Germany,Portugal,87.760326,53.350171
3346,3,1,2025-09-06,Latvia,Lithuania,84.708434,80.06817
3346,4,1,2025-09-06,Finland,Serbia,95.07157,85.588542
3347,1,1,2025-09-06,Turkey,Sweden,92.599067,71.561318
3347,2,1,2025-09-06,Germany,Portugal,86.986287,60.848876
3347,3,1,2025-09-06,Latvia,Lithuania,86.786985,96.103989
3347,4,1,2025-09-06,Finland,Serbia,101.27945,87.273786
3348,1,1,2025-09-06,Turkey,Sweden,91.253716,71.575833
3348,2,1,2025-09-06,Germany,Portugal,84.219285,61.570927
3348,3,1,2025-09-06,Latvia,Lithuania,91.423033,93.961249
3348,4,1,2025-09-06,Finland,Serbia,92.23021,112.50977
3349,1,1,2025-09-06,Turkey,Sweden,99.454704,82.80777
3349,2,1,2025-09-06,Germany,Portugal,102.6991,61.967474
3349,3,1,2025-09-06,Latvia,Lithuania,87.597959,87.505229
3349,4,1,2025-09-06,Finland,Serbia,84.410109,89.497525
3350,1,1,2025-09-06,Turkey,Sweden,104.2618,98.987164
3350,2,1,2025-09-06,Germany,Portugal,57.51339,71.162879
3350,3,1,2025-09-06,Latvia,Lithuania,93.08753,71.422868
3350,4,1,2025-09-06,Finland,Serbia,77.511338,74.563981
3351,1,1,2025-09-06,Turkey,Sweden,97.235626,68.669773
3351,2,1,2025-09-06,Germany,Portugal,78.088757,59.960529
3351,3,1,2025-09-06,Latvia,Lithuania,83.578106,69.629213
3351,4,1,2025-09-06,Finland,Serbia,107.32063,108.20476
3352,1,1,2025-09-06,Turkey,Sweden,74.219176,67.064027
3352,2,1,2025-09-06,Germany,Portugal,85.349513,61.246863
3352,3,1,2025-09-06,Latvia,Lithuania,87.619796,77.530567
3352,4,1,2025-09-06,Finland,Serbia,100.08235,117.35453
3353,1,1,2025-09-06,Turkey,Sweden,90.375478,83.655753
3353,2,1,2025-09-06,Germany,Portugal,82.636737,59.865281
3353,3,1,2025-09-06,Latvia,Lithuania,81.893941,68.275283
3353,4,1,2025-09-06,Finland,Serbia,111.29736,111.82738
3354,1,1,2025-09-06,Turkey,Sweden,74.505282,79.312579
3354,2,1,2025-09-06,Germany,Portugal,103.32727,67.332351
3354,3,1,2025-09-06,Latvia,Lithuania,88.806878,61.196511
3354,4,1,2025-09-06,Finland,Serbia,85.91463,95.633676
3355,1,1,2025-09-06,Turkey,Sweden,93.059585,67.519952
3355,2,1,2025-09-06,Germany,Portugal,76.267215,56.551723
3355,3,1,2025-09-06,Latvia,Lithuania,78.341407,96.402525
3355,4,1,2025-09-06,Finland,Serbia,107.416,100.04403
3356,1,1,2025-09-06,Turkey,Sweden,103.1756,88.459002
3356,2,1,2025-09-06,Germany,Portugal,78.61798,60.630248
3356,3,1,2025-09-06,Latvia,Lithuania,82.105463,81.464667
3356,4,1,2025-09-06,Finland,Serbia,120.95774,99.32515
3357,1,1,2025-09-06,Turkey,Sweden,86.330603,71.794268
3357,2,1,2025-09-06,Germany,Portugal,94.144692,61.148917
3357,3,1,2025-09-06,Latvia,Lithuania,87.068548,80.582642
3357,4,1,2025-09-06,Finland,Serbia,77.16194,102.12611
3358,1,1,2025-09-06,Turkey,Sweden,76.351603,62.656363
3358,2,1,2025-09-06,Germany,Portugal,110.66348,64.358418
3358,3,1,2025-09-06,Latvia,Lithuania,94.974955,112.57708
3358,4,1,2025-09-06,Finland,Serbia,88.983704,74.767073
3359,1,1,2025-09-06,Turkey,Sweden,92.702109,77.783957
3359,2,1,2025-09-06,Germany,Portugal,97.847854,73.487882
3359,3,1,2025-09-06,Latvia,Lithuania,68.334586,64.103447
3359,4,1,2025-09-06,Finland,Serbia,92.051948,96.7724
3360,1,1,2025-09-06,Turkey,Sweden,69.678727,71.399267
3360,2,1,2025-09-06,Germany,Portugal,83.472987,69.281662
3360,3,1,2025-09-06,Latvia,Lithuania,94.608189,75.342625
3360,4,1,2025-09-06,Finland,Serbia,95.000814,83.97877
3361,1,1,2025-09-06,Turkey,Sweden,85.593663,89.395328
3361,2,1,2025-09-06,Germany,Portugal,85.23069,78.395087
3361,3,1,2025-09-06,Latvia,Lithuania,93.651031,90.172614
3361,4,1,2025-09-06,Finland,Serbia,64.469056,110.04453
3362,1,1,2025-09-06,Turkey,Sweden,81.01752,63.403124
3362,2,1,2025-09-06,Germany,Portugal,57.719206,56.485688
3362,3,1,2025-09-06,Latvia,Lithuania,89.452669,90.266329
3362,4,1,2025-09-06,Finland,Serbia,112.97345,101.22281
3363,1,1,2025-09-06,Turkey,Sweden,81.677215,66.127779
3363,2,1,2025-09-06,Germany,Portugal,91.190223,46.863003
3363,3,1,2025-09-06,Latvia,Lithuania,86.750015,79.734104
3363,4,1,2025-09-06,Finland,Serbia,79.328319,87.569488
3364,1,1,2025-09-06,Turkey,Sweden,105.36966,78.729909
3364,2,1,2025-09-06,Germany,Portugal,104.6276,64.294986
3364,3,1,2025-09-06,Latvia,Lithuania,98.782263,84.01353
3364,4,1,2025-09-06,Finland,Serbia,87.548956,113.26544
3365,1,1,2025-09-06,Turkey,Sweden,77.111936,66.673703
3365,2,1,2025-09-06,Germany,Portugal,83.609351,71.383745
3365,3,1,2025-09-06,Latvia,Lithuania,77.883526,89.548408
3365,4,1,2025-09-06,Finland,Serbia,98.719893,99.95737
3366,1,1,2025-09-06,Turkey,Sweden,98.404074,69.665763
3366,2,1,2025-09-06,Germany,Portugal,97.84255,84.375179
3366,3,1,2025-09-06,Latvia,Lithuania,86.687987,79.691196
3366,4,1,2025-09-06,Finland,Serbia,85.972482,103.20754
3367,1,1,2025-09-06,Turkey,Sweden,101.82567,79.893291
3367,2,1,2025-09-06,Germany,Portugal,77.442821,49.69264
3367,3,1,2025-09-06,Latvia,Lithuania,95.978488,88.777062
3367,4,1,2025-09-06,Finland,Serbia,84.852873,86.315488
3368,1,1,2025-09-06,Turkey,Sweden,88.603491,85.984696
3368,2,1,2025-09-06,Germany,Portugal,97.125542,77.500165
3368,3,1,2025-09-06,Latvia,Lithuania,71.968173,93.785528
3368,4,1,2025-09-06,Finland,Serbia,94.654455,100.98083
3369,1,1,2025-09-06,Turkey,Sweden,77.824405,76.591417
3369,2,1,2025-09-06,Germany,Portugal,95.269049,71.816057
3369,3,1,2025-09-06,Latvia,Lithuania,96.391636,88.239203
3369,4,1,2025-09-06,Finland,Serbia,78.452876,95.584553
3370,1,1,2025-09-06,Turkey,Sweden,77.073504,77.782488
3370,2,1,2025-09-06,Germany,Portugal,65.803517,67.909956
3370,3,1,2025-09-06,Latvia,Lithuania,119.7785,88.715621
3370,4,1,2025-09-06,Finland,Serbia,95.140963,99.692928
3371,1,1,2025-09-06,Turkey,Sweden,71.041297,64.576626
3371,2,1,2025-09-06,Germany,Portugal,90.057874,43.645849
3371,3,1,2025-09-06,Latvia,Lithuania,86.642624,81.917427
3371,4,1,2025-09-06,Finland,Serbia,94.511419,94.829662
3372,1,1,2025-09-06,Turkey,Sweden,71.859609,90.753626
3372,2,1,2025-09-06,Germany,Portugal,96.732717,52.669979
3372,3,1,2025-09-06,Latvia,Lithuania,97.974908,94.675845
3372,4,1,2025-09-06,Finland,Serbia,78.597227,108.74076
3373,1,1,2025-09-06,Turkey,Sweden,99.746034,82.123291
3373,2,1,2025-09-06,Germany,Portugal,81.713573,42.365579
3373,3,1,2025-09-06,Latvia,Lithuania,86.942043,88.241887
3373,4,1,2025-09-06,Finland,Serbia,89.729912,102.71429
3374,1,1,2025-09-06,Turkey,Sweden,92.923483,68.545261
3374,2,1,2025-09-06,Germany,Portugal,106.24213,80.517057
3374,3,1,2025-09-06,Latvia,Lithuania,67.423366,66.00691
3374,4,1,2025-09-06,Finland,Serbia,100.24017,99.753426
3375,1,1,2025-09-06,Turkey,Sweden,69.573321000000007,57.279836
3375,2,1,2025-09-06,Germany,Portugal,73.183439,55.87989
3375,3,1,2025-09-06,Latvia,Lithuania,68.401862,83.673911
3375,4,1,2025-09-06,Finland,Serbia,80.183988,109.35528
3376,1,1,2025-09-06,Turkey,Sweden,96.793648,66.804429
3376,2,1,2025-09-06,Germany,Portugal,120.0332,59.865425
3376,3,1,2025-09-06,Latvia,Lithuania,87.845154,81.065243
3376,4,1,2025-09-06,Finland,Serbia,90.737106,81.950643
3377,1,1,2025-09-06,Turkey,Sweden,87.99593,77.759863
3377,2,1,2025-09-06,Germany,Portugal,96.994878,68.040811
3377,3,1,2025-09-06,Latvia,Lithuania,82.363259,88.048355
3377,4,1,2025-09-06,Finland,Serbia,87.458251,99.55376
3378,1,1,2025-09-06,Turkey,Sweden,76.82406,71.223114
3378,2,1,2025-09-06,Germany,Portugal,79.42384,61.284178
3378,3,1,2025-09-06,Latvia,Lithuania,89.837617,86.746156
3378,4,1,2025-09-06,Finland,Serbia,72.740195,106.43157
3379,1,1,2025-09-06,Turkey,Sweden,80.148559,80.361328
3379,2,1,2025-09-06,Germany,Portugal,101.16947,49.066586
3379,3,1,2025-09-06,Latvia,Lithuania,74.170631,87.130819
3379,4,1,2025-09-06,Finland,Serbia,87.691808,88.402511
3380,1,1,2025-09-06,Turkey,Sweden,88.304453,89.02757
3380,2,1,2025-09-06,Germany,Portugal,93.025217,66.139867
3380,3,1,2025-09-06,Latvia,Lithuania,94.87176,65.479546
3380,4,1,2025-09-06,Finland,Serbia,76.853715,99.520852
3381,1,1,2025-09-06,Turkey,Sweden,87.510695,91.094869
3381,2,1,2025-09-06,Germany,Portugal,78.324995,67.755108
3381,3,1,2025-09-06,Latvia,Lithuania,70.301158,71.253308
3381,4,1,2025-09-06,Finland,Serbia,90.178299,94.387362
3382,1,1,2025-09-06,Turkey,Sweden,72.088002,72.225713
3382,2,1,2025-09-06,Germany,Portugal,92.773023,74.942519
3382,3,1,2025-09-06,Latvia,Lithuania,102.70335,75.964951
3382,4,1,2025-09-06,Finland,Serbia,99.076835,83.938394
3383,1,1,2025-09-06,Turkey,Sweden,82.398748,72.325686
3383,2,1,2025-09-06,Germany,Portugal,80.762177,59.36627
3383,3,1,2025-09-06,Latvia,Lithuania,77.036055,77.788168
3383,4,1,2025-09-06,Finland,Serbia,74.504275,94.213608
3384,1,1,2025-09-06,Turkey,Sweden,99.344415,66.477145
3384,2,1,2025-09-06,Germany,Portugal,103.69776,77.429771
3384,3,1,2025-09-06,Latvia,Lithuania,68.28142,49.734535
3384,4,1,2025-09-06,Finland,Serbia,79.836721,89.371856
3385,1,1,2025-09-06,Turkey,Sweden,101.45451,60.117424
3385,2,1,2025-09-06,Germany,Portugal,74.522424,73.712877
3385,3,1,2025-09-06,Latvia,Lithuania,104.66082,83.569312
3385,4,1,2025-09-06,Finland,Serbia,87.757464,93.521203
3386,1,1,2025-09-06,Turkey,Sweden,116.33854,62.340806
3386,2,1,2025-09-06,Germany,Portugal,85.569551,67.894201
3386,3,1,2025-09-06,Latvia,Lithuania,83.218086,63.553875
3386,4,1,2025-09-06,Finland,Serbia,96.870516,95.177917
3387,1,1,2025-09-06,Turkey,Sweden,104.82673,80.770637
3387,2,1,2025-09-06,Germany,Portugal,78.678528,67.561812
3387,3,1,2025-09-06,Latvia,Lithuania,84.280224,93.256768
3387,4,1,2025-09-06,Finland,Serbia,77.274482,87.357071
3388,1,1,2025-09-06,Turkey,Sweden,89.320157,79.027297
3388,2,1,2025-09-06,Germany,Portugal,93.875362,59.944202
3388,3,1,2025-09-06,Latvia,Lithuania,85.621397,79.715677
3388,4,1,2025-09-06,Finland,Serbia,81.108684,103.11691
3389,1,1,2025-09-06,Turkey,Sweden,78.481864,74.105888
3389,2,1,2025-09-06,Germany,Portugal,88.303953,55.482956
3389,3,1,2025-09-06,Latvia,Lithuania,73.364085,98.787536
3389,4,1,2025-09-06,Finland,Serbia,83.738038,91.520826
3390,1,1,2025-09-06,Turkey,Sweden,94.442909,89.050126
3390,2,1,2025-09-06,Germany,Portugal,92.556137,70.114999
3390,3,1,2025-09-06,Latvia,Lithuania,80.329621,87.596628
3390,4,1,2025-09-06,Finland,Serbia,78.016407,82.018404
3391,1,1,2025-09-06,Turkey,Sweden,96.17747,78.053509
3391,2,1,2025-09-06,Germany,Portugal,74.737332,61.876124
3391,3,1,2025-09-06,Latvia,Lithuania,93.680997,76.686178
3391,4,1,2025-09-06,Finland,Serbia,76.831871,86.38296
3392,1,1,2025-09-06,Turkey,Sweden,73.139339,46.94454
3392,2,1,2025-09-06,Germany,Portugal,90.346857,68.11578
3392,3,1,2025-09-06,Latvia,Lithuania,79.690792,82.767147
3392,4,1,2025-09-06,Finland,Serbia,70.223256,82.866692
3393,1,1,2025-09-06,Turkey,Sweden,82.333805,84.567023
3393,2,1,2025-09-06,Germany,Portugal,82.157566,64.100381
3393,3,1,2025-09-06,Latvia,Lithuania,87.957931,82.500346
3393,4,1,2025-09-06,Finland,Serbia,86.431398,110.50405
3394,1,1,2025-09-06,Turkey,Sweden,77.344159,87.243598
3394,2,1,2025-09-06,Germany,Portugal,72.037019,74.248876
3394,3,1,2025-09-06,Latvia,Lithuania,85.408772,83.298255
3394,4,1,2025-09-06,Finland,Serbia,90.191916,91.866276
3395,1,1,2025-09-06,Turkey,Sweden,79.496737,75.571292
3395,2,1,2025-09-06,Germany,Portugal,89.875638,63.521304
3395,3,1,2025-09-06,Latvia,Lithuania,86.743508,88.226607
3395,4,1,2025-09-06,Finland,Serbia,102.02376,75.576671
3396,1,1,2025-09-06,Turkey,Sweden,85.436901,64.368662
3396,2,1,2025-09-06,Germany,Portugal,85.711886,57.251948
3396,3,1,2025-09-06,Latvia,Lithuania,80.555069,93.981123
3396,4,1,2025-09-06,Finland,Serbia,95.12561,104.06905
3397,1,1,2025-09-06,Turkey,Sweden,89.35939,55.38351
3397,2,1,2025-09-06,Germany,Portugal,73.131383,51.157782
3397,3,1,2025-09-06,Latvia,Lithuania,92.234445,78.629981
3397,4,1,2025-09-06,Finland,Serbia,111.60176,107.39423
3398,1,1,2025-09-06,Turkey,Sweden,108.03552,81.718324
3398,2,1,2025-09-06,Germany,Portugal,87.462401,67.559452
3398,3,1,2025-09-06,Latvia,Lithuania,79.339761,74.569929
3398,4,1,2025-09-06,Finland,Serbia,85.752479,94.879185
3399,1,1,2025-09-06,Turkey,Sweden,88.46188,90.748778
3399,2,1,2025-09-06,Germany,Portugal,109.83862,53.328321
3399,3,1,2025-09-06,Latvia,Lithuania,85.655029,70.904016
3399,4,1,2025-09-06,Finland,Serbia,79.82637,95.116134
3400,1,1,2025-09-06,Turkey,Sweden,90.966654,64.933735
3400,2,1,2025-09-06,Germany,Portugal,76.604174,71.230792
3400,3,1,2025-09-06,Latvia,Lithuania,97.209712,69.936709
3400,4,1,2025-09-06,Finland,Serbia,97.178468,108.87342
3401,1,1,2025-09-06,Turkey,Sweden,90.26861,72.341374
3401,2,1,2025-09-06,Germany,Portugal,83.507343,54.189467
3401,3,1,2025-09-06,Latvia,Lithuania,100.30912,88.213227
3401,4,1,2025-09-06,Finland,Serbia,99.797487,113.67564
3402,1,1,2025-09-06,Turkey,Sweden,90.475181,63.517552
3402,2,1,2025-09-06,Germany,Portugal,108.67003,76.075657
3402,3,1,2025-09-06,Latvia,Lithuania,69.982214,77.696494
3402,4,1,2025-09-06,Finland,Serbia,91.176108,108.90635
3403,1,1,2025-09-06,Turkey,Sweden,100.45166,89.869553
3403,2,1,2025-09-06,Germany,Portugal,96.800484,63.999966
3403,3,1,2025-09-06,Latvia,Lithuania,84.732242,76.131552
3403,4,1,2025-09-06,Finland,Serbia,112.24133,94.770174
3404,1,1,2025-09-06,Turkey,Sweden,84.042925,69.377427
3404,2,1,2025-09-06,Germany,Portugal,102.33608,64.972811
3404,3,1,2025-09-06,Latvia,Lithuania,106.54926,92.135438
3404,4,1,2025-09-06,Finland,Serbia,80.656648,93.213296
3405,1,1,2025-09-06,Turkey,Sweden,89.748191,77.655813
3405,2,1,2025-09-06,Germany,Portugal,104.37687,61.56135
3405,3,1,2025-09-06,Latvia,Lithuania,88.865593,83.845733
3405,4,1,2025-09-06,Finland,Serbia,67.943884,73.846307
3406,1,1,2025-09-06,Turkey,Sweden,94.194403,85.732548
3406,2,1,2025-09-06,Germany,Portugal,85.710853,49.037611
3406,3,1,2025-09-06,Latvia,Lithuania,63.2719,90.199256
3406,4,1,2025-09-06,Finland,Serbia,70.488184,94.099008
3407,1,1,2025-09-06,Turkey,Sweden,74.892253,74.867196
3407,2,1,2025-09-06,Germany,Portugal,105.74379,72.670059
3407,3,1,2025-09-06,Latvia,Lithuania,81.072563,65.647084
3407,4,1,2025-09-06,Finland,Serbia,100.23201,87.41496
3408,1,1,2025-09-06,Turkey,Sweden,87.582548,63.046876
3408,2,1,2025-09-06,Germany,Portugal,89.032208,56.470746
3408,3,1,2025-09-06,Latvia,Lithuania,68.186413,60.264551
3408,4,1,2025-09-06,Finland,Serbia,84.556821,93.536421
3409,1,1,2025-09-06,Turkey,Sweden,67.23542,68.088409
3409,2,1,2025-09-06,Germany,Portugal,68.414122,79.693429
3409,3,1,2025-09-06,Latvia,Lithuania,83.458691,103.5989
3409,4,1,2025-09-06,Finland,Serbia,117.28509,96.381046
3410,1,1,2025-09-06,Turkey,Sweden,101.84005,94.23823
3410,2,1,2025-09-06,Germany,Portugal,88.454054,63.519405
3410,3,1,2025-09-06,Latvia,Lithuania,97.229074,84.358462
3410,4,1,2025-09-06,Finland,Serbia,93.782477,76.347962
3411,1,1,2025-09-06,Turkey,Sweden,78.190145,62.812328
3411,2,1,2025-09-06,Germany,Portugal,78.943176,75.742003
3411,3,1,2025-09-06,Latvia,Lithuania,99.711608,83.460137
3411,4,1,2025-09-06,Finland,Serbia,84.286181,68.186995
3412,1,1,2025-09-06,Turkey,Sweden,96.998715,102.16044
3412,2,1,2025-09-06,Germany,Portugal,91.695947,66.003566
3412,3,1,2025-09-06,Latvia,Lithuania,79.550875,85.513278
3412,4,1,2025-09-06,Finland,Serbia,70.632871,78.931758
3413,1,1,2025-09-06,Turkey,Sweden,77.045537,70.344791
3413,2,1,2025-09-06,Germany,Portugal,108.45745,55.966322
3413,3,1,2025-09-06,Latvia,Lithuania,99.728038,80.759846
3413,4,1,2025-09-06,Finland,Serbia,82.94156,109.33167
3414,1,1,2025-09-06,Turkey,Sweden,75.359769,81.434782
3414,2,1,2025-09-06,Germany,Portugal,75.646834,61.897362
3414,3,1,2025-09-06,Latvia,Lithuania,63.351644,87.769275
3414,4,1,2025-09-06,Finland,Serbia,91.49085,96.394992
3415,1,1,2025-09-06,Turkey,Sweden,89.765006,86.355011
3415,2,1,2025-09-06,Germany,Portugal,94.78722,68.039056
3415,3,1,2025-09-06,Latvia,Lithuania,72.362728,70.334186
3415,4,1,2025-09-06,Finland,Serbia,81.850146,84.763572
3416,1,1,2025-09-06,Turkey,Sweden,87.146223,67.973441
3416,2,1,2025-09-06,Germany,Portugal,87.289727,56.847897
3416,3,1,2025-09-06,Latvia,Lithuania,98.841886,74.448244
3416,4,1,2025-09-06,Finland,Serbia,64.315573,93.249193
3417,1,1,2025-09-06,Turkey,Sweden,89.710197,73.132177
3417,2,1,2025-09-06,Germany,Portugal,90.312285,62.575803
3417,3,1,2025-09-06,Latvia,Lithuania,67.829827,82.548096
3417,4,1,2025-09-06,Finland,Serbia,113.3164,101.42433
3418,1,1,2025-09-06,Turkey,Sweden,89.652108,75.735555
3418,2,1,2025-09-06,Germany,Portugal,99.113887,47.238743
3418,3,1,2025-09-06,Latvia,Lithuania,67.232646,66.867553
3418,4,1,2025-09-06,Finland,Serbia,97.301213,97.667705
3419,1,1,2025-09-06,Turkey,Sweden,62.265197,67.494697
3419,2,1,2025-09-06,Germany,Portugal,106.72443,59.534679
3419,3,1,2025-09-06,Latvia,Lithuania,87.876862,87.706745
3419,4,1,2025-09-06,Finland,Serbia,98.126925,77.383591
3420,1,1,2025-09-06,Turkey,Sweden,96.520078,82.379292
3420,2,1,2025-09-06,Germany,Portugal,75.695947,77.141552
3420,3,1,2025-09-06,Latvia,Lithuania,74.794426,70.619467
3420,4,1,2025-09-06,Finland,Serbia,84.291494,94.546735
3421,1,1,2025-09-06,Turkey,Sweden,89.397552,76.696949
3421,2,1,2025-09-06,Germany,Portugal,56.724331,62.963431
3421,3,1,2025-09-06,Latvia,Lithuania,88.027887,98.705509
3421,4,1,2025-09-06,Finland,Serbia,82.328601,87.515924
3422,1,1,2025-09-06,Turkey,Sweden,75.072334,68.922395
3422,2,1,2025-09-06,Germany,Portugal,94.857026,71.624844
3422,3,1,2025-09-06,Latvia,Lithuania,82.877906,93.010553
3422,4,1,2025-09-06,Finland,Serbia,117.4482,105.06672
3423,1,1,2025-09-06,Turkey,Sweden,74.835487,73.075914
3423,2,1,2025-09-06,Germany,Portugal,78.038998,50.849337
3423,3,1,2025-09-06,Latvia,Lithuania,81.46602,79.93456
3423,4,1,2025-09-06,Finland,Serbia,92.27782,101.49392
3424,1,1,2025-09-06,Turkey,Sweden,99.857905,73.792378
3424,2,1,2025-09-06,Germany,Portugal,76.502267,69.175522
3424,3,1,2025-09-06,Latvia,Lithuania,69.151135,66.438463
3424,4,1,2025-09-06,Finland,Serbia,78.857129,82.867774
3425,1,1,2025-09-06,Turkey,Sweden,95.513574,73.481509
3425,2,1,2025-09-06,Germany,Portugal,88.200001,68.209185
3425,3,1,2025-09-06,Latvia,Lithuania,78.009752,64.552026
3425,4,1,2025-09-06,Finland,Serbia,76.600563,105.66646
3426,1,1,2025-09-06,Turkey,Sweden,101.19451,77.470986
3426,2,1,2025-09-06,Germany,Portugal,84.946696,60.737439
3426,3,1,2025-09-06,Latvia,Lithuania,101.45454,82.021885
3426,4,1,2025-09-06,Finland,Serbia,81.371544,106.46398
3427,1,1,2025-09-06,Turkey,Sweden,101.20712,99.194405
3427,2,1,2025-09-06,Germany,Portugal,111.28953,73.603352
3427,3,1,2025-09-06,Latvia,Lithuania,93.687818,77.654148
3427,4,1,2025-09-06,Finland,Serbia,106.59652,81.854514
3428,1,1,2025-09-06,Turkey,Sweden,94.820802,57.876493
3428,2,1,2025-09-06,Germany,Portugal,93.264225,60.945305
3428,3,1,2025-09-06,Latvia,Lithuania,83.566068,82.342089
3428,4,1,2025-09-06,Finland,Serbia,102.58997,111.42922
3429,1,1,2025-09-06,Turkey,Sweden,92.659541,84.963349
3429,2,1,2025-09-06,Germany,Portugal,87.234135,55.399194
3429,3,1,2025-09-06,Latvia,Lithuania,62.220898,61.509481
3429,4,1,2025-09-06,Finland,Serbia,92.362737,97.473827
3430,1,1,2025-09-06,Turkey,Sweden,88.228812,80.189257
3430,2,1,2025-09-06,Germany,Portugal,94.730789,61.341875
3430,3,1,2025-09-06,Latvia,Lithuania,86.354319,90.801513
3430,4,1,2025-09-06,Finland,Serbia,98.959037,92.384649
3431,1,1,2025-09-06,Turkey,Sweden,70.183407,78.19604
3431,2,1,2025-09-06,Germany,Portugal,78.835132,49.293605
3431,3,1,2025-09-06,Latvia,Lithuania,90.741818,88.389548
3431,4,1,2025-09-06,Finland,Serbia,99.638713,110.87822
3432,1,1,2025-09-06,Turkey,Sweden,77.766669,70.553044
3432,2,1,2025-09-06,Germany,Portugal,105.35813,75.001124
3432,3,1,2025-09-06,Latvia,Lithuania,93.623939,88.739458
3432,4,1,2025-09-06,Finland,Serbia,88.970252,107.05585
3433,1,1,2025-09-06,Turkey,Sweden,87.760009,62.656618
3433,2,1,2025-09-06,Germany,Portugal,90.874262,68.637949
3433,3,1,2025-09-06,Latvia,Lithuania,77.094364,82.978232
3433,4,1,2025-09-06,Finland,Serbia,73.184757,98.472876
3434,1,1,2025-09-06,Turkey,Sweden,65.44398,65.283769
3434,2,1,2025-09-06,Germany,Portugal,88.536192,82.132863
3434,3,1,2025-09-06,Latvia,Lithuania,85.499124,87.211526
3434,4,1,2025-09-06,Finland,Serbia,83.866335,104.89801
3435,1,1,2025-09-06,Turkey,Sweden,81.710879,68.526082
3435,2,1,2025-09-06,Germany,Portugal,82.362644,79.897797
3435,3,1,2025-09-06,Latvia,Lithuania,88.722536,100.42926
3435,4,1,2025-09-06,Finland,Serbia,82.888643,102.11656
3436,1,1,2025-09-06,Turkey,Sweden,68.244922,60.34354
3436,2,1,2025-09-06,Germany,Portugal,97.121309,64.344399
3436,3,1,2025-09-06,Latvia,Lithuania,83.901787,83.23698
3436,4,1,2025-09-06,Finland,Serbia,93.279705,87.384619
3437,1,1,2025-09-06,Turkey,Sweden,71.859864,77.528563
3437,2,1,2025-09-06,Germany,Portugal,67.237661,59.269509
3437,3,1,2025-09-06,Latvia,Lithuania,84.772696,80.553919
3437,4,1,2025-09-06,Finland,Serbia,101.11971,88.398931
3438,1,1,2025-09-06,Turkey,Sweden,87.064942,49.586005
3438,2,1,2025-09-06,Germany,Portugal,92.28903,62.100708
3438,3,1,2025-09-06,Latvia,Lithuania,93.167913,89.550745
3438,4,1,2025-09-06,Finland,Serbia,79.656182,126.0384
3439,1,1,2025-09-06,Turkey,Sweden,97.264455,76.857647
3439,2,1,2025-09-06,Germany,Portugal,93.671503,66.659498
3439,3,1,2025-09-06,Latvia,Lithuania,78.317275,79.368403
3439,4,1,2025-09-06,Finland,Serbia,92.923802,114.14447
3440,1,1,2025-09-06,Turkey,Sweden,77.19192,80.88563
3440,2,1,2025-09-06,Germany,Portugal,79.422598,58.24357
3440,3,1,2025-09-06,Latvia,Lithuania,73.201265,76.239034
3440,4,1,2025-09-06,Finland,Serbia,109.30613,98.133309
3441,1,1,2025-09-06,Turkey,Sweden,75.674889,82.080064
3441,2,1,2025-09-06,Germany,Portugal,106.67406,65.619886
3441,3,1,2025-09-06,Latvia,Lithuania,87.847818,87.577011
3441,4,1,2025-09-06,Finland,Serbia,119.99509,97.324973
3442,1,1,2025-09-06,Turkey,Sweden,78.465698,68.796925
3442,2,1,2025-09-06,Germany,Portugal,96.194793,61.969347
3442,3,1,2025-09-06,Latvia,Lithuania,81.233913,76.342877
3442,4,1,2025-09-06,Finland,Serbia,87.196607,98.043325
3443,1,1,2025-09-06,Turkey,Sweden,83.457646,76.569341
3443,2,1,2025-09-06,Germany,Portugal,93.178532,66.772208
3443,3,1,2025-09-06,Latvia,Lithuania,111.42254,96.190273
3443,4,1,2025-09-06,Finland,Serbia,89.763405,82.82654
3444,1,1,2025-09-06,Turkey,Sweden,87.523174,93.505788
3444,2,1,2025-09-06,Germany,Portugal,91.632407,71.20112
3444,3,1,2025-09-06,Latvia,Lithuania,95.499584,84.805191
3444,4,1,2025-09-06,Finland,Serbia,92.268421,107.56422
3445,1,1,2025-09-06,Turkey,Sweden,98.226154,94.205197
3445,2,1,2025-09-06,Germany,Portugal,72.847824,61.092223
3445,3,1,2025-09-06,Latvia,Lithuania,80.187631,67.416658
3445,4,1,2025-09-06,Finland,Serbia,87.082244,83.409596
3446,1,1,2025-09-06,Turkey,Sweden,108.92686,92.521782
3446,2,1,2025-09-06,Germany,Portugal,89.231586,64.312941
3446,3,1,2025-09-06,Latvia,Lithuania,93.248774,83.332385
3446,4,1,2025-09-06,Finland,Serbia,94.918488,96.231619
3447,1,1,2025-09-06,Turkey,Sweden,93.913296,74.971902
3447,2,1,2025-09-06,Germany,Portugal,84.909389,80.347229
3447,3,1,2025-09-06,Latvia,Lithuania,71.40066,68.20303
3447,4,1,2025-09-06,Finland,Serbia,91.564214,83.053768
3448,1,1,2025-09-06,Turkey,Sweden,93.147735,91.819085
3448,2,1,2025-09-06,Germany,Portugal,85.088307,78.110405
3448,3,1,2025-09-06,Latvia,Lithuania,84.276003,88.967034
3448,4,1,2025-09-06,Finland,Serbia,102.16262,81.13659
3449,1,1,2025-09-06,Turkey,Sweden,92.704775,79.997515
3449,2,1,2025-09-06,Germany,Portugal,76.063392,52.54709
3449,3,1,2025-09-06,Latvia,Lithuania,76.673384,83.777619
3449,4,1,2025-09-06,Finland,Serbia,112.55428,103.98706
3450,1,1,2025-09-06,Turkey,Sweden,84.976660999999993,77.830499
3450,2,1,2025-09-06,Germany,Portugal,92.510288,66.9361
3450,3,1,2025-09-06,Latvia,Lithuania,81.898891,104.72987
3450,4,1,2025-09-06,Finland,Serbia,77.67688,99.073044
3451,1,1,2025-09-06,Turkey,Sweden,74.180911,75.1223
3451,2,1,2025-09-06,Germany,Portugal,93.854355,58.049981
3451,3,1,2025-09-06,Latvia,Lithuania,70.052895,86.178757
3451,4,1,2025-09-06,Finland,Serbia,97.215591,105.45189
3452,1,1,2025-09-06,Turkey,Sweden,87.472083,84.05601
3452,2,1,2025-09-06,Germany,Portugal,92.467557,67.313742
3452,3,1,2025-09-06,Latvia,Lithuania,77.793171,82.006447
3452,4,1,2025-09-06,Finland,Serbia,91.507819,94.458515
3453,1,1,2025-09-06,Turkey,Sweden,100.11814,75.373797
3453,2,1,2025-09-06,Germany,Portugal,77.066693,52.515423
3453,3,1,2025-09-06,Latvia,Lithuania,92.656747,102.34194
3453,4,1,2025-09-06,Finland,Serbia,91.033674,109.42632
3454,1,1,2025-09-06,Turkey,Sweden,108.26439,74.417523
3454,2,1,2025-09-06,Germany,Portugal,71.746798,71.156616
3454,3,1,2025-09-06,Latvia,Lithuania,84.11637,77.106084
3454,4,1,2025-09-06,Finland,Serbia,105.91578,90.71856
3455,1,1,2025-09-06,Turkey,Sweden,101.51666,101.96964
3455,2,1,2025-09-06,Germany,Portugal,85.880975,57.27403
3455,3,1,2025-09-06,Latvia,Lithuania,83.006642,81.551829
3455,4,1,2025-09-06,Finland,Serbia,83.928576,99.142587
3456,1,1,2025-09-06,Turkey,Sweden,109.68995,74.200767
3456,2,1,2025-09-06,Germany,Portugal,104.44865,60.13343
3456,3,1,2025-09-06,Latvia,Lithuania,92.537297,86.895366
3456,4,1,2025-09-06,Finland,Serbia,76.675716,117.57721
3457,1,1,2025-09-06,Turkey,Sweden,86.797993,66.601742
3457,2,1,2025-09-06,Germany,Portugal,104.94886,55.28595
3457,3,1,2025-09-06,Latvia,Lithuania,102.10239,95.480084
3457,4,1,2025-09-06,Finland,Serbia,100.38408,96.123247
3458,1,1,2025-09-06,Turkey,Sweden,71.405818,55.320529
3458,2,1,2025-09-06,Germany,Portugal,100.3575,66.360016
3458,3,1,2025-09-06,Latvia,Lithuania,76.562909,75.84027
3458,4,1,2025-09-06,Finland,Serbia,102.98375,99.797922
3459,1,1,2025-09-06,Turkey,Sweden,89.688671,58.958061
3459,2,1,2025-09-06,Germany,Portugal,87.626728,46.435085
3459,3,1,2025-09-06,Latvia,Lithuania,86.260435,69.703798
3459,4,1,2025-09-06,Finland,Serbia,39.619394,88.061741
3460,1,1,2025-09-06,Turkey,Sweden,82.635203,92.339488
3460,2,1,2025-09-06,Germany,Portugal,80.435897,61.63893
3460,3,1,2025-09-06,Latvia,Lithuania,74.721691,65.642969
3460,4,1,2025-09-06,Finland,Serbia,71.866513,86.489713
3461,1,1,2025-09-06,Turkey,Sweden,98.927589,71.767889
3461,2,1,2025-09-06,Germany,Portugal,99.867197,77.129063
3461,3,1,2025-09-06,Latvia,Lithuania,87.089355,74.289129
3461,4,1,2025-09-06,Finland,Serbia,107.93021,125.59253
3462,1,1,2025-09-06,Turkey,Sweden,100.71957,76.823849
3462,2,1,2025-09-06,Germany,Portugal,87.71611,71.229967
3462,3,1,2025-09-06,Latvia,Lithuania,91.677702,96.087464
3462,4,1,2025-09-06,Finland,Serbia,111.44958,79.570329
3463,1,1,2025-09-06,Turkey,Sweden,86.743478,82.505792
3463,2,1,2025-09-06,Germany,Portugal,95.871822,80.908067
3463,3,1,2025-09-06,Latvia,Lithuania,83.131669,92.511946
3463,4,1,2025-09-06,Finland,Serbia,79.52435,100.89056
3464,1,1,2025-09-06,Turkey,Sweden,102.28422,71.350862
3464,2,1,2025-09-06,Germany,Portugal,83.259205,71.073518000000007
3464,3,1,2025-09-06,Latvia,Lithuania,121.01737,80.532611
3464,4,1,2025-09-06,Finland,Serbia,88.377089,100.15487
3465,1,1,2025-09-06,Turkey,Sweden,94.367763,91.083905
3465,2,1,2025-09-06,Germany,Portugal,100.82335,84.137747
3465,3,1,2025-09-06,Latvia,Lithuania,77.818447,61.502956
3465,4,1,2025-09-06,Finland,Serbia,83.232661,91.251307
3466,1,1,2025-09-06,Turkey,Sweden,73.245787000000007,79.493815
3466,2,1,2025-09-06,Germany,Portugal,78.838169,68.961719
3466,3,1,2025-09-06,Latvia,Lithuania,76.852882,90.856066
3466,4,1,2025-09-06,Finland,Serbia,86.037922,79.889644
3467,1,1,2025-09-06,Turkey,Sweden,94.063829,75.507945
3467,2,1,2025-09-06,Germany,Portugal,79.729658,66.966851
3467,3,1,2025-09-06,Latvia,Lithuania,99.95001,85.679275
3467,4,1,2025-09-06,Finland,Serbia,90.024958,111.71922000000001
3468,1,1,2025-09-06,Turkey,Sweden,87.37449,65.876914
3468,2,1,2025-09-06,Germany,Portugal,96.555461,51.768304
3468,3,1,2025-09-06,Latvia,Lithuania,103.29495,71.520643
3468,4,1,2025-09-06,Finland,Serbia,100.95711,105.79366
3469,1,1,2025-09-06,Turkey,Sweden,87.071509,55.692255
3469,2,1,2025-09-06,Germany,Portugal,70.256444,55.859802
3469,3,1,2025-09-06,Latvia,Lithuania,104.51808,91.243201
3469,4,1,2025-09-06,Finland,Serbia,89.26075,91.429771
3470,1,1,2025-09-06,Turkey,Sweden,94.4186,87.429748
3470,2,1,2025-09-06,Germany,Portugal,79.829165,56.147024
3470,3,1,2025-09-06,Latvia,Lithuania,84.123983,67.886221
3470,4,1,2025-09-06,Finland,Serbia,96.208207,109.46818
3471,1,1,2025-09-06,Turkey,Sweden,88.985152,83.569057
3471,2,1,2025-09-06,Germany,Portugal,89.661025,57.075009
3471,3,1,2025-09-06,Latvia,Lithuania,76.555879,76.56814
3471,4,1,2025-09-06,Finland,Serbia,70.043292,92.803206
3472,1,1,2025-09-06,Turkey,Sweden,74.428487,66.649943
3472,2,1,2025-09-06,Germany,Portugal,73.386768,57.657903
3472,3,1,2025-09-06,Latvia,Lithuania,87.653853,77.652265
3472,4,1,2025-09-06,Finland,Serbia,87.082999,83.077909
3473,1,1,2025-09-06,Turkey,Sweden,94.596713,70.197284
3473,2,1,2025-09-06,Germany,Portugal,74.930795,58.855766
3473,3,1,2025-09-06,Latvia,Lithuania,84.419898,85.742742
3473,4,1,2025-09-06,Finland,Serbia,102.02623,85.9842
3474,1,1,2025-09-06,Turkey,Sweden,101.66913,92.821673
3474,2,1,2025-09-06,Germany,Portugal,98.710234,67.649019
3474,3,1,2025-09-06,Latvia,Lithuania,87.666209,55.518514
3474,4,1,2025-09-06,Finland,Serbia,99.834955,94.050952
3475,1,1,2025-09-06,Turkey,Sweden,82.209718,79.61974
3475,2,1,2025-09-06,Germany,Portugal,81.956968,46.707297
3475,3,1,2025-09-06,Latvia,Lithuania,102.59103,103.93606
3475,4,1,2025-09-06,Finland,Serbia,90.661426,94.692987
3476,1,1,2025-09-06,Turkey,Sweden,70.259467,59.733131
3476,2,1,2025-09-06,Germany,Portugal,91.822601,62.689399
3476,3,1,2025-09-06,Latvia,Lithuania,89.024742,93.649064
3476,4,1,2025-09-06,Finland,Serbia,91.990238,103.48602
3477,1,1,2025-09-06,Turkey,Sweden,91.526765,62.161514
3477,2,1,2025-09-06,Germany,Portugal,79.574545,72.915663
3477,3,1,2025-09-06,Latvia,Lithuania,78.306336,78.280131
3477,4,1,2025-09-06,Finland,Serbia,88.693283,109.14193
3478,1,1,2025-09-06,Turkey,Sweden,81.699647,85.819939
3478,2,1,2025-09-06,Germany,Portugal,93.018066,62.907192
3478,3,1,2025-09-06,Latvia,Lithuania,94.193902,92.831551
3478,4,1,2025-09-06,Finland,Serbia,98.748841,99.260861
3479,1,1,2025-09-06,Turkey,Sweden,100.91953,84.814912
3479,2,1,2025-09-06,Germany,Portugal,66.034348,56.660768
3479,3,1,2025-09-06,Latvia,Lithuania,77.944182,72.682108
3479,4,1,2025-09-06,Finland,Serbia,83.441893,97.176074
3480,1,1,2025-09-06,Turkey,Sweden,77.491369,85.971488
3480,2,1,2025-09-06,Germany,Portugal,136.44425,72.123928
3480,3,1,2025-09-06,Latvia,Lithuania,81.566983,86.029058
3480,4,1,2025-09-06,Finland,Serbia,76.740159,80.967495
3481,1,1,2025-09-06,Turkey,Sweden,102.11353,65.647018
3481,2,1,2025-09-06,Germany,Portugal,76.809882,65.116955
3481,3,1,2025-09-06,Latvia,Lithuania,75.044633,98.788417
3481,4,1,2025-09-06,Finland,Serbia,78.593947,98.811943
3482,1,1,2025-09-06,Turkey,Sweden,97.227407,76.478039
3482,2,1,2025-09-06,Germany,Portugal,99.674038,51.282013
3482,3,1,2025-09-06,Latvia,Lithuania,76.96045,83.120331
3482,4,1,2025-09-06,Finland,Serbia,109.41194,111.96988
3483,1,1,2025-09-06,Turkey,Sweden,93.997693,82.81952
3483,2,1,2025-09-06,Germany,Portugal,77.143952,58.378214
3483,3,1,2025-09-06,Latvia,Lithuania,78.139325,87.021351
3483,4,1,2025-09-06,Finland,Serbia,85.904821,99.372378
3484,1,1,2025-09-06,Turkey,Sweden,104.0822,94.870124
3484,2,1,2025-09-06,Germany,Portugal,93.266675,71.087838
3484,3,1,2025-09-06,Latvia,Lithuania,84.642349,63.51409
3484,4,1,2025-09-06,Finland,Serbia,111.73484,98.25539
3485,1,1,2025-09-06,Turkey,Sweden,75.678278,90.186779
3485,2,1,2025-09-06,Germany,Portugal,82.411133,71.765186
3485,3,1,2025-09-06,Latvia,Lithuania,84.999877,81.121888
3485,4,1,2025-09-06,Finland,Serbia,93.321209,105.60287
3486,1,1,2025-09-06,Turkey,Sweden,88.902622,71.730252
3486,2,1,2025-09-06,Germany,Portugal,95.478183,50.940486
3486,3,1,2025-09-06,Latvia,Lithuania,110.13624,82.569615
3486,4,1,2025-09-06,Finland,Serbia,106.74219,98.458188
3487,1,1,2025-09-06,Turkey,Sweden,93.79723,73.165087
3487,2,1,2025-09-06,Germany,Portugal,104.88368,66.492532
3487,3,1,2025-09-06,Latvia,Lithuania,79.363125,92.987913
3487,4,1,2025-09-06,Finland,Serbia,90.641737,102.35503
3488,1,1,2025-09-06,Turkey,Sweden,102.32935,104.03041
3488,2,1,2025-09-06,Germany,Portugal,100.5467,64.858508
3488,3,1,2025-09-06,Latvia,Lithuania,86.524053,77.801972
3488,4,1,2025-09-06,Finland,Serbia,114.08217,109.04535
3489,1,1,2025-09-06,Turkey,Sweden,87.714724,76.767597
3489,2,1,2025-09-06,Germany,Portugal,86.669908,68.080092
3489,3,1,2025-09-06,Latvia,Lithuania,109.03851,84.80758
3489,4,1,2025-09-06,Finland,Serbia,90.811289,94.120014
3490,1,1,2025-09-06,Turkey,Sweden,98.378843,77.863108
3490,2,1,2025-09-06,Germany,Portugal,90.815596,65.716881
3490,3,1,2025-09-06,Latvia,Lithuania,76.518344,83.961931
3490,4,1,2025-09-06,Finland,Serbia,86.975801,73.872779
3491,1,1,2025-09-06,Turkey,Sweden,81.870134,80.686171
3491,2,1,2025-09-06,Germany,Portugal,82.689537,71.998391
3491,3,1,2025-09-06,Latvia,Lithuania,99.580979,83.972647
3491,4,1,2025-09-06,Finland,Serbia,92.587771,100.86455
3492,1,1,2025-09-06,Turkey,Sweden,94.523452,75.541194
3492,2,1,2025-09-06,Germany,Portugal,90.997359,61.368838
3492,3,1,2025-09-06,Latvia,Lithuania,83.368785,67.286838
3492,4,1,2025-09-06,Finland,Serbia,58.183664,116.68739
3493,1,1,2025-09-06,Turkey,Sweden,86.813781,101.32514
3493,2,1,2025-09-06,Germany,Portugal,79.914309,48.410297
3493,3,1,2025-09-06,Latvia,Lithuania,88.27213,91.736657
3493,4,1,2025-09-06,Finland,Serbia,83.18734,70.607422
3494,1,1,2025-09-06,Turkey,Sweden,81.0288,72.948044
3494,2,1,2025-09-06,Germany,Portugal,93.094152,66.92512
3494,3,1,2025-09-06,Latvia,Lithuania,95.946461,84.299886
3494,4,1,2025-09-06,Finland,Serbia,78.889802,104.31781
3495,1,1,2025-09-06,Turkey,Sweden,84.019074,58.470625
3495,2,1,2025-09-06,Germany,Portugal,72.955341,65.578544
3495,3,1,2025-09-06,Latvia,Lithuania,88.034762,72.976733
3495,4,1,2025-09-06,Finland,Serbia,91.238863,102.69349
3496,1,1,2025-09-06,Turkey,Sweden,85.587484,75.851354
3496,2,1,2025-09-06,Germany,Portugal,83.131064,65.147633
3496,3,1,2025-09-06,Latvia,Lithuania,73.015262,70.809346
3496,4,1,2025-09-06,Finland,Serbia,79.420288,70.477965
3497,1,1,2025-09-06,Turkey,Sweden,81.591374,89.857769
3497,2,1,2025-09-06,Germany,Portugal,79.044906,54.272561
3497,3,1,2025-09-06,Latvia,Lithuania,62.85662,49.0748
3497,4,1,2025-09-06,Finland,Serbia,82.114704,87.354501
3498,1,1,2025-09-06,Turkey,Sweden,95.348628,84.43693
3498,2,1,2025-09-06,Germany,Portugal,94.676367,60.005467
3498,3,1,2025-09-06,Latvia,Lithuania,79.802373,61.600519
3498,4,1,2025-09-06,Finland,Serbia,102.30155,94.941691
3499,1,1,2025-09-06,Turkey,Sweden,74.097965,79.035686
3499,2,1,2025-09-06,Germany,Portugal,106.56679,65.686941
3499,3,1,2025-09-06,Latvia,Lithuania,93.213335,100.35771
3499,4,1,2025-09-06,Finland,Serbia,83.225088,93.67025
3500,1,1,2025-09-06,Turkey,Sweden,78.389745,78.153496
3500,2,1,2025-09-06,Germany,Portugal,94.979208,73.858324
3500,3,1,2025-09-06,Latvia,Lithuania,98.286532,86.69802
3500,4,1,2025-09-06,Finland,Serbia,106.16453,107.55315
3501,1,1,2025-09-06,Turkey,Sweden,92.768852999999993,84.623766
3501,2,1,2025-09-06,Germany,Portugal,79.616472,59.825305
3501,3,1,2025-09-06,Latvia,Lithuania,88.947285,79.719309
3501,4,1,2025-09-06,Finland,Serbia,98.371134,97.700598
3502,1,1,2025-09-06,Turkey,Sweden,90.756468,90.172508
3502,2,1,2025-09-06,Germany,Portugal,106.75709,73.1293
3502,3,1,2025-09-06,Latvia,Lithuania,104.55721,76.052013
3502,4,1,2025-09-06,Finland,Serbia,95.762667,95.205248
3503,1,1,2025-09-06,Turkey,Sweden,86.736059,97.939028
3503,2,1,2025-09-06,Germany,Portugal,95.629919,32.797641
3503,3,1,2025-09-06,Latvia,Lithuania,96.314199,76.620516
3503,4,1,2025-09-06,Finland,Serbia,101.4977,97.0765
3504,1,1,2025-09-06,Turkey,Sweden,85.154789,58.369475
3504,2,1,2025-09-06,Germany,Portugal,87.082489,55.72613
3504,3,1,2025-09-06,Latvia,Lithuania,84.021093,82.090756
3504,4,1,2025-09-06,Finland,Serbia,91.381185,84.835872
3505,1,1,2025-09-06,Turkey,Sweden,84.721532,75.805134
3505,2,1,2025-09-06,Germany,Portugal,86.584288,72.710811
3505,3,1,2025-09-06,Latvia,Lithuania,77.110534,76.854082
3505,4,1,2025-09-06,Finland,Serbia,89.347587,84.832262
3506,1,1,2025-09-06,Turkey,Sweden,79.978908,76.073791
3506,2,1,2025-09-06,Germany,Portugal,75.078977,81.247381
3506,3,1,2025-09-06,Latvia,Lithuania,87.266454,90.752619
3506,4,1,2025-09-06,Finland,Serbia,89.877312,89.616897
3507,1,1,2025-09-06,Turkey,Sweden,80.742712,70.77951
3507,2,1,2025-09-06,Germany,Portugal,85.202868,53.93912
3507,3,1,2025-09-06,Latvia,Lithuania,101.13244,95.114197
3507,4,1,2025-09-06,Finland,Serbia,81.737298,81.717746
3508,1,1,2025-09-06,Turkey,Sweden,64.808668,85.882198
3508,2,1,2025-09-06,Germany,Portugal,86.639265,64.867189
3508,3,1,2025-09-06,Latvia,Lithuania,81.322065,85.295759
3508,4,1,2025-09-06,Finland,Serbia,87.160771,115.04185
3509,1,1,2025-09-06,Turkey,Sweden,103.23046,76.803357
3509,2,1,2025-09-06,Germany,Portugal,78.577451,67.153086
3509,3,1,2025-09-06,Latvia,Lithuania,101.79211,102.2815
3509,4,1,2025-09-06,Finland,Serbia,93.211082,106.28966
3510,1,1,2025-09-06,Turkey,Sweden,89.515503,82.615493
3510,2,1,2025-09-06,Germany,Portugal,87.170856,61.277785
3510,3,1,2025-09-06,Latvia,Lithuania,78.447905,94.625296
3510,4,1,2025-09-06,Finland,Serbia,80.944157,80.616972
3511,1,1,2025-09-06,Turkey,Sweden,82.562003,72.745649
3511,2,1,2025-09-06,Germany,Portugal,91.339585,48.887695
3511,3,1,2025-09-06,Latvia,Lithuania,100.6161,86.03389
3511,4,1,2025-09-06,Finland,Serbia,94.259406,96.061049
3512,1,1,2025-09-06,Turkey,Sweden,91.741612,85.696343
3512,2,1,2025-09-06,Germany,Portugal,70.250486,74.508647
3512,3,1,2025-09-06,Latvia,Lithuania,88.78425,84.462937
3512,4,1,2025-09-06,Finland,Serbia,93.769699,94.811301
3513,1,1,2025-09-06,Turkey,Sweden,92.981743,66.923558
3513,2,1,2025-09-06,Germany,Portugal,102.57916,56.488323
3513,3,1,2025-09-06,Latvia,Lithuania,81.196823,75.731581
3513,4,1,2025-09-06,Finland,Serbia,85.974447,84.953471
3514,1,1,2025-09-06,Turkey,Sweden,86.462421,78.940691
3514,2,1,2025-09-06,Germany,Portugal,91.582452,73.958166
3514,3,1,2025-09-06,Latvia,Lithuania,94.665809,82.13741
3514,4,1,2025-09-06,Finland,Serbia,80.71108,89.124204
3515,1,1,2025-09-06,Turkey,Sweden,79.675063,75.111068
3515,2,1,2025-09-06,Germany,Portugal,64.025448,60.127742
3515,3,1,2025-09-06,Latvia,Lithuania,91.777883,78.167805
3515,4,1,2025-09-06,Finland,Serbia,76.422181,77.725075
3516,1,1,2025-09-06,Turkey,Sweden,88.945768,92.112172
3516,2,1,2025-09-06,Germany,Portugal,106.11125,63.756441
3516,3,1,2025-09-06,Latvia,Lithuania,93.029438,83.739632
3516,4,1,2025-09-06,Finland,Serbia,89.538324,107.23084
3517,1,1,2025-09-06,Turkey,Sweden,102.81865,89.428258
3517,2,1,2025-09-06,Germany,Portugal,82.43855,65.366484
3517,3,1,2025-09-06,Latvia,Lithuania,75.836953,63.300116
3517,4,1,2025-09-06,Finland,Serbia,81.905494,107.83575
3518,1,1,2025-09-06,Turkey,Sweden,86.935259,65.546054
3518,2,1,2025-09-06,Germany,Portugal,94.349878,69.894416
3518,3,1,2025-09-06,Latvia,Lithuania,75.571628,77.182255
3518,4,1,2025-09-06,Finland,Serbia,76.213935,68.241113
3519,1,1,2025-09-06,Turkey,Sweden,87.236183,76.881751
3519,2,1,2025-09-06,Germany,Portugal,85.554348,69.235467
3519,3,1,2025-09-06,Latvia,Lithuania,84.044512,86.162491
3519,4,1,2025-09-06,Finland,Serbia,64.062984,102.34435
3520,1,1,2025-09-06,Turkey,Sweden,73.493203,91.530273
3520,2,1,2025-09-06,Germany,Portugal,82.86587,77.434762
3520,3,1,2025-09-06,Latvia,Lithuania,94.971337,87.254601
3520,4,1,2025-09-06,Finland,Serbia,99.867686,97.458199
3521,1,1,2025-09-06,Turkey,Sweden,79.671778,46.041392
3521,2,1,2025-09-06,Germany,Portugal,86.429072,70.204827
3521,3,1,2025-09-06,Latvia,Lithuania,89.085425,100.72764
3521,4,1,2025-09-06,Finland,Serbia,90.346611,102.48678
3522,1,1,2025-09-06,Turkey,Sweden,86.002574,68.584855
3522,2,1,2025-09-06,Germany,Portugal,98.46435,64.703095
3522,3,1,2025-09-06,Latvia,Lithuania,87.816428,84.955043
3522,4,1,2025-09-06,Finland,Serbia,85.506554,96.67222
3523,1,1,2025-09-06,Turkey,Sweden,91.507795,87.884456
3523,2,1,2025-09-06,Germany,Portugal,85.876343,52.566842
3523,3,1,2025-09-06,Latvia,Lithuania,77.370144,79.509001
3523,4,1,2025-09-06,Finland,Serbia,100.38195,101.12408
3524,1,1,2025-09-06,Turkey,Sweden,100.04085,85.198985
3524,2,1,2025-09-06,Germany,Portugal,91.237624,77.726965
3524,3,1,2025-09-06,Latvia,Lithuania,83.758236,69.22852
3524,4,1,2025-09-06,Finland,Serbia,76.294317,97.177482
3525,1,1,2025-09-06,Turkey,Sweden,92.278722,83.307348
3525,2,1,2025-09-06,Germany,Portugal,86.36019,72.462734
3525,3,1,2025-09-06,Latvia,Lithuania,79.884338,82.33473
3525,4,1,2025-09-06,Finland,Serbia,93.758316,92.847206
3526,1,1,2025-09-06,Turkey,Sweden,87.73637,97.052173
3526,2,1,2025-09-06,Germany,Portugal,87.484538,53.87381
3526,3,1,2025-09-06,Latvia,Lithuania,85.765082,89.649581
3526,4,1,2025-09-06,Finland,Serbia,86.67377,98.490213
3527,1,1,2025-09-06,Turkey,Sweden,82.904024,79.234249
3527,2,1,2025-09-06,Germany,Portugal,100.96724,73.685313
3527,3,1,2025-09-06,Latvia,Lithuania,101.5064,78.545357
3527,4,1,2025-09-06,Finland,Serbia,104.72591,93.103385
3528,1,1,2025-09-06,Turkey,Sweden,97.269683,82.718028
3528,2,1,2025-09-06,Germany,Portugal,95.798155,80.360909
3528,3,1,2025-09-06,Latvia,Lithuania,88.117143,84.949156
3528,4,1,2025-09-06,Finland,Serbia,86.672582,104.8069
3529,1,1,2025-09-06,Turkey,Sweden,83.012031,72.373654
3529,2,1,2025-09-06,Germany,Portugal,70.97159,75.733574
3529,3,1,2025-09-06,Latvia,Lithuania,91.353271,91.280549
3529,4,1,2025-09-06,Finland,Serbia,70.387043,86.440637
3530,1,1,2025-09-06,Turkey,Sweden,77.584198,70.082535
3530,2,1,2025-09-06,Germany,Portugal,80.616428,51.585708
3530,3,1,2025-09-06,Latvia,Lithuania,74.795064,92.452694
3530,4,1,2025-09-06,Finland,Serbia,91.521964,108.77368
3531,1,1,2025-09-06,Turkey,Sweden,90.640595,93.652196
3531,2,1,2025-09-06,Germany,Portugal,99.410263,49.316364
3531,3,1,2025-09-06,Latvia,Lithuania,88.563812,104.15649
3531,4,1,2025-09-06,Finland,Serbia,91.309452,90.080662
3532,1,1,2025-09-06,Turkey,Sweden,90.76792,90.637723
3532,2,1,2025-09-06,Germany,Portugal,77.875138,56.454454
3532,3,1,2025-09-06,Latvia,Lithuania,69.221548,77.876867
3532,4,1,2025-09-06,Finland,Serbia,103.62739,107.67314
3533,1,1,2025-09-06,Turkey,Sweden,69.00992,67.382834
3533,2,1,2025-09-06,Germany,Portugal,75.695763,75.428105
3533,3,1,2025-09-06,Latvia,Lithuania,97.618613,98.092343
3533,4,1,2025-09-06,Finland,Serbia,83.608663,96.114096
3534,1,1,2025-09-06,Turkey,Sweden,84.95115,93.962745
3534,2,1,2025-09-06,Germany,Portugal,101.46849,85.540892
3534,3,1,2025-09-06,Latvia,Lithuania,96.398791,98.360053
3534,4,1,2025-09-06,Finland,Serbia,93.900134,90.408798
3535,1,1,2025-09-06,Turkey,Sweden,84.759011,72.973796
3535,2,1,2025-09-06,Germany,Portugal,82.408367,64.838799
3535,3,1,2025-09-06,Latvia,Lithuania,106.65286,83.78241
3535,4,1,2025-09-06,Finland,Serbia,70.905908,97.317178
3536,1,1,2025-09-06,Turkey,Sweden,88.786532,88.141268
3536,2,1,2025-09-06,Germany,Portugal,79.229839,77.89634
3536,3,1,2025-09-06,Latvia,Lithuania,92.553085,78.731543
3536,4,1,2025-09-06,Finland,Serbia,95.73481,111.25817
3537,1,1,2025-09-06,Turkey,Sweden,111.16167,77.401573
3537,2,1,2025-09-06,Germany,Portugal,80.425379,49.01055
3537,3,1,2025-09-06,Latvia,Lithuania,97.617393,97.963751
3537,4,1,2025-09-06,Finland,Serbia,98.411641,86.743341
3538,1,1,2025-09-06,Turkey,Sweden,110.67925,99.247527
3538,2,1,2025-09-06,Germany,Portugal,75.885717,58.652822
3538,3,1,2025-09-06,Latvia,Lithuania,118.56999,108.66656
3538,4,1,2025-09-06,Finland,Serbia,74.735548,87.453256
3539,1,1,2025-09-06,Turkey,Sweden,67.062665,68.841032
3539,2,1,2025-09-06,Germany,Portugal,109.19359,55.30688
3539,3,1,2025-09-06,Latvia,Lithuania,89.471412,81.841414
3539,4,1,2025-09-06,Finland,Serbia,74.711388,110.7339
3540,1,1,2025-09-06,Turkey,Sweden,89.511304,72.783642
3540,2,1,2025-09-06,Germany,Portugal,83.475342,76.835746
3540,3,1,2025-09-06,Latvia,Lithuania,98.662879,71.249484
3540,4,1,2025-09-06,Finland,Serbia,94.7095,103.01277
3541,1,1,2025-09-06,Turkey,Sweden,86.859724,62.93839
3541,2,1,2025-09-06,Germany,Portugal,86.059674,47.778928
3541,3,1,2025-09-06,Latvia,Lithuania,91.993486,85.756115
3541,4,1,2025-09-06,Finland,Serbia,95.919959,94.987482
3542,1,1,2025-09-06,Turkey,Sweden,97.131545,66.493243
3542,2,1,2025-09-06,Germany,Portugal,97.498383,64.247162
3542,3,1,2025-09-06,Latvia,Lithuania,85.139846,65.546355
3542,4,1,2025-09-06,Finland,Serbia,87.885828,89.282679
3543,1,1,2025-09-06,Turkey,Sweden,84.093605,85.095622
3543,2,1,2025-09-06,Germany,Portugal,100.59191,70.008566
3543,3,1,2025-09-06,Latvia,Lithuania,68.048925,80.891012
3543,4,1,2025-09-06,Finland,Serbia,88.012846,105.01306
3544,1,1,2025-09-06,Turkey,Sweden,92.304161,81.257181
3544,2,1,2025-09-06,Germany,Portugal,98.323954,76.065812
3544,3,1,2025-09-06,Latvia,Lithuania,83.245931,90.332357
3544,4,1,2025-09-06,Finland,Serbia,108.76919,103.29491
3545,1,1,2025-09-06,Turkey,Sweden,105.08205,78.970735
3545,2,1,2025-09-06,Germany,Portugal,80.276219,60.605763
3545,3,1,2025-09-06,Latvia,Lithuania,90.947387,83.872332
3545,4,1,2025-09-06,Finland,Serbia,95.381627,79.262444
3546,1,1,2025-09-06,Turkey,Sweden,101.76954,83.574825
3546,2,1,2025-09-06,Germany,Portugal,96.17597,70.817458
3546,3,1,2025-09-06,Latvia,Lithuania,91.081155,103.96025
3546,4,1,2025-09-06,Finland,Serbia,86.04531,120.41939
3547,1,1,2025-09-06,Turkey,Sweden,87.60432,85.259792
3547,2,1,2025-09-06,Germany,Portugal,87.993111,71.929794
3547,3,1,2025-09-06,Latvia,Lithuania,91.433029,96.888148
3547,4,1,2025-09-06,Finland,Serbia,99.446931,105.16423
3548,1,1,2025-09-06,Turkey,Sweden,99.952209,75.982487
3548,2,1,2025-09-06,Germany,Portugal,62.468096,70.746167
3548,3,1,2025-09-06,Latvia,Lithuania,85.103986,83.680097
3548,4,1,2025-09-06,Finland,Serbia,73.635482,65.419036
3549,1,1,2025-09-06,Turkey,Sweden,82.572577,61.444056
3549,2,1,2025-09-06,Germany,Portugal,71.843928,61.827974
3549,3,1,2025-09-06,Latvia,Lithuania,75.573674,88.567444
3549,4,1,2025-09-06,Finland,Serbia,58.554402,78.891352
3550,1,1,2025-09-06,Turkey,Sweden,98.337161,77.927164
3550,2,1,2025-09-06,Germany,Portugal,89.958574,68.383494
3550,3,1,2025-09-06,Latvia,Lithuania,88.277686,87.725553
3550,4,1,2025-09-06,Finland,Serbia,79.304078,77.508538
3551,1,1,2025-09-06,Turkey,Sweden,113.30767,74.491973
3551,2,1,2025-09-06,Germany,Portugal,86.777117,69.563841
3551,3,1,2025-09-06,Latvia,Lithuania,102.84999,83.321229
3551,4,1,2025-09-06,Finland,Serbia,66.280489,91.205747
3552,1,1,2025-09-06,Turkey,Sweden,84.136807,76.576357
3552,2,1,2025-09-06,Germany,Portugal,75.123635,78.449761
3552,3,1,2025-09-06,Latvia,Lithuania,86.249702,98.40065
3552,4,1,2025-09-06,Finland,Serbia,95.049559,94.671166
3553,1,1,2025-09-06,Turkey,Sweden,95.901053,69.924374
3553,2,1,2025-09-06,Germany,Portugal,79.87097,33.441711
3553,3,1,2025-09-06,Latvia,Lithuania,86.319873,77.924888
3553,4,1,2025-09-06,Finland,Serbia,88.428996,92.260021
3554,1,1,2025-09-06,Turkey,Sweden,78.891369,71.247674
3554,2,1,2025-09-06,Germany,Portugal,102.48502,70.601572
3554,3,1,2025-09-06,Latvia,Lithuania,89.474908,92.02704
3554,4,1,2025-09-06,Finland,Serbia,115.19173,111.77209
3555,1,1,2025-09-06,Turkey,Sweden,90.175194,62.248789
3555,2,1,2025-09-06,Germany,Portugal,75.543619,65.535367
3555,3,1,2025-09-06,Latvia,Lithuania,81.987321,91.459545
3555,4,1,2025-09-06,Finland,Serbia,108.26526,80.20786
3556,1,1,2025-09-06,Turkey,Sweden,90.974939,75.712683
3556,2,1,2025-09-06,Germany,Portugal,83.111367,101.57188
3556,3,1,2025-09-06,Latvia,Lithuania,86.527706,83.700134
3556,4,1,2025-09-06,Finland,Serbia,80.337728,97.843032
3557,1,1,2025-09-06,Turkey,Sweden,111.08479,62.482061
3557,2,1,2025-09-06,Germany,Portugal,100.80243,57.487161
3557,3,1,2025-09-06,Latvia,Lithuania,78.728745,83.875473
3557,4,1,2025-09-06,Finland,Serbia,89.25535,90.869343
3558,1,1,2025-09-06,Turkey,Sweden,94.232806,69.321642
3558,2,1,2025-09-06,Germany,Portugal,98.543347,72.539628
3558,3,1,2025-09-06,Latvia,Lithuania,81.16465,81.776405
3558,4,1,2025-09-06,Finland,Serbia,83.307012,116.93576
3559,1,1,2025-09-06,Turkey,Sweden,88.338892,59.794125
3559,2,1,2025-09-06,Germany,Portugal,95.851857999999993,63.529157
3559,3,1,2025-09-06,Latvia,Lithuania,59.620764,95.964983
3559,4,1,2025-09-06,Finland,Serbia,94.815414,103.66454
3560,1,1,2025-09-06,Turkey,Sweden,99.30194,53.458297
3560,2,1,2025-09-06,Germany,Portugal,88.943352,60.085782
3560,3,1,2025-09-06,Latvia,Lithuania,78.01295,111.921
3560,4,1,2025-09-06,Finland,Serbia,91.082487,84.347703
3561,1,1,2025-09-06,Turkey,Sweden,95.931029,72.641951
3561,2,1,2025-09-06,Germany,Portugal,91.886315,61.432172
3561,3,1,2025-09-06,Latvia,Lithuania,80.664156,106.43194
3561,4,1,2025-09-06,Finland,Serbia,97.713851,100.21151
3562,1,1,2025-09-06,Turkey,Sweden,90.628539,69.260041
3562,2,1,2025-09-06,Germany,Portugal,82.544835,56.80517
3562,3,1,2025-09-06,Latvia,Lithuania,94.548276,80.765544
3562,4,1,2025-09-06,Finland,Serbia,100.2823,121.96373
3563,1,1,2025-09-06,Turkey,Sweden,96.941426,77.566435
3563,2,1,2025-09-06,Germany,Portugal,80.896525,60.834706
3563,3,1,2025-09-06,Latvia,Lithuania,82.919042,89.238287
3563,4,1,2025-09-06,Finland,Serbia,93.274715,108.12797
3564,1,1,2025-09-06,Turkey,Sweden,101.66703,52.86149
3564,2,1,2025-09-06,Germany,Portugal,105.24033,43.270598
3564,3,1,2025-09-06,Latvia,Lithuania,84.249204,95.465712
3564,4,1,2025-09-06,Finland,Serbia,110.56865,89.288064
3565,1,1,2025-09-06,Turkey,Sweden,101.81386,70.159621
3565,2,1,2025-09-06,Germany,Portugal,85.146499,54.574457
3565,3,1,2025-09-06,Latvia,Lithuania,70.359159,89.641613
3565,4,1,2025-09-06,Finland,Serbia,84.819512,90.002015
3566,1,1,2025-09-06,Turkey,Sweden,114.7878,77.341973
3566,2,1,2025-09-06,Germany,Portugal,84.035058,61.632989
3566,3,1,2025-09-06,Latvia,Lithuania,102.97835,95.577947
3566,4,1,2025-09-06,Finland,Serbia,96.064729,93.693155
3567,1,1,2025-09-06,Turkey,Sweden,93.21104,91.096479
3567,2,1,2025-09-06,Germany,Portugal,62.445254,55.386295
3567,3,1,2025-09-06,Latvia,Lithuania,98.2587,91.167698
3567,4,1,2025-09-06,Finland,Serbia,84.399045,96.811458
3568,1,1,2025-09-06,Turkey,Sweden,80.531244,49.176767
3568,2,1,2025-09-06,Germany,Portugal,67.166031,66.079402
3568,3,1,2025-09-06,Latvia,Lithuania,70.697882,80.221307
3568,4,1,2025-09-06,Finland,Serbia,94.289784,90.528597
3569,1,1,2025-09-06,Turkey,Sweden,86.40502,66.399917
3569,2,1,2025-09-06,Germany,Portugal,76.534445,65.134384
3569,3,1,2025-09-06,Latvia,Lithuania,67.942261,88.90915
3569,4,1,2025-09-06,Finland,Serbia,95.282222,86.288581
3570,1,1,2025-09-06,Turkey,Sweden,69.13654,51.794553
3570,2,1,2025-09-06,Germany,Portugal,97.419178,51.73474
3570,3,1,2025-09-06,Latvia,Lithuania,67.173228,80.545496
3570,4,1,2025-09-06,Finland,Serbia,89.64825,100.21036
3571,1,1,2025-09-06,Turkey,Sweden,99.439908,60.279121
3571,2,1,2025-09-06,Germany,Portugal,84.845719,48.016002
3571,3,1,2025-09-06,Latvia,Lithuania,94.223794,63.016693
3571,4,1,2025-09-06,Finland,Serbia,92.998718,99.733193
3572,1,1,2025-09-06,Turkey,Sweden,61.563451,77.24992
3572,2,1,2025-09-06,Germany,Portugal,86.305462,70.557006
3572,3,1,2025-09-06,Latvia,Lithuania,92.508824,87.31083
3572,4,1,2025-09-06,Finland,Serbia,100.29947,86.59417
3573,1,1,2025-09-06,Turkey,Sweden,78.651014,72.559278
3573,2,1,2025-09-06,Germany,Portugal,98.851196,70.197837
3573,3,1,2025-09-06,Latvia,Lithuania,69.392675,78.268312
3573,4,1,2025-09-06,Finland,Serbia,95.598353,108.68829
3574,1,1,2025-09-06,Turkey,Sweden,77.260676,57.896912
3574,2,1,2025-09-06,Germany,Portugal,100.19677,52.419691
3574,3,1,2025-09-06,Latvia,Lithuania,116.21516,98.714678
3574,4,1,2025-09-06,Finland,Serbia,89.55432,92.873873
3575,1,1,2025-09-06,Turkey,Sweden,65.997201,53.235928
3575,2,1,2025-09-06,Germany,Portugal,81.576026,76.136339
3575,3,1,2025-09-06,Latvia,Lithuania,100.94115,80.599544
3575,4,1,2025-09-06,Finland,Serbia,93.56018,72.157322
3576,1,1,2025-09-06,Turkey,Sweden,82.748393,77.464769
3576,2,1,2025-09-06,Germany,Portugal,81.018419,54.608538
3576,3,1,2025-09-06,Latvia,Lithuania,75.8459,73.497093
3576,4,1,2025-09-06,Finland,Serbia,85.460722,101.60756
3577,1,1,2025-09-06,Turkey,Sweden,67.998833,50.361005
3577,2,1,2025-09-06,Germany,Portugal,70.688262,72.575143
3577,3,1,2025-09-06,Latvia,Lithuania,94.962814,68.631496
3577,4,1,2025-09-06,Finland,Serbia,84.370313,102.02336
3578,1,1,2025-09-06,Turkey,Sweden,86.925,65.220821
3578,2,1,2025-09-06,Germany,Portugal,88.928809,74.24109
3578,3,1,2025-09-06,Latvia,Lithuania,87.40074,94.749834
3578,4,1,2025-09-06,Finland,Serbia,90.664546,91.364225
3579,1,1,2025-09-06,Turkey,Sweden,87.149864,71.802966
3579,2,1,2025-09-06,Germany,Portugal,88.555886,49.896254
3579,3,1,2025-09-06,Latvia,Lithuania,82.20764,79.32907
3579,4,1,2025-09-06,Finland,Serbia,104.47913,107.88537
3580,1,1,2025-09-06,Turkey,Sweden,75.382945,53.152506
3580,2,1,2025-09-06,Germany,Portugal,85.053298,60.961983
3580,3,1,2025-09-06,Latvia,Lithuania,85.47968,87.696735
3580,4,1,2025-09-06,Finland,Serbia,87.420622,103.20207
3581,1,1,2025-09-06,Turkey,Sweden,85.660026,53.97467
3581,2,1,2025-09-06,Germany,Portugal,78.172827,60.376972
3581,3,1,2025-09-06,Latvia,Lithuania,90.784597,71.37903
3581,4,1,2025-09-06,Finland,Serbia,92.368384,93.315409
3582,1,1,2025-09-06,Turkey,Sweden,72.584603,82.428821
3582,2,1,2025-09-06,Germany,Portugal,96.214772,59.567669
3582,3,1,2025-09-06,Latvia,Lithuania,86.946331,72.446296
3582,4,1,2025-09-06,Finland,Serbia,95.804478,89.400298
3583,1,1,2025-09-06,Turkey,Sweden,67.486843,64.509342
3583,2,1,2025-09-06,Germany,Portugal,86.942555,50.334519
3583,3,1,2025-09-06,Latvia,Lithuania,88.154087,94.702608
3583,4,1,2025-09-06,Finland,Serbia,100.11169,72.628353
3584,1,1,2025-09-06,Turkey,Sweden,75.553758,52.787814
3584,2,1,2025-09-06,Germany,Portugal,89.117073,67.089841
3584,3,1,2025-09-06,Latvia,Lithuania,88.972656,87.318213
3584,4,1,2025-09-06,Finland,Serbia,109.76886,93.229217
3585,1,1,2025-09-06,Turkey,Sweden,89.384169,82.57329
3585,2,1,2025-09-06,Germany,Portugal,102.4319,73.255412
3585,3,1,2025-09-06,Latvia,Lithuania,89.268332,84.027232
3585,4,1,2025-09-06,Finland,Serbia,73.004022,87.353032
3586,1,1,2025-09-06,Turkey,Sweden,82.937024,89.197586
3586,2,1,2025-09-06,Germany,Portugal,74.42936,72.469188
3586,3,1,2025-09-06,Latvia,Lithuania,74.769207,76.295421
3586,4,1,2025-09-06,Finland,Serbia,89.011756,81.877335
3587,1,1,2025-09-06,Turkey,Sweden,83.680957,66.550404
3587,2,1,2025-09-06,Germany,Portugal,102.43443,70.427609
3587,3,1,2025-09-06,Latvia,Lithuania,82.42048,76.421756
3587,4,1,2025-09-06,Finland,Serbia,100.79742,107.63724
3588,1,1,2025-09-06,Turkey,Sweden,79.707925,73.692721
3588,2,1,2025-09-06,Germany,Portugal,86.198162,67.536461
3588,3,1,2025-09-06,Latvia,Lithuania,83.156869,83.335368
3588,4,1,2025-09-06,Finland,Serbia,87.748223,69.408749
3589,1,1,2025-09-06,Turkey,Sweden,78.626849000000007,74.730435
3589,2,1,2025-09-06,Germany,Portugal,75.955953,38.558411
3589,3,1,2025-09-06,Latvia,Lithuania,84.244573,78.739411
3589,4,1,2025-09-06,Finland,Serbia,107.8331,86.190995
3590,1,1,2025-09-06,Turkey,Sweden,82.720407,79.607315
3590,2,1,2025-09-06,Germany,Portugal,87.687392,64.176435
3590,3,1,2025-09-06,Latvia,Lithuania,75.833045,85.484835
3590,4,1,2025-09-06,Finland,Serbia,61.59145,80.94528
3591,1,1,2025-09-06,Turkey,Sweden,63.753061,78.229989
3591,2,1,2025-09-06,Germany,Portugal,81.328397,66.670346
3591,3,1,2025-09-06,Latvia,Lithuania,79.26197,79.461292
3591,4,1,2025-09-06,Finland,Serbia,99.292492,96.404241
3592,1,1,2025-09-06,Turkey,Sweden,92.945775,66.946137
3592,2,1,2025-09-06,Germany,Portugal,85.469554,75.765387
3592,3,1,2025-09-06,Latvia,Lithuania,81.014392,90.617032
3592,4,1,2025-09-06,Finland,Serbia,87.239419,81.57877
3593,1,1,2025-09-06,Turkey,Sweden,63.376941,74.512684
3593,2,1,2025-09-06,Germany,Portugal,96.274291,47.948695
3593,3,1,2025-09-06,Latvia,Lithuania,77.225899,86.557382
3593,4,1,2025-09-06,Finland,Serbia,97.728872,76.638377
3594,1,1,2025-09-06,Turkey,Sweden,96.332928,89.893422
3594,2,1,2025-09-06,Germany,Portugal,88.136091,65.145842
3594,3,1,2025-09-06,Latvia,Lithuania,78.800234,87.330065
3594,4,1,2025-09-06,Finland,Serbia,84.639636,74.383605
3595,1,1,2025-09-06,Turkey,Sweden,74.338056,79.633078
3595,2,1,2025-09-06,Germany,Portugal,83.703217,63.751449
3595,3,1,2025-09-06,Latvia,Lithuania,69.518988,83.38427
3595,4,1,2025-09-06,Finland,Serbia,77.012807,81.865285
3596,1,1,2025-09-06,Turkey,Sweden,112.45991,89.933344
3596,2,1,2025-09-06,Germany,Portugal,115.17754,59.738472
3596,3,1,2025-09-06,Latvia,Lithuania,91.566917,88.249031
3596,4,1,2025-09-06,Finland,Serbia,87.848709,87.267028
3597,1,1,2025-09-06,Turkey,Sweden,97.111296,68.011546
3597,2,1,2025-09-06,Germany,Portugal,91.986662,72.331555
3597,3,1,2025-09-06,Latvia,Lithuania,99.458572,104.22637
3597,4,1,2025-09-06,Finland,Serbia,87.237901,89.56922
3598,1,1,2025-09-06,Turkey,Sweden,83.481353,70.486243
3598,2,1,2025-09-06,Germany,Portugal,82.030248,55.204396
3598,3,1,2025-09-06,Latvia,Lithuania,76.124069,88.234089
3598,4,1,2025-09-06,Finland,Serbia,91.028856,103.41287
3599,1,1,2025-09-06,Turkey,Sweden,84.834312,69.201015
3599,2,1,2025-09-06,Germany,Portugal,87.031897,82.793049
3599,3,1,2025-09-06,Latvia,Lithuania,93.829871,71.914273
3599,4,1,2025-09-06,Finland,Serbia,94.734428,98.169601
3600,1,1,2025-09-06,Turkey,Sweden,90.43631,71.773619
3600,2,1,2025-09-06,Germany,Portugal,88.352969,68.667743
3600,3,1,2025-09-06,Latvia,Lithuania,97.39309,83.523324
3600,4,1,2025-09-06,Finland,Serbia,98.516749,115.55874
3601,1,1,2025-09-06,Turkey,Sweden,90.582466,89.036033
3601,2,1,2025-09-06,Germany,Portugal,86.946609,64.616276
3601,3,1,2025-09-06,Latvia,Lithuania,96.813155,94.018256
3601,4,1,2025-09-06,Finland,Serbia,80.88555,97.213634
3602,1,1,2025-09-06,Turkey,Sweden,84.635524,66.357005
3602,2,1,2025-09-06,Germany,Portugal,91.657129,66.846888
3602,3,1,2025-09-06,Latvia,Lithuania,101.0421,72.383878
3602,4,1,2025-09-06,Finland,Serbia,99.837122,85.360324
3603,1,1,2025-09-06,Turkey,Sweden,83.00279,75.16375
3603,2,1,2025-09-06,Germany,Portugal,90.687966,53.966375
3603,3,1,2025-09-06,Latvia,Lithuania,87.596469,80.068277
3603,4,1,2025-09-06,Finland,Serbia,63.594672,96.634985
3604,1,1,2025-09-06,Turkey,Sweden,85.09392,71.166852
3604,2,1,2025-09-06,Germany,Portugal,88.735369,51.26163
3604,3,1,2025-09-06,Latvia,Lithuania,86.696107,81.208988
3604,4,1,2025-09-06,Finland,Serbia,79.928565,96.574399
3605,1,1,2025-09-06,Turkey,Sweden,64.182214,70.655979
3605,2,1,2025-09-06,Germany,Portugal,81.424044,55.647452
3605,3,1,2025-09-06,Latvia,Lithuania,75.497798,98.689711
3605,4,1,2025-09-06,Finland,Serbia,86.059542,92.688963
3606,1,1,2025-09-06,Turkey,Sweden,88.68588,71.616833
3606,2,1,2025-09-06,Germany,Portugal,112.13116,43.565315
3606,3,1,2025-09-06,Latvia,Lithuania,98.154847,67.351427
3606,4,1,2025-09-06,Finland,Serbia,73.475266,86.395641
3607,1,1,2025-09-06,Turkey,Sweden,88.794778,78.521443
3607,2,1,2025-09-06,Germany,Portugal,67.220983,47.076288
3607,3,1,2025-09-06,Latvia,Lithuania,94.878913,97.644096
3607,4,1,2025-09-06,Finland,Serbia,90.718916,78.381494
3608,1,1,2025-09-06,Turkey,Sweden,89.814444,85.128171
3608,2,1,2025-09-06,Germany,Portugal,98.338704,60.575926
3608,3,1,2025-09-06,Latvia,Lithuania,67.77675,72.009789
3608,4,1,2025-09-06,Finland,Serbia,100.848,95.488121
3609,1,1,2025-09-06,Turkey,Sweden,94.14304,81.987426
3609,2,1,2025-09-06,Germany,Portugal,106.31664,41.801216
3609,3,1,2025-09-06,Latvia,Lithuania,90.155709,84.364147
3609,4,1,2025-09-06,Finland,Serbia,101.67959,114.92027
3610,1,1,2025-09-06,Turkey,Sweden,83.769478,89.424544
3610,2,1,2025-09-06,Germany,Portugal,66.688656,36.694412
3610,3,1,2025-09-06,Latvia,Lithuania,91.869842,80.858934
3610,4,1,2025-09-06,Finland,Serbia,82.24005,99.746919
3611,1,1,2025-09-06,Turkey,Sweden,106.65771,82.597709
3611,2,1,2025-09-06,Germany,Portugal,83.731163,65.628241
3611,3,1,2025-09-06,Latvia,Lithuania,98.067392,77.019077
3611,4,1,2025-09-06,Finland,Serbia,92.246136,83.761905
3612,1,1,2025-09-06,Turkey,Sweden,80.433734,73.395019
3612,2,1,2025-09-06,Germany,Portugal,69.834939,62.555458
3612,3,1,2025-09-06,Latvia,Lithuania,75.109422,79.255367
3612,4,1,2025-09-06,Finland,Serbia,78.463256,103.46103
3613,1,1,2025-09-06,Turkey,Sweden,76.056154,71.721145
3613,2,1,2025-09-06,Germany,Portugal,61.557314,63.296662
3613,3,1,2025-09-06,Latvia,Lithuania,84.350529,67.725623
3613,4,1,2025-09-06,Finland,Serbia,102.04508,110.24564
3614,1,1,2025-09-06,Turkey,Sweden,101.17596,67.722659
3614,2,1,2025-09-06,Germany,Portugal,91.026832,41.036172
3614,3,1,2025-09-06,Latvia,Lithuania,82.001978,81.958816
3614,4,1,2025-09-06,Finland,Serbia,87.54444,104.76804
3615,1,1,2025-09-06,Turkey,Sweden,73.255942,65.341138
3615,2,1,2025-09-06,Germany,Portugal,78.731207,47.756947
3615,3,1,2025-09-06,Latvia,Lithuania,70.091899,109.27015
3615,4,1,2025-09-06,Finland,Serbia,94.770942,95.997912
3616,1,1,2025-09-06,Turkey,Sweden,89.755154,86.290376
3616,2,1,2025-09-06,Germany,Portugal,90.649539,75.173225
3616,3,1,2025-09-06,Latvia,Lithuania,100.12444,92.36398
3616,4,1,2025-09-06,Finland,Serbia,96.994175,84.751721
3617,1,1,2025-09-06,Turkey,Sweden,92.545772,95.916699
3617,2,1,2025-09-06,Germany,Portugal,85.240792,83.396985
3617,3,1,2025-09-06,Latvia,Lithuania,85.079768,53.262777
3617,4,1,2025-09-06,Finland,Serbia,90.126695,90.296623
3618,1,1,2025-09-06,Turkey,Sweden,95.663105,77.250166
3618,2,1,2025-09-06,Germany,Portugal,81.693133,63.878976
3618,3,1,2025-09-06,Latvia,Lithuania,79.070548,89.620183
3618,4,1,2025-09-06,Finland,Serbia,107.12286,100.68172
3619,1,1,2025-09-06,Turkey,Sweden,88.775023,86.985758
3619,2,1,2025-09-06,Germany,Portugal,94.357934,66.520982
3619,3,1,2025-09-06,Latvia,Lithuania,101.46493,89.693855
3619,4,1,2025-09-06,Finland,Serbia,79.957361,80.667401
3620,1,1,2025-09-06,Turkey,Sweden,86.1829,93.788009
3620,2,1,2025-09-06,Germany,Portugal,80.121057,66.053046
3620,3,1,2025-09-06,Latvia,Lithuania,90.523263,94.634503
3620,4,1,2025-09-06,Finland,Serbia,92.572856,97.898956
3621,1,1,2025-09-06,Turkey,Sweden,92.835487,84.334779
3621,2,1,2025-09-06,Germany,Portugal,93.043,77.193819
3621,3,1,2025-09-06,Latvia,Lithuania,105.97544,76.611732
3621,4,1,2025-09-06,Finland,Serbia,98.252668,100.07496
3622,1,1,2025-09-06,Turkey,Sweden,74.531127,70.60015
3622,2,1,2025-09-06,Germany,Portugal,72.919261,62.042847
3622,3,1,2025-09-06,Latvia,Lithuania,84.586482,68.441306
3622,4,1,2025-09-06,Finland,Serbia,93.519695,109.49073
3623,1,1,2025-09-06,Turkey,Sweden,107.15543,95.90484
3623,2,1,2025-09-06,Germany,Portugal,90.8159,62.534754
3623,3,1,2025-09-06,Latvia,Lithuania,93.768342,95.888495
3623,4,1,2025-09-06,Finland,Serbia,93.702573,106.81294
3624,1,1,2025-09-06,Turkey,Sweden,101.1855,56.498904
3624,2,1,2025-09-06,Germany,Portugal,86.20148,57.290611
3624,3,1,2025-09-06,Latvia,Lithuania,97.311884,99.058446
3624,4,1,2025-09-06,Finland,Serbia,99.10848,96.282955
3625,1,1,2025-09-06,Turkey,Sweden,98.860593,75.262891
3625,2,1,2025-09-06,Germany,Portugal,105.69955,73.514264
3625,3,1,2025-09-06,Latvia,Lithuania,84.400406,99.469463
3625,4,1,2025-09-06,Finland,Serbia,92.180084,73.961903
3626,1,1,2025-09-06,Turkey,Sweden,83.342029,69.185009
3626,2,1,2025-09-06,Germany,Portugal,91.48367,66.356616
3626,3,1,2025-09-06,Latvia,Lithuania,70.498152,76.404736
3626,4,1,2025-09-06,Finland,Serbia,99.45379,85.095279
3627,1,1,2025-09-06,Turkey,Sweden,85.885487,68.436837
3627,2,1,2025-09-06,Germany,Portugal,88.145399,62.208692
3627,3,1,2025-09-06,Latvia,Lithuania,115.3606,104.30497
3627,4,1,2025-09-06,Finland,Serbia,106.96374,132.05634
3628,1,1,2025-09-06,Turkey,Sweden,91.964852,74.232917
3628,2,1,2025-09-06,Germany,Portugal,92.281899,83.760127
3628,3,1,2025-09-06,Latvia,Lithuania,66.44887,83.638944
3628,4,1,2025-09-06,Finland,Serbia,115.44804,121.21775
3629,1,1,2025-09-06,Turkey,Sweden,85.5056,79.428646
3629,2,1,2025-09-06,Germany,Portugal,62.779126,52.7641
3629,3,1,2025-09-06,Latvia,Lithuania,90.515496,74.728428
3629,4,1,2025-09-06,Finland,Serbia,88.935368,94.198725
3630,1,1,2025-09-06,Turkey,Sweden,78.618429,70.360806
3630,2,1,2025-09-06,Germany,Portugal,89.735677,70.754261
3630,3,1,2025-09-06,Latvia,Lithuania,72.662517,66.300787
3630,4,1,2025-09-06,Finland,Serbia,93.781688,101.90137
3631,1,1,2025-09-06,Turkey,Sweden,79.170273,68.223227
3631,2,1,2025-09-06,Germany,Portugal,93.366483,64.950291000000007
3631,3,1,2025-09-06,Latvia,Lithuania,94.476717,85.483411
3631,4,1,2025-09-06,Finland,Serbia,97.501218,91.258625
3632,1,1,2025-09-06,Turkey,Sweden,82.107042,70.988485
3632,2,1,2025-09-06,Germany,Portugal,87.961041,63.788496
3632,3,1,2025-09-06,Latvia,Lithuania,93.114718,72.539006
3632,4,1,2025-09-06,Finland,Serbia,93.095757,80.840437
3633,1,1,2025-09-06,Turkey,Sweden,96.55538,77.001596
3633,2,1,2025-09-06,Germany,Portugal,102.20857,60.44616
3633,3,1,2025-09-06,Latvia,Lithuania,92.721423,85.860358
3633,4,1,2025-09-06,Finland,Serbia,92.225861,76.613078
3634,1,1,2025-09-06,Turkey,Sweden,95.509506,83.263246
3634,2,1,2025-09-06,Germany,Portugal,87.179559,47.890027
3634,3,1,2025-09-06,Latvia,Lithuania,80.800166,82.277543
3634,4,1,2025-09-06,Finland,Serbia,94.597114,84.143035
3635,1,1,2025-09-06,Turkey,Sweden,84.274806,86.843093
3635,2,1,2025-09-06,Germany,Portugal,101.01274,79.799961
3635,3,1,2025-09-06,Latvia,Lithuania,91.637802,92.85827
3635,4,1,2025-09-06,Finland,Serbia,104.64519,95.711871
3636,1,1,2025-09-06,Turkey,Sweden,81.418177,66.890737
3636,2,1,2025-09-06,Germany,Portugal,84.47757,52.899064
3636,3,1,2025-09-06,Latvia,Lithuania,73.221339,70.645026
3636,4,1,2025-09-06,Finland,Serbia,111.8616,97.226401
3637,1,1,2025-09-06,Turkey,Sweden,75.478174,79.185284
3637,2,1,2025-09-06,Germany,Portugal,78.565886,71.476247
3637,3,1,2025-09-06,Latvia,Lithuania,82.764112,75.308979
3637,4,1,2025-09-06,Finland,Serbia,89.669135,93.714685
3638,1,1,2025-09-06,Turkey,Sweden,85.740284,72.655406
3638,2,1,2025-09-06,Germany,Portugal,112.18032,56.970525
3638,3,1,2025-09-06,Latvia,Lithuania,93.007547,86.397526
3638,4,1,2025-09-06,Finland,Serbia,69.932509,94.183574
3639,1,1,2025-09-06,Turkey,Sweden,75.667822,77.989649
3639,2,1,2025-09-06,Germany,Portugal,95.912158,75.1799
3639,3,1,2025-09-06,Latvia,Lithuania,88.299261,94.357457
3639,4,1,2025-09-06,Finland,Serbia,101.50188,92.618391
3640,1,1,2025-09-06,Turkey,Sweden,106.71697,79.164175
3640,2,1,2025-09-06,Germany,Portugal,102.00789,76.274705
3640,3,1,2025-09-06,Latvia,Lithuania,92.291889,80.248656
3640,4,1,2025-09-06,Finland,Serbia,85.364176,75.000318
3641,1,1,2025-09-06,Turkey,Sweden,91.77342,107.1058
3641,2,1,2025-09-06,Germany,Portugal,69.204292,60.241404
3641,3,1,2025-09-06,Latvia,Lithuania,77.4611,76.176888
3641,4,1,2025-09-06,Finland,Serbia,95.500428,101.08307
3642,1,1,2025-09-06,Turkey,Sweden,81.540747,75.599144
3642,2,1,2025-09-06,Germany,Portugal,87.192345,72.979663
3642,3,1,2025-09-06,Latvia,Lithuania,78.545685,92.879797
3642,4,1,2025-09-06,Finland,Serbia,86.28066,78.021286
3643,1,1,2025-09-06,Turkey,Sweden,103.03961,89.506165
3643,2,1,2025-09-06,Germany,Portugal,93.300633,59.257705
3643,3,1,2025-09-06,Latvia,Lithuania,62.926243,71.575764
3643,4,1,2025-09-06,Finland,Serbia,98.163672,83.807848
3644,1,1,2025-09-06,Turkey,Sweden,96.775974,80.803013000000007
3644,2,1,2025-09-06,Germany,Portugal,81.147217,48.582812
3644,3,1,2025-09-06,Latvia,Lithuania,72.958433,87.958029
3644,4,1,2025-09-06,Finland,Serbia,88.983654,80.996535
3645,1,1,2025-09-06,Turkey,Sweden,95.398996,104.80418
3645,2,1,2025-09-06,Germany,Portugal,90.333685,64.917559
3645,3,1,2025-09-06,Latvia,Lithuania,72.102304,88.040644
3645,4,1,2025-09-06,Finland,Serbia,108.15589,98.627438
3646,1,1,2025-09-06,Turkey,Sweden,105.87741,62.144024
3646,2,1,2025-09-06,Germany,Portugal,91.46352,62.503246
3646,3,1,2025-09-06,Latvia,Lithuania,80.653736,96.590425
3646,4,1,2025-09-06,Finland,Serbia,72.773012,77.27609
3647,1,1,2025-09-06,Turkey,Sweden,103.17927,76.63457
3647,2,1,2025-09-06,Germany,Portugal,77.105097,57.759395
3647,3,1,2025-09-06,Latvia,Lithuania,87.800174,82.410981
3647,4,1,2025-09-06,Finland,Serbia,103.5234,84.936693
3648,1,1,2025-09-06,Turkey,Sweden,106.45265,92.91229
3648,2,1,2025-09-06,Germany,Portugal,86.641655,63.622392
3648,3,1,2025-09-06,Latvia,Lithuania,92.588866,78.805452
3648,4,1,2025-09-06,Finland,Serbia,85.005406,87.396286
3649,1,1,2025-09-06,Turkey,Sweden,98.395326,85.124947
3649,2,1,2025-09-06,Germany,Portugal,112.22918,72.623599
3649,3,1,2025-09-06,Latvia,Lithuania,89.443411,74.865132
3649,4,1,2025-09-06,Finland,Serbia,94.784975,83.631954
3650,1,1,2025-09-06,Turkey,Sweden,81.911848,78.145564
3650,2,1,2025-09-06,Germany,Portugal,82.044076,63.375016
3650,3,1,2025-09-06,Latvia,Lithuania,83.484936,76.091697
3650,4,1,2025-09-06,Finland,Serbia,92.153913,95.854425
3651,1,1,2025-09-06,Turkey,Sweden,88.326334,61.361804
3651,2,1,2025-09-06,Germany,Portugal,94.064125,68.100236
3651,3,1,2025-09-06,Latvia,Lithuania,81.948514,76.740181
3651,4,1,2025-09-06,Finland,Serbia,93.026461,94.583117
3652,1,1,2025-09-06,Turkey,Sweden,97.390435,71.081574
3652,2,1,2025-09-06,Germany,Portugal,87.46586,41.688831
3652,3,1,2025-09-06,Latvia,Lithuania,93.851098,96.567705
3652,4,1,2025-09-06,Finland,Serbia,91.434586,109.26402
3653,1,1,2025-09-06,Turkey,Sweden,89.287609,72.725116
3653,2,1,2025-09-06,Germany,Portugal,83.06493,44.906859
3653,3,1,2025-09-06,Latvia,Lithuania,79.496657,92.571482
3653,4,1,2025-09-06,Finland,Serbia,89.096843,90.050926
3654,1,1,2025-09-06,Turkey,Sweden,87.542758,95.193952
3654,2,1,2025-09-06,Germany,Portugal,89.701576,70.155897
3654,3,1,2025-09-06,Latvia,Lithuania,82.916924,70.749754
3654,4,1,2025-09-06,Finland,Serbia,87.810612,109.46004
3655,1,1,2025-09-06,Turkey,Sweden,79.731268,82.510648
3655,2,1,2025-09-06,Germany,Portugal,86.608455,66.077865
3655,3,1,2025-09-06,Latvia,Lithuania,84.336707,87.787975
3655,4,1,2025-09-06,Finland,Serbia,88.033531,81.14984
3656,1,1,2025-09-06,Turkey,Sweden,88.530942,48.245894
3656,2,1,2025-09-06,Germany,Portugal,89.845855,52.384422
3656,3,1,2025-09-06,Latvia,Lithuania,93.425961,93.565499
3656,4,1,2025-09-06,Finland,Serbia,79.802735,92.441947
3657,1,1,2025-09-06,Turkey,Sweden,103.13284,75.539058
3657,2,1,2025-09-06,Germany,Portugal,84.896938,84.74685
3657,3,1,2025-09-06,Latvia,Lithuania,81.701657,64.903125
3657,4,1,2025-09-06,Finland,Serbia,93.150917,91.333326
3658,1,1,2025-09-06,Turkey,Sweden,59.133049,69.305735
3658,2,1,2025-09-06,Germany,Portugal,90.440648,60.192837
3658,3,1,2025-09-06,Latvia,Lithuania,101.90512,70.475956
3658,4,1,2025-09-06,Finland,Serbia,112.32867,111.00992
3659,1,1,2025-09-06,Turkey,Sweden,72.598687,53.762096
3659,2,1,2025-09-06,Germany,Portugal,96.895737,56.713177
3659,3,1,2025-09-06,Latvia,Lithuania,84.80686,73.550063
3659,4,1,2025-09-06,Finland,Serbia,74.451032,93.358455
3660,1,1,2025-09-06,Turkey,Sweden,96.527941,81.500493
3660,2,1,2025-09-06,Germany,Portugal,108.74321,65.21297
3660,3,1,2025-09-06,Latvia,Lithuania,74.984295,74.363411
3660,4,1,2025-09-06,Finland,Serbia,104.18634,112.73214
3661,1,1,2025-09-06,Turkey,Sweden,107.73517,102.68547
3661,2,1,2025-09-06,Germany,Portugal,105.79832,104.27584
3661,3,1,2025-09-06,Latvia,Lithuania,99.523338,93.257806
3661,4,1,2025-09-06,Finland,Serbia,78.051543,87.570155
3662,1,1,2025-09-06,Turkey,Sweden,81.484089,66.965364
3662,2,1,2025-09-06,Germany,Portugal,77.485849,59.618025
3662,3,1,2025-09-06,Latvia,Lithuania,88.674748,87.839213
3662,4,1,2025-09-06,Finland,Serbia,84.041463,92.239945
3663,1,1,2025-09-06,Turkey,Sweden,71.619773,76.622376
3663,2,1,2025-09-06,Germany,Portugal,91.473222,58.94893
3663,3,1,2025-09-06,Latvia,Lithuania,94.913589,70.576767
3663,4,1,2025-09-06,Finland,Serbia,89.499038,102.93368
3664,1,1,2025-09-06,Turkey,Sweden,70.792591,79.18375
3664,2,1,2025-09-06,Germany,Portugal,79.377443,56.893629
3664,3,1,2025-09-06,Latvia,Lithuania,105.89718,79.847492
3664,4,1,2025-09-06,Finland,Serbia,85.843005,100.3643
3665,1,1,2025-09-06,Turkey,Sweden,99.82493,70.537164
3665,2,1,2025-09-06,Germany,Portugal,99.259785,67.783031
3665,3,1,2025-09-06,Latvia,Lithuania,78.111176,79.330208
3665,4,1,2025-09-06,Finland,Serbia,81.633944,91.681405
3666,1,1,2025-09-06,Turkey,Sweden,73.493864,71.614948
3666,2,1,2025-09-06,Germany,Portugal,89.523067,79.104241
3666,3,1,2025-09-06,Latvia,Lithuania,92.006469,71.614876
3666,4,1,2025-09-06,Finland,Serbia,104.86566,74.542426
3667,1,1,2025-09-06,Turkey,Sweden,77.53177,68.551398
3667,2,1,2025-09-06,Germany,Portugal,94.078534,70.32929
3667,3,1,2025-09-06,Latvia,Lithuania,82.659559,74.971807
3667,4,1,2025-09-06,Finland,Serbia,79.890197,97.303511
3668,1,1,2025-09-06,Turkey,Sweden,84.896405,79.445492
3668,2,1,2025-09-06,Germany,Portugal,103.01821,79.345648
3668,3,1,2025-09-06,Latvia,Lithuania,99.682826,91.078369
3668,4,1,2025-09-06,Finland,Serbia,90.217067,80.137603
3669,1,1,2025-09-06,Turkey,Sweden,58.70536,68.180921
3669,2,1,2025-09-06,Germany,Portugal,84.439381,53.515095
3669,3,1,2025-09-06,Latvia,Lithuania,81.87651,99.18819
3669,4,1,2025-09-06,Finland,Serbia,71.617607,80.361426
3670,1,1,2025-09-06,Turkey,Sweden,75.57945,58.885091
3670,2,1,2025-09-06,Germany,Portugal,81.313932,61.881688
3670,3,1,2025-09-06,Latvia,Lithuania,96.84633,74.022396
3670,4,1,2025-09-06,Finland,Serbia,82.059627,73.205297
3671,1,1,2025-09-06,Turkey,Sweden,87.141242,86.485696
3671,2,1,2025-09-06,Germany,Portugal,97.409288,70.496836
3671,3,1,2025-09-06,Latvia,Lithuania,66.062296,62.043335
3671,4,1,2025-09-06,Finland,Serbia,77.745214,87.879506
3672,1,1,2025-09-06,Turkey,Sweden,93.236441,80.654612
3672,2,1,2025-09-06,Germany,Portugal,97.925176,67.941139
3672,3,1,2025-09-06,Latvia,Lithuania,107.25618,102.6451
3672,4,1,2025-09-06,Finland,Serbia,100.49293,104.75966
3673,1,1,2025-09-06,Turkey,Sweden,92.341686,97.673886
3673,2,1,2025-09-06,Germany,Portugal,65.508908,65.822223
3673,3,1,2025-09-06,Latvia,Lithuania,54.965461,82.2359
3673,4,1,2025-09-06,Finland,Serbia,88.272049,85.966015
3674,1,1,2025-09-06,Turkey,Sweden,94.639329,65.345652
3674,2,1,2025-09-06,Germany,Portugal,85.095482,57.174893
3674,3,1,2025-09-06,Latvia,Lithuania,86.046089,90.496123
3674,4,1,2025-09-06,Finland,Serbia,66.249544,63.82252
3675,1,1,2025-09-06,Turkey,Sweden,68.326016,70.735339
3675,2,1,2025-09-06,Germany,Portugal,87.784707,54.743509
3675,3,1,2025-09-06,Latvia,Lithuania,82.617203,73.437159
3675,4,1,2025-09-06,Finland,Serbia,79.251398,92.824789
3676,1,1,2025-09-06,Turkey,Sweden,80.696394,82.794005
3676,2,1,2025-09-06,Germany,Portugal,79.892467,54.017355
3676,3,1,2025-09-06,Latvia,Lithuania,108.37577,93.709104
3676,4,1,2025-09-06,Finland,Serbia,80.152211,109.04399
3677,1,1,2025-09-06,Turkey,Sweden,93.883431,64.172269
3677,2,1,2025-09-06,Germany,Portugal,86.485276,70.840229
3677,3,1,2025-09-06,Latvia,Lithuania,86.24417,87.341129
3677,4,1,2025-09-06,Finland,Serbia,95.575188,97.96818
3678,1,1,2025-09-06,Turkey,Sweden,81.62091,75.329453
3678,2,1,2025-09-06,Germany,Portugal,88.647071,77.049083
3678,3,1,2025-09-06,Latvia,Lithuania,86.46943,75.23729
3678,4,1,2025-09-06,Finland,Serbia,114.30994,82.576049
3679,1,1,2025-09-06,Turkey,Sweden,89.629608,92.496416
3679,2,1,2025-09-06,Germany,Portugal,85.346139,50.502364
3679,3,1,2025-09-06,Latvia,Lithuania,78.546128,54.874807
3679,4,1,2025-09-06,Finland,Serbia,100.17877,95.255861
3680,1,1,2025-09-06,Turkey,Sweden,102.93304,87.568639
3680,2,1,2025-09-06,Germany,Portugal,77.509807,65.661176
3680,3,1,2025-09-06,Latvia,Lithuania,79.462394,66.104703
3680,4,1,2025-09-06,Finland,Serbia,98.407499,91.264383
3681,1,1,2025-09-06,Turkey,Sweden,91.001212,55.60395
3681,2,1,2025-09-06,Germany,Portugal,78.524088,65.88797
3681,3,1,2025-09-06,Latvia,Lithuania,90.671853,77.092556
3681,4,1,2025-09-06,Finland,Serbia,88.55266,97.375258
3682,1,1,2025-09-06,Turkey,Sweden,67.614126,75.261619
3682,2,1,2025-09-06,Germany,Portugal,85.165227,66.69631
3682,3,1,2025-09-06,Latvia,Lithuania,73.005375,61.600394
3682,4,1,2025-09-06,Finland,Serbia,85.437585,110.69204
3683,1,1,2025-09-06,Turkey,Sweden,84.350814,65.353005
3683,2,1,2025-09-06,Germany,Portugal,106.32405,68.008843
3683,3,1,2025-09-06,Latvia,Lithuania,78.926435,94.309842
3683,4,1,2025-09-06,Finland,Serbia,97.849512,101.68019
3684,1,1,2025-09-06,Turkey,Sweden,79.425268,78.865513000000007
3684,2,1,2025-09-06,Germany,Portugal,83.933911,64.036301
3684,3,1,2025-09-06,Latvia,Lithuania,72.381128,88.969096
3684,4,1,2025-09-06,Finland,Serbia,84.774597,90.435163
3685,1,1,2025-09-06,Turkey,Sweden,88.170169,68.768836
3685,2,1,2025-09-06,Germany,Portugal,65.541646,67.279857
3685,3,1,2025-09-06,Latvia,Lithuania,99.683703,88.276488
3685,4,1,2025-09-06,Finland,Serbia,101.25922,97.212478
3686,1,1,2025-09-06,Turkey,Sweden,85.248532,81.560577
3686,2,1,2025-09-06,Germany,Portugal,96.408019,61.171318
3686,3,1,2025-09-06,Latvia,Lithuania,99.376531,94.580541
3686,4,1,2025-09-06,Finland,Serbia,83.124024,104.4816
3687,1,1,2025-09-06,Turkey,Sweden,81.136812,85.680722
3687,2,1,2025-09-06,Germany,Portugal,70.260695,67.683098
3687,3,1,2025-09-06,Latvia,Lithuania,87.139243,104.03885
3687,4,1,2025-09-06,Finland,Serbia,87.650227,105.00119
3688,1,1,2025-09-06,Turkey,Sweden,75.612019,76.502215
3688,2,1,2025-09-06,Germany,Portugal,94.534262,76.826179
3688,3,1,2025-09-06,Latvia,Lithuania,97.596898,89.846381
3688,4,1,2025-09-06,Finland,Serbia,85.946848,102.34108
3689,1,1,2025-09-06,Turkey,Sweden,86.75037,83.859121
3689,2,1,2025-09-06,Germany,Portugal,106.37169,54.222657
3689,3,1,2025-09-06,Latvia,Lithuania,81.526291,71.109002
3689,4,1,2025-09-06,Finland,Serbia,87.620205,92.774282
3690,1,1,2025-09-06,Turkey,Sweden,98.141377,62.73744
3690,2,1,2025-09-06,Germany,Portugal,68.330684,64.562102
3690,3,1,2025-09-06,Latvia,Lithuania,92.679029,83.390925
3690,4,1,2025-09-06,Finland,Serbia,83.629156,94.20951
3691,1,1,2025-09-06,Turkey,Sweden,80.179443,83.932821
3691,2,1,2025-09-06,Germany,Portugal,97.032469,67.656145
3691,3,1,2025-09-06,Latvia,Lithuania,87.177181,92.220085
3691,4,1,2025-09-06,Finland,Serbia,79.837887,103.82809
3692,1,1,2025-09-06,Turkey,Sweden,88.614351,69.554375
3692,2,1,2025-09-06,Germany,Portugal,110.83497,74.673473
3692,3,1,2025-09-06,Latvia,Lithuania,92.617154,79.528619
3692,4,1,2025-09-06,Finland,Serbia,92.697914,91.098019
3693,1,1,2025-09-06,Turkey,Sweden,93.038643,66.264259
3693,2,1,2025-09-06,Germany,Portugal,87.596755,83.852502
3693,3,1,2025-09-06,Latvia,Lithuania,91.434198,92.479928
3693,4,1,2025-09-06,Finland,Serbia,84.386146,98.444436
3694,1,1,2025-09-06,Turkey,Sweden,78.719871,60.924939
3694,2,1,2025-09-06,Germany,Portugal,81.669659,80.151745
3694,3,1,2025-09-06,Latvia,Lithuania,90.116523,73.50661
3694,4,1,2025-09-06,Finland,Serbia,78.60615,97.332057
3695,1,1,2025-09-06,Turkey,Sweden,78.738898,58.992319
3695,2,1,2025-09-06,Germany,Portugal,86.576603,63.527272
3695,3,1,2025-09-06,Latvia,Lithuania,102.07756,91.964404
3695,4,1,2025-09-06,Finland,Serbia,79.039968,98.124739
3696,1,1,2025-09-06,Turkey,Sweden,64.329167,79.487886
3696,2,1,2025-09-06,Germany,Portugal,89.072392,55.655804
3696,3,1,2025-09-06,Latvia,Lithuania,89.435894,89.036133
3696,4,1,2025-09-06,Finland,Serbia,83.362897,92.996783
3697,1,1,2025-09-06,Turkey,Sweden,79.795366,75.043604
3697,2,1,2025-09-06,Germany,Portugal,80.858831,65.996133
3697,3,1,2025-09-06,Latvia,Lithuania,88.869342,85.722883
3697,4,1,2025-09-06,Finland,Serbia,87.151192,74.549745
3698,1,1,2025-09-06,Turkey,Sweden,75.121859,56.35802
3698,2,1,2025-09-06,Germany,Portugal,75.621418,74.866157
3698,3,1,2025-09-06,Latvia,Lithuania,108.66071,83.756168
3698,4,1,2025-09-06,Finland,Serbia,75.136796,103.28179
3699,1,1,2025-09-06,Turkey,Sweden,75.172024,57.255231
3699,2,1,2025-09-06,Germany,Portugal,107.97672,53.451954
3699,3,1,2025-09-06,Latvia,Lithuania,91.94646,61.837133
3699,4,1,2025-09-06,Finland,Serbia,81.960264,67.456448
3700,1,1,2025-09-06,Turkey,Sweden,70.911726,62.551726
3700,2,1,2025-09-06,Germany,Portugal,82.571183,73.276402
3700,3,1,2025-09-06,Latvia,Lithuania,92.195155,92.313503
3700,4,1,2025-09-06,Finland,Serbia,84.222733,80.941475
3701,1,1,2025-09-06,Turkey,Sweden,82.546712,54.484188
3701,2,1,2025-09-06,Germany,Portugal,68.125881,52.242084
3701,3,1,2025-09-06,Latvia,Lithuania,86.478622,85.459855
3701,4,1,2025-09-06,Finland,Serbia,83.207103,89.334461
3702,1,1,2025-09-06,Turkey,Sweden,73.556873,88.956392
3702,2,1,2025-09-06,Germany,Portugal,73.351433,72.381556
3702,3,1,2025-09-06,Latvia,Lithuania,100.35896,95.805357
3702,4,1,2025-09-06,Finland,Serbia,81.063611,87.933511
3703,1,1,2025-09-06,Turkey,Sweden,86.583814,58.860474
3703,2,1,2025-09-06,Germany,Portugal,100.79345000000001,76.180748
3703,3,1,2025-09-06,Latvia,Lithuania,109.23014,80.7141
3703,4,1,2025-09-06,Finland,Serbia,78.079459,84.315333
3704,1,1,2025-09-06,Turkey,Sweden,101.1879,76.545833
3704,2,1,2025-09-06,Germany,Portugal,126.86753,72.788162
3704,3,1,2025-09-06,Latvia,Lithuania,80.218931,87.087291
3704,4,1,2025-09-06,Finland,Serbia,72.792197,102.09363
3705,1,1,2025-09-06,Turkey,Sweden,87.527349,73.446764
3705,2,1,2025-09-06,Germany,Portugal,100.86579,55.914243
3705,3,1,2025-09-06,Latvia,Lithuania,84.713591,103.24623
3705,4,1,2025-09-06,Finland,Serbia,77.097122,90.404143
3706,1,1,2025-09-06,Turkey,Sweden,86.006369,84.314344
3706,2,1,2025-09-06,Germany,Portugal,99.971269,48.876429
3706,3,1,2025-09-06,Latvia,Lithuania,75.405646,77.888863
3706,4,1,2025-09-06,Finland,Serbia,93.023982,115.35026
3707,1,1,2025-09-06,Turkey,Sweden,88.119497,68.363604
3707,2,1,2025-09-06,Germany,Portugal,103.33291,67.927112
3707,3,1,2025-09-06,Latvia,Lithuania,80.306079,78.906562
3707,4,1,2025-09-06,Finland,Serbia,97.143556,99.803197
3708,1,1,2025-09-06,Turkey,Sweden,96.268069,76.948089
3708,2,1,2025-09-06,Germany,Portugal,64.030351,74.554853
3708,3,1,2025-09-06,Latvia,Lithuania,104.42206,92.998933
3708,4,1,2025-09-06,Finland,Serbia,94.139447,91.222893
3709,1,1,2025-09-06,Turkey,Sweden,101.76375,79.241853
3709,2,1,2025-09-06,Germany,Portugal,78.789374,59.031581
3709,3,1,2025-09-06,Latvia,Lithuania,80.044431,86.744861
3709,4,1,2025-09-06,Finland,Serbia,71.058571,76.022976
3710,1,1,2025-09-06,Turkey,Sweden,92.932245,77.235409
3710,2,1,2025-09-06,Germany,Portugal,100.87858,58.922194
3710,3,1,2025-09-06,Latvia,Lithuania,87.836389,90.949513
3710,4,1,2025-09-06,Finland,Serbia,103.33844,90.730123
3711,1,1,2025-09-06,Turkey,Sweden,94.19671,89.228548
3711,2,1,2025-09-06,Germany,Portugal,98.674207,77.567131
3711,3,1,2025-09-06,Latvia,Lithuania,93.886218,90.545244
3711,4,1,2025-09-06,Finland,Serbia,84.989343,86.034473
3712,1,1,2025-09-06,Turkey,Sweden,79.571044,82.343037
3712,2,1,2025-09-06,Germany,Portugal,93.048711,66.962901
3712,3,1,2025-09-06,Latvia,Lithuania,79.591861,89.810485
3712,4,1,2025-09-06,Finland,Serbia,74.063876,76.151119
3713,1,1,2025-09-06,Turkey,Sweden,91.764787,101.29518
3713,2,1,2025-09-06,Germany,Portugal,85.085834,66.519311
3713,3,1,2025-09-06,Latvia,Lithuania,92.689312,85.85293
3713,4,1,2025-09-06,Finland,Serbia,93.354458,93.254449
3714,1,1,2025-09-06,Turkey,Sweden,78.313236,69.488207
3714,2,1,2025-09-06,Germany,Portugal,81.683976,62.02324
3714,3,1,2025-09-06,Latvia,Lithuania,91.12642,89.395029
3714,4,1,2025-09-06,Finland,Serbia,97.160175,95.745593
3715,1,1,2025-09-06,Turkey,Sweden,92.645359,70.667117
3715,2,1,2025-09-06,Germany,Portugal,101.03841,61.455621
3715,3,1,2025-09-06,Latvia,Lithuania,84.53613,87.831581
3715,4,1,2025-09-06,Finland,Serbia,96.560822,90.11479
3716,1,1,2025-09-06,Turkey,Sweden,88.227244,53.167748
3716,2,1,2025-09-06,Germany,Portugal,95.884303,60.129509
3716,3,1,2025-09-06,Latvia,Lithuania,83.438441,83.743767
3716,4,1,2025-09-06,Finland,Serbia,101.772,103.68514
3717,1,1,2025-09-06,Turkey,Sweden,99.679352,63.169206
3717,2,1,2025-09-06,Germany,Portugal,77.245596,68.576253
3717,3,1,2025-09-06,Latvia,Lithuania,67.049983,91.463202
3717,4,1,2025-09-06,Finland,Serbia,84.058526,104.56423
3718,1,1,2025-09-06,Turkey,Sweden,76.510121,92.437035
3718,2,1,2025-09-06,Germany,Portugal,91.890627,68.414864
3718,3,1,2025-09-06,Latvia,Lithuania,97.613679,90.80302
3718,4,1,2025-09-06,Finland,Serbia,87.319785,83.387663
3719,1,1,2025-09-06,Turkey,Sweden,85.430913,72.280103
3719,2,1,2025-09-06,Germany,Portugal,97.58826,85.100962
3719,3,1,2025-09-06,Latvia,Lithuania,100.03524,72.275364
3719,4,1,2025-09-06,Finland,Serbia,87.916524,82.341838
3720,1,1,2025-09-06,Turkey,Sweden,88.178896,83.93572
3720,2,1,2025-09-06,Germany,Portugal,100.09129,84.654922
3720,3,1,2025-09-06,Latvia,Lithuania,76.691768,94.128593
3720,4,1,2025-09-06,Finland,Serbia,87.413575,75.58308
3721,1,1,2025-09-06,Turkey,Sweden,102.11348,87.793643
3721,2,1,2025-09-06,Germany,Portugal,88.333586,69.828172
3721,3,1,2025-09-06,Latvia,Lithuania,79.273247,104.62376
3721,4,1,2025-09-06,Finland,Serbia,87.209292,106.687
3722,1,1,2025-09-06,Turkey,Sweden,78.768997,78.735996
3722,2,1,2025-09-06,Germany,Portugal,87.517818,65.765091
3722,3,1,2025-09-06,Latvia,Lithuania,81.94381,88.498392
3722,4,1,2025-09-06,Finland,Serbia,99.149919,109.51259
3723,1,1,2025-09-06,Turkey,Sweden,82.218567,63.779739
3723,2,1,2025-09-06,Germany,Portugal,102.44754,66.358429
3723,3,1,2025-09-06,Latvia,Lithuania,91.069209,93.011071
3723,4,1,2025-09-06,Finland,Serbia,86.19303,88.418277
3724,1,1,2025-09-06,Turkey,Sweden,95.196828,80.703136
3724,2,1,2025-09-06,Germany,Portugal,61.269363,47.276792
3724,3,1,2025-09-06,Latvia,Lithuania,69.754099,74.882976
3724,4,1,2025-09-06,Finland,Serbia,103.03714,110.29919
3725,1,1,2025-09-06,Turkey,Sweden,98.295815,74.834143
3725,2,1,2025-09-06,Germany,Portugal,109.58157,48.089429
3725,3,1,2025-09-06,Latvia,Lithuania,69.028827,59.69404
3725,4,1,2025-09-06,Finland,Serbia,75.671712,75.392101
3726,1,1,2025-09-06,Turkey,Sweden,87.920648,95.00644
3726,2,1,2025-09-06,Germany,Portugal,81.279182,71.867855
3726,3,1,2025-09-06,Latvia,Lithuania,75.985803,74.156435
3726,4,1,2025-09-06,Finland,Serbia,87.824669,92.129008
3727,1,1,2025-09-06,Turkey,Sweden,99.169931,86.085921
3727,2,1,2025-09-06,Germany,Portugal,72.589603,63.737166
3727,3,1,2025-09-06,Latvia,Lithuania,77.029087,84.216912
3727,4,1,2025-09-06,Finland,Serbia,77.599029,92.958148
3728,1,1,2025-09-06,Turkey,Sweden,71.66477,72.829223
3728,2,1,2025-09-06,Germany,Portugal,80.99957,58.609166
3728,3,1,2025-09-06,Latvia,Lithuania,87.181166,88.535595
3728,4,1,2025-09-06,Finland,Serbia,81.935916,104.67552
3729,1,1,2025-09-06,Turkey,Sweden,81.275344,61.9999
3729,2,1,2025-09-06,Germany,Portugal,101.77594,74.823886
3729,3,1,2025-09-06,Latvia,Lithuania,91.909933,101.72159
3729,4,1,2025-09-06,Finland,Serbia,89.385829,104.14566
3730,1,1,2025-09-06,Turkey,Sweden,75.74788,81.055651
3730,2,1,2025-09-06,Germany,Portugal,94.903479,54.674054
3730,3,1,2025-09-06,Latvia,Lithuania,87.536814,70.05589
3730,4,1,2025-09-06,Finland,Serbia,101.90452,89.22621
3731,1,1,2025-09-06,Turkey,Sweden,89.502126,71.874465
3731,2,1,2025-09-06,Germany,Portugal,79.215499,63.629569
3731,3,1,2025-09-06,Latvia,Lithuania,87.967442,75.723933
3731,4,1,2025-09-06,Finland,Serbia,100.89899,91.44167
3732,1,1,2025-09-06,Turkey,Sweden,89.697326,56.330486
3732,2,1,2025-09-06,Germany,Portugal,95.665859,83.092673
3732,3,1,2025-09-06,Latvia,Lithuania,90.902156,93.653122
3732,4,1,2025-09-06,Finland,Serbia,87.454783,99.477131
3733,1,1,2025-09-06,Turkey,Sweden,64.042402,73.438022
3733,2,1,2025-09-06,Germany,Portugal,81.820466,64.850965
3733,3,1,2025-09-06,Latvia,Lithuania,89.154285,103.72416
3733,4,1,2025-09-06,Finland,Serbia,91.317676,74.332737
3734,1,1,2025-09-06,Turkey,Sweden,82.315049,62.516567
3734,2,1,2025-09-06,Germany,Portugal,95.888262,72.918832
3734,3,1,2025-09-06,Latvia,Lithuania,94.574094,101.05974
3734,4,1,2025-09-06,Finland,Serbia,77.73558,105.77731
3735,1,1,2025-09-06,Turkey,Sweden,97.578777,82.824707
3735,2,1,2025-09-06,Germany,Portugal,102.42674,75.836113
3735,3,1,2025-09-06,Latvia,Lithuania,83.884809,82.114671
3735,4,1,2025-09-06,Finland,Serbia,79.511038,82.969503
3736,1,1,2025-09-06,Turkey,Sweden,79.963561,76.616181
3736,2,1,2025-09-06,Germany,Portugal,88.493881,59.07327
3736,3,1,2025-09-06,Latvia,Lithuania,75.756162,94.831557
3736,4,1,2025-09-06,Finland,Serbia,106.60313,105.74647
3737,1,1,2025-09-06,Turkey,Sweden,70.767251,68.008222
3737,2,1,2025-09-06,Germany,Portugal,93.506176,61.982115
3737,3,1,2025-09-06,Latvia,Lithuania,97.923197,109.85047
3737,4,1,2025-09-06,Finland,Serbia,113.11256,86.98816
3738,1,1,2025-09-06,Turkey,Sweden,96.707757,95.629824
3738,2,1,2025-09-06,Germany,Portugal,97.392962,48.850747
3738,3,1,2025-09-06,Latvia,Lithuania,84.601835,83.943671
3738,4,1,2025-09-06,Finland,Serbia,76.91876,104.75449
3739,1,1,2025-09-06,Turkey,Sweden,90.212761,88.894253
3739,2,1,2025-09-06,Germany,Portugal,96.389381,55.965764
3739,3,1,2025-09-06,Latvia,Lithuania,87.004553,71.755033
3739,4,1,2025-09-06,Finland,Serbia,84.347554,91.570129
3740,1,1,2025-09-06,Turkey,Sweden,101.18676,80.494708
3740,2,1,2025-09-06,Germany,Portugal,78.462677,51.906994
3740,3,1,2025-09-06,Latvia,Lithuania,105.85233,85.207676
3740,4,1,2025-09-06,Finland,Serbia,94.383638,98.19974
3741,1,1,2025-09-06,Turkey,Sweden,81.523699,77.914293
3741,2,1,2025-09-06,Germany,Portugal,67.814337,53.564082
3741,3,1,2025-09-06,Latvia,Lithuania,58.926121,68.196151
3741,4,1,2025-09-06,Finland,Serbia,95.924233,92.186589
3742,1,1,2025-09-06,Turkey,Sweden,98.150071,100.10663
3742,2,1,2025-09-06,Germany,Portugal,81.918731,61.623436
3742,3,1,2025-09-06,Latvia,Lithuania,69.803277,87.04739
3742,4,1,2025-09-06,Finland,Serbia,88.025806,95.948649
3743,1,1,2025-09-06,Turkey,Sweden,90.076324,88.948127
3743,2,1,2025-09-06,Germany,Portugal,92.006992,56.066186
3743,3,1,2025-09-06,Latvia,Lithuania,83.652016,88.265163
3743,4,1,2025-09-06,Finland,Serbia,92.003971,113.04223
3744,1,1,2025-09-06,Turkey,Sweden,86.761578,77.973723
3744,2,1,2025-09-06,Germany,Portugal,80.793768,61.666728
3744,3,1,2025-09-06,Latvia,Lithuania,80.933096,88.793544
3744,4,1,2025-09-06,Finland,Serbia,90.511585,75.212426
3745,1,1,2025-09-06,Turkey,Sweden,71.771113,86.131993
3745,2,1,2025-09-06,Germany,Portugal,85.234781,62.574895
3745,3,1,2025-09-06,Latvia,Lithuania,91.684784,96.512605
3745,4,1,2025-09-06,Finland,Serbia,96.97682,93.892843
3746,1,1,2025-09-06,Turkey,Sweden,95.411911,79.656555
3746,2,1,2025-09-06,Germany,Portugal,75.184237,67.909165
3746,3,1,2025-09-06,Latvia,Lithuania,81.607053,83.444185
3746,4,1,2025-09-06,Finland,Serbia,90.925359,83.250338
3747,1,1,2025-09-06,Turkey,Sweden,99.682368,90.842798
3747,2,1,2025-09-06,Germany,Portugal,86.272079,59.066896
3747,3,1,2025-09-06,Latvia,Lithuania,75.533897,77.987774
3747,4,1,2025-09-06,Finland,Serbia,102.77939,75.758623
3748,1,1,2025-09-06,Turkey,Sweden,87.944828,89.789836
3748,2,1,2025-09-06,Germany,Portugal,89.519492,61.390615
3748,3,1,2025-09-06,Latvia,Lithuania,90.773838,85.523152
3748,4,1,2025-09-06,Finland,Serbia,92.312377,123.94125
3749,1,1,2025-09-06,Turkey,Sweden,95.474976,95.835415
3749,2,1,2025-09-06,Germany,Portugal,73.896844,55.748826
3749,3,1,2025-09-06,Latvia,Lithuania,77.88331,81.785804
3749,4,1,2025-09-06,Finland,Serbia,80.766067,95.865369
3750,1,1,2025-09-06,Turkey,Sweden,81.623028,73.579705
3750,2,1,2025-09-06,Germany,Portugal,103.10102,63.909919
3750,3,1,2025-09-06,Latvia,Lithuania,78.804678,65.112936
3750,4,1,2025-09-06,Finland,Serbia,96.834885,88.086165
3751,1,1,2025-09-06,Turkey,Sweden,93.633184,54.336363
3751,2,1,2025-09-06,Germany,Portugal,74.902136,71.382425
3751,3,1,2025-09-06,Latvia,Lithuania,88.999071,66.087008
3751,4,1,2025-09-06,Finland,Serbia,102.65464,98.168721
3752,1,1,2025-09-06,Turkey,Sweden,80.118445,70.283595
3752,2,1,2025-09-06,Germany,Portugal,87.822375,63.468408
3752,3,1,2025-09-06,Latvia,Lithuania,91.88839,74.846894
3752,4,1,2025-09-06,Finland,Serbia,91.404432,112.51241
3753,1,1,2025-09-06,Turkey,Sweden,70.635403,67.383271
3753,2,1,2025-09-06,Germany,Portugal,85.14363,51.067211
3753,3,1,2025-09-06,Latvia,Lithuania,75.904926,87.99907
3753,4,1,2025-09-06,Finland,Serbia,74.146231,83.899208
3754,1,1,2025-09-06,Turkey,Sweden,44.009981,65.329202
3754,2,1,2025-09-06,Germany,Portugal,88.896369000000007,56.435349
3754,3,1,2025-09-06,Latvia,Lithuania,71.911236,81.713975
3754,4,1,2025-09-06,Finland,Serbia,96.796192,81.147339
3755,1,1,2025-09-06,Turkey,Sweden,77.578742,64.470982
3755,2,1,2025-09-06,Germany,Portugal,79.711369,59.07947
3755,3,1,2025-09-06,Latvia,Lithuania,101.43606,71.414146
3755,4,1,2025-09-06,Finland,Serbia,100.96036,92.635512
3756,1,1,2025-09-06,Turkey,Sweden,81.268731,82.106719
3756,2,1,2025-09-06,Germany,Portugal,86.773574,69.318412
3756,3,1,2025-09-06,Latvia,Lithuania,88.505937,85.560633
3756,4,1,2025-09-06,Finland,Serbia,88.942682,87.196759
3757,1,1,2025-09-06,Turkey,Sweden,90.149257,63.027336
3757,2,1,2025-09-06,Germany,Portugal,83.678817,56.559319
3757,3,1,2025-09-06,Latvia,Lithuania,81.942085,85.083269
3757,4,1,2025-09-06,Finland,Serbia,92.701379,80.974523
3758,1,1,2025-09-06,Turkey,Sweden,92.89051,95.784223
3758,2,1,2025-09-06,Germany,Portugal,80.938343,61.508344
3758,3,1,2025-09-06,Latvia,Lithuania,85.513047,86.27854
3758,4,1,2025-09-06,Finland,Serbia,82.764027,96.700699
3759,1,1,2025-09-06,Turkey,Sweden,76.861225,70.384217
3759,2,1,2025-09-06,Germany,Portugal,74.286227,59.039339
3759,3,1,2025-09-06,Latvia,Lithuania,74.664419,69.489471
3759,4,1,2025-09-06,Finland,Serbia,64.830314,82.311591
3760,1,1,2025-09-06,Turkey,Sweden,89.638023,87.796333
3760,2,1,2025-09-06,Germany,Portugal,75.264825,55.544971
3760,3,1,2025-09-06,Latvia,Lithuania,89.351944,75.147241
3760,4,1,2025-09-06,Finland,Serbia,95.914537,97.075249
3761,1,1,2025-09-06,Turkey,Sweden,86.949034,89.079852
3761,2,1,2025-09-06,Germany,Portugal,99.646259,69.168213
3761,3,1,2025-09-06,Latvia,Lithuania,84.475053,107.44403
3761,4,1,2025-09-06,Finland,Serbia,87.619858,82.312804
3762,1,1,2025-09-06,Turkey,Sweden,105.07736,80.647704
3762,2,1,2025-09-06,Germany,Portugal,93.669684,65.694301
3762,3,1,2025-09-06,Latvia,Lithuania,92.727042,91.757509
3762,4,1,2025-09-06,Finland,Serbia,96.359115,81.083155
3763,1,1,2025-09-06,Turkey,Sweden,83.696166,99.926387
3763,2,1,2025-09-06,Germany,Portugal,79.720459,75.343657
3763,3,1,2025-09-06,Latvia,Lithuania,72.892425,73.191139
3763,4,1,2025-09-06,Finland,Serbia,97.7804,88.73283
3764,1,1,2025-09-06,Turkey,Sweden,86.855763,79.760314
3764,2,1,2025-09-06,Germany,Portugal,72.00372,49.613572
3764,3,1,2025-09-06,Latvia,Lithuania,87.413802,69.360391
3764,4,1,2025-09-06,Finland,Serbia,86.287755,86.594795
3765,1,1,2025-09-06,Turkey,Sweden,89.025781,79.416703
3765,2,1,2025-09-06,Germany,Portugal,99.021893,74.792033
3765,3,1,2025-09-06,Latvia,Lithuania,84.846831,77.399558
3765,4,1,2025-09-06,Finland,Serbia,81.586513,81.127884
3766,1,1,2025-09-06,Turkey,Sweden,70.276619,81.919602
3766,2,1,2025-09-06,Germany,Portugal,84.039873,62.56979
3766,3,1,2025-09-06,Latvia,Lithuania,100.44342,91.506622
3766,4,1,2025-09-06,Finland,Serbia,86.393977,86.12071
3767,1,1,2025-09-06,Turkey,Sweden,104.96696,94.603459
3767,2,1,2025-09-06,Germany,Portugal,93.726464000000007,73.97109
3767,3,1,2025-09-06,Latvia,Lithuania,89.452348,81.191577
3767,4,1,2025-09-06,Finland,Serbia,89.565157,87.194156
3768,1,1,2025-09-06,Turkey,Sweden,114.86215,73.716293
3768,2,1,2025-09-06,Germany,Portugal,78.27483,72.478569
3768,3,1,2025-09-06,Latvia,Lithuania,97.741449,86.090119
3768,4,1,2025-09-06,Finland,Serbia,81.547797,107.58728
3769,1,1,2025-09-06,Turkey,Sweden,118.21036,89.114354
3769,2,1,2025-09-06,Germany,Portugal,65.182333,59.526965
3769,3,1,2025-09-06,Latvia,Lithuania,87.430781,71.819558
3769,4,1,2025-09-06,Finland,Serbia,98.846515,103.87738
3770,1,1,2025-09-06,Turkey,Sweden,80.123956,100.12552
3770,2,1,2025-09-06,Germany,Portugal,83.168292,92.377319
3770,3,1,2025-09-06,Latvia,Lithuania,72.058517,87.498858
3770,4,1,2025-09-06,Finland,Serbia,95.23451,91.613831
3771,1,1,2025-09-06,Turkey,Sweden,92.221593,47.722866
3771,2,1,2025-09-06,Germany,Portugal,104.0879,62.993931
3771,3,1,2025-09-06,Latvia,Lithuania,107.61339,111.74852
3771,4,1,2025-09-06,Finland,Serbia,102.01629,108.27914
3772,1,1,2025-09-06,Turkey,Sweden,79.639161,60.928485
3772,2,1,2025-09-06,Germany,Portugal,128.00833,51.181115
3772,3,1,2025-09-06,Latvia,Lithuania,59.751098,69.227107
3772,4,1,2025-09-06,Finland,Serbia,87.615612,93.928415
3773,1,1,2025-09-06,Turkey,Sweden,89.317304,75.76768
3773,2,1,2025-09-06,Germany,Portugal,92.681712,63.613523
3773,3,1,2025-09-06,Latvia,Lithuania,83.427827,87.650699
3773,4,1,2025-09-06,Finland,Serbia,105.03699,62.433155
3774,1,1,2025-09-06,Turkey,Sweden,78.162636,66.935092
3774,2,1,2025-09-06,Germany,Portugal,108.5083,78.115056
3774,3,1,2025-09-06,Latvia,Lithuania,45.610333,73.838647
3774,4,1,2025-09-06,Finland,Serbia,78.503093,67.558575
3775,1,1,2025-09-06,Turkey,Sweden,88.644867,76.801161
3775,2,1,2025-09-06,Germany,Portugal,59.723999,45.602002
3775,3,1,2025-09-06,Latvia,Lithuania,105.15369,96.740679
3775,4,1,2025-09-06,Finland,Serbia,91.23047,92.081737
3776,1,1,2025-09-06,Turkey,Sweden,103.06577,81.592448
3776,2,1,2025-09-06,Germany,Portugal,95.434503,69.676239
3776,3,1,2025-09-06,Latvia,Lithuania,77.17843,79.788658
3776,4,1,2025-09-06,Finland,Serbia,85.926697,82.154839
3777,1,1,2025-09-06,Turkey,Sweden,105.47117,97.169198
3777,2,1,2025-09-06,Germany,Portugal,90.1779,61.72328
3777,3,1,2025-09-06,Latvia,Lithuania,104.87122,81.462627
3777,4,1,2025-09-06,Finland,Serbia,90.53971,111.94247
3778,1,1,2025-09-06,Turkey,Sweden,87.306288,83.884306
3778,2,1,2025-09-06,Germany,Portugal,81.45923,62.991659
3778,3,1,2025-09-06,Latvia,Lithuania,87.354255,79.725113
3778,4,1,2025-09-06,Finland,Serbia,80.64109,96.884406
3779,1,1,2025-09-06,Turkey,Sweden,81.381192,71.341504
3779,2,1,2025-09-06,Germany,Portugal,85.00862,78.443693
3779,3,1,2025-09-06,Latvia,Lithuania,79.85467,94.416917
3779,4,1,2025-09-06,Finland,Serbia,97.818849,100.6887
3780,1,1,2025-09-06,Turkey,Sweden,91.198547,81.043881
3780,2,1,2025-09-06,Germany,Portugal,99.18495,70.039828
3780,3,1,2025-09-06,Latvia,Lithuania,96.052256,103.49959
3780,4,1,2025-09-06,Finland,Serbia,79.664564,103.05054
3781,1,1,2025-09-06,Turkey,Sweden,71.126094,77.066543
3781,2,1,2025-09-06,Germany,Portugal,92.52152,55.57854
3781,3,1,2025-09-06,Latvia,Lithuania,82.474701,94.852674
3781,4,1,2025-09-06,Finland,Serbia,70.549563,87.391135
3782,1,1,2025-09-06,Turkey,Sweden,88.305264,60.587706
3782,2,1,2025-09-06,Germany,Portugal,88.083162,64.588036
3782,3,1,2025-09-06,Latvia,Lithuania,87.026969,81.195933
3782,4,1,2025-09-06,Finland,Serbia,70.423513,80.763911
3783,1,1,2025-09-06,Turkey,Sweden,105.70439,100.92051
3783,2,1,2025-09-06,Germany,Portugal,90.851663,54.206682
3783,3,1,2025-09-06,Latvia,Lithuania,93.452356,92.981818
3783,4,1,2025-09-06,Finland,Serbia,88.769851,85.44396
3784,1,1,2025-09-06,Turkey,Sweden,77.313988,40.88848
3784,2,1,2025-09-06,Germany,Portugal,93.980036,58.483694
3784,3,1,2025-09-06,Latvia,Lithuania,68.289596,58.724301
3784,4,1,2025-09-06,Finland,Serbia,75.660567,102.70203
3785,1,1,2025-09-06,Turkey,Sweden,105.46147,76.090656
3785,2,1,2025-09-06,Germany,Portugal,85.359859,70.969468
3785,3,1,2025-09-06,Latvia,Lithuania,92.993953,79.385512
3785,4,1,2025-09-06,Finland,Serbia,93.025401,108.60869
3786,1,1,2025-09-06,Turkey,Sweden,83.591513,82.280008
3786,2,1,2025-09-06,Germany,Portugal,83.772925,69.605569
3786,3,1,2025-09-06,Latvia,Lithuania,96.079871,92.766577
3786,4,1,2025-09-06,Finland,Serbia,125.52789,137.3026
3787,1,1,2025-09-06,Turkey,Sweden,114.57029,65.165804
3787,2,1,2025-09-06,Germany,Portugal,86.793432,48.460692
3787,3,1,2025-09-06,Latvia,Lithuania,99.398122,86.305458
3787,4,1,2025-09-06,Finland,Serbia,83.691037,90.959596
3788,1,1,2025-09-06,Turkey,Sweden,88.122078,68.14313
3788,2,1,2025-09-06,Germany,Portugal,82.872526,72.659311
3788,3,1,2025-09-06,Latvia,Lithuania,113.15332,93.541422
3788,4,1,2025-09-06,Finland,Serbia,101.8498,91.434379
3789,1,1,2025-09-06,Turkey,Sweden,86.253776,65.68558
3789,2,1,2025-09-06,Germany,Portugal,89.257144,62.663621
3789,3,1,2025-09-06,Latvia,Lithuania,92.152555,90.87506
3789,4,1,2025-09-06,Finland,Serbia,98.707303,116.15449
3790,1,1,2025-09-06,Turkey,Sweden,73.010142,97.132888
3790,2,1,2025-09-06,Germany,Portugal,97.933855,65.602984
3790,3,1,2025-09-06,Latvia,Lithuania,100.44654,80.041335
3790,4,1,2025-09-06,Finland,Serbia,95.017982,103.74221
3791,1,1,2025-09-06,Turkey,Sweden,71.349388,70.014814
3791,2,1,2025-09-06,Germany,Portugal,78.21723,57.405293
3791,3,1,2025-09-06,Latvia,Lithuania,85.052118,57.300126
3791,4,1,2025-09-06,Finland,Serbia,100.07988,97.360379
3792,1,1,2025-09-06,Turkey,Sweden,96.358494,87.613126
3792,2,1,2025-09-06,Germany,Portugal,106.8814,77.612189
3792,3,1,2025-09-06,Latvia,Lithuania,93.416895,67.09286
3792,4,1,2025-09-06,Finland,Serbia,94.365245,87.51159
3793,1,1,2025-09-06,Turkey,Sweden,86.597891,72.251297
3793,2,1,2025-09-06,Germany,Portugal,75.183067,58.241811
3793,3,1,2025-09-06,Latvia,Lithuania,99.86208,83.699038
3793,4,1,2025-09-06,Finland,Serbia,83.453218,88.896804
3794,1,1,2025-09-06,Turkey,Sweden,72.483252,71.296669
3794,2,1,2025-09-06,Germany,Portugal,81.018969,78.602354
3794,3,1,2025-09-06,Latvia,Lithuania,96.396402,86.562686
3794,4,1,2025-09-06,Finland,Serbia,100.63925,86.086899
3795,1,1,2025-09-06,Turkey,Sweden,85.391926,74.667372
3795,2,1,2025-09-06,Germany,Portugal,83.836185,61.899373
3795,3,1,2025-09-06,Latvia,Lithuania,90.867497,68.188988
3795,4,1,2025-09-06,Finland,Serbia,97.879905,95.729965000000007
3796,1,1,2025-09-06,Turkey,Sweden,80.537105,73.146251
3796,2,1,2025-09-06,Germany,Portugal,105.13391,63.245518
3796,3,1,2025-09-06,Latvia,Lithuania,88.920997,75.75763
3796,4,1,2025-09-06,Finland,Serbia,94.100467,92.048186
3797,1,1,2025-09-06,Turkey,Sweden,96.101056,75.627815
3797,2,1,2025-09-06,Germany,Portugal,88.461609,55.699544
3797,3,1,2025-09-06,Latvia,Lithuania,84.672621,80.051171
3797,4,1,2025-09-06,Finland,Serbia,87.845119,103.41508
3798,1,1,2025-09-06,Turkey,Sweden,95.054598,78.732946
3798,2,1,2025-09-06,Germany,Portugal,91.817294,60.974797
3798,3,1,2025-09-06,Latvia,Lithuania,95.43853,87.426783
3798,4,1,2025-09-06,Finland,Serbia,100.41502,111.56182
3799,1,1,2025-09-06,Turkey,Sweden,91.269185,93.37563
3799,2,1,2025-09-06,Germany,Portugal,95.813056,69.244348
3799,3,1,2025-09-06,Latvia,Lithuania,92.488677,75.596984
3799,4,1,2025-09-06,Finland,Serbia,92.229483,96.599737
3800,1,1,2025-09-06,Turkey,Sweden,89.253888,85.274158
3800,2,1,2025-09-06,Germany,Portugal,104.45798,68.278056
3800,3,1,2025-09-06,Latvia,Lithuania,98.174779,75.018365
3800,4,1,2025-09-06,Finland,Serbia,95.491939,78.155644
3801,1,1,2025-09-06,Turkey,Sweden,102.5807,82.214938
3801,2,1,2025-09-06,Germany,Portugal,86.57725,67.641179
3801,3,1,2025-09-06,Latvia,Lithuania,89.262048,88.693358
3801,4,1,2025-09-06,Finland,Serbia,80.794907,95.771993
3802,1,1,2025-09-06,Turkey,Sweden,82.718915,61.073389
3802,2,1,2025-09-06,Germany,Portugal,82.202101,62.505483
3802,3,1,2025-09-06,Latvia,Lithuania,85.767821,85.339768
3802,4,1,2025-09-06,Finland,Serbia,100.13314,94.585383
3803,1,1,2025-09-06,Turkey,Sweden,82.7744,69.903013
3803,2,1,2025-09-06,Germany,Portugal,80.446687,66.686479
3803,3,1,2025-09-06,Latvia,Lithuania,100.95185,93.729285
3803,4,1,2025-09-06,Finland,Serbia,95.759225,100.06823
3804,1,1,2025-09-06,Turkey,Sweden,87.2083,80.347467
3804,2,1,2025-09-06,Germany,Portugal,79.925373,63.831399
3804,3,1,2025-09-06,Latvia,Lithuania,81.558871,64.956423
3804,4,1,2025-09-06,Finland,Serbia,89.172779,82.979725
3805,1,1,2025-09-06,Turkey,Sweden,90.21189,84.848997
3805,2,1,2025-09-06,Germany,Portugal,99.074029,85.807261
3805,3,1,2025-09-06,Latvia,Lithuania,85.136694,102.66551
3805,4,1,2025-09-06,Finland,Serbia,102.46088,83.259747
3806,1,1,2025-09-06,Turkey,Sweden,89.955788,77.702104
3806,2,1,2025-09-06,Germany,Portugal,79.512406,70.078833
3806,3,1,2025-09-06,Latvia,Lithuania,83.892303,75.181809
3806,4,1,2025-09-06,Finland,Serbia,102.6899,91.462509
3807,1,1,2025-09-06,Turkey,Sweden,83.317013,81.71214
3807,2,1,2025-09-06,Germany,Portugal,95.01253,63.637172
3807,3,1,2025-09-06,Latvia,Lithuania,98.735813,73.965319
3807,4,1,2025-09-06,Finland,Serbia,92.238332,99.545266
3808,1,1,2025-09-06,Turkey,Sweden,113.91694,108.73849
3808,2,1,2025-09-06,Germany,Portugal,92.207536,47.731246
3808,3,1,2025-09-06,Latvia,Lithuania,105.5101,79.083874
3808,4,1,2025-09-06,Finland,Serbia,75.653603,56.713035
3809,1,1,2025-09-06,Turkey,Sweden,81.648779,73.53801
3809,2,1,2025-09-06,Germany,Portugal,87.435826,63.753624
3809,3,1,2025-09-06,Latvia,Lithuania,90.026261,77.700657
3809,4,1,2025-09-06,Finland,Serbia,99.024941,108.22907
3810,1,1,2025-09-06,Turkey,Sweden,95.076172,79.767984
3810,2,1,2025-09-06,Germany,Portugal,70.535486,66.779352
3810,3,1,2025-09-06,Latvia,Lithuania,115.33843,111.47088
3810,4,1,2025-09-06,Finland,Serbia,90.925848,96.558023
3811,1,1,2025-09-06,Turkey,Sweden,86.702674,74.583672000000007
3811,2,1,2025-09-06,Germany,Portugal,78.616238,66.534741
3811,3,1,2025-09-06,Latvia,Lithuania,97.019198,87.719267
3811,4,1,2025-09-06,Finland,Serbia,97.948009,115.21028
3812,1,1,2025-09-06,Turkey,Sweden,82.850611,76.737539
3812,2,1,2025-09-06,Germany,Portugal,95.212737,53.191274
3812,3,1,2025-09-06,Latvia,Lithuania,109.09054,73.028463
3812,4,1,2025-09-06,Finland,Serbia,82.928553,83.508272
3813,1,1,2025-09-06,Turkey,Sweden,82.473391,77.508749
3813,2,1,2025-09-06,Germany,Portugal,105.02789,72.265542
3813,3,1,2025-09-06,Latvia,Lithuania,79.093135,87.251311
3813,4,1,2025-09-06,Finland,Serbia,81.806031,78.133709
3814,1,1,2025-09-06,Turkey,Sweden,98.482928,86.816531
3814,2,1,2025-09-06,Germany,Portugal,88.368984,69.134174
3814,3,1,2025-09-06,Latvia,Lithuania,85.145626,93.086904
3814,4,1,2025-09-06,Finland,Serbia,77.922631,91.343678
3815,1,1,2025-09-06,Turkey,Sweden,87.829375,105.59148
3815,2,1,2025-09-06,Germany,Portugal,77.157896,62.066468
3815,3,1,2025-09-06,Latvia,Lithuania,96.258906,83.107715
3815,4,1,2025-09-06,Finland,Serbia,82.725222,93.963228
3816,1,1,2025-09-06,Turkey,Sweden,90.539041,62.497358
3816,2,1,2025-09-06,Germany,Portugal,82.348908,85.416296
3816,3,1,2025-09-06,Latvia,Lithuania,100.48092,102.80747
3816,4,1,2025-09-06,Finland,Serbia,89.597897,84.247136
3817,1,1,2025-09-06,Turkey,Sweden,75.809522,94.059464
3817,2,1,2025-09-06,Germany,Portugal,93.01503,68.620283
3817,3,1,2025-09-06,Latvia,Lithuania,82.736601,64.694645
3817,4,1,2025-09-06,Finland,Serbia,86.300977,104.24986
3818,1,1,2025-09-06,Turkey,Sweden,74.018306,75.001493
3818,2,1,2025-09-06,Germany,Portugal,75.356064,33.469576000000004
3818,3,1,2025-09-06,Latvia,Lithuania,84.806683,81.546746
3818,4,1,2025-09-06,Finland,Serbia,76.744831,104.66018
3819,1,1,2025-09-06,Turkey,Sweden,90.795302,77.039413
3819,2,1,2025-09-06,Germany,Portugal,106.70012,66.353586
3819,3,1,2025-09-06,Latvia,Lithuania,83.405155,79.382781
3819,4,1,2025-09-06,Finland,Serbia,96.170496,94.557897
3820,1,1,2025-09-06,Turkey,Sweden,97.773241,77.333585
3820,2,1,2025-09-06,Germany,Portugal,93.87003,53.574156
3820,3,1,2025-09-06,Latvia,Lithuania,94.810545,80.954643
3820,4,1,2025-09-06,Finland,Serbia,86.352861,82.682388
3821,1,1,2025-09-06,Turkey,Sweden,106.11582,79.567256
3821,2,1,2025-09-06,Germany,Portugal,71.06059,51.663326
3821,3,1,2025-09-06,Latvia,Lithuania,95.619189,72.882017
3821,4,1,2025-09-06,Finland,Serbia,101.62789,95.940649
3822,1,1,2025-09-06,Turkey,Sweden,87.229798,67.129316
3822,2,1,2025-09-06,Germany,Portugal,78.876245,62.246293
3822,3,1,2025-09-06,Latvia,Lithuania,94.424296,73.578354
3822,4,1,2025-09-06,Finland,Serbia,87.979428,107.36641
3823,1,1,2025-09-06,Turkey,Sweden,73.818418,57.457589
3823,2,1,2025-09-06,Germany,Portugal,106.54032,63.183635
3823,3,1,2025-09-06,Latvia,Lithuania,75.860738,64.967145
3823,4,1,2025-09-06,Finland,Serbia,91.18854,96.39339
3824,1,1,2025-09-06,Turkey,Sweden,75.783772,92.2095
3824,2,1,2025-09-06,Germany,Portugal,79.481473,59.665481
3824,3,1,2025-09-06,Latvia,Lithuania,79.959353,70.024107
3824,4,1,2025-09-06,Finland,Serbia,99.567707,97.430624
3825,1,1,2025-09-06,Turkey,Sweden,82.867922,81.995939
3825,2,1,2025-09-06,Germany,Portugal,73.720563,75.299666
3825,3,1,2025-09-06,Latvia,Lithuania,89.790265,78.670543
3825,4,1,2025-09-06,Finland,Serbia,102.46355,86.854953
3826,1,1,2025-09-06,Turkey,Sweden,59.215716,58.908954
3826,2,1,2025-09-06,Germany,Portugal,82.935245,68.695099
3826,3,1,2025-09-06,Latvia,Lithuania,103.48805,84.439142
3826,4,1,2025-09-06,Finland,Serbia,71.581859,98.035218
3827,1,1,2025-09-06,Turkey,Sweden,72.611297,82.53585
3827,2,1,2025-09-06,Germany,Portugal,109.91952,69.428573
3827,3,1,2025-09-06,Latvia,Lithuania,78.476333,93.739759
3827,4,1,2025-09-06,Finland,Serbia,106.55783,95.963545
3828,1,1,2025-09-06,Turkey,Sweden,80.482696,82.200348
3828,2,1,2025-09-06,Germany,Portugal,83.275339,55.578839
3828,3,1,2025-09-06,Latvia,Lithuania,100.55862,86.465582
3828,4,1,2025-09-06,Finland,Serbia,94.818129,106.1022
3829,1,1,2025-09-06,Turkey,Sweden,89.79042,61.498182
3829,2,1,2025-09-06,Germany,Portugal,95.191154,55.926677
3829,3,1,2025-09-06,Latvia,Lithuania,79.124516,88.652225
3829,4,1,2025-09-06,Finland,Serbia,86.254851,84.771171
3830,1,1,2025-09-06,Turkey,Sweden,103.23369,79.432769
3830,2,1,2025-09-06,Germany,Portugal,80.161175,52.964313
3830,3,1,2025-09-06,Latvia,Lithuania,64.735644,81.757082
3830,4,1,2025-09-06,Finland,Serbia,99.74387,96.281443
3831,1,1,2025-09-06,Turkey,Sweden,100.35894,91.831574
3831,2,1,2025-09-06,Germany,Portugal,101.09413,71.563677
3831,3,1,2025-09-06,Latvia,Lithuania,59.853876,72.935069
3831,4,1,2025-09-06,Finland,Serbia,88.944856,99.093572
3832,1,1,2025-09-06,Turkey,Sweden,84.587296,69.126749
3832,2,1,2025-09-06,Germany,Portugal,79.984231,74.837224
3832,3,1,2025-09-06,Latvia,Lithuania,93.091677,79.066791
3832,4,1,2025-09-06,Finland,Serbia,92.416432,87.90603
3833,1,1,2025-09-06,Turkey,Sweden,81.03358,74.141913
3833,2,1,2025-09-06,Germany,Portugal,85.798907,58.044692
3833,3,1,2025-09-06,Latvia,Lithuania,105.34549,84.673832
3833,4,1,2025-09-06,Finland,Serbia,91.695908,101.66378
3834,1,1,2025-09-06,Turkey,Sweden,92.971766,81.434008
3834,2,1,2025-09-06,Germany,Portugal,86.404805,74.026752
3834,3,1,2025-09-06,Latvia,Lithuania,76.746343,64.163821
3834,4,1,2025-09-06,Finland,Serbia,110.25314,85.099277
3835,1,1,2025-09-06,Turkey,Sweden,87.361544,90.511817
3835,2,1,2025-09-06,Germany,Portugal,88.533795,68.110669
3835,3,1,2025-09-06,Latvia,Lithuania,87.799653,82.205107
3835,4,1,2025-09-06,Finland,Serbia,89.376127,109.69895
3836,1,1,2025-09-06,Turkey,Sweden,81.343674,88.604914
3836,2,1,2025-09-06,Germany,Portugal,104.23234,47.760842
3836,3,1,2025-09-06,Latvia,Lithuania,95.815553,73.795526
3836,4,1,2025-09-06,Finland,Serbia,101.6331,85.577879
3837,1,1,2025-09-06,Turkey,Sweden,87.896704,79.827006
3837,2,1,2025-09-06,Germany,Portugal,87.15225,46.72736
3837,3,1,2025-09-06,Latvia,Lithuania,61.781922,103.63399
3837,4,1,2025-09-06,Finland,Serbia,88.39268,86.120675
3838,1,1,2025-09-06,Turkey,Sweden,95.52938,76.915695
3838,2,1,2025-09-06,Germany,Portugal,91.405862,69.917239
3838,3,1,2025-09-06,Latvia,Lithuania,74.197235,64.747219
3838,4,1,2025-09-06,Finland,Serbia,101.75547,96.87518
3839,1,1,2025-09-06,Turkey,Sweden,106.55791,84.768223
3839,2,1,2025-09-06,Germany,Portugal,94.602129,66.298919
3839,3,1,2025-09-06,Latvia,Lithuania,92.515691,75.403145
3839,4,1,2025-09-06,Finland,Serbia,105.13663,112.69715
3840,1,1,2025-09-06,Turkey,Sweden,77.850215,91.961819
3840,2,1,2025-09-06,Germany,Portugal,116.31779,91.118942
3840,3,1,2025-09-06,Latvia,Lithuania,83.856707,91.294677
3840,4,1,2025-09-06,Finland,Serbia,102.59917,108.88574
3841,1,1,2025-09-06,Turkey,Sweden,71.512466,73.189314
3841,2,1,2025-09-06,Germany,Portugal,77.229959,60.125094
3841,3,1,2025-09-06,Latvia,Lithuania,60.825475,87.883591
3841,4,1,2025-09-06,Finland,Serbia,90.134043,86.359153
3842,1,1,2025-09-06,Turkey,Sweden,93.663377,78.685787
3842,2,1,2025-09-06,Germany,Portugal,83.300564,59.228653
3842,3,1,2025-09-06,Latvia,Lithuania,73.852586,73.705538
3842,4,1,2025-09-06,Finland,Serbia,81.497947,84.839679
3843,1,1,2025-09-06,Turkey,Sweden,76.800566,80.422966
3843,2,1,2025-09-06,Germany,Portugal,92.491767,77.07122
3843,3,1,2025-09-06,Latvia,Lithuania,95.535234,78.833619
3843,4,1,2025-09-06,Finland,Serbia,87.918553,78.340399
3844,1,1,2025-09-06,Turkey,Sweden,90.482781,78.985683
3844,2,1,2025-09-06,Germany,Portugal,103.94309,55.919129
3844,3,1,2025-09-06,Latvia,Lithuania,84.82741,67.024224
3844,4,1,2025-09-06,Finland,Serbia,85.725739,102.12807
3845,1,1,2025-09-06,Turkey,Sweden,80.256482,82.56641
3845,2,1,2025-09-06,Germany,Portugal,98.741604,64.333202
3845,3,1,2025-09-06,Latvia,Lithuania,92.816367,108.24711
3845,4,1,2025-09-06,Finland,Serbia,83.119754,108.67433
3846,1,1,2025-09-06,Turkey,Sweden,69.779514,57.625783
3846,2,1,2025-09-06,Germany,Portugal,82.519396,61.875042
3846,3,1,2025-09-06,Latvia,Lithuania,87.028704,73.211072
3846,4,1,2025-09-06,Finland,Serbia,87.664377,80.939607
3847,1,1,2025-09-06,Turkey,Sweden,92.39054,81.976891
3847,2,1,2025-09-06,Germany,Portugal,92.27644,69.030406
3847,3,1,2025-09-06,Latvia,Lithuania,84.799367,90.389852
3847,4,1,2025-09-06,Finland,Serbia,88.078898,76.383484
3848,1,1,2025-09-06,Turkey,Sweden,98.448663,79.776686
3848,2,1,2025-09-06,Germany,Portugal,76.33519,51.57978
3848,3,1,2025-09-06,Latvia,Lithuania,107.32129,81.068168
3848,4,1,2025-09-06,Finland,Serbia,90.42607,74.874912
3849,1,1,2025-09-06,Turkey,Sweden,86.016522,76.743309
3849,2,1,2025-09-06,Germany,Portugal,87.969069,58.174382
3849,3,1,2025-09-06,Latvia,Lithuania,67.171531,74.73686
3849,4,1,2025-09-06,Finland,Serbia,80.251471,104.87701
3850,1,1,2025-09-06,Turkey,Sweden,91.617803,77.64506
3850,2,1,2025-09-06,Germany,Portugal,88.614069,70.339103
3850,3,1,2025-09-06,Latvia,Lithuania,69.823285,78.866043
3850,4,1,2025-09-06,Finland,Serbia,75.251665,88.043996
3851,1,1,2025-09-06,Turkey,Sweden,83.749429,79.186557
3851,2,1,2025-09-06,Germany,Portugal,90.130957,65.867449
3851,3,1,2025-09-06,Latvia,Lithuania,88.798232,82.840057
3851,4,1,2025-09-06,Finland,Serbia,89.241133,106.25669
3852,1,1,2025-09-06,Turkey,Sweden,80.582267,87.162422
3852,2,1,2025-09-06,Germany,Portugal,89.379219,66.964754
3852,3,1,2025-09-06,Latvia,Lithuania,110.30709,89.614794
3852,4,1,2025-09-06,Finland,Serbia,91.593879,93.512243
3853,1,1,2025-09-06,Turkey,Sweden,80.249742,75.185632
3853,2,1,2025-09-06,Germany,Portugal,88.884208,64.902975
3853,3,1,2025-09-06,Latvia,Lithuania,84.312513,75.278401
3853,4,1,2025-09-06,Finland,Serbia,97.667462,128.0901
3854,1,1,2025-09-06,Turkey,Sweden,84.207223,73.739154
3854,2,1,2025-09-06,Germany,Portugal,71.917914,80.524906
3854,3,1,2025-09-06,Latvia,Lithuania,109.32276,87.408838
3854,4,1,2025-09-06,Finland,Serbia,61.883545,76.958123
3855,1,1,2025-09-06,Turkey,Sweden,75.503391,78.595626
3855,2,1,2025-09-06,Germany,Portugal,92.676773,58.314555
3855,3,1,2025-09-06,Latvia,Lithuania,63.681648,78.443565
3855,4,1,2025-09-06,Finland,Serbia,109.28067,104.1517
3856,1,1,2025-09-06,Turkey,Sweden,79.695869,73.777268
3856,2,1,2025-09-06,Germany,Portugal,88.402747,81.989621
3856,3,1,2025-09-06,Latvia,Lithuania,75.436132,77.067047
3856,4,1,2025-09-06,Finland,Serbia,99.543314,85.498934
3857,1,1,2025-09-06,Turkey,Sweden,99.457545,81.107728
3857,2,1,2025-09-06,Germany,Portugal,73.74207,47.507109
3857,3,1,2025-09-06,Latvia,Lithuania,89.636198,94.22133
3857,4,1,2025-09-06,Finland,Serbia,84.346694,97.508461
3858,1,1,2025-09-06,Turkey,Sweden,80.697917,72.469684
3858,2,1,2025-09-06,Germany,Portugal,93.077549,67.061702
3858,3,1,2025-09-06,Latvia,Lithuania,90.085007,101.33297
3858,4,1,2025-09-06,Finland,Serbia,68.489509,88.778284
3859,1,1,2025-09-06,Turkey,Sweden,83.925713,80.866502
3859,2,1,2025-09-06,Germany,Portugal,95.23493,78.951493
3859,3,1,2025-09-06,Latvia,Lithuania,79.382668,72.046767
3859,4,1,2025-09-06,Finland,Serbia,97.606721,100.47152
3860,1,1,2025-09-06,Turkey,Sweden,81.304306,94.037477
3860,2,1,2025-09-06,Germany,Portugal,94.768014,61.256213
3860,3,1,2025-09-06,Latvia,Lithuania,66.349542,85.440382
3860,4,1,2025-09-06,Finland,Serbia,90.507093,91.782602
3861,1,1,2025-09-06,Turkey,Sweden,82.587198,72.138594
3861,2,1,2025-09-06,Germany,Portugal,107.50268,61.173096
3861,3,1,2025-09-06,Latvia,Lithuania,67.111068,73.036272
3861,4,1,2025-09-06,Finland,Serbia,98.920249,99.581722
3862,1,1,2025-09-06,Turkey,Sweden,74.789608,64.135762
3862,2,1,2025-09-06,Germany,Portugal,85.21856,60.179672
3862,3,1,2025-09-06,Latvia,Lithuania,87.274644,92.734304
3862,4,1,2025-09-06,Finland,Serbia,77.821629,87.935785
3863,1,1,2025-09-06,Turkey,Sweden,77.53098,44.960757
3863,2,1,2025-09-06,Germany,Portugal,73.066545,71.40823
3863,3,1,2025-09-06,Latvia,Lithuania,99.553851,82.22736
3863,4,1,2025-09-06,Finland,Serbia,104.79253,101.08046
3864,1,1,2025-09-06,Turkey,Sweden,86.449826,81.809883
3864,2,1,2025-09-06,Germany,Portugal,102.93941,61.601621
3864,3,1,2025-09-06,Latvia,Lithuania,71.52013,104.20809
3864,4,1,2025-09-06,Finland,Serbia,94.671649,87.832889
3865,1,1,2025-09-06,Turkey,Sweden,104.47295,73.829937
3865,2,1,2025-09-06,Germany,Portugal,90.8303,60.500374
3865,3,1,2025-09-06,Latvia,Lithuania,103.60483,81.832408
3865,4,1,2025-09-06,Finland,Serbia,77.340646,112.97831
3866,1,1,2025-09-06,Turkey,Sweden,87.242151,58.701742
3866,2,1,2025-09-06,Germany,Portugal,87.663738,55.429629
3866,3,1,2025-09-06,Latvia,Lithuania,82.542468,69.509048
3866,4,1,2025-09-06,Finland,Serbia,101.74116,103.55721
3867,1,1,2025-09-06,Turkey,Sweden,72.314152000000007,74.239277
3867,2,1,2025-09-06,Germany,Portugal,96.249707,77.520049
3867,3,1,2025-09-06,Latvia,Lithuania,95.242175,81.254836
3867,4,1,2025-09-06,Finland,Serbia,78.507595,89.205093
3868,1,1,2025-09-06,Turkey,Sweden,78.759589,70.898565
3868,2,1,2025-09-06,Germany,Portugal,85.616772,56.370051
3868,3,1,2025-09-06,Latvia,Lithuania,81.628412,96.732461
3868,4,1,2025-09-06,Finland,Serbia,74.89426,95.72241
3869,1,1,2025-09-06,Turkey,Sweden,96.687508,66.451115
3869,2,1,2025-09-06,Germany,Portugal,110.11836,55.891479
3869,3,1,2025-09-06,Latvia,Lithuania,93.120384,68.504564
3869,4,1,2025-09-06,Finland,Serbia,103.18343,94.836527
3870,1,1,2025-09-06,Turkey,Sweden,103.28923,81.798298
3870,2,1,2025-09-06,Germany,Portugal,88.240243,61.084845
3870,3,1,2025-09-06,Latvia,Lithuania,87.389802,77.783689
3870,4,1,2025-09-06,Finland,Serbia,85.415577,117.03925
3871,1,1,2025-09-06,Turkey,Sweden,81.082162,54.715063
3871,2,1,2025-09-06,Germany,Portugal,97.804541,75.061695
3871,3,1,2025-09-06,Latvia,Lithuania,82.219594,89.25902
3871,4,1,2025-09-06,Finland,Serbia,105.75815,101.07836
3872,1,1,2025-09-06,Turkey,Sweden,77.530945,64.251644
3872,2,1,2025-09-06,Germany,Portugal,78.592324,54.92479
3872,3,1,2025-09-06,Latvia,Lithuania,92.431443,86.131167
3872,4,1,2025-09-06,Finland,Serbia,93.839067,90.344961
3873,1,1,2025-09-06,Turkey,Sweden,106.15329,67.830618
3873,2,1,2025-09-06,Germany,Portugal,97.826732,59.935073
3873,3,1,2025-09-06,Latvia,Lithuania,83.653963,106.61424
3873,4,1,2025-09-06,Finland,Serbia,81.994583,105.78345
3874,1,1,2025-09-06,Turkey,Sweden,95.989824,72.005506
3874,2,1,2025-09-06,Germany,Portugal,87.159354,68.550798
3874,3,1,2025-09-06,Latvia,Lithuania,96.61828,89.902883
3874,4,1,2025-09-06,Finland,Serbia,91.902009,102.71815
3875,1,1,2025-09-06,Turkey,Sweden,79.727412,64.229918
3875,2,1,2025-09-06,Germany,Portugal,94.944272,86.900094
3875,3,1,2025-09-06,Latvia,Lithuania,87.635073,91.713234
3875,4,1,2025-09-06,Finland,Serbia,71.623471,101.00004
3876,1,1,2025-09-06,Turkey,Sweden,72.547482,80.860803
3876,2,1,2025-09-06,Germany,Portugal,78.640867,58.849013
3876,3,1,2025-09-06,Latvia,Lithuania,100.72065,92.110753
3876,4,1,2025-09-06,Finland,Serbia,83.083844,96.376457
3877,1,1,2025-09-06,Turkey,Sweden,89.639048,91.185932
3877,2,1,2025-09-06,Germany,Portugal,99.32251,85.677093
3877,3,1,2025-09-06,Latvia,Lithuania,106.9074,75.661426
3877,4,1,2025-09-06,Finland,Serbia,90.592641,120.05266
3878,1,1,2025-09-06,Turkey,Sweden,78.549473,66.509685
3878,2,1,2025-09-06,Germany,Portugal,116.62771,75.701042
3878,3,1,2025-09-06,Latvia,Lithuania,97.239157,89.471218
3878,4,1,2025-09-06,Finland,Serbia,84.812591,94.603734
3879,1,1,2025-09-06,Turkey,Sweden,109.68556,74.526095
3879,2,1,2025-09-06,Germany,Portugal,84.807601,64.917941
3879,3,1,2025-09-06,Latvia,Lithuania,80.969857,89.876011
3879,4,1,2025-09-06,Finland,Serbia,98.798196,85.996461
3880,1,1,2025-09-06,Turkey,Sweden,98.672765,92.465179
3880,2,1,2025-09-06,Germany,Portugal,75.920039,62.58191
3880,3,1,2025-09-06,Latvia,Lithuania,96.260245,95.202864
3880,4,1,2025-09-06,Finland,Serbia,91.661275,109.09936
3881,1,1,2025-09-06,Turkey,Sweden,67.089892,77.021884
3881,2,1,2025-09-06,Germany,Portugal,89.773216,53.593118
3881,3,1,2025-09-06,Latvia,Lithuania,85.997876,76.922343
3881,4,1,2025-09-06,Finland,Serbia,92.777473,100.05442
3882,1,1,2025-09-06,Turkey,Sweden,104.61962,83.726649
3882,2,1,2025-09-06,Germany,Portugal,87.648724,70.218508
3882,3,1,2025-09-06,Latvia,Lithuania,71.642086,76.203769
3882,4,1,2025-09-06,Finland,Serbia,89.884641,97.566822
3883,1,1,2025-09-06,Turkey,Sweden,105.32907,83.61428
3883,2,1,2025-09-06,Germany,Portugal,73.631213,50.361517
3883,3,1,2025-09-06,Latvia,Lithuania,87.877123,87.465834
3883,4,1,2025-09-06,Finland,Serbia,98.307717,118.58265
3884,1,1,2025-09-06,Turkey,Sweden,98.860083,72.56303
3884,2,1,2025-09-06,Germany,Portugal,77.377157,53.467832
3884,3,1,2025-09-06,Latvia,Lithuania,67.175547,74.012096
3884,4,1,2025-09-06,Finland,Serbia,63.676362,78.199026
3885,1,1,2025-09-06,Turkey,Sweden,77.415975,71.217382
3885,2,1,2025-09-06,Germany,Portugal,105.47577,59.066865
3885,3,1,2025-09-06,Latvia,Lithuania,70.887522,67.214056
3885,4,1,2025-09-06,Finland,Serbia,93.025046,100.78568
3886,1,1,2025-09-06,Turkey,Sweden,98.054389,80.188605
3886,2,1,2025-09-06,Germany,Portugal,93.534393,49.968687
3886,3,1,2025-09-06,Latvia,Lithuania,107.54068,89.50607
3886,4,1,2025-09-06,Finland,Serbia,85.839077,92.557743
3887,1,1,2025-09-06,Turkey,Sweden,79.559984,78.54793
3887,2,1,2025-09-06,Germany,Portugal,86.08498,50.869733
3887,3,1,2025-09-06,Latvia,Lithuania,87.729376,78.765915
3887,4,1,2025-09-06,Finland,Serbia,81.271996,113.93452
3888,1,1,2025-09-06,Turkey,Sweden,92.094332,74.882751
3888,2,1,2025-09-06,Germany,Portugal,102.28514,51.266698
3888,3,1,2025-09-06,Latvia,Lithuania,72.37882,75.235394
3888,4,1,2025-09-06,Finland,Serbia,80.8856,103.87078
3889,1,1,2025-09-06,Turkey,Sweden,73.483055,86.151165
3889,2,1,2025-09-06,Germany,Portugal,113.65876,55.714699
3889,3,1,2025-09-06,Latvia,Lithuania,75.880199,95.332832
3889,4,1,2025-09-06,Finland,Serbia,91.310431,106.61888
3890,1,1,2025-09-06,Turkey,Sweden,65.078106,70.123187
3890,2,1,2025-09-06,Germany,Portugal,91.368944,47.206458
3890,3,1,2025-09-06,Latvia,Lithuania,82.947599,90.124935
3890,4,1,2025-09-06,Finland,Serbia,85.755997,97.01068
3891,1,1,2025-09-06,Turkey,Sweden,89.855389,87.729999
3891,2,1,2025-09-06,Germany,Portugal,93.004373,57.570788
3891,3,1,2025-09-06,Latvia,Lithuania,91.319198,84.124386
3891,4,1,2025-09-06,Finland,Serbia,89.57258,85.570188
3892,1,1,2025-09-06,Turkey,Sweden,83.897269,77.445766
3892,2,1,2025-09-06,Germany,Portugal,119.53068,67.538324
3892,3,1,2025-09-06,Latvia,Lithuania,87.369665,69.46738
3892,4,1,2025-09-06,Finland,Serbia,81.257549,93.842865
3893,1,1,2025-09-06,Turkey,Sweden,83.598595,59.747305
3893,2,1,2025-09-06,Germany,Portugal,99.321791,64.55121
3893,3,1,2025-09-06,Latvia,Lithuania,78.389282,101.01492
3893,4,1,2025-09-06,Finland,Serbia,83.634489,73.800291
3894,1,1,2025-09-06,Turkey,Sweden,70.47717,62.395192
3894,2,1,2025-09-06,Germany,Portugal,73.438026,75.502971
3894,3,1,2025-09-06,Latvia,Lithuania,87.267394,98.639639
3894,4,1,2025-09-06,Finland,Serbia,111.34774,101.32801
3895,1,1,2025-09-06,Turkey,Sweden,104.97155,80.77334
3895,2,1,2025-09-06,Germany,Portugal,96.925607,77.714067
3895,3,1,2025-09-06,Latvia,Lithuania,89.903977,69.630124
3895,4,1,2025-09-06,Finland,Serbia,88.699246,75.45124
3896,1,1,2025-09-06,Turkey,Sweden,81.735832,81.453453
3896,2,1,2025-09-06,Germany,Portugal,88.641522,72.057333
3896,3,1,2025-09-06,Latvia,Lithuania,88.017129,64.093324
3896,4,1,2025-09-06,Finland,Serbia,86.182214,107.04452
3897,1,1,2025-09-06,Turkey,Sweden,92.605291,83.118272
3897,2,1,2025-09-06,Germany,Portugal,99.654158,61.102603
3897,3,1,2025-09-06,Latvia,Lithuania,87.637283,82.392628
3897,4,1,2025-09-06,Finland,Serbia,87.455168,88.763162
3898,1,1,2025-09-06,Turkey,Sweden,93.535782,74.385717
3898,2,1,2025-09-06,Germany,Portugal,82.477609,73.954838
3898,3,1,2025-09-06,Latvia,Lithuania,67.358942,90.632395
3898,4,1,2025-09-06,Finland,Serbia,100.38762,104.81146
3899,1,1,2025-09-06,Turkey,Sweden,82.991852,62.339643
3899,2,1,2025-09-06,Germany,Portugal,104.93827,83.344985
3899,3,1,2025-09-06,Latvia,Lithuania,81.438617,92.840862
3899,4,1,2025-09-06,Finland,Serbia,99.351516,102.14967
3900,1,1,2025-09-06,Turkey,Sweden,82.59716,76.840657
3900,2,1,2025-09-06,Germany,Portugal,98.604495,54.083234
3900,3,1,2025-09-06,Latvia,Lithuania,91.460301,75.681421
3900,4,1,2025-09-06,Finland,Serbia,88.109983,101.26139
3901,1,1,2025-09-06,Turkey,Sweden,64.164845,70.488619
3901,2,1,2025-09-06,Germany,Portugal,90.76019,64.370762
3901,3,1,2025-09-06,Latvia,Lithuania,92.284817,77.962087
3901,4,1,2025-09-06,Finland,Serbia,83.734115,102.54823
3902,1,1,2025-09-06,Turkey,Sweden,77.337144,85.56973
3902,2,1,2025-09-06,Germany,Portugal,86.083515,60.366625
3902,3,1,2025-09-06,Latvia,Lithuania,76.421007,69.474331
3902,4,1,2025-09-06,Finland,Serbia,77.080806,103.59894
3903,1,1,2025-09-06,Turkey,Sweden,76.075734,63.294506
3903,2,1,2025-09-06,Germany,Portugal,98.571106,64.899758
3903,3,1,2025-09-06,Latvia,Lithuania,94.948133,98.168465
3903,4,1,2025-09-06,Finland,Serbia,79.62515,75.987522
3904,1,1,2025-09-06,Turkey,Sweden,81.30073,80.748844
3904,2,1,2025-09-06,Germany,Portugal,73.985364,69.096132
3904,3,1,2025-09-06,Latvia,Lithuania,78.515071,90.005241
3904,4,1,2025-09-06,Finland,Serbia,88.303938,86.116987
3905,1,1,2025-09-06,Turkey,Sweden,98.424421,77.26632
3905,2,1,2025-09-06,Germany,Portugal,94.773165,52.259267
3905,3,1,2025-09-06,Latvia,Lithuania,94.323242,95.647954
3905,4,1,2025-09-06,Finland,Serbia,86.900974,99.004803
3906,1,1,2025-09-06,Turkey,Sweden,95.239335,86.508172
3906,2,1,2025-09-06,Germany,Portugal,94.322815,71.05678
3906,3,1,2025-09-06,Latvia,Lithuania,75.388899,76.526542
3906,4,1,2025-09-06,Finland,Serbia,107.45845,122.64915
3907,1,1,2025-09-06,Turkey,Sweden,94.497433,75.830443
3907,2,1,2025-09-06,Germany,Portugal,97.274476,66.211737
3907,3,1,2025-09-06,Latvia,Lithuania,64.638944,65.528205
3907,4,1,2025-09-06,Finland,Serbia,101.24803,98.190339
3908,1,1,2025-09-06,Turkey,Sweden,80.780397,66.399152
3908,2,1,2025-09-06,Germany,Portugal,78.340171,62.549155
3908,3,1,2025-09-06,Latvia,Lithuania,73.211063,84.069611
3908,4,1,2025-09-06,Finland,Serbia,96.459809,88.643547
3909,1,1,2025-09-06,Turkey,Sweden,92.028518,73.298874
3909,2,1,2025-09-06,Germany,Portugal,95.803585,65.905828
3909,3,1,2025-09-06,Latvia,Lithuania,77.736298,86.251842
3909,4,1,2025-09-06,Finland,Serbia,94.043977,81.586144
3910,1,1,2025-09-06,Turkey,Sweden,84.503297,80.412542
3910,2,1,2025-09-06,Germany,Portugal,73.826545,58.245065
3910,3,1,2025-09-06,Latvia,Lithuania,83.001474,72.083931
3910,4,1,2025-09-06,Finland,Serbia,72.133126,77.58877
3911,1,1,2025-09-06,Turkey,Sweden,76.467457,67.397102
3911,2,1,2025-09-06,Germany,Portugal,77.89323,70.66707
3911,3,1,2025-09-06,Latvia,Lithuania,94.783677,90.364318
3911,4,1,2025-09-06,Finland,Serbia,116.67186,110.71375
3912,1,1,2025-09-06,Turkey,Sweden,99.680516,80.931802
3912,2,1,2025-09-06,Germany,Portugal,100.19715,79.867869
3912,3,1,2025-09-06,Latvia,Lithuania,97.706022,79.989443
3912,4,1,2025-09-06,Finland,Serbia,84.469855,111.45128
3913,1,1,2025-09-06,Turkey,Sweden,113.25997,82.454292
3913,2,1,2025-09-06,Germany,Portugal,86.220661,70.044882
3913,3,1,2025-09-06,Latvia,Lithuania,90.319508,104.43794
3913,4,1,2025-09-06,Finland,Serbia,91.142377,97.074102
3914,1,1,2025-09-06,Turkey,Sweden,81.12832,84.733751
3914,2,1,2025-09-06,Germany,Portugal,97.815627,66.696028
3914,3,1,2025-09-06,Latvia,Lithuania,86.392183,73.635792
3914,4,1,2025-09-06,Finland,Serbia,113.98788,79.860079
3915,1,1,2025-09-06,Turkey,Sweden,71.035606,72.506918
3915,2,1,2025-09-06,Germany,Portugal,62.447047,60.746107
3915,3,1,2025-09-06,Latvia,Lithuania,88.390718,97.664775
3915,4,1,2025-09-06,Finland,Serbia,78.086494,102.24379
3916,1,1,2025-09-06,Turkey,Sweden,82.936925,65.581743
3916,2,1,2025-09-06,Germany,Portugal,72.096909,51.797422
3916,3,1,2025-09-06,Latvia,Lithuania,99.114225,87.831469
3916,4,1,2025-09-06,Finland,Serbia,94.026564,99.493399
3917,1,1,2025-09-06,Turkey,Sweden,87.693826,78.830187
3917,2,1,2025-09-06,Germany,Portugal,77.783131,63.32084
3917,3,1,2025-09-06,Latvia,Lithuania,92.400964,83.50126
3917,4,1,2025-09-06,Finland,Serbia,89.832509,82.938546
3918,1,1,2025-09-06,Turkey,Sweden,94.798759,72.4904
3918,2,1,2025-09-06,Germany,Portugal,83.040317,49.023235
3918,3,1,2025-09-06,Latvia,Lithuania,94.058423,88.624906
3918,4,1,2025-09-06,Finland,Serbia,85.437345,95.176543
3919,1,1,2025-09-06,Turkey,Sweden,100.1041,87.662161
3919,2,1,2025-09-06,Germany,Portugal,95.16987,77.549831
3919,3,1,2025-09-06,Latvia,Lithuania,90.923398,73.61486
3919,4,1,2025-09-06,Finland,Serbia,96.990886,99.894399
3920,1,1,2025-09-06,Turkey,Sweden,86.551031,70.479248
3920,2,1,2025-09-06,Germany,Portugal,65.386502,49.005073
3920,3,1,2025-09-06,Latvia,Lithuania,85.866497,72.76176
3920,4,1,2025-09-06,Finland,Serbia,90.458203,93.489129
3921,1,1,2025-09-06,Turkey,Sweden,84.135738,87.257745
3921,2,1,2025-09-06,Germany,Portugal,77.462719,63.826521
3921,3,1,2025-09-06,Latvia,Lithuania,96.082409,72.901928
3921,4,1,2025-09-06,Finland,Serbia,76.856662,99.478716
3922,1,1,2025-09-06,Turkey,Sweden,88.440183,82.009737
3922,2,1,2025-09-06,Germany,Portugal,92.062957,66.304964
3922,3,1,2025-09-06,Latvia,Lithuania,88.138993,77.092784
3922,4,1,2025-09-06,Finland,Serbia,58.208432,85.650343
3923,1,1,2025-09-06,Turkey,Sweden,88.14437,94.130868
3923,2,1,2025-09-06,Germany,Portugal,97.358334,46.811809
3923,3,1,2025-09-06,Latvia,Lithuania,91.864495,90.913111
3923,4,1,2025-09-06,Finland,Serbia,81.008166,91.586035
3924,1,1,2025-09-06,Turkey,Sweden,93.927464,73.647877
3924,2,1,2025-09-06,Germany,Portugal,85.577334,60.89129
3924,3,1,2025-09-06,Latvia,Lithuania,90.161274,79.841712
3924,4,1,2025-09-06,Finland,Serbia,85.4369,92.757092
3925,1,1,2025-09-06,Turkey,Sweden,84.622832,79.74941
3925,2,1,2025-09-06,Germany,Portugal,90.180252,96.313709
3925,3,1,2025-09-06,Latvia,Lithuania,79.972724,70.30189
3925,4,1,2025-09-06,Finland,Serbia,83.766005,76.397648
3926,1,1,2025-09-06,Turkey,Sweden,93.814315,81.363434
3926,2,1,2025-09-06,Germany,Portugal,105.95231,77.111071
3926,3,1,2025-09-06,Latvia,Lithuania,81.670124,81.7837
3926,4,1,2025-09-06,Finland,Serbia,103.13546,100.7268
3927,1,1,2025-09-06,Turkey,Sweden,96.482074,74.495847
3927,2,1,2025-09-06,Germany,Portugal,86.196943,58.089106
3927,3,1,2025-09-06,Latvia,Lithuania,78.003308,70.722755
3927,4,1,2025-09-06,Finland,Serbia,106.90325,88.015668
3928,1,1,2025-09-06,Turkey,Sweden,79.413228,67.406722
3928,2,1,2025-09-06,Germany,Portugal,92.510112,77.664238
3928,3,1,2025-09-06,Latvia,Lithuania,96.679253,80.42367
3928,4,1,2025-09-06,Finland,Serbia,85.237481,102.47175
3929,1,1,2025-09-06,Turkey,Sweden,90.865587,84.294392
3929,2,1,2025-09-06,Germany,Portugal,94.20973,79.106094
3929,3,1,2025-09-06,Latvia,Lithuania,114.10684,89.689256
3929,4,1,2025-09-06,Finland,Serbia,76.177292,79.574281
3930,1,1,2025-09-06,Turkey,Sweden,79.563945,60.223379
3930,2,1,2025-09-06,Germany,Portugal,60.742833,65.423106
3930,3,1,2025-09-06,Latvia,Lithuania,79.298128,91.074488
3930,4,1,2025-09-06,Finland,Serbia,79.666955,100.55626
3931,1,1,2025-09-06,Turkey,Sweden,105.89953,85.357273
3931,2,1,2025-09-06,Germany,Portugal,93.687184,72.902261
3931,3,1,2025-09-06,Latvia,Lithuania,88.436862,74.588546
3931,4,1,2025-09-06,Finland,Serbia,82.423089,92.158164
3932,1,1,2025-09-06,Turkey,Sweden,97.208882,86.219359
3932,2,1,2025-09-06,Germany,Portugal,64.514067,68.302252
3932,3,1,2025-09-06,Latvia,Lithuania,87.173768,68.514097
3932,4,1,2025-09-06,Finland,Serbia,91.398335,100.14077
3933,1,1,2025-09-06,Turkey,Sweden,92.288953,69.22932
3933,2,1,2025-09-06,Germany,Portugal,88.511588,49.275464
3933,3,1,2025-09-06,Latvia,Lithuania,92.113961,97.093785
3933,4,1,2025-09-06,Finland,Serbia,101.07718,103.32241
3934,1,1,2025-09-06,Turkey,Sweden,96.788938,79.970251
3934,2,1,2025-09-06,Germany,Portugal,95.016815,73.894117
3934,3,1,2025-09-06,Latvia,Lithuania,83.009021,99.497019
3934,4,1,2025-09-06,Finland,Serbia,89.455129,98.274858
3935,1,1,2025-09-06,Turkey,Sweden,85.499186,70.788848
3935,2,1,2025-09-06,Germany,Portugal,65.304855,65.144277
3935,3,1,2025-09-06,Latvia,Lithuania,92.887831,100.05727
3935,4,1,2025-09-06,Finland,Serbia,98.256323,98.221027
3936,1,1,2025-09-06,Turkey,Sweden,97.026463,87.78017
3936,2,1,2025-09-06,Germany,Portugal,95.698888,57.178196
3936,3,1,2025-09-06,Latvia,Lithuania,87.933004,72.294714
3936,4,1,2025-09-06,Finland,Serbia,66.87633,81.553431
3937,1,1,2025-09-06,Turkey,Sweden,83.963512,60.310029
3937,2,1,2025-09-06,Germany,Portugal,95.29076,69.261697
3937,3,1,2025-09-06,Latvia,Lithuania,88.51054,81.694411
3937,4,1,2025-09-06,Finland,Serbia,95.489436,91.293382
3938,1,1,2025-09-06,Turkey,Sweden,84.324628,66.873475
3938,2,1,2025-09-06,Germany,Portugal,103.7845,83.410458
3938,3,1,2025-09-06,Latvia,Lithuania,106.06952,77.929361
3938,4,1,2025-09-06,Finland,Serbia,87.596727,117.86177
3939,1,1,2025-09-06,Turkey,Sweden,72.809962,79.695196
3939,2,1,2025-09-06,Germany,Portugal,101.23831,64.905094
3939,3,1,2025-09-06,Latvia,Lithuania,87.945721,87.192668
3939,4,1,2025-09-06,Finland,Serbia,104.32359,100.73581
3940,1,1,2025-09-06,Turkey,Sweden,87.169068,90.149869
3940,2,1,2025-09-06,Germany,Portugal,91.582696,61.862595
3940,3,1,2025-09-06,Latvia,Lithuania,96.579867,82.434038
3940,4,1,2025-09-06,Finland,Serbia,87.55433,111.57006
3941,1,1,2025-09-06,Turkey,Sweden,81.534853,65.989422
3941,2,1,2025-09-06,Germany,Portugal,90.351685,79.060443
3941,3,1,2025-09-06,Latvia,Lithuania,83.220294,85.255346
3941,4,1,2025-09-06,Finland,Serbia,72.744509,110.39052
3942,1,1,2025-09-06,Turkey,Sweden,97.949271,87.304361
3942,2,1,2025-09-06,Germany,Portugal,92.261534,67.328453
3942,3,1,2025-09-06,Latvia,Lithuania,76.835922,89.744189
3942,4,1,2025-09-06,Finland,Serbia,76.233048,54.890364
3943,1,1,2025-09-06,Turkey,Sweden,87.344094,85.976381
3943,2,1,2025-09-06,Germany,Portugal,115.9373,74.403091
3943,3,1,2025-09-06,Latvia,Lithuania,93.745945,76.164712
3943,4,1,2025-09-06,Finland,Serbia,88.351308,97.439579
3944,1,1,2025-09-06,Turkey,Sweden,71.373929,76.464671
3944,2,1,2025-09-06,Germany,Portugal,66.141494,54.785322
3944,3,1,2025-09-06,Latvia,Lithuania,83.657123,108.36663
3944,4,1,2025-09-06,Finland,Serbia,107.54493,86.333984
3945,1,1,2025-09-06,Turkey,Sweden,81.258083,82.525518
3945,2,1,2025-09-06,Germany,Portugal,84.511795,58.036731
3945,3,1,2025-09-06,Latvia,Lithuania,85.993171,68.272149
3945,4,1,2025-09-06,Finland,Serbia,87.593911,94.068686
3946,1,1,2025-09-06,Turkey,Sweden,87.954209,69.354785
3946,2,1,2025-09-06,Germany,Portugal,91.53127,65.305097
3946,3,1,2025-09-06,Latvia,Lithuania,78.556851,82.939465
3946,4,1,2025-09-06,Finland,Serbia,106.03168,107.17908
3947,1,1,2025-09-06,Turkey,Sweden,89.789096,60.236376
3947,2,1,2025-09-06,Germany,Portugal,77.204841,63.251734
3947,3,1,2025-09-06,Latvia,Lithuania,97.835594,91.265334
3947,4,1,2025-09-06,Finland,Serbia,88.317614,81.150079
3948,1,1,2025-09-06,Turkey,Sweden,82.839559,63.347844
3948,2,1,2025-09-06,Germany,Portugal,104.47159,64.537956
3948,3,1,2025-09-06,Latvia,Lithuania,97.673084,84.452281
3948,4,1,2025-09-06,Finland,Serbia,118.38261,98.283478
3949,1,1,2025-09-06,Turkey,Sweden,80.658619,66.671093
3949,2,1,2025-09-06,Germany,Portugal,93.686779,72.927415
3949,3,1,2025-09-06,Latvia,Lithuania,76.710809,83.646267
3949,4,1,2025-09-06,Finland,Serbia,94.612171,81.767624
3950,1,1,2025-09-06,Turkey,Sweden,79.357491,67.806622
3950,2,1,2025-09-06,Germany,Portugal,75.911964,59.566314
3950,3,1,2025-09-06,Latvia,Lithuania,84.938994,88.781844
3950,4,1,2025-09-06,Finland,Serbia,75.846866,82.874174
3951,1,1,2025-09-06,Turkey,Sweden,88.59989,88.854111
3951,2,1,2025-09-06,Germany,Portugal,91.58398,68.439766
3951,3,1,2025-09-06,Latvia,Lithuania,70.707941,68.196514
3951,4,1,2025-09-06,Finland,Serbia,76.770376,88.907066
3952,1,1,2025-09-06,Turkey,Sweden,95.38757,71.126231
3952,2,1,2025-09-06,Germany,Portugal,86.256075,60.276475
3952,3,1,2025-09-06,Latvia,Lithuania,97.721551,81.123526
3952,4,1,2025-09-06,Finland,Serbia,75.976692,76.828622
3953,1,1,2025-09-06,Turkey,Sweden,75.839432,61.886044
3953,2,1,2025-09-06,Germany,Portugal,70.897072,72.721875
3953,3,1,2025-09-06,Latvia,Lithuania,78.782311000000007,79.773622
3953,4,1,2025-09-06,Finland,Serbia,78.072093,101.53918
3954,1,1,2025-09-06,Turkey,Sweden,82.74184,75.091697
3954,2,1,2025-09-06,Germany,Portugal,82.983903,63.484625
3954,3,1,2025-09-06,Latvia,Lithuania,86.047242,83.96903
3954,4,1,2025-09-06,Finland,Serbia,79.303839,87.985254
3955,1,1,2025-09-06,Turkey,Sweden,81.910429,74.429315
3955,2,1,2025-09-06,Germany,Portugal,86.547471,64.261803
3955,3,1,2025-09-06,Latvia,Lithuania,77.504951,65.841641
3955,4,1,2025-09-06,Finland,Serbia,89.750784,95.65819
3956,1,1,2025-09-06,Turkey,Sweden,78.372398,75.293232
3956,2,1,2025-09-06,Germany,Portugal,108.21435,78.80101
3956,3,1,2025-09-06,Latvia,Lithuania,85.194527,88.195699
3956,4,1,2025-09-06,Finland,Serbia,92.618272,111.55511
3957,1,1,2025-09-06,Turkey,Sweden,90.658435,51.138079
3957,2,1,2025-09-06,Germany,Portugal,87.293122,64.677963
3957,3,1,2025-09-06,Latvia,Lithuania,90.928778,93.013704
3957,4,1,2025-09-06,Finland,Serbia,88.686328,81.782591
3958,1,1,2025-09-06,Turkey,Sweden,76.276429,54.50575
3958,2,1,2025-09-06,Germany,Portugal,94.124788,49.296664
3958,3,1,2025-09-06,Latvia,Lithuania,94.638448,74.030233
3958,4,1,2025-09-06,Finland,Serbia,114.90963,106.28078
3959,1,1,2025-09-06,Turkey,Sweden,89.570752,50.24645
3959,2,1,2025-09-06,Germany,Portugal,84.447444,61.460068
3959,3,1,2025-09-06,Latvia,Lithuania,89.113588,83.625041
3959,4,1,2025-09-06,Finland,Serbia,83.354741,95.568194
3960,1,1,2025-09-06,Turkey,Sweden,100.69044,83.725811
3960,2,1,2025-09-06,Germany,Portugal,91.083777,78.224264
3960,3,1,2025-09-06,Latvia,Lithuania,86.923193,74.032501
3960,4,1,2025-09-06,Finland,Serbia,82.500089,87.589159
3961,1,1,2025-09-06,Turkey,Sweden,81.341691,70.081533
3961,2,1,2025-09-06,Germany,Portugal,96.625974,66.020404
3961,3,1,2025-09-06,Latvia,Lithuania,81.704171,78.392385
3961,4,1,2025-09-06,Finland,Serbia,75.187827,109.14911
3962,1,1,2025-09-06,Turkey,Sweden,103.27444,56.889557
3962,2,1,2025-09-06,Germany,Portugal,74.322479,51.535337
3962,3,1,2025-09-06,Latvia,Lithuania,84.707033,88.741101
3962,4,1,2025-09-06,Finland,Serbia,94.474498,89.625076
3963,1,1,2025-09-06,Turkey,Sweden,90.687708,70.232997
3963,2,1,2025-09-06,Germany,Portugal,104.04993,78.09632
3963,3,1,2025-09-06,Latvia,Lithuania,82.42798,77.124883
3963,4,1,2025-09-06,Finland,Serbia,73.570424,97.023891
3964,1,1,2025-09-06,Turkey,Sweden,74.257254,83.849124
3964,2,1,2025-09-06,Germany,Portugal,79.791293,45.408926
3964,3,1,2025-09-06,Latvia,Lithuania,70.163035,67.058585
3964,4,1,2025-09-06,Finland,Serbia,105.7946,103.58681
3965,1,1,2025-09-06,Turkey,Sweden,78.298996,54.172731
3965,2,1,2025-09-06,Germany,Portugal,104.95419,76.882636
3965,3,1,2025-09-06,Latvia,Lithuania,108.81569,99.324114
3965,4,1,2025-09-06,Finland,Serbia,95.693516,96.07238
3966,1,1,2025-09-06,Turkey,Sweden,60.211674,56.413518
3966,2,1,2025-09-06,Germany,Portugal,94.147661,65.901535
3966,3,1,2025-09-06,Latvia,Lithuania,81.821089,74.723134
3966,4,1,2025-09-06,Finland,Serbia,78.859354,76.650255
3967,1,1,2025-09-06,Turkey,Sweden,82.93475,62.18125
3967,2,1,2025-09-06,Germany,Portugal,95.511591,63.04866
3967,3,1,2025-09-06,Latvia,Lithuania,86.72845,92.102973
3967,4,1,2025-09-06,Finland,Serbia,82.117539,92.306686
3968,1,1,2025-09-06,Turkey,Sweden,79.873022,85.397155
3968,2,1,2025-09-06,Germany,Portugal,87.860309,87.447774
3968,3,1,2025-09-06,Latvia,Lithuania,84.426133,85.83243
3968,4,1,2025-09-06,Finland,Serbia,87.617999,86.9078
3969,1,1,2025-09-06,Turkey,Sweden,83.719275,84.774281
3969,2,1,2025-09-06,Germany,Portugal,97.321492,64.15989
3969,3,1,2025-09-06,Latvia,Lithuania,97.031305,78.371718
3969,4,1,2025-09-06,Finland,Serbia,87.751628,90.824406
3970,1,1,2025-09-06,Turkey,Sweden,86.526392,68.956385
3970,2,1,2025-09-06,Germany,Portugal,71.222227,51.199638
3970,3,1,2025-09-06,Latvia,Lithuania,85.228514,72.895128
3970,4,1,2025-09-06,Finland,Serbia,101.79496,106.03899
3971,1,1,2025-09-06,Turkey,Sweden,88.882223,63.314635
3971,2,1,2025-09-06,Germany,Portugal,63.872565,52.114954
3971,3,1,2025-09-06,Latvia,Lithuania,80.853291,88.412849
3971,4,1,2025-09-06,Finland,Serbia,75.121065,97.276878
3972,1,1,2025-09-06,Turkey,Sweden,86.016466,70.85051
3972,2,1,2025-09-06,Germany,Portugal,77.754341,100.55571
3972,3,1,2025-09-06,Latvia,Lithuania,68.639267,89.045527
3972,4,1,2025-09-06,Finland,Serbia,95.106423,90.875154
3973,1,1,2025-09-06,Turkey,Sweden,95.815785,96.290769
3973,2,1,2025-09-06,Germany,Portugal,96.152402,60.601559
3973,3,1,2025-09-06,Latvia,Lithuania,95.804008,79.021014
3973,4,1,2025-09-06,Finland,Serbia,115.95535,96.027167
3974,1,1,2025-09-06,Turkey,Sweden,72.904932,53.686411
3974,2,1,2025-09-06,Germany,Portugal,63.112044,71.12393
3974,3,1,2025-09-06,Latvia,Lithuania,85.817366,76.039391
3974,4,1,2025-09-06,Finland,Serbia,95.75038,119.28707
3975,1,1,2025-09-06,Turkey,Sweden,84.058008,71.788268
3975,2,1,2025-09-06,Germany,Portugal,88.570379,64.365295
3975,3,1,2025-09-06,Latvia,Lithuania,97.129237,79.689109
3975,4,1,2025-09-06,Finland,Serbia,91.79282,101.02506
3976,1,1,2025-09-06,Turkey,Sweden,96.847307,98.216257
3976,2,1,2025-09-06,Germany,Portugal,82.165225,62.760607
3976,3,1,2025-09-06,Latvia,Lithuania,69.014247,84.65574
3976,4,1,2025-09-06,Finland,Serbia,88.258244,113.84054
3977,1,1,2025-09-06,Turkey,Sweden,87.235938,71.340404
3977,2,1,2025-09-06,Germany,Portugal,104.44889,90.803872
3977,3,1,2025-09-06,Latvia,Lithuania,87.702796,86.624156
3977,4,1,2025-09-06,Finland,Serbia,110.4016,87.200302
3978,1,1,2025-09-06,Turkey,Sweden,56.032558,76.002607
3978,2,1,2025-09-06,Germany,Portugal,72.903156,40.665135
3978,3,1,2025-09-06,Latvia,Lithuania,97.257814,92.306455
3978,4,1,2025-09-06,Finland,Serbia,105.82074,105.56645
3979,1,1,2025-09-06,Turkey,Sweden,114.23421,87.326382
3979,2,1,2025-09-06,Germany,Portugal,91.585995,56.265189
3979,3,1,2025-09-06,Latvia,Lithuania,77.212006,84.700702
3979,4,1,2025-09-06,Finland,Serbia,79.120303,91.497358
3980,1,1,2025-09-06,Turkey,Sweden,107.46092,71.657801
3980,2,1,2025-09-06,Germany,Portugal,84.07341,70.699789
3980,3,1,2025-09-06,Latvia,Lithuania,100.73039,86.930534
3980,4,1,2025-09-06,Finland,Serbia,88.565068,108.61599
3981,1,1,2025-09-06,Turkey,Sweden,86.889125,75.657747
3981,2,1,2025-09-06,Germany,Portugal,92.51286,59.653038
3981,3,1,2025-09-06,Latvia,Lithuania,56.87594,72.752855
3981,4,1,2025-09-06,Finland,Serbia,92.141343,90.738957
3982,1,1,2025-09-06,Turkey,Sweden,78.891596,69.289001
3982,2,1,2025-09-06,Germany,Portugal,88.305613,71.278214
3982,3,1,2025-09-06,Latvia,Lithuania,88.096521,87.048879
3982,4,1,2025-09-06,Finland,Serbia,95.231617,105.16048
3983,1,1,2025-09-06,Turkey,Sweden,98.901724,38.020908
3983,2,1,2025-09-06,Germany,Portugal,80.870833,78.641634
3983,3,1,2025-09-06,Latvia,Lithuania,81.124367,65.78442
3983,4,1,2025-09-06,Finland,Serbia,93.805109,107.6193
3984,1,1,2025-09-06,Turkey,Sweden,72.72022,89.328864
3984,2,1,2025-09-06,Germany,Portugal,78.553865,60.446202
3984,3,1,2025-09-06,Latvia,Lithuania,79.41488,102.31704
3984,4,1,2025-09-06,Finland,Serbia,87.982647,89.894356
3985,1,1,2025-09-06,Turkey,Sweden,100.46197,50.545282
3985,2,1,2025-09-06,Germany,Portugal,93.304542,75.183986
3985,3,1,2025-09-06,Latvia,Lithuania,107.15161,90.567854
3985,4,1,2025-09-06,Finland,Serbia,71.455371,87.106926
3986,1,1,2025-09-06,Turkey,Sweden,91.336111,68.234745
3986,2,1,2025-09-06,Germany,Portugal,96.45871,73.614791
3986,3,1,2025-09-06,Latvia,Lithuania,77.506519,78.814487
3986,4,1,2025-09-06,Finland,Serbia,95.332003,91.322772
3987,1,1,2025-09-06,Turkey,Sweden,86.347785,74.930727
3987,2,1,2025-09-06,Germany,Portugal,68.413862,32.167703
3987,3,1,2025-09-06,Latvia,Lithuania,70.736829,80.12775
3987,4,1,2025-09-06,Finland,Serbia,84.068706,92.403951
3988,1,1,2025-09-06,Turkey,Sweden,93.95302,41.923589
3988,2,1,2025-09-06,Germany,Portugal,96.729464,67.278808
3988,3,1,2025-09-06,Latvia,Lithuania,92.688094,92.764577
3988,4,1,2025-09-06,Finland,Serbia,103.69641,111.29144
3989,1,1,2025-09-06,Turkey,Sweden,91.302679,78.591837
3989,2,1,2025-09-06,Germany,Portugal,88.788196,63.791473
3989,3,1,2025-09-06,Latvia,Lithuania,75.311988,84.435971
3989,4,1,2025-09-06,Finland,Serbia,84.489347,93.523835
3990,1,1,2025-09-06,Turkey,Sweden,90.984037,79.894791
3990,2,1,2025-09-06,Germany,Portugal,96.538789,50.694522
3990,3,1,2025-09-06,Latvia,Lithuania,75.121983,73.779887
3990,4,1,2025-09-06,Finland,Serbia,105.3291,100.58407
3991,1,1,2025-09-06,Turkey,Sweden,91.601556,75.071304
3991,2,1,2025-09-06,Germany,Portugal,79.165757,67.700068
3991,3,1,2025-09-06,Latvia,Lithuania,95.438064,83.780832
3991,4,1,2025-09-06,Finland,Serbia,81.14911,104.63411
3992,1,1,2025-09-06,Turkey,Sweden,81.018545,81.351243
3992,2,1,2025-09-06,Germany,Portugal,96.522842,56.211127
3992,3,1,2025-09-06,Latvia,Lithuania,74.295233,110.1098
3992,4,1,2025-09-06,Finland,Serbia,94.81729,91.991567
3993,1,1,2025-09-06,Turkey,Sweden,107.9493,57.38694
3993,2,1,2025-09-06,Germany,Portugal,94.863422,72.775568
3993,3,1,2025-09-06,Latvia,Lithuania,115.65252,84.786727
3993,4,1,2025-09-06,Finland,Serbia,99.253878,75.676158
3994,1,1,2025-09-06,Turkey,Sweden,104.27464,82.601519
3994,2,1,2025-09-06,Germany,Portugal,96.244639,36.683339
3994,3,1,2025-09-06,Latvia,Lithuania,81.57006,74.807917
3994,4,1,2025-09-06,Finland,Serbia,101.55143,88.217466
3995,1,1,2025-09-06,Turkey,Sweden,71.87088,82.355838
3995,2,1,2025-09-06,Germany,Portugal,72.947969,71.241679
3995,3,1,2025-09-06,Latvia,Lithuania,74.137223,68.322324
3995,4,1,2025-09-06,Finland,Serbia,92.969405,71.337513
3996,1,1,2025-09-06,Turkey,Sweden,85.395066,65.042152
3996,2,1,2025-09-06,Germany,Portugal,101.42475,76.92122
3996,3,1,2025-09-06,Latvia,Lithuania,78.169843,86.821912
3996,4,1,2025-09-06,Finland,Serbia,68.413608,106.39407
3997,1,1,2025-09-06,Turkey,Sweden,73.847946,64.311883
3997,2,1,2025-09-06,Germany,Portugal,84.466006,65.059419
3997,3,1,2025-09-06,Latvia,Lithuania,96.44109,90.658242
3997,4,1,2025-09-06,Finland,Serbia,95.926372,97.344184
3998,1,1,2025-09-06,Turkey,Sweden,95.275599,72.777128
3998,2,1,2025-09-06,Germany,Portugal,72.438695,63.503391
3998,3,1,2025-09-06,Latvia,Lithuania,81.417156,64.925018
3998,4,1,2025-09-06,Finland,Serbia,101.7223,108.76846
3999,1,1,2025-09-06,Turkey,Sweden,78.672744,77.267306
3999,2,1,2025-09-06,Germany,Portugal,91.244801,67.955102
3999,3,1,2025-09-06,Latvia,Lithuania,95.377476,83.550896
3999,4,1,2025-09-06,Finland,Serbia,88.74455,108.89581
4000,1,1,2025-09-06,Turkey,Sweden,82.111487,82.497821
4000,2,1,2025-09-06,Germany,Portugal,96.857218,83.604037
4000,3,1,2025-09-06,Latvia,Lithuania,83.241795,82.539741
4000,4,1,2025-09-06,Finland,Serbia,87.380623,94.949713
