iteration,game_nr,division,date,home,away,home_goals,away_goals
1,1,1,2025-09-14,Finland,Greece,95.81133,89.95375
1,2,1,2025-09-14,Turkey,Germany,87.270825,91.297744
2,1,1,2025-09-14,Finland,Greece,115.08713,90.068733
2,2,1,2025-09-14,Turkey,Germany,86.297501,98.439745
3,1,1,2025-09-14,Finland,Greece,95.985148,79.267847
3,2,1,2025-09-14,Turkey,Germany,108.48372,90.67611
4,1,1,2025-09-14,Finland,Greece,89.137476,90.535354
4,2,1,2025-09-14,Turkey,Germany,82.935421,91.965614
5,1,1,2025-09-14,Finland,Greece,109.82275,93.166309
5,2,1,2025-09-14,Turkey,Germany,96.002444,97.870898
6,1,1,2025-09-14,Finland,Greece,117.60535,93.103803
6,2,1,2025-09-14,Turkey,Germany,80.690609,91.133548
7,1,1,2025-09-14,Finland,Greece,75.115236,71.242891
7,2,1,2025-09-14,Turkey,Germany,80.016691,100.564
8,1,1,2025-09-14,Finland,Greece,69.326745,83.143632
8,2,1,2025-09-14,Turkey,Germany,95.174197,93.69006
9,1,1,2025-09-14,Finland,Greece,90.354615,87.498735
9,2,1,2025-09-14,Turkey,Germany,69.644094,91.885327
10,1,1,2025-09-14,Finland,Greece,113.21729,82.163837
10,2,1,2025-09-14,Turkey,Germany,67.882209,96.778768
11,1,1,2025-09-14,Finland,Greece,95.924251,84.474471
11,2,1,2025-09-14,Turkey,Germany,76.307566,95.327435
12,1,1,2025-09-14,Finland,Greece,75.988374,80.080857
12,2,1,2025-09-14,Turkey,Germany,79.160035,88.739369
13,1,1,2025-09-14,Finland,Greece,94.690086,73.48537
13,2,1,2025-09-14,Turkey,Germany,75.999818,98.167493
14,1,1,2025-09-14,Finland,Greece,90.086885,97.522821
14,2,1,2025-09-14,Turkey,Germany,85.746949,93.884868
15,1,1,2025-09-14,Finland,Greece,100.42796,86.939958
15,2,1,2025-09-14,Turkey,Germany,73.804233,90.892834
16,1,1,2025-09-14,Finland,Greece,98.005492,82.52215
16,2,1,2025-09-14,Turkey,Germany,73.821038,110.76615
17,1,1,2025-09-14,Finland,Greece,102.17689,75.330896
17,2,1,2025-09-14,Turkey,Germany,96.191225,94.483682
18,1,1,2025-09-14,Finland,Greece,90.034306,79.742644
18,2,1,2025-09-14,Turkey,Germany,63.628634,77.488027
19,1,1,2025-09-14,Finland,Greece,85.984877,79.969578
19,2,1,2025-09-14,Turkey,Germany,74.761674,103.05205
20,1,1,2025-09-14,Finland,Greece,92.011885,86.584436
20,2,1,2025-09-14,Turkey,Germany,73.222224,93.513447
21,1,1,2025-09-14,Finland,Greece,98.12911,69.429221
21,2,1,2025-09-14,Turkey,Germany,90.395803,75.18353
22,1,1,2025-09-14,Finland,Greece,97.771884,84.522726
22,2,1,2025-09-14,Turkey,Germany,71.152989,93.099359
23,1,1,2025-09-14,Finland,Greece,83.458666,77.614549
23,2,1,2025-09-14,Turkey,Germany,98.021755,93.280575
24,1,1,2025-09-14,Finland,Greece,88.260846,91.010843
24,2,1,2025-09-14,Turkey,Germany,81.304873,93.155519
25,1,1,2025-09-14,Finland,Greece,93.153314,62.323288
25,2,1,2025-09-14,Turkey,Germany,71.775178,83.913058
26,1,1,2025-09-14,Finland,Greece,88.124128,92.018438
26,2,1,2025-09-14,Turkey,Germany,79.666857,87.426549
27,1,1,2025-09-14,Finland,Greece,93.361331,79.64036
27,2,1,2025-09-14,Turkey,Germany,99.912739,99.302644
28,1,1,2025-09-14,Finland,Greece,80.465796,71.828989000000007
28,2,1,2025-09-14,Turkey,Germany,96.908069,86.480782
29,1,1,2025-09-14,Finland,Greece,91.817473,78.241446
29,2,1,2025-09-14,Turkey,Germany,84.340089,96.410921
30,1,1,2025-09-14,Finland,Greece,94.764642,75.968867
30,2,1,2025-09-14,Turkey,Germany,74.867779,98.286785
31,1,1,2025-09-14,Finland,Greece,102.7467,79.016763
31,2,1,2025-09-14,Turkey,Germany,79.931019,78.162401
32,1,1,2025-09-14,Finland,Greece,98.239582,74.702231
32,2,1,2025-09-14,Turkey,Germany,77.944027,100.54834
33,1,1,2025-09-14,Finland,Greece,90.801205,76.108982
33,2,1,2025-09-14,Turkey,Germany,84.806182,81.14024
34,1,1,2025-09-14,Finland,Greece,88.932248,84.17867
34,2,1,2025-09-14,Turkey,Germany,100.25622,90.589115
35,1,1,2025-09-14,Finland,Greece,84.116803,81.711689
35,2,1,2025-09-14,Turkey,Germany,77.894056,90.227192
36,1,1,2025-09-14,Finland,Greece,100.7825,85.090862
36,2,1,2025-09-14,Turkey,Germany,97.385112,88.349251
37,1,1,2025-09-14,Finland,Greece,85.032395,78.795391
37,2,1,2025-09-14,Turkey,Germany,75.294705,89.089336
38,1,1,2025-09-14,Finland,Greece,85.694587,96.302882
38,2,1,2025-09-14,Turkey,Germany,87.061056,98.448419
39,1,1,2025-09-14,Finland,Greece,92.825897,88.409839
39,2,1,2025-09-14,Turkey,Germany,63.748283,102.80559
40,1,1,2025-09-14,Finland,Greece,85.249948,85.421437
40,2,1,2025-09-14,Turkey,Germany,76.584637,91.595811
41,1,1,2025-09-14,Finland,Greece,84.32488,82.700809
41,2,1,2025-09-14,Turkey,Germany,77.757374,104.27221
42,1,1,2025-09-14,Finland,Greece,90.956308,85.39844
42,2,1,2025-09-14,Turkey,Germany,89.896473,103.02157
43,1,1,2025-09-14,Finland,Greece,80.75838,95.34984
43,2,1,2025-09-14,Turkey,Germany,93.692925,90.403261
44,1,1,2025-09-14,Finland,Greece,121.85523,76.211937
44,2,1,2025-09-14,Turkey,Germany,86.124714,121.5279
45,1,1,2025-09-14,Finland,Greece,102.69452,98.208939
45,2,1,2025-09-14,Turkey,Germany,54.028514,82.714665
46,1,1,2025-09-14,Finland,Greece,93.618143,84.689063
46,2,1,2025-09-14,Turkey,Germany,62.130545,86.243827
47,1,1,2025-09-14,Finland,Greece,93.504213,71.544886
47,2,1,2025-09-14,Turkey,Germany,91.372854,95.167502
48,1,1,2025-09-14,Finland,Greece,106.48802,78.347168
48,2,1,2025-09-14,Turkey,Germany,74.913549,88.164794
49,1,1,2025-09-14,Finland,Greece,97.262763,76.135064
49,2,1,2025-09-14,Turkey,Germany,73.976843,80.854141
50,1,1,2025-09-14,Finland,Greece,100.37757,74.411475
50,2,1,2025-09-14,Turkey,Germany,89.089239,116.08953
51,1,1,2025-09-14,Finland,Greece,95.05027,65.500897
51,2,1,2025-09-14,Turkey,Germany,88.318896,94.265503
52,1,1,2025-09-14,Finland,Greece,103.02608,77.523132
52,2,1,2025-09-14,Turkey,Germany,103.65848,104.12833
53,1,1,2025-09-14,Finland,Greece,96.172183,103.43573
53,2,1,2025-09-14,Turkey,Germany,81.218011,83.674842
54,1,1,2025-09-14,Finland,Greece,85.483502,87.005548
54,2,1,2025-09-14,Turkey,Germany,79.461508,93.34859
55,1,1,2025-09-14,Finland,Greece,99.484757,79.57044
55,2,1,2025-09-14,Turkey,Germany,83.920141,93.862492
56,1,1,2025-09-14,Finland,Greece,90.470793,83.795469
56,2,1,2025-09-14,Turkey,Germany,80.806724,87.720899
57,1,1,2025-09-14,Finland,Greece,107.72993,78.220141
57,2,1,2025-09-14,Turkey,Germany,77.692491,105.74451
58,1,1,2025-09-14,Finland,Greece,75.59353,82.097772
58,2,1,2025-09-14,Turkey,Germany,83.860948,94.55157
59,1,1,2025-09-14,Finland,Greece,113.04737,82.85638
59,2,1,2025-09-14,Turkey,Germany,84.708991,91.986192
60,1,1,2025-09-14,Finland,Greece,98.096468,90.207899
60,2,1,2025-09-14,Turkey,Germany,81.988968,102.62625
61,1,1,2025-09-14,Finland,Greece,88.831164,85.83729
61,2,1,2025-09-14,Turkey,Germany,89.587279,86.226802
62,1,1,2025-09-14,Finland,Greece,107.61835,74.102842
62,2,1,2025-09-14,Turkey,Germany,80.774309,94.776498
63,1,1,2025-09-14,Finland,Greece,89.359999,67.488016
63,2,1,2025-09-14,Turkey,Germany,91.664019,97.970765
64,1,1,2025-09-14,Finland,Greece,89.221299,79.304084
64,2,1,2025-09-14,Turkey,Germany,78.792458,100.71255
65,1,1,2025-09-14,Finland,Greece,111.93581,76.936714
65,2,1,2025-09-14,Turkey,Germany,87.433418,99.833173
66,1,1,2025-09-14,Finland,Greece,82.436849,80.77085
66,2,1,2025-09-14,Turkey,Germany,78.58138,85.323343
67,1,1,2025-09-14,Finland,Greece,83.433738,71.056184
67,2,1,2025-09-14,Turkey,Germany,102.42722,102.34959
68,1,1,2025-09-14,Finland,Greece,97.860830000000007,71.231765
68,2,1,2025-09-14,Turkey,Germany,57.475204,67.604907
69,1,1,2025-09-14,Finland,Greece,96.994144,94.00262
69,2,1,2025-09-14,Turkey,Germany,85.666904,81.870267
70,1,1,2025-09-14,Finland,Greece,87.826446,87.722795
70,2,1,2025-09-14,Turkey,Germany,108.57761,97.22209
71,1,1,2025-09-14,Finland,Greece,90.176044,79.91143
71,2,1,2025-09-14,Turkey,Germany,81.930881,112.3335
72,1,1,2025-09-14,Finland,Greece,116.69539,87.573655
72,2,1,2025-09-14,Turkey,Germany,88.521531,88.554686
73,1,1,2025-09-14,Finland,Greece,113.64327,94.087098
73,2,1,2025-09-14,Turkey,Germany,79.233516,102.23333
74,1,1,2025-09-14,Finland,Greece,117.37413,76.566217
74,2,1,2025-09-14,Turkey,Germany,96.899273,92.368419
75,1,1,2025-09-14,Finland,Greece,107.02159,93.722482
75,2,1,2025-09-14,Turkey,Germany,71.48762,83.20201
76,1,1,2025-09-14,Finland,Greece,99.728199,97.825844
76,2,1,2025-09-14,Turkey,Germany,53.721672,91.512612
77,1,1,2025-09-14,Finland,Greece,124.2395,96.290488
77,2,1,2025-09-14,Turkey,Germany,86.045728,106.54363
78,1,1,2025-09-14,Finland,Greece,72.811709,81.134198
78,2,1,2025-09-14,Turkey,Germany,74.876439,86.349749
79,1,1,2025-09-14,Finland,Greece,94.868602,94.0659
79,2,1,2025-09-14,Turkey,Germany,53.367176,103.11589
80,1,1,2025-09-14,Finland,Greece,97.741369,96.362208999999993
80,2,1,2025-09-14,Turkey,Germany,91.891768,118.45887
81,1,1,2025-09-14,Finland,Greece,92.457699,82.669535
81,2,1,2025-09-14,Turkey,Germany,83.952961,90.569523
82,1,1,2025-09-14,Finland,Greece,90.270911,60.336777
82,2,1,2025-09-14,Turkey,Germany,84.415659,99.485172
83,1,1,2025-09-14,Finland,Greece,91.58444,101.37681
83,2,1,2025-09-14,Turkey,Germany,83.524538,89.931738
84,1,1,2025-09-14,Finland,Greece,98.902209,75.753486
84,2,1,2025-09-14,Turkey,Germany,83.817864,81.04013
85,1,1,2025-09-14,Finland,Greece,107.24264,81.937456
85,2,1,2025-09-14,Turkey,Germany,83.958285,111.0492
86,1,1,2025-09-14,Finland,Greece,90.985546,73.17142
86,2,1,2025-09-14,Turkey,Germany,92.084498,91.874077
87,1,1,2025-09-14,Finland,Greece,98.572583,67.5104
87,2,1,2025-09-14,Turkey,Germany,72.612725,82.691737
88,1,1,2025-09-14,Finland,Greece,101.19259,77.01698
88,2,1,2025-09-14,Turkey,Germany,81.811759,83.931202
89,1,1,2025-09-14,Finland,Greece,91.878473,88.287282
89,2,1,2025-09-14,Turkey,Germany,103.66813,88.375347
90,1,1,2025-09-14,Finland,Greece,80.816168,72.235945
90,2,1,2025-09-14,Turkey,Germany,94.866448,87.01107
91,1,1,2025-09-14,Finland,Greece,91.273579,83.406372
91,2,1,2025-09-14,Turkey,Germany,83.860469,92.292981
92,1,1,2025-09-14,Finland,Greece,73.757327,74.334842
92,2,1,2025-09-14,Turkey,Germany,80.666819,94.678252
93,1,1,2025-09-14,Finland,Greece,80.988588,66.101552
93,2,1,2025-09-14,Turkey,Germany,98.766142,116.96094
94,1,1,2025-09-14,Finland,Greece,88.940723,74.983513
94,2,1,2025-09-14,Turkey,Germany,81.050258,98.197402
95,1,1,2025-09-14,Finland,Greece,86.62969,85.787628
95,2,1,2025-09-14,Turkey,Germany,82.922865,100.01203
96,1,1,2025-09-14,Finland,Greece,99.46939,73.942856
96,2,1,2025-09-14,Turkey,Germany,95.282507,110.9543
97,1,1,2025-09-14,Finland,Greece,81.627511,73.723776
97,2,1,2025-09-14,Turkey,Germany,82.07107,84.230237
98,1,1,2025-09-14,Finland,Greece,106.33058,98.341891
98,2,1,2025-09-14,Turkey,Germany,87.149919,95.244408
99,1,1,2025-09-14,Finland,Greece,82.504666,88.723038
99,2,1,2025-09-14,Turkey,Germany,72.683743,91.741603
100,1,1,2025-09-14,Finland,Greece,95.798566,88.347684
100,2,1,2025-09-14,Turkey,Germany,84.062612,90.665686
101,1,1,2025-09-14,Finland,Greece,80.094809,81.696389
101,2,1,2025-09-14,Turkey,Germany,88.602409,81.05945
102,1,1,2025-09-14,Finland,Greece,102.31548,86.930558
102,2,1,2025-09-14,Turkey,Germany,72.013911,91.614308
103,1,1,2025-09-14,Finland,Greece,77.976271,85.706364
103,2,1,2025-09-14,Turkey,Germany,77.24895,109.01842
104,1,1,2025-09-14,Finland,Greece,93.271921,68.186508
104,2,1,2025-09-14,Turkey,Germany,74.699693,99.758895
105,1,1,2025-09-14,Finland,Greece,106.14399,93.634434
105,2,1,2025-09-14,Turkey,Germany,79.863958,90.2351
106,1,1,2025-09-14,Finland,Greece,92.495137,76.447065
106,2,1,2025-09-14,Turkey,Germany,87.546979,106.16158
107,1,1,2025-09-14,Finland,Greece,91.160405,88.06779
107,2,1,2025-09-14,Turkey,Germany,77.320338,88.037045
108,1,1,2025-09-14,Finland,Greece,83.374518,79.89539
108,2,1,2025-09-14,Turkey,Germany,76.657484,89.411143
109,1,1,2025-09-14,Finland,Greece,87.670971,97.183286
109,2,1,2025-09-14,Turkey,Germany,65.268166,74.887294
110,1,1,2025-09-14,Finland,Greece,93.112729,90.090286
110,2,1,2025-09-14,Turkey,Germany,88.860824,94.620426
111,1,1,2025-09-14,Finland,Greece,83.144376,74.843542
111,2,1,2025-09-14,Turkey,Germany,79.496451,95.62032
112,1,1,2025-09-14,Finland,Greece,77.374466,63.703649
112,2,1,2025-09-14,Turkey,Germany,86.769779,88.484776
113,1,1,2025-09-14,Finland,Greece,89.984186,68.842592
113,2,1,2025-09-14,Turkey,Germany,70.829433,86.984701
114,1,1,2025-09-14,Finland,Greece,92.649833,85.296708
114,2,1,2025-09-14,Turkey,Germany,70.528465,91.905592
115,1,1,2025-09-14,Finland,Greece,87.319037,64.678946
115,2,1,2025-09-14,Turkey,Germany,75.11272,88.477014
116,1,1,2025-09-14,Finland,Greece,85.661857,74.006384
116,2,1,2025-09-14,Turkey,Germany,82.671023,102.82576
117,1,1,2025-09-14,Finland,Greece,97.703094,74.362748
117,2,1,2025-09-14,Turkey,Germany,79.185742,74.957946
118,1,1,2025-09-14,Finland,Greece,92.150679,87.989635
118,2,1,2025-09-14,Turkey,Germany,84.782536,90.818843
119,1,1,2025-09-14,Finland,Greece,103.09817,58.396503
119,2,1,2025-09-14,Turkey,Germany,85.705736,99.062241
120,1,1,2025-09-14,Finland,Greece,95.565186,87.22156
120,2,1,2025-09-14,Turkey,Germany,102.00062,78.891741
121,1,1,2025-09-14,Finland,Greece,102.40443,91.671577
121,2,1,2025-09-14,Turkey,Germany,89.424777,80.067081
122,1,1,2025-09-14,Finland,Greece,107.77441,69.50574
122,2,1,2025-09-14,Turkey,Germany,68.845584,92.024971
123,1,1,2025-09-14,Finland,Greece,95.625455,80.748183
123,2,1,2025-09-14,Turkey,Germany,105.75704,100.17962
124,1,1,2025-09-14,Finland,Greece,93.17511,79.441193
124,2,1,2025-09-14,Turkey,Germany,45.137605,109.87911
125,1,1,2025-09-14,Finland,Greece,92.061524,79.484298
125,2,1,2025-09-14,Turkey,Germany,85.509311,91.169397
126,1,1,2025-09-14,Finland,Greece,73.716755,72.822602
126,2,1,2025-09-14,Turkey,Germany,78.739363,96.40597
127,1,1,2025-09-14,Finland,Greece,94.125748,87.949654
127,2,1,2025-09-14,Turkey,Germany,91.143404,95.191632
128,1,1,2025-09-14,Finland,Greece,90.79054,72.72339
128,2,1,2025-09-14,Turkey,Germany,77.486471,103.70242
129,1,1,2025-09-14,Finland,Greece,85.391878,73.448112
129,2,1,2025-09-14,Turkey,Germany,83.83063,111.80008
130,1,1,2025-09-14,Finland,Greece,105.8372,69.018716
130,2,1,2025-09-14,Turkey,Germany,89.664093,81.786472
131,1,1,2025-09-14,Finland,Greece,102.59455,88.14346
131,2,1,2025-09-14,Turkey,Germany,75.520916,78.680998
132,1,1,2025-09-14,Finland,Greece,93.09407,82.363575
132,2,1,2025-09-14,Turkey,Germany,83.959223,98.301023
133,1,1,2025-09-14,Finland,Greece,88.921885,74.967883
133,2,1,2025-09-14,Turkey,Germany,77.744085,92.020542
134,1,1,2025-09-14,Finland,Greece,95.555185,98.974563
134,2,1,2025-09-14,Turkey,Germany,82.249876,75.911878
135,1,1,2025-09-14,Finland,Greece,99.249161,94.96584
135,2,1,2025-09-14,Turkey,Germany,100.70007,116.07266
136,1,1,2025-09-14,Finland,Greece,112.59442,83.133849
136,2,1,2025-09-14,Turkey,Germany,80.564984,91.025136
137,1,1,2025-09-14,Finland,Greece,86.255238,88.51882
137,2,1,2025-09-14,Turkey,Germany,102.72148,111.81159
138,1,1,2025-09-14,Finland,Greece,105.22665,84.477042
138,2,1,2025-09-14,Turkey,Germany,99.050017,81.889061
139,1,1,2025-09-14,Finland,Greece,71.587293,88.221236
139,2,1,2025-09-14,Turkey,Germany,87.044303,97.177695
140,1,1,2025-09-14,Finland,Greece,96.489715,76.09215
140,2,1,2025-09-14,Turkey,Germany,66.821764,88.920779
141,1,1,2025-09-14,Finland,Greece,80.614383,81.218942
141,2,1,2025-09-14,Turkey,Germany,80.634652,71.568092
142,1,1,2025-09-14,Finland,Greece,73.823593,79.456705
142,2,1,2025-09-14,Turkey,Germany,93.591782,123.48407
143,1,1,2025-09-14,Finland,Greece,102.76492,88.153194
143,2,1,2025-09-14,Turkey,Germany,78.292858,85.934045
144,1,1,2025-09-14,Finland,Greece,103.58282,107.30555
144,2,1,2025-09-14,Turkey,Germany,89.448528,75.946723
145,1,1,2025-09-14,Finland,Greece,87.066883,70.862568
145,2,1,2025-09-14,Turkey,Germany,101.39475,113.90318
146,1,1,2025-09-14,Finland,Greece,96.081136,85.759737
146,2,1,2025-09-14,Turkey,Germany,101.49246,114.55323
147,1,1,2025-09-14,Finland,Greece,79.394074,76.171924
147,2,1,2025-09-14,Turkey,Germany,81.217854,101.84555
148,1,1,2025-09-14,Finland,Greece,98.47557,78.870006
148,2,1,2025-09-14,Turkey,Germany,95.974876,91.817899
149,1,1,2025-09-14,Finland,Greece,102.14955,89.347165
149,2,1,2025-09-14,Turkey,Germany,94.775552,107.33374
150,1,1,2025-09-14,Finland,Greece,103.20307,79.82844
150,2,1,2025-09-14,Turkey,Germany,87.440256,86.641742
151,1,1,2025-09-14,Finland,Greece,103.62785,92.203117
151,2,1,2025-09-14,Turkey,Germany,80.794525,97.061352
152,1,1,2025-09-14,Finland,Greece,78.428676,88.849687
152,2,1,2025-09-14,Turkey,Germany,90.204386,88.811204
153,1,1,2025-09-14,Finland,Greece,97.905152,91.533251
153,2,1,2025-09-14,Turkey,Germany,86.808184,109.21546
154,1,1,2025-09-14,Finland,Greece,96.969179,68.882158
154,2,1,2025-09-14,Turkey,Germany,107.04896,97.626944
155,1,1,2025-09-14,Finland,Greece,92.290544,78.922619
155,2,1,2025-09-14,Turkey,Germany,81.43765,103.78064
156,1,1,2025-09-14,Finland,Greece,95.844387,68.752356
156,2,1,2025-09-14,Turkey,Germany,97.982824,107.40976
157,1,1,2025-09-14,Finland,Greece,92.307505,78.767128
157,2,1,2025-09-14,Turkey,Germany,78.520415,87.536047
158,1,1,2025-09-14,Finland,Greece,87.696646,88.861075
158,2,1,2025-09-14,Turkey,Germany,79.279996,109.80888
159,1,1,2025-09-14,Finland,Greece,92.747677,101.87048
159,2,1,2025-09-14,Turkey,Germany,95.334634,92.921187
160,1,1,2025-09-14,Finland,Greece,90.865586,91.467846
160,2,1,2025-09-14,Turkey,Germany,81.160176,106.02006
161,1,1,2025-09-14,Finland,Greece,93.457183,81.696191
161,2,1,2025-09-14,Turkey,Germany,93.269171,100.79112
162,1,1,2025-09-14,Finland,Greece,82.564146,74.234483
162,2,1,2025-09-14,Turkey,Germany,84.397091,86.794857
163,1,1,2025-09-14,Finland,Greece,91.622732,81.367943
163,2,1,2025-09-14,Turkey,Germany,89.073656,97.986189
164,1,1,2025-09-14,Finland,Greece,97.403073,59.29861
164,2,1,2025-09-14,Turkey,Germany,67.663392,85.189196
165,1,1,2025-09-14,Finland,Greece,90.905365,72.350709
165,2,1,2025-09-14,Turkey,Germany,92.703635,95.602338
166,1,1,2025-09-14,Finland,Greece,89.161105,84.520667
166,2,1,2025-09-14,Turkey,Germany,100.19309,100.71333
167,1,1,2025-09-14,Finland,Greece,104.43831,76.933136
167,2,1,2025-09-14,Turkey,Germany,78.366487,82.405914
168,1,1,2025-09-14,Finland,Greece,93.296137,89.809204
168,2,1,2025-09-14,Turkey,Germany,81.7132,106.96394
169,1,1,2025-09-14,Finland,Greece,90.526441,78.364846
169,2,1,2025-09-14,Turkey,Germany,64.38251,103.35916
170,1,1,2025-09-14,Finland,Greece,82.089717,78.919935
170,2,1,2025-09-14,Turkey,Germany,66.536305,81.416648
171,1,1,2025-09-14,Finland,Greece,88.788424,76.288691
171,2,1,2025-09-14,Turkey,Germany,93.447485,98.744865
172,1,1,2025-09-14,Finland,Greece,89.544445,75.717731
172,2,1,2025-09-14,Turkey,Germany,92.093762,74.845409
173,1,1,2025-09-14,Finland,Greece,106.82414,90.561831
173,2,1,2025-09-14,Turkey,Germany,75.067041,91.191459
174,1,1,2025-09-14,Finland,Greece,96.183711,88.962974
174,2,1,2025-09-14,Turkey,Germany,79.646884,107.56469
175,1,1,2025-09-14,Finland,Greece,68.577611,64.979124
175,2,1,2025-09-14,Turkey,Germany,72.514059,104.91046
176,1,1,2025-09-14,Finland,Greece,97.832418,90.892742
176,2,1,2025-09-14,Turkey,Germany,90.678719,81.304771
177,1,1,2025-09-14,Finland,Greece,74.362769,77.986763
177,2,1,2025-09-14,Turkey,Germany,101.40136,106.56066
178,1,1,2025-09-14,Finland,Greece,91.731811,71.009102
178,2,1,2025-09-14,Turkey,Germany,75.540109,109.73089
179,1,1,2025-09-14,Finland,Greece,81.759946,82.798144
179,2,1,2025-09-14,Turkey,Germany,91.863747,74.803198
180,1,1,2025-09-14,Finland,Greece,77.971622,74.235029
180,2,1,2025-09-14,Turkey,Germany,92.884458,85.431787
181,1,1,2025-09-14,Finland,Greece,95.436104,85.555337
181,2,1,2025-09-14,Turkey,Germany,72.62136,86.490641
182,1,1,2025-09-14,Finland,Greece,80.152247,119.78322
182,2,1,2025-09-14,Turkey,Germany,80.40907,114.60103
183,1,1,2025-09-14,Finland,Greece,101.74859,86.369971
183,2,1,2025-09-14,Turkey,Germany,78.259345,90.560657
184,1,1,2025-09-14,Finland,Greece,85.056235,98.639948
184,2,1,2025-09-14,Turkey,Germany,78.751619,91.613668
185,1,1,2025-09-14,Finland,Greece,90.21795,56.604588
185,2,1,2025-09-14,Turkey,Germany,72.158725,70.763284
186,1,1,2025-09-14,Finland,Greece,88.380918,96.497241
186,2,1,2025-09-14,Turkey,Germany,71.395426,76.745058
187,1,1,2025-09-14,Finland,Greece,87.79874,89.159125
187,2,1,2025-09-14,Turkey,Germany,77.477512,96.572159
188,1,1,2025-09-14,Finland,Greece,89.87567,85.190761
188,2,1,2025-09-14,Turkey,Germany,82.790524,103.24873
189,1,1,2025-09-14,Finland,Greece,104.86002,96.262505
189,2,1,2025-09-14,Turkey,Germany,87.72933,104.00347
190,1,1,2025-09-14,Finland,Greece,80.848409,80.230046
190,2,1,2025-09-14,Turkey,Germany,99.727014,98.28072
191,1,1,2025-09-14,Finland,Greece,92.051002,99.934342
191,2,1,2025-09-14,Turkey,Germany,78.86811,109.59064
192,1,1,2025-09-14,Finland,Greece,96.939923,101.53373
192,2,1,2025-09-14,Turkey,Germany,78.434128,87.507611
193,1,1,2025-09-14,Finland,Greece,77.976504,78.96646
193,2,1,2025-09-14,Turkey,Germany,96.105043,89.325679
194,1,1,2025-09-14,Finland,Greece,99.138006,89.0441
194,2,1,2025-09-14,Turkey,Germany,63.192412,87.492632
195,1,1,2025-09-14,Finland,Greece,103.03129,74.047503
195,2,1,2025-09-14,Turkey,Germany,96.386763,86.450841
196,1,1,2025-09-14,Finland,Greece,82.269357,87.192134
196,2,1,2025-09-14,Turkey,Germany,92.891372,102.57497
197,1,1,2025-09-14,Finland,Greece,95.318822,92.689798
197,2,1,2025-09-14,Turkey,Germany,68.127235,77.664557
198,1,1,2025-09-14,Finland,Greece,102.31572,85.922568
198,2,1,2025-09-14,Turkey,Germany,65.681848,93.666677
199,1,1,2025-09-14,Finland,Greece,79.341421,66.887019
199,2,1,2025-09-14,Turkey,Germany,81.469023000000007,73.372659
200,1,1,2025-09-14,Finland,Greece,107.35336,81.595573
200,2,1,2025-09-14,Turkey,Germany,97.646666,88.417157
201,1,1,2025-09-14,Finland,Greece,65.265739,88.657431
201,2,1,2025-09-14,Turkey,Germany,104.51023,90.56048
202,1,1,2025-09-14,Finland,Greece,90.577729,67.588978
202,2,1,2025-09-14,Turkey,Germany,97.196148,105.99642
203,1,1,2025-09-14,Finland,Greece,80.890166,69.570821
203,2,1,2025-09-14,Turkey,Germany,93.870619,92.09368
204,1,1,2025-09-14,Finland,Greece,114.66538,79.021103
204,2,1,2025-09-14,Turkey,Germany,79.11036,96.255556
205,1,1,2025-09-14,Finland,Greece,82.140147,61.840123
205,2,1,2025-09-14,Turkey,Germany,96.42967,102.24649
206,1,1,2025-09-14,Finland,Greece,87.064859,53.96032
206,2,1,2025-09-14,Turkey,Germany,93.127946,91.187277
207,1,1,2025-09-14,Finland,Greece,100.66109,66.650356
207,2,1,2025-09-14,Turkey,Germany,95.605101,113.6415
208,1,1,2025-09-14,Finland,Greece,105.56508,85.854924
208,2,1,2025-09-14,Turkey,Germany,92.204195,91.545713
209,1,1,2025-09-14,Finland,Greece,113.64318,76.767017
209,2,1,2025-09-14,Turkey,Germany,82.056103,103.39526
210,1,1,2025-09-14,Finland,Greece,91.71679,65.853957
210,2,1,2025-09-14,Turkey,Germany,88.528821,84.947646
211,1,1,2025-09-14,Finland,Greece,96.233632,88.143132
211,2,1,2025-09-14,Turkey,Germany,63.837389,101.99615
212,1,1,2025-09-14,Finland,Greece,86.874874,61.739918
212,2,1,2025-09-14,Turkey,Germany,66.702989,89.47985
213,1,1,2025-09-14,Finland,Greece,78.631308,69.475743
213,2,1,2025-09-14,Turkey,Germany,81.117201,95.667788
214,1,1,2025-09-14,Finland,Greece,118.42136,73.639956
214,2,1,2025-09-14,Turkey,Germany,90.671694,76.697746
215,1,1,2025-09-14,Finland,Greece,89.876796,80.439251
215,2,1,2025-09-14,Turkey,Germany,90.765367,106.99427
216,1,1,2025-09-14,Finland,Greece,99.324775,75.054345
216,2,1,2025-09-14,Turkey,Germany,72.031703,102.01332
217,1,1,2025-09-14,Finland,Greece,82.796808,73.564892
217,2,1,2025-09-14,Turkey,Germany,50.988432,98.168996
218,1,1,2025-09-14,Finland,Greece,95.979926,87.802403
218,2,1,2025-09-14,Turkey,Germany,74.514745,103.63526
219,1,1,2025-09-14,Finland,Greece,106.33937,74.169897
219,2,1,2025-09-14,Turkey,Germany,57.948039,81.530399
220,1,1,2025-09-14,Finland,Greece,94.467943,83.772203
220,2,1,2025-09-14,Turkey,Germany,79.251857,85.336003
221,1,1,2025-09-14,Finland,Greece,88.247083,79.72983
221,2,1,2025-09-14,Turkey,Germany,69.266659,96.859832
222,1,1,2025-09-14,Finland,Greece,98.731705,92.4127
222,2,1,2025-09-14,Turkey,Germany,83.147475,66.867541
223,1,1,2025-09-14,Finland,Greece,96.988761,71.866474
223,2,1,2025-09-14,Turkey,Germany,69.465438,83.291469
224,1,1,2025-09-14,Finland,Greece,80.360493,80.26511
224,2,1,2025-09-14,Turkey,Germany,88.643662,100.43708
225,1,1,2025-09-14,Finland,Greece,100.15825,93.427645
225,2,1,2025-09-14,Turkey,Germany,75.340623,87.96712
226,1,1,2025-09-14,Finland,Greece,67.969553,81.288712
226,2,1,2025-09-14,Turkey,Germany,67.116788,105.53249
227,1,1,2025-09-14,Finland,Greece,97.455903,85.5287
227,2,1,2025-09-14,Turkey,Germany,87.823038,104.26069
228,1,1,2025-09-14,Finland,Greece,86.148615,85.847282
228,2,1,2025-09-14,Turkey,Germany,83.496202,91.876722
229,1,1,2025-09-14,Finland,Greece,79.534201,75.358309
229,2,1,2025-09-14,Turkey,Germany,100.00835,101.91461
230,1,1,2025-09-14,Finland,Greece,123.26511,101.05889
230,2,1,2025-09-14,Turkey,Germany,92.908344,111.55886
231,1,1,2025-09-14,Finland,Greece,77.586755,96.29726
231,2,1,2025-09-14,Turkey,Germany,101.70875,109.60073
232,1,1,2025-09-14,Finland,Greece,78.005444,73.715007
232,2,1,2025-09-14,Turkey,Germany,101.67384,97.81592
233,1,1,2025-09-14,Finland,Greece,96.231888,92.132414
233,2,1,2025-09-14,Turkey,Germany,77.848594,100.63819
234,1,1,2025-09-14,Finland,Greece,96.948423,84.590098
234,2,1,2025-09-14,Turkey,Germany,92.126443,96.900846
235,1,1,2025-09-14,Finland,Greece,96.808127,84.97342
235,2,1,2025-09-14,Turkey,Germany,77.349415,74.71528
236,1,1,2025-09-14,Finland,Greece,82.882135,33.436404
236,2,1,2025-09-14,Turkey,Germany,80.674194,112.65333
237,1,1,2025-09-14,Finland,Greece,77.997064,73.906565
237,2,1,2025-09-14,Turkey,Germany,81.475022,84.522164
238,1,1,2025-09-14,Finland,Greece,96.617916,84.192069
238,2,1,2025-09-14,Turkey,Germany,59.705406,112.61342
239,1,1,2025-09-14,Finland,Greece,87.616067,81.992793
239,2,1,2025-09-14,Turkey,Germany,93.649791,116.09462
240,1,1,2025-09-14,Finland,Greece,88.561743,71.609498
240,2,1,2025-09-14,Turkey,Germany,91.877657,97.684931
241,1,1,2025-09-14,Finland,Greece,88.762034,88.137003000000007
241,2,1,2025-09-14,Turkey,Germany,77.456785,89.905938
242,1,1,2025-09-14,Finland,Greece,113.23923,101.90187
242,2,1,2025-09-14,Turkey,Germany,70.131035,85.598481
243,1,1,2025-09-14,Finland,Greece,102.76629,74.461492
243,2,1,2025-09-14,Turkey,Germany,81.252283,95.567251
244,1,1,2025-09-14,Finland,Greece,100.15196,88.071773
244,2,1,2025-09-14,Turkey,Germany,77.369746,99.569498
245,1,1,2025-09-14,Finland,Greece,93.147121,80.034228
245,2,1,2025-09-14,Turkey,Germany,90.13564,80.013576
246,1,1,2025-09-14,Finland,Greece,106.36478,80.081419
246,2,1,2025-09-14,Turkey,Germany,75.240908,98.625263
247,1,1,2025-09-14,Finland,Greece,84.573438,81.532032
247,2,1,2025-09-14,Turkey,Germany,105.05637,98.320032
248,1,1,2025-09-14,Finland,Greece,72.702076,77.51578
248,2,1,2025-09-14,Turkey,Germany,83.917985,101.67812
249,1,1,2025-09-14,Finland,Greece,92.631383,73.520864
249,2,1,2025-09-14,Turkey,Germany,84.989518,94.209524
250,1,1,2025-09-14,Finland,Greece,90.854185,92.365762
250,2,1,2025-09-14,Turkey,Germany,81.899128,86.056215
251,1,1,2025-09-14,Finland,Greece,98.196803,75.547527
251,2,1,2025-09-14,Turkey,Germany,69.358993,99.883427
252,1,1,2025-09-14,Finland,Greece,97.709164,84.460049
252,2,1,2025-09-14,Turkey,Germany,73.423933,101.97681
253,1,1,2025-09-14,Finland,Greece,52.661297,82.537754
253,2,1,2025-09-14,Turkey,Germany,85.238986,94.016473
254,1,1,2025-09-14,Finland,Greece,85.936676,81.235639
254,2,1,2025-09-14,Turkey,Germany,92.088694,111.99194
255,1,1,2025-09-14,Finland,Greece,101.88828,97.082617
255,2,1,2025-09-14,Turkey,Germany,75.300252,92.208293
256,1,1,2025-09-14,Finland,Greece,89.896021,102.05269
256,2,1,2025-09-14,Turkey,Germany,77.531131,87.964667
257,1,1,2025-09-14,Finland,Greece,108.66045,89.412904
257,2,1,2025-09-14,Turkey,Germany,75.422066,102.10566
258,1,1,2025-09-14,Finland,Greece,81.597784,71.021462
258,2,1,2025-09-14,Turkey,Germany,90.524814,94.691673
259,1,1,2025-09-14,Finland,Greece,95.997772,85.657051
259,2,1,2025-09-14,Turkey,Germany,76.368396,78.789321
260,1,1,2025-09-14,Finland,Greece,87.749135,68.87626
260,2,1,2025-09-14,Turkey,Germany,76.805721,88.390438
261,1,1,2025-09-14,Finland,Greece,106.4246,67.810385
261,2,1,2025-09-14,Turkey,Germany,90.174584,91.697826
262,1,1,2025-09-14,Finland,Greece,95.166762,81.389504
262,2,1,2025-09-14,Turkey,Germany,91.37179,90.28082
263,1,1,2025-09-14,Finland,Greece,113.24028,74.014558
263,2,1,2025-09-14,Turkey,Germany,68.763894,101.44064
264,1,1,2025-09-14,Finland,Greece,96.199532,77.459086
264,2,1,2025-09-14,Turkey,Germany,63.628905,93.01797
265,1,1,2025-09-14,Finland,Greece,105.74504,106.6142
265,2,1,2025-09-14,Turkey,Germany,88.807477,97.043762
266,1,1,2025-09-14,Finland,Greece,84.472805,78.865226
266,2,1,2025-09-14,Turkey,Germany,83.84965,98.457303
267,1,1,2025-09-14,Finland,Greece,70.154897,85.718296
267,2,1,2025-09-14,Turkey,Germany,97.175924,131.699
268,1,1,2025-09-14,Finland,Greece,90.728107,81.175843
268,2,1,2025-09-14,Turkey,Germany,78.286828,110.16672
269,1,1,2025-09-14,Finland,Greece,84.599989,77.707939
269,2,1,2025-09-14,Turkey,Germany,86.843108,94.704068
270,1,1,2025-09-14,Finland,Greece,111.54578,74.155171
270,2,1,2025-09-14,Turkey,Germany,87.566734,85.007596
271,1,1,2025-09-14,Finland,Greece,97.353578,71.174322
271,2,1,2025-09-14,Turkey,Germany,90.973158,95.774538
272,1,1,2025-09-14,Finland,Greece,80.091,94.589503
272,2,1,2025-09-14,Turkey,Germany,64.8348,91.389428
273,1,1,2025-09-14,Finland,Greece,117.22643,80.951497
273,2,1,2025-09-14,Turkey,Germany,89.710149,110.24766
274,1,1,2025-09-14,Finland,Greece,101.6661,70.945277
274,2,1,2025-09-14,Turkey,Germany,96.62298,102.39255
275,1,1,2025-09-14,Finland,Greece,122.51697,97.922605
275,2,1,2025-09-14,Turkey,Germany,97.906925,76.137265
276,1,1,2025-09-14,Finland,Greece,69.576827,84.824752
276,2,1,2025-09-14,Turkey,Germany,81.183398,94.483318
277,1,1,2025-09-14,Finland,Greece,95.863917,58.496814
277,2,1,2025-09-14,Turkey,Germany,84.344981,78.821605
278,1,1,2025-09-14,Finland,Greece,95.913655,88.590812
278,2,1,2025-09-14,Turkey,Germany,94.754953,81.643888
279,1,1,2025-09-14,Finland,Greece,100.14621,84.658139
279,2,1,2025-09-14,Turkey,Germany,103.79327,92.603067
280,1,1,2025-09-14,Finland,Greece,93.51676,78.971095
280,2,1,2025-09-14,Turkey,Germany,95.408394,93.022242
281,1,1,2025-09-14,Finland,Greece,96.967904,81.805115
281,2,1,2025-09-14,Turkey,Germany,102.77181,91.728222
282,1,1,2025-09-14,Finland,Greece,103.96161,91.902457
282,2,1,2025-09-14,Turkey,Germany,94.210834,83.771371
283,1,1,2025-09-14,Finland,Greece,91.798761,79.749032
283,2,1,2025-09-14,Turkey,Germany,92.680332,85.547561
284,1,1,2025-09-14,Finland,Greece,100.52226,82.632344
284,2,1,2025-09-14,Turkey,Germany,94.481134,84.065654
285,1,1,2025-09-14,Finland,Greece,89.545362,92.125568
285,2,1,2025-09-14,Turkey,Germany,82.861377,104.83135
286,1,1,2025-09-14,Finland,Greece,111.39792,84.202607
286,2,1,2025-09-14,Turkey,Germany,76.858289,90.698797
287,1,1,2025-09-14,Finland,Greece,98.57292,101.12561
287,2,1,2025-09-14,Turkey,Germany,91.564953,90.21115
288,1,1,2025-09-14,Finland,Greece,120.47859,100.11806
288,2,1,2025-09-14,Turkey,Germany,86.760775,96.767146
289,1,1,2025-09-14,Finland,Greece,99.052401,98.803035
289,2,1,2025-09-14,Turkey,Germany,86.541273,69.615328
290,1,1,2025-09-14,Finland,Greece,107.36219,85.433632
290,2,1,2025-09-14,Turkey,Germany,73.694024,80.050999
291,1,1,2025-09-14,Finland,Greece,89.559688,80.397238
291,2,1,2025-09-14,Turkey,Germany,84.507699,98.886151
292,1,1,2025-09-14,Finland,Greece,98.464127,91.803722
292,2,1,2025-09-14,Turkey,Germany,86.493181,113.99412
293,1,1,2025-09-14,Finland,Greece,95.551395,72.340225
293,2,1,2025-09-14,Turkey,Germany,77.876624,86.530261
294,1,1,2025-09-14,Finland,Greece,86.669462,72.94592
294,2,1,2025-09-14,Turkey,Germany,79.59681,101.54266
295,1,1,2025-09-14,Finland,Greece,110.38284,84.46655
295,2,1,2025-09-14,Turkey,Germany,81.54487,87.258116
296,1,1,2025-09-14,Finland,Greece,86.417473,71.263886
296,2,1,2025-09-14,Turkey,Germany,88.140435,101.48306
297,1,1,2025-09-14,Finland,Greece,109.88853,89.497271
297,2,1,2025-09-14,Turkey,Germany,79.099129,89.283698
298,1,1,2025-09-14,Finland,Greece,108.92297,83.019574
298,2,1,2025-09-14,Turkey,Germany,82.862874,85.51781
299,1,1,2025-09-14,Finland,Greece,110.43562,80.296904
299,2,1,2025-09-14,Turkey,Germany,93.667824,92.307628
300,1,1,2025-09-14,Finland,Greece,99.188745,81.44615
300,2,1,2025-09-14,Turkey,Germany,62.937766,88.361667
301,1,1,2025-09-14,Finland,Greece,85.862635,69.761003
301,2,1,2025-09-14,Turkey,Germany,83.410051,117.42874
302,1,1,2025-09-14,Finland,Greece,95.614704,91.950221
302,2,1,2025-09-14,Turkey,Germany,87.558394,72.697062
303,1,1,2025-09-14,Finland,Greece,94.203621,76.309708
303,2,1,2025-09-14,Turkey,Germany,83.12078,88.13815
304,1,1,2025-09-14,Finland,Greece,91.259518,78.404371
304,2,1,2025-09-14,Turkey,Germany,82.587038,86.747815
305,1,1,2025-09-14,Finland,Greece,64.682989,60.937949
305,2,1,2025-09-14,Turkey,Germany,83.596409,90.073376
306,1,1,2025-09-14,Finland,Greece,86.027745,80.100967
306,2,1,2025-09-14,Turkey,Germany,101.99997,108.06784
307,1,1,2025-09-14,Finland,Greece,99.482942,81.749379
307,2,1,2025-09-14,Turkey,Germany,88.376903,99.589784
308,1,1,2025-09-14,Finland,Greece,101.46478,88.706118
308,2,1,2025-09-14,Turkey,Germany,71.666392,115.58151
309,1,1,2025-09-14,Finland,Greece,101.59221,75.740043
309,2,1,2025-09-14,Turkey,Germany,83.477682,84.74864
310,1,1,2025-09-14,Finland,Greece,89.612072,80.274357
310,2,1,2025-09-14,Turkey,Germany,78.930487,83.546474
311,1,1,2025-09-14,Finland,Greece,103.07807,87.655498
311,2,1,2025-09-14,Turkey,Germany,85.813987,100.17576
312,1,1,2025-09-14,Finland,Greece,80.480748,86.818724
312,2,1,2025-09-14,Turkey,Germany,89.363749,103.49381
313,1,1,2025-09-14,Finland,Greece,110.2845,92.831607
313,2,1,2025-09-14,Turkey,Germany,78.636393,98.151706
314,1,1,2025-09-14,Finland,Greece,77.200219,96.135694
314,2,1,2025-09-14,Turkey,Germany,85.254827,88.288795
315,1,1,2025-09-14,Finland,Greece,114.7012,90.245479
315,2,1,2025-09-14,Turkey,Germany,99.722157,98.959333
316,1,1,2025-09-14,Finland,Greece,71.353079,62.326449
316,2,1,2025-09-14,Turkey,Germany,83.845752,103.51002
317,1,1,2025-09-14,Finland,Greece,104.59378,76.237735
317,2,1,2025-09-14,Turkey,Germany,84.943544,103.92519
318,1,1,2025-09-14,Finland,Greece,125.82512,98.43056
318,2,1,2025-09-14,Turkey,Germany,78.240002,88.256276
319,1,1,2025-09-14,Finland,Greece,83.7087,83.138583
319,2,1,2025-09-14,Turkey,Germany,81.98119,96.744029
320,1,1,2025-09-14,Finland,Greece,104.39196,79.389938
320,2,1,2025-09-14,Turkey,Germany,106.95514,111.45422
321,1,1,2025-09-14,Finland,Greece,104.32475,95.173049
321,2,1,2025-09-14,Turkey,Germany,73.175209,89.605606
322,1,1,2025-09-14,Finland,Greece,114.56336,90.560234
322,2,1,2025-09-14,Turkey,Germany,82.616156,109.308
323,1,1,2025-09-14,Finland,Greece,105.43619,90.373825
323,2,1,2025-09-14,Turkey,Germany,92.191955,99.928646
324,1,1,2025-09-14,Finland,Greece,94.751175,75.383146
324,2,1,2025-09-14,Turkey,Germany,67.003847,97.391881
325,1,1,2025-09-14,Finland,Greece,92.147762,97.509153
325,2,1,2025-09-14,Turkey,Germany,74.981219,95.928894
326,1,1,2025-09-14,Finland,Greece,74.383661,85.721382
326,2,1,2025-09-14,Turkey,Germany,103.11917,84.042953
327,1,1,2025-09-14,Finland,Greece,95.107077,62.198419
327,2,1,2025-09-14,Turkey,Germany,68.83772,107.85839
328,1,1,2025-09-14,Finland,Greece,84.674263,71.994519
328,2,1,2025-09-14,Turkey,Germany,85.580607,102.51111
329,1,1,2025-09-14,Finland,Greece,78.662198,80.656971
329,2,1,2025-09-14,Turkey,Germany,81.614465,106.76872
330,1,1,2025-09-14,Finland,Greece,90.378824,78.613346
330,2,1,2025-09-14,Turkey,Germany,86.004861,94.603349
331,1,1,2025-09-14,Finland,Greece,95.476389,83.613332
331,2,1,2025-09-14,Turkey,Germany,73.848154,98.017216
332,1,1,2025-09-14,Finland,Greece,69.619399,65.825966
332,2,1,2025-09-14,Turkey,Germany,77.542106,100.26411
333,1,1,2025-09-14,Finland,Greece,114.90494,90.96194
333,2,1,2025-09-14,Turkey,Germany,120.32649,92.561683
334,1,1,2025-09-14,Finland,Greece,90.574193,74.313448
334,2,1,2025-09-14,Turkey,Germany,59.752172,80.330671
335,1,1,2025-09-14,Finland,Greece,97.271719,77.873393
335,2,1,2025-09-14,Turkey,Germany,62.894513,95.160364
336,1,1,2025-09-14,Finland,Greece,84.343506,102.31386
336,2,1,2025-09-14,Turkey,Germany,96.129182,84.82755
337,1,1,2025-09-14,Finland,Greece,75.271799,85.22132
337,2,1,2025-09-14,Turkey,Germany,70.578073,100.08242
338,1,1,2025-09-14,Finland,Greece,95.289545,87.170662
338,2,1,2025-09-14,Turkey,Germany,79.507891,94.993236
339,1,1,2025-09-14,Finland,Greece,74.859185,71.798032
339,2,1,2025-09-14,Turkey,Germany,69.636263,74.168581
340,1,1,2025-09-14,Finland,Greece,98.533191,77.916031
340,2,1,2025-09-14,Turkey,Germany,97.095967,94.181553
341,1,1,2025-09-14,Finland,Greece,107.6536,90.763092
341,2,1,2025-09-14,Turkey,Germany,73.023015,84.004668
342,1,1,2025-09-14,Finland,Greece,74.317245,68.693624
342,2,1,2025-09-14,Turkey,Germany,91.153672,101.56995
343,1,1,2025-09-14,Finland,Greece,110.18017,84.928361
343,2,1,2025-09-14,Turkey,Germany,104.90786,92.447866
344,1,1,2025-09-14,Finland,Greece,85.62911,60.750418
344,2,1,2025-09-14,Turkey,Germany,77.525447,84.67365
345,1,1,2025-09-14,Finland,Greece,105.60185,100.61737
345,2,1,2025-09-14,Turkey,Germany,86.300896,101.55007
346,1,1,2025-09-14,Finland,Greece,96.919501,84.650122
346,2,1,2025-09-14,Turkey,Germany,82.569357,96.004263
347,1,1,2025-09-14,Finland,Greece,108.08475,85.624207
347,2,1,2025-09-14,Turkey,Germany,103.32414,85.253906
348,1,1,2025-09-14,Finland,Greece,77.288886,68.84833
348,2,1,2025-09-14,Turkey,Germany,81.665821,85.844754
349,1,1,2025-09-14,Finland,Greece,105.79378,69.27134
349,2,1,2025-09-14,Turkey,Germany,88.3618,103.32815
350,1,1,2025-09-14,Finland,Greece,88.545713,111.82222
350,2,1,2025-09-14,Turkey,Germany,82.99664,106.39519
351,1,1,2025-09-14,Finland,Greece,103.77169,85.278205
351,2,1,2025-09-14,Turkey,Germany,97.076172,106.06117
352,1,1,2025-09-14,Finland,Greece,101.29687,94.554356
352,2,1,2025-09-14,Turkey,Germany,75.624437,93.011852
353,1,1,2025-09-14,Finland,Greece,96.977135,86.574431
353,2,1,2025-09-14,Turkey,Germany,81.526834,89.64977
354,1,1,2025-09-14,Finland,Greece,81.088438,68.091721
354,2,1,2025-09-14,Turkey,Germany,90.149281,117.68019
355,1,1,2025-09-14,Finland,Greece,74.789389,93.233656
355,2,1,2025-09-14,Turkey,Germany,82.965629,106.18524
356,1,1,2025-09-14,Finland,Greece,91.87268,76.358044
356,2,1,2025-09-14,Turkey,Germany,98.887104,109.32861
357,1,1,2025-09-14,Finland,Greece,93.083885,88.563746
357,2,1,2025-09-14,Turkey,Germany,81.643771,96.222972
358,1,1,2025-09-14,Finland,Greece,115.60011,80.25212
358,2,1,2025-09-14,Turkey,Germany,87.018517,114.0339
359,1,1,2025-09-14,Finland,Greece,105.30474,89.178884
359,2,1,2025-09-14,Turkey,Germany,87.452217,105.20688
360,1,1,2025-09-14,Finland,Greece,102.08749,83.150395
360,2,1,2025-09-14,Turkey,Germany,83.266327,84.936217
361,1,1,2025-09-14,Finland,Greece,86.080137,91.610479
361,2,1,2025-09-14,Turkey,Germany,92.436223,100.41032
362,1,1,2025-09-14,Finland,Greece,89.133568,82.62558
362,2,1,2025-09-14,Turkey,Germany,64.925973,82.634074
363,1,1,2025-09-14,Finland,Greece,104.36493,85.502589
363,2,1,2025-09-14,Turkey,Germany,86.042722,89.732423
364,1,1,2025-09-14,Finland,Greece,83.670717,68.054295
364,2,1,2025-09-14,Turkey,Germany,89.805205,108.27676
365,1,1,2025-09-14,Finland,Greece,85.867216,86.940218
365,2,1,2025-09-14,Turkey,Germany,96.968701,88.68417
366,1,1,2025-09-14,Finland,Greece,102.91614,77.582981
366,2,1,2025-09-14,Turkey,Germany,91.820039,83.177308
367,1,1,2025-09-14,Finland,Greece,104.37296,80.883114
367,2,1,2025-09-14,Turkey,Germany,78.452491,96.125745
368,1,1,2025-09-14,Finland,Greece,95.663102,82.060247
368,2,1,2025-09-14,Turkey,Germany,63.53603,98.078763
369,1,1,2025-09-14,Finland,Greece,109.01217,97.993123
369,2,1,2025-09-14,Turkey,Germany,102.38581,100.16171
370,1,1,2025-09-14,Finland,Greece,88.16392,96.44595
370,2,1,2025-09-14,Turkey,Germany,71.179628,81.401038
371,1,1,2025-09-14,Finland,Greece,94.402362,84.354799
371,2,1,2025-09-14,Turkey,Germany,86.802985,88.448482
372,1,1,2025-09-14,Finland,Greece,97.166856,95.618006
372,2,1,2025-09-14,Turkey,Germany,63.180849,83.751534
373,1,1,2025-09-14,Finland,Greece,86.397577,78.75679
373,2,1,2025-09-14,Turkey,Germany,85.639557,110.75528
374,1,1,2025-09-14,Finland,Greece,95.815971,86.165078
374,2,1,2025-09-14,Turkey,Germany,85.333087,96.447867
375,1,1,2025-09-14,Finland,Greece,87.197009,79.215867
375,2,1,2025-09-14,Turkey,Germany,69.386956,93.764963
376,1,1,2025-09-14,Finland,Greece,78.39854,79.806466
376,2,1,2025-09-14,Turkey,Germany,95.168954,85.980872
377,1,1,2025-09-14,Finland,Greece,102.29039,92.89568
377,2,1,2025-09-14,Turkey,Germany,90.545336,96.809751
378,1,1,2025-09-14,Finland,Greece,98.293909,69.741976
378,2,1,2025-09-14,Turkey,Germany,84.94434,97.008856
379,1,1,2025-09-14,Finland,Greece,97.067861,85.403075
379,2,1,2025-09-14,Turkey,Germany,94.530816,94.799129
380,1,1,2025-09-14,Finland,Greece,100.53423,75.538419
380,2,1,2025-09-14,Turkey,Germany,79.913078,96.341232
381,1,1,2025-09-14,Finland,Greece,87.696205,91.120522
381,2,1,2025-09-14,Turkey,Germany,82.009699,111.66302
382,1,1,2025-09-14,Finland,Greece,102.21705,84.431439
382,2,1,2025-09-14,Turkey,Germany,83.479051,99.254856
383,1,1,2025-09-14,Finland,Greece,93.179804,81.19191
383,2,1,2025-09-14,Turkey,Germany,99.849023,101.3252
384,1,1,2025-09-14,Finland,Greece,106.34087,96.920733
384,2,1,2025-09-14,Turkey,Germany,67.529132,101.63271
385,1,1,2025-09-14,Finland,Greece,72.991378,80.546279
385,2,1,2025-09-14,Turkey,Germany,88.144892,83.176007
386,1,1,2025-09-14,Finland,Greece,80.487774,77.372418
386,2,1,2025-09-14,Turkey,Germany,71.881243,100.33539
387,1,1,2025-09-14,Finland,Greece,68.708872,88.071504
387,2,1,2025-09-14,Turkey,Germany,82.37608,85.697686
388,1,1,2025-09-14,Finland,Greece,101.42541,74.343719
388,2,1,2025-09-14,Turkey,Germany,80.145453,75.739855
389,1,1,2025-09-14,Finland,Greece,75.829097,87.47159
389,2,1,2025-09-14,Turkey,Germany,89.384686,92.65285
390,1,1,2025-09-14,Finland,Greece,107.72885,76.742894
390,2,1,2025-09-14,Turkey,Germany,82.85088,72.775541
391,1,1,2025-09-14,Finland,Greece,112.7995,91.814637
391,2,1,2025-09-14,Turkey,Germany,93.133393,74.846282
392,1,1,2025-09-14,Finland,Greece,100.70155,84.291959
392,2,1,2025-09-14,Turkey,Germany,87.95466,114.33232
393,1,1,2025-09-14,Finland,Greece,95.051846,89.845984
393,2,1,2025-09-14,Turkey,Germany,88.41429,87.511943
394,1,1,2025-09-14,Finland,Greece,99.544519,81.337085
394,2,1,2025-09-14,Turkey,Germany,90.622668,113.69431
395,1,1,2025-09-14,Finland,Greece,67.965247,80.895952
395,2,1,2025-09-14,Turkey,Germany,81.50877,80.916293
396,1,1,2025-09-14,Finland,Greece,84.08259,80.825834
396,2,1,2025-09-14,Turkey,Germany,78.708583,73.745133
397,1,1,2025-09-14,Finland,Greece,90.482835,69.296122
397,2,1,2025-09-14,Turkey,Germany,83.97883,83.810879
398,1,1,2025-09-14,Finland,Greece,76.04723,73.56745
398,2,1,2025-09-14,Turkey,Germany,82.000738,80.829352
399,1,1,2025-09-14,Finland,Greece,87.392217,88.814154
399,2,1,2025-09-14,Turkey,Germany,101.5718,80.134125
400,1,1,2025-09-14,Finland,Greece,92.65081,86.312624
400,2,1,2025-09-14,Turkey,Germany,80.038455,77.074136
401,1,1,2025-09-14,Finland,Greece,102.26117,79.413828
401,2,1,2025-09-14,Turkey,Germany,90.254501,96.188847
402,1,1,2025-09-14,Finland,Greece,68.293466,69.20283
402,2,1,2025-09-14,Turkey,Germany,85.732395,89.956302
403,1,1,2025-09-14,Finland,Greece,102.21269,80.402378
403,2,1,2025-09-14,Turkey,Germany,85.571451,101.30637
404,1,1,2025-09-14,Finland,Greece,102.84642,78.367023
404,2,1,2025-09-14,Turkey,Germany,87.284054,85.60583
405,1,1,2025-09-14,Finland,Greece,98.179349,80.904763
405,2,1,2025-09-14,Turkey,Germany,61.875025,73.244478
406,1,1,2025-09-14,Finland,Greece,91.067114,76.721822
406,2,1,2025-09-14,Turkey,Germany,74.446606,97.488114
407,1,1,2025-09-14,Finland,Greece,90.324542,70.138958
407,2,1,2025-09-14,Turkey,Germany,78.47934,82.686375
408,1,1,2025-09-14,Finland,Greece,87.606445,89.871252
408,2,1,2025-09-14,Turkey,Germany,74.154371,116.15307
409,1,1,2025-09-14,Finland,Greece,75.024041,76.255892
409,2,1,2025-09-14,Turkey,Germany,97.282547,86.595056
410,1,1,2025-09-14,Finland,Greece,82.245639,87.695643
410,2,1,2025-09-14,Turkey,Germany,76.410141,120.3835
411,1,1,2025-09-14,Finland,Greece,87.280181,84.918976
411,2,1,2025-09-14,Turkey,Germany,78.520767,94.197859
412,1,1,2025-09-14,Finland,Greece,83.700337,69.584346
412,2,1,2025-09-14,Turkey,Germany,69.95851,107.06278
413,1,1,2025-09-14,Finland,Greece,97.048199,93.378737
413,2,1,2025-09-14,Turkey,Germany,91.368364,91.85618
414,1,1,2025-09-14,Finland,Greece,86.59915,84.973217
414,2,1,2025-09-14,Turkey,Germany,67.37459,84.1615
415,1,1,2025-09-14,Finland,Greece,85.551571,80.72331
415,2,1,2025-09-14,Turkey,Germany,82.303707,89.581948
416,1,1,2025-09-14,Finland,Greece,68.302132,94.150765
416,2,1,2025-09-14,Turkey,Germany,85.876241,63.429371
417,1,1,2025-09-14,Finland,Greece,111.49023,102.30919
417,2,1,2025-09-14,Turkey,Germany,81.537162,95.663675
418,1,1,2025-09-14,Finland,Greece,79.588269,79.757204
418,2,1,2025-09-14,Turkey,Germany,82.395448,93.220921
419,1,1,2025-09-14,Finland,Greece,84.068777,70.46494
419,2,1,2025-09-14,Turkey,Germany,53.421468,118.37193
420,1,1,2025-09-14,Finland,Greece,105.73414,86.003023
420,2,1,2025-09-14,Turkey,Germany,98.02405,109.50874
421,1,1,2025-09-14,Finland,Greece,95.783663,83.530847
421,2,1,2025-09-14,Turkey,Germany,88.390603,85.488206
422,1,1,2025-09-14,Finland,Greece,90.839429,73.698632
422,2,1,2025-09-14,Turkey,Germany,91.735009,121.59664
423,1,1,2025-09-14,Finland,Greece,76.151344,94.049903
423,2,1,2025-09-14,Turkey,Germany,79.588487,97.099817
424,1,1,2025-09-14,Finland,Greece,75.918578,80.479599
424,2,1,2025-09-14,Turkey,Germany,95.861072,92.874379
425,1,1,2025-09-14,Finland,Greece,88.954287,62.212011
425,2,1,2025-09-14,Turkey,Germany,73.537157,87.581023
426,1,1,2025-09-14,Finland,Greece,115.90865,75.444836
426,2,1,2025-09-14,Turkey,Germany,101.83101,102.69072
427,1,1,2025-09-14,Finland,Greece,89.160029,85.296961
427,2,1,2025-09-14,Turkey,Germany,89.907902000000007,92.548501
428,1,1,2025-09-14,Finland,Greece,91.414385,88.105069
428,2,1,2025-09-14,Turkey,Germany,83.339304,99.540793
429,1,1,2025-09-14,Finland,Greece,86.580819,82.521599
429,2,1,2025-09-14,Turkey,Germany,96.405261,101.73305
430,1,1,2025-09-14,Finland,Greece,87.264607,62.298318
430,2,1,2025-09-14,Turkey,Germany,84.468366,80.031114
431,1,1,2025-09-14,Finland,Greece,80.841606,61.06469
431,2,1,2025-09-14,Turkey,Germany,89.8793,99.454355
432,1,1,2025-09-14,Finland,Greece,99.631018,98.157205
432,2,1,2025-09-14,Turkey,Germany,81.808984,81.384982
433,1,1,2025-09-14,Finland,Greece,93.58574,88.624981
433,2,1,2025-09-14,Turkey,Germany,102.91923,97.267411
434,1,1,2025-09-14,Finland,Greece,95.538395,90.500644
434,2,1,2025-09-14,Turkey,Germany,85.191518,98.666252
435,1,1,2025-09-14,Finland,Greece,113.8754,73.278897
435,2,1,2025-09-14,Turkey,Germany,79.901857,92.452062
436,1,1,2025-09-14,Finland,Greece,86.511183,87.4033
436,2,1,2025-09-14,Turkey,Germany,64.191247,90.884236
437,1,1,2025-09-14,Finland,Greece,80.605498,82.841034
437,2,1,2025-09-14,Turkey,Germany,83.112758,92.682514
438,1,1,2025-09-14,Finland,Greece,72.868536,67.698145
438,2,1,2025-09-14,Turkey,Germany,60.422722,86.470933
439,1,1,2025-09-14,Finland,Greece,90.865858,85.780933
439,2,1,2025-09-14,Turkey,Germany,98.927362,91.555494
440,1,1,2025-09-14,Finland,Greece,74.206539,87.903489
440,2,1,2025-09-14,Turkey,Germany,90.545586,115.74942
441,1,1,2025-09-14,Finland,Greece,96.723137,72.329599
441,2,1,2025-09-14,Turkey,Germany,61.311569,95.226909
442,1,1,2025-09-14,Finland,Greece,104.60277,85.51464
442,2,1,2025-09-14,Turkey,Germany,83.898776,87.024948
443,1,1,2025-09-14,Finland,Greece,93.074303,69.07963
443,2,1,2025-09-14,Turkey,Germany,70.413121,96.617966
444,1,1,2025-09-14,Finland,Greece,80.662646,71.411006
444,2,1,2025-09-14,Turkey,Germany,83.407876,104.83036
445,1,1,2025-09-14,Finland,Greece,100.35331,71.607433
445,2,1,2025-09-14,Turkey,Germany,71.647721,69.595442
446,1,1,2025-09-14,Finland,Greece,80.067505,99.349157
446,2,1,2025-09-14,Turkey,Germany,89.058005,93.881395
447,1,1,2025-09-14,Finland,Greece,106.56949,83.352286
447,2,1,2025-09-14,Turkey,Germany,75.856675,106.19481
448,1,1,2025-09-14,Finland,Greece,96.469316,75.304464
448,2,1,2025-09-14,Turkey,Germany,102.93158,96.691966
449,1,1,2025-09-14,Finland,Greece,101.40876,88.813783
449,2,1,2025-09-14,Turkey,Germany,102.66388,93.128047
450,1,1,2025-09-14,Finland,Greece,78.879323,78.262858
450,2,1,2025-09-14,Turkey,Germany,89.627017,94.590671
451,1,1,2025-09-14,Finland,Greece,92.531676,82.17532
451,2,1,2025-09-14,Turkey,Germany,83.782609,101.55862
452,1,1,2025-09-14,Finland,Greece,85.126624,85.882842
452,2,1,2025-09-14,Turkey,Germany,82.682167,108.12314
453,1,1,2025-09-14,Finland,Greece,95.999734,75.290004
453,2,1,2025-09-14,Turkey,Germany,62.616618,89.861047
454,1,1,2025-09-14,Finland,Greece,95.318701,128.3013
454,2,1,2025-09-14,Turkey,Germany,69.678298,70.884187
455,1,1,2025-09-14,Finland,Greece,96.543259,80.483691
455,2,1,2025-09-14,Turkey,Germany,75.583458,93.644823
456,1,1,2025-09-14,Finland,Greece,98.708904,114.78459
456,2,1,2025-09-14,Turkey,Germany,67.057935,90.805775
457,1,1,2025-09-14,Finland,Greece,85.018799,74.826776
457,2,1,2025-09-14,Turkey,Germany,78.158717,77.329844
458,1,1,2025-09-14,Finland,Greece,79.028298,85.905405
458,2,1,2025-09-14,Turkey,Germany,82.437972,91.906159
459,1,1,2025-09-14,Finland,Greece,85.169462,53.795551
459,2,1,2025-09-14,Turkey,Germany,85.14639,99.726209
460,1,1,2025-09-14,Finland,Greece,87.208877,84.653498
460,2,1,2025-09-14,Turkey,Germany,86.335813,99.031049
461,1,1,2025-09-14,Finland,Greece,72.170317,68.15321
461,2,1,2025-09-14,Turkey,Germany,76.191441,90.850934
462,1,1,2025-09-14,Finland,Greece,91.481798,72.323168
462,2,1,2025-09-14,Turkey,Germany,79.615396,78.809945
463,1,1,2025-09-14,Finland,Greece,84.946487,83.988221
463,2,1,2025-09-14,Turkey,Germany,96.314244,105.04859
464,1,1,2025-09-14,Finland,Greece,88.721494,78.543033
464,2,1,2025-09-14,Turkey,Germany,72.638034,82.304233
465,1,1,2025-09-14,Finland,Greece,95.830438,82.080708
465,2,1,2025-09-14,Turkey,Germany,69.959358,90.420935
466,1,1,2025-09-14,Finland,Greece,106.26591,76.661789
466,2,1,2025-09-14,Turkey,Germany,90.04323,108.39244
467,1,1,2025-09-14,Finland,Greece,95.772964,84.321778
467,2,1,2025-09-14,Turkey,Germany,87.124766,106.13608
468,1,1,2025-09-14,Finland,Greece,93.035744,76.922197
468,2,1,2025-09-14,Turkey,Germany,59.713521,97.484546
469,1,1,2025-09-14,Finland,Greece,99.482592,86.523334
469,2,1,2025-09-14,Turkey,Germany,70.810419,89.579603
470,1,1,2025-09-14,Finland,Greece,109.52996,73.768025
470,2,1,2025-09-14,Turkey,Germany,84.81864,103.22803
471,1,1,2025-09-14,Finland,Greece,93.787003,86.022928
471,2,1,2025-09-14,Turkey,Germany,55.870384,102.7709
472,1,1,2025-09-14,Finland,Greece,93.814695,82.924031
472,2,1,2025-09-14,Turkey,Germany,80.822097,86.141051
473,1,1,2025-09-14,Finland,Greece,97.791504,71.832936
473,2,1,2025-09-14,Turkey,Germany,79.724476,90.06878
474,1,1,2025-09-14,Finland,Greece,109.39342,81.544385
474,2,1,2025-09-14,Turkey,Germany,72.923981,104.23416
475,1,1,2025-09-14,Finland,Greece,111.09874,65.615885
475,2,1,2025-09-14,Turkey,Germany,62.621713,77.428477
476,1,1,2025-09-14,Finland,Greece,80.390083,85.24861
476,2,1,2025-09-14,Turkey,Germany,85.63781,90.363448
477,1,1,2025-09-14,Finland,Greece,95.089973,71.332461
477,2,1,2025-09-14,Turkey,Germany,71.437875,83.931324
478,1,1,2025-09-14,Finland,Greece,110.82723,101.67188
478,2,1,2025-09-14,Turkey,Germany,67.437533,97.609265
479,1,1,2025-09-14,Finland,Greece,97.969754,65.872507
479,2,1,2025-09-14,Turkey,Germany,86.000713,82.358315
480,1,1,2025-09-14,Finland,Greece,120.92836,73.8694
480,2,1,2025-09-14,Turkey,Germany,77.106745,118.0819
481,1,1,2025-09-14,Finland,Greece,100.92553,85.26912
481,2,1,2025-09-14,Turkey,Germany,71.851522,111.32684
482,1,1,2025-09-14,Finland,Greece,102.99618,86.847203
482,2,1,2025-09-14,Turkey,Germany,93.605823,112.65524
483,1,1,2025-09-14,Finland,Greece,78.036787,70.791234
483,2,1,2025-09-14,Turkey,Germany,76.052447,94.823216
484,1,1,2025-09-14,Finland,Greece,61.124884,79.953571
484,2,1,2025-09-14,Turkey,Germany,71.105676,95.727035
485,1,1,2025-09-14,Finland,Greece,77.090317,53.479743
485,2,1,2025-09-14,Turkey,Germany,95.284613,94.430164
486,1,1,2025-09-14,Finland,Greece,88.757667,92.284768
486,2,1,2025-09-14,Turkey,Germany,85.119132,82.091801
487,1,1,2025-09-14,Finland,Greece,88.574547,78.5127
487,2,1,2025-09-14,Turkey,Germany,85.055605,85.005823
488,1,1,2025-09-14,Finland,Greece,83.502828,73.845109
488,2,1,2025-09-14,Turkey,Germany,85.085936,97.425876
489,1,1,2025-09-14,Finland,Greece,96.60841,79.937767
489,2,1,2025-09-14,Turkey,Germany,82.706873,105.31084
490,1,1,2025-09-14,Finland,Greece,108.82407,99.974899
490,2,1,2025-09-14,Turkey,Germany,104.72434,83.673658
491,1,1,2025-09-14,Finland,Greece,93.58456,74.597663
491,2,1,2025-09-14,Turkey,Germany,86.993977,106.93258
492,1,1,2025-09-14,Finland,Greece,78.009583,86.540056
492,2,1,2025-09-14,Turkey,Germany,80.915403,85.758386
493,1,1,2025-09-14,Finland,Greece,97.637216,103.31097
493,2,1,2025-09-14,Turkey,Germany,104.25848,92.042489
494,1,1,2025-09-14,Finland,Greece,105.55163,89.503669
494,2,1,2025-09-14,Turkey,Germany,85.301632,98.291536
495,1,1,2025-09-14,Finland,Greece,95.025123,84.460138
495,2,1,2025-09-14,Turkey,Germany,65.985676,112.42182
496,1,1,2025-09-14,Finland,Greece,80.9268,82.909543
496,2,1,2025-09-14,Turkey,Germany,75.078937,96.228531
497,1,1,2025-09-14,Finland,Greece,91.912802,74.036935
497,2,1,2025-09-14,Turkey,Germany,69.206966,92.834076
498,1,1,2025-09-14,Finland,Greece,108.32745,85.611505
498,2,1,2025-09-14,Turkey,Germany,86.664059,96.25919
499,1,1,2025-09-14,Finland,Greece,104.86154,93.80982
499,2,1,2025-09-14,Turkey,Germany,88.23865,105.11454
500,1,1,2025-09-14,Finland,Greece,101.25717,78.910714
500,2,1,2025-09-14,Turkey,Germany,79.986191,91.087245
501,1,1,2025-09-14,Finland,Greece,100.16315,63.918221
501,2,1,2025-09-14,Turkey,Germany,87.202135,97.103741
502,1,1,2025-09-14,Finland,Greece,89.869607,74.019432
502,2,1,2025-09-14,Turkey,Germany,73.533534,97.023722
503,1,1,2025-09-14,Finland,Greece,94.399427,101.85735
503,2,1,2025-09-14,Turkey,Germany,82.679355,96.931156
504,1,1,2025-09-14,Finland,Greece,101.18017,92.190048
504,2,1,2025-09-14,Turkey,Germany,85.834444,108.9951
505,1,1,2025-09-14,Finland,Greece,90.143527,82.836726
505,2,1,2025-09-14,Turkey,Germany,96.10903,72.207835
506,1,1,2025-09-14,Finland,Greece,105.95033,58.3725
506,2,1,2025-09-14,Turkey,Germany,82.950649,118.16174
507,1,1,2025-09-14,Finland,Greece,89.392138,84.998929
507,2,1,2025-09-14,Turkey,Germany,75.788969,97.19656
508,1,1,2025-09-14,Finland,Greece,97.770242,91.056609
508,2,1,2025-09-14,Turkey,Germany,82.992008,79.22209
509,1,1,2025-09-14,Finland,Greece,92.667573,80.302329
509,2,1,2025-09-14,Turkey,Germany,66.909031,90.587905
510,1,1,2025-09-14,Finland,Greece,97.298894,105.86688
510,2,1,2025-09-14,Turkey,Germany,84.089949,100.01304
511,1,1,2025-09-14,Finland,Greece,86.631483,63.344773000000004
511,2,1,2025-09-14,Turkey,Germany,68.870659,91.989734
512,1,1,2025-09-14,Finland,Greece,103.44767,101.65754
512,2,1,2025-09-14,Turkey,Germany,96.543471,83.997161
513,1,1,2025-09-14,Finland,Greece,87.220757,87.104323
513,2,1,2025-09-14,Turkey,Germany,80.514163,106.8596
514,1,1,2025-09-14,Finland,Greece,96.307013,85.699313
514,2,1,2025-09-14,Turkey,Germany,75.866409,96.487773
515,1,1,2025-09-14,Finland,Greece,116.62604,84.852768
515,2,1,2025-09-14,Turkey,Germany,70.785635,81.351632
516,1,1,2025-09-14,Finland,Greece,103.49148,81.12854
516,2,1,2025-09-14,Turkey,Germany,92.902339,100.06158
517,1,1,2025-09-14,Finland,Greece,83.07599,95.270516
517,2,1,2025-09-14,Turkey,Germany,88.560967,81.551835
518,1,1,2025-09-14,Finland,Greece,77.219489,66.698386
518,2,1,2025-09-14,Turkey,Germany,75.840541,95.544252
519,1,1,2025-09-14,Finland,Greece,99.063763,74.830944
519,2,1,2025-09-14,Turkey,Germany,71.004903,74.486073
520,1,1,2025-09-14,Finland,Greece,76.929159,76.537379
520,2,1,2025-09-14,Turkey,Germany,76.976144,87.866427
521,1,1,2025-09-14,Finland,Greece,87.374764,73.673654
521,2,1,2025-09-14,Turkey,Germany,74.611505,76.193359
522,1,1,2025-09-14,Finland,Greece,111.33483,88.849223
522,2,1,2025-09-14,Turkey,Germany,69.475545,92.092433
523,1,1,2025-09-14,Finland,Greece,85.79996,82.90346
523,2,1,2025-09-14,Turkey,Germany,86.892837,76.013409
524,1,1,2025-09-14,Finland,Greece,99.078827,86.326892
524,2,1,2025-09-14,Turkey,Germany,74.215718,100.40901
525,1,1,2025-09-14,Finland,Greece,64.319009,107.59491
525,2,1,2025-09-14,Turkey,Germany,91.56259,75.477548
526,1,1,2025-09-14,Finland,Greece,93.735277,74.403875
526,2,1,2025-09-14,Turkey,Germany,93.670246,103.33467
527,1,1,2025-09-14,Finland,Greece,97.7524,90.047322
527,2,1,2025-09-14,Turkey,Germany,102.90449,96.115707
528,1,1,2025-09-14,Finland,Greece,89.710344,79.550947
528,2,1,2025-09-14,Turkey,Germany,91.092486,83.615489
529,1,1,2025-09-14,Finland,Greece,87.057761,80.749086
529,2,1,2025-09-14,Turkey,Germany,87.071447,97.524278
530,1,1,2025-09-14,Finland,Greece,101.45391,93.311278
530,2,1,2025-09-14,Turkey,Germany,76.584004,105.7458
531,1,1,2025-09-14,Finland,Greece,100.07297,85.211799
531,2,1,2025-09-14,Turkey,Germany,94.836936,113.59764
532,1,1,2025-09-14,Finland,Greece,95.650022,78.596461
532,2,1,2025-09-14,Turkey,Germany,79.265498,77.36168
533,1,1,2025-09-14,Finland,Greece,103.59059,81.996708
533,2,1,2025-09-14,Turkey,Germany,98.881749,83.531202
534,1,1,2025-09-14,Finland,Greece,87.261007,78.341555
534,2,1,2025-09-14,Turkey,Germany,101.29749,103.95674
535,1,1,2025-09-14,Finland,Greece,96.712837,83.350427
535,2,1,2025-09-14,Turkey,Germany,79.430632,88.787007
536,1,1,2025-09-14,Finland,Greece,101.51878,69.070127
536,2,1,2025-09-14,Turkey,Germany,84.240469,109.93182
537,1,1,2025-09-14,Finland,Greece,86.364666,67.713047
537,2,1,2025-09-14,Turkey,Germany,90.029812,87.803253
538,1,1,2025-09-14,Finland,Greece,90.45129,89.962681
538,2,1,2025-09-14,Turkey,Germany,85.681268,100.30915
539,1,1,2025-09-14,Finland,Greece,91.612126,72.911912
539,2,1,2025-09-14,Turkey,Germany,84.328128,83.350559
540,1,1,2025-09-14,Finland,Greece,100.74504,83.828997
540,2,1,2025-09-14,Turkey,Germany,73.904671,75.658183
541,1,1,2025-09-14,Finland,Greece,90.160374,91.66576
541,2,1,2025-09-14,Turkey,Germany,95.704153,90.960409
542,1,1,2025-09-14,Finland,Greece,84.223544,63.864867
542,2,1,2025-09-14,Turkey,Germany,90.552219,92.794635
543,1,1,2025-09-14,Finland,Greece,78.952619,77.959265
543,2,1,2025-09-14,Turkey,Germany,63.121388,78.691375
544,1,1,2025-09-14,Finland,Greece,108.30517,88.966485
544,2,1,2025-09-14,Turkey,Germany,93.580077,73.492655
545,1,1,2025-09-14,Finland,Greece,78.285199,78.744987
545,2,1,2025-09-14,Turkey,Germany,91.998153,97.048754
546,1,1,2025-09-14,Finland,Greece,97.109999,87.406028
546,2,1,2025-09-14,Turkey,Germany,82.935175,80.639836
547,1,1,2025-09-14,Finland,Greece,84.714635,76.284563
547,2,1,2025-09-14,Turkey,Germany,68.621814,90.537341
548,1,1,2025-09-14,Finland,Greece,87.170035,72.650396
548,2,1,2025-09-14,Turkey,Germany,94.059517,93.715591
549,1,1,2025-09-14,Finland,Greece,93.084106,78.869782
549,2,1,2025-09-14,Turkey,Germany,86.152554,74.563232
550,1,1,2025-09-14,Finland,Greece,100.48416,71.744877
550,2,1,2025-09-14,Turkey,Germany,86.388935,103.79811
551,1,1,2025-09-14,Finland,Greece,94.674745,75.899895
551,2,1,2025-09-14,Turkey,Germany,97.097866,91.322696
552,1,1,2025-09-14,Finland,Greece,97.34365,91.734095
552,2,1,2025-09-14,Turkey,Germany,72.796594,98.247921
553,1,1,2025-09-14,Finland,Greece,99.666951,91.245294
553,2,1,2025-09-14,Turkey,Germany,107.72683,112.28362
554,1,1,2025-09-14,Finland,Greece,86.624237,89.330311
554,2,1,2025-09-14,Turkey,Germany,60.873663,73.144553
555,1,1,2025-09-14,Finland,Greece,97.949951,79.221846
555,2,1,2025-09-14,Turkey,Germany,94.844823,109.8668
556,1,1,2025-09-14,Finland,Greece,100.31264,88.273801
556,2,1,2025-09-14,Turkey,Germany,73.848847,89.365755
557,1,1,2025-09-14,Finland,Greece,103.32107,64.983118
557,2,1,2025-09-14,Turkey,Germany,82.763128,96.769062
558,1,1,2025-09-14,Finland,Greece,87.876839,95.253068
558,2,1,2025-09-14,Turkey,Germany,82.728495,110.39175
559,1,1,2025-09-14,Finland,Greece,100.88171,84.64201
559,2,1,2025-09-14,Turkey,Germany,83.6766,91.446455
560,1,1,2025-09-14,Finland,Greece,87.355127,79.367368
560,2,1,2025-09-14,Turkey,Germany,89.326936,100.79549
561,1,1,2025-09-14,Finland,Greece,95.384168,72.245769
561,2,1,2025-09-14,Turkey,Germany,62.313127,75.790009
562,1,1,2025-09-14,Finland,Greece,110.72238,73.506083
562,2,1,2025-09-14,Turkey,Germany,87.763014,117.64979
563,1,1,2025-09-14,Finland,Greece,81.966354,82.756355
563,2,1,2025-09-14,Turkey,Germany,81.410006,104.35044
564,1,1,2025-09-14,Finland,Greece,90.024812,86.495311
564,2,1,2025-09-14,Turkey,Germany,95.814033,100.21427
565,1,1,2025-09-14,Finland,Greece,94.294203,82.048686
565,2,1,2025-09-14,Turkey,Germany,84.662915,82.430342
566,1,1,2025-09-14,Finland,Greece,87.262333,91.944135
566,2,1,2025-09-14,Turkey,Germany,83.149069,88.49898
567,1,1,2025-09-14,Finland,Greece,92.29631,93.013886
567,2,1,2025-09-14,Turkey,Germany,87.810721,95.43984
568,1,1,2025-09-14,Finland,Greece,80.424666,86.486514
568,2,1,2025-09-14,Turkey,Germany,70.225304,98.813247
569,1,1,2025-09-14,Finland,Greece,75.223881,105.03796
569,2,1,2025-09-14,Turkey,Germany,75.523679,101.82176
570,1,1,2025-09-14,Finland,Greece,96.906589,74.19643
570,2,1,2025-09-14,Turkey,Germany,97.188897,87.781647
571,1,1,2025-09-14,Finland,Greece,89.71013,89.568863
571,2,1,2025-09-14,Turkey,Germany,88.350153,91.160702
572,1,1,2025-09-14,Finland,Greece,101.61165,79.928966
572,2,1,2025-09-14,Turkey,Germany,96.872201,116.21445
573,1,1,2025-09-14,Finland,Greece,94.068268,97.784345
573,2,1,2025-09-14,Turkey,Germany,82.357714,95.577982
574,1,1,2025-09-14,Finland,Greece,87.920174,81.87783
574,2,1,2025-09-14,Turkey,Germany,90.628795,88.973823
575,1,1,2025-09-14,Finland,Greece,88.315524,92.690918
575,2,1,2025-09-14,Turkey,Germany,92.424934,93.539567
576,1,1,2025-09-14,Finland,Greece,102.55651,85.352834
576,2,1,2025-09-14,Turkey,Germany,88.84659,81.961788
577,1,1,2025-09-14,Finland,Greece,86.749664,92.678663
577,2,1,2025-09-14,Turkey,Germany,74.324571,100.52594
578,1,1,2025-09-14,Finland,Greece,87.980797,76.704867
578,2,1,2025-09-14,Turkey,Germany,90.642515,83.452864
579,1,1,2025-09-14,Finland,Greece,96.80716,84.328942
579,2,1,2025-09-14,Turkey,Germany,72.298438,78.547456
580,1,1,2025-09-14,Finland,Greece,96.174298,101.98564
580,2,1,2025-09-14,Turkey,Germany,79.029529,94.539037
581,1,1,2025-09-14,Finland,Greece,108.88793,84.353633
581,2,1,2025-09-14,Turkey,Germany,85.897149,106.21488
582,1,1,2025-09-14,Finland,Greece,103.65826,108.69966
582,2,1,2025-09-14,Turkey,Germany,85.564512,91.12089
583,1,1,2025-09-14,Finland,Greece,87.434049,80.389317
583,2,1,2025-09-14,Turkey,Germany,89.929378,97.141474
584,1,1,2025-09-14,Finland,Greece,98.438164,70.27536
584,2,1,2025-09-14,Turkey,Germany,85.453329,95.433343
585,1,1,2025-09-14,Finland,Greece,83.425691,73.057667
585,2,1,2025-09-14,Turkey,Germany,65.569871,96.600689
586,1,1,2025-09-14,Finland,Greece,98.040888,92.992777
586,2,1,2025-09-14,Turkey,Germany,87.597736,110.17309
587,1,1,2025-09-14,Finland,Greece,97.74244,80.664637
587,2,1,2025-09-14,Turkey,Germany,89.412363,79.811471
588,1,1,2025-09-14,Finland,Greece,99.277688,81.38653
588,2,1,2025-09-14,Turkey,Germany,75.709583,92.069464
589,1,1,2025-09-14,Finland,Greece,97.628578,67.29054
589,2,1,2025-09-14,Turkey,Germany,85.136445,106.61218
590,1,1,2025-09-14,Finland,Greece,83.899402,91.653807
590,2,1,2025-09-14,Turkey,Germany,82.248577,76.637004
591,1,1,2025-09-14,Finland,Greece,99.508213,74.801476
591,2,1,2025-09-14,Turkey,Germany,83.894166,103.60694
592,1,1,2025-09-14,Finland,Greece,91.635334,89.582652
592,2,1,2025-09-14,Turkey,Germany,74.190225,97.672974
593,1,1,2025-09-14,Finland,Greece,101.54719,86.501273
593,2,1,2025-09-14,Turkey,Germany,76.168264,94.506237
594,1,1,2025-09-14,Finland,Greece,103.68239,92.457332
594,2,1,2025-09-14,Turkey,Germany,69.537113,100.01811
595,1,1,2025-09-14,Finland,Greece,87.915497,87.87135
595,2,1,2025-09-14,Turkey,Germany,74.338908,97.177017
596,1,1,2025-09-14,Finland,Greece,96.411226,88.803083
596,2,1,2025-09-14,Turkey,Germany,78.934449,100.87728
597,1,1,2025-09-14,Finland,Greece,87.441529,72.820846
597,2,1,2025-09-14,Turkey,Germany,81.065655,99.144581
598,1,1,2025-09-14,Finland,Greece,113.20016,91.321217
598,2,1,2025-09-14,Turkey,Germany,87.942576,103.39526
599,1,1,2025-09-14,Finland,Greece,75.558649,34.232941
599,2,1,2025-09-14,Turkey,Germany,74.245032,99.239097
600,1,1,2025-09-14,Finland,Greece,86.844417000000007,80.187095
600,2,1,2025-09-14,Turkey,Germany,81.562109,81.204394
601,1,1,2025-09-14,Finland,Greece,105.04986,79.843904
601,2,1,2025-09-14,Turkey,Germany,80.692373,94.888131
602,1,1,2025-09-14,Finland,Greece,96.409252,74.620016
602,2,1,2025-09-14,Turkey,Germany,70.401745,92.961959
603,1,1,2025-09-14,Finland,Greece,80.35979,87.653293
603,2,1,2025-09-14,Turkey,Germany,95.59682,71.770275
604,1,1,2025-09-14,Finland,Greece,129.33167,82.635186
604,2,1,2025-09-14,Turkey,Germany,84.910912,93.07368
605,1,1,2025-09-14,Finland,Greece,76.854331,89.78513
605,2,1,2025-09-14,Turkey,Germany,83.118831,96.043249
606,1,1,2025-09-14,Finland,Greece,97.717756,78.355703
606,2,1,2025-09-14,Turkey,Germany,83.568318,96.787774
607,1,1,2025-09-14,Finland,Greece,88.691709,90.691406
607,2,1,2025-09-14,Turkey,Germany,76.561368,95.562698
608,1,1,2025-09-14,Finland,Greece,100.62887,87.991621
608,2,1,2025-09-14,Turkey,Germany,78.991955,87.686471
609,1,1,2025-09-14,Finland,Greece,72.846716,105.04247
609,2,1,2025-09-14,Turkey,Germany,82.667892,95.345055
610,1,1,2025-09-14,Finland,Greece,88.089358,72.683087
610,2,1,2025-09-14,Turkey,Germany,87.137016,78.681449
611,1,1,2025-09-14,Finland,Greece,103.91831,68.72178
611,2,1,2025-09-14,Turkey,Germany,82.245402,91.134466
612,1,1,2025-09-14,Finland,Greece,108.53924,95.752835
612,2,1,2025-09-14,Turkey,Germany,71.438621,95.144847
613,1,1,2025-09-14,Finland,Greece,94.964131,78.845218
613,2,1,2025-09-14,Turkey,Germany,89.200508,82.3228
614,1,1,2025-09-14,Finland,Greece,105.95873,86.962492
614,2,1,2025-09-14,Turkey,Germany,71.068986,86.158325
615,1,1,2025-09-14,Finland,Greece,79.877814,86.962681
615,2,1,2025-09-14,Turkey,Germany,87.324355,85.001139
616,1,1,2025-09-14,Finland,Greece,103.14357,72.276308
616,2,1,2025-09-14,Turkey,Germany,93.030705,99.475897
617,1,1,2025-09-14,Finland,Greece,95.788579,98.139143
617,2,1,2025-09-14,Turkey,Germany,76.608792,88.325995
618,1,1,2025-09-14,Finland,Greece,93.135394,85.176345
618,2,1,2025-09-14,Turkey,Germany,73.830066,95.241946
619,1,1,2025-09-14,Finland,Greece,91.217469,87.568455
619,2,1,2025-09-14,Turkey,Germany,89.916946,88.72149
620,1,1,2025-09-14,Finland,Greece,103.03319,80.821381
620,2,1,2025-09-14,Turkey,Germany,85.831466,100.03389
621,1,1,2025-09-14,Finland,Greece,93.107658,74.865785
621,2,1,2025-09-14,Turkey,Germany,80.594907,81.531362
622,1,1,2025-09-14,Finland,Greece,91.07707,92.056356
622,2,1,2025-09-14,Turkey,Germany,90.440404,94.533667
623,1,1,2025-09-14,Finland,Greece,102.18717,85.190916
623,2,1,2025-09-14,Turkey,Germany,90.154908,89.128968
624,1,1,2025-09-14,Finland,Greece,103.82107,83.05085
624,2,1,2025-09-14,Turkey,Germany,67.955318,87.536921
625,1,1,2025-09-14,Finland,Greece,94.277024,74.390861
625,2,1,2025-09-14,Turkey,Germany,98.809702,99.228424
626,1,1,2025-09-14,Finland,Greece,90.241854,78.587862
626,2,1,2025-09-14,Turkey,Germany,95.970786,106.2292
627,1,1,2025-09-14,Finland,Greece,105.46452,110.41239
627,2,1,2025-09-14,Turkey,Germany,96.645206,95.987614
628,1,1,2025-09-14,Finland,Greece,93.566939,76.970034
628,2,1,2025-09-14,Turkey,Germany,62.566199,91.358923
629,1,1,2025-09-14,Finland,Greece,109.98593,92.070542
629,2,1,2025-09-14,Turkey,Germany,94.039996,84.63013
630,1,1,2025-09-14,Finland,Greece,82.699079,75.573236
630,2,1,2025-09-14,Turkey,Germany,91.454641,91.809351
631,1,1,2025-09-14,Finland,Greece,92.653792,69.197557
631,2,1,2025-09-14,Turkey,Germany,71.896952,75.541036
632,1,1,2025-09-14,Finland,Greece,87.293912,84.404923
632,2,1,2025-09-14,Turkey,Germany,98.670417,97.624643
633,1,1,2025-09-14,Finland,Greece,84.448413,84.684852
633,2,1,2025-09-14,Turkey,Germany,110.93438,98.590657
634,1,1,2025-09-14,Finland,Greece,97.189807,75.011051
634,2,1,2025-09-14,Turkey,Germany,85.927567,97.816862
635,1,1,2025-09-14,Finland,Greece,91.36975,90.94062
635,2,1,2025-09-14,Turkey,Germany,90.773983,88.983616
636,1,1,2025-09-14,Finland,Greece,92.671442,87.862386
636,2,1,2025-09-14,Turkey,Germany,87.5183,84.662983
637,1,1,2025-09-14,Finland,Greece,119.87332,63.914207
637,2,1,2025-09-14,Turkey,Germany,48.574013,81.166591
638,1,1,2025-09-14,Finland,Greece,94.755022,79.843547
638,2,1,2025-09-14,Turkey,Germany,80.409072,102.49081
639,1,1,2025-09-14,Finland,Greece,80.428555,75.035977
639,2,1,2025-09-14,Turkey,Germany,83.502163,88.462228
640,1,1,2025-09-14,Finland,Greece,75.02178,67.004416
640,2,1,2025-09-14,Turkey,Germany,91.856651,100.09255
641,1,1,2025-09-14,Finland,Greece,78.728479,67.821864
641,2,1,2025-09-14,Turkey,Germany,66.894912,96.093601
642,1,1,2025-09-14,Finland,Greece,81.0986,63.566049
642,2,1,2025-09-14,Turkey,Germany,80.24607,88.0494
643,1,1,2025-09-14,Finland,Greece,93.017615,96.466851
643,2,1,2025-09-14,Turkey,Germany,74.047792,90.565291
644,1,1,2025-09-14,Finland,Greece,95.940364,113.10539
644,2,1,2025-09-14,Turkey,Germany,64.425421,109.39414
645,1,1,2025-09-14,Finland,Greece,84.534843,90.341966
645,2,1,2025-09-14,Turkey,Germany,74.495385,101.43196
646,1,1,2025-09-14,Finland,Greece,118.65925,76.922613
646,2,1,2025-09-14,Turkey,Germany,87.284005,77.924748
647,1,1,2025-09-14,Finland,Greece,87.843378,75.955019
647,2,1,2025-09-14,Turkey,Germany,71.706617,78.707255
648,1,1,2025-09-14,Finland,Greece,104.49626,97.316884
648,2,1,2025-09-14,Turkey,Germany,64.430997,99.204315
649,1,1,2025-09-14,Finland,Greece,90.396095,74.954234
649,2,1,2025-09-14,Turkey,Germany,80.000687,99.731307
650,1,1,2025-09-14,Finland,Greece,84.238071,73.268548
650,2,1,2025-09-14,Turkey,Germany,87.964938,80.872503
651,1,1,2025-09-14,Finland,Greece,74.193906,60.070651
651,2,1,2025-09-14,Turkey,Germany,82.024344,101.80668
652,1,1,2025-09-14,Finland,Greece,90.638356,65.546192
652,2,1,2025-09-14,Turkey,Germany,90.64601,104.28308
653,1,1,2025-09-14,Finland,Greece,86.826238,85.427456
653,2,1,2025-09-14,Turkey,Germany,96.085562,84.510857
654,1,1,2025-09-14,Finland,Greece,126.19857,94.059972
654,2,1,2025-09-14,Turkey,Germany,105.06665,95.508592
655,1,1,2025-09-14,Finland,Greece,98.544772,75.577919
655,2,1,2025-09-14,Turkey,Germany,69.315709,80.044775
656,1,1,2025-09-14,Finland,Greece,88.285541,96.31026
656,2,1,2025-09-14,Turkey,Germany,53.96276,89.441509
657,1,1,2025-09-14,Finland,Greece,82.018735,80.503446
657,2,1,2025-09-14,Turkey,Germany,81.096125,99.347941
658,1,1,2025-09-14,Finland,Greece,93.244691,85.030876
658,2,1,2025-09-14,Turkey,Germany,88.681378,99.01103
659,1,1,2025-09-14,Finland,Greece,85.929681,87.397895
659,2,1,2025-09-14,Turkey,Germany,81.606817,116.05049
660,1,1,2025-09-14,Finland,Greece,84.963377,90.805683
660,2,1,2025-09-14,Turkey,Germany,86.631164,73.686722
661,1,1,2025-09-14,Finland,Greece,101.20736,79.283117
661,2,1,2025-09-14,Turkey,Germany,88.629629,95.547999
662,1,1,2025-09-14,Finland,Greece,98.103677,82.919741
662,2,1,2025-09-14,Turkey,Germany,93.234497,107.60981
663,1,1,2025-09-14,Finland,Greece,87.354101,86.116876
663,2,1,2025-09-14,Turkey,Germany,77.595754,100.38861
664,1,1,2025-09-14,Finland,Greece,84.307751,83.19219
664,2,1,2025-09-14,Turkey,Germany,78.749214,94.42131
665,1,1,2025-09-14,Finland,Greece,98.304148,87.882388
665,2,1,2025-09-14,Turkey,Germany,108.53657,99.684824
666,1,1,2025-09-14,Finland,Greece,97.992086,95.603556
666,2,1,2025-09-14,Turkey,Germany,91.5993,80.423572
667,1,1,2025-09-14,Finland,Greece,97.964508,76.015172
667,2,1,2025-09-14,Turkey,Germany,76.6779,91.985517
668,1,1,2025-09-14,Finland,Greece,92.333622,98.087687
668,2,1,2025-09-14,Turkey,Germany,85.342619,83.399962
669,1,1,2025-09-14,Finland,Greece,107.64188,82.032173
669,2,1,2025-09-14,Turkey,Germany,85.540253,115.56663
670,1,1,2025-09-14,Finland,Greece,89.805312,95.653201
670,2,1,2025-09-14,Turkey,Germany,90.12233,102.20625
671,1,1,2025-09-14,Finland,Greece,102.26159,84.339197
671,2,1,2025-09-14,Turkey,Germany,63.76002,89.903656
672,1,1,2025-09-14,Finland,Greece,83.219611,93.421553
672,2,1,2025-09-14,Turkey,Germany,100.88211,87.053917
673,1,1,2025-09-14,Finland,Greece,84.172278,82.156475
673,2,1,2025-09-14,Turkey,Germany,74.411136,78.626963
674,1,1,2025-09-14,Finland,Greece,111.42338,118.49221
674,2,1,2025-09-14,Turkey,Germany,82.633853,71.446652
675,1,1,2025-09-14,Finland,Greece,98.112825,71.549613
675,2,1,2025-09-14,Turkey,Germany,93.544581,88.018673
676,1,1,2025-09-14,Finland,Greece,99.442785,95.275908
676,2,1,2025-09-14,Turkey,Germany,87.050464,116.45368
677,1,1,2025-09-14,Finland,Greece,90.966024,58.487135
677,2,1,2025-09-14,Turkey,Germany,73.698554,106.51402
678,1,1,2025-09-14,Finland,Greece,121.87503,95.732435
678,2,1,2025-09-14,Turkey,Germany,105.33282,82.819934
679,1,1,2025-09-14,Finland,Greece,109.80737,89.336107
679,2,1,2025-09-14,Turkey,Germany,83.137486,94.139611
680,1,1,2025-09-14,Finland,Greece,91.388485,76.719793
680,2,1,2025-09-14,Turkey,Germany,84.933889,108.14274
681,1,1,2025-09-14,Finland,Greece,75.758072,81.394723
681,2,1,2025-09-14,Turkey,Germany,71.230697,95.34138
682,1,1,2025-09-14,Finland,Greece,91.831821,74.95127
682,2,1,2025-09-14,Turkey,Germany,95.153453,90.859287
683,1,1,2025-09-14,Finland,Greece,88.657483,94.991838
683,2,1,2025-09-14,Turkey,Germany,70.919217,82.220076
684,1,1,2025-09-14,Finland,Greece,96.713237,80.833468
684,2,1,2025-09-14,Turkey,Germany,86.65775,102.55601
685,1,1,2025-09-14,Finland,Greece,102.01049,68.755979
685,2,1,2025-09-14,Turkey,Germany,84.877067,77.630221
686,1,1,2025-09-14,Finland,Greece,101.00105,87.028714
686,2,1,2025-09-14,Turkey,Germany,88.216421,96.456929
687,1,1,2025-09-14,Finland,Greece,88.614939,82.391233
687,2,1,2025-09-14,Turkey,Germany,86.114338,89.242627
688,1,1,2025-09-14,Finland,Greece,92.836906,58.144603
688,2,1,2025-09-14,Turkey,Germany,90.786082,91.555032
689,1,1,2025-09-14,Finland,Greece,72.194581,64.662939
689,2,1,2025-09-14,Turkey,Germany,67.479263,98.20773
690,1,1,2025-09-14,Finland,Greece,102.76229,87.816839
690,2,1,2025-09-14,Turkey,Germany,78.449593,93.826469
691,1,1,2025-09-14,Finland,Greece,84.951383,74.242234
691,2,1,2025-09-14,Turkey,Germany,96.119285,92.270743
692,1,1,2025-09-14,Finland,Greece,81.654094,77.36094
692,2,1,2025-09-14,Turkey,Germany,83.031915,101.10731
693,1,1,2025-09-14,Finland,Greece,104.00223,92.820068
693,2,1,2025-09-14,Turkey,Germany,85.993429,97.142334
694,1,1,2025-09-14,Finland,Greece,61.191976,61.827206
694,2,1,2025-09-14,Turkey,Germany,79.488306,99.302822
695,1,1,2025-09-14,Finland,Greece,92.61838,75.156999
695,2,1,2025-09-14,Turkey,Germany,78.821731,90.214735
696,1,1,2025-09-14,Finland,Greece,105.96559,83.223303
696,2,1,2025-09-14,Turkey,Germany,82.839659,93.21497
697,1,1,2025-09-14,Finland,Greece,66.333202,77.972336
697,2,1,2025-09-14,Turkey,Germany,81.679982,85.717196
698,1,1,2025-09-14,Finland,Greece,80.84699,65.958924
698,2,1,2025-09-14,Turkey,Germany,84.646727,75.316134
699,1,1,2025-09-14,Finland,Greece,96.731525,82.182034
699,2,1,2025-09-14,Turkey,Germany,90.788628,89.726588
700,1,1,2025-09-14,Finland,Greece,79.702913,75.438578
700,2,1,2025-09-14,Turkey,Germany,84.86102,97.944816
701,1,1,2025-09-14,Finland,Greece,79.503021,63.555549
701,2,1,2025-09-14,Turkey,Germany,79.732165,101.9474
702,1,1,2025-09-14,Finland,Greece,106.26259,77.666507
702,2,1,2025-09-14,Turkey,Germany,85.736843,102.23682
703,1,1,2025-09-14,Finland,Greece,87.898378,86.187666
703,2,1,2025-09-14,Turkey,Germany,69.900972,92.313236
704,1,1,2025-09-14,Finland,Greece,68.661524,70.266583
704,2,1,2025-09-14,Turkey,Germany,87.805038,90.399445
705,1,1,2025-09-14,Finland,Greece,77.744998,81.816556
705,2,1,2025-09-14,Turkey,Germany,79.811705,90.850581
706,1,1,2025-09-14,Finland,Greece,100.16944,90.866644
706,2,1,2025-09-14,Turkey,Germany,78.055781,86.833003
707,1,1,2025-09-14,Finland,Greece,65.035438,67.642089
707,2,1,2025-09-14,Turkey,Germany,82.252274,95.899221
708,1,1,2025-09-14,Finland,Greece,83.072306,83.328983
708,2,1,2025-09-14,Turkey,Germany,93.381424,101.45761
709,1,1,2025-09-14,Finland,Greece,82.944187,87.690153
709,2,1,2025-09-14,Turkey,Germany,73.513416,76.864129
710,1,1,2025-09-14,Finland,Greece,107.60297,114.78532
710,2,1,2025-09-14,Turkey,Germany,85.440612,98.963103
711,1,1,2025-09-14,Finland,Greece,87.827239,81.092253
711,2,1,2025-09-14,Turkey,Germany,86.003388,100.20828
712,1,1,2025-09-14,Finland,Greece,101.53503,85.281845
712,2,1,2025-09-14,Turkey,Germany,75.905406,91.52518
713,1,1,2025-09-14,Finland,Greece,81.542783,87.441404
713,2,1,2025-09-14,Turkey,Germany,83.87631,88.573282
714,1,1,2025-09-14,Finland,Greece,104.99948,82.401806
714,2,1,2025-09-14,Turkey,Germany,69.29991,105.77534
715,1,1,2025-09-14,Finland,Greece,83.98989,84.888348
715,2,1,2025-09-14,Turkey,Germany,97.324504,99.464635
716,1,1,2025-09-14,Finland,Greece,96.377465,86.01442
716,2,1,2025-09-14,Turkey,Germany,84.939198,107.69671
717,1,1,2025-09-14,Finland,Greece,88.288378,84.244562
717,2,1,2025-09-14,Turkey,Germany,82.051329,100.92117
718,1,1,2025-09-14,Finland,Greece,82.055285,64.628183
718,2,1,2025-09-14,Turkey,Germany,85.061594,103.73525
719,1,1,2025-09-14,Finland,Greece,93.015076,71.764679
719,2,1,2025-09-14,Turkey,Germany,90.378125,104.60717
720,1,1,2025-09-14,Finland,Greece,95.03896,101.78499
720,2,1,2025-09-14,Turkey,Germany,93.195765,93.42183
721,1,1,2025-09-14,Finland,Greece,78.610207,70.73753
721,2,1,2025-09-14,Turkey,Germany,80.360209,91.169941
722,1,1,2025-09-14,Finland,Greece,79.834643,75.561645
722,2,1,2025-09-14,Turkey,Germany,84.606724,101.35763
723,1,1,2025-09-14,Finland,Greece,97.749134,91.871461
723,2,1,2025-09-14,Turkey,Germany,87.068892,96.516327
724,1,1,2025-09-14,Finland,Greece,86.450665,76.570275
724,2,1,2025-09-14,Turkey,Germany,82.29209,95.195453
725,1,1,2025-09-14,Finland,Greece,98.045184,85.528709
725,2,1,2025-09-14,Turkey,Germany,80.345514,70.397431
726,1,1,2025-09-14,Finland,Greece,101.65025,73.113219
726,2,1,2025-09-14,Turkey,Germany,99.022619,96.217928
727,1,1,2025-09-14,Finland,Greece,87.456464,95.919793
727,2,1,2025-09-14,Turkey,Germany,76.131824,95.959216
728,1,1,2025-09-14,Finland,Greece,104.16927,100.56395
728,2,1,2025-09-14,Turkey,Germany,81.37444,96.600696
729,1,1,2025-09-14,Finland,Greece,92.360668,82.629028
729,2,1,2025-09-14,Turkey,Germany,106.55587,97.143738
730,1,1,2025-09-14,Finland,Greece,106.57616,85.924157
730,2,1,2025-09-14,Turkey,Germany,76.936081,100.45453
731,1,1,2025-09-14,Finland,Greece,105.15862,74.17855
731,2,1,2025-09-14,Turkey,Germany,103.52057,101.58637
732,1,1,2025-09-14,Finland,Greece,90.004372,71.944982
732,2,1,2025-09-14,Turkey,Germany,78.943682,83.414559
733,1,1,2025-09-14,Finland,Greece,99.405968,64.657899
733,2,1,2025-09-14,Turkey,Germany,59.729196,93.607893
734,1,1,2025-09-14,Finland,Greece,92.946929,76.610637
734,2,1,2025-09-14,Turkey,Germany,94.780235,118.66715
735,1,1,2025-09-14,Finland,Greece,117.89288,74.378686
735,2,1,2025-09-14,Turkey,Germany,70.126445,98.142797
736,1,1,2025-09-14,Finland,Greece,108.47967,85.395956
736,2,1,2025-09-14,Turkey,Germany,93.00105,104.80984
737,1,1,2025-09-14,Finland,Greece,82.268593,66.890968
737,2,1,2025-09-14,Turkey,Germany,83.314749,90.05462
738,1,1,2025-09-14,Finland,Greece,104.35207,81.065617
738,2,1,2025-09-14,Turkey,Germany,65.217043,86.663828
739,1,1,2025-09-14,Finland,Greece,87.358413,78.172218
739,2,1,2025-09-14,Turkey,Germany,91.080929,107.39353
740,1,1,2025-09-14,Finland,Greece,94.937985,88.408568
740,2,1,2025-09-14,Turkey,Germany,83.329428,89.221909
741,1,1,2025-09-14,Finland,Greece,84.798128,80.549223
741,2,1,2025-09-14,Turkey,Germany,83.073686,100.22061
742,1,1,2025-09-14,Finland,Greece,100.40853,66.663793
742,2,1,2025-09-14,Turkey,Germany,88.655571,97.265075
743,1,1,2025-09-14,Finland,Greece,82.859418,72.275579
743,2,1,2025-09-14,Turkey,Germany,86.259324,97.427325
744,1,1,2025-09-14,Finland,Greece,104.18073,93.198413
744,2,1,2025-09-14,Turkey,Germany,62.588857,78.966904
745,1,1,2025-09-14,Finland,Greece,86.865619,81.628492
745,2,1,2025-09-14,Turkey,Germany,81.079309,85.844225
746,1,1,2025-09-14,Finland,Greece,77.938874,95.489844
746,2,1,2025-09-14,Turkey,Germany,82.631966,90.37172
747,1,1,2025-09-14,Finland,Greece,84.337323,59.797521
747,2,1,2025-09-14,Turkey,Germany,75.395552,91.258122
748,1,1,2025-09-14,Finland,Greece,84.96199,84.016819
748,2,1,2025-09-14,Turkey,Germany,58.689362,81.947129
749,1,1,2025-09-14,Finland,Greece,88.659036,91.394171
749,2,1,2025-09-14,Turkey,Germany,92.925737,94.341292
750,1,1,2025-09-14,Finland,Greece,87.726439,71.211442
750,2,1,2025-09-14,Turkey,Germany,91.867906,106.90446
751,1,1,2025-09-14,Finland,Greece,99.165914,81.387671
751,2,1,2025-09-14,Turkey,Germany,105.36308,106.50881
752,1,1,2025-09-14,Finland,Greece,101.9264,84.730694
752,2,1,2025-09-14,Turkey,Germany,71.938416,104.15022
753,1,1,2025-09-14,Finland,Greece,87.873278,74.856585
753,2,1,2025-09-14,Turkey,Germany,83.323764,79.256407
754,1,1,2025-09-14,Finland,Greece,93.95188,88.891315
754,2,1,2025-09-14,Turkey,Germany,95.188329,85.501978
755,1,1,2025-09-14,Finland,Greece,109.34671,78.283394
755,2,1,2025-09-14,Turkey,Germany,82.275529,90.039075
756,1,1,2025-09-14,Finland,Greece,97.618036,101.79087
756,2,1,2025-09-14,Turkey,Germany,78.819212,90.021993
757,1,1,2025-09-14,Finland,Greece,87.945308,79.121447
757,2,1,2025-09-14,Turkey,Germany,79.756258,100.50202
758,1,1,2025-09-14,Finland,Greece,83.948537,71.058576
758,2,1,2025-09-14,Turkey,Germany,88.514918,101.79196
759,1,1,2025-09-14,Finland,Greece,94.957281,94.740255
759,2,1,2025-09-14,Turkey,Germany,83.825305,111.09221
760,1,1,2025-09-14,Finland,Greece,98.370856,94.060114
760,2,1,2025-09-14,Turkey,Germany,60.376182,73.461542
761,1,1,2025-09-14,Finland,Greece,90.266132,73.604844
761,2,1,2025-09-14,Turkey,Germany,67.580057,74.334283
762,1,1,2025-09-14,Finland,Greece,103.10011,76.464962
762,2,1,2025-09-14,Turkey,Germany,93.316382,110.33871
763,1,1,2025-09-14,Finland,Greece,81.492343,75.231185
763,2,1,2025-09-14,Turkey,Germany,74.472622,98.874511
764,1,1,2025-09-14,Finland,Greece,95.541693,80.188239
764,2,1,2025-09-14,Turkey,Germany,72.326633,99.417156
765,1,1,2025-09-14,Finland,Greece,90.729841,85.740829
765,2,1,2025-09-14,Turkey,Germany,67.34716,99.898128
766,1,1,2025-09-14,Finland,Greece,90.463556,65.745185
766,2,1,2025-09-14,Turkey,Germany,87.539116,90.054383
767,1,1,2025-09-14,Finland,Greece,101.21947,75.749547
767,2,1,2025-09-14,Turkey,Germany,88.478785,93.044882
768,1,1,2025-09-14,Finland,Greece,85.941355,69.514047
768,2,1,2025-09-14,Turkey,Germany,77.124543,98.391152
769,1,1,2025-09-14,Finland,Greece,92.749366,75.524779
769,2,1,2025-09-14,Turkey,Germany,103.78319,73.611817
770,1,1,2025-09-14,Finland,Greece,79.641224,64.86593
770,2,1,2025-09-14,Turkey,Germany,84.183232,88.62436
771,1,1,2025-09-14,Finland,Greece,90.088008,78.54441
771,2,1,2025-09-14,Turkey,Germany,90.733634,103.4961
772,1,1,2025-09-14,Finland,Greece,80.054177,95.136743
772,2,1,2025-09-14,Turkey,Germany,83.318342,86.056005
773,1,1,2025-09-14,Finland,Greece,104.0439,93.636091
773,2,1,2025-09-14,Turkey,Germany,82.994476,90.412255
774,1,1,2025-09-14,Finland,Greece,97.673366,83.805876
774,2,1,2025-09-14,Turkey,Germany,96.534413,77.632894
775,1,1,2025-09-14,Finland,Greece,81.817781,86.12888
775,2,1,2025-09-14,Turkey,Germany,85.952982,106.86653
776,1,1,2025-09-14,Finland,Greece,91.967101,41.215329
776,2,1,2025-09-14,Turkey,Germany,79.564125,97.153011
777,1,1,2025-09-14,Finland,Greece,100.87066,81.370782
777,2,1,2025-09-14,Turkey,Germany,87.601106,84.135104
778,1,1,2025-09-14,Finland,Greece,89.859765,75.039514
778,2,1,2025-09-14,Turkey,Germany,72.967551,85.450115
779,1,1,2025-09-14,Finland,Greece,85.658754,83.407998
779,2,1,2025-09-14,Turkey,Germany,88.517466,95.11952
780,1,1,2025-09-14,Finland,Greece,100.95931,92.111208
780,2,1,2025-09-14,Turkey,Germany,84.94126,90.799546
781,1,1,2025-09-14,Finland,Greece,76.146829,78.672355
781,2,1,2025-09-14,Turkey,Germany,82.99541,79.403792
782,1,1,2025-09-14,Finland,Greece,94.491959,92.976737
782,2,1,2025-09-14,Turkey,Germany,74.593388,86.872522
783,1,1,2025-09-14,Finland,Greece,91.12952,51.379196
783,2,1,2025-09-14,Turkey,Germany,81.867227,95.156089
784,1,1,2025-09-14,Finland,Greece,109.4993,95.946565
784,2,1,2025-09-14,Turkey,Germany,92.616365,83.223041
785,1,1,2025-09-14,Finland,Greece,108.04591,85.289371
785,2,1,2025-09-14,Turkey,Germany,73.82654,88.019421
786,1,1,2025-09-14,Finland,Greece,91.182869,94.957818
786,2,1,2025-09-14,Turkey,Germany,84.850862,82.315469
787,1,1,2025-09-14,Finland,Greece,71.331668,67.578051
787,2,1,2025-09-14,Turkey,Germany,75.698123,86.108791
788,1,1,2025-09-14,Finland,Greece,89.325887,85.839603
788,2,1,2025-09-14,Turkey,Germany,98.936079,78.100499
789,1,1,2025-09-14,Finland,Greece,88.334547,52.467048
789,2,1,2025-09-14,Turkey,Germany,82.649649,115.94339
790,1,1,2025-09-14,Finland,Greece,100.08702,87.703364
790,2,1,2025-09-14,Turkey,Germany,81.996087,83.496951
791,1,1,2025-09-14,Finland,Greece,103.68155,85.937457
791,2,1,2025-09-14,Turkey,Germany,81.155942,86.12312
792,1,1,2025-09-14,Finland,Greece,90.595197,85.532968
792,2,1,2025-09-14,Turkey,Germany,75.059696,96.187913
793,1,1,2025-09-14,Finland,Greece,99.872638,104.98113
793,2,1,2025-09-14,Turkey,Germany,67.993525,84.668321
794,1,1,2025-09-14,Finland,Greece,90.727584,85.595366
794,2,1,2025-09-14,Turkey,Germany,81.852634,96.648884
795,1,1,2025-09-14,Finland,Greece,83.100727,78.388146
795,2,1,2025-09-14,Turkey,Germany,80.993382,102.35164
796,1,1,2025-09-14,Finland,Greece,92.42084,94.964923
796,2,1,2025-09-14,Turkey,Germany,81.972048,85.492327
797,1,1,2025-09-14,Finland,Greece,98.610734,79.386031
797,2,1,2025-09-14,Turkey,Germany,86.954948,90.112984
798,1,1,2025-09-14,Finland,Greece,86.844688,100.97621
798,2,1,2025-09-14,Turkey,Germany,84.763174,105.73461
799,1,1,2025-09-14,Finland,Greece,84.502257,93.596634
799,2,1,2025-09-14,Turkey,Germany,85.050421,83.665461
800,1,1,2025-09-14,Finland,Greece,106.31852,80.517987
800,2,1,2025-09-14,Turkey,Germany,88.105734,100.51303
801,1,1,2025-09-14,Finland,Greece,90.007755,84.34608
801,2,1,2025-09-14,Turkey,Germany,87.09385,85.25655
802,1,1,2025-09-14,Finland,Greece,97.576371,90.173176
802,2,1,2025-09-14,Turkey,Germany,73.060191,98.685189
803,1,1,2025-09-14,Finland,Greece,84.906934,80.292111
803,2,1,2025-09-14,Turkey,Germany,96.499622,94.052865
804,1,1,2025-09-14,Finland,Greece,103.40136,79.526836
804,2,1,2025-09-14,Turkey,Germany,59.329697,97.78288
805,1,1,2025-09-14,Finland,Greece,94.583916,77.42755
805,2,1,2025-09-14,Turkey,Germany,66.632485,98.861433
806,1,1,2025-09-14,Finland,Greece,100.90822,106.71245
806,2,1,2025-09-14,Turkey,Germany,96.258355,107.18578
807,1,1,2025-09-14,Finland,Greece,71.39035,94.837676
807,2,1,2025-09-14,Turkey,Germany,68.855167,98.609155
808,1,1,2025-09-14,Finland,Greece,84.077119,78.967486
808,2,1,2025-09-14,Turkey,Germany,70.874237,97.90872
809,1,1,2025-09-14,Finland,Greece,106.9674,82.145984
809,2,1,2025-09-14,Turkey,Germany,88.600924,100.8489
810,1,1,2025-09-14,Finland,Greece,105.75802,78.860674
810,2,1,2025-09-14,Turkey,Germany,96.777286,79.433058
811,1,1,2025-09-14,Finland,Greece,100.55092,76.41519
811,2,1,2025-09-14,Turkey,Germany,104.19498,93.821391
812,1,1,2025-09-14,Finland,Greece,109.87312,102.49239
812,2,1,2025-09-14,Turkey,Germany,106.67323,109.17273
813,1,1,2025-09-14,Finland,Greece,104.7248,80.47721
813,2,1,2025-09-14,Turkey,Germany,88.418765,71.267465
814,1,1,2025-09-14,Finland,Greece,94.11903,81.205654
814,2,1,2025-09-14,Turkey,Germany,70.499955,103.19793
815,1,1,2025-09-14,Finland,Greece,100.01329,79.816013
815,2,1,2025-09-14,Turkey,Germany,80.654465,100.32687
816,1,1,2025-09-14,Finland,Greece,97.558164,71.681849
816,2,1,2025-09-14,Turkey,Germany,93.398855,98.984835
817,1,1,2025-09-14,Finland,Greece,112.85613,95.694338
817,2,1,2025-09-14,Turkey,Germany,103.26697,123.75775
818,1,1,2025-09-14,Finland,Greece,81.711787,52.754155
818,2,1,2025-09-14,Turkey,Germany,83.164226,104.91081
819,1,1,2025-09-14,Finland,Greece,79.614168,79.695853
819,2,1,2025-09-14,Turkey,Germany,85.70763,111.7889
820,1,1,2025-09-14,Finland,Greece,93.428054,67.965269
820,2,1,2025-09-14,Turkey,Germany,76.941595,99.364902
821,1,1,2025-09-14,Finland,Greece,97.414963,90.589434
821,2,1,2025-09-14,Turkey,Germany,91.368113,110.95656
822,1,1,2025-09-14,Finland,Greece,89.211989,87.007
822,2,1,2025-09-14,Turkey,Germany,84.278318,93.820984
823,1,1,2025-09-14,Finland,Greece,100.93004,84.787048
823,2,1,2025-09-14,Turkey,Germany,77.904577,81.801117
824,1,1,2025-09-14,Finland,Greece,82.112857,80.609503
824,2,1,2025-09-14,Turkey,Germany,96.914793,75.530621
825,1,1,2025-09-14,Finland,Greece,95.009767,83.797723
825,2,1,2025-09-14,Turkey,Germany,95.263971,117.35901
826,1,1,2025-09-14,Finland,Greece,87.564491,74.058234
826,2,1,2025-09-14,Turkey,Germany,87.921611,93.255336
827,1,1,2025-09-14,Finland,Greece,96.093646,72.475116
827,2,1,2025-09-14,Turkey,Germany,78.374973,118.62625
828,1,1,2025-09-14,Finland,Greece,110.22573,81.69145
828,2,1,2025-09-14,Turkey,Germany,81.342124,111.00333
829,1,1,2025-09-14,Finland,Greece,85.747975,69.857506
829,2,1,2025-09-14,Turkey,Germany,72.419748,104.58524
830,1,1,2025-09-14,Finland,Greece,107.85527,85.832601
830,2,1,2025-09-14,Turkey,Germany,81.899889,105.45087
831,1,1,2025-09-14,Finland,Greece,85.570295,89.570018
831,2,1,2025-09-14,Turkey,Germany,89.963371,106.42673
832,1,1,2025-09-14,Finland,Greece,96.454626,73.725525
832,2,1,2025-09-14,Turkey,Germany,74.765273,86.785427
833,1,1,2025-09-14,Finland,Greece,88.771872,88.442616
833,2,1,2025-09-14,Turkey,Germany,82.922711,72.808203
834,1,1,2025-09-14,Finland,Greece,78.51202,83.933144
834,2,1,2025-09-14,Turkey,Germany,68.16678,91.237244
835,1,1,2025-09-14,Finland,Greece,108.02282,100.60955
835,2,1,2025-09-14,Turkey,Germany,78.505343,87.456045
836,1,1,2025-09-14,Finland,Greece,104.33779,115.43656
836,2,1,2025-09-14,Turkey,Germany,89.194674,91.494888
837,1,1,2025-09-14,Finland,Greece,87.766466,87.229561
837,2,1,2025-09-14,Turkey,Germany,91.249101,117.23802
838,1,1,2025-09-14,Finland,Greece,95.883441,88.936475
838,2,1,2025-09-14,Turkey,Germany,71.471281,83.18
839,1,1,2025-09-14,Finland,Greece,103.57947,64.582533
839,2,1,2025-09-14,Turkey,Germany,86.764171,99.007974
840,1,1,2025-09-14,Finland,Greece,95.548441,77.91535
840,2,1,2025-09-14,Turkey,Germany,102.199,84.853033
841,1,1,2025-09-14,Finland,Greece,79.756141,79.661612
841,2,1,2025-09-14,Turkey,Germany,81.156927,102.21678
842,1,1,2025-09-14,Finland,Greece,86.004037,69.597917
842,2,1,2025-09-14,Turkey,Germany,90.917436,96.333023
843,1,1,2025-09-14,Finland,Greece,91.403107,96.362679
843,2,1,2025-09-14,Turkey,Germany,72.368485,102.09753
844,1,1,2025-09-14,Finland,Greece,71.750398,61.65875
844,2,1,2025-09-14,Turkey,Germany,90.198303,108.44063
845,1,1,2025-09-14,Finland,Greece,78.800602,79.105362
845,2,1,2025-09-14,Turkey,Germany,75.402265,90.771564
846,1,1,2025-09-14,Finland,Greece,84.80185,71.007958
846,2,1,2025-09-14,Turkey,Germany,80.685856,84.126013
847,1,1,2025-09-14,Finland,Greece,109.46962,74.824843
847,2,1,2025-09-14,Turkey,Germany,76.482911,100.19567
848,1,1,2025-09-14,Finland,Greece,87.2944,79.955328
848,2,1,2025-09-14,Turkey,Germany,80.165335,100.73835
849,1,1,2025-09-14,Finland,Greece,97.740582,97.965649
849,2,1,2025-09-14,Turkey,Germany,102.41826,82.507088
850,1,1,2025-09-14,Finland,Greece,122.68936,90.557713
850,2,1,2025-09-14,Turkey,Germany,95.938806,98.285213
851,1,1,2025-09-14,Finland,Greece,93.752383,75.821365
851,2,1,2025-09-14,Turkey,Germany,61.654659,96.079228
852,1,1,2025-09-14,Finland,Greece,101.15994,76.215789
852,2,1,2025-09-14,Turkey,Germany,97.394102,103.53145
853,1,1,2025-09-14,Finland,Greece,92.7555,78.0854
853,2,1,2025-09-14,Turkey,Germany,86.210146,111.1455
854,1,1,2025-09-14,Finland,Greece,93.187033,87.069814
854,2,1,2025-09-14,Turkey,Germany,71.292691,93.389394
855,1,1,2025-09-14,Finland,Greece,95.009237,96.481285
855,2,1,2025-09-14,Turkey,Germany,110.01524,127.61738
856,1,1,2025-09-14,Finland,Greece,98.878992,97.898186
856,2,1,2025-09-14,Turkey,Germany,91.323618,79.746877
857,1,1,2025-09-14,Finland,Greece,88.818278,81.376783
857,2,1,2025-09-14,Turkey,Germany,78.962696,99.060166
858,1,1,2025-09-14,Finland,Greece,98.590772,69.384691
858,2,1,2025-09-14,Turkey,Germany,94.292364,109.56073
859,1,1,2025-09-14,Finland,Greece,89.659726,83.77782
859,2,1,2025-09-14,Turkey,Germany,71.376519,98.667664
860,1,1,2025-09-14,Finland,Greece,93.036814,74.345614
860,2,1,2025-09-14,Turkey,Germany,38.096519,98.48697
861,1,1,2025-09-14,Finland,Greece,96.155916,72.729584
861,2,1,2025-09-14,Turkey,Germany,73.801126,74.54885
862,1,1,2025-09-14,Finland,Greece,102.15999,83.3207
862,2,1,2025-09-14,Turkey,Germany,71.570817,72.183398
863,1,1,2025-09-14,Finland,Greece,107.71275,102.356
863,2,1,2025-09-14,Turkey,Germany,79.45116,83.345294
864,1,1,2025-09-14,Finland,Greece,76.774927,78.862718
864,2,1,2025-09-14,Turkey,Germany,78.964127,87.089721
865,1,1,2025-09-14,Finland,Greece,89.515613,87.609055
865,2,1,2025-09-14,Turkey,Germany,69.570508,84.025227
866,1,1,2025-09-14,Finland,Greece,110.62156,70.782129
866,2,1,2025-09-14,Turkey,Germany,81.421182,91.281301
867,1,1,2025-09-14,Finland,Greece,127.18666,72.145666
867,2,1,2025-09-14,Turkey,Germany,88.599124,78.368505
868,1,1,2025-09-14,Finland,Greece,83.419731,70.462979
868,2,1,2025-09-14,Turkey,Germany,73.119487,81.430215
869,1,1,2025-09-14,Finland,Greece,100.08474,80.447125
869,2,1,2025-09-14,Turkey,Germany,78.930634,119.64646
870,1,1,2025-09-14,Finland,Greece,78.575753,80.538471
870,2,1,2025-09-14,Turkey,Germany,84.351256,98.902044
871,1,1,2025-09-14,Finland,Greece,94.53252,74.979894
871,2,1,2025-09-14,Turkey,Germany,80.010575,99.951993
872,1,1,2025-09-14,Finland,Greece,96.754061,81.178532
872,2,1,2025-09-14,Turkey,Germany,85.323983,111.71424
873,1,1,2025-09-14,Finland,Greece,115.07627,78.646451
873,2,1,2025-09-14,Turkey,Germany,82.925637,91.732667
874,1,1,2025-09-14,Finland,Greece,97.685055,65.839994
874,2,1,2025-09-14,Turkey,Germany,81.85779,88.301495
875,1,1,2025-09-14,Finland,Greece,82.738844,85.728112
875,2,1,2025-09-14,Turkey,Germany,98.661506,109.92533
876,1,1,2025-09-14,Finland,Greece,93.189927,89.907152
876,2,1,2025-09-14,Turkey,Germany,66.951647,78.321302
877,1,1,2025-09-14,Finland,Greece,85.12459,85.131636
877,2,1,2025-09-14,Turkey,Germany,83.038151,112.6652
878,1,1,2025-09-14,Finland,Greece,106.46078,82.522669
878,2,1,2025-09-14,Turkey,Germany,97.064039,104.31887
879,1,1,2025-09-14,Finland,Greece,94.243517,84.686714
879,2,1,2025-09-14,Turkey,Germany,67.180679,97.919542
880,1,1,2025-09-14,Finland,Greece,95.892881,94.321918
880,2,1,2025-09-14,Turkey,Germany,77.188864,94.82518
881,1,1,2025-09-14,Finland,Greece,107.18713,83.734825
881,2,1,2025-09-14,Turkey,Germany,71.636507,79.966186
882,1,1,2025-09-14,Finland,Greece,111.18034,80.452787
882,2,1,2025-09-14,Turkey,Germany,82.393777,113.28515
883,1,1,2025-09-14,Finland,Greece,98.578694,89.44674
883,2,1,2025-09-14,Turkey,Germany,92.908409,99.470566
884,1,1,2025-09-14,Finland,Greece,97.920262,92.343292
884,2,1,2025-09-14,Turkey,Germany,74.713635,87.068906
885,1,1,2025-09-14,Finland,Greece,105.59385,112.00563
885,2,1,2025-09-14,Turkey,Germany,82.168157,90.529177
886,1,1,2025-09-14,Finland,Greece,115.38527,80.404452
886,2,1,2025-09-14,Turkey,Germany,90.185414,85.35919
887,1,1,2025-09-14,Finland,Greece,95.844814,72.048533
887,2,1,2025-09-14,Turkey,Germany,51.544379,108.61657
888,1,1,2025-09-14,Finland,Greece,100.32215,86.591717
888,2,1,2025-09-14,Turkey,Germany,78.804266,87.587855
889,1,1,2025-09-14,Finland,Greece,91.028707,76.946892
889,2,1,2025-09-14,Turkey,Germany,91.221842,93.496758
890,1,1,2025-09-14,Finland,Greece,93.294774,86.065948
890,2,1,2025-09-14,Turkey,Germany,81.694354,93.847037
891,1,1,2025-09-14,Finland,Greece,95.659753,78.505862
891,2,1,2025-09-14,Turkey,Germany,77.302431,90.138671
892,1,1,2025-09-14,Finland,Greece,88.04047,88.790944
892,2,1,2025-09-14,Turkey,Germany,77.468846,102.26441
893,1,1,2025-09-14,Finland,Greece,76.703343,70.295494
893,2,1,2025-09-14,Turkey,Germany,57.981691,58.951185
894,1,1,2025-09-14,Finland,Greece,103.33016,87.844091
894,2,1,2025-09-14,Turkey,Germany,87.131594,100.67675
895,1,1,2025-09-14,Finland,Greece,85.097074,91.108827
895,2,1,2025-09-14,Turkey,Germany,84.825747,85.411559
896,1,1,2025-09-14,Finland,Greece,60.571912,81.660867
896,2,1,2025-09-14,Turkey,Germany,80.494368,105.08743
897,1,1,2025-09-14,Finland,Greece,106.63312,74.395848
897,2,1,2025-09-14,Turkey,Germany,72.839905,83.157417
898,1,1,2025-09-14,Finland,Greece,83.424943,81.155625
898,2,1,2025-09-14,Turkey,Germany,89.464424,97.129521
899,1,1,2025-09-14,Finland,Greece,100.07872,80.225914
899,2,1,2025-09-14,Turkey,Germany,86.533928,80.071576
900,1,1,2025-09-14,Finland,Greece,90.01832,75.318681
900,2,1,2025-09-14,Turkey,Germany,80.315343,95.238493
901,1,1,2025-09-14,Finland,Greece,81.130475,84.283266
901,2,1,2025-09-14,Turkey,Germany,79.747309,94.627895
902,1,1,2025-09-14,Finland,Greece,92.192034,94.901618
902,2,1,2025-09-14,Turkey,Germany,65.087829,94.862115
903,1,1,2025-09-14,Finland,Greece,98.60642,89.968168
903,2,1,2025-09-14,Turkey,Germany,89.809563,82.349434
904,1,1,2025-09-14,Finland,Greece,102.83393,89.938479
904,2,1,2025-09-14,Turkey,Germany,64.235842,73.669247
905,1,1,2025-09-14,Finland,Greece,92.033393,92.271806
905,2,1,2025-09-14,Turkey,Germany,80.604124,103.05798
906,1,1,2025-09-14,Finland,Greece,81.358204,67.203005
906,2,1,2025-09-14,Turkey,Germany,83.022068,87.050964
907,1,1,2025-09-14,Finland,Greece,85.345485,82.336829
907,2,1,2025-09-14,Turkey,Germany,76.458255,114.14547
908,1,1,2025-09-14,Finland,Greece,104.48117,89.080309
908,2,1,2025-09-14,Turkey,Germany,84.46537,100.11171
909,1,1,2025-09-14,Finland,Greece,110.77564,92.278237
909,2,1,2025-09-14,Turkey,Germany,84.555694,106.15901
910,1,1,2025-09-14,Finland,Greece,98.210405,69.025167
910,2,1,2025-09-14,Turkey,Germany,79.607238,80.232365
911,1,1,2025-09-14,Finland,Greece,105.71559,81.624735
911,2,1,2025-09-14,Turkey,Germany,85.939647,93.408631
912,1,1,2025-09-14,Finland,Greece,97.353608,79.386322
912,2,1,2025-09-14,Turkey,Germany,97.498264,70.530815
913,1,1,2025-09-14,Finland,Greece,102.71902,79.68844
913,2,1,2025-09-14,Turkey,Germany,82.584122,95.647547
914,1,1,2025-09-14,Finland,Greece,95.150223,79.23899
914,2,1,2025-09-14,Turkey,Germany,63.319726,82.127865
915,1,1,2025-09-14,Finland,Greece,98.677006,87.993878
915,2,1,2025-09-14,Turkey,Germany,78.356589,97.408157
916,1,1,2025-09-14,Finland,Greece,85.922374,68.974741
916,2,1,2025-09-14,Turkey,Germany,81.715305,92.516489000000007
917,1,1,2025-09-14,Finland,Greece,86.497297,65.4249
917,2,1,2025-09-14,Turkey,Germany,76.955913,85.172608
918,1,1,2025-09-14,Finland,Greece,77.490999,81.381994
918,2,1,2025-09-14,Turkey,Germany,90.151997,100.11363
919,1,1,2025-09-14,Finland,Greece,92.068703,78.072597
919,2,1,2025-09-14,Turkey,Germany,75.893732,91.950238
920,1,1,2025-09-14,Finland,Greece,112.14216,106.33423
920,2,1,2025-09-14,Turkey,Germany,70.7587,101.21299
921,1,1,2025-09-14,Finland,Greece,108.08653,74.852695
921,2,1,2025-09-14,Turkey,Germany,85.019703,89.050364
922,1,1,2025-09-14,Finland,Greece,87.393531,73.766391
922,2,1,2025-09-14,Turkey,Germany,91.685845,93.643924
923,1,1,2025-09-14,Finland,Greece,85.051892,76.413639
923,2,1,2025-09-14,Turkey,Germany,85.980791,114.06945
924,1,1,2025-09-14,Finland,Greece,111.04267,82.02829
924,2,1,2025-09-14,Turkey,Germany,84.923818,106.36961
925,1,1,2025-09-14,Finland,Greece,91.726032,82.533514
925,2,1,2025-09-14,Turkey,Germany,76.920563,83.545004
926,1,1,2025-09-14,Finland,Greece,93.16134,73.802949
926,2,1,2025-09-14,Turkey,Germany,74.815939,100.14448
927,1,1,2025-09-14,Finland,Greece,100.31216,114.52258
927,2,1,2025-09-14,Turkey,Germany,83.179726,74.840912
928,1,1,2025-09-14,Finland,Greece,110.44103,99.015963
928,2,1,2025-09-14,Turkey,Germany,78.740503,76.349899
929,1,1,2025-09-14,Finland,Greece,86.742171,77.783315
929,2,1,2025-09-14,Turkey,Germany,67.529106,92.134155
930,1,1,2025-09-14,Finland,Greece,80.842122,100.4745
930,2,1,2025-09-14,Turkey,Germany,73.70307,95.693055
931,1,1,2025-09-14,Finland,Greece,97.411673,65.74401
931,2,1,2025-09-14,Turkey,Germany,89.99435,93.177334
932,1,1,2025-09-14,Finland,Greece,99.835055,72.152316
932,2,1,2025-09-14,Turkey,Germany,76.056146,93.082847
933,1,1,2025-09-14,Finland,Greece,80.413419,75.831373
933,2,1,2025-09-14,Turkey,Germany,82.413181,82.680488
934,1,1,2025-09-14,Finland,Greece,109.36738,83.929243
934,2,1,2025-09-14,Turkey,Germany,73.222726,84.297389
935,1,1,2025-09-14,Finland,Greece,90.426735,92.938515
935,2,1,2025-09-14,Turkey,Germany,52.935751,88.088253
936,1,1,2025-09-14,Finland,Greece,110.99539,70.863069
936,2,1,2025-09-14,Turkey,Germany,97.6151,108.44179
937,1,1,2025-09-14,Finland,Greece,97.86037,67.143306
937,2,1,2025-09-14,Turkey,Germany,116.70276,115.13323
938,1,1,2025-09-14,Finland,Greece,80.38609,87.122469
938,2,1,2025-09-14,Turkey,Germany,90.002659,95.44949
939,1,1,2025-09-14,Finland,Greece,105.22937,74.418423
939,2,1,2025-09-14,Turkey,Germany,83.106813,99.108656
940,1,1,2025-09-14,Finland,Greece,107.09888,98.677146
940,2,1,2025-09-14,Turkey,Germany,89.670288,102.15599
941,1,1,2025-09-14,Finland,Greece,93.720815,77.454971
941,2,1,2025-09-14,Turkey,Germany,76.947526,84.968316
942,1,1,2025-09-14,Finland,Greece,73.066746,80.815152
942,2,1,2025-09-14,Turkey,Germany,66.779409,86.37369
943,1,1,2025-09-14,Finland,Greece,89.072376,81.998844
943,2,1,2025-09-14,Turkey,Germany,67.624534,90.028449
944,1,1,2025-09-14,Finland,Greece,110.10695,70.264911
944,2,1,2025-09-14,Turkey,Germany,82.275647,95.42226
945,1,1,2025-09-14,Finland,Greece,107.65917,84.62293
945,2,1,2025-09-14,Turkey,Germany,59.668302,67.127658
946,1,1,2025-09-14,Finland,Greece,119.8218,111.30328
946,2,1,2025-09-14,Turkey,Germany,74.475019,89.885868
947,1,1,2025-09-14,Finland,Greece,97.041611,86.024944
947,2,1,2025-09-14,Turkey,Germany,76.58855,99.239814
948,1,1,2025-09-14,Finland,Greece,98.568658,83.239788
948,2,1,2025-09-14,Turkey,Germany,68.741958,81.175665
949,1,1,2025-09-14,Finland,Greece,72.996922,63.0569
949,2,1,2025-09-14,Turkey,Germany,72.286136,106.38628
950,1,1,2025-09-14,Finland,Greece,96.696713,78.019728
950,2,1,2025-09-14,Turkey,Germany,63.609403,94.675456
951,1,1,2025-09-14,Finland,Greece,85.820625,88.726015
951,2,1,2025-09-14,Turkey,Germany,83.713608,97.893851
952,1,1,2025-09-14,Finland,Greece,96.159215,70.879847
952,2,1,2025-09-14,Turkey,Germany,77.130993,84.319789
953,1,1,2025-09-14,Finland,Greece,72.900028,69.778277
953,2,1,2025-09-14,Turkey,Germany,75.702957,90.246717
954,1,1,2025-09-14,Finland,Greece,87.627814,79.396688
954,2,1,2025-09-14,Turkey,Germany,69.156685,87.110636
955,1,1,2025-09-14,Finland,Greece,75.123645,78.292288
955,2,1,2025-09-14,Turkey,Germany,77.424874,94.897989
956,1,1,2025-09-14,Finland,Greece,89.439633,83.687155
956,2,1,2025-09-14,Turkey,Germany,74.550195,92.47368
957,1,1,2025-09-14,Finland,Greece,85.907818,88.564691
957,2,1,2025-09-14,Turkey,Germany,81.652558,96.108518
958,1,1,2025-09-14,Finland,Greece,90.875988,93.371549
958,2,1,2025-09-14,Turkey,Germany,86.235693,87.357387
959,1,1,2025-09-14,Finland,Greece,112.13013,97.50239
959,2,1,2025-09-14,Turkey,Germany,91.758302,98.635686
960,1,1,2025-09-14,Finland,Greece,92.77707,80.84819
960,2,1,2025-09-14,Turkey,Germany,77.918762,97.962916
961,1,1,2025-09-14,Finland,Greece,74.129966,93.089785
961,2,1,2025-09-14,Turkey,Germany,74.391284,90.948174
962,1,1,2025-09-14,Finland,Greece,100.98103,88.284012
962,2,1,2025-09-14,Turkey,Germany,77.355426,88.742525
963,1,1,2025-09-14,Finland,Greece,106.36716,73.974019
963,2,1,2025-09-14,Turkey,Germany,83.647859,83.777862
964,1,1,2025-09-14,Finland,Greece,93.436982,85.9258
964,2,1,2025-09-14,Turkey,Germany,92.228765,75.966868
965,1,1,2025-09-14,Finland,Greece,91.221312,75.228908
965,2,1,2025-09-14,Turkey,Germany,83.168065,88.756459
966,1,1,2025-09-14,Finland,Greece,94.677905,67.933846
966,2,1,2025-09-14,Turkey,Germany,77.758985,88.502508
967,1,1,2025-09-14,Finland,Greece,84.79891,79.536181
967,2,1,2025-09-14,Turkey,Germany,98.323993,107.83395
968,1,1,2025-09-14,Finland,Greece,108.69396,87.990439
968,2,1,2025-09-14,Turkey,Germany,93.660858,94.025827
969,1,1,2025-09-14,Finland,Greece,89.695474,76.3851
969,2,1,2025-09-14,Turkey,Germany,76.633291,106.41876
970,1,1,2025-09-14,Finland,Greece,100.30309,91.664101
970,2,1,2025-09-14,Turkey,Germany,83.156,90.073974
971,1,1,2025-09-14,Finland,Greece,83.390922,68.291952
971,2,1,2025-09-14,Turkey,Germany,85.354053,88.452585
972,1,1,2025-09-14,Finland,Greece,100.58512,76.61857
972,2,1,2025-09-14,Turkey,Germany,86.246913,94.693068
973,1,1,2025-09-14,Finland,Greece,102.24219,83.654978
973,2,1,2025-09-14,Turkey,Germany,63.863585,98.758766
974,1,1,2025-09-14,Finland,Greece,91.679532,98.385005
974,2,1,2025-09-14,Turkey,Germany,95.810557,84.069715
975,1,1,2025-09-14,Finland,Greece,95.595139,88.709099
975,2,1,2025-09-14,Turkey,Germany,90.111602,97.866491
976,1,1,2025-09-14,Finland,Greece,96.254228,64.21119
976,2,1,2025-09-14,Turkey,Germany,66.795061,97.204178
977,1,1,2025-09-14,Finland,Greece,98.623731,95.235187
977,2,1,2025-09-14,Turkey,Germany,86.822572,105.60849
978,1,1,2025-09-14,Finland,Greece,85.355713,78.62285
978,2,1,2025-09-14,Turkey,Germany,87.431705,90.953894
979,1,1,2025-09-14,Finland,Greece,94.168099,76.733593
979,2,1,2025-09-14,Turkey,Germany,90.812005,87.813048
980,1,1,2025-09-14,Finland,Greece,93.360933,97.95553
980,2,1,2025-09-14,Turkey,Germany,88.269545,62.339865
981,1,1,2025-09-14,Finland,Greece,73.747155,73.438879
981,2,1,2025-09-14,Turkey,Germany,72.968883,92.645543
982,1,1,2025-09-14,Finland,Greece,97.858715,95.44658
982,2,1,2025-09-14,Turkey,Germany,87.154903,85.992415
983,1,1,2025-09-14,Finland,Greece,96.158313,89.519062
983,2,1,2025-09-14,Turkey,Germany,114.11823,112.42887
984,1,1,2025-09-14,Finland,Greece,96.080355,63.240158
984,2,1,2025-09-14,Turkey,Germany,79.509623,93.560474
985,1,1,2025-09-14,Finland,Greece,98.963314,86.724105
985,2,1,2025-09-14,Turkey,Germany,83.195351,96.452878
986,1,1,2025-09-14,Finland,Greece,98.961174,67.243833
986,2,1,2025-09-14,Turkey,Germany,81.638602,105.32177
987,1,1,2025-09-14,Finland,Greece,101.07557,83.630057
987,2,1,2025-09-14,Turkey,Germany,94.151775,90.718877
988,1,1,2025-09-14,Finland,Greece,95.205693,91.733089
988,2,1,2025-09-14,Turkey,Germany,93.260696,108.10611
989,1,1,2025-09-14,Finland,Greece,104.47429,83.111222
989,2,1,2025-09-14,Turkey,Germany,83.554055,98.191221
990,1,1,2025-09-14,Finland,Greece,86.136844,84.430228
990,2,1,2025-09-14,Turkey,Germany,97.629686,88.22731
991,1,1,2025-09-14,Finland,Greece,99.53575,97.916923
991,2,1,2025-09-14,Turkey,Germany,73.222959,89.3556
992,1,1,2025-09-14,Finland,Greece,94.682459,77.021775
992,2,1,2025-09-14,Turkey,Germany,87.204052,88.629071
993,1,1,2025-09-14,Finland,Greece,89.960348,70.684319
993,2,1,2025-09-14,Turkey,Germany,98.738314,101.2699
994,1,1,2025-09-14,Finland,Greece,83.513966,88.858377
994,2,1,2025-09-14,Turkey,Germany,69.384252,113.61081
995,1,1,2025-09-14,Finland,Greece,117.5373,91.108226
995,2,1,2025-09-14,Turkey,Germany,80.853975,95.870279
996,1,1,2025-09-14,Finland,Greece,89.058511,93.874238
996,2,1,2025-09-14,Turkey,Germany,69.747211,86.890081
997,1,1,2025-09-14,Finland,Greece,103.79915,81.511463
997,2,1,2025-09-14,Turkey,Germany,68.810944,111.09587
998,1,1,2025-09-14,Finland,Greece,78.449731,55.528136
998,2,1,2025-09-14,Turkey,Germany,79.537949,92.239244
999,1,1,2025-09-14,Finland,Greece,105.97877,86.279262
999,2,1,2025-09-14,Turkey,Germany,88.662131,106.0476
1000,1,1,2025-09-14,Finland,Greece,107.52802,113.57512
1000,2,1,2025-09-14,Turkey,Germany,68.436592,80.928617
1001,1,1,2025-09-14,Finland,Greece,94.601887,68.204831
1001,2,1,2025-09-14,Turkey,Germany,80.159449,77.588623
1002,1,1,2025-09-14,Finland,Greece,115.96235,84.163575
1002,2,1,2025-09-14,Turkey,Germany,82.373543,97.955516
1003,1,1,2025-09-14,Finland,Greece,95.948763,86.6369
1003,2,1,2025-09-14,Turkey,Germany,85.130235,101.24053
1004,1,1,2025-09-14,Finland,Greece,112.52308,75.698164
1004,2,1,2025-09-14,Turkey,Germany,78.999596,102.6838
1005,1,1,2025-09-14,Finland,Greece,83.295139,80.020245
1005,2,1,2025-09-14,Turkey,Germany,76.682675,92.501364
1006,1,1,2025-09-14,Finland,Greece,94.42961,64.92768
1006,2,1,2025-09-14,Turkey,Germany,79.00779,94.179053
1007,1,1,2025-09-14,Finland,Greece,77.815159,82.792095
1007,2,1,2025-09-14,Turkey,Germany,96.450554,83.749006
1008,1,1,2025-09-14,Finland,Greece,99.209236,83.040597
1008,2,1,2025-09-14,Turkey,Germany,89.305608,92.978796
1009,1,1,2025-09-14,Finland,Greece,88.286928,70.083096
1009,2,1,2025-09-14,Turkey,Germany,84.328517,86.308881
1010,1,1,2025-09-14,Finland,Greece,101.89203,84.073888
1010,2,1,2025-09-14,Turkey,Germany,83.379638,85.228217
1011,1,1,2025-09-14,Finland,Greece,86.933284,64.599702
1011,2,1,2025-09-14,Turkey,Germany,77.815957,114.88695
1012,1,1,2025-09-14,Finland,Greece,88.585644,105.91479
1012,2,1,2025-09-14,Turkey,Germany,82.637194,75.590017
1013,1,1,2025-09-14,Finland,Greece,95.366446,66.956547
1013,2,1,2025-09-14,Turkey,Germany,74.17959,105.14047
1014,1,1,2025-09-14,Finland,Greece,103.71556,94.883149
1014,2,1,2025-09-14,Turkey,Germany,89.164669,104.05569
1015,1,1,2025-09-14,Finland,Greece,79.098914,97.027623
1015,2,1,2025-09-14,Turkey,Germany,80.922208,94.561779
1016,1,1,2025-09-14,Finland,Greece,101.88145,79.388283
1016,2,1,2025-09-14,Turkey,Germany,85.677446,98.31163
1017,1,1,2025-09-14,Finland,Greece,88.597776,96.117615
1017,2,1,2025-09-14,Turkey,Germany,91.593093,102.43496
1018,1,1,2025-09-14,Finland,Greece,100.33888,84.143773
1018,2,1,2025-09-14,Turkey,Germany,68.05075,97.914015
1019,1,1,2025-09-14,Finland,Greece,82.629307,66.555525
1019,2,1,2025-09-14,Turkey,Germany,92.301026,100.98579
1020,1,1,2025-09-14,Finland,Greece,107.12471,95.733309
1020,2,1,2025-09-14,Turkey,Germany,62.687364,90.267424
1021,1,1,2025-09-14,Finland,Greece,86.731663,79.191501
1021,2,1,2025-09-14,Turkey,Germany,99.433611,100.54465
1022,1,1,2025-09-14,Finland,Greece,87.334514,76.323538
1022,2,1,2025-09-14,Turkey,Germany,93.16534,87.497804
1023,1,1,2025-09-14,Finland,Greece,93.781899,82.512785
1023,2,1,2025-09-14,Turkey,Germany,70.757268,74.163137
1024,1,1,2025-09-14,Finland,Greece,107.78383,100.72238
1024,2,1,2025-09-14,Turkey,Germany,101.81588,85.152543
1025,1,1,2025-09-14,Finland,Greece,74.617721,91.547184
1025,2,1,2025-09-14,Turkey,Germany,81.710975,87.377586
1026,1,1,2025-09-14,Finland,Greece,90.580139,95.161222
1026,2,1,2025-09-14,Turkey,Germany,90.228596,88.634097
1027,1,1,2025-09-14,Finland,Greece,80.292964,70.838241
1027,2,1,2025-09-14,Turkey,Germany,68.899272,92.557182
1028,1,1,2025-09-14,Finland,Greece,89.584605,69.883715
1028,2,1,2025-09-14,Turkey,Germany,101.83108,96.025649
1029,1,1,2025-09-14,Finland,Greece,128.26456,92.762026
1029,2,1,2025-09-14,Turkey,Germany,69.509837,97.036996
1030,1,1,2025-09-14,Finland,Greece,91.000889,81.288392
1030,2,1,2025-09-14,Turkey,Germany,99.872468,97.679569
1031,1,1,2025-09-14,Finland,Greece,95.204647,96.452165
1031,2,1,2025-09-14,Turkey,Germany,75.007594,90.594064
1032,1,1,2025-09-14,Finland,Greece,99.474602,82.524684
1032,2,1,2025-09-14,Turkey,Germany,104.16281,109.25705
1033,1,1,2025-09-14,Finland,Greece,95.442124,97.023971
1033,2,1,2025-09-14,Turkey,Germany,76.254124,83.672001
1034,1,1,2025-09-14,Finland,Greece,77.238037,81.837473
1034,2,1,2025-09-14,Turkey,Germany,92.190331,94.73285
1035,1,1,2025-09-14,Finland,Greece,77.69815,76.234157
1035,2,1,2025-09-14,Turkey,Germany,87.213804,114.85419
1036,1,1,2025-09-14,Finland,Greece,102.1313,77.475824
1036,2,1,2025-09-14,Turkey,Germany,88.316704,95.094767
1037,1,1,2025-09-14,Finland,Greece,99.516499,87.580627
1037,2,1,2025-09-14,Turkey,Germany,77.608245,96.576465
1038,1,1,2025-09-14,Finland,Greece,89.66339,93.003346
1038,2,1,2025-09-14,Turkey,Germany,92.852739,82.446644
1039,1,1,2025-09-14,Finland,Greece,85.451965,75.346298
1039,2,1,2025-09-14,Turkey,Germany,91.682816,80.525127
1040,1,1,2025-09-14,Finland,Greece,84.346972,65.306379
1040,2,1,2025-09-14,Turkey,Germany,53.901862,93.54661
1041,1,1,2025-09-14,Finland,Greece,105.62518,84.956267
1041,2,1,2025-09-14,Turkey,Germany,55.796473,90.495469
1042,1,1,2025-09-14,Finland,Greece,87.293344,93.394324
1042,2,1,2025-09-14,Turkey,Germany,85.435807,93.547124
1043,1,1,2025-09-14,Finland,Greece,110.20797,95.908744
1043,2,1,2025-09-14,Turkey,Germany,62.389524,98.401711
1044,1,1,2025-09-14,Finland,Greece,85.543892,89.951492
1044,2,1,2025-09-14,Turkey,Germany,73.499645,91.326822
1045,1,1,2025-09-14,Finland,Greece,99.936209,67.204387
1045,2,1,2025-09-14,Turkey,Germany,88.931816,102.58019
1046,1,1,2025-09-14,Finland,Greece,89.593999,92.771149
1046,2,1,2025-09-14,Turkey,Germany,80.920042,92.453533
1047,1,1,2025-09-14,Finland,Greece,93.341017,88.740918
1047,2,1,2025-09-14,Turkey,Germany,89.028158,103.23749
1048,1,1,2025-09-14,Finland,Greece,115.54957,88.245612
1048,2,1,2025-09-14,Turkey,Germany,89.008257,85.404739
1049,1,1,2025-09-14,Finland,Greece,99.491857,87.03738
1049,2,1,2025-09-14,Turkey,Germany,72.911126,74.77827
1050,1,1,2025-09-14,Finland,Greece,107.5689,97.72239
1050,2,1,2025-09-14,Turkey,Germany,74.842199,95.839616
1051,1,1,2025-09-14,Finland,Greece,80.702752,77.925183
1051,2,1,2025-09-14,Turkey,Germany,104.13351,99.718323
1052,1,1,2025-09-14,Finland,Greece,88.557122,78.661081
1052,2,1,2025-09-14,Turkey,Germany,96.600922,104.10647
1053,1,1,2025-09-14,Finland,Greece,90.743707,79.300125
1053,2,1,2025-09-14,Turkey,Germany,78.128308,83.901311
1054,1,1,2025-09-14,Finland,Greece,84.038423,95.570974
1054,2,1,2025-09-14,Turkey,Germany,89.48141,85.172212
1055,1,1,2025-09-14,Finland,Greece,92.693862,80.019663
1055,2,1,2025-09-14,Turkey,Germany,93.384953,95.397406
1056,1,1,2025-09-14,Finland,Greece,76.009041,81.122743
1056,2,1,2025-09-14,Turkey,Germany,58.628586,76.991779
1057,1,1,2025-09-14,Finland,Greece,71.11309,73.118405
1057,2,1,2025-09-14,Turkey,Germany,90.320547,96.160814
1058,1,1,2025-09-14,Finland,Greece,84.634573,77.001103
1058,2,1,2025-09-14,Turkey,Germany,79.349114,101.21953
1059,1,1,2025-09-14,Finland,Greece,85.076016,88.992496
1059,2,1,2025-09-14,Turkey,Germany,71.901946,89.000398
1060,1,1,2025-09-14,Finland,Greece,80.872672,77.449725
1060,2,1,2025-09-14,Turkey,Germany,66.550926,89.122489
1061,1,1,2025-09-14,Finland,Greece,94.673573,91.800529
1061,2,1,2025-09-14,Turkey,Germany,76.193362,111.12835
1062,1,1,2025-09-14,Finland,Greece,97.884726,86.790452
1062,2,1,2025-09-14,Turkey,Germany,95.402239,89.768404
1063,1,1,2025-09-14,Finland,Greece,97.961711,65.357851
1063,2,1,2025-09-14,Turkey,Germany,79.946813,98.142208
1064,1,1,2025-09-14,Finland,Greece,113.46518,99.413957
1064,2,1,2025-09-14,Turkey,Germany,93.281473,87.066038
1065,1,1,2025-09-14,Finland,Greece,87.887731,79.226787
1065,2,1,2025-09-14,Turkey,Germany,83.517363,105.26286
1066,1,1,2025-09-14,Finland,Greece,103.41215,73.232704
1066,2,1,2025-09-14,Turkey,Germany,84.295064,87.528924
1067,1,1,2025-09-14,Finland,Greece,83.732263,94.611151
1067,2,1,2025-09-14,Turkey,Germany,72.025159,79.427437
1068,1,1,2025-09-14,Finland,Greece,83.920752,86.08068
1068,2,1,2025-09-14,Turkey,Germany,89.546737,112.42747
1069,1,1,2025-09-14,Finland,Greece,85.067609,72.602961
1069,2,1,2025-09-14,Turkey,Germany,88.303885,90.595803
1070,1,1,2025-09-14,Finland,Greece,102.54496,83.38433
1070,2,1,2025-09-14,Turkey,Germany,75.873406,95.192284
1071,1,1,2025-09-14,Finland,Greece,92.821815,91.468702
1071,2,1,2025-09-14,Turkey,Germany,83.2898,126.23011
1072,1,1,2025-09-14,Finland,Greece,92.584649,66.829094
1072,2,1,2025-09-14,Turkey,Germany,80.634675,93.8112
1073,1,1,2025-09-14,Finland,Greece,85.311916,79.926174
1073,2,1,2025-09-14,Turkey,Germany,70.684796,82.776283
1074,1,1,2025-09-14,Finland,Greece,89.946512,90.012287
1074,2,1,2025-09-14,Turkey,Germany,92.519217,106.53508
1075,1,1,2025-09-14,Finland,Greece,82.725495,96.247092
1075,2,1,2025-09-14,Turkey,Germany,71.673645,91.088838
1076,1,1,2025-09-14,Finland,Greece,97.406103,86.153176
1076,2,1,2025-09-14,Turkey,Germany,79.280769,91.219161
1077,1,1,2025-09-14,Finland,Greece,98.692847,75.260892
1077,2,1,2025-09-14,Turkey,Germany,92.099719,102.32814
1078,1,1,2025-09-14,Finland,Greece,94.980187,93.752532
1078,2,1,2025-09-14,Turkey,Germany,73.297839,81.875646
1079,1,1,2025-09-14,Finland,Greece,98.136682,82.592268
1079,2,1,2025-09-14,Turkey,Germany,99.092269,100.89266
1080,1,1,2025-09-14,Finland,Greece,106.03092,77.243894
1080,2,1,2025-09-14,Turkey,Germany,91.967422,57.860615
1081,1,1,2025-09-14,Finland,Greece,88.886636,60.37932
1081,2,1,2025-09-14,Turkey,Germany,82.139252,101.3386
1082,1,1,2025-09-14,Finland,Greece,107.82654,78.20522
1082,2,1,2025-09-14,Turkey,Germany,84.184739,75.709426
1083,1,1,2025-09-14,Finland,Greece,85.13973,83.752481
1083,2,1,2025-09-14,Turkey,Germany,100.31253,104.50533
1084,1,1,2025-09-14,Finland,Greece,81.69835,79.102421
1084,2,1,2025-09-14,Turkey,Germany,73.136407,57.74391
1085,1,1,2025-09-14,Finland,Greece,116.21136,94.849493
1085,2,1,2025-09-14,Turkey,Germany,88.032661,79.004131
1086,1,1,2025-09-14,Finland,Greece,94.283975,95.405145
1086,2,1,2025-09-14,Turkey,Germany,62.720285,95.826577
1087,1,1,2025-09-14,Finland,Greece,96.583871,65.31607
1087,2,1,2025-09-14,Turkey,Germany,86.247569,93.845087
1088,1,1,2025-09-14,Finland,Greece,80.702699,90.205042
1088,2,1,2025-09-14,Turkey,Germany,83.235445,86.083232
1089,1,1,2025-09-14,Finland,Greece,105.67624,86.982312
1089,2,1,2025-09-14,Turkey,Germany,81.864695,111.20666
1090,1,1,2025-09-14,Finland,Greece,77.28926,95.701574
1090,2,1,2025-09-14,Turkey,Germany,76.498136,96.65261
1091,1,1,2025-09-14,Finland,Greece,108.06888,95.488628
1091,2,1,2025-09-14,Turkey,Germany,89.7029,96.182869
1092,1,1,2025-09-14,Finland,Greece,85.894271,63.28144
1092,2,1,2025-09-14,Turkey,Germany,66.860082,91.295861
1093,1,1,2025-09-14,Finland,Greece,97.697344,83.846326
1093,2,1,2025-09-14,Turkey,Germany,89.684771,103.24648
1094,1,1,2025-09-14,Finland,Greece,95.433754,46.442627
1094,2,1,2025-09-14,Turkey,Germany,93.476956,93.392133
1095,1,1,2025-09-14,Finland,Greece,98.537636,87.656984
1095,2,1,2025-09-14,Turkey,Germany,81.755189,97.003861
1096,1,1,2025-09-14,Finland,Greece,96.864459,88.084151
1096,2,1,2025-09-14,Turkey,Germany,98.927629,100.01224
1097,1,1,2025-09-14,Finland,Greece,65.34797,88.332962
1097,2,1,2025-09-14,Turkey,Germany,77.647918,96.229389
1098,1,1,2025-09-14,Finland,Greece,90.562607,91.788485
1098,2,1,2025-09-14,Turkey,Germany,89.394183,94.312807
1099,1,1,2025-09-14,Finland,Greece,79.882791,75.78763
1099,2,1,2025-09-14,Turkey,Germany,82.444296,72.549812
1100,1,1,2025-09-14,Finland,Greece,95.477926,78.37889
1100,2,1,2025-09-14,Turkey,Germany,79.393869,100.47455
1101,1,1,2025-09-14,Finland,Greece,67.400899,81.05143
1101,2,1,2025-09-14,Turkey,Germany,71.365766,92.156712
1102,1,1,2025-09-14,Finland,Greece,65.171845,106.14445
1102,2,1,2025-09-14,Turkey,Germany,70.322129,77.474869
1103,1,1,2025-09-14,Finland,Greece,93.573075,84.775942
1103,2,1,2025-09-14,Turkey,Germany,83.565709,103.59365
1104,1,1,2025-09-14,Finland,Greece,91.984782,91.14386
1104,2,1,2025-09-14,Turkey,Germany,78.13804,97.266532
1105,1,1,2025-09-14,Finland,Greece,93.16184,67.743074
1105,2,1,2025-09-14,Turkey,Germany,78.977204,104.49207
1106,1,1,2025-09-14,Finland,Greece,110.31924,99.256706
1106,2,1,2025-09-14,Turkey,Germany,87.463508,92.860412
1107,1,1,2025-09-14,Finland,Greece,80.014228,79.420185
1107,2,1,2025-09-14,Turkey,Germany,103.60558,106.69332
1108,1,1,2025-09-14,Finland,Greece,88.629665,103.42581
1108,2,1,2025-09-14,Turkey,Germany,74.055252,94.783898
1109,1,1,2025-09-14,Finland,Greece,99.689222,72.647773
1109,2,1,2025-09-14,Turkey,Germany,81.957967,104.07443
1110,1,1,2025-09-14,Finland,Greece,83.530806,76.064088
1110,2,1,2025-09-14,Turkey,Germany,57.725421,75.963948
1111,1,1,2025-09-14,Finland,Greece,90.313549,82.131705
1111,2,1,2025-09-14,Turkey,Germany,87.508545,94.117571
1112,1,1,2025-09-14,Finland,Greece,99.469605,93.389718
1112,2,1,2025-09-14,Turkey,Germany,57.271726,108.46931
1113,1,1,2025-09-14,Finland,Greece,101.67323,81.984033
1113,2,1,2025-09-14,Turkey,Germany,94.536987,100.73363
1114,1,1,2025-09-14,Finland,Greece,82.521378,63.046108
1114,2,1,2025-09-14,Turkey,Germany,99.513893,114.9151
1115,1,1,2025-09-14,Finland,Greece,98.005337,83.512707
1115,2,1,2025-09-14,Turkey,Germany,65.865857,79.833625
1116,1,1,2025-09-14,Finland,Greece,117.89916,96.501019
1116,2,1,2025-09-14,Turkey,Germany,92.39628,87.15815
1117,1,1,2025-09-14,Finland,Greece,76.799175,84.522363
1117,2,1,2025-09-14,Turkey,Germany,74.289507,106.9493
1118,1,1,2025-09-14,Finland,Greece,103.08692,88.125453
1118,2,1,2025-09-14,Turkey,Germany,99.982013,93.029475
1119,1,1,2025-09-14,Finland,Greece,101.46454,77.281179
1119,2,1,2025-09-14,Turkey,Germany,71.620172,95.9785
1120,1,1,2025-09-14,Finland,Greece,83.921813,101.42617
1120,2,1,2025-09-14,Turkey,Germany,84.161506,89.805226
1121,1,1,2025-09-14,Finland,Greece,99.999789,84.403008
1121,2,1,2025-09-14,Turkey,Germany,81.286286,93.694211
1122,1,1,2025-09-14,Finland,Greece,98.702524,69.507781
1122,2,1,2025-09-14,Turkey,Germany,103.00332,89.617513
1123,1,1,2025-09-14,Finland,Greece,93.218121,104.36465
1123,2,1,2025-09-14,Turkey,Germany,73.212418,99.313074
1124,1,1,2025-09-14,Finland,Greece,107.5107,86.991855
1124,2,1,2025-09-14,Turkey,Germany,92.238543,92.338645
1125,1,1,2025-09-14,Finland,Greece,89.174374,68.817949
1125,2,1,2025-09-14,Turkey,Germany,69.728376,85.321733
1126,1,1,2025-09-14,Finland,Greece,100.29908,70.118428
1126,2,1,2025-09-14,Turkey,Germany,89.062236,98.290112
1127,1,1,2025-09-14,Finland,Greece,108.0536,65.615424
1127,2,1,2025-09-14,Turkey,Germany,97.843987,107.04262
1128,1,1,2025-09-14,Finland,Greece,105.00248,94.217493
1128,2,1,2025-09-14,Turkey,Germany,98.341398,102.48124
1129,1,1,2025-09-14,Finland,Greece,99.835794,92.032649
1129,2,1,2025-09-14,Turkey,Germany,67.396126,91.162863
1130,1,1,2025-09-14,Finland,Greece,101.07247,87.770451
1130,2,1,2025-09-14,Turkey,Germany,100.43019,88.397485
1131,1,1,2025-09-14,Finland,Greece,86.083718,74.57092
1131,2,1,2025-09-14,Turkey,Germany,86.513333,100.46677
1132,1,1,2025-09-14,Finland,Greece,103.67286,76.980006
1132,2,1,2025-09-14,Turkey,Germany,78.568869,103.56821
1133,1,1,2025-09-14,Finland,Greece,88.134834,90.185747
1133,2,1,2025-09-14,Turkey,Germany,91.328615,86.835688
1134,1,1,2025-09-14,Finland,Greece,75.781745,96.953135
1134,2,1,2025-09-14,Turkey,Germany,85.209481,91.815978
1135,1,1,2025-09-14,Finland,Greece,80.176706,67.689257
1135,2,1,2025-09-14,Turkey,Germany,86.816086,99.623562
1136,1,1,2025-09-14,Finland,Greece,101.27668,99.476645
1136,2,1,2025-09-14,Turkey,Germany,98.463687,95.588032
1137,1,1,2025-09-14,Finland,Greece,94.444123,87.750196
1137,2,1,2025-09-14,Turkey,Germany,83.127511,92.647289
1138,1,1,2025-09-14,Finland,Greece,110.70346,113.979
1138,2,1,2025-09-14,Turkey,Germany,82.038052,81.304988
1139,1,1,2025-09-14,Finland,Greece,88.910639,74.05001
1139,2,1,2025-09-14,Turkey,Germany,73.537907,76.625524
1140,1,1,2025-09-14,Finland,Greece,123.95889,106.61163
1140,2,1,2025-09-14,Turkey,Germany,86.96446,104.52053
1141,1,1,2025-09-14,Finland,Greece,92.162487,91.521655
1141,2,1,2025-09-14,Turkey,Germany,96.265271,88.234532
1142,1,1,2025-09-14,Finland,Greece,90.745673,63.622632
1142,2,1,2025-09-14,Turkey,Germany,76.734301,67.383864
1143,1,1,2025-09-14,Finland,Greece,110.34253,80.93978
1143,2,1,2025-09-14,Turkey,Germany,99.912866,100.16028
1144,1,1,2025-09-14,Finland,Greece,103.71365,93.09511
1144,2,1,2025-09-14,Turkey,Germany,79.623499,90.0515
1145,1,1,2025-09-14,Finland,Greece,74.675265,63.687165
1145,2,1,2025-09-14,Turkey,Germany,77.835969,84.674746
1146,1,1,2025-09-14,Finland,Greece,103.09577,66.308408
1146,2,1,2025-09-14,Turkey,Germany,76.163579,94.158324
1147,1,1,2025-09-14,Finland,Greece,108.8632,81.930008
1147,2,1,2025-09-14,Turkey,Germany,96.956498,81.385012
1148,1,1,2025-09-14,Finland,Greece,106.13386,89.384618
1148,2,1,2025-09-14,Turkey,Germany,73.157534,87.862885
1149,1,1,2025-09-14,Finland,Greece,90.141053,85.914987
1149,2,1,2025-09-14,Turkey,Germany,75.460961,98.141115
1150,1,1,2025-09-14,Finland,Greece,97.801496,78.401469
1150,2,1,2025-09-14,Turkey,Germany,84.61963,98.942722
1151,1,1,2025-09-14,Finland,Greece,71.649672,76.992615
1151,2,1,2025-09-14,Turkey,Germany,74.136064,99.421167
1152,1,1,2025-09-14,Finland,Greece,91.592673,73.78268
1152,2,1,2025-09-14,Turkey,Germany,94.148363,95.670197
1153,1,1,2025-09-14,Finland,Greece,83.297778,60.315117
1153,2,1,2025-09-14,Turkey,Germany,87.135805,80.885082
1154,1,1,2025-09-14,Finland,Greece,99.923018,111.25821
1154,2,1,2025-09-14,Turkey,Germany,84.573043,97.976206
1155,1,1,2025-09-14,Finland,Greece,124.06911,87.853272
1155,2,1,2025-09-14,Turkey,Germany,87.102782,122.26886
1156,1,1,2025-09-14,Finland,Greece,103.71556,65.180747
1156,2,1,2025-09-14,Turkey,Germany,87.328232,104.70473
1157,1,1,2025-09-14,Finland,Greece,74.176903,96.787038
1157,2,1,2025-09-14,Turkey,Germany,96.804971,111.65114
1158,1,1,2025-09-14,Finland,Greece,74.180863,74.15105
1158,2,1,2025-09-14,Turkey,Germany,52.861477,99.5452
1159,1,1,2025-09-14,Finland,Greece,83.640585,99.271371
1159,2,1,2025-09-14,Turkey,Germany,90.633565,99.373465
1160,1,1,2025-09-14,Finland,Greece,94.376613,77.773282
1160,2,1,2025-09-14,Turkey,Germany,83.95194,82.55015
1161,1,1,2025-09-14,Finland,Greece,95.523983,73.757388
1161,2,1,2025-09-14,Turkey,Germany,76.176558,91.235512
1162,1,1,2025-09-14,Finland,Greece,111.12174,64.389929
1162,2,1,2025-09-14,Turkey,Germany,91.253041,89.791797
1163,1,1,2025-09-14,Finland,Greece,98.450614,91.783906
1163,2,1,2025-09-14,Turkey,Germany,72.547621,77.02278
1164,1,1,2025-09-14,Finland,Greece,96.38095,53.879743
1164,2,1,2025-09-14,Turkey,Germany,98.187399,91.361709
1165,1,1,2025-09-14,Finland,Greece,81.378054,100.8418
1165,2,1,2025-09-14,Turkey,Germany,81.035656,86.612534
1166,1,1,2025-09-14,Finland,Greece,72.447321,67.284209
1166,2,1,2025-09-14,Turkey,Germany,105.74823,110.59951
1167,1,1,2025-09-14,Finland,Greece,98.14414,81.02758
1167,2,1,2025-09-14,Turkey,Germany,77.067163,95.724964
1168,1,1,2025-09-14,Finland,Greece,95.833128,97.421445
1168,2,1,2025-09-14,Turkey,Germany,88.200571,64.696267
1169,1,1,2025-09-14,Finland,Greece,89.163671,63.981672
1169,2,1,2025-09-14,Turkey,Germany,91.720977,109.18359
1170,1,1,2025-09-14,Finland,Greece,91.534636,83.284938
1170,2,1,2025-09-14,Turkey,Germany,88.064387,109.95268
1171,1,1,2025-09-14,Finland,Greece,87.581527,81.952184
1171,2,1,2025-09-14,Turkey,Germany,84.123263,95.114643
1172,1,1,2025-09-14,Finland,Greece,96.46589,87.408939
1172,2,1,2025-09-14,Turkey,Germany,93.451507,95.462411
1173,1,1,2025-09-14,Finland,Greece,92.582781,74.218503
1173,2,1,2025-09-14,Turkey,Germany,88.375733,111.51367
1174,1,1,2025-09-14,Finland,Greece,78.023089,105.32354
1174,2,1,2025-09-14,Turkey,Germany,75.162129,100.26837
1175,1,1,2025-09-14,Finland,Greece,115.85773,92.129887
1175,2,1,2025-09-14,Turkey,Germany,80.76932,98.955258
1176,1,1,2025-09-14,Finland,Greece,82.085773,88.123302
1176,2,1,2025-09-14,Turkey,Germany,97.281335,88.839972
1177,1,1,2025-09-14,Finland,Greece,90.854403,92.227159
1177,2,1,2025-09-14,Turkey,Germany,71.561977,114.79789
1178,1,1,2025-09-14,Finland,Greece,86.985134,76.863209
1178,2,1,2025-09-14,Turkey,Germany,83.726164,109.10209
1179,1,1,2025-09-14,Finland,Greece,84.341467,103.24034
1179,2,1,2025-09-14,Turkey,Germany,79.749603,101.87825
1180,1,1,2025-09-14,Finland,Greece,84.944455,90.879457
1180,2,1,2025-09-14,Turkey,Germany,65.444225,88.015114
1181,1,1,2025-09-14,Finland,Greece,84.719298,80.617482999999993
1181,2,1,2025-09-14,Turkey,Germany,87.492896,94.2441
1182,1,1,2025-09-14,Finland,Greece,112.85944,92.770195
1182,2,1,2025-09-14,Turkey,Germany,75.898804,96.505748
1183,1,1,2025-09-14,Finland,Greece,79.836024,84.044456
1183,2,1,2025-09-14,Turkey,Germany,81.21492,108.646
1184,1,1,2025-09-14,Finland,Greece,107.7496,77.289757
1184,2,1,2025-09-14,Turkey,Germany,82.478741,96.189106
1185,1,1,2025-09-14,Finland,Greece,84.098079,83.230205
1185,2,1,2025-09-14,Turkey,Germany,76.396596,72.294354
1186,1,1,2025-09-14,Finland,Greece,102.84198,81.49906
1186,2,1,2025-09-14,Turkey,Germany,97.309496,98.505262
1187,1,1,2025-09-14,Finland,Greece,101.98862,58.830788
1187,2,1,2025-09-14,Turkey,Germany,56.285784,95.479203
1188,1,1,2025-09-14,Finland,Greece,105.97188,60.559236
1188,2,1,2025-09-14,Turkey,Germany,87.653602,89.116134
1189,1,1,2025-09-14,Finland,Greece,91.287466,82.231227
1189,2,1,2025-09-14,Turkey,Germany,64.70091,86.920396
1190,1,1,2025-09-14,Finland,Greece,83.200347,106.99097
1190,2,1,2025-09-14,Turkey,Germany,73.932082,97.222582
1191,1,1,2025-09-14,Finland,Greece,107.86501,70.818287
1191,2,1,2025-09-14,Turkey,Germany,70.518212,100.14538
1192,1,1,2025-09-14,Finland,Greece,92.420282,71.037542
1192,2,1,2025-09-14,Turkey,Germany,91.318077,85.367807
1193,1,1,2025-09-14,Finland,Greece,97.619585,69.214312
1193,2,1,2025-09-14,Turkey,Germany,80.225587,99.335917
1194,1,1,2025-09-14,Finland,Greece,86.486943,87.27627
1194,2,1,2025-09-14,Turkey,Germany,75.55769,102.24261
1195,1,1,2025-09-14,Finland,Greece,106.20437,78.372307
1195,2,1,2025-09-14,Turkey,Germany,77.275116,98.67182
1196,1,1,2025-09-14,Finland,Greece,84.134028,86.465952
1196,2,1,2025-09-14,Turkey,Germany,73.929358,89.165593
1197,1,1,2025-09-14,Finland,Greece,87.435001,85.138525
1197,2,1,2025-09-14,Turkey,Germany,100.39755,88.881921
1198,1,1,2025-09-14,Finland,Greece,91.761174,72.855142
1198,2,1,2025-09-14,Turkey,Germany,61.240559,82.981101
1199,1,1,2025-09-14,Finland,Greece,65.393387,60.334378
1199,2,1,2025-09-14,Turkey,Germany,78.887893,97.561138
1200,1,1,2025-09-14,Finland,Greece,91.12366,86.14065
1200,2,1,2025-09-14,Turkey,Germany,67.279947,79.810935
1201,1,1,2025-09-14,Finland,Greece,88.710604,77.377194
1201,2,1,2025-09-14,Turkey,Germany,103.86829,96.413748
1202,1,1,2025-09-14,Finland,Greece,100.87486,61.385069
1202,2,1,2025-09-14,Turkey,Germany,88.818561,98.705248
1203,1,1,2025-09-14,Finland,Greece,99.188865,93.932316
1203,2,1,2025-09-14,Turkey,Germany,66.264874,86.228475
1204,1,1,2025-09-14,Finland,Greece,70.612247,78.351086
1204,2,1,2025-09-14,Turkey,Germany,71.789733,85.325183
1205,1,1,2025-09-14,Finland,Greece,96.827449,93.772601
1205,2,1,2025-09-14,Turkey,Germany,93.260797,107.47112
1206,1,1,2025-09-14,Finland,Greece,88.136431,67.585211
1206,2,1,2025-09-14,Turkey,Germany,86.438923,102.36675
1207,1,1,2025-09-14,Finland,Greece,69.235284,90.872069
1207,2,1,2025-09-14,Turkey,Germany,87.149392,104.47049
1208,1,1,2025-09-14,Finland,Greece,87.38114,82.35648
1208,2,1,2025-09-14,Turkey,Germany,89.713156,101.69691
1209,1,1,2025-09-14,Finland,Greece,85.749137,79.053507
1209,2,1,2025-09-14,Turkey,Germany,87.959085,99.985948
1210,1,1,2025-09-14,Finland,Greece,88.199007,91.658849
1210,2,1,2025-09-14,Turkey,Germany,85.896998,103.00426
1211,1,1,2025-09-14,Finland,Greece,71.730831,65.940485
1211,2,1,2025-09-14,Turkey,Germany,74.873485,100.61736
1212,1,1,2025-09-14,Finland,Greece,56.567242,73.090271
1212,2,1,2025-09-14,Turkey,Germany,106.26109,88.912783
1213,1,1,2025-09-14,Finland,Greece,91.60492,67.888551
1213,2,1,2025-09-14,Turkey,Germany,86.756535,102.18102
1214,1,1,2025-09-14,Finland,Greece,87.917946,72.91553
1214,2,1,2025-09-14,Turkey,Germany,94.267276,89.586298
1215,1,1,2025-09-14,Finland,Greece,86.937549,87.954818
1215,2,1,2025-09-14,Turkey,Germany,81.294709,86.981505
1216,1,1,2025-09-14,Finland,Greece,80.2311,81.02348
1216,2,1,2025-09-14,Turkey,Germany,85.565115,99.646838
1217,1,1,2025-09-14,Finland,Greece,79.096819,69.50817
1217,2,1,2025-09-14,Turkey,Germany,84.874129,77.099279
1218,1,1,2025-09-14,Finland,Greece,92.002544,78.749628
1218,2,1,2025-09-14,Turkey,Germany,88.636952,99.958384
1219,1,1,2025-09-14,Finland,Greece,77.830877,83.245864
1219,2,1,2025-09-14,Turkey,Germany,69.292742,76.792767
1220,1,1,2025-09-14,Finland,Greece,86.00764,87.727773
1220,2,1,2025-09-14,Turkey,Germany,106.34432,91.291394
1221,1,1,2025-09-14,Finland,Greece,92.887626,88.342136
1221,2,1,2025-09-14,Turkey,Germany,89.385395,92.712484
1222,1,1,2025-09-14,Finland,Greece,120.46982,84.88795
1222,2,1,2025-09-14,Turkey,Germany,75.89773,116.13865
1223,1,1,2025-09-14,Finland,Greece,100.43867,73.036053
1223,2,1,2025-09-14,Turkey,Germany,70.92902,85.33109
1224,1,1,2025-09-14,Finland,Greece,83.665832,90.04659
1224,2,1,2025-09-14,Turkey,Germany,87.007593,81.636485
1225,1,1,2025-09-14,Finland,Greece,83.808295,73.189634
1225,2,1,2025-09-14,Turkey,Germany,92.138753,104.49731
1226,1,1,2025-09-14,Finland,Greece,109.6639,83.580084
1226,2,1,2025-09-14,Turkey,Germany,93.750719,95.161965
1227,1,1,2025-09-14,Finland,Greece,89.469809,84.637761
1227,2,1,2025-09-14,Turkey,Germany,85.569053,88.511709
1228,1,1,2025-09-14,Finland,Greece,87.838446,79.41736
1228,2,1,2025-09-14,Turkey,Germany,64.128879,86.592247
1229,1,1,2025-09-14,Finland,Greece,90.904414,78.907738
1229,2,1,2025-09-14,Turkey,Germany,88.513282,83.690721
1230,1,1,2025-09-14,Finland,Greece,85.766678,70.401773
1230,2,1,2025-09-14,Turkey,Germany,81.240008,89.829991
1231,1,1,2025-09-14,Finland,Greece,87.377987,68.643702
1231,2,1,2025-09-14,Turkey,Germany,91.701042,102.10251
1232,1,1,2025-09-14,Finland,Greece,111.63104,82.940899
1232,2,1,2025-09-14,Turkey,Germany,97.694859,128.16412
1233,1,1,2025-09-14,Finland,Greece,77.255571,60.624519
1233,2,1,2025-09-14,Turkey,Germany,82.961136,93.376653
1234,1,1,2025-09-14,Finland,Greece,104.39568,78.624364
1234,2,1,2025-09-14,Turkey,Germany,89.89603,91.158942
1235,1,1,2025-09-14,Finland,Greece,88.200411,71.896088
1235,2,1,2025-09-14,Turkey,Germany,86.262797,77.395652
1236,1,1,2025-09-14,Finland,Greece,79.165845,62.61955
1236,2,1,2025-09-14,Turkey,Germany,75.17893,89.111573
1237,1,1,2025-09-14,Finland,Greece,100.07928,75.54553
1237,2,1,2025-09-14,Turkey,Germany,88.685952,79.711763
1238,1,1,2025-09-14,Finland,Greece,95.800595,72.050735
1238,2,1,2025-09-14,Turkey,Germany,80.528216,93.92652
1239,1,1,2025-09-14,Finland,Greece,91.311646,84.966858
1239,2,1,2025-09-14,Turkey,Germany,84.78233,102.85578
1240,1,1,2025-09-14,Finland,Greece,85.119102,71.920449
1240,2,1,2025-09-14,Turkey,Germany,92.131575,79.955317
1241,1,1,2025-09-14,Finland,Greece,94.009895,62.322427
1241,2,1,2025-09-14,Turkey,Germany,75.110386,89.646573
1242,1,1,2025-09-14,Finland,Greece,108.35035,77.372417
1242,2,1,2025-09-14,Turkey,Germany,93.919202,106.11243
1243,1,1,2025-09-14,Finland,Greece,100.0853,87.629208
1243,2,1,2025-09-14,Turkey,Germany,74.143682,90.556739
1244,1,1,2025-09-14,Finland,Greece,79.847347,99.129088
1244,2,1,2025-09-14,Turkey,Germany,77.7821,97.388074
1245,1,1,2025-09-14,Finland,Greece,82.577731,74.545369
1245,2,1,2025-09-14,Turkey,Germany,77.929212,89.778406
1246,1,1,2025-09-14,Finland,Greece,106.23875,86.093449
1246,2,1,2025-09-14,Turkey,Germany,83.389024,89.442837
1247,1,1,2025-09-14,Finland,Greece,91.491137,89.208414
1247,2,1,2025-09-14,Turkey,Germany,95.44489,97.907059
1248,1,1,2025-09-14,Finland,Greece,76.683307,89.789949
1248,2,1,2025-09-14,Turkey,Germany,89.391838,94.386939
1249,1,1,2025-09-14,Finland,Greece,88.188884,76.029928
1249,2,1,2025-09-14,Turkey,Germany,63.264442,93.275262
1250,1,1,2025-09-14,Finland,Greece,104.56491,85.392816
1250,2,1,2025-09-14,Turkey,Germany,68.996782,71.043334
1251,1,1,2025-09-14,Finland,Greece,101.74848,80.202314
1251,2,1,2025-09-14,Turkey,Germany,65.927239,90.710524
1252,1,1,2025-09-14,Finland,Greece,99.981737,77.089651
1252,2,1,2025-09-14,Turkey,Germany,98.289628,97.499949
1253,1,1,2025-09-14,Finland,Greece,85.69533,81.218471
1253,2,1,2025-09-14,Turkey,Germany,104.28812,89.077628
1254,1,1,2025-09-14,Finland,Greece,108.88717,92.967475
1254,2,1,2025-09-14,Turkey,Germany,78.719237,78.10377
1255,1,1,2025-09-14,Finland,Greece,96.685186,86.134263
1255,2,1,2025-09-14,Turkey,Germany,79.237769,92.749738
1256,1,1,2025-09-14,Finland,Greece,107.59722,83.450018
1256,2,1,2025-09-14,Turkey,Germany,89.784116,84.15056
1257,1,1,2025-09-14,Finland,Greece,90.658453,81.002337
1257,2,1,2025-09-14,Turkey,Germany,88.0213,85.970502
1258,1,1,2025-09-14,Finland,Greece,82.063586,69.655468
1258,2,1,2025-09-14,Turkey,Germany,115.60216,109.29109
1259,1,1,2025-09-14,Finland,Greece,72.148819,76.940022
1259,2,1,2025-09-14,Turkey,Germany,85.169427,101.09792
1260,1,1,2025-09-14,Finland,Greece,98.621058,73.397342
1260,2,1,2025-09-14,Turkey,Germany,99.566716,125.89264
1261,1,1,2025-09-14,Finland,Greece,99.950824,75.504497
1261,2,1,2025-09-14,Turkey,Germany,88.993687,111.70725
1262,1,1,2025-09-14,Finland,Greece,89.904008,84.94079
1262,2,1,2025-09-14,Turkey,Germany,89.090306,89.402611
1263,1,1,2025-09-14,Finland,Greece,88.14017,84.141934
1263,2,1,2025-09-14,Turkey,Germany,78.86257,85.081617
1264,1,1,2025-09-14,Finland,Greece,102.24352,89.703467
1264,2,1,2025-09-14,Turkey,Germany,97.27338,95.677207
1265,1,1,2025-09-14,Finland,Greece,92.988875,80.320076
1265,2,1,2025-09-14,Turkey,Germany,89.629175,91.210638
1266,1,1,2025-09-14,Finland,Greece,82.118195,89.569581
1266,2,1,2025-09-14,Turkey,Germany,97.885476,78.61665
1267,1,1,2025-09-14,Finland,Greece,114.12996,83.834068
1267,2,1,2025-09-14,Turkey,Germany,66.39909,101.28108
1268,1,1,2025-09-14,Finland,Greece,99.504637,84.072548
1268,2,1,2025-09-14,Turkey,Germany,84.594417000000007,96.727691
1269,1,1,2025-09-14,Finland,Greece,83.094175,92.033338
1269,2,1,2025-09-14,Turkey,Germany,79.764577,100.72882
1270,1,1,2025-09-14,Finland,Greece,84.604508,92.144186
1270,2,1,2025-09-14,Turkey,Germany,97.612727,100.60487
1271,1,1,2025-09-14,Finland,Greece,96.616228,84.064253
1271,2,1,2025-09-14,Turkey,Germany,84.922474,77.631983
1272,1,1,2025-09-14,Finland,Greece,92.361052,73.776094
1272,2,1,2025-09-14,Turkey,Germany,102.9627,89.248873
1273,1,1,2025-09-14,Finland,Greece,110.5444,126.73567
1273,2,1,2025-09-14,Turkey,Germany,96.491076,71.721233
1274,1,1,2025-09-14,Finland,Greece,100.19113,86.407972
1274,2,1,2025-09-14,Turkey,Germany,76.873909,94.515643
1275,1,1,2025-09-14,Finland,Greece,94.181924,72.095859
1275,2,1,2025-09-14,Turkey,Germany,77.176933,137.98321
1276,1,1,2025-09-14,Finland,Greece,84.174801,77.968842
1276,2,1,2025-09-14,Turkey,Germany,74.459111,86.330435
1277,1,1,2025-09-14,Finland,Greece,94.856168,78.030395
1277,2,1,2025-09-14,Turkey,Germany,82.60196,107.66616
1278,1,1,2025-09-14,Finland,Greece,105.26311,104.38236
1278,2,1,2025-09-14,Turkey,Germany,88.582345,103.05594
1279,1,1,2025-09-14,Finland,Greece,95.704081,89.0975
1279,2,1,2025-09-14,Turkey,Germany,72.181195,100.59123
1280,1,1,2025-09-14,Finland,Greece,108.60266,85.235852
1280,2,1,2025-09-14,Turkey,Germany,76.024908,78.275607
1281,1,1,2025-09-14,Finland,Greece,95.404049,87.517581
1281,2,1,2025-09-14,Turkey,Germany,73.213174,94.04014
1282,1,1,2025-09-14,Finland,Greece,98.867038,71.280716
1282,2,1,2025-09-14,Turkey,Germany,85.795324,94.277795
1283,1,1,2025-09-14,Finland,Greece,84.12958,89.286965
1283,2,1,2025-09-14,Turkey,Germany,82.441256,78.990769
1284,1,1,2025-09-14,Finland,Greece,90.765396,71.81516
1284,2,1,2025-09-14,Turkey,Germany,88.574441,110.80517999999999
1285,1,1,2025-09-14,Finland,Greece,115.17284,63.539525
1285,2,1,2025-09-14,Turkey,Germany,82.573133,91.415413
1286,1,1,2025-09-14,Finland,Greece,89.474624,68.25974
1286,2,1,2025-09-14,Turkey,Germany,78.900156,98.956395
1287,1,1,2025-09-14,Finland,Greece,90.511643,81.189735
1287,2,1,2025-09-14,Turkey,Germany,94.424904,100.49845
1288,1,1,2025-09-14,Finland,Greece,95.648768,70.170382
1288,2,1,2025-09-14,Turkey,Germany,71.714699,108.34256
1289,1,1,2025-09-14,Finland,Greece,68.205963,78.808939
1289,2,1,2025-09-14,Turkey,Germany,92.612535,108.37929
1290,1,1,2025-09-14,Finland,Greece,95.61192,98.80074
1290,2,1,2025-09-14,Turkey,Germany,64.318277,95.104872
1291,1,1,2025-09-14,Finland,Greece,89.6987,81.520452
1291,2,1,2025-09-14,Turkey,Germany,86.939396,93.646469
1292,1,1,2025-09-14,Finland,Greece,92.338938,70.742384
1292,2,1,2025-09-14,Turkey,Germany,66.544986,116.44759
1293,1,1,2025-09-14,Finland,Greece,78.547221,77.782531
1293,2,1,2025-09-14,Turkey,Germany,79.422506,94.794103
1294,1,1,2025-09-14,Finland,Greece,91.727627,65.517139
1294,2,1,2025-09-14,Turkey,Germany,89.671557,88.309394
1295,1,1,2025-09-14,Finland,Greece,104.88142,88.53648
1295,2,1,2025-09-14,Turkey,Germany,74.171743,90.989937
1296,1,1,2025-09-14,Finland,Greece,84.471305,85.026642
1296,2,1,2025-09-14,Turkey,Germany,71.331612,95.796702
1297,1,1,2025-09-14,Finland,Greece,94.155169,78.881388
1297,2,1,2025-09-14,Turkey,Germany,73.201278,91.751459
1298,1,1,2025-09-14,Finland,Greece,74.503686,93.59155
1298,2,1,2025-09-14,Turkey,Germany,100.84109,100.88622
1299,1,1,2025-09-14,Finland,Greece,85.979304,98.781397
1299,2,1,2025-09-14,Turkey,Germany,77.283703,97.614257
1300,1,1,2025-09-14,Finland,Greece,82.307309,84.79314
1300,2,1,2025-09-14,Turkey,Germany,68.68675,78.320971
1301,1,1,2025-09-14,Finland,Greece,95.753699,87.582075
1301,2,1,2025-09-14,Turkey,Germany,91.066129,91.869826
1302,1,1,2025-09-14,Finland,Greece,119.78124,84.623187
1302,2,1,2025-09-14,Turkey,Germany,87.864421,102.10087
1303,1,1,2025-09-14,Finland,Greece,90.132415,82.586481
1303,2,1,2025-09-14,Turkey,Germany,93.27332,93.022314
1304,1,1,2025-09-14,Finland,Greece,114.99008,80.703101
1304,2,1,2025-09-14,Turkey,Germany,80.86488,109.76749
1305,1,1,2025-09-14,Finland,Greece,96.171849,80.146183
1305,2,1,2025-09-14,Turkey,Germany,78.480687,99.577824
1306,1,1,2025-09-14,Finland,Greece,95.858219,70.393147
1306,2,1,2025-09-14,Turkey,Germany,59.395708,73.080743
1307,1,1,2025-09-14,Finland,Greece,101.06706,64.610937
1307,2,1,2025-09-14,Turkey,Germany,82.699232,98.677439
1308,1,1,2025-09-14,Finland,Greece,91.46679,100.60771
1308,2,1,2025-09-14,Turkey,Germany,76.753074,97.671163
1309,1,1,2025-09-14,Finland,Greece,99.738758,91.288482
1309,2,1,2025-09-14,Turkey,Germany,71.911089,90.205976
1310,1,1,2025-09-14,Finland,Greece,117.29203,92.897193
1310,2,1,2025-09-14,Turkey,Germany,77.924595,101.29255
1311,1,1,2025-09-14,Finland,Greece,75.407084,54.533095
1311,2,1,2025-09-14,Turkey,Germany,79.790736,90.489429
1312,1,1,2025-09-14,Finland,Greece,81.165313,70.771589
1312,2,1,2025-09-14,Turkey,Germany,81.717787,95.237305
1313,1,1,2025-09-14,Finland,Greece,110.56989,86.46928
1313,2,1,2025-09-14,Turkey,Germany,71.130679,106.67426
1314,1,1,2025-09-14,Finland,Greece,99.767727,86.045519
1314,2,1,2025-09-14,Turkey,Germany,90.950951,91.377195
1315,1,1,2025-09-14,Finland,Greece,77.32652,88.473438
1315,2,1,2025-09-14,Turkey,Germany,88.665036,91.898866
1316,1,1,2025-09-14,Finland,Greece,119.52368,88.927377
1316,2,1,2025-09-14,Turkey,Germany,73.197919,108.19839
1317,1,1,2025-09-14,Finland,Greece,89.483278,83.994457
1317,2,1,2025-09-14,Turkey,Germany,86.575357,101.39388
1318,1,1,2025-09-14,Finland,Greece,93.626961,102.13584
1318,2,1,2025-09-14,Turkey,Germany,82.219541,95.002091
1319,1,1,2025-09-14,Finland,Greece,93.253904,85.86372
1319,2,1,2025-09-14,Turkey,Germany,88.227959,92.18813
1320,1,1,2025-09-14,Finland,Greece,101.35697,80.451163
1320,2,1,2025-09-14,Turkey,Germany,86.681032,68.969157
1321,1,1,2025-09-14,Finland,Greece,99.682017,105.71529
1321,2,1,2025-09-14,Turkey,Germany,83.158584,91.466287
1322,1,1,2025-09-14,Finland,Greece,91.601706,90.625674
1322,2,1,2025-09-14,Turkey,Germany,82.919391,90.040895
1323,1,1,2025-09-14,Finland,Greece,98.368716,77.135731
1323,2,1,2025-09-14,Turkey,Germany,69.433881,107.53913
1324,1,1,2025-09-14,Finland,Greece,113.2975,77.97229
1324,2,1,2025-09-14,Turkey,Germany,69.410173,100.04201
1325,1,1,2025-09-14,Finland,Greece,89.255057,66.103232
1325,2,1,2025-09-14,Turkey,Germany,85.866604,94.12902
1326,1,1,2025-09-14,Finland,Greece,92.936573,83.749587
1326,2,1,2025-09-14,Turkey,Germany,91.630438,92.172953
1327,1,1,2025-09-14,Finland,Greece,81.947287,74.353511
1327,2,1,2025-09-14,Turkey,Germany,78.793161,85.990823
1328,1,1,2025-09-14,Finland,Greece,90.044274,77.057573
1328,2,1,2025-09-14,Turkey,Germany,68.910897,100.55108
1329,1,1,2025-09-14,Finland,Greece,81.272724,75.481776
1329,2,1,2025-09-14,Turkey,Germany,65.209977,80.310903
1330,1,1,2025-09-14,Finland,Greece,101.27206,77.856703
1330,2,1,2025-09-14,Turkey,Germany,97.322535,110.61276
1331,1,1,2025-09-14,Finland,Greece,98.944598,83.433146
1331,2,1,2025-09-14,Turkey,Germany,59.654164,90.112959
1332,1,1,2025-09-14,Finland,Greece,87.464553,71.220137
1332,2,1,2025-09-14,Turkey,Germany,93.874819,115.30707
1333,1,1,2025-09-14,Finland,Greece,92.319497,71.983635
1333,2,1,2025-09-14,Turkey,Germany,71.558525,85.140548
1334,1,1,2025-09-14,Finland,Greece,80.970379,82.068093
1334,2,1,2025-09-14,Turkey,Germany,78.763929,69.90695
1335,1,1,2025-09-14,Finland,Greece,86.921042,66.507753
1335,2,1,2025-09-14,Turkey,Germany,86.221065,103.71248
1336,1,1,2025-09-14,Finland,Greece,75.33044,81.983263
1336,2,1,2025-09-14,Turkey,Germany,68.971164,92.293686
1337,1,1,2025-09-14,Finland,Greece,85.965401,89.423033
1337,2,1,2025-09-14,Turkey,Germany,88.296643,94.057051
1338,1,1,2025-09-14,Finland,Greece,95.843348,72.643971
1338,2,1,2025-09-14,Turkey,Germany,66.775625,88.30388
1339,1,1,2025-09-14,Finland,Greece,109.19482000000001,89.501639
1339,2,1,2025-09-14,Turkey,Germany,84.882559,82.448189
1340,1,1,2025-09-14,Finland,Greece,78.739571,72.08189
1340,2,1,2025-09-14,Turkey,Germany,69.226541,99.283151
1341,1,1,2025-09-14,Finland,Greece,108.92271,84.304163
1341,2,1,2025-09-14,Turkey,Germany,87.438469,93.19294
1342,1,1,2025-09-14,Finland,Greece,104.00243,81.419413
1342,2,1,2025-09-14,Turkey,Germany,93.315184,75.760545
1343,1,1,2025-09-14,Finland,Greece,97.825956,84.748704
1343,2,1,2025-09-14,Turkey,Germany,108.40515,108.78964
1344,1,1,2025-09-14,Finland,Greece,114.52818,75.051449
1344,2,1,2025-09-14,Turkey,Germany,85.194677,117.85971
1345,1,1,2025-09-14,Finland,Greece,82.71183,75.261622
1345,2,1,2025-09-14,Turkey,Germany,78.46938,76.032186
1346,1,1,2025-09-14,Finland,Greece,93.995565,91.22553
1346,2,1,2025-09-14,Turkey,Germany,79.758547,88.897933
1347,1,1,2025-09-14,Finland,Greece,88.189813,79.875649
1347,2,1,2025-09-14,Turkey,Germany,74.819673,101.66639
1348,1,1,2025-09-14,Finland,Greece,90.489413,93.137351
1348,2,1,2025-09-14,Turkey,Germany,85.892075,81.398391
1349,1,1,2025-09-14,Finland,Greece,112.71087,76.534718
1349,2,1,2025-09-14,Turkey,Germany,91.036459,114.41184
1350,1,1,2025-09-14,Finland,Greece,86.696817,74.238829
1350,2,1,2025-09-14,Turkey,Germany,86.518231,94.522056
1351,1,1,2025-09-14,Finland,Greece,93.410517,87.891602
1351,2,1,2025-09-14,Turkey,Germany,79.47899,107.81214
1352,1,1,2025-09-14,Finland,Greece,87.063744,64.482152
1352,2,1,2025-09-14,Turkey,Germany,66.882046,80.473886
1353,1,1,2025-09-14,Finland,Greece,105.7569,73.588601
1353,2,1,2025-09-14,Turkey,Germany,100.97523,92.741561
1354,1,1,2025-09-14,Finland,Greece,100.01781,89.337099
1354,2,1,2025-09-14,Turkey,Germany,87.200626,101.48837
1355,1,1,2025-09-14,Finland,Greece,90.596714,86.646049
1355,2,1,2025-09-14,Turkey,Germany,70.136711,103.98528
1356,1,1,2025-09-14,Finland,Greece,83.165047,72.794623
1356,2,1,2025-09-14,Turkey,Germany,81.692105,81.82809
1357,1,1,2025-09-14,Finland,Greece,90.369414,86.303001
1357,2,1,2025-09-14,Turkey,Germany,82.743135,90.309962
1358,1,1,2025-09-14,Finland,Greece,93.369244,71.386614
1358,2,1,2025-09-14,Turkey,Germany,78.781935,110.66087
1359,1,1,2025-09-14,Finland,Greece,65.567125,99.6432
1359,2,1,2025-09-14,Turkey,Germany,68.808882,92.593854
1360,1,1,2025-09-14,Finland,Greece,101.47973,74.878849
1360,2,1,2025-09-14,Turkey,Germany,91.939277,97.682121
1361,1,1,2025-09-14,Finland,Greece,88.01282,70.031129
1361,2,1,2025-09-14,Turkey,Germany,89.907414,99.758019
1362,1,1,2025-09-14,Finland,Greece,118.36432,78.755072
1362,2,1,2025-09-14,Turkey,Germany,84.825107,66.585083
1363,1,1,2025-09-14,Finland,Greece,79.723253,71.819398
1363,2,1,2025-09-14,Turkey,Germany,79.08898,100.96558
1364,1,1,2025-09-14,Finland,Greece,111.74813,78.3353
1364,2,1,2025-09-14,Turkey,Germany,79.869222,99.788417
1365,1,1,2025-09-14,Finland,Greece,86.714154,84.987496
1365,2,1,2025-09-14,Turkey,Germany,85.073636,122.38517
1366,1,1,2025-09-14,Finland,Greece,103.40044,60.260598
1366,2,1,2025-09-14,Turkey,Germany,88.147614,103.25867
1367,1,1,2025-09-14,Finland,Greece,88.499171,62.518276
1367,2,1,2025-09-14,Turkey,Germany,68.159975,107.50302
1368,1,1,2025-09-14,Finland,Greece,97.426607,84.908576
1368,2,1,2025-09-14,Turkey,Germany,65.613824,66.014635
1369,1,1,2025-09-14,Finland,Greece,111.6525,79.204123
1369,2,1,2025-09-14,Turkey,Germany,83.085013,91.301769
1370,1,1,2025-09-14,Finland,Greece,78.741445,64.909625
1370,2,1,2025-09-14,Turkey,Germany,81.118198,103.12933
1371,1,1,2025-09-14,Finland,Greece,94.045463,75.355625
1371,2,1,2025-09-14,Turkey,Germany,93.979996,106.11351
1372,1,1,2025-09-14,Finland,Greece,88.561593,83.443628
1372,2,1,2025-09-14,Turkey,Germany,83.05362,95.371054
1373,1,1,2025-09-14,Finland,Greece,93.775163,86.476217
1373,2,1,2025-09-14,Turkey,Germany,85.415201,80.946355
1374,1,1,2025-09-14,Finland,Greece,104.67568,71.387685
1374,2,1,2025-09-14,Turkey,Germany,80.674803,103.36669
1375,1,1,2025-09-14,Finland,Greece,83.684421,81.421413
1375,2,1,2025-09-14,Turkey,Germany,91.250333,108.43284
1376,1,1,2025-09-14,Finland,Greece,76.897445,82.500193
1376,2,1,2025-09-14,Turkey,Germany,76.044787,110.28618
1377,1,1,2025-09-14,Finland,Greece,93.243871,87.138662
1377,2,1,2025-09-14,Turkey,Germany,100.12664,88.359082
1378,1,1,2025-09-14,Finland,Greece,62.988604,76.896395
1378,2,1,2025-09-14,Turkey,Germany,74.503347,66.143122
1379,1,1,2025-09-14,Finland,Greece,88.585272,90.060844
1379,2,1,2025-09-14,Turkey,Germany,95.262531,121.72127
1380,1,1,2025-09-14,Finland,Greece,102.36972,97.426321
1380,2,1,2025-09-14,Turkey,Germany,96.366395,115.1694
1381,1,1,2025-09-14,Finland,Greece,106.25402,88.528391
1381,2,1,2025-09-14,Turkey,Germany,80.255606,77.900133
1382,1,1,2025-09-14,Finland,Greece,98.919557,96.942433
1382,2,1,2025-09-14,Turkey,Germany,93.65802,82.897616
1383,1,1,2025-09-14,Finland,Greece,103.10095,74.867427
1383,2,1,2025-09-14,Turkey,Germany,76.780887,95.175847
1384,1,1,2025-09-14,Finland,Greece,90.84456,65.674528
1384,2,1,2025-09-14,Turkey,Germany,64.701335,81.543733
1385,1,1,2025-09-14,Finland,Greece,89.178967,90.715106
1385,2,1,2025-09-14,Turkey,Germany,91.915582,97.284232
1386,1,1,2025-09-14,Finland,Greece,100.40624,80.78515
1386,2,1,2025-09-14,Turkey,Germany,74.422775,108.42894
1387,1,1,2025-09-14,Finland,Greece,97.297698,67.148972
1387,2,1,2025-09-14,Turkey,Germany,72.107608,86.294767
1388,1,1,2025-09-14,Finland,Greece,81.510068,77.369459
1388,2,1,2025-09-14,Turkey,Germany,74.470491,90.90143
1389,1,1,2025-09-14,Finland,Greece,98.57667,111.95823
1389,2,1,2025-09-14,Turkey,Germany,81.647095,100.65882
1390,1,1,2025-09-14,Finland,Greece,98.145318,73.744581
1390,2,1,2025-09-14,Turkey,Germany,101.22297,80.132476
1391,1,1,2025-09-14,Finland,Greece,91.767394,72.25888
1391,2,1,2025-09-14,Turkey,Germany,82.308644,102.09616
1392,1,1,2025-09-14,Finland,Greece,76.397185,75.627649
1392,2,1,2025-09-14,Turkey,Germany,77.784121,79.406162
1393,1,1,2025-09-14,Finland,Greece,95.04265,70.204836
1393,2,1,2025-09-14,Turkey,Germany,67.791764,100.85781
1394,1,1,2025-09-14,Finland,Greece,100.33367,91.3039
1394,2,1,2025-09-14,Turkey,Germany,79.094039,101.3866
1395,1,1,2025-09-14,Finland,Greece,80.483774,105.33025
1395,2,1,2025-09-14,Turkey,Germany,81.31839,95.17046
1396,1,1,2025-09-14,Finland,Greece,92.871594,70.213361
1396,2,1,2025-09-14,Turkey,Germany,85.481537,102.23593
1397,1,1,2025-09-14,Finland,Greece,105.36093,92.897481
1397,2,1,2025-09-14,Turkey,Germany,63.778887,100.52418
1398,1,1,2025-09-14,Finland,Greece,99.10899,98.018731
1398,2,1,2025-09-14,Turkey,Germany,77.670049,86.513058
1399,1,1,2025-09-14,Finland,Greece,85.402596,84.496472
1399,2,1,2025-09-14,Turkey,Germany,78.512254,86.378484
1400,1,1,2025-09-14,Finland,Greece,88.541141,91.772324
1400,2,1,2025-09-14,Turkey,Germany,90.602382,109.98978
1401,1,1,2025-09-14,Finland,Greece,97.063452,89.841889
1401,2,1,2025-09-14,Turkey,Germany,81.234949,74.041567
1402,1,1,2025-09-14,Finland,Greece,109.87766,77.569424
1402,2,1,2025-09-14,Turkey,Germany,92.954885,106.27997
1403,1,1,2025-09-14,Finland,Greece,90.976429,80.958194
1403,2,1,2025-09-14,Turkey,Germany,79.508205,98.222238
1404,1,1,2025-09-14,Finland,Greece,108.81078,87.299747
1404,2,1,2025-09-14,Turkey,Germany,83.411108,122.9851
1405,1,1,2025-09-14,Finland,Greece,91.460381,80.165055
1405,2,1,2025-09-14,Turkey,Germany,84.370294,90.119551
1406,1,1,2025-09-14,Finland,Greece,95.5443,62.976183
1406,2,1,2025-09-14,Turkey,Germany,95.606892,101.29473
1407,1,1,2025-09-14,Finland,Greece,89.336966,88.022499
1407,2,1,2025-09-14,Turkey,Germany,87.416662,81.174188
1408,1,1,2025-09-14,Finland,Greece,122.96902,96.905616
1408,2,1,2025-09-14,Turkey,Germany,86.345723,95.989932
1409,1,1,2025-09-14,Finland,Greece,92.374254,81.45037
1409,2,1,2025-09-14,Turkey,Germany,88.048913,83.163906
1410,1,1,2025-09-14,Finland,Greece,87.153923,81.875613
1410,2,1,2025-09-14,Turkey,Germany,79.305482,100.47471
1411,1,1,2025-09-14,Finland,Greece,94.551326,92.865553
1411,2,1,2025-09-14,Turkey,Germany,71.9131,109.9002
1412,1,1,2025-09-14,Finland,Greece,90.129691,93.46831
1412,2,1,2025-09-14,Turkey,Germany,112.65595,112.36995
1413,1,1,2025-09-14,Finland,Greece,92.44526,87.386306
1413,2,1,2025-09-14,Turkey,Germany,85.917355,100.91608
1414,1,1,2025-09-14,Finland,Greece,93.621043,80.903759
1414,2,1,2025-09-14,Turkey,Germany,75.458806,90.284033
1415,1,1,2025-09-14,Finland,Greece,100.13142,83.500778
1415,2,1,2025-09-14,Turkey,Germany,75.799992,102.23435
1416,1,1,2025-09-14,Finland,Greece,72.052417,80.241272
1416,2,1,2025-09-14,Turkey,Germany,85.218479,95.205908
1417,1,1,2025-09-14,Finland,Greece,100.2932,61.786388
1417,2,1,2025-09-14,Turkey,Germany,79.425713,87.285121
1418,1,1,2025-09-14,Finland,Greece,95.391801,87.120831
1418,2,1,2025-09-14,Turkey,Germany,74.061294,81.596603
1419,1,1,2025-09-14,Finland,Greece,100.48996,91.345021
1419,2,1,2025-09-14,Turkey,Germany,84.030906,94.838428
1420,1,1,2025-09-14,Finland,Greece,69.75199,104.85433
1420,2,1,2025-09-14,Turkey,Germany,87.626438,100.11182
1421,1,1,2025-09-14,Finland,Greece,86.582207,74.03035
1421,2,1,2025-09-14,Turkey,Germany,85.120845,114.06014
1422,1,1,2025-09-14,Finland,Greece,93.168741,75.799036
1422,2,1,2025-09-14,Turkey,Germany,68.741262,88.193379
1423,1,1,2025-09-14,Finland,Greece,101.63044,68.435488
1423,2,1,2025-09-14,Turkey,Germany,91.052295,112.36968
1424,1,1,2025-09-14,Finland,Greece,89.342463,98.126623
1424,2,1,2025-09-14,Turkey,Germany,85.600131,100.96751
1425,1,1,2025-09-14,Finland,Greece,101.85366,89.059352
1425,2,1,2025-09-14,Turkey,Germany,99.936092,88.951394
1426,1,1,2025-09-14,Finland,Greece,118.22452,76.897187
1426,2,1,2025-09-14,Turkey,Germany,74.647655,102.96983
1427,1,1,2025-09-14,Finland,Greece,82.80639,82.589612
1427,2,1,2025-09-14,Turkey,Germany,92.857531,86.653417
1428,1,1,2025-09-14,Finland,Greece,81.910989,83.816077
1428,2,1,2025-09-14,Turkey,Germany,66.401317,87.667956
1429,1,1,2025-09-14,Finland,Greece,80.568867,113.15767
1429,2,1,2025-09-14,Turkey,Germany,75.773199,92.268622
1430,1,1,2025-09-14,Finland,Greece,105.98717,102.36075
1430,2,1,2025-09-14,Turkey,Germany,78.402074,90.44604
1431,1,1,2025-09-14,Finland,Greece,113.0927,90.283071
1431,2,1,2025-09-14,Turkey,Germany,70.597127,91.442545
1432,1,1,2025-09-14,Finland,Greece,101.37269,92.25755
1432,2,1,2025-09-14,Turkey,Germany,79.088545,88.251565
1433,1,1,2025-09-14,Finland,Greece,89.925136,81.503477
1433,2,1,2025-09-14,Turkey,Germany,89.273398,97.124929
1434,1,1,2025-09-14,Finland,Greece,96.997202,91.589165
1434,2,1,2025-09-14,Turkey,Germany,68.927038,91.437194
1435,1,1,2025-09-14,Finland,Greece,89.703991,65.179023
1435,2,1,2025-09-14,Turkey,Germany,79.873003,96.994799
1436,1,1,2025-09-14,Finland,Greece,91.020159,72.679388
1436,2,1,2025-09-14,Turkey,Germany,64.768808,98.983305
1437,1,1,2025-09-14,Finland,Greece,97.43143,65.192537
1437,2,1,2025-09-14,Turkey,Germany,84.922582,87.073025
1438,1,1,2025-09-14,Finland,Greece,101.72983,103.56729
1438,2,1,2025-09-14,Turkey,Germany,120.4752,110.41065
1439,1,1,2025-09-14,Finland,Greece,89.872719,84.287041
1439,2,1,2025-09-14,Turkey,Germany,72.694395,97.170429
1440,1,1,2025-09-14,Finland,Greece,77.981015,90.690485
1440,2,1,2025-09-14,Turkey,Germany,84.870365,103.03907
1441,1,1,2025-09-14,Finland,Greece,73.01032,82.661785
1441,2,1,2025-09-14,Turkey,Germany,73.18847,66.387992
1442,1,1,2025-09-14,Finland,Greece,90.623923,96.845506
1442,2,1,2025-09-14,Turkey,Germany,80.417265,82.371975
1443,1,1,2025-09-14,Finland,Greece,84.348454,85.316007
1443,2,1,2025-09-14,Turkey,Germany,65.655191,94.222618
1444,1,1,2025-09-14,Finland,Greece,97.30046,81.937733
1444,2,1,2025-09-14,Turkey,Germany,85.615605,109.53816
1445,1,1,2025-09-14,Finland,Greece,70.236765,55.607562
1445,2,1,2025-09-14,Turkey,Germany,92.486348,131.45508
1446,1,1,2025-09-14,Finland,Greece,93.788138,87.93597
1446,2,1,2025-09-14,Turkey,Germany,75.318028,97.925635
1447,1,1,2025-09-14,Finland,Greece,81.535313,88.025665
1447,2,1,2025-09-14,Turkey,Germany,85.533655,95.891731
1448,1,1,2025-09-14,Finland,Greece,93.237179,73.347859
1448,2,1,2025-09-14,Turkey,Germany,64.43745,80.774949
1449,1,1,2025-09-14,Finland,Greece,88.622572,80.983243
1449,2,1,2025-09-14,Turkey,Germany,108.51309,107.26992
1450,1,1,2025-09-14,Finland,Greece,111.33749,85.648116
1450,2,1,2025-09-14,Turkey,Germany,104.17847,106.26761
1451,1,1,2025-09-14,Finland,Greece,92.697038,91.179392000000007
1451,2,1,2025-09-14,Turkey,Germany,84.854901,100.59856
1452,1,1,2025-09-14,Finland,Greece,85.102586,82.861675
1452,2,1,2025-09-14,Turkey,Germany,80.536561,100.98151
1453,1,1,2025-09-14,Finland,Greece,87.224492,71.677771
1453,2,1,2025-09-14,Turkey,Germany,83.83449,81.820336
1454,1,1,2025-09-14,Finland,Greece,100.69474,86.736842
1454,2,1,2025-09-14,Turkey,Germany,87.299477,95.838948
1455,1,1,2025-09-14,Finland,Greece,99.970749,79.143351
1455,2,1,2025-09-14,Turkey,Germany,78.69748,101.38685
1456,1,1,2025-09-14,Finland,Greece,109.89551,86.416257
1456,2,1,2025-09-14,Turkey,Germany,89.248285,106.33938
1457,1,1,2025-09-14,Finland,Greece,99.622366,95.650109
1457,2,1,2025-09-14,Turkey,Germany,94.672863,83.291027
1458,1,1,2025-09-14,Finland,Greece,78.58409,74.694272
1458,2,1,2025-09-14,Turkey,Germany,82.441329,85.996725
1459,1,1,2025-09-14,Finland,Greece,84.109779,101.40566
1459,2,1,2025-09-14,Turkey,Germany,83.133788,102.08312
1460,1,1,2025-09-14,Finland,Greece,104.73178,79.967914
1460,2,1,2025-09-14,Turkey,Germany,92.404819,99.49139
1461,1,1,2025-09-14,Finland,Greece,106.72894,68.304358
1461,2,1,2025-09-14,Turkey,Germany,85.23796,79.850418
1462,1,1,2025-09-14,Finland,Greece,96.266084,85.188005
1462,2,1,2025-09-14,Turkey,Germany,80.542124,85.09973
1463,1,1,2025-09-14,Finland,Greece,108.30002,100.20817
1463,2,1,2025-09-14,Turkey,Germany,93.821518,107.30552
1464,1,1,2025-09-14,Finland,Greece,99.175736,97.547439
1464,2,1,2025-09-14,Turkey,Germany,99.90469,100.17567
1465,1,1,2025-09-14,Finland,Greece,115.89717,92.951791
1465,2,1,2025-09-14,Turkey,Germany,75.922266,84.694272
1466,1,1,2025-09-14,Finland,Greece,77.174245,69.196851
1466,2,1,2025-09-14,Turkey,Germany,98.780641,114.89788
1467,1,1,2025-09-14,Finland,Greece,119.56871,82.975861
1467,2,1,2025-09-14,Turkey,Germany,90.63955,93.394808
1468,1,1,2025-09-14,Finland,Greece,108.75385,60.733319
1468,2,1,2025-09-14,Turkey,Germany,81.575747,90.234355
1469,1,1,2025-09-14,Finland,Greece,94.008234,75.604855
1469,2,1,2025-09-14,Turkey,Germany,74.741643,99.076106
1470,1,1,2025-09-14,Finland,Greece,90.591443,86.609771
1470,2,1,2025-09-14,Turkey,Germany,66.420852,65.276505
1471,1,1,2025-09-14,Finland,Greece,90.212097,85.727432
1471,2,1,2025-09-14,Turkey,Germany,82.211572,96.648182
1472,1,1,2025-09-14,Finland,Greece,88.480876,76.579459
1472,2,1,2025-09-14,Turkey,Germany,64.727823,102.84694
1473,1,1,2025-09-14,Finland,Greece,100.56748,78.887066
1473,2,1,2025-09-14,Turkey,Germany,97.48022,89.460446
1474,1,1,2025-09-14,Finland,Greece,102.86943,81.435046
1474,2,1,2025-09-14,Turkey,Germany,94.098039,99.457199
1475,1,1,2025-09-14,Finland,Greece,101.68502,81.935039
1475,2,1,2025-09-14,Turkey,Germany,73.620253,103.54967
1476,1,1,2025-09-14,Finland,Greece,122.48522,98.989615
1476,2,1,2025-09-14,Turkey,Germany,85.893098,84.465761
1477,1,1,2025-09-14,Finland,Greece,85.10944,88.385646
1477,2,1,2025-09-14,Turkey,Germany,76.446139,95.270541
1478,1,1,2025-09-14,Finland,Greece,70.779397,79.094108
1478,2,1,2025-09-14,Turkey,Germany,84.067035,86.654561
1479,1,1,2025-09-14,Finland,Greece,84.174661,86.971394
1479,2,1,2025-09-14,Turkey,Germany,76.546279,89.957458
1480,1,1,2025-09-14,Finland,Greece,97.237436,63.631114
1480,2,1,2025-09-14,Turkey,Germany,82.702111,102.20911
1481,1,1,2025-09-14,Finland,Greece,96.561331,89.568831
1481,2,1,2025-09-14,Turkey,Germany,85.412859,93.884205
1482,1,1,2025-09-14,Finland,Greece,97.133974,89.787447
1482,2,1,2025-09-14,Turkey,Germany,60.821523,88.814421
1483,1,1,2025-09-14,Finland,Greece,97.051985,84.951543
1483,2,1,2025-09-14,Turkey,Germany,93.261941,104.77811
1484,1,1,2025-09-14,Finland,Greece,106.95161,83.94298
1484,2,1,2025-09-14,Turkey,Germany,85.497874,80.502022
1485,1,1,2025-09-14,Finland,Greece,106.41652,94.676932
1485,2,1,2025-09-14,Turkey,Germany,81.696225,95.230908
1486,1,1,2025-09-14,Finland,Greece,89.312495,77.315136
1486,2,1,2025-09-14,Turkey,Germany,100.47292,101.99648
1487,1,1,2025-09-14,Finland,Greece,82.521505,62.525749
1487,2,1,2025-09-14,Turkey,Germany,79.534612,105.2492
1488,1,1,2025-09-14,Finland,Greece,95.541411,100.43073
1488,2,1,2025-09-14,Turkey,Germany,88.70853,94.763795
1489,1,1,2025-09-14,Finland,Greece,97.505098,99.220088
1489,2,1,2025-09-14,Turkey,Germany,73.814182,95.891789
1490,1,1,2025-09-14,Finland,Greece,89.5681,76.377946
1490,2,1,2025-09-14,Turkey,Germany,92.384322,110.93828
1491,1,1,2025-09-14,Finland,Greece,107.61673,91.513154
1491,2,1,2025-09-14,Turkey,Germany,72.819134,79.13995
1492,1,1,2025-09-14,Finland,Greece,98.803482,64.136279
1492,2,1,2025-09-14,Turkey,Germany,76.627062,73.492461
1493,1,1,2025-09-14,Finland,Greece,78.188747,85.812645
1493,2,1,2025-09-14,Turkey,Germany,98.438969,101.93816
1494,1,1,2025-09-14,Finland,Greece,102.67744,81.418861
1494,2,1,2025-09-14,Turkey,Germany,84.190755,90.690639
1495,1,1,2025-09-14,Finland,Greece,99.539259,96.632828
1495,2,1,2025-09-14,Turkey,Germany,90.707091,81.502078
1496,1,1,2025-09-14,Finland,Greece,86.912222,76.909449
1496,2,1,2025-09-14,Turkey,Germany,70.942279,95.175873
1497,1,1,2025-09-14,Finland,Greece,103.23833,93.745541
1497,2,1,2025-09-14,Turkey,Germany,85.138922,84.733087
1498,1,1,2025-09-14,Finland,Greece,80.096622,87.590616
1498,2,1,2025-09-14,Turkey,Germany,82.815098,85.740449
1499,1,1,2025-09-14,Finland,Greece,90.042808,78.046617
1499,2,1,2025-09-14,Turkey,Germany,82.630427,101.25055
1500,1,1,2025-09-14,Finland,Greece,59.309361,77.245789
1500,2,1,2025-09-14,Turkey,Germany,92.947207,84.918384
1501,1,1,2025-09-14,Finland,Greece,90.471019,92.67323
1501,2,1,2025-09-14,Turkey,Germany,82.639948,80.466173
1502,1,1,2025-09-14,Finland,Greece,79.60874,73.156308
1502,2,1,2025-09-14,Turkey,Germany,72.321055,102.14103
1503,1,1,2025-09-14,Finland,Greece,79.75198,77.603105
1503,2,1,2025-09-14,Turkey,Germany,70.101226,84.340607
1504,1,1,2025-09-14,Finland,Greece,101.01072,70.829128
1504,2,1,2025-09-14,Turkey,Germany,75.55895,100.34188
1505,1,1,2025-09-14,Finland,Greece,88.329054,82.198343
1505,2,1,2025-09-14,Turkey,Germany,102.53724,76.319431
1506,1,1,2025-09-14,Finland,Greece,94.904997,93.879683
1506,2,1,2025-09-14,Turkey,Germany,93.13092,92.337528
1507,1,1,2025-09-14,Finland,Greece,102.71003,79.60317
1507,2,1,2025-09-14,Turkey,Germany,81.987243,90.587067
1508,1,1,2025-09-14,Finland,Greece,86.674315000000007,103.31664
1508,2,1,2025-09-14,Turkey,Germany,98.535414,97.059712
1509,1,1,2025-09-14,Finland,Greece,106.69137,55.696247
1509,2,1,2025-09-14,Turkey,Germany,84.553166,95.835361
1510,1,1,2025-09-14,Finland,Greece,101.07771,76.599363
1510,2,1,2025-09-14,Turkey,Germany,79.870782,100.22435
1511,1,1,2025-09-14,Finland,Greece,92.932566,83.905832
1511,2,1,2025-09-14,Turkey,Germany,73.125337,96.900421
1512,1,1,2025-09-14,Finland,Greece,68.966805,69.652405
1512,2,1,2025-09-14,Turkey,Germany,104.55616,94.881995
1513,1,1,2025-09-14,Finland,Greece,108.188,82.644462
1513,2,1,2025-09-14,Turkey,Germany,108.0945,103.36837
1514,1,1,2025-09-14,Finland,Greece,89.629808,69.782995
1514,2,1,2025-09-14,Turkey,Germany,85.320537,76.281093
1515,1,1,2025-09-14,Finland,Greece,77.443195,63.103717
1515,2,1,2025-09-14,Turkey,Germany,64.457979,90.663692
1516,1,1,2025-09-14,Finland,Greece,110.21894,81.218965
1516,2,1,2025-09-14,Turkey,Germany,70.342179,88.87863
1517,1,1,2025-09-14,Finland,Greece,81.469276,93.418819
1517,2,1,2025-09-14,Turkey,Germany,77.546358,70.288531
1518,1,1,2025-09-14,Finland,Greece,90.712288,75.141302
1518,2,1,2025-09-14,Turkey,Germany,49.872275,91.554359
1519,1,1,2025-09-14,Finland,Greece,107.40051,92.782572
1519,2,1,2025-09-14,Turkey,Germany,65.633249,89.026493
1520,1,1,2025-09-14,Finland,Greece,93.381131,103.62539
1520,2,1,2025-09-14,Turkey,Germany,78.493867,78.66637
1521,1,1,2025-09-14,Finland,Greece,105.52101,84.011666
1521,2,1,2025-09-14,Turkey,Germany,69.298493,91.279915
1522,1,1,2025-09-14,Finland,Greece,104.22106,77.317524
1522,2,1,2025-09-14,Turkey,Germany,93.503633,94.941685
1523,1,1,2025-09-14,Finland,Greece,97.509993,80.06591
1523,2,1,2025-09-14,Turkey,Germany,85.006409,91.942273
1524,1,1,2025-09-14,Finland,Greece,91.706915,87.318091
1524,2,1,2025-09-14,Turkey,Germany,82.880857,88.399959
1525,1,1,2025-09-14,Finland,Greece,98.594992,82.163301
1525,2,1,2025-09-14,Turkey,Germany,97.280444,107.48708
1526,1,1,2025-09-14,Finland,Greece,101.09744,81.908181
1526,2,1,2025-09-14,Turkey,Germany,93.701862,97.464176
1527,1,1,2025-09-14,Finland,Greece,86.700571,80.288261
1527,2,1,2025-09-14,Turkey,Germany,84.427245,82.753694
1528,1,1,2025-09-14,Finland,Greece,104.77433,72.758861
1528,2,1,2025-09-14,Turkey,Germany,80.189237,100.3668
1529,1,1,2025-09-14,Finland,Greece,91.327573,94.343092
1529,2,1,2025-09-14,Turkey,Germany,81.482441,82.934906
1530,1,1,2025-09-14,Finland,Greece,81.546413,82.631709
1530,2,1,2025-09-14,Turkey,Germany,84.610207,108.60625
1531,1,1,2025-09-14,Finland,Greece,68.922372,86.760363
1531,2,1,2025-09-14,Turkey,Germany,78.040051,109.14669
1532,1,1,2025-09-14,Finland,Greece,104.48335,96.913152
1532,2,1,2025-09-14,Turkey,Germany,65.133907,95.136022
1533,1,1,2025-09-14,Finland,Greece,110.85652,107.96285
1533,2,1,2025-09-14,Turkey,Germany,89.993933,102.70006
1534,1,1,2025-09-14,Finland,Greece,96.379545,92.211991
1534,2,1,2025-09-14,Turkey,Germany,88.333677,85.099487
1535,1,1,2025-09-14,Finland,Greece,98.216019,86.364208
1535,2,1,2025-09-14,Turkey,Germany,93.645092,90.02026
1536,1,1,2025-09-14,Finland,Greece,83.41386,80.149372
1536,2,1,2025-09-14,Turkey,Germany,76.823235,99.020388
1537,1,1,2025-09-14,Finland,Greece,99.323877,78.068594
1537,2,1,2025-09-14,Turkey,Germany,91.600946,90.305414
1538,1,1,2025-09-14,Finland,Greece,95.824749,94.842242
1538,2,1,2025-09-14,Turkey,Germany,83.965196,96.375713
1539,1,1,2025-09-14,Finland,Greece,76.884526,79.830026
1539,2,1,2025-09-14,Turkey,Germany,61.693898,94.014935
1540,1,1,2025-09-14,Finland,Greece,99.046426,72.541613
1540,2,1,2025-09-14,Turkey,Germany,97.879246,80.301342
1541,1,1,2025-09-14,Finland,Greece,98.060907,88.51334
1541,2,1,2025-09-14,Turkey,Germany,85.64367,92.154186
1542,1,1,2025-09-14,Finland,Greece,94.681792,73.938054
1542,2,1,2025-09-14,Turkey,Germany,73.858107,64.13524
1543,1,1,2025-09-14,Finland,Greece,96.931442,91.173257
1543,2,1,2025-09-14,Turkey,Germany,94.343635,87.841392
1544,1,1,2025-09-14,Finland,Greece,89.609165,82.6394
1544,2,1,2025-09-14,Turkey,Germany,76.247676,107.30432
1545,1,1,2025-09-14,Finland,Greece,92.614618,98.191502
1545,2,1,2025-09-14,Turkey,Germany,88.786568,99.360274
1546,1,1,2025-09-14,Finland,Greece,91.561699,80.065413
1546,2,1,2025-09-14,Turkey,Germany,74.833137,99.211017
1547,1,1,2025-09-14,Finland,Greece,94.537137,76.324983
1547,2,1,2025-09-14,Turkey,Germany,94.007805,83.462759
1548,1,1,2025-09-14,Finland,Greece,84.908405,83.647827
1548,2,1,2025-09-14,Turkey,Germany,75.651396,84.699013
1549,1,1,2025-09-14,Finland,Greece,94.405902,81.058302
1549,2,1,2025-09-14,Turkey,Germany,88.559489,81.665608
1550,1,1,2025-09-14,Finland,Greece,76.022636,69.491633
1550,2,1,2025-09-14,Turkey,Germany,85.19411,98.00133
1551,1,1,2025-09-14,Finland,Greece,104.72797,90.079546
1551,2,1,2025-09-14,Turkey,Germany,70.417201,108.86422
1552,1,1,2025-09-14,Finland,Greece,108.86752,82.954523
1552,2,1,2025-09-14,Turkey,Germany,87.774645,91.503459
1553,1,1,2025-09-14,Finland,Greece,95.828688,94.961937
1553,2,1,2025-09-14,Turkey,Germany,67.118456,114.2129
1554,1,1,2025-09-14,Finland,Greece,92.15716,75.138694
1554,2,1,2025-09-14,Turkey,Germany,82.738669,100.09599
1555,1,1,2025-09-14,Finland,Greece,119.9077,97.973148
1555,2,1,2025-09-14,Turkey,Germany,95.344914,82.938418
1556,1,1,2025-09-14,Finland,Greece,94.656909,87.321938
1556,2,1,2025-09-14,Turkey,Germany,87.025092,88.531926
1557,1,1,2025-09-14,Finland,Greece,108.28416,79.805626
1557,2,1,2025-09-14,Turkey,Germany,94.460024,85.843704
1558,1,1,2025-09-14,Finland,Greece,92.061263,90.951258
1558,2,1,2025-09-14,Turkey,Germany,107.42599,108.27091
1559,1,1,2025-09-14,Finland,Greece,100.22362,81.009772
1559,2,1,2025-09-14,Turkey,Germany,70.643761,100.63207
1560,1,1,2025-09-14,Finland,Greece,108.51104,80.236262
1560,2,1,2025-09-14,Turkey,Germany,78.628535,82.893688
1561,1,1,2025-09-14,Finland,Greece,102.98195,88.115411
1561,2,1,2025-09-14,Turkey,Germany,94.786742,79.559025
1562,1,1,2025-09-14,Finland,Greece,101.40039,75.368873
1562,2,1,2025-09-14,Turkey,Germany,93.433394,93.249073
1563,1,1,2025-09-14,Finland,Greece,91.674899,86.313123
1563,2,1,2025-09-14,Turkey,Germany,84.592358,92.894408
1564,1,1,2025-09-14,Finland,Greece,98.481869,73.070898
1564,2,1,2025-09-14,Turkey,Germany,66.608806,72.203275
1565,1,1,2025-09-14,Finland,Greece,95.686658,82.431513
1565,2,1,2025-09-14,Turkey,Germany,88.906009,98.316514
1566,1,1,2025-09-14,Finland,Greece,79.968371,81.143995
1566,2,1,2025-09-14,Turkey,Germany,72.634616,108.8492
1567,1,1,2025-09-14,Finland,Greece,103.86276,79.496796
1567,2,1,2025-09-14,Turkey,Germany,84.410804,89.79761
1568,1,1,2025-09-14,Finland,Greece,90.350948,96.13549
1568,2,1,2025-09-14,Turkey,Germany,83.738049,100.80774
1569,1,1,2025-09-14,Finland,Greece,105.47396,96.491858
1569,2,1,2025-09-14,Turkey,Germany,84.666543,92.479765
1570,1,1,2025-09-14,Finland,Greece,108.19525,100.20696
1570,2,1,2025-09-14,Turkey,Germany,81.068795,81.12385
1571,1,1,2025-09-14,Finland,Greece,91.058827,89.913448
1571,2,1,2025-09-14,Turkey,Germany,59.436303,89.016741
1572,1,1,2025-09-14,Finland,Greece,95.576123,105.95135
1572,2,1,2025-09-14,Turkey,Germany,83.137016,105.07144
1573,1,1,2025-09-14,Finland,Greece,79.782879,65.415656
1573,2,1,2025-09-14,Turkey,Germany,90.391171,100.2874
1574,1,1,2025-09-14,Finland,Greece,86.607483,88.083474
1574,2,1,2025-09-14,Turkey,Germany,90.250248,106.28032
1575,1,1,2025-09-14,Finland,Greece,92.610085,70.447844
1575,2,1,2025-09-14,Turkey,Germany,89.189168,98.887021
1576,1,1,2025-09-14,Finland,Greece,89.915426,76.856822
1576,2,1,2025-09-14,Turkey,Germany,81.121445,104.43163
1577,1,1,2025-09-14,Finland,Greece,98.651352,83.404609
1577,2,1,2025-09-14,Turkey,Germany,87.764223,100.26989
1578,1,1,2025-09-14,Finland,Greece,79.585497,72.363189
1578,2,1,2025-09-14,Turkey,Germany,69.191974,86.858624
1579,1,1,2025-09-14,Finland,Greece,92.213171,85.239968
1579,2,1,2025-09-14,Turkey,Germany,110.63112,110.9259
1580,1,1,2025-09-14,Finland,Greece,80.26777,70.191049
1580,2,1,2025-09-14,Turkey,Germany,84.089573,75.870771
1581,1,1,2025-09-14,Finland,Greece,90.955438,94.887424
1581,2,1,2025-09-14,Turkey,Germany,87.789911,88.164136
1582,1,1,2025-09-14,Finland,Greece,86.9899,66.628668
1582,2,1,2025-09-14,Turkey,Germany,104.88975,94.10762
1583,1,1,2025-09-14,Finland,Greece,98.652612,71.718388
1583,2,1,2025-09-14,Turkey,Germany,88.653904,104.38983
1584,1,1,2025-09-14,Finland,Greece,89.547544,85.309252
1584,2,1,2025-09-14,Turkey,Germany,101.96015,90.740666
1585,1,1,2025-09-14,Finland,Greece,96.078298,78.166049
1585,2,1,2025-09-14,Turkey,Germany,72.841122,100.66006
1586,1,1,2025-09-14,Finland,Greece,93.248606,70.326827
1586,2,1,2025-09-14,Turkey,Germany,97.368333,93.107353
1587,1,1,2025-09-14,Finland,Greece,106.40599,86.281203
1587,2,1,2025-09-14,Turkey,Germany,79.808769,78.368228
1588,1,1,2025-09-14,Finland,Greece,92.073648,85.328544
1588,2,1,2025-09-14,Turkey,Germany,100.7956,99.436737
1589,1,1,2025-09-14,Finland,Greece,82.337747,100.82614
1589,2,1,2025-09-14,Turkey,Germany,78.233403,91.960329
1590,1,1,2025-09-14,Finland,Greece,104.49803,84.084212
1590,2,1,2025-09-14,Turkey,Germany,79.378873,90.423797
1591,1,1,2025-09-14,Finland,Greece,88.727489,80.892515
1591,2,1,2025-09-14,Turkey,Germany,89.71741,92.024962
1592,1,1,2025-09-14,Finland,Greece,92.480089,60.379945
1592,2,1,2025-09-14,Turkey,Germany,94.843182,96.938447
1593,1,1,2025-09-14,Finland,Greece,82.237527,85.20504
1593,2,1,2025-09-14,Turkey,Germany,93.833092,98.090526
1594,1,1,2025-09-14,Finland,Greece,107.28514,100.92642
1594,2,1,2025-09-14,Turkey,Germany,74.952318,101.54604
1595,1,1,2025-09-14,Finland,Greece,88.419878,77.232431
1595,2,1,2025-09-14,Turkey,Germany,95.529481,96.487097
1596,1,1,2025-09-14,Finland,Greece,87.438113,91.793944
1596,2,1,2025-09-14,Turkey,Germany,80.282802,97.775824
1597,1,1,2025-09-14,Finland,Greece,94.650563,84.844809
1597,2,1,2025-09-14,Turkey,Germany,96.69221,87.069709
1598,1,1,2025-09-14,Finland,Greece,87.460363,81.831128
1598,2,1,2025-09-14,Turkey,Germany,80.737372,102.38352
1599,1,1,2025-09-14,Finland,Greece,94.557103,85.522329
1599,2,1,2025-09-14,Turkey,Germany,73.722547,101.54181
1600,1,1,2025-09-14,Finland,Greece,95.682319,79.55253
1600,2,1,2025-09-14,Turkey,Germany,80.621048,86.158172
1601,1,1,2025-09-14,Finland,Greece,89.287128,65.642851
1601,2,1,2025-09-14,Turkey,Germany,101.81481,74.237409
1602,1,1,2025-09-14,Finland,Greece,88.172932,88.631538
1602,2,1,2025-09-14,Turkey,Germany,87.158322,88.440677
1603,1,1,2025-09-14,Finland,Greece,79.794997,69.63398
1603,2,1,2025-09-14,Turkey,Germany,99.011583,92.750788
1604,1,1,2025-09-14,Finland,Greece,108.61954,90.396443
1604,2,1,2025-09-14,Turkey,Germany,80.340076,82.602725
1605,1,1,2025-09-14,Finland,Greece,96.736322,83.751837
1605,2,1,2025-09-14,Turkey,Germany,83.439126,84.619561
1606,1,1,2025-09-14,Finland,Greece,84.343412,71.546989
1606,2,1,2025-09-14,Turkey,Germany,100.2251,107.74516
1607,1,1,2025-09-14,Finland,Greece,112.97758,97.709963
1607,2,1,2025-09-14,Turkey,Germany,78.472437,88.961311
1608,1,1,2025-09-14,Finland,Greece,98.936566,78.736355
1608,2,1,2025-09-14,Turkey,Germany,97.266249,102.01339
1609,1,1,2025-09-14,Finland,Greece,88.763473,66.967561
1609,2,1,2025-09-14,Turkey,Germany,90.541036,96.43563
1610,1,1,2025-09-14,Finland,Greece,76.061579,77.870222
1610,2,1,2025-09-14,Turkey,Germany,93.121352,84.775829
1611,1,1,2025-09-14,Finland,Greece,96.566326,80.545568
1611,2,1,2025-09-14,Turkey,Germany,77.611678,112.6519
1612,1,1,2025-09-14,Finland,Greece,90.947647,72.395522
1612,2,1,2025-09-14,Turkey,Germany,92.595289,108.69289
1613,1,1,2025-09-14,Finland,Greece,95.620631,79.564868
1613,2,1,2025-09-14,Turkey,Germany,75.609282,91.318073
1614,1,1,2025-09-14,Finland,Greece,78.235545,78.243922
1614,2,1,2025-09-14,Turkey,Germany,55.262136,79.812132
1615,1,1,2025-09-14,Finland,Greece,110.75545,77.765349
1615,2,1,2025-09-14,Turkey,Germany,77.539162,93.247171
1616,1,1,2025-09-14,Finland,Greece,97.815295,87.396477
1616,2,1,2025-09-14,Turkey,Germany,105.81928,94.145038
1617,1,1,2025-09-14,Finland,Greece,125.0725,84.369177
1617,2,1,2025-09-14,Turkey,Germany,82.008867,92.78324
1618,1,1,2025-09-14,Finland,Greece,107.0115,99.893268
1618,2,1,2025-09-14,Turkey,Germany,79.064535,90.805397
1619,1,1,2025-09-14,Finland,Greece,91.268719,79.696822
1619,2,1,2025-09-14,Turkey,Germany,86.759117,117.03531
1620,1,1,2025-09-14,Finland,Greece,92.047303,99.460075
1620,2,1,2025-09-14,Turkey,Germany,79.217043,104.55977
1621,1,1,2025-09-14,Finland,Greece,96.410743,99.804584
1621,2,1,2025-09-14,Turkey,Germany,76.146023,86.674443
1622,1,1,2025-09-14,Finland,Greece,87.775048,74.919102
1622,2,1,2025-09-14,Turkey,Germany,78.142021,92.838777
1623,1,1,2025-09-14,Finland,Greece,83.566417,63.850597
1623,2,1,2025-09-14,Turkey,Germany,84.13492,98.298146
1624,1,1,2025-09-14,Finland,Greece,104.62703,77.639587
1624,2,1,2025-09-14,Turkey,Germany,90.829227,95.521537
1625,1,1,2025-09-14,Finland,Greece,85.553585,64.75939
1625,2,1,2025-09-14,Turkey,Germany,81.442447,78.459307
1626,1,1,2025-09-14,Finland,Greece,96.911953,82.066954
1626,2,1,2025-09-14,Turkey,Germany,88.889269,89.423232
1627,1,1,2025-09-14,Finland,Greece,90.252491,85.7382
1627,2,1,2025-09-14,Turkey,Germany,67.959147,95.691424
1628,1,1,2025-09-14,Finland,Greece,98.634516,111.55217
1628,2,1,2025-09-14,Turkey,Germany,75.985516,108.5209
1629,1,1,2025-09-14,Finland,Greece,104.98904,56.148108
1629,2,1,2025-09-14,Turkey,Germany,80.349893,94.442148
1630,1,1,2025-09-14,Finland,Greece,95.31089,88.260096
1630,2,1,2025-09-14,Turkey,Germany,84.008053,92.891851
1631,1,1,2025-09-14,Finland,Greece,83.015863,106.8676
1631,2,1,2025-09-14,Turkey,Germany,69.677304,93.600162
1632,1,1,2025-09-14,Finland,Greece,88.6206,74.883093
1632,2,1,2025-09-14,Turkey,Germany,83.915299,97.334612
1633,1,1,2025-09-14,Finland,Greece,110.32959,98.611564
1633,2,1,2025-09-14,Turkey,Germany,74.038259,88.240921
1634,1,1,2025-09-14,Finland,Greece,90.768677,73.052376
1634,2,1,2025-09-14,Turkey,Germany,79.336863,88.200106
1635,1,1,2025-09-14,Finland,Greece,85.688893,76.392341
1635,2,1,2025-09-14,Turkey,Germany,80.197842,103.32811
1636,1,1,2025-09-14,Finland,Greece,112.03535,88.381861
1636,2,1,2025-09-14,Turkey,Germany,87.20539,116.98686
1637,1,1,2025-09-14,Finland,Greece,91.373597,73.666166
1637,2,1,2025-09-14,Turkey,Germany,89.500925,117.69163
1638,1,1,2025-09-14,Finland,Greece,76.585729,75.238845
1638,2,1,2025-09-14,Turkey,Germany,77.628269,79.494242
1639,1,1,2025-09-14,Finland,Greece,59.729652,66.056626
1639,2,1,2025-09-14,Turkey,Germany,86.514887,84.136983
1640,1,1,2025-09-14,Finland,Greece,90.864474,95.437409
1640,2,1,2025-09-14,Turkey,Germany,86.168745,89.957741
1641,1,1,2025-09-14,Finland,Greece,85.919121,66.022794
1641,2,1,2025-09-14,Turkey,Germany,83.632122,93.970358
1642,1,1,2025-09-14,Finland,Greece,82.804846,91.676463
1642,2,1,2025-09-14,Turkey,Germany,82.493692,85.910802
1643,1,1,2025-09-14,Finland,Greece,128.37764,102.39472
1643,2,1,2025-09-14,Turkey,Germany,84.146392,92.313438
1644,1,1,2025-09-14,Finland,Greece,92.032676,72.432379
1644,2,1,2025-09-14,Turkey,Germany,68.860696,94.531599
1645,1,1,2025-09-14,Finland,Greece,60.922281,80.163113
1645,2,1,2025-09-14,Turkey,Germany,97.481253,89.238839
1646,1,1,2025-09-14,Finland,Greece,105.40033,88.083157
1646,2,1,2025-09-14,Turkey,Germany,70.442415,94.606922
1647,1,1,2025-09-14,Finland,Greece,116.93454,99.647226
1647,2,1,2025-09-14,Turkey,Germany,88.509939,97.56907
1648,1,1,2025-09-14,Finland,Greece,97.941741,96.626079
1648,2,1,2025-09-14,Turkey,Germany,81.849476,100.82935
1649,1,1,2025-09-14,Finland,Greece,100.67344,79.24437
1649,2,1,2025-09-14,Turkey,Germany,108.11497,100.09204
1650,1,1,2025-09-14,Finland,Greece,97.909577,87.617098
1650,2,1,2025-09-14,Turkey,Germany,80.165813,98.499387
1651,1,1,2025-09-14,Finland,Greece,66.346827,65.560415
1651,2,1,2025-09-14,Turkey,Germany,94.375019,95.07572
1652,1,1,2025-09-14,Finland,Greece,101.85388,80.478026
1652,2,1,2025-09-14,Turkey,Germany,97.405758,81.269479
1653,1,1,2025-09-14,Finland,Greece,93.03278,80.825468
1653,2,1,2025-09-14,Turkey,Germany,71.833493,103.05878
1654,1,1,2025-09-14,Finland,Greece,97.060477,87.877518
1654,2,1,2025-09-14,Turkey,Germany,89.34728,104.91216
1655,1,1,2025-09-14,Finland,Greece,86.528047,77.567606
1655,2,1,2025-09-14,Turkey,Germany,79.821145,104.26091
1656,1,1,2025-09-14,Finland,Greece,70.408587,69.195918
1656,2,1,2025-09-14,Turkey,Germany,99.745673,72.816685
1657,1,1,2025-09-14,Finland,Greece,95.313995,79.545321
1657,2,1,2025-09-14,Turkey,Germany,88.849726,81.718802
1658,1,1,2025-09-14,Finland,Greece,90.843968,87.308941
1658,2,1,2025-09-14,Turkey,Germany,73.28595,86.375932
1659,1,1,2025-09-14,Finland,Greece,87.311346,75.074793
1659,2,1,2025-09-14,Turkey,Germany,75.210307,89.789273
1660,1,1,2025-09-14,Finland,Greece,102.51178,90.934761
1660,2,1,2025-09-14,Turkey,Germany,73.322605,77.867498
1661,1,1,2025-09-14,Finland,Greece,82.894832,86.637931
1661,2,1,2025-09-14,Turkey,Germany,73.741494,75.972669
1662,1,1,2025-09-14,Finland,Greece,76.609466,61.348457
1662,2,1,2025-09-14,Turkey,Germany,81.047333,109.77713
1663,1,1,2025-09-14,Finland,Greece,102.29577,80.160262
1663,2,1,2025-09-14,Turkey,Germany,91.853451,109.52152
1664,1,1,2025-09-14,Finland,Greece,111.05692,69.38775
1664,2,1,2025-09-14,Turkey,Germany,77.853708,80.585012
1665,1,1,2025-09-14,Finland,Greece,121.45543,77.597389
1665,2,1,2025-09-14,Turkey,Germany,87.928886,99.770839
1666,1,1,2025-09-14,Finland,Greece,78.140795,62.582697
1666,2,1,2025-09-14,Turkey,Germany,103.47141,103.77956
1667,1,1,2025-09-14,Finland,Greece,84.388014,59.995619
1667,2,1,2025-09-14,Turkey,Germany,88.19642,110.64269
1668,1,1,2025-09-14,Finland,Greece,87.48651,63.443184
1668,2,1,2025-09-14,Turkey,Germany,84.313644,63.448743
1669,1,1,2025-09-14,Finland,Greece,59.774239,80.080749
1669,2,1,2025-09-14,Turkey,Germany,65.538195,82.73576
1670,1,1,2025-09-14,Finland,Greece,93.232007,88.219472
1670,2,1,2025-09-14,Turkey,Germany,80.654519,84.217385
1671,1,1,2025-09-14,Finland,Greece,100.28976,86.055407
1671,2,1,2025-09-14,Turkey,Germany,96.98855,98.535442
1672,1,1,2025-09-14,Finland,Greece,102.10559,88.732616
1672,2,1,2025-09-14,Turkey,Germany,75.75733,86.372299
1673,1,1,2025-09-14,Finland,Greece,92.644756,95.264184
1673,2,1,2025-09-14,Turkey,Germany,87.085749,72.499857
1674,1,1,2025-09-14,Finland,Greece,91.208417,88.692365
1674,2,1,2025-09-14,Turkey,Germany,76.466022,96.959843
1675,1,1,2025-09-14,Finland,Greece,114.46081,63.497208
1675,2,1,2025-09-14,Turkey,Germany,69.105676,78.324425
1676,1,1,2025-09-14,Finland,Greece,87.306576,73.665238
1676,2,1,2025-09-14,Turkey,Germany,84.70498,89.346676
1677,1,1,2025-09-14,Finland,Greece,89.279965,90.565631
1677,2,1,2025-09-14,Turkey,Germany,64.293416,84.638538
1678,1,1,2025-09-14,Finland,Greece,79.279324,88.322799
1678,2,1,2025-09-14,Turkey,Germany,88.435568,85.400732
1679,1,1,2025-09-14,Finland,Greece,93.105425,69.097919
1679,2,1,2025-09-14,Turkey,Germany,82.989242,99.015964
1680,1,1,2025-09-14,Finland,Greece,90.644539,78.282808
1680,2,1,2025-09-14,Turkey,Germany,66.993695,94.048321
1681,1,1,2025-09-14,Finland,Greece,110.57623,96.263489
1681,2,1,2025-09-14,Turkey,Germany,93.339755,131.46458
1682,1,1,2025-09-14,Finland,Greece,80.925719,95.231022
1682,2,1,2025-09-14,Turkey,Germany,78.173946,93.734059
1683,1,1,2025-09-14,Finland,Greece,62.0373,72.681384
1683,2,1,2025-09-14,Turkey,Germany,80.695034,113.21284
1684,1,1,2025-09-14,Finland,Greece,83.240539,93.168405
1684,2,1,2025-09-14,Turkey,Germany,73.029737,108.66461
1685,1,1,2025-09-14,Finland,Greece,105.59762,127.07615
1685,2,1,2025-09-14,Turkey,Germany,77.566829,116.03932
1686,1,1,2025-09-14,Finland,Greece,75.507604,78.89302
1686,2,1,2025-09-14,Turkey,Germany,80.720661,77.103125
1687,1,1,2025-09-14,Finland,Greece,120.92612,75.199245
1687,2,1,2025-09-14,Turkey,Germany,73.992399,95.908462
1688,1,1,2025-09-14,Finland,Greece,106.01478,97.742927
1688,2,1,2025-09-14,Turkey,Germany,82.165706,95.136142
1689,1,1,2025-09-14,Finland,Greece,78.585783,74.887989
1689,2,1,2025-09-14,Turkey,Germany,87.558059,92.414628
1690,1,1,2025-09-14,Finland,Greece,98.2913,74.469105
1690,2,1,2025-09-14,Turkey,Germany,74.365304,73.519102
1691,1,1,2025-09-14,Finland,Greece,87.676446,70.56353
1691,2,1,2025-09-14,Turkey,Germany,82.722075,99.50376
1692,1,1,2025-09-14,Finland,Greece,92.920227,79.000185
1692,2,1,2025-09-14,Turkey,Germany,86.771252,98.450223
1693,1,1,2025-09-14,Finland,Greece,98.691759,85.386564
1693,2,1,2025-09-14,Turkey,Germany,89.117917,79.59742
1694,1,1,2025-09-14,Finland,Greece,88.126329,71.921983
1694,2,1,2025-09-14,Turkey,Germany,82.799233,86.239919
1695,1,1,2025-09-14,Finland,Greece,96.911605,71.168995
1695,2,1,2025-09-14,Turkey,Germany,85.571472,85.319009
1696,1,1,2025-09-14,Finland,Greece,91.643686,100.6147
1696,2,1,2025-09-14,Turkey,Germany,81.437263,96.365926
1697,1,1,2025-09-14,Finland,Greece,95.734719,81.913691
1697,2,1,2025-09-14,Turkey,Germany,80.351352,83.002916
1698,1,1,2025-09-14,Finland,Greece,96.72131,67.129581
1698,2,1,2025-09-14,Turkey,Germany,79.755273,85.749042
1699,1,1,2025-09-14,Finland,Greece,99.519833,68.431583
1699,2,1,2025-09-14,Turkey,Germany,83.117656,102.2179
1700,1,1,2025-09-14,Finland,Greece,91.404169,103.43063
1700,2,1,2025-09-14,Turkey,Germany,87.491716,95.609907
1701,1,1,2025-09-14,Finland,Greece,98.090204,75.260742
1701,2,1,2025-09-14,Turkey,Germany,85.428758,87.679134
1702,1,1,2025-09-14,Finland,Greece,92.425863,87.124341
1702,2,1,2025-09-14,Turkey,Germany,70.473793,79.846873
1703,1,1,2025-09-14,Finland,Greece,111.13165,68.006616
1703,2,1,2025-09-14,Turkey,Germany,79.768642,103.15267
1704,1,1,2025-09-14,Finland,Greece,108.22453,89.150423
1704,2,1,2025-09-14,Turkey,Germany,87.599032,107.62737
1705,1,1,2025-09-14,Finland,Greece,85.974429,72.562772
1705,2,1,2025-09-14,Turkey,Germany,78.218216,97.181071
1706,1,1,2025-09-14,Finland,Greece,110.13906,90.20309
1706,2,1,2025-09-14,Turkey,Germany,85.532838,107.61681
1707,1,1,2025-09-14,Finland,Greece,77.499895,80.230274
1707,2,1,2025-09-14,Turkey,Germany,77.42809,91.806754
1708,1,1,2025-09-14,Finland,Greece,97.843611,86.140062
1708,2,1,2025-09-14,Turkey,Germany,69.52766,93.651732
1709,1,1,2025-09-14,Finland,Greece,89.225523,80.394239
1709,2,1,2025-09-14,Turkey,Germany,75.397788,80.194527
1710,1,1,2025-09-14,Finland,Greece,106.04612,82.319644
1710,2,1,2025-09-14,Turkey,Germany,97.555542,88.301748
1711,1,1,2025-09-14,Finland,Greece,97.743255,66.5877
1711,2,1,2025-09-14,Turkey,Germany,68.864676,92.325333
1712,1,1,2025-09-14,Finland,Greece,108.1715,95.451726
1712,2,1,2025-09-14,Turkey,Germany,91.052372,80.424323
1713,1,1,2025-09-14,Finland,Greece,115.13469,100.04407
1713,2,1,2025-09-14,Turkey,Germany,57.572271,88.336614
1714,1,1,2025-09-14,Finland,Greece,89.729172,80.302914
1714,2,1,2025-09-14,Turkey,Germany,102.74094,95.212917
1715,1,1,2025-09-14,Finland,Greece,95.923857,77.564424
1715,2,1,2025-09-14,Turkey,Germany,77.075963,113.38514
1716,1,1,2025-09-14,Finland,Greece,87.096708,76.858985
1716,2,1,2025-09-14,Turkey,Germany,91.948553,90.727895
1717,1,1,2025-09-14,Finland,Greece,84.862504,77.210305
1717,2,1,2025-09-14,Turkey,Germany,95.228675,79.904536
1718,1,1,2025-09-14,Finland,Greece,90.138443,62.641009
1718,2,1,2025-09-14,Turkey,Germany,87.007249,88.539124
1719,1,1,2025-09-14,Finland,Greece,85.180916,86.421151
1719,2,1,2025-09-14,Turkey,Germany,75.079357,90.577219
1720,1,1,2025-09-14,Finland,Greece,100.91256,80.875727
1720,2,1,2025-09-14,Turkey,Germany,91.92456,79.072666
1721,1,1,2025-09-14,Finland,Greece,110.24997,77.661683
1721,2,1,2025-09-14,Turkey,Germany,91.434509,87.571213
1722,1,1,2025-09-14,Finland,Greece,92.257736,78.12934
1722,2,1,2025-09-14,Turkey,Germany,66.741979,92.068995
1723,1,1,2025-09-14,Finland,Greece,117.96823,62.344723
1723,2,1,2025-09-14,Turkey,Germany,79.457762,66.580415
1724,1,1,2025-09-14,Finland,Greece,102.42566,73.72136
1724,2,1,2025-09-14,Turkey,Germany,85.167407,113.80017
1725,1,1,2025-09-14,Finland,Greece,83.451579,77.871078
1725,2,1,2025-09-14,Turkey,Germany,82.721297,77.88259
1726,1,1,2025-09-14,Finland,Greece,101.70746,72.148897
1726,2,1,2025-09-14,Turkey,Germany,98.78696,84.968983
1727,1,1,2025-09-14,Finland,Greece,81.190973,74.635413
1727,2,1,2025-09-14,Turkey,Germany,94.589375,116.60796
1728,1,1,2025-09-14,Finland,Greece,99.429772,75.828021
1728,2,1,2025-09-14,Turkey,Germany,82.301921,100.84644
1729,1,1,2025-09-14,Finland,Greece,112.94702,102.86407
1729,2,1,2025-09-14,Turkey,Germany,70.207179,96.38093
1730,1,1,2025-09-14,Finland,Greece,79.368573,93.683103
1730,2,1,2025-09-14,Turkey,Germany,82.571929,100.30108
1731,1,1,2025-09-14,Finland,Greece,86.585995,78.653181
1731,2,1,2025-09-14,Turkey,Germany,85.137377,101.82209
1732,1,1,2025-09-14,Finland,Greece,97.853264,87.630181
1732,2,1,2025-09-14,Turkey,Germany,82.247561,100.03108
1733,1,1,2025-09-14,Finland,Greece,92.446082,82.686962
1733,2,1,2025-09-14,Turkey,Germany,93.044627,106.14238
1734,1,1,2025-09-14,Finland,Greece,87.624711,78.882331
1734,2,1,2025-09-14,Turkey,Germany,86.269806,120.99932
1735,1,1,2025-09-14,Finland,Greece,97.920568,98.385873
1735,2,1,2025-09-14,Turkey,Germany,85.310217,97.32921
1736,1,1,2025-09-14,Finland,Greece,104.74255,60.491135
1736,2,1,2025-09-14,Turkey,Germany,77.02524,93.212985
1737,1,1,2025-09-14,Finland,Greece,103.01472,85.024723
1737,2,1,2025-09-14,Turkey,Germany,76.521213,83.366686
1738,1,1,2025-09-14,Finland,Greece,78.597597,104.63909
1738,2,1,2025-09-14,Turkey,Germany,71.453522,92.97768
1739,1,1,2025-09-14,Finland,Greece,113.6045,83.373412
1739,2,1,2025-09-14,Turkey,Germany,72.53447,98.786341
1740,1,1,2025-09-14,Finland,Greece,92.268053,73.403026
1740,2,1,2025-09-14,Turkey,Germany,56.927023,95.863227
1741,1,1,2025-09-14,Finland,Greece,102.49042,93.600795
1741,2,1,2025-09-14,Turkey,Germany,88.204211,85.581951
1742,1,1,2025-09-14,Finland,Greece,112.70059,91.062264
1742,2,1,2025-09-14,Turkey,Germany,94.636413,87.150616
1743,1,1,2025-09-14,Finland,Greece,95.299875,88.499336
1743,2,1,2025-09-14,Turkey,Germany,86.095413,107.10712
1744,1,1,2025-09-14,Finland,Greece,75.705464,66.70239
1744,2,1,2025-09-14,Turkey,Germany,86.85624,104.27724
1745,1,1,2025-09-14,Finland,Greece,107.03063,90.08942
1745,2,1,2025-09-14,Turkey,Germany,79.373892,85.800437
1746,1,1,2025-09-14,Finland,Greece,101.64931,68.590267
1746,2,1,2025-09-14,Turkey,Germany,91.763621,98.951671
1747,1,1,2025-09-14,Finland,Greece,100.31069,90.675698
1747,2,1,2025-09-14,Turkey,Germany,83.810334,91.937862
1748,1,1,2025-09-14,Finland,Greece,91.931821,86.312189
1748,2,1,2025-09-14,Turkey,Germany,71.767657,94.607403
1749,1,1,2025-09-14,Finland,Greece,86.662496,98.326413
1749,2,1,2025-09-14,Turkey,Germany,84.501947,101.90761
1750,1,1,2025-09-14,Finland,Greece,94.758106,64.702583
1750,2,1,2025-09-14,Turkey,Germany,81.884298,93.758834
1751,1,1,2025-09-14,Finland,Greece,99.363066,89.285581
1751,2,1,2025-09-14,Turkey,Germany,92.387645,101.23554
1752,1,1,2025-09-14,Finland,Greece,83.135167,93.12617
1752,2,1,2025-09-14,Turkey,Germany,98.611548,81.038379
1753,1,1,2025-09-14,Finland,Greece,85.261674,83.711803
1753,2,1,2025-09-14,Turkey,Germany,75.628489,88.982823
1754,1,1,2025-09-14,Finland,Greece,96.428021,71.411111
1754,2,1,2025-09-14,Turkey,Germany,78.611694,96.758375
1755,1,1,2025-09-14,Finland,Greece,98.954869,80.573783
1755,2,1,2025-09-14,Turkey,Germany,78.428454,94.798241
1756,1,1,2025-09-14,Finland,Greece,82.949285,81.300871
1756,2,1,2025-09-14,Turkey,Germany,92.837282,106.69388
1757,1,1,2025-09-14,Finland,Greece,86.614012,88.86802
1757,2,1,2025-09-14,Turkey,Germany,107.88629,106.91342
1758,1,1,2025-09-14,Finland,Greece,101.71015,88.837435
1758,2,1,2025-09-14,Turkey,Germany,88.479571000000007,85.247576
1759,1,1,2025-09-14,Finland,Greece,69.934041,95.046951
1759,2,1,2025-09-14,Turkey,Germany,74.001903,93.942572
1760,1,1,2025-09-14,Finland,Greece,93.543526,93.385863
1760,2,1,2025-09-14,Turkey,Germany,89.298783,99.737883
1761,1,1,2025-09-14,Finland,Greece,95.314096,82.633155
1761,2,1,2025-09-14,Turkey,Germany,94.39194,83.42234
1762,1,1,2025-09-14,Finland,Greece,84.2184,80.420299
1762,2,1,2025-09-14,Turkey,Germany,82.755785,94.867311
1763,1,1,2025-09-14,Finland,Greece,96.919181,73.777727
1763,2,1,2025-09-14,Turkey,Germany,76.889015,88.905089
1764,1,1,2025-09-14,Finland,Greece,82.797096,79.08298
1764,2,1,2025-09-14,Turkey,Germany,69.093293,108.8287
1765,1,1,2025-09-14,Finland,Greece,106.44289,91.515433
1765,2,1,2025-09-14,Turkey,Germany,80.503481,80.723754
1766,1,1,2025-09-14,Finland,Greece,95.850269,81.787966
1766,2,1,2025-09-14,Turkey,Germany,78.682727,75.004986
1767,1,1,2025-09-14,Finland,Greece,100.56879,84.444467
1767,2,1,2025-09-14,Turkey,Germany,78.000832,100.16936
1768,1,1,2025-09-14,Finland,Greece,86.961405,76.460552
1768,2,1,2025-09-14,Turkey,Germany,84.570308,83.729694
1769,1,1,2025-09-14,Finland,Greece,110.48973,62.1212
1769,2,1,2025-09-14,Turkey,Germany,74.34871,70.175124
1770,1,1,2025-09-14,Finland,Greece,74.793786,78.807115
1770,2,1,2025-09-14,Turkey,Germany,92.114905,102.47392
1771,1,1,2025-09-14,Finland,Greece,73.343853,95.313245
1771,2,1,2025-09-14,Turkey,Germany,108.40756,98.439913
1772,1,1,2025-09-14,Finland,Greece,94.260759,72.965277
1772,2,1,2025-09-14,Turkey,Germany,98.428555,98.82523
1773,1,1,2025-09-14,Finland,Greece,109.37076,62.960936
1773,2,1,2025-09-14,Turkey,Germany,85.555283,110.43062
1774,1,1,2025-09-14,Finland,Greece,100.49162,95.152444
1774,2,1,2025-09-14,Turkey,Germany,77.598418,95.975661
1775,1,1,2025-09-14,Finland,Greece,85.579136,72.52229
1775,2,1,2025-09-14,Turkey,Germany,74.255175,95.811632
1776,1,1,2025-09-14,Finland,Greece,86.582105,77.975033
1776,2,1,2025-09-14,Turkey,Germany,92.962755,115.46632
1777,1,1,2025-09-14,Finland,Greece,79.049404,81.489392
1777,2,1,2025-09-14,Turkey,Germany,97.885773,103.11811
1778,1,1,2025-09-14,Finland,Greece,80.13775,78.205348
1778,2,1,2025-09-14,Turkey,Germany,83.612153,88.957227
1779,1,1,2025-09-14,Finland,Greece,77.785727,92.825887
1779,2,1,2025-09-14,Turkey,Germany,82.722894,81.47465
1780,1,1,2025-09-14,Finland,Greece,99.720168,103.75927
1780,2,1,2025-09-14,Turkey,Germany,103.81375,88.596782
1781,1,1,2025-09-14,Finland,Greece,100.68838,88.743917
1781,2,1,2025-09-14,Turkey,Germany,87.794032,90.267557
1782,1,1,2025-09-14,Finland,Greece,98.504902,81.75442
1782,2,1,2025-09-14,Turkey,Germany,86.046166,95.192825
1783,1,1,2025-09-14,Finland,Greece,123.67714,83.854049
1783,2,1,2025-09-14,Turkey,Germany,77.85077,93.670149
1784,1,1,2025-09-14,Finland,Greece,101.9779,77.156569
1784,2,1,2025-09-14,Turkey,Germany,88.115182,89.313041
1785,1,1,2025-09-14,Finland,Greece,82.164796,87.904429
1785,2,1,2025-09-14,Turkey,Germany,84.725033,102.18985
1786,1,1,2025-09-14,Finland,Greece,100.40153,83.299201
1786,2,1,2025-09-14,Turkey,Germany,88.064693,124.39127
1787,1,1,2025-09-14,Finland,Greece,81.232971,94.765566
1787,2,1,2025-09-14,Turkey,Germany,77.6891,110.19153
1788,1,1,2025-09-14,Finland,Greece,86.970902,74.811731
1788,2,1,2025-09-14,Turkey,Germany,88.328661,101.44106
1789,1,1,2025-09-14,Finland,Greece,95.333469,72.32123
1789,2,1,2025-09-14,Turkey,Germany,99.210888,97.305848
1790,1,1,2025-09-14,Finland,Greece,123.12595,107.44506
1790,2,1,2025-09-14,Turkey,Germany,88.037541,89.955214
1791,1,1,2025-09-14,Finland,Greece,91.703915,85.489159
1791,2,1,2025-09-14,Turkey,Germany,92.503576,104.36548
1792,1,1,2025-09-14,Finland,Greece,107.60749,94.996786
1792,2,1,2025-09-14,Turkey,Germany,73.629809,85.549468
1793,1,1,2025-09-14,Finland,Greece,97.025869,84.538752
1793,2,1,2025-09-14,Turkey,Germany,66.949541,93.556133
1794,1,1,2025-09-14,Finland,Greece,115.54718,83.072461
1794,2,1,2025-09-14,Turkey,Germany,89.988197,104.0638
1795,1,1,2025-09-14,Finland,Greece,103.37555,94.07028
1795,2,1,2025-09-14,Turkey,Germany,64.428766,90.928658
1796,1,1,2025-09-14,Finland,Greece,77.943553,71.209261
1796,2,1,2025-09-14,Turkey,Germany,81.765697,74.808959
1797,1,1,2025-09-14,Finland,Greece,104.60671,69.859098
1797,2,1,2025-09-14,Turkey,Germany,56.38828,86.498568
1798,1,1,2025-09-14,Finland,Greece,79.227085,97.039494
1798,2,1,2025-09-14,Turkey,Germany,84.87911,98.398443
1799,1,1,2025-09-14,Finland,Greece,101.18184,83.630183
1799,2,1,2025-09-14,Turkey,Germany,82.069545,91.336397
1800,1,1,2025-09-14,Finland,Greece,78.036547,89.126644
1800,2,1,2025-09-14,Turkey,Germany,70.001535,77.477263
1801,1,1,2025-09-14,Finland,Greece,88.974012,83.424781
1801,2,1,2025-09-14,Turkey,Germany,80.003264,100.14285
1802,1,1,2025-09-14,Finland,Greece,84.222245,82.469781
1802,2,1,2025-09-14,Turkey,Germany,80.860839,99.257698
1803,1,1,2025-09-14,Finland,Greece,96.324108,90.673172
1803,2,1,2025-09-14,Turkey,Germany,87.273175,71.626627
1804,1,1,2025-09-14,Finland,Greece,76.254053,70.267846
1804,2,1,2025-09-14,Turkey,Germany,96.220414,74.398221
1805,1,1,2025-09-14,Finland,Greece,89.596655,86.545382
1805,2,1,2025-09-14,Turkey,Germany,81.986676,90.521259
1806,1,1,2025-09-14,Finland,Greece,104.73132,98.475591
1806,2,1,2025-09-14,Turkey,Germany,78.170255,85.759732
1807,1,1,2025-09-14,Finland,Greece,67.338072,85.804268
1807,2,1,2025-09-14,Turkey,Germany,89.838617,105.30235
1808,1,1,2025-09-14,Finland,Greece,78.677103,76.45893
1808,2,1,2025-09-14,Turkey,Germany,88.919067,102.58891
1809,1,1,2025-09-14,Finland,Greece,87.629574,62.672174
1809,2,1,2025-09-14,Turkey,Germany,66.896102,69.811101
1810,1,1,2025-09-14,Finland,Greece,83.241377,74.153087
1810,2,1,2025-09-14,Turkey,Germany,91.749151,98.666702
1811,1,1,2025-09-14,Finland,Greece,107.3222,90.584454
1811,2,1,2025-09-14,Turkey,Germany,77.904677,88.063293
1812,1,1,2025-09-14,Finland,Greece,86.865223,80.581289
1812,2,1,2025-09-14,Turkey,Germany,93.832738,83.661819
1813,1,1,2025-09-14,Finland,Greece,90.307631,70.826595
1813,2,1,2025-09-14,Turkey,Germany,78.679393,94.614424
1814,1,1,2025-09-14,Finland,Greece,85.693285,84.417528
1814,2,1,2025-09-14,Turkey,Germany,85.700522,89.815596
1815,1,1,2025-09-14,Finland,Greece,96.524125,101.67045
1815,2,1,2025-09-14,Turkey,Germany,66.475621,119.88146
1816,1,1,2025-09-14,Finland,Greece,105.7128,70.834846
1816,2,1,2025-09-14,Turkey,Germany,66.902648,75.776479
1817,1,1,2025-09-14,Finland,Greece,91.978901,92.654048
1817,2,1,2025-09-14,Turkey,Germany,95.477198,103.67002
1818,1,1,2025-09-14,Finland,Greece,82.775546,64.041758
1818,2,1,2025-09-14,Turkey,Germany,103.96814,69.102853
1819,1,1,2025-09-14,Finland,Greece,79.854116,82.562755
1819,2,1,2025-09-14,Turkey,Germany,93.343214,94.744927
1820,1,1,2025-09-14,Finland,Greece,92.720911,73.065512
1820,2,1,2025-09-14,Turkey,Germany,70.418322,96.364991
1821,1,1,2025-09-14,Finland,Greece,106.41732,102.39928
1821,2,1,2025-09-14,Turkey,Germany,79.550719,92.148717
1822,1,1,2025-09-14,Finland,Greece,91.932985,79.229717
1822,2,1,2025-09-14,Turkey,Germany,84.997019,77.635103
1823,1,1,2025-09-14,Finland,Greece,117.27887,78.620387
1823,2,1,2025-09-14,Turkey,Germany,82.557071,83.325305
1824,1,1,2025-09-14,Finland,Greece,88.534375,69.117852
1824,2,1,2025-09-14,Turkey,Germany,95.457435,85.148369
1825,1,1,2025-09-14,Finland,Greece,88.842595,65.27462
1825,2,1,2025-09-14,Turkey,Germany,87.546035,105.17449
1826,1,1,2025-09-14,Finland,Greece,92.9892,62.723858
1826,2,1,2025-09-14,Turkey,Germany,65.473793,73.682088
1827,1,1,2025-09-14,Finland,Greece,102.15032,90.550023
1827,2,1,2025-09-14,Turkey,Germany,90.100232,90.460031
1828,1,1,2025-09-14,Finland,Greece,105.24668,93.901654
1828,2,1,2025-09-14,Turkey,Germany,79.090766,96.485302
1829,1,1,2025-09-14,Finland,Greece,95.169145,68.448959
1829,2,1,2025-09-14,Turkey,Germany,100.83029,99.620611
1830,1,1,2025-09-14,Finland,Greece,96.017352,92.995463
1830,2,1,2025-09-14,Turkey,Germany,87.419998,100.85627
1831,1,1,2025-09-14,Finland,Greece,85.793956,73.53365
1831,2,1,2025-09-14,Turkey,Germany,73.337832,88.170995
1832,1,1,2025-09-14,Finland,Greece,107.18619,96.577297
1832,2,1,2025-09-14,Turkey,Germany,72.179088,71.806828
1833,1,1,2025-09-14,Finland,Greece,82.000889,84.368181
1833,2,1,2025-09-14,Turkey,Germany,75.795406,91.069699
1834,1,1,2025-09-14,Finland,Greece,76.144005,56.66806
1834,2,1,2025-09-14,Turkey,Germany,97.840423,87.616078
1835,1,1,2025-09-14,Finland,Greece,116.92594,66.250106
1835,2,1,2025-09-14,Turkey,Germany,69.81115,69.071891
1836,1,1,2025-09-14,Finland,Greece,97.442335,91.239952
1836,2,1,2025-09-14,Turkey,Germany,82.128223,109.72178
1837,1,1,2025-09-14,Finland,Greece,104.99928,76.366197
1837,2,1,2025-09-14,Turkey,Germany,84.928881,95.607623
1838,1,1,2025-09-14,Finland,Greece,91.194741,63.883341
1838,2,1,2025-09-14,Turkey,Germany,73.100235,86.230119
1839,1,1,2025-09-14,Finland,Greece,87.721675,94.922489
1839,2,1,2025-09-14,Turkey,Germany,94.153068,94.236254
1840,1,1,2025-09-14,Finland,Greece,89.798751,69.163449
1840,2,1,2025-09-14,Turkey,Germany,80.124616,96.191667
1841,1,1,2025-09-14,Finland,Greece,98.24747,84.580756
1841,2,1,2025-09-14,Turkey,Germany,82.311948,75.446138
1842,1,1,2025-09-14,Finland,Greece,83.437941,100.78368
1842,2,1,2025-09-14,Turkey,Germany,82.404898,84.273236
1843,1,1,2025-09-14,Finland,Greece,105.85022,80.694568
1843,2,1,2025-09-14,Turkey,Germany,77.717392,97.880089
1844,1,1,2025-09-14,Finland,Greece,66.970943,68.843171
1844,2,1,2025-09-14,Turkey,Germany,76.799382,109.06695
1845,1,1,2025-09-14,Finland,Greece,87.512355,74.975387
1845,2,1,2025-09-14,Turkey,Germany,79.83959,94.571574
1846,1,1,2025-09-14,Finland,Greece,84.586957,76.897044
1846,2,1,2025-09-14,Turkey,Germany,107.6934,93.840939
1847,1,1,2025-09-14,Finland,Greece,82.264252,63.88395
1847,2,1,2025-09-14,Turkey,Germany,73.748049,86.765183
1848,1,1,2025-09-14,Finland,Greece,114.96842,100.29499
1848,2,1,2025-09-14,Turkey,Germany,85.749058,105.8514
1849,1,1,2025-09-14,Finland,Greece,109.14129,78.63879
1849,2,1,2025-09-14,Turkey,Germany,75.325525,93.69876
1850,1,1,2025-09-14,Finland,Greece,105.54089,94.382826
1850,2,1,2025-09-14,Turkey,Germany,69.976604,85.861822
1851,1,1,2025-09-14,Finland,Greece,106.58268,80.599446
1851,2,1,2025-09-14,Turkey,Germany,81.311182,88.270286
1852,1,1,2025-09-14,Finland,Greece,67.324999,64.230232
1852,2,1,2025-09-14,Turkey,Germany,88.761566,93.76904
1853,1,1,2025-09-14,Finland,Greece,106.1977,98.241255
1853,2,1,2025-09-14,Turkey,Germany,67.29294,71.628132
1854,1,1,2025-09-14,Finland,Greece,93.12385,80.339372
1854,2,1,2025-09-14,Turkey,Germany,81.770892,94.494544
1855,1,1,2025-09-14,Finland,Greece,81.802297,69.251738
1855,2,1,2025-09-14,Turkey,Germany,81.024883,93.724171
1856,1,1,2025-09-14,Finland,Greece,117.12032,110.36679
1856,2,1,2025-09-14,Turkey,Germany,78.21336,88.614218
1857,1,1,2025-09-14,Finland,Greece,106.66078,88.813992
1857,2,1,2025-09-14,Turkey,Germany,71.900967,70.32297
1858,1,1,2025-09-14,Finland,Greece,99.156589,98.83132
1858,2,1,2025-09-14,Turkey,Germany,91.013086,120.38005
1859,1,1,2025-09-14,Finland,Greece,104.00921,86.567947
1859,2,1,2025-09-14,Turkey,Germany,79.610795,90.656056
1860,1,1,2025-09-14,Finland,Greece,102.94788,95.095859
1860,2,1,2025-09-14,Turkey,Germany,86.475352,77.872845
1861,1,1,2025-09-14,Finland,Greece,89.553113,106.5198
1861,2,1,2025-09-14,Turkey,Germany,95.030195,96.733833
1862,1,1,2025-09-14,Finland,Greece,118.62614,86.432456
1862,2,1,2025-09-14,Turkey,Germany,83.093423,89.814297
1863,1,1,2025-09-14,Finland,Greece,101.71012,69.731432
1863,2,1,2025-09-14,Turkey,Germany,90.896059,95.057298
1864,1,1,2025-09-14,Finland,Greece,89.594179,85.174236
1864,2,1,2025-09-14,Turkey,Germany,71.243328,68.798104
1865,1,1,2025-09-14,Finland,Greece,96.87465,99.355257
1865,2,1,2025-09-14,Turkey,Germany,81.194711,91.432316
1866,1,1,2025-09-14,Finland,Greece,99.291734,96.437883
1866,2,1,2025-09-14,Turkey,Germany,83.984645,86.043745
1867,1,1,2025-09-14,Finland,Greece,122.5974,98.688677
1867,2,1,2025-09-14,Turkey,Germany,78.675277,97.283132
1868,1,1,2025-09-14,Finland,Greece,86.932454,70.93196
1868,2,1,2025-09-14,Turkey,Germany,83.404325,83.154829
1869,1,1,2025-09-14,Finland,Greece,81.926662,96.400474
1869,2,1,2025-09-14,Turkey,Germany,95.463837,113.09383
1870,1,1,2025-09-14,Finland,Greece,91.288695,69.89018
1870,2,1,2025-09-14,Turkey,Germany,104.7671,106.84662
1871,1,1,2025-09-14,Finland,Greece,96.509926,87.327285
1871,2,1,2025-09-14,Turkey,Germany,87.654889,87.797528
1872,1,1,2025-09-14,Finland,Greece,97.392419,68.803237
1872,2,1,2025-09-14,Turkey,Germany,92.220874,100.57984
1873,1,1,2025-09-14,Finland,Greece,87.170564,70.933572
1873,2,1,2025-09-14,Turkey,Germany,104.97155,125.67601
1874,1,1,2025-09-14,Finland,Greece,92.19538,86.442497
1874,2,1,2025-09-14,Turkey,Germany,95.833128,106.12115
1875,1,1,2025-09-14,Finland,Greece,82.342062,79.344464
1875,2,1,2025-09-14,Turkey,Germany,96.049579,94.958274
1876,1,1,2025-09-14,Finland,Greece,115.05918,89.517123
1876,2,1,2025-09-14,Turkey,Germany,104.59588,73.887835
1877,1,1,2025-09-14,Finland,Greece,97.086351,102.59691
1877,2,1,2025-09-14,Turkey,Germany,96.548377,83.814146
1878,1,1,2025-09-14,Finland,Greece,75.520091,78.250798
1878,2,1,2025-09-14,Turkey,Germany,86.750867,98.178073
1879,1,1,2025-09-14,Finland,Greece,88.142374,89.326851
1879,2,1,2025-09-14,Turkey,Germany,71.3776,105.02724
1880,1,1,2025-09-14,Finland,Greece,85.163095,97.04916
1880,2,1,2025-09-14,Turkey,Germany,96.648368,115.35261
1881,1,1,2025-09-14,Finland,Greece,96.546393,81.661004
1881,2,1,2025-09-14,Turkey,Germany,96.150862,97.056618
1882,1,1,2025-09-14,Finland,Greece,76.923902,85.327586
1882,2,1,2025-09-14,Turkey,Germany,80.691319,100.63572
1883,1,1,2025-09-14,Finland,Greece,90.218947,75.295207
1883,2,1,2025-09-14,Turkey,Germany,64.515706,85.347981
1884,1,1,2025-09-14,Finland,Greece,93.038617,83.159748
1884,2,1,2025-09-14,Turkey,Germany,84.874615,106.07478
1885,1,1,2025-09-14,Finland,Greece,92.918937,90.267857
1885,2,1,2025-09-14,Turkey,Germany,92.688155,119.64927
1886,1,1,2025-09-14,Finland,Greece,100.82238,75.010655
1886,2,1,2025-09-14,Turkey,Germany,94.954372,75.519849
1887,1,1,2025-09-14,Finland,Greece,75.086052,88.447962
1887,2,1,2025-09-14,Turkey,Germany,58.118193,82.985969
1888,1,1,2025-09-14,Finland,Greece,100.17425,105.8322
1888,2,1,2025-09-14,Turkey,Germany,100.11403,85.479093
1889,1,1,2025-09-14,Finland,Greece,74.095131,84.550872
1889,2,1,2025-09-14,Turkey,Germany,73.291183,83.557172
1890,1,1,2025-09-14,Finland,Greece,99.246916,90.863334
1890,2,1,2025-09-14,Turkey,Germany,78.52735,106.63798
1891,1,1,2025-09-14,Finland,Greece,93.690671,77.339769
1891,2,1,2025-09-14,Turkey,Germany,88.927656,94.357849
1892,1,1,2025-09-14,Finland,Greece,85.602893,97.902906
1892,2,1,2025-09-14,Turkey,Germany,86.825834,91.861217
1893,1,1,2025-09-14,Finland,Greece,90.52301,87.758983
1893,2,1,2025-09-14,Turkey,Germany,64.190506,79.312563
1894,1,1,2025-09-14,Finland,Greece,94.684481,72.535429
1894,2,1,2025-09-14,Turkey,Germany,92.116019,102.22443
1895,1,1,2025-09-14,Finland,Greece,100.01561,91.188063
1895,2,1,2025-09-14,Turkey,Germany,91.305731,110.29023
1896,1,1,2025-09-14,Finland,Greece,77.209253,45.762964
1896,2,1,2025-09-14,Turkey,Germany,83.904205,90.468204
1897,1,1,2025-09-14,Finland,Greece,70.042414,61.44731
1897,2,1,2025-09-14,Turkey,Germany,84.033647,86.979054
1898,1,1,2025-09-14,Finland,Greece,93.324352,92.951185
1898,2,1,2025-09-14,Turkey,Germany,92.853278,97.674338
1899,1,1,2025-09-14,Finland,Greece,87.392815,72.242704
1899,2,1,2025-09-14,Turkey,Germany,77.901833,98.398301
1900,1,1,2025-09-14,Finland,Greece,86.970882,89.040639
1900,2,1,2025-09-14,Turkey,Germany,89.072859,99.393984
1901,1,1,2025-09-14,Finland,Greece,105.05825,91.808392
1901,2,1,2025-09-14,Turkey,Germany,70.140856,84.831644
1902,1,1,2025-09-14,Finland,Greece,84.949494,83.10527
1902,2,1,2025-09-14,Turkey,Germany,76.895748,102.12284
1903,1,1,2025-09-14,Finland,Greece,92.829024,79.474474
1903,2,1,2025-09-14,Turkey,Germany,92.481065,99.305403
1904,1,1,2025-09-14,Finland,Greece,95.280537,81.974323
1904,2,1,2025-09-14,Turkey,Germany,78.526691,102.26586
1905,1,1,2025-09-14,Finland,Greece,102.33545,89.696263
1905,2,1,2025-09-14,Turkey,Germany,84.665958,97.658273
1906,1,1,2025-09-14,Finland,Greece,95.036403,76.200792
1906,2,1,2025-09-14,Turkey,Germany,69.959953,84.926163
1907,1,1,2025-09-14,Finland,Greece,82.152576,75.039297
1907,2,1,2025-09-14,Turkey,Germany,89.387161,96.947532
1908,1,1,2025-09-14,Finland,Greece,86.371718,85.048911
1908,2,1,2025-09-14,Turkey,Germany,86.579893,100.54291
1909,1,1,2025-09-14,Finland,Greece,90.813511,82.897665
1909,2,1,2025-09-14,Turkey,Germany,78.519777,86.881417
1910,1,1,2025-09-14,Finland,Greece,94.366648,88.152303
1910,2,1,2025-09-14,Turkey,Germany,88.191101,106.2441
1911,1,1,2025-09-14,Finland,Greece,95.16653,77.699563
1911,2,1,2025-09-14,Turkey,Germany,89.212114,83.083485
1912,1,1,2025-09-14,Finland,Greece,102.06064,74.928134
1912,2,1,2025-09-14,Turkey,Germany,100.38668,92.711559
1913,1,1,2025-09-14,Finland,Greece,86.104297,102.60718
1913,2,1,2025-09-14,Turkey,Germany,103.11171,77.07405
1914,1,1,2025-09-14,Finland,Greece,93.970629,82.503295
1914,2,1,2025-09-14,Turkey,Germany,83.932847,103.93915
1915,1,1,2025-09-14,Finland,Greece,87.057455,71.696984
1915,2,1,2025-09-14,Turkey,Germany,87.724878,89.954412
1916,1,1,2025-09-14,Finland,Greece,92.962889,79.279797
1916,2,1,2025-09-14,Turkey,Germany,89.297691,98.122998
1917,1,1,2025-09-14,Finland,Greece,114.67667,70.388722
1917,2,1,2025-09-14,Turkey,Germany,70.686839,77.355145
1918,1,1,2025-09-14,Finland,Greece,104.323,52.284203
1918,2,1,2025-09-14,Turkey,Germany,82.670956,87.984533
1919,1,1,2025-09-14,Finland,Greece,93.66331,68.971081
1919,2,1,2025-09-14,Turkey,Germany,74.153559,63.964504
1920,1,1,2025-09-14,Finland,Greece,81.287571,60.084883
1920,2,1,2025-09-14,Turkey,Germany,64.212057,94.061343
1921,1,1,2025-09-14,Finland,Greece,92.777004,92.044145
1921,2,1,2025-09-14,Turkey,Germany,84.880888,114.12069
1922,1,1,2025-09-14,Finland,Greece,108.16688,90.31125
1922,2,1,2025-09-14,Turkey,Germany,79.442404,86.773143
1923,1,1,2025-09-14,Finland,Greece,81.967389,79.094039
1923,2,1,2025-09-14,Turkey,Germany,88.532261,93.63314
1924,1,1,2025-09-14,Finland,Greece,106.08571,89.52499
1924,2,1,2025-09-14,Turkey,Germany,96.339598,93.606042
1925,1,1,2025-09-14,Finland,Greece,85.57376,101.37422
1925,2,1,2025-09-14,Turkey,Germany,95.473406,88.873463
1926,1,1,2025-09-14,Finland,Greece,83.353372,84.187301
1926,2,1,2025-09-14,Turkey,Germany,74.803579,84.859983
1927,1,1,2025-09-14,Finland,Greece,76.652103,84.690643
1927,2,1,2025-09-14,Turkey,Germany,106.22359,105.89379
1928,1,1,2025-09-14,Finland,Greece,90.866205,78.851281
1928,2,1,2025-09-14,Turkey,Germany,81.193918,95.308977
1929,1,1,2025-09-14,Finland,Greece,62.871323,91.09548
1929,2,1,2025-09-14,Turkey,Germany,90.716228,100.06696
1930,1,1,2025-09-14,Finland,Greece,97.103695,82.310922
1930,2,1,2025-09-14,Turkey,Germany,79.180822,74.66713
1931,1,1,2025-09-14,Finland,Greece,79.464676,72.903023
1931,2,1,2025-09-14,Turkey,Germany,69.895821,109.36571000000001
1932,1,1,2025-09-14,Finland,Greece,89.485084,88.278893
1932,2,1,2025-09-14,Turkey,Germany,78.402035,85.558229
1933,1,1,2025-09-14,Finland,Greece,102.95039,93.591732
1933,2,1,2025-09-14,Turkey,Germany,89.717509,91.472124
1934,1,1,2025-09-14,Finland,Greece,69.959321,83.232701
1934,2,1,2025-09-14,Turkey,Germany,70.803529,91.155287
1935,1,1,2025-09-14,Finland,Greece,101.19208,102.80561
1935,2,1,2025-09-14,Turkey,Germany,89.631364,88.077458
1936,1,1,2025-09-14,Finland,Greece,111.43461,66.165506
1936,2,1,2025-09-14,Turkey,Germany,76.164889,99.243646
1937,1,1,2025-09-14,Finland,Greece,78.169101,69.418108
1937,2,1,2025-09-14,Turkey,Germany,78.903037,92.274069
1938,1,1,2025-09-14,Finland,Greece,101.56058,77.790351
1938,2,1,2025-09-14,Turkey,Germany,77.129227,89.816479
1939,1,1,2025-09-14,Finland,Greece,97.442996,71.676068
1939,2,1,2025-09-14,Turkey,Germany,83.530828,90.272591
1940,1,1,2025-09-14,Finland,Greece,66.487614,94.344255
1940,2,1,2025-09-14,Turkey,Germany,97.493451,81.136861
1941,1,1,2025-09-14,Finland,Greece,68.436035,79.845262
1941,2,1,2025-09-14,Turkey,Germany,70.511951,86.056875
1942,1,1,2025-09-14,Finland,Greece,79.520363,90.210743
1942,2,1,2025-09-14,Turkey,Germany,83.943214,102.3884
1943,1,1,2025-09-14,Finland,Greece,78.79272,103.91308
1943,2,1,2025-09-14,Turkey,Germany,78.968465,96.175168
1944,1,1,2025-09-14,Finland,Greece,103.53345,76.958563
1944,2,1,2025-09-14,Turkey,Germany,114.62896,97.16037
1945,1,1,2025-09-14,Finland,Greece,85.468177,90.032899
1945,2,1,2025-09-14,Turkey,Germany,109.58176,82.581563
1946,1,1,2025-09-14,Finland,Greece,105.65604,78.49377
1946,2,1,2025-09-14,Turkey,Germany,82.174432,88.483448
1947,1,1,2025-09-14,Finland,Greece,92.426238,84.569614
1947,2,1,2025-09-14,Turkey,Germany,74.164021,104.24587
1948,1,1,2025-09-14,Finland,Greece,83.620284,88.323939
1948,2,1,2025-09-14,Turkey,Germany,65.023197,87.395079
1949,1,1,2025-09-14,Finland,Greece,98.003149,94.737045
1949,2,1,2025-09-14,Turkey,Germany,68.250365,90.235263
1950,1,1,2025-09-14,Finland,Greece,96.146181,77.357161
1950,2,1,2025-09-14,Turkey,Germany,90.543063,108.76212
1951,1,1,2025-09-14,Finland,Greece,86.901348,79.119066
1951,2,1,2025-09-14,Turkey,Germany,96.64449,91.972332
1952,1,1,2025-09-14,Finland,Greece,89.98981,99.835923
1952,2,1,2025-09-14,Turkey,Germany,68.067626,83.249986
1953,1,1,2025-09-14,Finland,Greece,97.953292,97.369009
1953,2,1,2025-09-14,Turkey,Germany,101.6716,94.741793
1954,1,1,2025-09-14,Finland,Greece,124.29437,82.73276
1954,2,1,2025-09-14,Turkey,Germany,86.663363,105.1955
1955,1,1,2025-09-14,Finland,Greece,92.799209,97.170735
1955,2,1,2025-09-14,Turkey,Germany,84.903512,97.135126
1956,1,1,2025-09-14,Finland,Greece,107.09094,94.609139
1956,2,1,2025-09-14,Turkey,Germany,82.239469,103.70232
1957,1,1,2025-09-14,Finland,Greece,80.326038,68.158692
1957,2,1,2025-09-14,Turkey,Germany,87.46096,94.056921
1958,1,1,2025-09-14,Finland,Greece,90.858803,70.541127
1958,2,1,2025-09-14,Turkey,Germany,87.388128,100.14756
1959,1,1,2025-09-14,Finland,Greece,96.770334,75.046416
1959,2,1,2025-09-14,Turkey,Germany,103.25198,116.64724
1960,1,1,2025-09-14,Finland,Greece,73.962921,60.876679
1960,2,1,2025-09-14,Turkey,Germany,75.214053,92.01704
1961,1,1,2025-09-14,Finland,Greece,98.563421,92.278975
1961,2,1,2025-09-14,Turkey,Germany,79.214707,89.538852
1962,1,1,2025-09-14,Finland,Greece,89.261342,95.688658
1962,2,1,2025-09-14,Turkey,Germany,64.176679,101.72762
1963,1,1,2025-09-14,Finland,Greece,91.817377,87.545343
1963,2,1,2025-09-14,Turkey,Germany,98.532608,102.25435
1964,1,1,2025-09-14,Finland,Greece,100.62612,95.880958
1964,2,1,2025-09-14,Turkey,Germany,80.098489,100.32614
1965,1,1,2025-09-14,Finland,Greece,88.682729,73.840231
1965,2,1,2025-09-14,Turkey,Germany,102.57198,68.814005
1966,1,1,2025-09-14,Finland,Greece,89.621969000000007,78.177797
1966,2,1,2025-09-14,Turkey,Germany,83.575901,94.198647
1967,1,1,2025-09-14,Finland,Greece,101.71987,76.041814
1967,2,1,2025-09-14,Turkey,Germany,84.286788,94.992392
1968,1,1,2025-09-14,Finland,Greece,99.352975,73.972
1968,2,1,2025-09-14,Turkey,Germany,85.267036,100.27851
1969,1,1,2025-09-14,Finland,Greece,91.966143,81.058355
1969,2,1,2025-09-14,Turkey,Germany,75.707243,80.107214
1970,1,1,2025-09-14,Finland,Greece,104.08071,77.980885
1970,2,1,2025-09-14,Turkey,Germany,76.030283,92.855557
1971,1,1,2025-09-14,Finland,Greece,87.777149,89.826728
1971,2,1,2025-09-14,Turkey,Germany,121.08478,136.56766
1972,1,1,2025-09-14,Finland,Greece,120.73036,74.407065
1972,2,1,2025-09-14,Turkey,Germany,90.536385,94.7877
1973,1,1,2025-09-14,Finland,Greece,88.428287,70.688388
1973,2,1,2025-09-14,Turkey,Germany,86.282412,89.76056
1974,1,1,2025-09-14,Finland,Greece,88.77574,82.24761
1974,2,1,2025-09-14,Turkey,Germany,92.336538,101.14012
1975,1,1,2025-09-14,Finland,Greece,77.145496,66.310007
1975,2,1,2025-09-14,Turkey,Germany,79.500062,106.28229
1976,1,1,2025-09-14,Finland,Greece,79.257893,86.138237
1976,2,1,2025-09-14,Turkey,Germany,80.204983,80.874224
1977,1,1,2025-09-14,Finland,Greece,107.22017,59.354454
1977,2,1,2025-09-14,Turkey,Germany,95.845273,95.283034
1978,1,1,2025-09-14,Finland,Greece,108.73832,84.677572
1978,2,1,2025-09-14,Turkey,Germany,85.444116,87.640297
1979,1,1,2025-09-14,Finland,Greece,99.352312,84.001343
1979,2,1,2025-09-14,Turkey,Germany,90.833415,112.14382
1980,1,1,2025-09-14,Finland,Greece,113.32408,83.166191
1980,2,1,2025-09-14,Turkey,Germany,84.76448,83.414277
1981,1,1,2025-09-14,Finland,Greece,122.55106,84.704899
1981,2,1,2025-09-14,Turkey,Germany,78.908525,96.342017
1982,1,1,2025-09-14,Finland,Greece,89.377713,93.900892
1982,2,1,2025-09-14,Turkey,Germany,81.602889,87.638676
1983,1,1,2025-09-14,Finland,Greece,111.58616,88.280297
1983,2,1,2025-09-14,Turkey,Germany,82.459624,86.98315
1984,1,1,2025-09-14,Finland,Greece,103.71228,83.747641
1984,2,1,2025-09-14,Turkey,Germany,55.21759,91.292364
1985,1,1,2025-09-14,Finland,Greece,82.570517,86.066705
1985,2,1,2025-09-14,Turkey,Germany,80.69468,71.096301
1986,1,1,2025-09-14,Finland,Greece,110.79984,75.430981
1986,2,1,2025-09-14,Turkey,Germany,76.052347,101.38718
1987,1,1,2025-09-14,Finland,Greece,101.87203,80.094065
1987,2,1,2025-09-14,Turkey,Germany,79.205096,80.162301
1988,1,1,2025-09-14,Finland,Greece,78.257781,52.677566
1988,2,1,2025-09-14,Turkey,Germany,86.475964,75.279823
1989,1,1,2025-09-14,Finland,Greece,100.40571,77.707879
1989,2,1,2025-09-14,Turkey,Germany,77.944911,96.997799
1990,1,1,2025-09-14,Finland,Greece,94.742848,81.211279
1990,2,1,2025-09-14,Turkey,Germany,87.036914,106.09265
1991,1,1,2025-09-14,Finland,Greece,83.185742,77.971058
1991,2,1,2025-09-14,Turkey,Germany,85.867409,95.486961
1992,1,1,2025-09-14,Finland,Greece,101.10725,71.974823
1992,2,1,2025-09-14,Turkey,Germany,95.882231,108.5514
1993,1,1,2025-09-14,Finland,Greece,117.04056,94.292813
1993,2,1,2025-09-14,Turkey,Germany,67.49567,96.374686
1994,1,1,2025-09-14,Finland,Greece,89.12438,82.875122
1994,2,1,2025-09-14,Turkey,Germany,60.774713,95.320038
1995,1,1,2025-09-14,Finland,Greece,100.41611,84.497236
1995,2,1,2025-09-14,Turkey,Germany,80.806907,81.791151
1996,1,1,2025-09-14,Finland,Greece,83.457243,81.097559
1996,2,1,2025-09-14,Turkey,Germany,107.41563,89.306678
1997,1,1,2025-09-14,Finland,Greece,110.76055,81.918619
1997,2,1,2025-09-14,Turkey,Germany,79.362875,96.199362
1998,1,1,2025-09-14,Finland,Greece,103.08456,83.660016
1998,2,1,2025-09-14,Turkey,Germany,78.978842,83.02106
1999,1,1,2025-09-14,Finland,Greece,102.86344,96.382063
1999,2,1,2025-09-14,Turkey,Germany,85.770461,96.238843
2000,1,1,2025-09-14,Finland,Greece,65.075385,83.820247
2000,2,1,2025-09-14,Turkey,Germany,90.316914,95.956549
2001,1,1,2025-09-14,Finland,Greece,86.872648,80.20559
2001,2,1,2025-09-14,Turkey,Germany,64.27095,102.57038
2002,1,1,2025-09-14,Finland,Greece,82.707807,67.107996
2002,2,1,2025-09-14,Turkey,Germany,71.486919,89.486518
2003,1,1,2025-09-14,Finland,Greece,89.525661,86.409171
2003,2,1,2025-09-14,Turkey,Germany,70.437664,96.751448
2004,1,1,2025-09-14,Finland,Greece,115.56009,81.304088
2004,2,1,2025-09-14,Turkey,Germany,93.515811,121.65048
2005,1,1,2025-09-14,Finland,Greece,75.556028,57.888835
2005,2,1,2025-09-14,Turkey,Germany,85.531477,90.557066
2006,1,1,2025-09-14,Finland,Greece,101.09828,96.689639
2006,2,1,2025-09-14,Turkey,Germany,76.530926,82.805554
2007,1,1,2025-09-14,Finland,Greece,88.43689,73.404621
2007,2,1,2025-09-14,Turkey,Germany,60.8386,84.947093
2008,1,1,2025-09-14,Finland,Greece,86.526312,88.919117
2008,2,1,2025-09-14,Turkey,Germany,106.38062,101.01449
2009,1,1,2025-09-14,Finland,Greece,101.26599,85.41386
2009,2,1,2025-09-14,Turkey,Germany,78.772093,91.809454
2010,1,1,2025-09-14,Finland,Greece,108.83312,72.634758
2010,2,1,2025-09-14,Turkey,Germany,96.56238,81.542711
2011,1,1,2025-09-14,Finland,Greece,98.121556,76.19022
2011,2,1,2025-09-14,Turkey,Germany,76.687973,79.868964
2012,1,1,2025-09-14,Finland,Greece,85.409276,96.518228
2012,2,1,2025-09-14,Turkey,Germany,91.213233,100.27466
2013,1,1,2025-09-14,Finland,Greece,82.711347,74.518102
2013,2,1,2025-09-14,Turkey,Germany,78.593322,98.400517
2014,1,1,2025-09-14,Finland,Greece,99.899724,68.633793
2014,2,1,2025-09-14,Turkey,Germany,87.456466,98.881655
2015,1,1,2025-09-14,Finland,Greece,81.617689,75.113722
2015,2,1,2025-09-14,Turkey,Germany,89.610915,108.34788
2016,1,1,2025-09-14,Finland,Greece,78.928097,82.98697
2016,2,1,2025-09-14,Turkey,Germany,74.466441,110.99089
2017,1,1,2025-09-14,Finland,Greece,78.386412000000007,72.17769
2017,2,1,2025-09-14,Turkey,Germany,85.803689,89.825366
2018,1,1,2025-09-14,Finland,Greece,87.065279,81.680828
2018,2,1,2025-09-14,Turkey,Germany,106.67939,120.18468
2019,1,1,2025-09-14,Finland,Greece,95.356044,76.44144
2019,2,1,2025-09-14,Turkey,Germany,109.18973,97.343223
2020,1,1,2025-09-14,Finland,Greece,83.305305,70.796659
2020,2,1,2025-09-14,Turkey,Germany,99.561703,94.338576
2021,1,1,2025-09-14,Finland,Greece,85.341001,78.180425
2021,2,1,2025-09-14,Turkey,Germany,84.387983,92.096704
2022,1,1,2025-09-14,Finland,Greece,82.253749,83.6266
2022,2,1,2025-09-14,Turkey,Germany,81.175529,96.699393
2023,1,1,2025-09-14,Finland,Greece,116.26886,75.8663
2023,2,1,2025-09-14,Turkey,Germany,81.310733,113.541
2024,1,1,2025-09-14,Finland,Greece,99.111001,62.926838
2024,2,1,2025-09-14,Turkey,Germany,81.400142,89.792405
2025,1,1,2025-09-14,Finland,Greece,96.633521,86.927876
2025,2,1,2025-09-14,Turkey,Germany,103.45879,80.319343
2026,1,1,2025-09-14,Finland,Greece,97.314014,63.400108
2026,2,1,2025-09-14,Turkey,Germany,84.102548,87.937195
2027,1,1,2025-09-14,Finland,Greece,97.133852,66.573165
2027,2,1,2025-09-14,Turkey,Germany,82.812463,103.43451
2028,1,1,2025-09-14,Finland,Greece,83.744771,89.10889
2028,2,1,2025-09-14,Turkey,Germany,91.29704,103.51352
2029,1,1,2025-09-14,Finland,Greece,95.530869,84.199001
2029,2,1,2025-09-14,Turkey,Germany,92.215966,102.93076
2030,1,1,2025-09-14,Finland,Greece,82.660788,82.598466
2030,2,1,2025-09-14,Turkey,Germany,95.662628,110.62952
2031,1,1,2025-09-14,Finland,Greece,101.1805,95.128729
2031,2,1,2025-09-14,Turkey,Germany,94.391814,106.56822
2032,1,1,2025-09-14,Finland,Greece,106.61456,82.309232
2032,2,1,2025-09-14,Turkey,Germany,80.845585,106.2875
2033,1,1,2025-09-14,Finland,Greece,85.496344,74.742077
2033,2,1,2025-09-14,Turkey,Germany,71.120317,98.168419
2034,1,1,2025-09-14,Finland,Greece,84.838331,79.84616
2034,2,1,2025-09-14,Turkey,Germany,75.176803,103.22632
2035,1,1,2025-09-14,Finland,Greece,91.183987,74.115743
2035,2,1,2025-09-14,Turkey,Germany,57.542956,100.03837
2036,1,1,2025-09-14,Finland,Greece,83.771183,84.001618
2036,2,1,2025-09-14,Turkey,Germany,101.18119,103.25309
2037,1,1,2025-09-14,Finland,Greece,86.91482,77.936591
2037,2,1,2025-09-14,Turkey,Germany,89.22565,98.360046
2038,1,1,2025-09-14,Finland,Greece,92.000861,72.500853
2038,2,1,2025-09-14,Turkey,Germany,73.063523,73.771699
2039,1,1,2025-09-14,Finland,Greece,112.6116,85.73043
2039,2,1,2025-09-14,Turkey,Germany,82.73349,83.364491
2040,1,1,2025-09-14,Finland,Greece,84.856828,71.901833
2040,2,1,2025-09-14,Turkey,Germany,79.541084,74.260884
2041,1,1,2025-09-14,Finland,Greece,112.81397,80.231685
2041,2,1,2025-09-14,Turkey,Germany,94.95617,94.749443
2042,1,1,2025-09-14,Finland,Greece,90.656558,95.561488
2042,2,1,2025-09-14,Turkey,Germany,74.944371,94.040771
2043,1,1,2025-09-14,Finland,Greece,98.729885,81.551378
2043,2,1,2025-09-14,Turkey,Germany,29.661396,103.61826
2044,1,1,2025-09-14,Finland,Greece,96.644769,83.600734
2044,2,1,2025-09-14,Turkey,Germany,91.901857,98.102059
2045,1,1,2025-09-14,Finland,Greece,79.674524,70.82162
2045,2,1,2025-09-14,Turkey,Germany,75.316017,58.415321
2046,1,1,2025-09-14,Finland,Greece,82.559842,84.701784
2046,2,1,2025-09-14,Turkey,Germany,99.436913,92.605308
2047,1,1,2025-09-14,Finland,Greece,95.31639,72.122785
2047,2,1,2025-09-14,Turkey,Germany,80.820385,95.548697
2048,1,1,2025-09-14,Finland,Greece,115.62505,91.84098
2048,2,1,2025-09-14,Turkey,Germany,71.81476,95.174766
2049,1,1,2025-09-14,Finland,Greece,105.0867,90.515027
2049,2,1,2025-09-14,Turkey,Germany,73.967906,92.051956
2050,1,1,2025-09-14,Finland,Greece,88.487055,77.755671
2050,2,1,2025-09-14,Turkey,Germany,80.405337,94.420067
2051,1,1,2025-09-14,Finland,Greece,89.111076,92.413057
2051,2,1,2025-09-14,Turkey,Germany,94.673169,98.379147
2052,1,1,2025-09-14,Finland,Greece,72.891314,78.526625
2052,2,1,2025-09-14,Turkey,Germany,84.309414,93.785839
2053,1,1,2025-09-14,Finland,Greece,84.663847,60.375789
2053,2,1,2025-09-14,Turkey,Germany,56.414277,84.689857
2054,1,1,2025-09-14,Finland,Greece,96.267111,99.454855
2054,2,1,2025-09-14,Turkey,Germany,83.058214,94.776548
2055,1,1,2025-09-14,Finland,Greece,80.955222,82.930163
2055,2,1,2025-09-14,Turkey,Germany,81.77426,117.1484
2056,1,1,2025-09-14,Finland,Greece,98.21586,81.32627
2056,2,1,2025-09-14,Turkey,Germany,65.437114,78.599999
2057,1,1,2025-09-14,Finland,Greece,79.598636,75.402269
2057,2,1,2025-09-14,Turkey,Germany,86.348895,99.519791
2058,1,1,2025-09-14,Finland,Greece,108.9099,88.33635
2058,2,1,2025-09-14,Turkey,Germany,75.399313,85.857124
2059,1,1,2025-09-14,Finland,Greece,98.594467,86.036953
2059,2,1,2025-09-14,Turkey,Germany,79.7488,93.082707
2060,1,1,2025-09-14,Finland,Greece,81.55526,65.505862
2060,2,1,2025-09-14,Turkey,Germany,85.812747,91.413305
2061,1,1,2025-09-14,Finland,Greece,72.925886,68.857799
2061,2,1,2025-09-14,Turkey,Germany,92.045361,88.712369
2062,1,1,2025-09-14,Finland,Greece,101.83988,88.617825
2062,2,1,2025-09-14,Turkey,Germany,77.47144,93.195924
2063,1,1,2025-09-14,Finland,Greece,93.823611,70.579517
2063,2,1,2025-09-14,Turkey,Germany,93.71045,100.3571
2064,1,1,2025-09-14,Finland,Greece,89.314831,91.238461
2064,2,1,2025-09-14,Turkey,Germany,60.001894,94.903589
2065,1,1,2025-09-14,Finland,Greece,95.653022000000007,99.145878
2065,2,1,2025-09-14,Turkey,Germany,88.336142,91.804938
2066,1,1,2025-09-14,Finland,Greece,105.39988,95.691753
2066,2,1,2025-09-14,Turkey,Germany,78.346373,101.67034
2067,1,1,2025-09-14,Finland,Greece,95.180108,86.059827
2067,2,1,2025-09-14,Turkey,Germany,82.166686,69.289816
2068,1,1,2025-09-14,Finland,Greece,95.924175,83.196016
2068,2,1,2025-09-14,Turkey,Germany,54.831599,89.39014
2069,1,1,2025-09-14,Finland,Greece,88.264301,80.07962
2069,2,1,2025-09-14,Turkey,Germany,94.861778,104.36573
2070,1,1,2025-09-14,Finland,Greece,119.115,89.920953
2070,2,1,2025-09-14,Turkey,Germany,83.058891,108.49265
2071,1,1,2025-09-14,Finland,Greece,87.478867,56.11247
2071,2,1,2025-09-14,Turkey,Germany,84.381258,74.242063
2072,1,1,2025-09-14,Finland,Greece,87.66706,90.031271
2072,2,1,2025-09-14,Turkey,Germany,82.96941,106.83348
2073,1,1,2025-09-14,Finland,Greece,90.265172,83.477242
2073,2,1,2025-09-14,Turkey,Germany,76.151013,103.77664
2074,1,1,2025-09-14,Finland,Greece,103.55756,77.591772
2074,2,1,2025-09-14,Turkey,Germany,96.186772,96.411566
2075,1,1,2025-09-14,Finland,Greece,82.767785,73.502247
2075,2,1,2025-09-14,Turkey,Germany,91.519799,98.419422
2076,1,1,2025-09-14,Finland,Greece,93.540222,77.686304
2076,2,1,2025-09-14,Turkey,Germany,70.95075,102.21287
2077,1,1,2025-09-14,Finland,Greece,99.447867,113.03498
2077,2,1,2025-09-14,Turkey,Germany,104.55578,97.042683
2078,1,1,2025-09-14,Finland,Greece,97.875224,77.90487
2078,2,1,2025-09-14,Turkey,Germany,93.426017,92.192897
2079,1,1,2025-09-14,Finland,Greece,113.16801,111.04887
2079,2,1,2025-09-14,Turkey,Germany,70.439603,101.05196
2080,1,1,2025-09-14,Finland,Greece,92.608302,94.840791
2080,2,1,2025-09-14,Turkey,Germany,80.295198,86.202547
2081,1,1,2025-09-14,Finland,Greece,88.252885,74.549219
2081,2,1,2025-09-14,Turkey,Germany,68.500426,105.68817
2082,1,1,2025-09-14,Finland,Greece,97.742089000000007,82.631406
2082,2,1,2025-09-14,Turkey,Germany,79.74984,91.535007
2083,1,1,2025-09-14,Finland,Greece,73.896874,85.231201
2083,2,1,2025-09-14,Turkey,Germany,76.485511,95.086939
2084,1,1,2025-09-14,Finland,Greece,108.77982,84.118973
2084,2,1,2025-09-14,Turkey,Germany,75.711865,88.82752
2085,1,1,2025-09-14,Finland,Greece,78.014722,98.460362
2085,2,1,2025-09-14,Turkey,Germany,87.454646,93.787793
2086,1,1,2025-09-14,Finland,Greece,91.283956,86.671309
2086,2,1,2025-09-14,Turkey,Germany,91.966019,95.922927
2087,1,1,2025-09-14,Finland,Greece,100.27522,69.43998
2087,2,1,2025-09-14,Turkey,Germany,101.59782,84.701604
2088,1,1,2025-09-14,Finland,Greece,90.296977,89.434032
2088,2,1,2025-09-14,Turkey,Germany,64.742047,74.714874
2089,1,1,2025-09-14,Finland,Greece,112.11933,79.671418
2089,2,1,2025-09-14,Turkey,Germany,79.445014,93.248227
2090,1,1,2025-09-14,Finland,Greece,94.102439,86.060765
2090,2,1,2025-09-14,Turkey,Germany,75.610487,95.444211
2091,1,1,2025-09-14,Finland,Greece,58.278818,65.492614
2091,2,1,2025-09-14,Turkey,Germany,94.660129,90.599149
2092,1,1,2025-09-14,Finland,Greece,82.667439,88.892798
2092,2,1,2025-09-14,Turkey,Germany,72.794156,93.825365
2093,1,1,2025-09-14,Finland,Greece,97.611777,72.945215
2093,2,1,2025-09-14,Turkey,Germany,84.365166,88.577108
2094,1,1,2025-09-14,Finland,Greece,85.106222,72.065978
2094,2,1,2025-09-14,Turkey,Germany,73.13813,97.998422
2095,1,1,2025-09-14,Finland,Greece,93.885823,77.89945
2095,2,1,2025-09-14,Turkey,Germany,75.024419,67.24959
2096,1,1,2025-09-14,Finland,Greece,84.358318,96.845274
2096,2,1,2025-09-14,Turkey,Germany,90.290301,100.33296
2097,1,1,2025-09-14,Finland,Greece,96.702895,83.571704
2097,2,1,2025-09-14,Turkey,Germany,61.775162,100.47836
2098,1,1,2025-09-14,Finland,Greece,96.02935,87.899899
2098,2,1,2025-09-14,Turkey,Germany,71.89145,75.757574
2099,1,1,2025-09-14,Finland,Greece,109.03379,88.701747
2099,2,1,2025-09-14,Turkey,Germany,91.101213,99.888099
2100,1,1,2025-09-14,Finland,Greece,90.923217,79.634542
2100,2,1,2025-09-14,Turkey,Germany,77.634061,111.7207
2101,1,1,2025-09-14,Finland,Greece,117.37506,98.470031
2101,2,1,2025-09-14,Turkey,Germany,78.434264,95.70459
2102,1,1,2025-09-14,Finland,Greece,103.34335,99.105181
2102,2,1,2025-09-14,Turkey,Germany,68.742898,81.498875
2103,1,1,2025-09-14,Finland,Greece,84.234321,97.583742
2103,2,1,2025-09-14,Turkey,Germany,100.55393,83.600376
2104,1,1,2025-09-14,Finland,Greece,97.678924,77.518948
2104,2,1,2025-09-14,Turkey,Germany,106.35747,93.65554
2105,1,1,2025-09-14,Finland,Greece,98.401661,66.408083
2105,2,1,2025-09-14,Turkey,Germany,73.057586,89.984164
2106,1,1,2025-09-14,Finland,Greece,78.800867,81.258696
2106,2,1,2025-09-14,Turkey,Germany,82.400929,101.91427
2107,1,1,2025-09-14,Finland,Greece,85.001683,72.619559
2107,2,1,2025-09-14,Turkey,Germany,74.178085,96.106097
2108,1,1,2025-09-14,Finland,Greece,86.438455,68.159357
2108,2,1,2025-09-14,Turkey,Germany,77.232611,74.648148
2109,1,1,2025-09-14,Finland,Greece,101.29427,86.118186
2109,2,1,2025-09-14,Turkey,Germany,58.197764,83.788795
2110,1,1,2025-09-14,Finland,Greece,99.065699,64.979098
2110,2,1,2025-09-14,Turkey,Germany,73.673148,110.48907
2111,1,1,2025-09-14,Finland,Greece,79.315536,95.511705
2111,2,1,2025-09-14,Turkey,Germany,68.476965,74.191148
2112,1,1,2025-09-14,Finland,Greece,95.045475,65.872781
2112,2,1,2025-09-14,Turkey,Germany,112.35484,92.513347
2113,1,1,2025-09-14,Finland,Greece,82.007646,86.740155
2113,2,1,2025-09-14,Turkey,Germany,86.557102,94.107478
2114,1,1,2025-09-14,Finland,Greece,99.48958,93.114521
2114,2,1,2025-09-14,Turkey,Germany,71.833685,87.827271
2115,1,1,2025-09-14,Finland,Greece,75.836414,77.828547
2115,2,1,2025-09-14,Turkey,Germany,94.242865,92.166627
2116,1,1,2025-09-14,Finland,Greece,109.07172,72.073756
2116,2,1,2025-09-14,Turkey,Germany,86.429476,87.857836
2117,1,1,2025-09-14,Finland,Greece,75.686891,61.933698
2117,2,1,2025-09-14,Turkey,Germany,78.697569,84.23458
2118,1,1,2025-09-14,Finland,Greece,93.496627,93.010147
2118,2,1,2025-09-14,Turkey,Germany,103.56394,114.28189
2119,1,1,2025-09-14,Finland,Greece,101.26042,103.77968
2119,2,1,2025-09-14,Turkey,Germany,69.264288,95.867042
2120,1,1,2025-09-14,Finland,Greece,116.24784,98.910441
2120,2,1,2025-09-14,Turkey,Germany,77.36719,79.994453
2121,1,1,2025-09-14,Finland,Greece,80.199143,57.949053
2121,2,1,2025-09-14,Turkey,Germany,85.856498,94.855554
2122,1,1,2025-09-14,Finland,Greece,98.219666,91.766738
2122,2,1,2025-09-14,Turkey,Germany,82.430459,110.92041
2123,1,1,2025-09-14,Finland,Greece,88.669776,88.350764
2123,2,1,2025-09-14,Turkey,Germany,74.617055,107.06821
2124,1,1,2025-09-14,Finland,Greece,108.873,100.43531
2124,2,1,2025-09-14,Turkey,Germany,74.421597,89.216364
2125,1,1,2025-09-14,Finland,Greece,79.762124,84.457687
2125,2,1,2025-09-14,Turkey,Germany,73.502216,94.095261
2126,1,1,2025-09-14,Finland,Greece,88.13219,77.53741
2126,2,1,2025-09-14,Turkey,Germany,76.29998,105.70737
2127,1,1,2025-09-14,Finland,Greece,106.11147,103.14138
2127,2,1,2025-09-14,Turkey,Germany,87.886463,100.24796
2128,1,1,2025-09-14,Finland,Greece,87.170914,65.037507
2128,2,1,2025-09-14,Turkey,Germany,91.536038,72.758908
2129,1,1,2025-09-14,Finland,Greece,90.138531,72.807202
2129,2,1,2025-09-14,Turkey,Germany,73.788515,106.90446
2130,1,1,2025-09-14,Finland,Greece,110.00643,90.751508
2130,2,1,2025-09-14,Turkey,Germany,71.517595,105.39508
2131,1,1,2025-09-14,Finland,Greece,97.490621,66.748874
2131,2,1,2025-09-14,Turkey,Germany,76.241749,102.11766
2132,1,1,2025-09-14,Finland,Greece,94.907674,86.575853
2132,2,1,2025-09-14,Turkey,Germany,74.926975,87.78236
2133,1,1,2025-09-14,Finland,Greece,76.228302,84.933968
2133,2,1,2025-09-14,Turkey,Germany,94.494738,116.23285
2134,1,1,2025-09-14,Finland,Greece,101.60384,81.812623
2134,2,1,2025-09-14,Turkey,Germany,86.671176,98.41737
2135,1,1,2025-09-14,Finland,Greece,94.088271,71.434862
2135,2,1,2025-09-14,Turkey,Germany,68.129081,91.893226
2136,1,1,2025-09-14,Finland,Greece,109.5106,79.098809
2136,2,1,2025-09-14,Turkey,Germany,65.195458,103.4359
2137,1,1,2025-09-14,Finland,Greece,92.622975,78.547156
2137,2,1,2025-09-14,Turkey,Germany,93.493594,88.921242
2138,1,1,2025-09-14,Finland,Greece,73.609572,88.013799
2138,2,1,2025-09-14,Turkey,Germany,85.156802,79.993687
2139,1,1,2025-09-14,Finland,Greece,98.599272,83.455763
2139,2,1,2025-09-14,Turkey,Germany,77.884219,104.29933
2140,1,1,2025-09-14,Finland,Greece,86.724494000000007,81.464127
2140,2,1,2025-09-14,Turkey,Germany,73.927702,89.682405
2141,1,1,2025-09-14,Finland,Greece,90.627435,61.989054
2141,2,1,2025-09-14,Turkey,Germany,78.127715,109.21074
2142,1,1,2025-09-14,Finland,Greece,81.368983,83.793939
2142,2,1,2025-09-14,Turkey,Germany,80.322913,76.635036
2143,1,1,2025-09-14,Finland,Greece,79.621047,86.606728
2143,2,1,2025-09-14,Turkey,Germany,105.41235,112.26405
2144,1,1,2025-09-14,Finland,Greece,99.405123,80.934814
2144,2,1,2025-09-14,Turkey,Germany,71.268524,79.674384
2145,1,1,2025-09-14,Finland,Greece,78.484634,93.118323
2145,2,1,2025-09-14,Turkey,Germany,84.973921,94.576833
2146,1,1,2025-09-14,Finland,Greece,102.52823,97.238639
2146,2,1,2025-09-14,Turkey,Germany,93.300577,72.448948
2147,1,1,2025-09-14,Finland,Greece,77.509854,79.200029
2147,2,1,2025-09-14,Turkey,Germany,72.823427,91.719521
2148,1,1,2025-09-14,Finland,Greece,85.929006,79.816805
2148,2,1,2025-09-14,Turkey,Germany,84.770169,85.839958
2149,1,1,2025-09-14,Finland,Greece,100.65601,109.27512
2149,2,1,2025-09-14,Turkey,Germany,71.406878,91.288042
2150,1,1,2025-09-14,Finland,Greece,111.86974,89.712351
2150,2,1,2025-09-14,Turkey,Germany,101.86222,101.73693
2151,1,1,2025-09-14,Finland,Greece,108.17077,82.942487
2151,2,1,2025-09-14,Turkey,Germany,89.756608,95.281584
2152,1,1,2025-09-14,Finland,Greece,96.303611,62.523902
2152,2,1,2025-09-14,Turkey,Germany,90.820269,98.221225
2153,1,1,2025-09-14,Finland,Greece,95.149355,97.828535
2153,2,1,2025-09-14,Turkey,Germany,93.814416,81.816683
2154,1,1,2025-09-14,Finland,Greece,87.091379,87.645922
2154,2,1,2025-09-14,Turkey,Germany,70.624153,94.450301
2155,1,1,2025-09-14,Finland,Greece,105.20403,83.965491
2155,2,1,2025-09-14,Turkey,Germany,78.209592,103.40949
2156,1,1,2025-09-14,Finland,Greece,91.580219,85.99099
2156,2,1,2025-09-14,Turkey,Germany,86.49464,85.013168
2157,1,1,2025-09-14,Finland,Greece,87.14323,72.769879
2157,2,1,2025-09-14,Turkey,Germany,76.869846,97.583803
2158,1,1,2025-09-14,Finland,Greece,71.425467,76.039822
2158,2,1,2025-09-14,Turkey,Germany,82.755537,95.695969
2159,1,1,2025-09-14,Finland,Greece,82.783084,65.031091
2159,2,1,2025-09-14,Turkey,Germany,105.0668,92.50251
2160,1,1,2025-09-14,Finland,Greece,116.17748,78.096845
2160,2,1,2025-09-14,Turkey,Germany,68.943092,90.078286
2161,1,1,2025-09-14,Finland,Greece,82.244122,69.195367
2161,2,1,2025-09-14,Turkey,Germany,80.52264,117.0891
2162,1,1,2025-09-14,Finland,Greece,89.960935,100.22587
2162,2,1,2025-09-14,Turkey,Germany,80.251854,91.082193
2163,1,1,2025-09-14,Finland,Greece,83.090514,76.218764
2163,2,1,2025-09-14,Turkey,Germany,71.89299,100.14683
2164,1,1,2025-09-14,Finland,Greece,117.6408,78.078786
2164,2,1,2025-09-14,Turkey,Germany,76.533317,84.539758
2165,1,1,2025-09-14,Finland,Greece,95.41992,85.29514
2165,2,1,2025-09-14,Turkey,Germany,82.325858,101.76154
2166,1,1,2025-09-14,Finland,Greece,98.394065,91.157117
2166,2,1,2025-09-14,Turkey,Germany,86.140113,83.738232
2167,1,1,2025-09-14,Finland,Greece,102.45793,83.211084
2167,2,1,2025-09-14,Turkey,Germany,59.879045,85.405536
2168,1,1,2025-09-14,Finland,Greece,86.663963,94.141269
2168,2,1,2025-09-14,Turkey,Germany,102.62729,105.31913
2169,1,1,2025-09-14,Finland,Greece,100.46914,69.061933
2169,2,1,2025-09-14,Turkey,Germany,77.372478,113.57681
2170,1,1,2025-09-14,Finland,Greece,86.904329,82.634849
2170,2,1,2025-09-14,Turkey,Germany,90.034133,126.1656
2171,1,1,2025-09-14,Finland,Greece,104.32843,81.790224
2171,2,1,2025-09-14,Turkey,Germany,96.549729,67.64044
2172,1,1,2025-09-14,Finland,Greece,93.778114,98.170732
2172,2,1,2025-09-14,Turkey,Germany,81.133587,97.624275
2173,1,1,2025-09-14,Finland,Greece,94.942491,90.750533
2173,2,1,2025-09-14,Turkey,Germany,76.015006,89.022397
2174,1,1,2025-09-14,Finland,Greece,69.328755,50.448987
2174,2,1,2025-09-14,Turkey,Germany,56.13795,79.853038
2175,1,1,2025-09-14,Finland,Greece,84.706099,78.64835
2175,2,1,2025-09-14,Turkey,Germany,72.149301,84.844338
2176,1,1,2025-09-14,Finland,Greece,95.756422,61.187222
2176,2,1,2025-09-14,Turkey,Germany,94.420004,97.763187
2177,1,1,2025-09-14,Finland,Greece,90.955912,78.217735
2177,2,1,2025-09-14,Turkey,Germany,73.162369,89.673506
2178,1,1,2025-09-14,Finland,Greece,98.823427,91.709925
2178,2,1,2025-09-14,Turkey,Germany,87.658631,106.25463
2179,1,1,2025-09-14,Finland,Greece,91.029036,84.545167
2179,2,1,2025-09-14,Turkey,Germany,85.760032,102.30918
2180,1,1,2025-09-14,Finland,Greece,84.184809,75.792396
2180,2,1,2025-09-14,Turkey,Germany,83.724355,86.734767
2181,1,1,2025-09-14,Finland,Greece,78.833347,67.961522
2181,2,1,2025-09-14,Turkey,Germany,70.282276,81.378871
2182,1,1,2025-09-14,Finland,Greece,84.540014,80.438246
2182,2,1,2025-09-14,Turkey,Germany,73.528959,89.923474
2183,1,1,2025-09-14,Finland,Greece,87.75129,80.731649
2183,2,1,2025-09-14,Turkey,Germany,76.36867,86.993155
2184,1,1,2025-09-14,Finland,Greece,100.59787,75.480953
2184,2,1,2025-09-14,Turkey,Germany,79.981959,87.495921
2185,1,1,2025-09-14,Finland,Greece,84.735482,80.412502
2185,2,1,2025-09-14,Turkey,Germany,88.806227,91.205164
2186,1,1,2025-09-14,Finland,Greece,85.599524,64.463923
2186,2,1,2025-09-14,Turkey,Germany,78.223243,96.948309
2187,1,1,2025-09-14,Finland,Greece,83.470284,82.68038
2187,2,1,2025-09-14,Turkey,Germany,82.947354,78.926434
2188,1,1,2025-09-14,Finland,Greece,98.762988000000007,103.24621
2188,2,1,2025-09-14,Turkey,Germany,66.126405,93.20677
2189,1,1,2025-09-14,Finland,Greece,113.80733,74.222947
2189,2,1,2025-09-14,Turkey,Germany,104.77278,81.518738
2190,1,1,2025-09-14,Finland,Greece,87.397499,88.486276
2190,2,1,2025-09-14,Turkey,Germany,89.023879,85.993116
2191,1,1,2025-09-14,Finland,Greece,90.886066,81.588462
2191,2,1,2025-09-14,Turkey,Germany,86.341423,86.733074
2192,1,1,2025-09-14,Finland,Greece,79.860222,83.526226
2192,2,1,2025-09-14,Turkey,Germany,88.259123,87.905493
2193,1,1,2025-09-14,Finland,Greece,103.56641,87.758353
2193,2,1,2025-09-14,Turkey,Germany,94.969542,93.041179
2194,1,1,2025-09-14,Finland,Greece,95.733298,83.313856
2194,2,1,2025-09-14,Turkey,Germany,88.38011,113.39227
2195,1,1,2025-09-14,Finland,Greece,98.493926,92.483493
2195,2,1,2025-09-14,Turkey,Germany,74.743274,92.208769
2196,1,1,2025-09-14,Finland,Greece,100.52108,82.793343
2196,2,1,2025-09-14,Turkey,Germany,98.205498,80.583065
2197,1,1,2025-09-14,Finland,Greece,102.71261,64.807142
2197,2,1,2025-09-14,Turkey,Germany,83.031993,85.577236
2198,1,1,2025-09-14,Finland,Greece,75.096817,73.861012
2198,2,1,2025-09-14,Turkey,Germany,77.556392,92.845672
2199,1,1,2025-09-14,Finland,Greece,104.18686,87.691547
2199,2,1,2025-09-14,Turkey,Germany,77.60819,104.1173
2200,1,1,2025-09-14,Finland,Greece,82.113768,76.501991
2200,2,1,2025-09-14,Turkey,Germany,86.092523,106.14929
2201,1,1,2025-09-14,Finland,Greece,85.847542,75.559415
2201,2,1,2025-09-14,Turkey,Germany,91.299584,89.973538
2202,1,1,2025-09-14,Finland,Greece,87.850327,76.180128
2202,2,1,2025-09-14,Turkey,Germany,99.984268,94.698733
2203,1,1,2025-09-14,Finland,Greece,93.688168,59.632012
2203,2,1,2025-09-14,Turkey,Germany,89.942647,96.069816
2204,1,1,2025-09-14,Finland,Greece,113.57419,101.3765
2204,2,1,2025-09-14,Turkey,Germany,86.313107,80.489389
2205,1,1,2025-09-14,Finland,Greece,96.074442,76.629266
2205,2,1,2025-09-14,Turkey,Germany,79.932924,110.36844
2206,1,1,2025-09-14,Finland,Greece,103.49755,89.01958
2206,2,1,2025-09-14,Turkey,Germany,76.764809,83.130939
2207,1,1,2025-09-14,Finland,Greece,119.42441,95.195196
2207,2,1,2025-09-14,Turkey,Germany,46.200697,104.82249
2208,1,1,2025-09-14,Finland,Greece,98.908424,69.437436
2208,2,1,2025-09-14,Turkey,Germany,112.23219,83.039666
2209,1,1,2025-09-14,Finland,Greece,92.235805,57.872315
2209,2,1,2025-09-14,Turkey,Germany,96.661754,112.09163
2210,1,1,2025-09-14,Finland,Greece,97.550582,89.226789
2210,2,1,2025-09-14,Turkey,Germany,89.996455,90.093976
2211,1,1,2025-09-14,Finland,Greece,71.748911,71.889491
2211,2,1,2025-09-14,Turkey,Germany,88.712479,89.108954
2212,1,1,2025-09-14,Finland,Greece,87.522879,83.189696
2212,2,1,2025-09-14,Turkey,Germany,86.667094,85.523394
2213,1,1,2025-09-14,Finland,Greece,66.014642,72.450009
2213,2,1,2025-09-14,Turkey,Germany,83.983931,93.82747
2214,1,1,2025-09-14,Finland,Greece,106.81325,80.210928
2214,2,1,2025-09-14,Turkey,Germany,76.605513,99.897304
2215,1,1,2025-09-14,Finland,Greece,76.907465,79.488037
2215,2,1,2025-09-14,Turkey,Germany,79.589008,87.127383
2216,1,1,2025-09-14,Finland,Greece,104.55145,71.957531
2216,2,1,2025-09-14,Turkey,Germany,84.768378,79.761486
2217,1,1,2025-09-14,Finland,Greece,87.492617,71.462592
2217,2,1,2025-09-14,Turkey,Germany,91.984417,89.640905
2218,1,1,2025-09-14,Finland,Greece,94.638769,74.945397
2218,2,1,2025-09-14,Turkey,Germany,85.885268,84.145864
2219,1,1,2025-09-14,Finland,Greece,94.498091,78.708452
2219,2,1,2025-09-14,Turkey,Germany,74.283579,79.907162
2220,1,1,2025-09-14,Finland,Greece,102.47283,86.673422
2220,2,1,2025-09-14,Turkey,Germany,100.92435,89.151419
2221,1,1,2025-09-14,Finland,Greece,80.660309,79.649594
2221,2,1,2025-09-14,Turkey,Germany,81.787632,83.351428
2222,1,1,2025-09-14,Finland,Greece,95.477608,71.693602
2222,2,1,2025-09-14,Turkey,Germany,80.141108,81.59648
2223,1,1,2025-09-14,Finland,Greece,101.71004,95.585671
2223,2,1,2025-09-14,Turkey,Germany,65.025154,95.072977
2224,1,1,2025-09-14,Finland,Greece,96.194108,87.059214
2224,2,1,2025-09-14,Turkey,Germany,83.065133,89.286443
2225,1,1,2025-09-14,Finland,Greece,112.04008,60.982864
2225,2,1,2025-09-14,Turkey,Germany,68.705114,103.28693
2226,1,1,2025-09-14,Finland,Greece,96.974979,93.851556
2226,2,1,2025-09-14,Turkey,Germany,65.874845,91.359934
2227,1,1,2025-09-14,Finland,Greece,99.033226,80.966295
2227,2,1,2025-09-14,Turkey,Germany,76.603399,96.701156
2228,1,1,2025-09-14,Finland,Greece,110.44607,80.858282
2228,2,1,2025-09-14,Turkey,Germany,79.673619,81.278655
2229,1,1,2025-09-14,Finland,Greece,80.788859,80.254396
2229,2,1,2025-09-14,Turkey,Germany,81.191511,110.92494
2230,1,1,2025-09-14,Finland,Greece,100.40359,89.859251
2230,2,1,2025-09-14,Turkey,Germany,72.400596,94.593383
2231,1,1,2025-09-14,Finland,Greece,84.282246,89.407355
2231,2,1,2025-09-14,Turkey,Germany,75.031398,80.538478
2232,1,1,2025-09-14,Finland,Greece,80.996831,82.093433
2232,2,1,2025-09-14,Turkey,Germany,88.503414,100.08099
2233,1,1,2025-09-14,Finland,Greece,102.98799,83.35102
2233,2,1,2025-09-14,Turkey,Germany,98.538179,104.41419
2234,1,1,2025-09-14,Finland,Greece,92.521398,82.136443
2234,2,1,2025-09-14,Turkey,Germany,71.580279,97.65797
2235,1,1,2025-09-14,Finland,Greece,110.94228,84.944895
2235,2,1,2025-09-14,Turkey,Germany,83.353941,103.54262
2236,1,1,2025-09-14,Finland,Greece,67.496025,85.787428
2236,2,1,2025-09-14,Turkey,Germany,88.662779,105.30274
2237,1,1,2025-09-14,Finland,Greece,103.65963,61.083281
2237,2,1,2025-09-14,Turkey,Germany,94.888692,90.573891
2238,1,1,2025-09-14,Finland,Greece,92.598094,60.946127
2238,2,1,2025-09-14,Turkey,Germany,76.672046,117.82782
2239,1,1,2025-09-14,Finland,Greece,84.355628,97.875334
2239,2,1,2025-09-14,Turkey,Germany,79.438282,88.316474
2240,1,1,2025-09-14,Finland,Greece,110.30896,83.971106
2240,2,1,2025-09-14,Turkey,Germany,80.012845,108.1927
2241,1,1,2025-09-14,Finland,Greece,91.269966,86.128565
2241,2,1,2025-09-14,Turkey,Germany,84.022075,87.997189
2242,1,1,2025-09-14,Finland,Greece,93.004274,63.29742
2242,2,1,2025-09-14,Turkey,Germany,85.811709,95.352462
2243,1,1,2025-09-14,Finland,Greece,102.36894,84.602408
2243,2,1,2025-09-14,Turkey,Germany,86.655195,102.41067
2244,1,1,2025-09-14,Finland,Greece,84.468559,72.52073
2244,2,1,2025-09-14,Turkey,Germany,92.925579,108.93628
2245,1,1,2025-09-14,Finland,Greece,75.323478,72.039699
2245,2,1,2025-09-14,Turkey,Germany,80.623852,93.122643
2246,1,1,2025-09-14,Finland,Greece,101.18222,76.569298
2246,2,1,2025-09-14,Turkey,Germany,107.50618,91.843996
2247,1,1,2025-09-14,Finland,Greece,91.705421,87.867043
2247,2,1,2025-09-14,Turkey,Germany,90.037238,110.02261
2248,1,1,2025-09-14,Finland,Greece,110.81519,85.838236
2248,2,1,2025-09-14,Turkey,Germany,83.780646,86.669157
2249,1,1,2025-09-14,Finland,Greece,93.034926,68.914804
2249,2,1,2025-09-14,Turkey,Germany,101.07931,112.60002
2250,1,1,2025-09-14,Finland,Greece,105.18787,70.671564
2250,2,1,2025-09-14,Turkey,Germany,69.636171,88.280683
2251,1,1,2025-09-14,Finland,Greece,92.488289,66.555567
2251,2,1,2025-09-14,Turkey,Germany,80.567439,77.940994
2252,1,1,2025-09-14,Finland,Greece,88.585188,82.002542
2252,2,1,2025-09-14,Turkey,Germany,88.147773,104.12761
2253,1,1,2025-09-14,Finland,Greece,84.08838,83.392709
2253,2,1,2025-09-14,Turkey,Germany,93.967653,96.553106
2254,1,1,2025-09-14,Finland,Greece,97.991222,70.792898
2254,2,1,2025-09-14,Turkey,Germany,62.446907,71.502489
2255,1,1,2025-09-14,Finland,Greece,84.076643,79.82392
2255,2,1,2025-09-14,Turkey,Germany,78.539485,75.153675
2256,1,1,2025-09-14,Finland,Greece,93.422124,79.347008
2256,2,1,2025-09-14,Turkey,Germany,89.040386,78.544413
2257,1,1,2025-09-14,Finland,Greece,84.453797,85.225428
2257,2,1,2025-09-14,Turkey,Germany,98.639299,80.959276
2258,1,1,2025-09-14,Finland,Greece,95.593103,136.28591
2258,2,1,2025-09-14,Turkey,Germany,95.827683,97.203883
2259,1,1,2025-09-14,Finland,Greece,102.96861,85.935705
2259,2,1,2025-09-14,Turkey,Germany,83.009743,93.298328
2260,1,1,2025-09-14,Finland,Greece,74.016813,76.561151
2260,2,1,2025-09-14,Turkey,Germany,81.528627,86.886654
2261,1,1,2025-09-14,Finland,Greece,111.87859,74.866709
2261,2,1,2025-09-14,Turkey,Germany,84.706248,123.83208
2262,1,1,2025-09-14,Finland,Greece,87.568724,100.86371
2262,2,1,2025-09-14,Turkey,Germany,77.487608,85.83975
2263,1,1,2025-09-14,Finland,Greece,91.237782,77.808339
2263,2,1,2025-09-14,Turkey,Germany,87.331126,109.18813
2264,1,1,2025-09-14,Finland,Greece,97.696439,93.733153
2264,2,1,2025-09-14,Turkey,Germany,89.306716,70.061272
2265,1,1,2025-09-14,Finland,Greece,93.257969,91.049394
2265,2,1,2025-09-14,Turkey,Germany,92.486972,78.579143
2266,1,1,2025-09-14,Finland,Greece,94.309518,97.273749
2266,2,1,2025-09-14,Turkey,Germany,83.447819,82.249297
2267,1,1,2025-09-14,Finland,Greece,108.52442,78.890221
2267,2,1,2025-09-14,Turkey,Germany,81.265697,94.846326
2268,1,1,2025-09-14,Finland,Greece,104.69128,69.046739
2268,2,1,2025-09-14,Turkey,Germany,84.615718,96.74518
2269,1,1,2025-09-14,Finland,Greece,105.89454,80.123236
2269,2,1,2025-09-14,Turkey,Germany,85.165765,108.36376
2270,1,1,2025-09-14,Finland,Greece,92.774613,96.220171
2270,2,1,2025-09-14,Turkey,Germany,80.730073,110.87224
2271,1,1,2025-09-14,Finland,Greece,89.57144,89.672952
2271,2,1,2025-09-14,Turkey,Germany,79.782941,85.839928
2272,1,1,2025-09-14,Finland,Greece,94.37517,74.7866
2272,2,1,2025-09-14,Turkey,Germany,81.276291,84.445793
2273,1,1,2025-09-14,Finland,Greece,75.023782,82.750703
2273,2,1,2025-09-14,Turkey,Germany,61.324314,111.73659
2274,1,1,2025-09-14,Finland,Greece,99.819838,100.45889
2274,2,1,2025-09-14,Turkey,Germany,75.974582,95.851094
2275,1,1,2025-09-14,Finland,Greece,90.535348,89.817388
2275,2,1,2025-09-14,Turkey,Germany,68.151133,94.394956
2276,1,1,2025-09-14,Finland,Greece,100.18581,97.105255
2276,2,1,2025-09-14,Turkey,Germany,80.248942,60.203009
2277,1,1,2025-09-14,Finland,Greece,88.662012,83.230535
2277,2,1,2025-09-14,Turkey,Germany,81.501972,87.084792
2278,1,1,2025-09-14,Finland,Greece,98.594429,104.22163
2278,2,1,2025-09-14,Turkey,Germany,82.76603,91.426632
2279,1,1,2025-09-14,Finland,Greece,90.244567,92.913252
2279,2,1,2025-09-14,Turkey,Germany,93.098308,110.24024
2280,1,1,2025-09-14,Finland,Greece,104.41025,77.933675
2280,2,1,2025-09-14,Turkey,Germany,66.18343,101.18493
2281,1,1,2025-09-14,Finland,Greece,104.22093,99.416666
2281,2,1,2025-09-14,Turkey,Germany,85.893502,83.318648
2282,1,1,2025-09-14,Finland,Greece,89.931353,73.200176
2282,2,1,2025-09-14,Turkey,Germany,78.8369,98.722096
2283,1,1,2025-09-14,Finland,Greece,104.97543,103.92316
2283,2,1,2025-09-14,Turkey,Germany,114.66817,102.31277
2284,1,1,2025-09-14,Finland,Greece,85.981752,95.952645
2284,2,1,2025-09-14,Turkey,Germany,81.020026,97.425116
2285,1,1,2025-09-14,Finland,Greece,94.150754,69.968312
2285,2,1,2025-09-14,Turkey,Germany,91.430901,82.002161
2286,1,1,2025-09-14,Finland,Greece,53.422015,85.111719
2286,2,1,2025-09-14,Turkey,Germany,81.970099,88.538675
2287,1,1,2025-09-14,Finland,Greece,90.245069,77.689173
2287,2,1,2025-09-14,Turkey,Germany,95.413949,79.303096
2288,1,1,2025-09-14,Finland,Greece,92.618479,85.116998
2288,2,1,2025-09-14,Turkey,Germany,82.117657,92.489888
2289,1,1,2025-09-14,Finland,Greece,102.06687,113.26782
2289,2,1,2025-09-14,Turkey,Germany,74.753722,105.64627
2290,1,1,2025-09-14,Finland,Greece,103.31645,81.996319
2290,2,1,2025-09-14,Turkey,Germany,68.3626,66.543450000000007
2291,1,1,2025-09-14,Finland,Greece,84.212062,41.77355
2291,2,1,2025-09-14,Turkey,Germany,73.775998,101.3199
2292,1,1,2025-09-14,Finland,Greece,103.33062,87.372687
2292,2,1,2025-09-14,Turkey,Germany,79.98466,109.58947
2293,1,1,2025-09-14,Finland,Greece,97.676201,83.21524
2293,2,1,2025-09-14,Turkey,Germany,77.489682,103.44655
2294,1,1,2025-09-14,Finland,Greece,89.90138,73.181261
2294,2,1,2025-09-14,Turkey,Germany,104.58625,108.13365
2295,1,1,2025-09-14,Finland,Greece,99.586843,88.006073
2295,2,1,2025-09-14,Turkey,Germany,65.431691,78.079715
2296,1,1,2025-09-14,Finland,Greece,66.991359,68.267342
2296,2,1,2025-09-14,Turkey,Germany,80.069676,94.02746
2297,1,1,2025-09-14,Finland,Greece,101.95315,105.40776
2297,2,1,2025-09-14,Turkey,Germany,82.691155,98.679202
2298,1,1,2025-09-14,Finland,Greece,104.25044,101.76275
2298,2,1,2025-09-14,Turkey,Germany,79.885835,96.571226
2299,1,1,2025-09-14,Finland,Greece,101.24348,103.33517
2299,2,1,2025-09-14,Turkey,Germany,85.079046,114.35574
2300,1,1,2025-09-14,Finland,Greece,80.171792,72.32358
2300,2,1,2025-09-14,Turkey,Germany,100.96887,104.16115
2301,1,1,2025-09-14,Finland,Greece,97.817868,87.10877
2301,2,1,2025-09-14,Turkey,Germany,85.293811,105.27113
2302,1,1,2025-09-14,Finland,Greece,104.35065,74.199872
2302,2,1,2025-09-14,Turkey,Germany,83.98886,91.039844
2303,1,1,2025-09-14,Finland,Greece,82.744579,97.549945
2303,2,1,2025-09-14,Turkey,Germany,95.253341,88.977444
2304,1,1,2025-09-14,Finland,Greece,81.511567,78.041674
2304,2,1,2025-09-14,Turkey,Germany,72.142662,89.380574
2305,1,1,2025-09-14,Finland,Greece,107.21016,95.431399
2305,2,1,2025-09-14,Turkey,Germany,98.795756,105.59296
2306,1,1,2025-09-14,Finland,Greece,86.309989,95.918138
2306,2,1,2025-09-14,Turkey,Germany,55.769603,118.38797
2307,1,1,2025-09-14,Finland,Greece,96.906411,85.091662
2307,2,1,2025-09-14,Turkey,Germany,78.717302,116.03405
2308,1,1,2025-09-14,Finland,Greece,95.690082,77.196041
2308,2,1,2025-09-14,Turkey,Germany,87.740274,93.744471
2309,1,1,2025-09-14,Finland,Greece,92.675871,86.276095
2309,2,1,2025-09-14,Turkey,Germany,95.813297,100.89675
2310,1,1,2025-09-14,Finland,Greece,86.0411,73.574168
2310,2,1,2025-09-14,Turkey,Germany,77.831405,94.654931
2311,1,1,2025-09-14,Finland,Greece,101.4642,90.847262
2311,2,1,2025-09-14,Turkey,Germany,82.063162,94.431977
2312,1,1,2025-09-14,Finland,Greece,91.59773,76.56885
2312,2,1,2025-09-14,Turkey,Germany,82.071749,97.8433
2313,1,1,2025-09-14,Finland,Greece,89.345818,72.684177
2313,2,1,2025-09-14,Turkey,Germany,89.919903,90.651523
2314,1,1,2025-09-14,Finland,Greece,88.286057,100.88274
2314,2,1,2025-09-14,Turkey,Germany,65.976663,103.02188
2315,1,1,2025-09-14,Finland,Greece,103.34463,70.842131
2315,2,1,2025-09-14,Turkey,Germany,79.995836,87.592754
2316,1,1,2025-09-14,Finland,Greece,112.71301,107.41441
2316,2,1,2025-09-14,Turkey,Germany,83.265518,90.583532
2317,1,1,2025-09-14,Finland,Greece,90.193006,77.881008
2317,2,1,2025-09-14,Turkey,Germany,64.036254,93.694032000000007
2318,1,1,2025-09-14,Finland,Greece,93.632141,78.481851
2318,2,1,2025-09-14,Turkey,Germany,64.830995,84.09649
2319,1,1,2025-09-14,Finland,Greece,77.11464,83.511634
2319,2,1,2025-09-14,Turkey,Germany,82.349246,95.058147
2320,1,1,2025-09-14,Finland,Greece,96.11172,74.192362
2320,2,1,2025-09-14,Turkey,Germany,90.296684,101.38845
2321,1,1,2025-09-14,Finland,Greece,80.259303,87.214126
2321,2,1,2025-09-14,Turkey,Germany,67.896514,86.295176
2322,1,1,2025-09-14,Finland,Greece,97.870422,72.283035
2322,2,1,2025-09-14,Turkey,Germany,85.56361,82.528139
2323,1,1,2025-09-14,Finland,Greece,105.64237,82.541434
2323,2,1,2025-09-14,Turkey,Germany,75.215052,90.030082
2324,1,1,2025-09-14,Finland,Greece,104.08543,81.116968
2324,2,1,2025-09-14,Turkey,Germany,87.982005,119.35993
2325,1,1,2025-09-14,Finland,Greece,109.43932,78.866529
2325,2,1,2025-09-14,Turkey,Germany,73.727075,98.439077
2326,1,1,2025-09-14,Finland,Greece,98.769347,110.80805
2326,2,1,2025-09-14,Turkey,Germany,99.173045,103.52708
2327,1,1,2025-09-14,Finland,Greece,108.96583,90.380467
2327,2,1,2025-09-14,Turkey,Germany,89.127986,88.109846
2328,1,1,2025-09-14,Finland,Greece,82.538169,72.439093
2328,2,1,2025-09-14,Turkey,Germany,96.94655,93.187822
2329,1,1,2025-09-14,Finland,Greece,92.426181,92.094317
2329,2,1,2025-09-14,Turkey,Germany,101.54813,97.081162
2330,1,1,2025-09-14,Finland,Greece,86.589244,98.953816
2330,2,1,2025-09-14,Turkey,Germany,95.807654,100.79696
2331,1,1,2025-09-14,Finland,Greece,96.803136,76.870258
2331,2,1,2025-09-14,Turkey,Germany,81.295871,79.569922
2332,1,1,2025-09-14,Finland,Greece,100.70942,82.230013
2332,2,1,2025-09-14,Turkey,Germany,75.659792,94.338319
2333,1,1,2025-09-14,Finland,Greece,75.327159,69.90055
2333,2,1,2025-09-14,Turkey,Germany,79.871189,91.939503
2334,1,1,2025-09-14,Finland,Greece,107.97095,96.764034
2334,2,1,2025-09-14,Turkey,Germany,80.52731,87.772317
2335,1,1,2025-09-14,Finland,Greece,96.586436,65.171709
2335,2,1,2025-09-14,Turkey,Germany,83.680381,91.654622
2336,1,1,2025-09-14,Finland,Greece,82.615345,87.857489
2336,2,1,2025-09-14,Turkey,Germany,76.342639,108.11275
2337,1,1,2025-09-14,Finland,Greece,102.98309,91.177602
2337,2,1,2025-09-14,Turkey,Germany,80.154889,107.91561
2338,1,1,2025-09-14,Finland,Greece,99.107989,104.84696
2338,2,1,2025-09-14,Turkey,Germany,89.637294,96.998452
2339,1,1,2025-09-14,Finland,Greece,94.925021,117.44614
2339,2,1,2025-09-14,Turkey,Germany,87.525821,82.510748
2340,1,1,2025-09-14,Finland,Greece,93.026398,74.162014
2340,2,1,2025-09-14,Turkey,Germany,100.59547,97.181654
2341,1,1,2025-09-14,Finland,Greece,95.502444,79.940552
2341,2,1,2025-09-14,Turkey,Germany,86.920652,111.66118
2342,1,1,2025-09-14,Finland,Greece,89.518451,80.549361
2342,2,1,2025-09-14,Turkey,Germany,71.257561,95.441014
2343,1,1,2025-09-14,Finland,Greece,74.40486,87.522986
2343,2,1,2025-09-14,Turkey,Germany,83.821761,91.454884
2344,1,1,2025-09-14,Finland,Greece,102.00404,89.883817
2344,2,1,2025-09-14,Turkey,Germany,88.942396,105.30926
2345,1,1,2025-09-14,Finland,Greece,101.93593,69.626616
2345,2,1,2025-09-14,Turkey,Germany,83.836373,86.698825
2346,1,1,2025-09-14,Finland,Greece,97.645307,95.567726
2346,2,1,2025-09-14,Turkey,Germany,83.782244,99.935057
2347,1,1,2025-09-14,Finland,Greece,97.548567,89.318343
2347,2,1,2025-09-14,Turkey,Germany,98.166193,103.50419
2348,1,1,2025-09-14,Finland,Greece,78.56525,91.878045
2348,2,1,2025-09-14,Turkey,Germany,70.071789,81.554469
2349,1,1,2025-09-14,Finland,Greece,86.346281,94.442804
2349,2,1,2025-09-14,Turkey,Germany,94.900959,99.772747
2350,1,1,2025-09-14,Finland,Greece,82.126728,82.141681
2350,2,1,2025-09-14,Turkey,Germany,104.02907,108.42774
2351,1,1,2025-09-14,Finland,Greece,73.033948,59.446513
2351,2,1,2025-09-14,Turkey,Germany,76.974353,89.203033
2352,1,1,2025-09-14,Finland,Greece,82.537711,77.585619
2352,2,1,2025-09-14,Turkey,Germany,86.569868,78.523465
2353,1,1,2025-09-14,Finland,Greece,88.818439,72.729289
2353,2,1,2025-09-14,Turkey,Germany,71.929377,94.231163
2354,1,1,2025-09-14,Finland,Greece,104.56623,99.910125
2354,2,1,2025-09-14,Turkey,Germany,88.090422,78.376577
2355,1,1,2025-09-14,Finland,Greece,119.18567,70.696326
2355,2,1,2025-09-14,Turkey,Germany,83.547589,74.54627
2356,1,1,2025-09-14,Finland,Greece,69.233035,74.267403
2356,2,1,2025-09-14,Turkey,Germany,93.378862,98.309273
2357,1,1,2025-09-14,Finland,Greece,92.50624,102.98031
2357,2,1,2025-09-14,Turkey,Germany,78.053687,91.122025
2358,1,1,2025-09-14,Finland,Greece,79.071184,71.734869
2358,2,1,2025-09-14,Turkey,Germany,68.065055,90.321205
2359,1,1,2025-09-14,Finland,Greece,107.37063,76.270903
2359,2,1,2025-09-14,Turkey,Germany,73.725677,84.248228
2360,1,1,2025-09-14,Finland,Greece,89.044482,74.159685
2360,2,1,2025-09-14,Turkey,Germany,95.484362,82.438415
2361,1,1,2025-09-14,Finland,Greece,87.306606,77.47
2361,2,1,2025-09-14,Turkey,Germany,95.990913,90.92901
2362,1,1,2025-09-14,Finland,Greece,99.613575,101.45632
2362,2,1,2025-09-14,Turkey,Germany,74.507728,114.12564
2363,1,1,2025-09-14,Finland,Greece,103.1533,76.405161
2363,2,1,2025-09-14,Turkey,Germany,79.601266,107.28629
2364,1,1,2025-09-14,Finland,Greece,78.576823,92.360382
2364,2,1,2025-09-14,Turkey,Germany,79.334799,92.170307
2365,1,1,2025-09-14,Finland,Greece,101.63102,93.68052
2365,2,1,2025-09-14,Turkey,Germany,79.931497,90.089453
2366,1,1,2025-09-14,Finland,Greece,91.37916,84.029477
2366,2,1,2025-09-14,Turkey,Germany,85.527775,80.44464
2367,1,1,2025-09-14,Finland,Greece,92.853711,83.532371
2367,2,1,2025-09-14,Turkey,Germany,85.849623,91.344058
2368,1,1,2025-09-14,Finland,Greece,97.076007,73.481352
2368,2,1,2025-09-14,Turkey,Germany,86.256337,90.28877
2369,1,1,2025-09-14,Finland,Greece,119.45649,96.147592
2369,2,1,2025-09-14,Turkey,Germany,83.176202,83.218809
2370,1,1,2025-09-14,Finland,Greece,79.083746,76.781746
2370,2,1,2025-09-14,Turkey,Germany,77.216176,92.900586
2371,1,1,2025-09-14,Finland,Greece,95.876653,79.101209
2371,2,1,2025-09-14,Turkey,Germany,70.620939,91.205928
2372,1,1,2025-09-14,Finland,Greece,86.300326,80.987509
2372,2,1,2025-09-14,Turkey,Germany,94.549546,114.69887
2373,1,1,2025-09-14,Finland,Greece,81.991816,95.072385
2373,2,1,2025-09-14,Turkey,Germany,77.660291,85.570015
2374,1,1,2025-09-14,Finland,Greece,89.255858,76.623614
2374,2,1,2025-09-14,Turkey,Germany,88.89145,98.674486
2375,1,1,2025-09-14,Finland,Greece,95.819777,74.943635
2375,2,1,2025-09-14,Turkey,Germany,77.546506,77.217238
2376,1,1,2025-09-14,Finland,Greece,100.92158,87.774297
2376,2,1,2025-09-14,Turkey,Germany,94.590999,106.80034
2377,1,1,2025-09-14,Finland,Greece,109.30843,75.000221
2377,2,1,2025-09-14,Turkey,Germany,94.994706,112.57756
2378,1,1,2025-09-14,Finland,Greece,91.960813,77.076819
2378,2,1,2025-09-14,Turkey,Germany,80.212813,88.201628
2379,1,1,2025-09-14,Finland,Greece,108.29475,82.750384
2379,2,1,2025-09-14,Turkey,Germany,91.459222,100.55994
2380,1,1,2025-09-14,Finland,Greece,93.906386,74.674154
2380,2,1,2025-09-14,Turkey,Germany,79.028038,110.32307
2381,1,1,2025-09-14,Finland,Greece,94.911906,84.990951
2381,2,1,2025-09-14,Turkey,Germany,80.771054,94.17401
2382,1,1,2025-09-14,Finland,Greece,78.385829,86.74483
2382,2,1,2025-09-14,Turkey,Germany,90.033909,91.068351
2383,1,1,2025-09-14,Finland,Greece,85.397252,87.595242
2383,2,1,2025-09-14,Turkey,Germany,86.986387,89.30962
2384,1,1,2025-09-14,Finland,Greece,86.722637,56.670689
2384,2,1,2025-09-14,Turkey,Germany,58.687272,95.464787
2385,1,1,2025-09-14,Finland,Greece,88.750903,87.726335
2385,2,1,2025-09-14,Turkey,Germany,93.521527,99.554616
2386,1,1,2025-09-14,Finland,Greece,84.488593,69.421505
2386,2,1,2025-09-14,Turkey,Germany,86.847032,94.134789
2387,1,1,2025-09-14,Finland,Greece,71.303488,87.616205
2387,2,1,2025-09-14,Turkey,Germany,86.307353,91.482829
2388,1,1,2025-09-14,Finland,Greece,92.619817,86.089796
2388,2,1,2025-09-14,Turkey,Germany,95.161059,98.473351
2389,1,1,2025-09-14,Finland,Greece,97.421272,76.009422
2389,2,1,2025-09-14,Turkey,Germany,77.037761,86.400472
2390,1,1,2025-09-14,Finland,Greece,91.748485,83.591067
2390,2,1,2025-09-14,Turkey,Germany,72.310722,87.884056
2391,1,1,2025-09-14,Finland,Greece,101.47089,63.246361
2391,2,1,2025-09-14,Turkey,Germany,79.890882,113.01247
2392,1,1,2025-09-14,Finland,Greece,87.346171,69.812343
2392,2,1,2025-09-14,Turkey,Germany,87.294614,106.9107
2393,1,1,2025-09-14,Finland,Greece,82.228494,81.990688
2393,2,1,2025-09-14,Turkey,Germany,94.783446,80.777897
2394,1,1,2025-09-14,Finland,Greece,100.71786,79.263406
2394,2,1,2025-09-14,Turkey,Germany,87.964973,89.717366
2395,1,1,2025-09-14,Finland,Greece,108.5891,68.666939
2395,2,1,2025-09-14,Turkey,Germany,85.030079,78.625598
2396,1,1,2025-09-14,Finland,Greece,102.39641,80.643721
2396,2,1,2025-09-14,Turkey,Germany,82.838134,87.894086
2397,1,1,2025-09-14,Finland,Greece,90.373307,68.611815000000007
2397,2,1,2025-09-14,Turkey,Germany,71.973538,96.676739
2398,1,1,2025-09-14,Finland,Greece,99.86586,88.995243
2398,2,1,2025-09-14,Turkey,Germany,92.460461,96.780799
2399,1,1,2025-09-14,Finland,Greece,113.14388,91.113704
2399,2,1,2025-09-14,Turkey,Germany,78.804537,73.952002
2400,1,1,2025-09-14,Finland,Greece,95.63997,99.764263
2400,2,1,2025-09-14,Turkey,Germany,81.494893,97.349803
2401,1,1,2025-09-14,Finland,Greece,92.92152,97.644925
2401,2,1,2025-09-14,Turkey,Germany,95.139734,109.11442
2402,1,1,2025-09-14,Finland,Greece,119.08189,91.645982
2402,2,1,2025-09-14,Turkey,Germany,70.196187,87.407369
2403,1,1,2025-09-14,Finland,Greece,95.184838,90.02121
2403,2,1,2025-09-14,Turkey,Germany,93.420085,106.79492
2404,1,1,2025-09-14,Finland,Greece,118.99273,85.771007
2404,2,1,2025-09-14,Turkey,Germany,82.953825,86.322422
2405,1,1,2025-09-14,Finland,Greece,93.507651,75.991082
2405,2,1,2025-09-14,Turkey,Germany,62.531673,85.956796
2406,1,1,2025-09-14,Finland,Greece,88.844212,85.616429
2406,2,1,2025-09-14,Turkey,Germany,69.398875,91.555303
2407,1,1,2025-09-14,Finland,Greece,85.354652,78.905185
2407,2,1,2025-09-14,Turkey,Germany,80.718127,95.100918
2408,1,1,2025-09-14,Finland,Greece,91.18663,90.049549
2408,2,1,2025-09-14,Turkey,Germany,79.814023,88.09888
2409,1,1,2025-09-14,Finland,Greece,99.170934,76.318056
2409,2,1,2025-09-14,Turkey,Germany,87.079264,106.15228
2410,1,1,2025-09-14,Finland,Greece,81.940021,61.990398
2410,2,1,2025-09-14,Turkey,Germany,88.422025,107.98754
2411,1,1,2025-09-14,Finland,Greece,117.4954,87.303791
2411,2,1,2025-09-14,Turkey,Germany,77.845412,98.769012
2412,1,1,2025-09-14,Finland,Greece,89.192522,77.434985
2412,2,1,2025-09-14,Turkey,Germany,72.235411,92.471078
2413,1,1,2025-09-14,Finland,Greece,113.16131,92.500544
2413,2,1,2025-09-14,Turkey,Germany,84.278429,76.986295
2414,1,1,2025-09-14,Finland,Greece,87.749095,97.240115
2414,2,1,2025-09-14,Turkey,Germany,95.749924,80.383547
2415,1,1,2025-09-14,Finland,Greece,102.26766,86.069928
2415,2,1,2025-09-14,Turkey,Germany,69.384837,88.615841
2416,1,1,2025-09-14,Finland,Greece,111.19465,87.798212
2416,2,1,2025-09-14,Turkey,Germany,64.773723,79.189703
2417,1,1,2025-09-14,Finland,Greece,92.463973,75.195899
2417,2,1,2025-09-14,Turkey,Germany,79.200515,87.839344
2418,1,1,2025-09-14,Finland,Greece,121.09377,57.953974
2418,2,1,2025-09-14,Turkey,Germany,80.355933,104.81464
2419,1,1,2025-09-14,Finland,Greece,87.356665,91.859701
2419,2,1,2025-09-14,Turkey,Germany,83.831892,88.501815
2420,1,1,2025-09-14,Finland,Greece,103.46357,75.463552
2420,2,1,2025-09-14,Turkey,Germany,82.571062,92.949993
2421,1,1,2025-09-14,Finland,Greece,78.160357,78.276156
2421,2,1,2025-09-14,Turkey,Germany,94.652748,102.86515
2422,1,1,2025-09-14,Finland,Greece,92.375931,92.46296
2422,2,1,2025-09-14,Turkey,Germany,83.195357,92.371781
2423,1,1,2025-09-14,Finland,Greece,87.374648,81.060143
2423,2,1,2025-09-14,Turkey,Germany,107.8433,107.53667
2424,1,1,2025-09-14,Finland,Greece,99.722599,112.40567
2424,2,1,2025-09-14,Turkey,Germany,95.911874,91.899194
2425,1,1,2025-09-14,Finland,Greece,77.23971,68.408962
2425,2,1,2025-09-14,Turkey,Germany,73.317609,104.4352
2426,1,1,2025-09-14,Finland,Greece,81.824147,84.318413
2426,2,1,2025-09-14,Turkey,Germany,84.428854,92.86163
2427,1,1,2025-09-14,Finland,Greece,84.523183,83.640676
2427,2,1,2025-09-14,Turkey,Germany,86.20948,101.96862
2428,1,1,2025-09-14,Finland,Greece,103.82599,95.676441
2428,2,1,2025-09-14,Turkey,Germany,80.825254,93.832423
2429,1,1,2025-09-14,Finland,Greece,97.136141,73.555371
2429,2,1,2025-09-14,Turkey,Germany,92.452543,79.091624
2430,1,1,2025-09-14,Finland,Greece,90.016792,93.31625
2430,2,1,2025-09-14,Turkey,Germany,84.170665,84.788909
2431,1,1,2025-09-14,Finland,Greece,102.33405,77.09458
2431,2,1,2025-09-14,Turkey,Germany,66.350842,89.989585
2432,1,1,2025-09-14,Finland,Greece,87.999804,67.876002
2432,2,1,2025-09-14,Turkey,Germany,80.508229,91.365322
2433,1,1,2025-09-14,Finland,Greece,59.858649,75.108451
2433,2,1,2025-09-14,Turkey,Germany,81.636063,106.45957
2434,1,1,2025-09-14,Finland,Greece,79.615371,83.183536
2434,2,1,2025-09-14,Turkey,Germany,82.580554,106.49752
2435,1,1,2025-09-14,Finland,Greece,81.645208,75.359065
2435,2,1,2025-09-14,Turkey,Germany,86.903008,104.91321
2436,1,1,2025-09-14,Finland,Greece,94.77955,60.949235
2436,2,1,2025-09-14,Turkey,Germany,86.026751,91.346633
2437,1,1,2025-09-14,Finland,Greece,86.328898,103.03391
2437,2,1,2025-09-14,Turkey,Germany,86.915218,111.71727
2438,1,1,2025-09-14,Finland,Greece,86.785939,83.228227
2438,2,1,2025-09-14,Turkey,Germany,74.270954,87.886221
2439,1,1,2025-09-14,Finland,Greece,100.34942,86.74158
2439,2,1,2025-09-14,Turkey,Germany,65.259705,96.050891
2440,1,1,2025-09-14,Finland,Greece,89.588959,73.432102
2440,2,1,2025-09-14,Turkey,Germany,74.732763,99.697382
2441,1,1,2025-09-14,Finland,Greece,82.06603,93.138396
2441,2,1,2025-09-14,Turkey,Germany,100.55867,92.231012
2442,1,1,2025-09-14,Finland,Greece,82.554625,91.315332
2442,2,1,2025-09-14,Turkey,Germany,89.425084,97.776935
2443,1,1,2025-09-14,Finland,Greece,101.30114,78.18265
2443,2,1,2025-09-14,Turkey,Germany,93.084575,109.55659
2444,1,1,2025-09-14,Finland,Greece,89.299464,102.63011
2444,2,1,2025-09-14,Turkey,Germany,76.973395,108.52475
2445,1,1,2025-09-14,Finland,Greece,110.8633,86.624453
2445,2,1,2025-09-14,Turkey,Germany,76.835544,117.48467
2446,1,1,2025-09-14,Finland,Greece,82.539122,89.114255
2446,2,1,2025-09-14,Turkey,Germany,81.003772,87.614042
2447,1,1,2025-09-14,Finland,Greece,103.66516,92.092583
2447,2,1,2025-09-14,Turkey,Germany,91.855543,106.49383
2448,1,1,2025-09-14,Finland,Greece,81.988286,86.560055
2448,2,1,2025-09-14,Turkey,Germany,95.714733,95.35813
2449,1,1,2025-09-14,Finland,Greece,108.91163,81.216708
2449,2,1,2025-09-14,Turkey,Germany,80.27657,95.303086
2450,1,1,2025-09-14,Finland,Greece,113.21522,80.767981
2450,2,1,2025-09-14,Turkey,Germany,80.157331,113.09295
2451,1,1,2025-09-14,Finland,Greece,97.76942,70.906834
2451,2,1,2025-09-14,Turkey,Germany,94.362608,100.18326
2452,1,1,2025-09-14,Finland,Greece,95.986453,91.992975
2452,2,1,2025-09-14,Turkey,Germany,75.377596,62.573394
2453,1,1,2025-09-14,Finland,Greece,103.9356,78.359081
2453,2,1,2025-09-14,Turkey,Germany,82.614136,68.193243
2454,1,1,2025-09-14,Finland,Greece,87.975127,88.044742
2454,2,1,2025-09-14,Turkey,Germany,80.364887,92.139178
2455,1,1,2025-09-14,Finland,Greece,91.397575,90.650099
2455,2,1,2025-09-14,Turkey,Germany,60.192879,95.67095
2456,1,1,2025-09-14,Finland,Greece,101.35077,81.66662
2456,2,1,2025-09-14,Turkey,Germany,96.112604,104.41463
2457,1,1,2025-09-14,Finland,Greece,104.79916,84.67281
2457,2,1,2025-09-14,Turkey,Germany,62.49857,67.613481
2458,1,1,2025-09-14,Finland,Greece,89.405762,84.488414
2458,2,1,2025-09-14,Turkey,Germany,73.708397,96.498404
2459,1,1,2025-09-14,Finland,Greece,99.365989,78.409111
2459,2,1,2025-09-14,Turkey,Germany,90.557209,109.97231
2460,1,1,2025-09-14,Finland,Greece,104.49032,84.377683
2460,2,1,2025-09-14,Turkey,Germany,106.67661,112.35592
2461,1,1,2025-09-14,Finland,Greece,93.113477,68.870613
2461,2,1,2025-09-14,Turkey,Germany,79.351782,77.962098
2462,1,1,2025-09-14,Finland,Greece,103.21639,81.028744
2462,2,1,2025-09-14,Turkey,Germany,67.846677,95.084749
2463,1,1,2025-09-14,Finland,Greece,89.698946,77.080286
2463,2,1,2025-09-14,Turkey,Germany,89.070738,79.709829
2464,1,1,2025-09-14,Finland,Greece,81.926575,80.374179
2464,2,1,2025-09-14,Turkey,Germany,75.078297,93.84043
2465,1,1,2025-09-14,Finland,Greece,99.713338,78.461746
2465,2,1,2025-09-14,Turkey,Germany,101.56799,107.85057
2466,1,1,2025-09-14,Finland,Greece,98.826777,87.863201
2466,2,1,2025-09-14,Turkey,Germany,73.310055,83.726995
2467,1,1,2025-09-14,Finland,Greece,91.986318,91.352738
2467,2,1,2025-09-14,Turkey,Germany,87.610867,102.20396
2468,1,1,2025-09-14,Finland,Greece,76.954446,77.297444
2468,2,1,2025-09-14,Turkey,Germany,63.957115,96.955067
2469,1,1,2025-09-14,Finland,Greece,86.736945,101.70687
2469,2,1,2025-09-14,Turkey,Germany,66.287309,84.699494
2470,1,1,2025-09-14,Finland,Greece,101.14155,83.461541
2470,2,1,2025-09-14,Turkey,Germany,67.679752,77.639081
2471,1,1,2025-09-14,Finland,Greece,100.61477,78.459563
2471,2,1,2025-09-14,Turkey,Germany,88.014938,87.937397
2472,1,1,2025-09-14,Finland,Greece,104.76514,88.384023
2472,2,1,2025-09-14,Turkey,Germany,80.600267,87.80821
2473,1,1,2025-09-14,Finland,Greece,106.42401,83.971631
2473,2,1,2025-09-14,Turkey,Germany,74.110839,94.265218
2474,1,1,2025-09-14,Finland,Greece,79.007864,90.880387
2474,2,1,2025-09-14,Turkey,Germany,71.975174,82.991077
2475,1,1,2025-09-14,Finland,Greece,110.71089,101.19039
2475,2,1,2025-09-14,Turkey,Germany,76.630316,97.426966
2476,1,1,2025-09-14,Finland,Greece,96.762663,96.061004
2476,2,1,2025-09-14,Turkey,Germany,82.149454,75.851957
2477,1,1,2025-09-14,Finland,Greece,101.17026,96.409963
2477,2,1,2025-09-14,Turkey,Germany,85.388386,81.909083999999993
2478,1,1,2025-09-14,Finland,Greece,59.428355,74.068959
2478,2,1,2025-09-14,Turkey,Germany,85.120547,80.794825
2479,1,1,2025-09-14,Finland,Greece,90.631135,75.887793
2479,2,1,2025-09-14,Turkey,Germany,111.01926,74.314101
2480,1,1,2025-09-14,Finland,Greece,111.36869,97.76583
2480,2,1,2025-09-14,Turkey,Germany,70.481962,101.73549
2481,1,1,2025-09-14,Finland,Greece,101.38532,90.875678
2481,2,1,2025-09-14,Turkey,Germany,78.957311,116.92374
2482,1,1,2025-09-14,Finland,Greece,85.102405,91.355818
2482,2,1,2025-09-14,Turkey,Germany,108.24977,94.36875
2483,1,1,2025-09-14,Finland,Greece,93.103314,80.646041
2483,2,1,2025-09-14,Turkey,Germany,96.233037,112.07769
2484,1,1,2025-09-14,Finland,Greece,93.528465,105.08365
2484,2,1,2025-09-14,Turkey,Germany,58.447894,108.95456
2485,1,1,2025-09-14,Finland,Greece,98.603885,86.463787
2485,2,1,2025-09-14,Turkey,Germany,79.39306,94.510918
2486,1,1,2025-09-14,Finland,Greece,90.585315,80.277501
2486,2,1,2025-09-14,Turkey,Germany,83.77695,99.254413
2487,1,1,2025-09-14,Finland,Greece,97.589149,82.369123
2487,2,1,2025-09-14,Turkey,Germany,86.355623,87.050915
2488,1,1,2025-09-14,Finland,Greece,90.321821,82.820456
2488,2,1,2025-09-14,Turkey,Germany,85.982368,82.268166
2489,1,1,2025-09-14,Finland,Greece,97.317996,76.990442
2489,2,1,2025-09-14,Turkey,Germany,68.351448,90.05551
2490,1,1,2025-09-14,Finland,Greece,94.794516,84.449949
2490,2,1,2025-09-14,Turkey,Germany,79.490872,94.711016
2491,1,1,2025-09-14,Finland,Greece,111.69015,93.971168
2491,2,1,2025-09-14,Turkey,Germany,86.93315,77.128225
2492,1,1,2025-09-14,Finland,Greece,93.45407,92.602375
2492,2,1,2025-09-14,Turkey,Germany,86.515784,100.85855
2493,1,1,2025-09-14,Finland,Greece,89.176352,96.710086
2493,2,1,2025-09-14,Turkey,Germany,97.291089,76.697731
2494,1,1,2025-09-14,Finland,Greece,79.622779,72.156138
2494,2,1,2025-09-14,Turkey,Germany,79.480293,95.472566
2495,1,1,2025-09-14,Finland,Greece,104.96096,100.0999
2495,2,1,2025-09-14,Turkey,Germany,89.932698,96.899398
2496,1,1,2025-09-14,Finland,Greece,92.72412,98.818652
2496,2,1,2025-09-14,Turkey,Germany,73.218352,80.847071
2497,1,1,2025-09-14,Finland,Greece,93.702455,98.65235
2497,2,1,2025-09-14,Turkey,Germany,81.190471,84.768056
2498,1,1,2025-09-14,Finland,Greece,86.944453,102.77606
2498,2,1,2025-09-14,Turkey,Germany,86.759125,106.99234
2499,1,1,2025-09-14,Finland,Greece,91.336844,81.655649
2499,2,1,2025-09-14,Turkey,Germany,62.242379,90.838205
2500,1,1,2025-09-14,Finland,Greece,108.89454,94.789871
2500,2,1,2025-09-14,Turkey,Germany,70.804632,96.827366
2501,1,1,2025-09-14,Finland,Greece,85.072814,65.533587
2501,2,1,2025-09-14,Turkey,Germany,93.343675,93.196111
2502,1,1,2025-09-14,Finland,Greece,85.675086,72.995075
2502,2,1,2025-09-14,Turkey,Germany,86.345837,94.829465
2503,1,1,2025-09-14,Finland,Greece,120.12722,85.528028
2503,2,1,2025-09-14,Turkey,Germany,65.152452,81.545515
2504,1,1,2025-09-14,Finland,Greece,92.871997,80.182239
2504,2,1,2025-09-14,Turkey,Germany,72.971761,84.510763
2505,1,1,2025-09-14,Finland,Greece,84.475002,84.157487
2505,2,1,2025-09-14,Turkey,Germany,77.294341,85.411561
2506,1,1,2025-09-14,Finland,Greece,95.05583,82.901299
2506,2,1,2025-09-14,Turkey,Germany,101.33786,110.32011
2507,1,1,2025-09-14,Finland,Greece,117.96805,79.337192
2507,2,1,2025-09-14,Turkey,Germany,80.580958,97.839311
2508,1,1,2025-09-14,Finland,Greece,103.19166,97.098088
2508,2,1,2025-09-14,Turkey,Germany,91.349573,94.151434
2509,1,1,2025-09-14,Finland,Greece,100.34096,82.237079
2509,2,1,2025-09-14,Turkey,Germany,56.319711,95.084984
2510,1,1,2025-09-14,Finland,Greece,88.113394,89.163025
2510,2,1,2025-09-14,Turkey,Germany,76.288999,93.03778
2511,1,1,2025-09-14,Finland,Greece,102.41558,90.027887
2511,2,1,2025-09-14,Turkey,Germany,65.783957,83.011258
2512,1,1,2025-09-14,Finland,Greece,79.704291,78.482933
2512,2,1,2025-09-14,Turkey,Germany,85.552627,83.839785
2513,1,1,2025-09-14,Finland,Greece,119.98586,96.008018
2513,2,1,2025-09-14,Turkey,Germany,86.970598,104.03807
2514,1,1,2025-09-14,Finland,Greece,67.307024,62.951331
2514,2,1,2025-09-14,Turkey,Germany,72.109511,96.876073
2515,1,1,2025-09-14,Finland,Greece,119.2471,90.024516
2515,2,1,2025-09-14,Turkey,Germany,120.13088,108.59946
2516,1,1,2025-09-14,Finland,Greece,102.74051,84.058408
2516,2,1,2025-09-14,Turkey,Germany,79.373334,92.598368
2517,1,1,2025-09-14,Finland,Greece,82.457585,72.901644
2517,2,1,2025-09-14,Turkey,Germany,79.672536,85.682793
2518,1,1,2025-09-14,Finland,Greece,110.72527,80.603863
2518,2,1,2025-09-14,Turkey,Germany,92.455135,103.8342
2519,1,1,2025-09-14,Finland,Greece,76.517797,63.536675
2519,2,1,2025-09-14,Turkey,Germany,98.326727,93.977489
2520,1,1,2025-09-14,Finland,Greece,87.560662,84.670438
2520,2,1,2025-09-14,Turkey,Germany,78.050339,89.604707
2521,1,1,2025-09-14,Finland,Greece,77.07228,86.04955
2521,2,1,2025-09-14,Turkey,Germany,86.840481,113.985
2522,1,1,2025-09-14,Finland,Greece,111.32791,100.53556
2522,2,1,2025-09-14,Turkey,Germany,79.913251,79.209827
2523,1,1,2025-09-14,Finland,Greece,85.274414,76.172472
2523,2,1,2025-09-14,Turkey,Germany,101.83989,102.98229
2524,1,1,2025-09-14,Finland,Greece,100.53165,80.848006
2524,2,1,2025-09-14,Turkey,Germany,98.151083,105.10922
2525,1,1,2025-09-14,Finland,Greece,82.207115,68.950818
2525,2,1,2025-09-14,Turkey,Germany,71.751608,99.822915
2526,1,1,2025-09-14,Finland,Greece,104.83678,93.111492
2526,2,1,2025-09-14,Turkey,Germany,87.409192,95.079089
2527,1,1,2025-09-14,Finland,Greece,100.38671,86.965815
2527,2,1,2025-09-14,Turkey,Germany,82.563973,87.960121
2528,1,1,2025-09-14,Finland,Greece,98.958402,79.533653
2528,2,1,2025-09-14,Turkey,Germany,84.047932,87.590074
2529,1,1,2025-09-14,Finland,Greece,100.68475,72.858918
2529,2,1,2025-09-14,Turkey,Germany,66.625617,109.30105
2530,1,1,2025-09-14,Finland,Greece,97.414309,110.43976
2530,2,1,2025-09-14,Turkey,Germany,75.635901,101.93212
2531,1,1,2025-09-14,Finland,Greece,84.927358,89.394037
2531,2,1,2025-09-14,Turkey,Germany,82.808236,100.09898
2532,1,1,2025-09-14,Finland,Greece,95.232173,70.527439
2532,2,1,2025-09-14,Turkey,Germany,80.67735,105.90827
2533,1,1,2025-09-14,Finland,Greece,77.364744,93.658831
2533,2,1,2025-09-14,Turkey,Germany,90.02321,103.08298
2534,1,1,2025-09-14,Finland,Greece,93.910236,90.136041
2534,2,1,2025-09-14,Turkey,Germany,89.985758,99.316196
2535,1,1,2025-09-14,Finland,Greece,120.48809,72.882023
2535,2,1,2025-09-14,Turkey,Germany,67.317311,83.156641
2536,1,1,2025-09-14,Finland,Greece,65.466618,79.712677
2536,2,1,2025-09-14,Turkey,Germany,90.931387,93.935142
2537,1,1,2025-09-14,Finland,Greece,85.333481,88.825599
2537,2,1,2025-09-14,Turkey,Germany,96.065107,86.66121
2538,1,1,2025-09-14,Finland,Greece,90.790635,86.883254
2538,2,1,2025-09-14,Turkey,Germany,106.26494,97.882929
2539,1,1,2025-09-14,Finland,Greece,110.97377,78.993803
2539,2,1,2025-09-14,Turkey,Germany,92.563409,85.586379
2540,1,1,2025-09-14,Finland,Greece,94.035936,80.752063
2540,2,1,2025-09-14,Turkey,Germany,83.998617,98.276478
2541,1,1,2025-09-14,Finland,Greece,86.221963,81.504255
2541,2,1,2025-09-14,Turkey,Germany,86.834736,94.053016
2542,1,1,2025-09-14,Finland,Greece,89.18876,68.864976
2542,2,1,2025-09-14,Turkey,Germany,87.103288,102.77546
2543,1,1,2025-09-14,Finland,Greece,108.66222,96.313132
2543,2,1,2025-09-14,Turkey,Germany,88.177069,102.79657
2544,1,1,2025-09-14,Finland,Greece,98.107822,68.76624
2544,2,1,2025-09-14,Turkey,Germany,64.103305,91.740372
2545,1,1,2025-09-14,Finland,Greece,101.4017,78.048879
2545,2,1,2025-09-14,Turkey,Germany,77.834454,83.759068
2546,1,1,2025-09-14,Finland,Greece,104.78797,79.134537
2546,2,1,2025-09-14,Turkey,Germany,78.543348,79.980456
2547,1,1,2025-09-14,Finland,Greece,113.57129,68.119283
2547,2,1,2025-09-14,Turkey,Germany,78.44082,85.273926
2548,1,1,2025-09-14,Finland,Greece,95.983834,86.124438
2548,2,1,2025-09-14,Turkey,Germany,76.521088,83.011788
2549,1,1,2025-09-14,Finland,Greece,93.336697,102.59735
2549,2,1,2025-09-14,Turkey,Germany,83.375322,92.525949
2550,1,1,2025-09-14,Finland,Greece,75.533023,75.210519
2550,2,1,2025-09-14,Turkey,Germany,85.98904,98.373804
2551,1,1,2025-09-14,Finland,Greece,90.321468,102.68693
2551,2,1,2025-09-14,Turkey,Germany,78.906518,70.767941
2552,1,1,2025-09-14,Finland,Greece,94.565208,78.260172
2552,2,1,2025-09-14,Turkey,Germany,76.987396,101.05269
2553,1,1,2025-09-14,Finland,Greece,72.024308,79.739099
2553,2,1,2025-09-14,Turkey,Germany,78.81842,86.768584
2554,1,1,2025-09-14,Finland,Greece,87.171325,75.792044
2554,2,1,2025-09-14,Turkey,Germany,86.756145,97.279358
2555,1,1,2025-09-14,Finland,Greece,111.02153,83.578789
2555,2,1,2025-09-14,Turkey,Germany,78.98738,97.899755
2556,1,1,2025-09-14,Finland,Greece,92.104478,85.57952
2556,2,1,2025-09-14,Turkey,Germany,79.704768,107.251
2557,1,1,2025-09-14,Finland,Greece,68.475096,60.355839
2557,2,1,2025-09-14,Turkey,Germany,78.37827,89.353775
2558,1,1,2025-09-14,Finland,Greece,95.909513,79.119425
2558,2,1,2025-09-14,Turkey,Germany,79.822649,93.732049
2559,1,1,2025-09-14,Finland,Greece,101.55389,88.396652
2559,2,1,2025-09-14,Turkey,Germany,93.141245,99.860807
2560,1,1,2025-09-14,Finland,Greece,105.01774,87.57233
2560,2,1,2025-09-14,Turkey,Germany,76.686107,79.880585
2561,1,1,2025-09-14,Finland,Greece,96.771209,77.884068
2561,2,1,2025-09-14,Turkey,Germany,106.67681,88.165696
2562,1,1,2025-09-14,Finland,Greece,94.326595,68.470399
2562,2,1,2025-09-14,Turkey,Germany,70.661084,87.980952
2563,1,1,2025-09-14,Finland,Greece,104.78845,76.360726
2563,2,1,2025-09-14,Turkey,Germany,80.020028,85.675281
2564,1,1,2025-09-14,Finland,Greece,94.519899,85.537993
2564,2,1,2025-09-14,Turkey,Germany,74.050109,84.087241
2565,1,1,2025-09-14,Finland,Greece,88.104439,70.446539
2565,2,1,2025-09-14,Turkey,Germany,88.796473,101.82544
2566,1,1,2025-09-14,Finland,Greece,85.185781,86.412551
2566,2,1,2025-09-14,Turkey,Germany,103.44788,99.099912
2567,1,1,2025-09-14,Finland,Greece,75.801306,57.179159
2567,2,1,2025-09-14,Turkey,Germany,78.22887,82.064332
2568,1,1,2025-09-14,Finland,Greece,113.57012,85.068752
2568,2,1,2025-09-14,Turkey,Germany,101.26456,103.97146
2569,1,1,2025-09-14,Finland,Greece,78.866449,80.040668
2569,2,1,2025-09-14,Turkey,Germany,93.373881,91.422532
2570,1,1,2025-09-14,Finland,Greece,96.849486,90.777524
2570,2,1,2025-09-14,Turkey,Germany,66.803252,94.037751
2571,1,1,2025-09-14,Finland,Greece,94.52834,76.02764
2571,2,1,2025-09-14,Turkey,Germany,97.418794,122.10349
2572,1,1,2025-09-14,Finland,Greece,79.348711,82.613828
2572,2,1,2025-09-14,Turkey,Germany,117.32186,128.88223
2573,1,1,2025-09-14,Finland,Greece,74.847677,83.736039
2573,2,1,2025-09-14,Turkey,Germany,82.371294,95.118101
2574,1,1,2025-09-14,Finland,Greece,91.04538,94.895551
2574,2,1,2025-09-14,Turkey,Germany,86.710823,65.847171
2575,1,1,2025-09-14,Finland,Greece,110.70922,87.073017
2575,2,1,2025-09-14,Turkey,Germany,86.636819,106.25855
2576,1,1,2025-09-14,Finland,Greece,93.365315,80.267383
2576,2,1,2025-09-14,Turkey,Germany,82.262534,101.24724
2577,1,1,2025-09-14,Finland,Greece,101.83084,76.968958
2577,2,1,2025-09-14,Turkey,Germany,95.045548,105.66348
2578,1,1,2025-09-14,Finland,Greece,94.661855,79.205049
2578,2,1,2025-09-14,Turkey,Germany,87.426212,92.209578
2579,1,1,2025-09-14,Finland,Greece,93.489679,97.388553
2579,2,1,2025-09-14,Turkey,Germany,78.0566,90.143958
2580,1,1,2025-09-14,Finland,Greece,93.403109,64.825583
2580,2,1,2025-09-14,Turkey,Germany,85.627888,110.57905
2581,1,1,2025-09-14,Finland,Greece,88.088373,93.446016
2581,2,1,2025-09-14,Turkey,Germany,79.667961,97.977528
2582,1,1,2025-09-14,Finland,Greece,87.771046,84.573383
2582,2,1,2025-09-14,Turkey,Germany,81.520912,84.495301
2583,1,1,2025-09-14,Finland,Greece,82.706379,85.255338
2583,2,1,2025-09-14,Turkey,Germany,84.020028,99.680728
2584,1,1,2025-09-14,Finland,Greece,98.901613,82.033662
2584,2,1,2025-09-14,Turkey,Germany,90.036423,97.253769
2585,1,1,2025-09-14,Finland,Greece,98.224131,94.373486
2585,2,1,2025-09-14,Turkey,Germany,89.137789,93.682177
2586,1,1,2025-09-14,Finland,Greece,90.560621,94.880809
2586,2,1,2025-09-14,Turkey,Germany,93.69796,133.09798
2587,1,1,2025-09-14,Finland,Greece,84.474179,74.148559
2587,2,1,2025-09-14,Turkey,Germany,78.654956,93.814767
2588,1,1,2025-09-14,Finland,Greece,101.49953,86.670931
2588,2,1,2025-09-14,Turkey,Germany,81.492844,69.752862
2589,1,1,2025-09-14,Finland,Greece,109.82268,67.199081
2589,2,1,2025-09-14,Turkey,Germany,81.479406,98.478826
2590,1,1,2025-09-14,Finland,Greece,91.92989,79.403004
2590,2,1,2025-09-14,Turkey,Germany,77.649107,93.016334
2591,1,1,2025-09-14,Finland,Greece,92.552022,78.275423
2591,2,1,2025-09-14,Turkey,Germany,86.308733,100.46794
2592,1,1,2025-09-14,Finland,Greece,79.480943,52.972003
2592,2,1,2025-09-14,Turkey,Germany,67.60761,87.715802
2593,1,1,2025-09-14,Finland,Greece,89.480103,80.86376
2593,2,1,2025-09-14,Turkey,Germany,83.25572,104.0865
2594,1,1,2025-09-14,Finland,Greece,98.588771,94.132776
2594,2,1,2025-09-14,Turkey,Germany,66.699374,73.331007
2595,1,1,2025-09-14,Finland,Greece,101.19401,98.991377
2595,2,1,2025-09-14,Turkey,Germany,90.923062,97.468717
2596,1,1,2025-09-14,Finland,Greece,85.631258,76.104674
2596,2,1,2025-09-14,Turkey,Germany,87.11217,94.919771
2597,1,1,2025-09-14,Finland,Greece,89.017948,80.396591
2597,2,1,2025-09-14,Turkey,Germany,83.026717,90.509137
2598,1,1,2025-09-14,Finland,Greece,85.123883,76.179203
2598,2,1,2025-09-14,Turkey,Germany,86.575311,92.781849
2599,1,1,2025-09-14,Finland,Greece,75.848412,80.364642
2599,2,1,2025-09-14,Turkey,Germany,71.730782,113.94816
2600,1,1,2025-09-14,Finland,Greece,93.614191,79.840285
2600,2,1,2025-09-14,Turkey,Germany,90.70471,80.684605
2601,1,1,2025-09-14,Finland,Greece,88.104761,84.11642
2601,2,1,2025-09-14,Turkey,Germany,76.957383,91.407609
2602,1,1,2025-09-14,Finland,Greece,94.224198,57.609415
2602,2,1,2025-09-14,Turkey,Germany,67.996532,88.209209
2603,1,1,2025-09-14,Finland,Greece,84.82013,86.708189
2603,2,1,2025-09-14,Turkey,Germany,91.077849,96.629344
2604,1,1,2025-09-14,Finland,Greece,100.89359,89.910983
2604,2,1,2025-09-14,Turkey,Germany,50.526757,81.111825
2605,1,1,2025-09-14,Finland,Greece,92.322896,72.604657
2605,2,1,2025-09-14,Turkey,Germany,86.604264,90.336218
2606,1,1,2025-09-14,Finland,Greece,102.39172,84.421338
2606,2,1,2025-09-14,Turkey,Germany,74.84308,93.234641
2607,1,1,2025-09-14,Finland,Greece,93.525349,72.508024
2607,2,1,2025-09-14,Turkey,Germany,96.644848,102.39654
2608,1,1,2025-09-14,Finland,Greece,109.68224,84.184061
2608,2,1,2025-09-14,Turkey,Germany,80.066621,108.74239
2609,1,1,2025-09-14,Finland,Greece,103.33461,82.795457
2609,2,1,2025-09-14,Turkey,Germany,91.582842,88.666417
2610,1,1,2025-09-14,Finland,Greece,106.54077,71.575157
2610,2,1,2025-09-14,Turkey,Germany,111.56,92.312648
2611,1,1,2025-09-14,Finland,Greece,101.6965,87.79802
2611,2,1,2025-09-14,Turkey,Germany,76.825556,107.24642
2612,1,1,2025-09-14,Finland,Greece,82.672837,85.085314
2612,2,1,2025-09-14,Turkey,Germany,81.393959,105.63069
2613,1,1,2025-09-14,Finland,Greece,106.3096,93.9656
2613,2,1,2025-09-14,Turkey,Germany,105.82685,96.540672
2614,1,1,2025-09-14,Finland,Greece,85.06089,70.459977
2614,2,1,2025-09-14,Turkey,Germany,51.265396,101.58866
2615,1,1,2025-09-14,Finland,Greece,89.584851,111.86398
2615,2,1,2025-09-14,Turkey,Germany,91.294362,86.744445
2616,1,1,2025-09-14,Finland,Greece,92.009958,95.446936
2616,2,1,2025-09-14,Turkey,Germany,97.22977,103.27545
2617,1,1,2025-09-14,Finland,Greece,110.33886,94.199852
2617,2,1,2025-09-14,Turkey,Germany,78.046148,89.845859
2618,1,1,2025-09-14,Finland,Greece,97.310566,90.883377
2618,2,1,2025-09-14,Turkey,Germany,67.705367,82.550833
2619,1,1,2025-09-14,Finland,Greece,93.173459,86.497769
2619,2,1,2025-09-14,Turkey,Germany,95.768877,91.095656
2620,1,1,2025-09-14,Finland,Greece,96.124425,55.043955
2620,2,1,2025-09-14,Turkey,Germany,87.859478,87.527239
2621,1,1,2025-09-14,Finland,Greece,95.14863,88.68983
2621,2,1,2025-09-14,Turkey,Germany,81.950107,113.14418
2622,1,1,2025-09-14,Finland,Greece,98.834868,75.027849
2622,2,1,2025-09-14,Turkey,Germany,94.957273,98.087071
2623,1,1,2025-09-14,Finland,Greece,102.64033,89.657417
2623,2,1,2025-09-14,Turkey,Germany,80.169731,110.00164
2624,1,1,2025-09-14,Finland,Greece,95.566019,89.773148
2624,2,1,2025-09-14,Turkey,Germany,87.25271,99.186399
2625,1,1,2025-09-14,Finland,Greece,95.893711,79.941355
2625,2,1,2025-09-14,Turkey,Germany,81.833618,98.884865
2626,1,1,2025-09-14,Finland,Greece,95.252098,108.97552
2626,2,1,2025-09-14,Turkey,Germany,57.817252,94.806807
2627,1,1,2025-09-14,Finland,Greece,90.00182,83.086801
2627,2,1,2025-09-14,Turkey,Germany,85.967979,88.401158
2628,1,1,2025-09-14,Finland,Greece,90.180631,88.222907
2628,2,1,2025-09-14,Turkey,Germany,80.684601,99.095415
2629,1,1,2025-09-14,Finland,Greece,139.17259,103.42372
2629,2,1,2025-09-14,Turkey,Germany,88.796812,102.84672
2630,1,1,2025-09-14,Finland,Greece,95.354102,83.944743
2630,2,1,2025-09-14,Turkey,Germany,76.947414,104.43119
2631,1,1,2025-09-14,Finland,Greece,85.330603,107.34202
2631,2,1,2025-09-14,Turkey,Germany,86.06143,90.722919
2632,1,1,2025-09-14,Finland,Greece,92.278204,76.601361
2632,2,1,2025-09-14,Turkey,Germany,85.810979,100.23057
2633,1,1,2025-09-14,Finland,Greece,90.779557,91.36444
2633,2,1,2025-09-14,Turkey,Germany,92.64551,93.624197
2634,1,1,2025-09-14,Finland,Greece,96.073692,88.744138
2634,2,1,2025-09-14,Turkey,Germany,76.762482,99.731079
2635,1,1,2025-09-14,Finland,Greece,94.768381,72.707265
2635,2,1,2025-09-14,Turkey,Germany,112.21718,105.06345
2636,1,1,2025-09-14,Finland,Greece,94.074679,75.990207
2636,2,1,2025-09-14,Turkey,Germany,86.72044,96.944813
2637,1,1,2025-09-14,Finland,Greece,92.842666,76.144735
2637,2,1,2025-09-14,Turkey,Germany,91.514464,105.48752
2638,1,1,2025-09-14,Finland,Greece,120.21673,92.943137
2638,2,1,2025-09-14,Turkey,Germany,100.78145,80.41956
2639,1,1,2025-09-14,Finland,Greece,109.90398,77.025688
2639,2,1,2025-09-14,Turkey,Germany,87.945356,102.45637
2640,1,1,2025-09-14,Finland,Greece,73.358577,74.056465
2640,2,1,2025-09-14,Turkey,Germany,88.428751,92.622089
2641,1,1,2025-09-14,Finland,Greece,111.46611,93.220994
2641,2,1,2025-09-14,Turkey,Germany,89.919057,102.16322
2642,1,1,2025-09-14,Finland,Greece,110.22625,92.875055
2642,2,1,2025-09-14,Turkey,Germany,68.263555,91.239102
2643,1,1,2025-09-14,Finland,Greece,107.89188,100.68735
2643,2,1,2025-09-14,Turkey,Germany,80.715889,82.531666
2644,1,1,2025-09-14,Finland,Greece,102.78105,61.887721
2644,2,1,2025-09-14,Turkey,Germany,73.028008,100.09666
2645,1,1,2025-09-14,Finland,Greece,82.07178,81.733568
2645,2,1,2025-09-14,Turkey,Germany,84.446175,97.607953
2646,1,1,2025-09-14,Finland,Greece,84.512056,71.352975
2646,2,1,2025-09-14,Turkey,Germany,76.341606,101.53116
2647,1,1,2025-09-14,Finland,Greece,92.089194,76.427167
2647,2,1,2025-09-14,Turkey,Germany,82.551661,86.839726
2648,1,1,2025-09-14,Finland,Greece,100.45067,91.180351
2648,2,1,2025-09-14,Turkey,Germany,79.495596,90.401655
2649,1,1,2025-09-14,Finland,Greece,99.392523,102.44117
2649,2,1,2025-09-14,Turkey,Germany,74.602575,100.99313
2650,1,1,2025-09-14,Finland,Greece,95.681526,98.852405
2650,2,1,2025-09-14,Turkey,Germany,82.202188,91.381721
2651,1,1,2025-09-14,Finland,Greece,90.948366,75.855207
2651,2,1,2025-09-14,Turkey,Germany,68.104109,97.11028
2652,1,1,2025-09-14,Finland,Greece,101.89328,97.308673
2652,2,1,2025-09-14,Turkey,Germany,92.936522,95.471803
2653,1,1,2025-09-14,Finland,Greece,85.21262,68.479572
2653,2,1,2025-09-14,Turkey,Germany,74.186285,83.977912
2654,1,1,2025-09-14,Finland,Greece,93.157027,91.35194
2654,2,1,2025-09-14,Turkey,Germany,96.03643,102.753
2655,1,1,2025-09-14,Finland,Greece,100.1386,88.923911
2655,2,1,2025-09-14,Turkey,Germany,84.851842,94.250983
2656,1,1,2025-09-14,Finland,Greece,123.66277,82.568338
2656,2,1,2025-09-14,Turkey,Germany,101.27895,117.29656
2657,1,1,2025-09-14,Finland,Greece,93.191977,89.35184
2657,2,1,2025-09-14,Turkey,Germany,71.510119,112.85027
2658,1,1,2025-09-14,Finland,Greece,73.691483,85.651356
2658,2,1,2025-09-14,Turkey,Germany,86.43597,98.509724
2659,1,1,2025-09-14,Finland,Greece,117.50465,93.619916
2659,2,1,2025-09-14,Turkey,Germany,76.711616,99.521061
2660,1,1,2025-09-14,Finland,Greece,100.9826,79.859805
2660,2,1,2025-09-14,Turkey,Germany,92.463206,114.78451
2661,1,1,2025-09-14,Finland,Greece,120.33687,85.986851
2661,2,1,2025-09-14,Turkey,Germany,100.58564,82.871945
2662,1,1,2025-09-14,Finland,Greece,104.64575,95.259989
2662,2,1,2025-09-14,Turkey,Germany,91.816802,88.784146
2663,1,1,2025-09-14,Finland,Greece,103.66065,88.138224
2663,2,1,2025-09-14,Turkey,Germany,84.498355,91.077062
2664,1,1,2025-09-14,Finland,Greece,87.962248,78.311828
2664,2,1,2025-09-14,Turkey,Germany,83.177215,108.84348
2665,1,1,2025-09-14,Finland,Greece,94.558733,70.831467
2665,2,1,2025-09-14,Turkey,Germany,68.150194,93.763087
2666,1,1,2025-09-14,Finland,Greece,100.42221,76.421463
2666,2,1,2025-09-14,Turkey,Germany,62.625426,84.274508
2667,1,1,2025-09-14,Finland,Greece,107.82742,132.21638
2667,2,1,2025-09-14,Turkey,Germany,86.985331,96.075615
2668,1,1,2025-09-14,Finland,Greece,96.315586,79.236091
2668,2,1,2025-09-14,Turkey,Germany,85.200249,74.384961
2669,1,1,2025-09-14,Finland,Greece,105.26972,82.775916
2669,2,1,2025-09-14,Turkey,Germany,82.723529,91.18335
2670,1,1,2025-09-14,Finland,Greece,98.261245,66.787208
2670,2,1,2025-09-14,Turkey,Germany,83.006882,93.218331
2671,1,1,2025-09-14,Finland,Greece,82.654845,74.514109
2671,2,1,2025-09-14,Turkey,Germany,84.300125,106.37845
2672,1,1,2025-09-14,Finland,Greece,88.314309,91.537454
2672,2,1,2025-09-14,Turkey,Germany,76.737912,100.68209
2673,1,1,2025-09-14,Finland,Greece,103.91381,99.274402
2673,2,1,2025-09-14,Turkey,Germany,104.28077,108.79562
2674,1,1,2025-09-14,Finland,Greece,92.018135,77.430516
2674,2,1,2025-09-14,Turkey,Germany,84.162748,88.750949
2675,1,1,2025-09-14,Finland,Greece,97.577623,89.643171
2675,2,1,2025-09-14,Turkey,Germany,77.419589,115.0723
2676,1,1,2025-09-14,Finland,Greece,112.28611,89.771163
2676,2,1,2025-09-14,Turkey,Germany,110.37119,98.044977
2677,1,1,2025-09-14,Finland,Greece,98.617945,92.016381
2677,2,1,2025-09-14,Turkey,Germany,100.55429,88.893061
2678,1,1,2025-09-14,Finland,Greece,104.70718,77.003942
2678,2,1,2025-09-14,Turkey,Germany,85.460058,102.91673
2679,1,1,2025-09-14,Finland,Greece,95.157995,78.638933
2679,2,1,2025-09-14,Turkey,Germany,80.911762,96.800287
2680,1,1,2025-09-14,Finland,Greece,100.32439,80.813918
2680,2,1,2025-09-14,Turkey,Germany,87.230984,93.249784
2681,1,1,2025-09-14,Finland,Greece,89.147669,80.62692
2681,2,1,2025-09-14,Turkey,Germany,72.168953,96.203425
2682,1,1,2025-09-14,Finland,Greece,112.61575,99.326065
2682,2,1,2025-09-14,Turkey,Germany,85.821974,95.908053
2683,1,1,2025-09-14,Finland,Greece,75.484012,73.0471
2683,2,1,2025-09-14,Turkey,Germany,82.401261,89.62002
2684,1,1,2025-09-14,Finland,Greece,95.897917,89.164425
2684,2,1,2025-09-14,Turkey,Germany,80.722229,92.742678
2685,1,1,2025-09-14,Finland,Greece,108.53985,99.047516
2685,2,1,2025-09-14,Turkey,Germany,94.085672,94.066414
2686,1,1,2025-09-14,Finland,Greece,105.94523,86.337616
2686,2,1,2025-09-14,Turkey,Germany,76.429611,87.437506
2687,1,1,2025-09-14,Finland,Greece,92.715047,94.255749
2687,2,1,2025-09-14,Turkey,Germany,83.302449,88.616368
2688,1,1,2025-09-14,Finland,Greece,107.75056,96.242672
2688,2,1,2025-09-14,Turkey,Germany,94.183874,92.786254
2689,1,1,2025-09-14,Finland,Greece,100.64886,77.189177
2689,2,1,2025-09-14,Turkey,Germany,85.195265,76.171928
2690,1,1,2025-09-14,Finland,Greece,88.185354,105.46698
2690,2,1,2025-09-14,Turkey,Germany,91.195405,102.98823
2691,1,1,2025-09-14,Finland,Greece,93.414173,90.700225
2691,2,1,2025-09-14,Turkey,Germany,76.054832,76.065283
2692,1,1,2025-09-14,Finland,Greece,96.573316,75.426722
2692,2,1,2025-09-14,Turkey,Germany,95.182958,91.61445
2693,1,1,2025-09-14,Finland,Greece,71.686072,77.095333
2693,2,1,2025-09-14,Turkey,Germany,98.813467,86.381992
2694,1,1,2025-09-14,Finland,Greece,95.751548,92.304714
2694,2,1,2025-09-14,Turkey,Germany,85.467342,116.50531
2695,1,1,2025-09-14,Finland,Greece,88.913039,76.227071
2695,2,1,2025-09-14,Turkey,Germany,106.18464,106.02954
2696,1,1,2025-09-14,Finland,Greece,93.096596,81.881105
2696,2,1,2025-09-14,Turkey,Germany,73.368501,106.11917
2697,1,1,2025-09-14,Finland,Greece,80.552926,82.876285
2697,2,1,2025-09-14,Turkey,Germany,87.855779,107.69644
2698,1,1,2025-09-14,Finland,Greece,98.592979,72.342108
2698,2,1,2025-09-14,Turkey,Germany,79.898672,101.89316
2699,1,1,2025-09-14,Finland,Greece,116.82819,108.81184
2699,2,1,2025-09-14,Turkey,Germany,81.842408,85.940333999999993
2700,1,1,2025-09-14,Finland,Greece,77.612806,72.368412
2700,2,1,2025-09-14,Turkey,Germany,83.309922,99.055505
2701,1,1,2025-09-14,Finland,Greece,84.258486,81.69743
2701,2,1,2025-09-14,Turkey,Germany,82.303797,103.15658
2702,1,1,2025-09-14,Finland,Greece,90.392604,74.64465
2702,2,1,2025-09-14,Turkey,Germany,96.344292,85.462386
2703,1,1,2025-09-14,Finland,Greece,85.162102,77.788341
2703,2,1,2025-09-14,Turkey,Germany,84.305685,110.54768
2704,1,1,2025-09-14,Finland,Greece,103.21493,106.30893
2704,2,1,2025-09-14,Turkey,Germany,84.110326,93.310717
2705,1,1,2025-09-14,Finland,Greece,90.118025,82.33487
2705,2,1,2025-09-14,Turkey,Germany,69.694429,83.261688
2706,1,1,2025-09-14,Finland,Greece,88.746007,73.945264
2706,2,1,2025-09-14,Turkey,Germany,79.200342,84.376239
2707,1,1,2025-09-14,Finland,Greece,102.10234,96.224331
2707,2,1,2025-09-14,Turkey,Germany,95.239709,91.30867
2708,1,1,2025-09-14,Finland,Greece,88.366155,77.647161
2708,2,1,2025-09-14,Turkey,Germany,64.541165,77.013061
2709,1,1,2025-09-14,Finland,Greece,90.430813,75.231519
2709,2,1,2025-09-14,Turkey,Germany,77.462121,91.410423
2710,1,1,2025-09-14,Finland,Greece,103.7674,70.64716
2710,2,1,2025-09-14,Turkey,Germany,65.151331,79.000491
2711,1,1,2025-09-14,Finland,Greece,103.90839,108.21492
2711,2,1,2025-09-14,Turkey,Germany,95.285251,109.21003
2712,1,1,2025-09-14,Finland,Greece,99.68282,96.053245
2712,2,1,2025-09-14,Turkey,Germany,82.326871,105.89628
2713,1,1,2025-09-14,Finland,Greece,80.920334,95.823645
2713,2,1,2025-09-14,Turkey,Germany,68.573838,93.390272
2714,1,1,2025-09-14,Finland,Greece,68.566876,58.265522
2714,2,1,2025-09-14,Turkey,Germany,116.1368,93.505474
2715,1,1,2025-09-14,Finland,Greece,110.47567,97.50096
2715,2,1,2025-09-14,Turkey,Germany,71.256013,90.33848
2716,1,1,2025-09-14,Finland,Greece,93.31549,93.031439
2716,2,1,2025-09-14,Turkey,Germany,77.606808,95.130517
2717,1,1,2025-09-14,Finland,Greece,104.8499,82.832287
2717,2,1,2025-09-14,Turkey,Germany,92.120455,86.805049
2718,1,1,2025-09-14,Finland,Greece,84.063494,64.702852
2718,2,1,2025-09-14,Turkey,Germany,55.290947,89.628634
2719,1,1,2025-09-14,Finland,Greece,90.840179,85.616835
2719,2,1,2025-09-14,Turkey,Germany,88.577326,107.61858
2720,1,1,2025-09-14,Finland,Greece,92.28179,67.257671
2720,2,1,2025-09-14,Turkey,Germany,85.984175,83.145132
2721,1,1,2025-09-14,Finland,Greece,102.13396,91.711558
2721,2,1,2025-09-14,Turkey,Germany,85.107367,87.303018
2722,1,1,2025-09-14,Finland,Greece,89.218022,81.589052
2722,2,1,2025-09-14,Turkey,Germany,88.875811,88.665866
2723,1,1,2025-09-14,Finland,Greece,101.67982,92.556278
2723,2,1,2025-09-14,Turkey,Germany,82.387465,80.3966
2724,1,1,2025-09-14,Finland,Greece,88.257477,86.32713
2724,2,1,2025-09-14,Turkey,Germany,93.944459,114.75346
2725,1,1,2025-09-14,Finland,Greece,107.25284,78.806687
2725,2,1,2025-09-14,Turkey,Germany,92.961099,112.49129
2726,1,1,2025-09-14,Finland,Greece,87.9182,89.70958
2726,2,1,2025-09-14,Turkey,Germany,83.13037,94.393168
2727,1,1,2025-09-14,Finland,Greece,95.582902,85.284588
2727,2,1,2025-09-14,Turkey,Germany,71.857313,101.47176
2728,1,1,2025-09-14,Finland,Greece,104.91606,81.56489
2728,2,1,2025-09-14,Turkey,Germany,81.08703,77.820634
2729,1,1,2025-09-14,Finland,Greece,92.848824,76.935885
2729,2,1,2025-09-14,Turkey,Germany,84.347239,93.594539
2730,1,1,2025-09-14,Finland,Greece,103.13699,87.936607
2730,2,1,2025-09-14,Turkey,Germany,79.12495,92.429161
2731,1,1,2025-09-14,Finland,Greece,99.532735,80.038676
2731,2,1,2025-09-14,Turkey,Germany,77.411089,107.35618
2732,1,1,2025-09-14,Finland,Greece,85.120635,95.801338
2732,2,1,2025-09-14,Turkey,Germany,83.352235,77.741305
2733,1,1,2025-09-14,Finland,Greece,95.731833,78.06975
2733,2,1,2025-09-14,Turkey,Germany,79.619781,88.12694
2734,1,1,2025-09-14,Finland,Greece,84.398091,83.22914
2734,2,1,2025-09-14,Turkey,Germany,71.367275,90.400984
2735,1,1,2025-09-14,Finland,Greece,98.325741,76.205642
2735,2,1,2025-09-14,Turkey,Germany,82.84985,78.559597
2736,1,1,2025-09-14,Finland,Greece,96.15434,77.055197
2736,2,1,2025-09-14,Turkey,Germany,68.737565,92.815198
2737,1,1,2025-09-14,Finland,Greece,90.878927,75.204081
2737,2,1,2025-09-14,Turkey,Germany,83.738455,103.51639
2738,1,1,2025-09-14,Finland,Greece,80.929113,107.09304
2738,2,1,2025-09-14,Turkey,Germany,89.791512,95.821893
2739,1,1,2025-09-14,Finland,Greece,87.821014,75.816668
2739,2,1,2025-09-14,Turkey,Germany,81.736707,103.10542
2740,1,1,2025-09-14,Finland,Greece,88.522104,80.485073
2740,2,1,2025-09-14,Turkey,Germany,91.862065,87.878823
2741,1,1,2025-09-14,Finland,Greece,94.478418,106.28479
2741,2,1,2025-09-14,Turkey,Germany,91.614425,87.189765
2742,1,1,2025-09-14,Finland,Greece,97.171334,74.675779
2742,2,1,2025-09-14,Turkey,Germany,81.812372,85.967432
2743,1,1,2025-09-14,Finland,Greece,100.16204,89.290468
2743,2,1,2025-09-14,Turkey,Germany,91.755976,102.34858
2744,1,1,2025-09-14,Finland,Greece,115.11292,58.428501
2744,2,1,2025-09-14,Turkey,Germany,97.652496,113.6584
2745,1,1,2025-09-14,Finland,Greece,111.41358,79.618797
2745,2,1,2025-09-14,Turkey,Germany,77.479749,86.971612
2746,1,1,2025-09-14,Finland,Greece,65.498337,59.761241
2746,2,1,2025-09-14,Turkey,Germany,93.503813,107.514
2747,1,1,2025-09-14,Finland,Greece,100.4394,89.547599
2747,2,1,2025-09-14,Turkey,Germany,95.357388,104.26441
2748,1,1,2025-09-14,Finland,Greece,89.926155,67.739496
2748,2,1,2025-09-14,Turkey,Germany,75.452929,94.953364
2749,1,1,2025-09-14,Finland,Greece,78.285141,74.377102
2749,2,1,2025-09-14,Turkey,Germany,78.39508,84.059676
2750,1,1,2025-09-14,Finland,Greece,101.91272,82.529898
2750,2,1,2025-09-14,Turkey,Germany,90.386523,92.08343
2751,1,1,2025-09-14,Finland,Greece,93.727418,83.125845
2751,2,1,2025-09-14,Turkey,Germany,73.84159,79.242625
2752,1,1,2025-09-14,Finland,Greece,103.00811,73.263386
2752,2,1,2025-09-14,Turkey,Germany,79.16183,79.238439
2753,1,1,2025-09-14,Finland,Greece,89.296106,80.474366
2753,2,1,2025-09-14,Turkey,Germany,98.137668,88.44836
2754,1,1,2025-09-14,Finland,Greece,96.947707,96.44884
2754,2,1,2025-09-14,Turkey,Germany,84.003347,95.393249
2755,1,1,2025-09-14,Finland,Greece,102.45686,87.401941
2755,2,1,2025-09-14,Turkey,Germany,95.467064,93.301673
2756,1,1,2025-09-14,Finland,Greece,84.507326,79.727096
2756,2,1,2025-09-14,Turkey,Germany,77.057186,117.20682
2757,1,1,2025-09-14,Finland,Greece,59.422811,85.274009
2757,2,1,2025-09-14,Turkey,Germany,88.760604,74.038819
2758,1,1,2025-09-14,Finland,Greece,93.092412,85.696943
2758,2,1,2025-09-14,Turkey,Germany,66.672392,82.599788
2759,1,1,2025-09-14,Finland,Greece,82.385257,83.323104
2759,2,1,2025-09-14,Turkey,Germany,91.43555,113.37219
2760,1,1,2025-09-14,Finland,Greece,104.44956,80.667127
2760,2,1,2025-09-14,Turkey,Germany,66.07334,91.077338
2761,1,1,2025-09-14,Finland,Greece,81.448669,67.676997
2761,2,1,2025-09-14,Turkey,Germany,79.650889,103.34523
2762,1,1,2025-09-14,Finland,Greece,94.536474,74.061836
2762,2,1,2025-09-14,Turkey,Germany,95.838403,96.406148
2763,1,1,2025-09-14,Finland,Greece,100.6861,83.001156
2763,2,1,2025-09-14,Turkey,Germany,81.838714,74.101296
2764,1,1,2025-09-14,Finland,Greece,85.834724,90.340223
2764,2,1,2025-09-14,Turkey,Germany,74.016392,106.74749
2765,1,1,2025-09-14,Finland,Greece,98.888189,85.576195
2765,2,1,2025-09-14,Turkey,Germany,86.644682,92.994189
2766,1,1,2025-09-14,Finland,Greece,87.511229,70.120635
2766,2,1,2025-09-14,Turkey,Germany,85.461078,100.68525
2767,1,1,2025-09-14,Finland,Greece,106.80064,72.247433
2767,2,1,2025-09-14,Turkey,Germany,74.844099,86.123908
2768,1,1,2025-09-14,Finland,Greece,116.11261,101.48628
2768,2,1,2025-09-14,Turkey,Germany,73.525362,80.160891
2769,1,1,2025-09-14,Finland,Greece,104.05117,97.706802
2769,2,1,2025-09-14,Turkey,Germany,74.569922,86.225492
2770,1,1,2025-09-14,Finland,Greece,92.847365,72.272961
2770,2,1,2025-09-14,Turkey,Germany,94.670059,93.908847
2771,1,1,2025-09-14,Finland,Greece,108.08607,76.929151
2771,2,1,2025-09-14,Turkey,Germany,69.385365,85.745925
2772,1,1,2025-09-14,Finland,Greece,97.233396,87.766634
2772,2,1,2025-09-14,Turkey,Germany,91.041024,97.82279
2773,1,1,2025-09-14,Finland,Greece,105.95568,83.151918
2773,2,1,2025-09-14,Turkey,Germany,69.235385,79.106663
2774,1,1,2025-09-14,Finland,Greece,77.133752,83.469579
2774,2,1,2025-09-14,Turkey,Germany,66.051384,92.811901
2775,1,1,2025-09-14,Finland,Greece,91.263701,74.985558
2775,2,1,2025-09-14,Turkey,Germany,77.186485,98.506488
2776,1,1,2025-09-14,Finland,Greece,108.13068,114.08396
2776,2,1,2025-09-14,Turkey,Germany,87.202573,96.154106
2777,1,1,2025-09-14,Finland,Greece,102.38451,97.539954
2777,2,1,2025-09-14,Turkey,Germany,69.038559,89.051428
2778,1,1,2025-09-14,Finland,Greece,90.990328,71.378349
2778,2,1,2025-09-14,Turkey,Germany,88.429007,80.790928
2779,1,1,2025-09-14,Finland,Greece,95.609744,90.039028
2779,2,1,2025-09-14,Turkey,Germany,89.627111,102.55795
2780,1,1,2025-09-14,Finland,Greece,116.41617,93.851067
2780,2,1,2025-09-14,Turkey,Germany,77.782491,84.648543
2781,1,1,2025-09-14,Finland,Greece,91.529552,103.48101
2781,2,1,2025-09-14,Turkey,Germany,82.805973,75.205699
2782,1,1,2025-09-14,Finland,Greece,93.574272,79.77252
2782,2,1,2025-09-14,Turkey,Germany,79.810237,92.712091
2783,1,1,2025-09-14,Finland,Greece,101.18213,99.867329
2783,2,1,2025-09-14,Turkey,Germany,84.646049,86.562024
2784,1,1,2025-09-14,Finland,Greece,96.559848,84.206882
2784,2,1,2025-09-14,Turkey,Germany,90.726791,96.503998
2785,1,1,2025-09-14,Finland,Greece,86.397628,73.392634
2785,2,1,2025-09-14,Turkey,Germany,81.907489,107.21834
2786,1,1,2025-09-14,Finland,Greece,95.95099,65.742656
2786,2,1,2025-09-14,Turkey,Germany,89.304898,85.545186
2787,1,1,2025-09-14,Finland,Greece,108.69973,76.683417
2787,2,1,2025-09-14,Turkey,Germany,66.004845,89.60058
2788,1,1,2025-09-14,Finland,Greece,84.140689,83.450304
2788,2,1,2025-09-14,Turkey,Germany,91.32716,75.551761
2789,1,1,2025-09-14,Finland,Greece,95.232815,71.145684
2789,2,1,2025-09-14,Turkey,Germany,67.965478,104.61982
2790,1,1,2025-09-14,Finland,Greece,95.426327,91.739111
2790,2,1,2025-09-14,Turkey,Germany,78.705012,84.923103
2791,1,1,2025-09-14,Finland,Greece,86.358384,70.403711
2791,2,1,2025-09-14,Turkey,Germany,85.615585,108.10634
2792,1,1,2025-09-14,Finland,Greece,95.134203,84.467572
2792,2,1,2025-09-14,Turkey,Germany,95.051462,94.981034
2793,1,1,2025-09-14,Finland,Greece,86.539478,78.887985
2793,2,1,2025-09-14,Turkey,Germany,83.234031,103.88949
2794,1,1,2025-09-14,Finland,Greece,95.329594,83.270137
2794,2,1,2025-09-14,Turkey,Germany,76.65135,82.387065
2795,1,1,2025-09-14,Finland,Greece,99.96042,84.457089
2795,2,1,2025-09-14,Turkey,Germany,80.682996,91.07834
2796,1,1,2025-09-14,Finland,Greece,105.79219,82.897465
2796,2,1,2025-09-14,Turkey,Germany,70.441091,66.702115
2797,1,1,2025-09-14,Finland,Greece,86.417429,65.116842
2797,2,1,2025-09-14,Turkey,Germany,72.960712,97.827525
2798,1,1,2025-09-14,Finland,Greece,113.15654,83.689041
2798,2,1,2025-09-14,Turkey,Germany,77.612488,86.277245
2799,1,1,2025-09-14,Finland,Greece,79.766197,91.998152
2799,2,1,2025-09-14,Turkey,Germany,85.979098,85.713846
2800,1,1,2025-09-14,Finland,Greece,88.08404,80.927336
2800,2,1,2025-09-14,Turkey,Germany,81.141594,86.399367
2801,1,1,2025-09-14,Finland,Greece,87.852388,80.983913
2801,2,1,2025-09-14,Turkey,Germany,65.42804,81.117188
2802,1,1,2025-09-14,Finland,Greece,100.16345,86.32967
2802,2,1,2025-09-14,Turkey,Germany,90.354351,89.990254
2803,1,1,2025-09-14,Finland,Greece,108.64095,75.538115
2803,2,1,2025-09-14,Turkey,Germany,84.414959,93.893521
2804,1,1,2025-09-14,Finland,Greece,93.060909,69.054116
2804,2,1,2025-09-14,Turkey,Germany,78.576421,89.945607999999993
2805,1,1,2025-09-14,Finland,Greece,102.65029,92.632045
2805,2,1,2025-09-14,Turkey,Germany,98.216444,96.929027
2806,1,1,2025-09-14,Finland,Greece,82.717531,96.239496
2806,2,1,2025-09-14,Turkey,Germany,83.499759,75.1804
2807,1,1,2025-09-14,Finland,Greece,94.228379,64.85173
2807,2,1,2025-09-14,Turkey,Germany,86.195702,93.659414
2808,1,1,2025-09-14,Finland,Greece,80.353199,63.228854
2808,2,1,2025-09-14,Turkey,Germany,70.180033,86.379979
2809,1,1,2025-09-14,Finland,Greece,88.259248,99.324397
2809,2,1,2025-09-14,Turkey,Germany,93.213436,89.066825
2810,1,1,2025-09-14,Finland,Greece,89.694966,75.794184
2810,2,1,2025-09-14,Turkey,Germany,95.849555,96.50275
2811,1,1,2025-09-14,Finland,Greece,94.040746,78.828761
2811,2,1,2025-09-14,Turkey,Germany,90.214574,93.57656
2812,1,1,2025-09-14,Finland,Greece,76.46743,89.351986
2812,2,1,2025-09-14,Turkey,Germany,97.898658,102.2629
2813,1,1,2025-09-14,Finland,Greece,95.999084,83.686083
2813,2,1,2025-09-14,Turkey,Germany,81.839968,84.270567
2814,1,1,2025-09-14,Finland,Greece,89.145096,55.467071
2814,2,1,2025-09-14,Turkey,Germany,80.030276,107.71065
2815,1,1,2025-09-14,Finland,Greece,117.52316,108.0265
2815,2,1,2025-09-14,Turkey,Germany,93.040576,87.117197
2816,1,1,2025-09-14,Finland,Greece,86.202864,99.10104
2816,2,1,2025-09-14,Turkey,Germany,79.684111,92.036906
2817,1,1,2025-09-14,Finland,Greece,111.17944,78.124107
2817,2,1,2025-09-14,Turkey,Germany,71.117106,101.50922
2818,1,1,2025-09-14,Finland,Greece,84.156316,84.898978
2818,2,1,2025-09-14,Turkey,Germany,89.255194,89.83113
2819,1,1,2025-09-14,Finland,Greece,90.888521,76.140879
2819,2,1,2025-09-14,Turkey,Germany,76.897951,91.275856
2820,1,1,2025-09-14,Finland,Greece,78.454283,71.973327
2820,2,1,2025-09-14,Turkey,Germany,70.556399,80.974048
2821,1,1,2025-09-14,Finland,Greece,95.933519,70.224501
2821,2,1,2025-09-14,Turkey,Germany,76.265135,98.188502
2822,1,1,2025-09-14,Finland,Greece,90.551993,75.583774
2822,2,1,2025-09-14,Turkey,Germany,80.841001,107.22909
2823,1,1,2025-09-14,Finland,Greece,122.11853,74.112652
2823,2,1,2025-09-14,Turkey,Germany,73.415255,90.055762
2824,1,1,2025-09-14,Finland,Greece,82.735738,105.41622
2824,2,1,2025-09-14,Turkey,Germany,79.929879,99.546082
2825,1,1,2025-09-14,Finland,Greece,113.16891,81.943735
2825,2,1,2025-09-14,Turkey,Germany,94.777688,122.33212
2826,1,1,2025-09-14,Finland,Greece,86.946586,88.918428
2826,2,1,2025-09-14,Turkey,Germany,91.01985,101.0514
2827,1,1,2025-09-14,Finland,Greece,107.84759,98.771038
2827,2,1,2025-09-14,Turkey,Germany,74.068532,87.454355
2828,1,1,2025-09-14,Finland,Greece,94.758293,97.592127
2828,2,1,2025-09-14,Turkey,Germany,85.002635,77.78324
2829,1,1,2025-09-14,Finland,Greece,94.856107,79.492373
2829,2,1,2025-09-14,Turkey,Germany,86.336123,98.617356
2830,1,1,2025-09-14,Finland,Greece,86.716505,76.050106
2830,2,1,2025-09-14,Turkey,Germany,75.622038,89.612642
2831,1,1,2025-09-14,Finland,Greece,108.20957,85.49706
2831,2,1,2025-09-14,Turkey,Germany,85.66423,97.009224
2832,1,1,2025-09-14,Finland,Greece,101.99879,71.439809
2832,2,1,2025-09-14,Turkey,Germany,72.259652,93.24883
2833,1,1,2025-09-14,Finland,Greece,45.078588,79.823472
2833,2,1,2025-09-14,Turkey,Germany,105.40329,82.225456
2834,1,1,2025-09-14,Finland,Greece,80.861167,97.668461
2834,2,1,2025-09-14,Turkey,Germany,81.445136,117.75711
2835,1,1,2025-09-14,Finland,Greece,93.27703,86.185504
2835,2,1,2025-09-14,Turkey,Germany,65.660034,94.3717
2836,1,1,2025-09-14,Finland,Greece,87.475622,84.74151
2836,2,1,2025-09-14,Turkey,Germany,65.211174,96.160353
2837,1,1,2025-09-14,Finland,Greece,92.970716,77.661092
2837,2,1,2025-09-14,Turkey,Germany,74.787973,92.589562
2838,1,1,2025-09-14,Finland,Greece,93.862827,93.828481
2838,2,1,2025-09-14,Turkey,Germany,96.349547,99.381359
2839,1,1,2025-09-14,Finland,Greece,72.713618,48.584198
2839,2,1,2025-09-14,Turkey,Germany,81.485228,94.570328
2840,1,1,2025-09-14,Finland,Greece,114.40683,105.24951
2840,2,1,2025-09-14,Turkey,Germany,71.212503,103.30021
2841,1,1,2025-09-14,Finland,Greece,98.127724,85.852193
2841,2,1,2025-09-14,Turkey,Germany,90.646455,81.575993
2842,1,1,2025-09-14,Finland,Greece,92.462709,78.843358
2842,2,1,2025-09-14,Turkey,Germany,87.235452,101.50919
2843,1,1,2025-09-14,Finland,Greece,106.37372,96.651374
2843,2,1,2025-09-14,Turkey,Germany,81.567125,82.979394
2844,1,1,2025-09-14,Finland,Greece,101.88811,82.347988
2844,2,1,2025-09-14,Turkey,Germany,82.55907,110.86289
2845,1,1,2025-09-14,Finland,Greece,82.425102,74.616189
2845,2,1,2025-09-14,Turkey,Germany,82.825705,77.405667
2846,1,1,2025-09-14,Finland,Greece,98.131714,82.539696
2846,2,1,2025-09-14,Turkey,Germany,93.494515,103.637
2847,1,1,2025-09-14,Finland,Greece,101.61416,92.137803
2847,2,1,2025-09-14,Turkey,Germany,89.870397,106.72073
2848,1,1,2025-09-14,Finland,Greece,102.5905,109.82
2848,2,1,2025-09-14,Turkey,Germany,89.21404,81.198083
2849,1,1,2025-09-14,Finland,Greece,108.39428,103.67882
2849,2,1,2025-09-14,Turkey,Germany,85.993107,103.12808
2850,1,1,2025-09-14,Finland,Greece,82.71049,70.673727
2850,2,1,2025-09-14,Turkey,Germany,75.207905,82.628227999999993
2851,1,1,2025-09-14,Finland,Greece,101.0398,70.690681
2851,2,1,2025-09-14,Turkey,Germany,79.224673,71.307236
2852,1,1,2025-09-14,Finland,Greece,121.55647,96.435104
2852,2,1,2025-09-14,Turkey,Germany,78.971774,103.54351
2853,1,1,2025-09-14,Finland,Greece,89.265354,49.957228
2853,2,1,2025-09-14,Turkey,Germany,76.403401,95.550177
2854,1,1,2025-09-14,Finland,Greece,105.30015,82.961055
2854,2,1,2025-09-14,Turkey,Germany,95.546811,77.447457
2855,1,1,2025-09-14,Finland,Greece,84.155561,74.818223
2855,2,1,2025-09-14,Turkey,Germany,77.892782,81.840547
2856,1,1,2025-09-14,Finland,Greece,96.776689,95.619795
2856,2,1,2025-09-14,Turkey,Germany,91.190195,96.287796
2857,1,1,2025-09-14,Finland,Greece,88.533898,83.609347
2857,2,1,2025-09-14,Turkey,Germany,83.551751,103.06894
2858,1,1,2025-09-14,Finland,Greece,91.26433,76.633669
2858,2,1,2025-09-14,Turkey,Germany,67.825109,85.027229
2859,1,1,2025-09-14,Finland,Greece,98.113494,83.908865
2859,2,1,2025-09-14,Turkey,Germany,102.40544,79.312681
2860,1,1,2025-09-14,Finland,Greece,86.717387,93.425691
2860,2,1,2025-09-14,Turkey,Germany,85.87271,87.719698
2861,1,1,2025-09-14,Finland,Greece,64.777234000000007,78.768595
2861,2,1,2025-09-14,Turkey,Germany,97.293821,88.939309
2862,1,1,2025-09-14,Finland,Greece,86.705782,77.403545
2862,2,1,2025-09-14,Turkey,Germany,77.430183,93.887439
2863,1,1,2025-09-14,Finland,Greece,90.530524,76.334935
2863,2,1,2025-09-14,Turkey,Germany,82.951895,102.58042
2864,1,1,2025-09-14,Finland,Greece,100.52761,88.180439
2864,2,1,2025-09-14,Turkey,Germany,95.940727,103.98933
2865,1,1,2025-09-14,Finland,Greece,73.508395,82.849995
2865,2,1,2025-09-14,Turkey,Germany,62.429038,82.01834
2866,1,1,2025-09-14,Finland,Greece,52.725264,72.142084
2866,2,1,2025-09-14,Turkey,Germany,86.556219,94.095505
2867,1,1,2025-09-14,Finland,Greece,84.202364,63.120204
2867,2,1,2025-09-14,Turkey,Germany,74.902846,94.971709
2868,1,1,2025-09-14,Finland,Greece,95.552967,79.867467
2868,2,1,2025-09-14,Turkey,Germany,88.690857,100.609
2869,1,1,2025-09-14,Finland,Greece,91.17693,53.713693
2869,2,1,2025-09-14,Turkey,Germany,84.371784,87.502641
2870,1,1,2025-09-14,Finland,Greece,98.367123,88.799875
2870,2,1,2025-09-14,Turkey,Germany,69.276299,91.882889
2871,1,1,2025-09-14,Finland,Greece,86.257848,91.926786
2871,2,1,2025-09-14,Turkey,Germany,82.779084,93.872259
2872,1,1,2025-09-14,Finland,Greece,78.076547,68.094688
2872,2,1,2025-09-14,Turkey,Germany,88.075892,86.046311
2873,1,1,2025-09-14,Finland,Greece,79.339468,91.625791
2873,2,1,2025-09-14,Turkey,Germany,86.740372,81.952213
2874,1,1,2025-09-14,Finland,Greece,87.406191,70.464159
2874,2,1,2025-09-14,Turkey,Germany,87.256333,94.078311
2875,1,1,2025-09-14,Finland,Greece,83.829387,72.818146
2875,2,1,2025-09-14,Turkey,Germany,86.34033,102.35851
2876,1,1,2025-09-14,Finland,Greece,86.95907,71.271813
2876,2,1,2025-09-14,Turkey,Germany,76.173289,120.38666
2877,1,1,2025-09-14,Finland,Greece,75.638886,71.343918
2877,2,1,2025-09-14,Turkey,Germany,79.520858,97.542132
2878,1,1,2025-09-14,Finland,Greece,89.054282,73.143107
2878,2,1,2025-09-14,Turkey,Germany,65.338633,89.789732
2879,1,1,2025-09-14,Finland,Greece,79.940974,85.926431
2879,2,1,2025-09-14,Turkey,Germany,68.41603,77.728761
2880,1,1,2025-09-14,Finland,Greece,101.92589,87.913667
2880,2,1,2025-09-14,Turkey,Germany,86.622818,96.537677
2881,1,1,2025-09-14,Finland,Greece,103.40159,84.832731
2881,2,1,2025-09-14,Turkey,Germany,62.830469,82.952351
2882,1,1,2025-09-14,Finland,Greece,88.968014,102.90753
2882,2,1,2025-09-14,Turkey,Germany,100.18214,84.679169
2883,1,1,2025-09-14,Finland,Greece,102.35933,77.126955
2883,2,1,2025-09-14,Turkey,Germany,97.8785,84.389115
2884,1,1,2025-09-14,Finland,Greece,105.41015,53.24669
2884,2,1,2025-09-14,Turkey,Germany,88.161899,100.72884
2885,1,1,2025-09-14,Finland,Greece,90.555814,63.058726
2885,2,1,2025-09-14,Turkey,Germany,87.304625,89.094857
2886,1,1,2025-09-14,Finland,Greece,91.39288,87.413792
2886,2,1,2025-09-14,Turkey,Germany,82.900455,107.17682
2887,1,1,2025-09-14,Finland,Greece,82.247607,76.308809
2887,2,1,2025-09-14,Turkey,Germany,86.592501,82.331526
2888,1,1,2025-09-14,Finland,Greece,94.114276,86.82064
2888,2,1,2025-09-14,Turkey,Germany,85.579902,104.09491
2889,1,1,2025-09-14,Finland,Greece,91.643526,82.100978
2889,2,1,2025-09-14,Turkey,Germany,89.403369,88.273244
2890,1,1,2025-09-14,Finland,Greece,92.262251,59.73515
2890,2,1,2025-09-14,Turkey,Germany,88.172543,103.17769
2891,1,1,2025-09-14,Finland,Greece,76.355988,93.960612
2891,2,1,2025-09-14,Turkey,Germany,97.815311,89.401114
2892,1,1,2025-09-14,Finland,Greece,115.09339,83.525253
2892,2,1,2025-09-14,Turkey,Germany,82.735985,75.906853
2893,1,1,2025-09-14,Finland,Greece,117.09033,52.926404
2893,2,1,2025-09-14,Turkey,Germany,89.983461,92.642244
2894,1,1,2025-09-14,Finland,Greece,79.489066,78.763349
2894,2,1,2025-09-14,Turkey,Germany,87.621329,102.72679
2895,1,1,2025-09-14,Finland,Greece,116.80543,88.524863
2895,2,1,2025-09-14,Turkey,Germany,85.434476,98.304349
2896,1,1,2025-09-14,Finland,Greece,87.477322,73.550556
2896,2,1,2025-09-14,Turkey,Germany,86.355165,86.198587
2897,1,1,2025-09-14,Finland,Greece,113.17988,106.93325
2897,2,1,2025-09-14,Turkey,Germany,85.315017,95.929247
2898,1,1,2025-09-14,Finland,Greece,93.514674,76.485779
2898,2,1,2025-09-14,Turkey,Germany,80.611725,99.513503
2899,1,1,2025-09-14,Finland,Greece,60.879374,82.418272
2899,2,1,2025-09-14,Turkey,Germany,106.45909,87.118277
2900,1,1,2025-09-14,Finland,Greece,105.57717,81.444541
2900,2,1,2025-09-14,Turkey,Germany,86.744655,69.617479
2901,1,1,2025-09-14,Finland,Greece,106.63994,93.993218
2901,2,1,2025-09-14,Turkey,Germany,92.968031,97.145505
2902,1,1,2025-09-14,Finland,Greece,87.96355,82.823356
2902,2,1,2025-09-14,Turkey,Germany,65.805939,84.609815
2903,1,1,2025-09-14,Finland,Greece,100.99382,81.686043
2903,2,1,2025-09-14,Turkey,Germany,64.758847,95.74667
2904,1,1,2025-09-14,Finland,Greece,95.889172,69.601369
2904,2,1,2025-09-14,Turkey,Germany,75.565633,79.586811
2905,1,1,2025-09-14,Finland,Greece,103.6438,82.10804
2905,2,1,2025-09-14,Turkey,Germany,92.204168,100.07838
2906,1,1,2025-09-14,Finland,Greece,84.880127,77.900247
2906,2,1,2025-09-14,Turkey,Germany,81.675875,83.500197
2907,1,1,2025-09-14,Finland,Greece,88.196246,74.712503
2907,2,1,2025-09-14,Turkey,Germany,89.83495,90.748
2908,1,1,2025-09-14,Finland,Greece,79.853239,72.704818
2908,2,1,2025-09-14,Turkey,Germany,72.168182,100.91931
2909,1,1,2025-09-14,Finland,Greece,99.944714,77.685686
2909,2,1,2025-09-14,Turkey,Germany,83.861867,114.37779
2910,1,1,2025-09-14,Finland,Greece,85.353036,80.259451
2910,2,1,2025-09-14,Turkey,Germany,73.230341,104.17543
2911,1,1,2025-09-14,Finland,Greece,73.815886,76.080435
2911,2,1,2025-09-14,Turkey,Germany,77.362507,83.570875
2912,1,1,2025-09-14,Finland,Greece,94.729386,80.446779
2912,2,1,2025-09-14,Turkey,Germany,93.29927,97.250236
2913,1,1,2025-09-14,Finland,Greece,70.822324,74.870873
2913,2,1,2025-09-14,Turkey,Germany,72.601076,89.230146
2914,1,1,2025-09-14,Finland,Greece,124.22936,88.436509
2914,2,1,2025-09-14,Turkey,Germany,96.938408,88.26996
2915,1,1,2025-09-14,Finland,Greece,91.044678,75.97293
2915,2,1,2025-09-14,Turkey,Germany,82.972714,108.8164
2916,1,1,2025-09-14,Finland,Greece,84.612093,89.055663
2916,2,1,2025-09-14,Turkey,Germany,100.37734,84.34593
2917,1,1,2025-09-14,Finland,Greece,80.311732,81.849519
2917,2,1,2025-09-14,Turkey,Germany,73.612231,83.834247
2918,1,1,2025-09-14,Finland,Greece,88.112904,88.779381
2918,2,1,2025-09-14,Turkey,Germany,79.476917,97.358944
2919,1,1,2025-09-14,Finland,Greece,109.66657,84.092221
2919,2,1,2025-09-14,Turkey,Germany,104.60453,80.799115
2920,1,1,2025-09-14,Finland,Greece,84.581188,77.931025
2920,2,1,2025-09-14,Turkey,Germany,86.520286,87.014506
2921,1,1,2025-09-14,Finland,Greece,100.47772,74.0449
2921,2,1,2025-09-14,Turkey,Germany,83.762628,100.78005
2922,1,1,2025-09-14,Finland,Greece,121.28405,95.844091
2922,2,1,2025-09-14,Turkey,Germany,91.014274,88.381683
2923,1,1,2025-09-14,Finland,Greece,90.290731,81.973961
2923,2,1,2025-09-14,Turkey,Germany,68.826818,81.903593
2924,1,1,2025-09-14,Finland,Greece,95.088391,78.338215
2924,2,1,2025-09-14,Turkey,Germany,73.882567,93.394675
2925,1,1,2025-09-14,Finland,Greece,102.41621,88.969246
2925,2,1,2025-09-14,Turkey,Germany,74.768797,110.94282
2926,1,1,2025-09-14,Finland,Greece,86.722393,83.310517
2926,2,1,2025-09-14,Turkey,Germany,91.174147,90.545632
2927,1,1,2025-09-14,Finland,Greece,97.526545,79.761998
2927,2,1,2025-09-14,Turkey,Germany,84.333992,104.17685
2928,1,1,2025-09-14,Finland,Greece,82.538883,55.814682
2928,2,1,2025-09-14,Turkey,Germany,79.388012,95.634218
2929,1,1,2025-09-14,Finland,Greece,88.176178,66.197012
2929,2,1,2025-09-14,Turkey,Germany,91.596847,94.612683
2930,1,1,2025-09-14,Finland,Greece,89.09275,79.15423
2930,2,1,2025-09-14,Turkey,Germany,69.987801,95.364593
2931,1,1,2025-09-14,Finland,Greece,86.01831,92.472669
2931,2,1,2025-09-14,Turkey,Germany,83.902555,103.02335
2932,1,1,2025-09-14,Finland,Greece,83.371092,70.333243
2932,2,1,2025-09-14,Turkey,Germany,74.21206,79.354558
2933,1,1,2025-09-14,Finland,Greece,105.50466,75.041027
2933,2,1,2025-09-14,Turkey,Germany,88.433589,101.08776
2934,1,1,2025-09-14,Finland,Greece,90.470694,66.198767
2934,2,1,2025-09-14,Turkey,Germany,73.447614,80.139181
2935,1,1,2025-09-14,Finland,Greece,77.784581,79.880473
2935,2,1,2025-09-14,Turkey,Germany,96.521892,99.521446
2936,1,1,2025-09-14,Finland,Greece,80.745577,91.379253
2936,2,1,2025-09-14,Turkey,Germany,68.113706,94.504474
2937,1,1,2025-09-14,Finland,Greece,106.00228,76.200336
2937,2,1,2025-09-14,Turkey,Germany,106.36516,90.168265
2938,1,1,2025-09-14,Finland,Greece,99.295756,74.478378
2938,2,1,2025-09-14,Turkey,Germany,94.207667,87.809496
2939,1,1,2025-09-14,Finland,Greece,98.573763,89.181713
2939,2,1,2025-09-14,Turkey,Germany,88.025775,95.405329
2940,1,1,2025-09-14,Finland,Greece,97.81377,78.987373
2940,2,1,2025-09-14,Turkey,Germany,98.625314,102.63843
2941,1,1,2025-09-14,Finland,Greece,96.697546,77.599116
2941,2,1,2025-09-14,Turkey,Germany,116.0727,111.89645
2942,1,1,2025-09-14,Finland,Greece,103.06935,94.510878
2942,2,1,2025-09-14,Turkey,Germany,91.396911,83.02887
2943,1,1,2025-09-14,Finland,Greece,90.829841,80.876097
2943,2,1,2025-09-14,Turkey,Germany,89.872049,98.580652
2944,1,1,2025-09-14,Finland,Greece,122.03041,95.789879
2944,2,1,2025-09-14,Turkey,Germany,85.230772,105.25932
2945,1,1,2025-09-14,Finland,Greece,113.59045,79.825241
2945,2,1,2025-09-14,Turkey,Germany,102.68308,91.102017
2946,1,1,2025-09-14,Finland,Greece,96.989532,90.454844
2946,2,1,2025-09-14,Turkey,Germany,63.559303,65.173039
2947,1,1,2025-09-14,Finland,Greece,64.232719,93.070215
2947,2,1,2025-09-14,Turkey,Germany,83.886196,85.81512
2948,1,1,2025-09-14,Finland,Greece,89.336123,81.39975
2948,2,1,2025-09-14,Turkey,Germany,83.079435,114.35444
2949,1,1,2025-09-14,Finland,Greece,86.8572,94.681923
2949,2,1,2025-09-14,Turkey,Germany,83.279693,99.651172
2950,1,1,2025-09-14,Finland,Greece,95.88637,89.009584
2950,2,1,2025-09-14,Turkey,Germany,76.016906,82.878961
2951,1,1,2025-09-14,Finland,Greece,81.685888,85.70592
2951,2,1,2025-09-14,Turkey,Germany,82.084962,87.57119
2952,1,1,2025-09-14,Finland,Greece,86.517237,83.178225
2952,2,1,2025-09-14,Turkey,Germany,87.08345,93.459019
2953,1,1,2025-09-14,Finland,Greece,92.684255,95.18626
2953,2,1,2025-09-14,Turkey,Germany,79.355324,86.026925
2954,1,1,2025-09-14,Finland,Greece,86.825025,87.84734
2954,2,1,2025-09-14,Turkey,Germany,100.57521,84.204157
2955,1,1,2025-09-14,Finland,Greece,86.248269,79.020668
2955,2,1,2025-09-14,Turkey,Germany,99.084222,94.035433
2956,1,1,2025-09-14,Finland,Greece,78.760051,82.714082
2956,2,1,2025-09-14,Turkey,Germany,90.025873,87.255141
2957,1,1,2025-09-14,Finland,Greece,96.83133,89.408406
2957,2,1,2025-09-14,Turkey,Germany,59.929759,86.040051
2958,1,1,2025-09-14,Finland,Greece,95.904077,83.538241
2958,2,1,2025-09-14,Turkey,Germany,90.637039,96.970774
2959,1,1,2025-09-14,Finland,Greece,107.21843,85.895822
2959,2,1,2025-09-14,Turkey,Germany,81.913857,95.931074
2960,1,1,2025-09-14,Finland,Greece,75.573752,80.393556
2960,2,1,2025-09-14,Turkey,Germany,74.863592,76.981112
2961,1,1,2025-09-14,Finland,Greece,88.615097,98.820816
2961,2,1,2025-09-14,Turkey,Germany,67.5718,100.11304
2962,1,1,2025-09-14,Finland,Greece,99.592884,95.252703
2962,2,1,2025-09-14,Turkey,Germany,75.182063,97.904157
2963,1,1,2025-09-14,Finland,Greece,93.531017,76.916597
2963,2,1,2025-09-14,Turkey,Germany,75.371725,92.27377
2964,1,1,2025-09-14,Finland,Greece,77.952474,83.954441
2964,2,1,2025-09-14,Turkey,Germany,99.948927,89.357822
2965,1,1,2025-09-14,Finland,Greece,101.63099,75.165268
2965,2,1,2025-09-14,Turkey,Germany,68.70186,70.645848
2966,1,1,2025-09-14,Finland,Greece,85.915902,96.978434
2966,2,1,2025-09-14,Turkey,Germany,75.998502,95.497611
2967,1,1,2025-09-14,Finland,Greece,82.537778,72.955791
2967,2,1,2025-09-14,Turkey,Germany,104.58539,110.7311
2968,1,1,2025-09-14,Finland,Greece,81.349655,64.388205
2968,2,1,2025-09-14,Turkey,Germany,110.07926,106.13313
2969,1,1,2025-09-14,Finland,Greece,72.226279,88.909936
2969,2,1,2025-09-14,Turkey,Germany,86.754341,107.69989
2970,1,1,2025-09-14,Finland,Greece,94.003076,78.628122
2970,2,1,2025-09-14,Turkey,Germany,63.329711,87.138538
2971,1,1,2025-09-14,Finland,Greece,97.79127,76.214505
2971,2,1,2025-09-14,Turkey,Germany,92.393089,104.61417
2972,1,1,2025-09-14,Finland,Greece,97.657866,86.628757
2972,2,1,2025-09-14,Turkey,Germany,80.657844,88.310193
2973,1,1,2025-09-14,Finland,Greece,95.665916,81.047568
2973,2,1,2025-09-14,Turkey,Germany,90.406022,95.081324
2974,1,1,2025-09-14,Finland,Greece,88.859676,68.939163
2974,2,1,2025-09-14,Turkey,Germany,72.727039,86.350805
2975,1,1,2025-09-14,Finland,Greece,69.919136,73.498729
2975,2,1,2025-09-14,Turkey,Germany,81.7166,82.524066
2976,1,1,2025-09-14,Finland,Greece,108.83386,82.019026
2976,2,1,2025-09-14,Turkey,Germany,88.296807,94.20822
2977,1,1,2025-09-14,Finland,Greece,107.76783,80.387981
2977,2,1,2025-09-14,Turkey,Germany,68.323575,91.048689
2978,1,1,2025-09-14,Finland,Greece,99.462654,78.301769
2978,2,1,2025-09-14,Turkey,Germany,97.51575,91.737271
2979,1,1,2025-09-14,Finland,Greece,98.820086,44.224369
2979,2,1,2025-09-14,Turkey,Germany,93.797404,90.105386
2980,1,1,2025-09-14,Finland,Greece,90.966569,77.36714
2980,2,1,2025-09-14,Turkey,Germany,95.90424,89.582868
2981,1,1,2025-09-14,Finland,Greece,114.74011,92.550885
2981,2,1,2025-09-14,Turkey,Germany,86.536188,103.39518
2982,1,1,2025-09-14,Finland,Greece,70.432894,75.481903
2982,2,1,2025-09-14,Turkey,Germany,80.469762,68.850129
2983,1,1,2025-09-14,Finland,Greece,94.336693,68.147542
2983,2,1,2025-09-14,Turkey,Germany,87.67532,99.19061
2984,1,1,2025-09-14,Finland,Greece,90.499307,82.985916
2984,2,1,2025-09-14,Turkey,Germany,89.521856,97.68609
2985,1,1,2025-09-14,Finland,Greece,86.86092,81.038312
2985,2,1,2025-09-14,Turkey,Germany,74.629547,101.72246
2986,1,1,2025-09-14,Finland,Greece,94.191276,78.963772
2986,2,1,2025-09-14,Turkey,Germany,86.847662,103.2143
2987,1,1,2025-09-14,Finland,Greece,86.643522,79.01424
2987,2,1,2025-09-14,Turkey,Germany,90.760741,92.568244000000007
2988,1,1,2025-09-14,Finland,Greece,97.794751,77.856954
2988,2,1,2025-09-14,Turkey,Germany,92.271976,99.219871
2989,1,1,2025-09-14,Finland,Greece,100.02851,85.143224
2989,2,1,2025-09-14,Turkey,Germany,73.294618,88.579992
2990,1,1,2025-09-14,Finland,Greece,106.7724,70.439873
2990,2,1,2025-09-14,Turkey,Germany,84.636165,101.97661
2991,1,1,2025-09-14,Finland,Greece,82.902338,76.813567
2991,2,1,2025-09-14,Turkey,Germany,86.656646,97.715184
2992,1,1,2025-09-14,Finland,Greece,84.794927,80.933002
2992,2,1,2025-09-14,Turkey,Germany,66.184543,68.71609
2993,1,1,2025-09-14,Finland,Greece,104.45093,95.022101
2993,2,1,2025-09-14,Turkey,Germany,81.240211,89.599886
2994,1,1,2025-09-14,Finland,Greece,100.30688,83.444141
2994,2,1,2025-09-14,Turkey,Germany,79.516791,88.722694
2995,1,1,2025-09-14,Finland,Greece,94.39304,79.992273
2995,2,1,2025-09-14,Turkey,Germany,67.506522,86.463713
2996,1,1,2025-09-14,Finland,Greece,108.87274,81.057232
2996,2,1,2025-09-14,Turkey,Germany,88.764649,93.551594
2997,1,1,2025-09-14,Finland,Greece,99.567274,78.733124
2997,2,1,2025-09-14,Turkey,Germany,67.939851,77.559295
2998,1,1,2025-09-14,Finland,Greece,90.619441,73.517559
2998,2,1,2025-09-14,Turkey,Germany,106.32446,105.13592
2999,1,1,2025-09-14,Finland,Greece,109.99986,69.542245
2999,2,1,2025-09-14,Turkey,Germany,76.24179,98.21971
3000,1,1,2025-09-14,Finland,Greece,80.816131,90.257055
3000,2,1,2025-09-14,Turkey,Germany,68.349922,100.69797
3001,1,1,2025-09-14,Finland,Greece,108.82158,70.665967
3001,2,1,2025-09-14,Turkey,Germany,79.142873,99.361165
3002,1,1,2025-09-14,Finland,Greece,89.56567,87.657461
3002,2,1,2025-09-14,Turkey,Germany,90.495112,83.160083
3003,1,1,2025-09-14,Finland,Greece,96.766973,96.155847
3003,2,1,2025-09-14,Turkey,Germany,102.07265,91.582756
3004,1,1,2025-09-14,Finland,Greece,90.972661,94.439816
3004,2,1,2025-09-14,Turkey,Germany,83.858996,91.890202
3005,1,1,2025-09-14,Finland,Greece,66.724161,65.511766
3005,2,1,2025-09-14,Turkey,Germany,79.071041,90.524035
3006,1,1,2025-09-14,Finland,Greece,109.01865,93.258322
3006,2,1,2025-09-14,Turkey,Germany,88.417674,94.545276
3007,1,1,2025-09-14,Finland,Greece,83.071658,76.591187
3007,2,1,2025-09-14,Turkey,Germany,105.24523,89.941182
3008,1,1,2025-09-14,Finland,Greece,124.71349,98.776309
3008,2,1,2025-09-14,Turkey,Germany,80.977972,85.782797
3009,1,1,2025-09-14,Finland,Greece,115.56618,98.481266
3009,2,1,2025-09-14,Turkey,Germany,93.861532,99.594032
3010,1,1,2025-09-14,Finland,Greece,85.901118,86.335691
3010,2,1,2025-09-14,Turkey,Germany,82.942743,102.28082
3011,1,1,2025-09-14,Finland,Greece,85.403224,93.351562
3011,2,1,2025-09-14,Turkey,Germany,80.487491,73.24545
3012,1,1,2025-09-14,Finland,Greece,91.041649,90.079213
3012,2,1,2025-09-14,Turkey,Germany,76.56367,74.565454
3013,1,1,2025-09-14,Finland,Greece,108.56,88.349667
3013,2,1,2025-09-14,Turkey,Germany,96.148194,111.79728
3014,1,1,2025-09-14,Finland,Greece,84.308016,80.69231
3014,2,1,2025-09-14,Turkey,Germany,65.831381,87.032101
3015,1,1,2025-09-14,Finland,Greece,91.508747,85.133603
3015,2,1,2025-09-14,Turkey,Germany,78.712946,86.493545
3016,1,1,2025-09-14,Finland,Greece,88.917316,82.931154
3016,2,1,2025-09-14,Turkey,Germany,86.365048,93.280166
3017,1,1,2025-09-14,Finland,Greece,84.601408,86.171344
3017,2,1,2025-09-14,Turkey,Germany,76.249205,107.98972
3018,1,1,2025-09-14,Finland,Greece,91.117908,73.791314
3018,2,1,2025-09-14,Turkey,Germany,82.521625,104.46485
3019,1,1,2025-09-14,Finland,Greece,79.609569,103.82264
3019,2,1,2025-09-14,Turkey,Germany,86.027773,100.33784
3020,1,1,2025-09-14,Finland,Greece,93.452027,67.273699
3020,2,1,2025-09-14,Turkey,Germany,72.838369,76.499972
3021,1,1,2025-09-14,Finland,Greece,92.195228,76.667905
3021,2,1,2025-09-14,Turkey,Germany,79.643666,86.801929
3022,1,1,2025-09-14,Finland,Greece,87.592574,79.525854
3022,2,1,2025-09-14,Turkey,Germany,88.197948,86.343427
3023,1,1,2025-09-14,Finland,Greece,101.06066,71.097421
3023,2,1,2025-09-14,Turkey,Germany,90.902723,104.43628
3024,1,1,2025-09-14,Finland,Greece,83.132609,81.030457
3024,2,1,2025-09-14,Turkey,Germany,87.197247,80.534151
3025,1,1,2025-09-14,Finland,Greece,87.388312,84.206319
3025,2,1,2025-09-14,Turkey,Germany,82.911513,94.913843
3026,1,1,2025-09-14,Finland,Greece,86.102645,82.845299
3026,2,1,2025-09-14,Turkey,Germany,76.723215,84.293431
3027,1,1,2025-09-14,Finland,Greece,102.26916,86.182295
3027,2,1,2025-09-14,Turkey,Germany,72.481558,86.51128
3028,1,1,2025-09-14,Finland,Greece,77.487498,68.721245
3028,2,1,2025-09-14,Turkey,Germany,83.516283,94.223819
3029,1,1,2025-09-14,Finland,Greece,88.508671,72.400142
3029,2,1,2025-09-14,Turkey,Germany,74.952437,76.441965
3030,1,1,2025-09-14,Finland,Greece,81.290261,77.233755
3030,2,1,2025-09-14,Turkey,Germany,87.703793,91.019672
3031,1,1,2025-09-14,Finland,Greece,103.82375,83.045285
3031,2,1,2025-09-14,Turkey,Germany,71.18684,91.320566
3032,1,1,2025-09-14,Finland,Greece,102.55134,66.72421
3032,2,1,2025-09-14,Turkey,Germany,81.453581,73.236942
3033,1,1,2025-09-14,Finland,Greece,83.66894,77.266513
3033,2,1,2025-09-14,Turkey,Germany,87.771728,97.984815
3034,1,1,2025-09-14,Finland,Greece,114.24909,93.531497
3034,2,1,2025-09-14,Turkey,Germany,71.733142,82.448059
3035,1,1,2025-09-14,Finland,Greece,96.44086,79.920791
3035,2,1,2025-09-14,Turkey,Germany,79.234876,120.83076
3036,1,1,2025-09-14,Finland,Greece,98.287356,83.407251
3036,2,1,2025-09-14,Turkey,Germany,77.20978,81.416912
3037,1,1,2025-09-14,Finland,Greece,108.8757,83.805216
3037,2,1,2025-09-14,Turkey,Germany,70.653764,92.76904
3038,1,1,2025-09-14,Finland,Greece,110.27264,91.838107
3038,2,1,2025-09-14,Turkey,Germany,98.620242,100.11654
3039,1,1,2025-09-14,Finland,Greece,105.55504,94.019963
3039,2,1,2025-09-14,Turkey,Germany,70.302467,83.971981
3040,1,1,2025-09-14,Finland,Greece,111.77318,81.660011
3040,2,1,2025-09-14,Turkey,Germany,67.654444,76.788651
3041,1,1,2025-09-14,Finland,Greece,100.26947,81.300645
3041,2,1,2025-09-14,Turkey,Germany,101.20782,89.070814
3042,1,1,2025-09-14,Finland,Greece,80.631012,65.913765
3042,2,1,2025-09-14,Turkey,Germany,81.55053,74.570262
3043,1,1,2025-09-14,Finland,Greece,82.009077,73.137528
3043,2,1,2025-09-14,Turkey,Germany,95.391073,92.857766
3044,1,1,2025-09-14,Finland,Greece,104.42321,61.461434
3044,2,1,2025-09-14,Turkey,Germany,59.537313,109.57518
3045,1,1,2025-09-14,Finland,Greece,83.169358,89.227616
3045,2,1,2025-09-14,Turkey,Germany,89.199338,100.45749
3046,1,1,2025-09-14,Finland,Greece,91.826634,74.521761
3046,2,1,2025-09-14,Turkey,Germany,64.599614,93.110036
3047,1,1,2025-09-14,Finland,Greece,87.435351,103.39069
3047,2,1,2025-09-14,Turkey,Germany,100.51562,74.199182
3048,1,1,2025-09-14,Finland,Greece,91.749142,72.9062
3048,2,1,2025-09-14,Turkey,Germany,74.533857,72.728981
3049,1,1,2025-09-14,Finland,Greece,109.94093,79.804362
3049,2,1,2025-09-14,Turkey,Germany,66.028329,79.052347
3050,1,1,2025-09-14,Finland,Greece,111.65064,77.705475
3050,2,1,2025-09-14,Turkey,Germany,92.057445,99.723877
3051,1,1,2025-09-14,Finland,Greece,82.411676,71.432526
3051,2,1,2025-09-14,Turkey,Germany,90.931884,96.834108
3052,1,1,2025-09-14,Finland,Greece,98.315173,90.736006
3052,2,1,2025-09-14,Turkey,Germany,83.712341,103.71193
3053,1,1,2025-09-14,Finland,Greece,93.858587,74.847429
3053,2,1,2025-09-14,Turkey,Germany,58.004315,101.46973
3054,1,1,2025-09-14,Finland,Greece,86.219916,74.774503
3054,2,1,2025-09-14,Turkey,Germany,96.592819,98.118143
3055,1,1,2025-09-14,Finland,Greece,97.223908,82.596233
3055,2,1,2025-09-14,Turkey,Germany,64.609594,100.73562
3056,1,1,2025-09-14,Finland,Greece,108.70153,80.613714
3056,2,1,2025-09-14,Turkey,Germany,90.413595,83.029101
3057,1,1,2025-09-14,Finland,Greece,98.999778,73.576441
3057,2,1,2025-09-14,Turkey,Germany,89.23624,108.8409
3058,1,1,2025-09-14,Finland,Greece,88.296778,95.310285
3058,2,1,2025-09-14,Turkey,Germany,88.787318,110.14689
3059,1,1,2025-09-14,Finland,Greece,92.288058,82.855224
3059,2,1,2025-09-14,Turkey,Germany,91.228339,105.14889
3060,1,1,2025-09-14,Finland,Greece,87.292252,106.40069
3060,2,1,2025-09-14,Turkey,Germany,78.239624,103.32052
3061,1,1,2025-09-14,Finland,Greece,98.847395,92.632595
3061,2,1,2025-09-14,Turkey,Germany,99.199253,90.580313
3062,1,1,2025-09-14,Finland,Greece,81.924571,76.112263
3062,2,1,2025-09-14,Turkey,Germany,85.316474,87.576009
3063,1,1,2025-09-14,Finland,Greece,92.185684,86.759695
3063,2,1,2025-09-14,Turkey,Germany,74.861,85.328623
3064,1,1,2025-09-14,Finland,Greece,90.442852,85.398568
3064,2,1,2025-09-14,Turkey,Germany,82.333483,94.647849
3065,1,1,2025-09-14,Finland,Greece,97.170847,80.185289
3065,2,1,2025-09-14,Turkey,Germany,65.723742,89.482381
3066,1,1,2025-09-14,Finland,Greece,100.12528,89.130456
3066,2,1,2025-09-14,Turkey,Germany,80.508286,103.83263
3067,1,1,2025-09-14,Finland,Greece,100.90937,86.09147
3067,2,1,2025-09-14,Turkey,Germany,74.702099,97.747134
3068,1,1,2025-09-14,Finland,Greece,80.310724,72.390385
3068,2,1,2025-09-14,Turkey,Germany,95.919966,103.80733
3069,1,1,2025-09-14,Finland,Greece,84.307632,72.984703
3069,2,1,2025-09-14,Turkey,Germany,92.698942,103.25935
3070,1,1,2025-09-14,Finland,Greece,91.991068,79.024355
3070,2,1,2025-09-14,Turkey,Germany,80.158532,109.60156
3071,1,1,2025-09-14,Finland,Greece,98.779004,84.91882
3071,2,1,2025-09-14,Turkey,Germany,101.12622,114.34427
3072,1,1,2025-09-14,Finland,Greece,100.16501,88.788442
3072,2,1,2025-09-14,Turkey,Germany,82.752566,83.267465
3073,1,1,2025-09-14,Finland,Greece,103.73764,72.406779
3073,2,1,2025-09-14,Turkey,Germany,100.60739,109.49
3074,1,1,2025-09-14,Finland,Greece,90.453554,97.669084
3074,2,1,2025-09-14,Turkey,Germany,70.906403,98.42584
3075,1,1,2025-09-14,Finland,Greece,105.82195,99.340278
3075,2,1,2025-09-14,Turkey,Germany,83.410607,83.694706
3076,1,1,2025-09-14,Finland,Greece,81.756588,86.26003
3076,2,1,2025-09-14,Turkey,Germany,76.428534,101.36686
3077,1,1,2025-09-14,Finland,Greece,89.965365,88.350025
3077,2,1,2025-09-14,Turkey,Germany,76.481175,97.969351
3078,1,1,2025-09-14,Finland,Greece,99.720591,92.157842
3078,2,1,2025-09-14,Turkey,Germany,76.249732,94.755034
3079,1,1,2025-09-14,Finland,Greece,111.48441,90.012035
3079,2,1,2025-09-14,Turkey,Germany,89.377679,85.064687
3080,1,1,2025-09-14,Finland,Greece,91.493357,95.219733
3080,2,1,2025-09-14,Turkey,Germany,75.25903,97.642145
3081,1,1,2025-09-14,Finland,Greece,98.734125,79.543707
3081,2,1,2025-09-14,Turkey,Germany,86.267964,105.22539
3082,1,1,2025-09-14,Finland,Greece,100.82708,109.09569
3082,2,1,2025-09-14,Turkey,Germany,78.853795,89.112861
3083,1,1,2025-09-14,Finland,Greece,73.398953,101.62616
3083,2,1,2025-09-14,Turkey,Germany,85.450074,99.934469000000007
3084,1,1,2025-09-14,Finland,Greece,123.06468,119.9479
3084,2,1,2025-09-14,Turkey,Germany,55.7849,91.655838
3085,1,1,2025-09-14,Finland,Greece,93.983275,96.574849
3085,2,1,2025-09-14,Turkey,Germany,67.059487,86.298406
3086,1,1,2025-09-14,Finland,Greece,85.027837,97.221236
3086,2,1,2025-09-14,Turkey,Germany,92.154741,84.937201
3087,1,1,2025-09-14,Finland,Greece,99.542352,75.422887
3087,2,1,2025-09-14,Turkey,Germany,95.452188,111.9663
3088,1,1,2025-09-14,Finland,Greece,87.676392,61.224809
3088,2,1,2025-09-14,Turkey,Germany,64.704777000000007,89.090552
3089,1,1,2025-09-14,Finland,Greece,92.070254,84.971849
3089,2,1,2025-09-14,Turkey,Germany,85.024578,96.898951
3090,1,1,2025-09-14,Finland,Greece,109.329,100.01768
3090,2,1,2025-09-14,Turkey,Germany,70.814947,88.14858
3091,1,1,2025-09-14,Finland,Greece,86.882453,80.43448
3091,2,1,2025-09-14,Turkey,Germany,85.054765,91.620115
3092,1,1,2025-09-14,Finland,Greece,95.944185,80.148277
3092,2,1,2025-09-14,Turkey,Germany,79.820106,86.416867
3093,1,1,2025-09-14,Finland,Greece,94.522736,69.396661
3093,2,1,2025-09-14,Turkey,Germany,101.26224,109.99657
3094,1,1,2025-09-14,Finland,Greece,104.02204,89.630158
3094,2,1,2025-09-14,Turkey,Germany,70.432517,97.404708
3095,1,1,2025-09-14,Finland,Greece,104.31246,82.409081
3095,2,1,2025-09-14,Turkey,Germany,78.982204,93.490081
3096,1,1,2025-09-14,Finland,Greece,106.77465,73.089269
3096,2,1,2025-09-14,Turkey,Germany,80.096611,86.510008
3097,1,1,2025-09-14,Finland,Greece,97.338744,78.654933
3097,2,1,2025-09-14,Turkey,Germany,93.599475,98.314083
3098,1,1,2025-09-14,Finland,Greece,88.973312,81.200428
3098,2,1,2025-09-14,Turkey,Germany,69.661777,77.160597
3099,1,1,2025-09-14,Finland,Greece,104.83479,89.807587
3099,2,1,2025-09-14,Turkey,Germany,75.854634,98.673494
3100,1,1,2025-09-14,Finland,Greece,101.12372,76.251388
3100,2,1,2025-09-14,Turkey,Germany,81.522377,95.190216
3101,1,1,2025-09-14,Finland,Greece,101.22018,92.116277
3101,2,1,2025-09-14,Turkey,Germany,98.93625,97.743372
3102,1,1,2025-09-14,Finland,Greece,109.24478,89.352901
3102,2,1,2025-09-14,Turkey,Germany,79.342838,88.472127
3103,1,1,2025-09-14,Finland,Greece,84.811097,80.199909
3103,2,1,2025-09-14,Turkey,Germany,90.156652,88.350106
3104,1,1,2025-09-14,Finland,Greece,85.51484,90.79575
3104,2,1,2025-09-14,Turkey,Germany,90.737382,95.91031
3105,1,1,2025-09-14,Finland,Greece,74.073919,66.721093
3105,2,1,2025-09-14,Turkey,Germany,86.204667,99.966426
3106,1,1,2025-09-14,Finland,Greece,91.224215,70.863667
3106,2,1,2025-09-14,Turkey,Germany,101.43267,94.377474
3107,1,1,2025-09-14,Finland,Greece,91.989457,78.675833
3107,2,1,2025-09-14,Turkey,Germany,66.234473,90.644311
3108,1,1,2025-09-14,Finland,Greece,101.1073,84.35418
3108,2,1,2025-09-14,Turkey,Germany,98.401308,109.79121
3109,1,1,2025-09-14,Finland,Greece,97.942616,85.5544
3109,2,1,2025-09-14,Turkey,Germany,111.57397,109.75283
3110,1,1,2025-09-14,Finland,Greece,82.886802,68.889809
3110,2,1,2025-09-14,Turkey,Germany,97.071635,88.374493
3111,1,1,2025-09-14,Finland,Greece,88.614181,70.793964
3111,2,1,2025-09-14,Turkey,Germany,85.780754,76.373515
3112,1,1,2025-09-14,Finland,Greece,88.107495,64.401198
3112,2,1,2025-09-14,Turkey,Germany,83.02462,98.283988
3113,1,1,2025-09-14,Finland,Greece,92.331447,82.207256
3113,2,1,2025-09-14,Turkey,Germany,79.736649,69.135924
3114,1,1,2025-09-14,Finland,Greece,93.897202,73.319395
3114,2,1,2025-09-14,Turkey,Germany,81.827321,86.197862
3115,1,1,2025-09-14,Finland,Greece,92.423101,70.461126
3115,2,1,2025-09-14,Turkey,Germany,74.052148,102.10259
3116,1,1,2025-09-14,Finland,Greece,79.168059,64.627331
3116,2,1,2025-09-14,Turkey,Germany,83.330154,98.812294
3117,1,1,2025-09-14,Finland,Greece,100.0484,79.363088
3117,2,1,2025-09-14,Turkey,Germany,72.861959,101.63309
3118,1,1,2025-09-14,Finland,Greece,86.172403,68.801199
3118,2,1,2025-09-14,Turkey,Germany,58.132008,101.17808
3119,1,1,2025-09-14,Finland,Greece,88.333832,92.895519
3119,2,1,2025-09-14,Turkey,Germany,84.522828,93.621044
3120,1,1,2025-09-14,Finland,Greece,101.27171,67.667065
3120,2,1,2025-09-14,Turkey,Germany,82.710686,91.854596
3121,1,1,2025-09-14,Finland,Greece,98.00548,76.130897
3121,2,1,2025-09-14,Turkey,Germany,98.610824,104.41383
3122,1,1,2025-09-14,Finland,Greece,98.294159,83.115336
3122,2,1,2025-09-14,Turkey,Germany,101.82051,99.93526
3123,1,1,2025-09-14,Finland,Greece,82.247496,65.467102
3123,2,1,2025-09-14,Turkey,Germany,75.976208,113.65587
3124,1,1,2025-09-14,Finland,Greece,94.497877,78.121033
3124,2,1,2025-09-14,Turkey,Germany,90.718904,81.372842
3125,1,1,2025-09-14,Finland,Greece,98.137508,89.03663
3125,2,1,2025-09-14,Turkey,Germany,87.897852,91.652377
3126,1,1,2025-09-14,Finland,Greece,108.2365,91.616373
3126,2,1,2025-09-14,Turkey,Germany,110.99597,125.36908
3127,1,1,2025-09-14,Finland,Greece,92.127515,75.546396
3127,2,1,2025-09-14,Turkey,Germany,88.933108,98.595016
3128,1,1,2025-09-14,Finland,Greece,84.357267,75.844614000000007
3128,2,1,2025-09-14,Turkey,Germany,72.784002,81.961183
3129,1,1,2025-09-14,Finland,Greece,80.499042,94.434486
3129,2,1,2025-09-14,Turkey,Germany,79.00758,95.720358
3130,1,1,2025-09-14,Finland,Greece,94.952249,82.39089
3130,2,1,2025-09-14,Turkey,Germany,73.186825,80.730168
3131,1,1,2025-09-14,Finland,Greece,110.64617,89.880616
3131,2,1,2025-09-14,Turkey,Germany,93.472103,93.920627
3132,1,1,2025-09-14,Finland,Greece,87.442364,53.581172
3132,2,1,2025-09-14,Turkey,Germany,88.936125,95.108129
3133,1,1,2025-09-14,Finland,Greece,106.94712,84.29609
3133,2,1,2025-09-14,Turkey,Germany,83.64876,90.135181
3134,1,1,2025-09-14,Finland,Greece,76.324408,62.040267
3134,2,1,2025-09-14,Turkey,Germany,90.612878,93.161008
3135,1,1,2025-09-14,Finland,Greece,116.78838,104.68286
3135,2,1,2025-09-14,Turkey,Germany,89.752187,100.25804
3136,1,1,2025-09-14,Finland,Greece,115.61168,99.677498
3136,2,1,2025-09-14,Turkey,Germany,71.227816,83.019033
3137,1,1,2025-09-14,Finland,Greece,87.930859,90.650621
3137,2,1,2025-09-14,Turkey,Germany,90.01857,94.20437
3138,1,1,2025-09-14,Finland,Greece,78.356105,86.754133
3138,2,1,2025-09-14,Turkey,Germany,99.146758,124.34919
3139,1,1,2025-09-14,Finland,Greece,88.831604,93.471456
3139,2,1,2025-09-14,Turkey,Germany,69.782498,88.52284
3140,1,1,2025-09-14,Finland,Greece,102.20682,61.782806
3140,2,1,2025-09-14,Turkey,Germany,73.390304,93.406748
3141,1,1,2025-09-14,Finland,Greece,78.295226,90.842745
3141,2,1,2025-09-14,Turkey,Germany,89.971158,78.860082
3142,1,1,2025-09-14,Finland,Greece,82.937994,82.626641
3142,2,1,2025-09-14,Turkey,Germany,79.354188,96.679908
3143,1,1,2025-09-14,Finland,Greece,90.39025,70.88338
3143,2,1,2025-09-14,Turkey,Germany,76.088277,92.675258
3144,1,1,2025-09-14,Finland,Greece,94.836546,95.53953
3144,2,1,2025-09-14,Turkey,Germany,88.115921,116.4889
3145,1,1,2025-09-14,Finland,Greece,86.844551,74.121963
3145,2,1,2025-09-14,Turkey,Germany,86.869372,110.2735
3146,1,1,2025-09-14,Finland,Greece,82.676812,106.2624
3146,2,1,2025-09-14,Turkey,Germany,79.718979,89.095767
3147,1,1,2025-09-14,Finland,Greece,94.430594,76.043332
3147,2,1,2025-09-14,Turkey,Germany,62.979443,82.501638
3148,1,1,2025-09-14,Finland,Greece,69.95496,78.412439
3148,2,1,2025-09-14,Turkey,Germany,83.969954,92.995569
3149,1,1,2025-09-14,Finland,Greece,94.206743,89.125936
3149,2,1,2025-09-14,Turkey,Germany,74.489387,82.721407
3150,1,1,2025-09-14,Finland,Greece,91.462734,90.21964
3150,2,1,2025-09-14,Turkey,Germany,75.700935,75.916785
3151,1,1,2025-09-14,Finland,Greece,112.3238,63.523375
3151,2,1,2025-09-14,Turkey,Germany,73.961665,81.53762
3152,1,1,2025-09-14,Finland,Greece,106.54959,89.453902
3152,2,1,2025-09-14,Turkey,Germany,84.41397,90.446331
3153,1,1,2025-09-14,Finland,Greece,100.71879,83.105743
3153,2,1,2025-09-14,Turkey,Germany,108.73677,88.471557
3154,1,1,2025-09-14,Finland,Greece,107.95455,97.841514
3154,2,1,2025-09-14,Turkey,Germany,79.166971,94.776472
3155,1,1,2025-09-14,Finland,Greece,92.486899,81.648313
3155,2,1,2025-09-14,Turkey,Germany,83.362755,77.896266
3156,1,1,2025-09-14,Finland,Greece,102.61717,92.098992
3156,2,1,2025-09-14,Turkey,Germany,88.035969,96.325811
3157,1,1,2025-09-14,Finland,Greece,73.032271,85.222149
3157,2,1,2025-09-14,Turkey,Germany,85.675714,89.975417
3158,1,1,2025-09-14,Finland,Greece,97.097958,92.455556
3158,2,1,2025-09-14,Turkey,Germany,66.745898,98.605729
3159,1,1,2025-09-14,Finland,Greece,74.112516,97.48684
3159,2,1,2025-09-14,Turkey,Germany,81.856435,110.69966
3160,1,1,2025-09-14,Finland,Greece,126.84709,81.791845
3160,2,1,2025-09-14,Turkey,Germany,75.377335,71.255971
3161,1,1,2025-09-14,Finland,Greece,69.347222,83.826483
3161,2,1,2025-09-14,Turkey,Germany,69.809557,90.741434
3162,1,1,2025-09-14,Finland,Greece,100.22846,80.015437
3162,2,1,2025-09-14,Turkey,Germany,79.828332,89.28117
3163,1,1,2025-09-14,Finland,Greece,88.266874,72.476189
3163,2,1,2025-09-14,Turkey,Germany,90.575234,87.649145
3164,1,1,2025-09-14,Finland,Greece,90.637673,81.203807
3164,2,1,2025-09-14,Turkey,Germany,89.219454,93.100354
3165,1,1,2025-09-14,Finland,Greece,105.16269,87.971143
3165,2,1,2025-09-14,Turkey,Germany,66.970174,110.10515
3166,1,1,2025-09-14,Finland,Greece,97.706781,83.460745
3166,2,1,2025-09-14,Turkey,Germany,89.249576,83.109865
3167,1,1,2025-09-14,Finland,Greece,86.035515,69.535064
3167,2,1,2025-09-14,Turkey,Germany,70.886149,82.772636
3168,1,1,2025-09-14,Finland,Greece,107.49422,81.802867
3168,2,1,2025-09-14,Turkey,Germany,88.452053,82.184611
3169,1,1,2025-09-14,Finland,Greece,97.066526,82.613026
3169,2,1,2025-09-14,Turkey,Germany,78.084656,107.65937
3170,1,1,2025-09-14,Finland,Greece,71.374347,94.225889
3170,2,1,2025-09-14,Turkey,Germany,74.467834,131.23411
3171,1,1,2025-09-14,Finland,Greece,109.77313,100.42233
3171,2,1,2025-09-14,Turkey,Germany,94.82812,83.062337
3172,1,1,2025-09-14,Finland,Greece,89.258519,99.582325
3172,2,1,2025-09-14,Turkey,Germany,71.970723,103.30758
3173,1,1,2025-09-14,Finland,Greece,91.6467,83.892353
3173,2,1,2025-09-14,Turkey,Germany,89.403563,71.280219
3174,1,1,2025-09-14,Finland,Greece,73.543783,71.598668
3174,2,1,2025-09-14,Turkey,Germany,81.680879,84.55782
3175,1,1,2025-09-14,Finland,Greece,100.72254,84.013942
3175,2,1,2025-09-14,Turkey,Germany,90.724156,114.60148
3176,1,1,2025-09-14,Finland,Greece,98.157687,93.811061
3176,2,1,2025-09-14,Turkey,Germany,70.845188,83.328778
3177,1,1,2025-09-14,Finland,Greece,101.52278,68.439708
3177,2,1,2025-09-14,Turkey,Germany,74.146564,92.394992
3178,1,1,2025-09-14,Finland,Greece,98.549213,67.451177
3178,2,1,2025-09-14,Turkey,Germany,73.051145,95.184967
3179,1,1,2025-09-14,Finland,Greece,82.076864,67.023969
3179,2,1,2025-09-14,Turkey,Germany,92.87915,79.844433
3180,1,1,2025-09-14,Finland,Greece,91.54499,63.956627
3180,2,1,2025-09-14,Turkey,Germany,70.074821,101.57165
3181,1,1,2025-09-14,Finland,Greece,86.604715,75.511067
3181,2,1,2025-09-14,Turkey,Germany,93.027288,90.233099
3182,1,1,2025-09-14,Finland,Greece,89.246248,74.423337
3182,2,1,2025-09-14,Turkey,Germany,114.2215,109.90036
3183,1,1,2025-09-14,Finland,Greece,113.60232,99.974207
3183,2,1,2025-09-14,Turkey,Germany,99.544455,94.527835
3184,1,1,2025-09-14,Finland,Greece,112.19247,74.672662
3184,2,1,2025-09-14,Turkey,Germany,96.370005,98.785428
3185,1,1,2025-09-14,Finland,Greece,96.038476,78.942339
3185,2,1,2025-09-14,Turkey,Germany,91.046483,110.26469
3186,1,1,2025-09-14,Finland,Greece,102.72449,84.439557
3186,2,1,2025-09-14,Turkey,Germany,72.442427,123.80339
3187,1,1,2025-09-14,Finland,Greece,79.185172,84.206126
3187,2,1,2025-09-14,Turkey,Germany,99.672971,90.652684
3188,1,1,2025-09-14,Finland,Greece,99.685452,69.794418
3188,2,1,2025-09-14,Turkey,Germany,73.132965,100.3531
3189,1,1,2025-09-14,Finland,Greece,88.4987,96.361894
3189,2,1,2025-09-14,Turkey,Germany,107.13318,83.311626
3190,1,1,2025-09-14,Finland,Greece,91.709761,71.253193
3190,2,1,2025-09-14,Turkey,Germany,89.38755,98.988317
3191,1,1,2025-09-14,Finland,Greece,118.57986,77.404513
3191,2,1,2025-09-14,Turkey,Germany,86.050635,88.640392
3192,1,1,2025-09-14,Finland,Greece,105.16787,84.313285
3192,2,1,2025-09-14,Turkey,Germany,90.155062,94.110527
3193,1,1,2025-09-14,Finland,Greece,94.142636,55.076683
3193,2,1,2025-09-14,Turkey,Germany,77.906206,101.35439
3194,1,1,2025-09-14,Finland,Greece,83.243859,83.754911
3194,2,1,2025-09-14,Turkey,Germany,97.225045,97.448441
3195,1,1,2025-09-14,Finland,Greece,78.095524,59.90985
3195,2,1,2025-09-14,Turkey,Germany,92.04287,84.637741
3196,1,1,2025-09-14,Finland,Greece,90.348799,78.481957
3196,2,1,2025-09-14,Turkey,Germany,92.81667,114.62359
3197,1,1,2025-09-14,Finland,Greece,97.468782,109.25993
3197,2,1,2025-09-14,Turkey,Germany,81.921459,98.339217
3198,1,1,2025-09-14,Finland,Greece,98.51799,102.5842
3198,2,1,2025-09-14,Turkey,Germany,66.529248,100.34372
3199,1,1,2025-09-14,Finland,Greece,93.924321,85.934485
3199,2,1,2025-09-14,Turkey,Germany,75.413911,78.208709
3200,1,1,2025-09-14,Finland,Greece,106.25282,59.892804
3200,2,1,2025-09-14,Turkey,Germany,79.391522,83.373646
3201,1,1,2025-09-14,Finland,Greece,93.917787,83.410661
3201,2,1,2025-09-14,Turkey,Germany,64.597693,68.411454
3202,1,1,2025-09-14,Finland,Greece,82.703162,81.189257
3202,2,1,2025-09-14,Turkey,Germany,66.619884,66.920842
3203,1,1,2025-09-14,Finland,Greece,77.619222,98.044821
3203,2,1,2025-09-14,Turkey,Germany,84.368262,92.264594
3204,1,1,2025-09-14,Finland,Greece,77.4967,87.729003
3204,2,1,2025-09-14,Turkey,Germany,95.841022,107.81634
3205,1,1,2025-09-14,Finland,Greece,98.843636,116.12497
3205,2,1,2025-09-14,Turkey,Germany,98.876113,101.68401
3206,1,1,2025-09-14,Finland,Greece,115.83371,92.234499
3206,2,1,2025-09-14,Turkey,Germany,75.359851,87.80567
3207,1,1,2025-09-14,Finland,Greece,118.01588,76.664597
3207,2,1,2025-09-14,Turkey,Germany,78.668866,99.752362
3208,1,1,2025-09-14,Finland,Greece,104.0231,82.172831
3208,2,1,2025-09-14,Turkey,Germany,83.996316,116.96053
3209,1,1,2025-09-14,Finland,Greece,112.53133,49.119849
3209,2,1,2025-09-14,Turkey,Germany,69.863346,99.80312
3210,1,1,2025-09-14,Finland,Greece,111.74475,78.781437
3210,2,1,2025-09-14,Turkey,Germany,98.508589,96.796105
3211,1,1,2025-09-14,Finland,Greece,105.14685,81.226571
3211,2,1,2025-09-14,Turkey,Germany,84.688779,102.70751
3212,1,1,2025-09-14,Finland,Greece,117.98878,88.077442
3212,2,1,2025-09-14,Turkey,Germany,76.788533,106.45152
3213,1,1,2025-09-14,Finland,Greece,88.290098,92.218959
3213,2,1,2025-09-14,Turkey,Germany,88.059385,97.392412
3214,1,1,2025-09-14,Finland,Greece,113.29728,78.387078
3214,2,1,2025-09-14,Turkey,Germany,71.243168,72.220826
3215,1,1,2025-09-14,Finland,Greece,100.07794,83.670348
3215,2,1,2025-09-14,Turkey,Germany,71.86548,112.14168
3216,1,1,2025-09-14,Finland,Greece,96.325774,82.864758
3216,2,1,2025-09-14,Turkey,Germany,80.361899,81.840414
3217,1,1,2025-09-14,Finland,Greece,89.036193,91.427343
3217,2,1,2025-09-14,Turkey,Germany,78.337276,97.856497
3218,1,1,2025-09-14,Finland,Greece,95.56333,74.693821
3218,2,1,2025-09-14,Turkey,Germany,58.615203,118.70341
3219,1,1,2025-09-14,Finland,Greece,71.340141,79.937028
3219,2,1,2025-09-14,Turkey,Germany,74.735743,90.556672
3220,1,1,2025-09-14,Finland,Greece,106.75301,85.683623
3220,2,1,2025-09-14,Turkey,Germany,86.544712,105.17483
3221,1,1,2025-09-14,Finland,Greece,96.933994,86.174351
3221,2,1,2025-09-14,Turkey,Germany,69.624844,113.22611
3222,1,1,2025-09-14,Finland,Greece,88.894348,90.565073
3222,2,1,2025-09-14,Turkey,Germany,101.93554,85.437471
3223,1,1,2025-09-14,Finland,Greece,97.13195,68.873434
3223,2,1,2025-09-14,Turkey,Germany,90.574862,89.731422
3224,1,1,2025-09-14,Finland,Greece,95.844846,82.568412
3224,2,1,2025-09-14,Turkey,Germany,85.738925,88.893347
3225,1,1,2025-09-14,Finland,Greece,82.510365,68.939159
3225,2,1,2025-09-14,Turkey,Germany,86.409573,83.777537
3226,1,1,2025-09-14,Finland,Greece,92.925634,103.16722
3226,2,1,2025-09-14,Turkey,Germany,78.294671,93.439296
3227,1,1,2025-09-14,Finland,Greece,104.84945,104.76283
3227,2,1,2025-09-14,Turkey,Germany,84.247544,100.28125
3228,1,1,2025-09-14,Finland,Greece,98.596383,96.300115
3228,2,1,2025-09-14,Turkey,Germany,65.448758,92.314347
3229,1,1,2025-09-14,Finland,Greece,94.959997,83.492457
3229,2,1,2025-09-14,Turkey,Germany,83.007882,83.016824
3230,1,1,2025-09-14,Finland,Greece,85.482977,67.591869
3230,2,1,2025-09-14,Turkey,Germany,70.146168,101.13273
3231,1,1,2025-09-14,Finland,Greece,83.600276,78.184219
3231,2,1,2025-09-14,Turkey,Germany,96.596838,64.985828
3232,1,1,2025-09-14,Finland,Greece,107.46071,89.427449
3232,2,1,2025-09-14,Turkey,Germany,82.233237,98.015676
3233,1,1,2025-09-14,Finland,Greece,96.934506,68.530863
3233,2,1,2025-09-14,Turkey,Germany,68.937274,108.55944
3234,1,1,2025-09-14,Finland,Greece,99.116033,88.529718
3234,2,1,2025-09-14,Turkey,Germany,86.991056,96.564456
3235,1,1,2025-09-14,Finland,Greece,96.841224,67.417317
3235,2,1,2025-09-14,Turkey,Germany,81.103087,107.58797
3236,1,1,2025-09-14,Finland,Greece,111.39262,88.660474
3236,2,1,2025-09-14,Turkey,Germany,88.215175,98.794121
3237,1,1,2025-09-14,Finland,Greece,97.801987,60.225729
3237,2,1,2025-09-14,Turkey,Germany,99.972988,71.899843
3238,1,1,2025-09-14,Finland,Greece,92.682631,81.656176
3238,2,1,2025-09-14,Turkey,Germany,71.107051,93.324556
3239,1,1,2025-09-14,Finland,Greece,79.671877,87.471774
3239,2,1,2025-09-14,Turkey,Germany,95.141219,88.467863
3240,1,1,2025-09-14,Finland,Greece,102.10902,82.634646
3240,2,1,2025-09-14,Turkey,Germany,92.778105,108.93522
3241,1,1,2025-09-14,Finland,Greece,78.464203,80.041163
3241,2,1,2025-09-14,Turkey,Germany,81.393089,80.486015
3242,1,1,2025-09-14,Finland,Greece,90.987428,87.874182
3242,2,1,2025-09-14,Turkey,Germany,90.475777,102.51466
3243,1,1,2025-09-14,Finland,Greece,89.984514,86.961048
3243,2,1,2025-09-14,Turkey,Germany,83.112248,73.374872
3244,1,1,2025-09-14,Finland,Greece,79.154005,71.552545
3244,2,1,2025-09-14,Turkey,Germany,100.54368,102.32526
3245,1,1,2025-09-14,Finland,Greece,113.70343,78.130888
3245,2,1,2025-09-14,Turkey,Germany,71.862712,93.7382
3246,1,1,2025-09-14,Finland,Greece,102.25504,98.762947
3246,2,1,2025-09-14,Turkey,Germany,63.444689,67.087415
3247,1,1,2025-09-14,Finland,Greece,97.364258,88.152568
3247,2,1,2025-09-14,Turkey,Germany,89.509461,105.2947
3248,1,1,2025-09-14,Finland,Greece,97.3402,89.814401
3248,2,1,2025-09-14,Turkey,Germany,82.606801,100.4682
3249,1,1,2025-09-14,Finland,Greece,113.89706,70.618287
3249,2,1,2025-09-14,Turkey,Germany,101.94101,91.99176
3250,1,1,2025-09-14,Finland,Greece,82.504099,79.926283
3250,2,1,2025-09-14,Turkey,Germany,88.285595,109.42717
3251,1,1,2025-09-14,Finland,Greece,95.012214,83.178515
3251,2,1,2025-09-14,Turkey,Germany,68.039002,104.61293
3252,1,1,2025-09-14,Finland,Greece,90.102472,98.502695
3252,2,1,2025-09-14,Turkey,Germany,77.603562,87.117691
3253,1,1,2025-09-14,Finland,Greece,105.54074,89.990075
3253,2,1,2025-09-14,Turkey,Germany,85.650386,83.504491
3254,1,1,2025-09-14,Finland,Greece,106.09768,89.520072
3254,2,1,2025-09-14,Turkey,Germany,85.150121,85.830964
3255,1,1,2025-09-14,Finland,Greece,77.185963,81.785092
3255,2,1,2025-09-14,Turkey,Germany,81.453455,75.854899
3256,1,1,2025-09-14,Finland,Greece,75.317442,78.888145
3256,2,1,2025-09-14,Turkey,Germany,81.483906,88.132587
3257,1,1,2025-09-14,Finland,Greece,89.548618,94.117724
3257,2,1,2025-09-14,Turkey,Germany,78.953153,90.320612
3258,1,1,2025-09-14,Finland,Greece,103.1662,105.31065
3258,2,1,2025-09-14,Turkey,Germany,85.249506,118.60863
3259,1,1,2025-09-14,Finland,Greece,89.034151,84.60439
3259,2,1,2025-09-14,Turkey,Germany,78.147466,96.469931
3260,1,1,2025-09-14,Finland,Greece,82.308548,75.200376
3260,2,1,2025-09-14,Turkey,Germany,73.740797,87.596309
3261,1,1,2025-09-14,Finland,Greece,96.22843,91.608531
3261,2,1,2025-09-14,Turkey,Germany,95.862675,91.0228
3262,1,1,2025-09-14,Finland,Greece,104.86011,85.426497
3262,2,1,2025-09-14,Turkey,Germany,117.73314,98.194575
3263,1,1,2025-09-14,Finland,Greece,96.629355,69.037585000000007
3263,2,1,2025-09-14,Turkey,Germany,66.929781,93.792493
3264,1,1,2025-09-14,Finland,Greece,109.58832,89.076877
3264,2,1,2025-09-14,Turkey,Germany,87.989292,81.986912
3265,1,1,2025-09-14,Finland,Greece,91.126626,66.007551
3265,2,1,2025-09-14,Turkey,Germany,92.473087,102.87462
3266,1,1,2025-09-14,Finland,Greece,78.551362,84.723742
3266,2,1,2025-09-14,Turkey,Germany,89.993408,100.79561
3267,1,1,2025-09-14,Finland,Greece,88.22634,78.564746
3267,2,1,2025-09-14,Turkey,Germany,93.080222,72.623457
3268,1,1,2025-09-14,Finland,Greece,96.699399,69.421683
3268,2,1,2025-09-14,Turkey,Germany,70.555937,80.101428
3269,1,1,2025-09-14,Finland,Greece,87.512384,57.698511
3269,2,1,2025-09-14,Turkey,Germany,71.176567,114.89487
3270,1,1,2025-09-14,Finland,Greece,109.77697,85.506239
3270,2,1,2025-09-14,Turkey,Germany,80.752162,105.32902
3271,1,1,2025-09-14,Finland,Greece,109.61713,86.252765
3271,2,1,2025-09-14,Turkey,Germany,78.353976,98.551283
3272,1,1,2025-09-14,Finland,Greece,101.849,83.379802
3272,2,1,2025-09-14,Turkey,Germany,89.256207,79.46161
3273,1,1,2025-09-14,Finland,Greece,103.14013,73.363131
3273,2,1,2025-09-14,Turkey,Germany,90.806658,80.927354
3274,1,1,2025-09-14,Finland,Greece,82.968007,73.09587
3274,2,1,2025-09-14,Turkey,Germany,94.010695,96.163165
3275,1,1,2025-09-14,Finland,Greece,83.843043,85.940255
3275,2,1,2025-09-14,Turkey,Germany,91.22544,105.01188
3276,1,1,2025-09-14,Finland,Greece,89.782564,88.142875
3276,2,1,2025-09-14,Turkey,Germany,76.857096,94.277733
3277,1,1,2025-09-14,Finland,Greece,100.41313,96.058385
3277,2,1,2025-09-14,Turkey,Germany,89.487093,117.38684
3278,1,1,2025-09-14,Finland,Greece,105.02265,105.66684
3278,2,1,2025-09-14,Turkey,Germany,96.274254,117.64575
3279,1,1,2025-09-14,Finland,Greece,86.779919,70.845185
3279,2,1,2025-09-14,Turkey,Germany,64.247749,103.44283
3280,1,1,2025-09-14,Finland,Greece,87.167965,80.204295
3280,2,1,2025-09-14,Turkey,Germany,79.657379,93.205498
3281,1,1,2025-09-14,Finland,Greece,92.337789,87.384955
3281,2,1,2025-09-14,Turkey,Germany,43.866464,90.492687
3282,1,1,2025-09-14,Finland,Greece,100.88127,76.061926
3282,2,1,2025-09-14,Turkey,Germany,109.20899,108.15327
3283,1,1,2025-09-14,Finland,Greece,73.078675,97.329143
3283,2,1,2025-09-14,Turkey,Germany,84.654803,86.04623
3284,1,1,2025-09-14,Finland,Greece,81.37452,82.306839
3284,2,1,2025-09-14,Turkey,Germany,103.99849,95.05609
3285,1,1,2025-09-14,Finland,Greece,89.836028,85.095844
3285,2,1,2025-09-14,Turkey,Germany,75.861825,97.514615
3286,1,1,2025-09-14,Finland,Greece,106.4189,86.71208
3286,2,1,2025-09-14,Turkey,Germany,90.476909,80.082025
3287,1,1,2025-09-14,Finland,Greece,79.457328,74.201949
3287,2,1,2025-09-14,Turkey,Germany,78.09382,77.616621
3288,1,1,2025-09-14,Finland,Greece,86.870268,90.476952
3288,2,1,2025-09-14,Turkey,Germany,66.621233,86.052277
3289,1,1,2025-09-14,Finland,Greece,93.08483,69.976543
3289,2,1,2025-09-14,Turkey,Germany,88.100792,108.1564
3290,1,1,2025-09-14,Finland,Greece,102.53109,80.269411
3290,2,1,2025-09-14,Turkey,Germany,88.607889,91.078345
3291,1,1,2025-09-14,Finland,Greece,92.039059,89.400035
3291,2,1,2025-09-14,Turkey,Germany,78.578036,107.47376
3292,1,1,2025-09-14,Finland,Greece,88.893507,80.388445
3292,2,1,2025-09-14,Turkey,Germany,69.832434,89.009423
3293,1,1,2025-09-14,Finland,Greece,85.626687,84.918191
3293,2,1,2025-09-14,Turkey,Germany,85.3348,107.34427
3294,1,1,2025-09-14,Finland,Greece,95.532896,83.520623
3294,2,1,2025-09-14,Turkey,Germany,92.718673,83.967291
3295,1,1,2025-09-14,Finland,Greece,124.30806,85.862737
3295,2,1,2025-09-14,Turkey,Germany,85.985083,85.989632
3296,1,1,2025-09-14,Finland,Greece,81.325615,72.439876
3296,2,1,2025-09-14,Turkey,Germany,86.251907,84.353414
3297,1,1,2025-09-14,Finland,Greece,90.705036,85.971851
3297,2,1,2025-09-14,Turkey,Germany,68.466699,87.334754
3298,1,1,2025-09-14,Finland,Greece,93.194249,75.92237
3298,2,1,2025-09-14,Turkey,Germany,72.846382,83.384352
3299,1,1,2025-09-14,Finland,Greece,89.86625,82.844055
3299,2,1,2025-09-14,Turkey,Germany,93.812094,94.79974
3300,1,1,2025-09-14,Finland,Greece,76.913423,84.108317
3300,2,1,2025-09-14,Turkey,Germany,85.985108,98.026229
3301,1,1,2025-09-14,Finland,Greece,116.06519,71.680527
3301,2,1,2025-09-14,Turkey,Germany,83.838229,86.445011
3302,1,1,2025-09-14,Finland,Greece,89.756945,96.197116
3302,2,1,2025-09-14,Turkey,Germany,106.90402,71.728633
3303,1,1,2025-09-14,Finland,Greece,103.84106,71.926161
3303,2,1,2025-09-14,Turkey,Germany,67.556102,98.871902
3304,1,1,2025-09-14,Finland,Greece,110.81055,85.06543
3304,2,1,2025-09-14,Turkey,Germany,78.965111,79.799696
3305,1,1,2025-09-14,Finland,Greece,90.587072,92.112322
3305,2,1,2025-09-14,Turkey,Germany,79.83922,84.037681
3306,1,1,2025-09-14,Finland,Greece,89.380988,91.239739
3306,2,1,2025-09-14,Turkey,Germany,87.862005,107.48928
3307,1,1,2025-09-14,Finland,Greece,96.671351,81.031952
3307,2,1,2025-09-14,Turkey,Germany,76.685843,95.644015
3308,1,1,2025-09-14,Finland,Greece,102.02855,89.620636
3308,2,1,2025-09-14,Turkey,Germany,66.941916,89.566412
3309,1,1,2025-09-14,Finland,Greece,87.939234,70.285954
3309,2,1,2025-09-14,Turkey,Germany,99.653449,108.20663
3310,1,1,2025-09-14,Finland,Greece,93.374417,95.856359
3310,2,1,2025-09-14,Turkey,Germany,89.081344,93.325157
3311,1,1,2025-09-14,Finland,Greece,86.548671,72.405504
3311,2,1,2025-09-14,Turkey,Germany,82.932159,102.2957
3312,1,1,2025-09-14,Finland,Greece,88.989238,85.696741
3312,2,1,2025-09-14,Turkey,Germany,59.207264,77.022646
3313,1,1,2025-09-14,Finland,Greece,84.086654,85.531873
3313,2,1,2025-09-14,Turkey,Germany,105.81908,95.566076
3314,1,1,2025-09-14,Finland,Greece,88.048298,76.675353
3314,2,1,2025-09-14,Turkey,Germany,85.389939,76.622346
3315,1,1,2025-09-14,Finland,Greece,101.31815,70.538204
3315,2,1,2025-09-14,Turkey,Germany,66.874677,99.637974
3316,1,1,2025-09-14,Finland,Greece,95.223383,70.024531
3316,2,1,2025-09-14,Turkey,Germany,80.745924,88.479983
3317,1,1,2025-09-14,Finland,Greece,100.29746,96.047521
3317,2,1,2025-09-14,Turkey,Germany,72.78126,102.93669
3318,1,1,2025-09-14,Finland,Greece,94.71847,83.598272
3318,2,1,2025-09-14,Turkey,Germany,80.996739,100.18464
3319,1,1,2025-09-14,Finland,Greece,93.6081,89.101299
3319,2,1,2025-09-14,Turkey,Germany,94.652286,90.9963
3320,1,1,2025-09-14,Finland,Greece,101.30794,98.817239
3320,2,1,2025-09-14,Turkey,Germany,100.05478,95.413358
3321,1,1,2025-09-14,Finland,Greece,91.290496,68.159683
3321,2,1,2025-09-14,Turkey,Germany,91.072832,109.19632
3322,1,1,2025-09-14,Finland,Greece,92.539441,78.747957
3322,2,1,2025-09-14,Turkey,Germany,89.328767,93.384361
3323,1,1,2025-09-14,Finland,Greece,80.115581,75.097875
3323,2,1,2025-09-14,Turkey,Germany,72.7845,90.116003
3324,1,1,2025-09-14,Finland,Greece,89.651403,72.938281
3324,2,1,2025-09-14,Turkey,Germany,94.008304999999993,87.85848
3325,1,1,2025-09-14,Finland,Greece,93.445203,85.710682
3325,2,1,2025-09-14,Turkey,Germany,96.450312,92.832375
3326,1,1,2025-09-14,Finland,Greece,93.094154,73.020386
3326,2,1,2025-09-14,Turkey,Germany,81.681616,85.429077
3327,1,1,2025-09-14,Finland,Greece,94.965268,72.237816
3327,2,1,2025-09-14,Turkey,Germany,91.034146,98.882389
3328,1,1,2025-09-14,Finland,Greece,93.425501,77.716633
3328,2,1,2025-09-14,Turkey,Germany,107.3862,93.325818
3329,1,1,2025-09-14,Finland,Greece,106.13843,72.432431
3329,2,1,2025-09-14,Turkey,Germany,82.66505,87.057033
3330,1,1,2025-09-14,Finland,Greece,92.130765,81.043856
3330,2,1,2025-09-14,Turkey,Germany,88.52173,88.627899
3331,1,1,2025-09-14,Finland,Greece,105.77748,91.715705
3331,2,1,2025-09-14,Turkey,Germany,83.86985,102.3725
3332,1,1,2025-09-14,Finland,Greece,86.494228,77.868257
3332,2,1,2025-09-14,Turkey,Germany,82.258285,102.07741
3333,1,1,2025-09-14,Finland,Greece,98.981959,76.902344
3333,2,1,2025-09-14,Turkey,Germany,83.039698,89.721742
3334,1,1,2025-09-14,Finland,Greece,98.223643,81.250609
3334,2,1,2025-09-14,Turkey,Germany,94.809787,106.08854
3335,1,1,2025-09-14,Finland,Greece,99.924726,82.364669
3335,2,1,2025-09-14,Turkey,Germany,72.087143,96.465931
3336,1,1,2025-09-14,Finland,Greece,96.662299,78.019241
3336,2,1,2025-09-14,Turkey,Germany,83.738187,76.889747
3337,1,1,2025-09-14,Finland,Greece,111.20222,63.263611
3337,2,1,2025-09-14,Turkey,Germany,69.70609,110.38697
3338,1,1,2025-09-14,Finland,Greece,73.617441,68.861404
3338,2,1,2025-09-14,Turkey,Germany,99.46253,105.90668
3339,1,1,2025-09-14,Finland,Greece,114.14744,88.594172
3339,2,1,2025-09-14,Turkey,Germany,88.318222,80.524779
3340,1,1,2025-09-14,Finland,Greece,111.9737,91.068733
3340,2,1,2025-09-14,Turkey,Germany,59.683924,86.144049
3341,1,1,2025-09-14,Finland,Greece,95.424791,80.839734000000007
3341,2,1,2025-09-14,Turkey,Germany,107.13834,98.798493
3342,1,1,2025-09-14,Finland,Greece,108.13287,93.96039
3342,2,1,2025-09-14,Turkey,Germany,69.753756,99.379056
3343,1,1,2025-09-14,Finland,Greece,64.454673,73.600853
3343,2,1,2025-09-14,Turkey,Germany,75.383945,98.545479
3344,1,1,2025-09-14,Finland,Greece,92.888293,93.030716
3344,2,1,2025-09-14,Turkey,Germany,74.506709,100.14634
3345,1,1,2025-09-14,Finland,Greece,89.962677,88.293094
3345,2,1,2025-09-14,Turkey,Germany,77.467195,74.904863
3346,1,1,2025-09-14,Finland,Greece,88.151574,73.602947
3346,2,1,2025-09-14,Turkey,Germany,75.597606,93.289138
3347,1,1,2025-09-14,Finland,Greece,70.930952,95.433231
3347,2,1,2025-09-14,Turkey,Germany,91.473787,83.023748
3348,1,1,2025-09-14,Finland,Greece,90.069446,84.938485
3348,2,1,2025-09-14,Turkey,Germany,87.306875,73.920739
3349,1,1,2025-09-14,Finland,Greece,99.432444,72.872248
3349,2,1,2025-09-14,Turkey,Germany,74.291018,107.28576
3350,1,1,2025-09-14,Finland,Greece,117.41775,115.95335
3350,2,1,2025-09-14,Turkey,Germany,89.665408,84.629888
3351,1,1,2025-09-14,Finland,Greece,103.65583,94.051473
3351,2,1,2025-09-14,Turkey,Germany,94.476377,89.091246
3352,1,1,2025-09-14,Finland,Greece,107.1362,107.90814
3352,2,1,2025-09-14,Turkey,Germany,77.260411,105.20396
3353,1,1,2025-09-14,Finland,Greece,121.96351,93.633889
3353,2,1,2025-09-14,Turkey,Germany,83.162537,82.063796
3354,1,1,2025-09-14,Finland,Greece,90.208165,82.782604
3354,2,1,2025-09-14,Turkey,Germany,100.42992,90.774197
3355,1,1,2025-09-14,Finland,Greece,97.948782,82.008933
3355,2,1,2025-09-14,Turkey,Germany,85.160188,84.331271
3356,1,1,2025-09-14,Finland,Greece,94.390126,76.304934
3356,2,1,2025-09-14,Turkey,Germany,71.317906,102.67603
3357,1,1,2025-09-14,Finland,Greece,99.350228,80.23185
3357,2,1,2025-09-14,Turkey,Germany,85.929075,103.02084
3358,1,1,2025-09-14,Finland,Greece,117.95741,82.359442
3358,2,1,2025-09-14,Turkey,Germany,68.064485,97.091869
3359,1,1,2025-09-14,Finland,Greece,105.24701,74.883388
3359,2,1,2025-09-14,Turkey,Germany,78.887553,84.735798
3360,1,1,2025-09-14,Finland,Greece,101.69729,78.141816
3360,2,1,2025-09-14,Turkey,Germany,88.050288,87.417875
3361,1,1,2025-09-14,Finland,Greece,87.944752,65.185501
3361,2,1,2025-09-14,Turkey,Germany,91.020749,79.163242
3362,1,1,2025-09-14,Finland,Greece,85.441103,68.343012
3362,2,1,2025-09-14,Turkey,Germany,79.710496,108.94498
3363,1,1,2025-09-14,Finland,Greece,108.75584,66.990322
3363,2,1,2025-09-14,Turkey,Germany,86.306612,106.35336
3364,1,1,2025-09-14,Finland,Greece,97.123413,96.864396
3364,2,1,2025-09-14,Turkey,Germany,74.885118,62.110264
3365,1,1,2025-09-14,Finland,Greece,89.350191,67.151047
3365,2,1,2025-09-14,Turkey,Germany,92.153919,80.489328
3366,1,1,2025-09-14,Finland,Greece,96.899461,89.480137
3366,2,1,2025-09-14,Turkey,Germany,84.92608,81.01775
3367,1,1,2025-09-14,Finland,Greece,95.824175,89.592561
3367,2,1,2025-09-14,Turkey,Germany,92.596203,96.254306
3368,1,1,2025-09-14,Finland,Greece,98.154987,92.514139
3368,2,1,2025-09-14,Turkey,Germany,81.974597,87.697153
3369,1,1,2025-09-14,Finland,Greece,100.51004,77.482216
3369,2,1,2025-09-14,Turkey,Germany,83.992736,104.08843
3370,1,1,2025-09-14,Finland,Greece,114.77084,89.811063
3370,2,1,2025-09-14,Turkey,Germany,99.436797,111.51052
3371,1,1,2025-09-14,Finland,Greece,99.044982,78.351216
3371,2,1,2025-09-14,Turkey,Germany,69.825513,85.221851
3372,1,1,2025-09-14,Finland,Greece,91.336886,89.032999
3372,2,1,2025-09-14,Turkey,Germany,81.767889,75.214071
3373,1,1,2025-09-14,Finland,Greece,106.50895,95.739658
3373,2,1,2025-09-14,Turkey,Germany,69.495894,101.29504
3374,1,1,2025-09-14,Finland,Greece,89.725642,95.038818
3374,2,1,2025-09-14,Turkey,Germany,95.270012,97.859042
3375,1,1,2025-09-14,Finland,Greece,97.655617,76.388868
3375,2,1,2025-09-14,Turkey,Germany,82.133783,94.962123
3376,1,1,2025-09-14,Finland,Greece,84.879417,61.3661
3376,2,1,2025-09-14,Turkey,Germany,87.100752,101.00019
3377,1,1,2025-09-14,Finland,Greece,99.67175,89.536536
3377,2,1,2025-09-14,Turkey,Germany,80.202286,85.264001
3378,1,1,2025-09-14,Finland,Greece,93.816182,75.170047
3378,2,1,2025-09-14,Turkey,Germany,65.644309,86.016643
3379,1,1,2025-09-14,Finland,Greece,97.157622,97.893144
3379,2,1,2025-09-14,Turkey,Germany,82.922,79.156511
3380,1,1,2025-09-14,Finland,Greece,89.714645,78.470569
3380,2,1,2025-09-14,Turkey,Germany,86.752028,123.23157
3381,1,1,2025-09-14,Finland,Greece,82.962603,82.114841
3381,2,1,2025-09-14,Turkey,Germany,91.357924,91.797881
3382,1,1,2025-09-14,Finland,Greece,92.709914,66.366988
3382,2,1,2025-09-14,Turkey,Germany,100.97036,105.01294
3383,1,1,2025-09-14,Finland,Greece,95.135651,68.077777
3383,2,1,2025-09-14,Turkey,Germany,80.210336,82.330897
3384,1,1,2025-09-14,Finland,Greece,99.884314,88.641915
3384,2,1,2025-09-14,Turkey,Germany,77.494817,99.445012
3385,1,1,2025-09-14,Finland,Greece,96.302102,74.522093
3385,2,1,2025-09-14,Turkey,Germany,86.553336,104.69058
3386,1,1,2025-09-14,Finland,Greece,90.048841,79.797836
3386,2,1,2025-09-14,Turkey,Germany,69.75991,86.800364
3387,1,1,2025-09-14,Finland,Greece,100.57257,100.19912
3387,2,1,2025-09-14,Turkey,Germany,80.616466,89.148006
3388,1,1,2025-09-14,Finland,Greece,99.297405,76.918668
3388,2,1,2025-09-14,Turkey,Germany,74.801259,92.507764
3389,1,1,2025-09-14,Finland,Greece,83.547374,98.123252
3389,2,1,2025-09-14,Turkey,Germany,75.970784,85.516218
3390,1,1,2025-09-14,Finland,Greece,97.000043,81.766689
3390,2,1,2025-09-14,Turkey,Germany,57.542223,89.824216
3391,1,1,2025-09-14,Finland,Greece,102.92456,73.782672
3391,2,1,2025-09-14,Turkey,Germany,84.969004,102.47767
3392,1,1,2025-09-14,Finland,Greece,98.564999,87.942491
3392,2,1,2025-09-14,Turkey,Germany,84.127068,95.715025
3393,1,1,2025-09-14,Finland,Greece,93.913092,64.330571
3393,2,1,2025-09-14,Turkey,Germany,106.00476,118.89237
3394,1,1,2025-09-14,Finland,Greece,93.281312,89.602507
3394,2,1,2025-09-14,Turkey,Germany,82.987779,83.307378
3395,1,1,2025-09-14,Finland,Greece,89.979733,84.370929
3395,2,1,2025-09-14,Turkey,Germany,93.957715,101.89895
3396,1,1,2025-09-14,Finland,Greece,90.119786,49.95211
3396,2,1,2025-09-14,Turkey,Germany,82.239737,104.99742
3397,1,1,2025-09-14,Finland,Greece,97.024157,77.205976
3397,2,1,2025-09-14,Turkey,Germany,73.337583,109.40291
3398,1,1,2025-09-14,Finland,Greece,95.57335,107.72453
3398,2,1,2025-09-14,Turkey,Germany,92.850772,81.706341
3399,1,1,2025-09-14,Finland,Greece,106.28699,93.396052
3399,2,1,2025-09-14,Turkey,Germany,60.69405,87.925644
3400,1,1,2025-09-14,Finland,Greece,93.451191,71.459088
3400,2,1,2025-09-14,Turkey,Germany,83.982101,96.429035
3401,1,1,2025-09-14,Finland,Greece,90.371593,90.567791
3401,2,1,2025-09-14,Turkey,Germany,73.207875,107.13265
3402,1,1,2025-09-14,Finland,Greece,105.89365,77.635362
3402,2,1,2025-09-14,Turkey,Germany,85.040617,99.034357
3403,1,1,2025-09-14,Finland,Greece,97.325662,81.212053
3403,2,1,2025-09-14,Turkey,Germany,74.736553,82.396978
3404,1,1,2025-09-14,Finland,Greece,99.752605,92.722147
3404,2,1,2025-09-14,Turkey,Germany,80.059843,87.702935
3405,1,1,2025-09-14,Finland,Greece,89.592065,86.120628
3405,2,1,2025-09-14,Turkey,Germany,81.29578,91.234585
3406,1,1,2025-09-14,Finland,Greece,104.81468,86.829722
3406,2,1,2025-09-14,Turkey,Germany,76.959874,95.146207
3407,1,1,2025-09-14,Finland,Greece,90.343148,83.706202
3407,2,1,2025-09-14,Turkey,Germany,94.28481,100.26959
3408,1,1,2025-09-14,Finland,Greece,103.80609,73.688682
3408,2,1,2025-09-14,Turkey,Germany,80.376644,90.299167
3409,1,1,2025-09-14,Finland,Greece,70.320121,75.953787
3409,2,1,2025-09-14,Turkey,Germany,53.115192,55.489283
3410,1,1,2025-09-14,Finland,Greece,93.341751,99.519899
3410,2,1,2025-09-14,Turkey,Germany,86.324155,83.960557
3411,1,1,2025-09-14,Finland,Greece,97.587001,78.772797
3411,2,1,2025-09-14,Turkey,Germany,112.02656,96.169299
3412,1,1,2025-09-14,Finland,Greece,91.35875,66.574785
3412,2,1,2025-09-14,Turkey,Germany,82.838245,105.1355
3413,1,1,2025-09-14,Finland,Greece,80.010928,93.32149
3413,2,1,2025-09-14,Turkey,Germany,80.061518,116.18292
3414,1,1,2025-09-14,Finland,Greece,107.59595,82.401773
3414,2,1,2025-09-14,Turkey,Germany,78.413929,82.20131
3415,1,1,2025-09-14,Finland,Greece,106.06973,77.39449
3415,2,1,2025-09-14,Turkey,Germany,93.878832,94.605219
3416,1,1,2025-09-14,Finland,Greece,115.08673,91.857978
3416,2,1,2025-09-14,Turkey,Germany,84.462525,100.39093
3417,1,1,2025-09-14,Finland,Greece,87.111122,78.407716
3417,2,1,2025-09-14,Turkey,Germany,80.391202,99.104625
3418,1,1,2025-09-14,Finland,Greece,104.55515,77.627195
3418,2,1,2025-09-14,Turkey,Germany,90.738336,124.54044
3419,1,1,2025-09-14,Finland,Greece,103.45022,75.079677
3419,2,1,2025-09-14,Turkey,Germany,79.034759,93.382736
3420,1,1,2025-09-14,Finland,Greece,91.309448,89.688328
3420,2,1,2025-09-14,Turkey,Germany,84.831498,85.363809
3421,1,1,2025-09-14,Finland,Greece,112.88729,109.47213
3421,2,1,2025-09-14,Turkey,Germany,72.205568,76.462314
3422,1,1,2025-09-14,Finland,Greece,101.12494,77.894949
3422,2,1,2025-09-14,Turkey,Germany,85.554135,108.74535
3423,1,1,2025-09-14,Finland,Greece,123.60748,97.623854
3423,2,1,2025-09-14,Turkey,Germany,87.572988,100.73631
3424,1,1,2025-09-14,Finland,Greece,96.171863,79.437674
3424,2,1,2025-09-14,Turkey,Germany,97.324367,96.568035
3425,1,1,2025-09-14,Finland,Greece,110.66499,100.03276
3425,2,1,2025-09-14,Turkey,Germany,68.494244,80.272287
3426,1,1,2025-09-14,Finland,Greece,96.281489,79.063779
3426,2,1,2025-09-14,Turkey,Germany,83.052497,99.437547
3427,1,1,2025-09-14,Finland,Greece,105.66535,101.89577
3427,2,1,2025-09-14,Turkey,Germany,72.532415,115.85657
3428,1,1,2025-09-14,Finland,Greece,101.84833,77.541717
3428,2,1,2025-09-14,Turkey,Germany,62.642502,100.83093
3429,1,1,2025-09-14,Finland,Greece,99.704891,76.367311
3429,2,1,2025-09-14,Turkey,Germany,84.899173,84.747706
3430,1,1,2025-09-14,Finland,Greece,93.311553,96.901885
3430,2,1,2025-09-14,Turkey,Germany,68.83987,84.322197
3431,1,1,2025-09-14,Finland,Greece,86.732266,65.489811
3431,2,1,2025-09-14,Turkey,Germany,71.159537,113.54105
3432,1,1,2025-09-14,Finland,Greece,88.154324,89.697083
3432,2,1,2025-09-14,Turkey,Germany,89.148409,111.85152
3433,1,1,2025-09-14,Finland,Greece,89.636367,76.617356
3433,2,1,2025-09-14,Turkey,Germany,86.910979,91.855895
3434,1,1,2025-09-14,Finland,Greece,90.379945,88.214063
3434,2,1,2025-09-14,Turkey,Germany,101.5533,100.14204
3435,1,1,2025-09-14,Finland,Greece,69.184001,81.926496
3435,2,1,2025-09-14,Turkey,Germany,89.208022,97.519062
3436,1,1,2025-09-14,Finland,Greece,90.715734,86.996107
3436,2,1,2025-09-14,Turkey,Germany,79.500119,96.735482
3437,1,1,2025-09-14,Finland,Greece,101.11054,85.818322
3437,2,1,2025-09-14,Turkey,Germany,80.860334,105.39213
3438,1,1,2025-09-14,Finland,Greece,89.840094,70.632531
3438,2,1,2025-09-14,Turkey,Germany,84.865705,100.4498
3439,1,1,2025-09-14,Finland,Greece,74.840302,84.137237
3439,2,1,2025-09-14,Turkey,Germany,75.837179,95.305729
3440,1,1,2025-09-14,Finland,Greece,106.1524,77.91929
3440,2,1,2025-09-14,Turkey,Germany,97.040866,105.0373
3441,1,1,2025-09-14,Finland,Greece,94.708184,85.532937
3441,2,1,2025-09-14,Turkey,Germany,80.760893,114.13832
3442,1,1,2025-09-14,Finland,Greece,74.5822,86.771863
3442,2,1,2025-09-14,Turkey,Germany,91.678245,62.042019
3443,1,1,2025-09-14,Finland,Greece,88.082393,82.535894
3443,2,1,2025-09-14,Turkey,Germany,99.79153,96.302483
3444,1,1,2025-09-14,Finland,Greece,81.491838,81.330969
3444,2,1,2025-09-14,Turkey,Germany,81.813509,102.93937
3445,1,1,2025-09-14,Finland,Greece,71.553768,80.479142
3445,2,1,2025-09-14,Turkey,Germany,60.711506,85.869474
3446,1,1,2025-09-14,Finland,Greece,83.960609,75.419331
3446,2,1,2025-09-14,Turkey,Germany,84.081172,98.110911
3447,1,1,2025-09-14,Finland,Greece,95.631666,82.599528
3447,2,1,2025-09-14,Turkey,Germany,86.667468,87.895402
3448,1,1,2025-09-14,Finland,Greece,97.532168,87.163324
3448,2,1,2025-09-14,Turkey,Germany,75.698999,94.839244
3449,1,1,2025-09-14,Finland,Greece,99.095698,84.558377
3449,2,1,2025-09-14,Turkey,Germany,95.493098,79.687015
3450,1,1,2025-09-14,Finland,Greece,98.541159,103.5405
3450,2,1,2025-09-14,Turkey,Germany,85.312096,97.855498
3451,1,1,2025-09-14,Finland,Greece,101.40019,86.945358
3451,2,1,2025-09-14,Turkey,Germany,88.45426,108.11213
3452,1,1,2025-09-14,Finland,Greece,92.081803,89.855314
3452,2,1,2025-09-14,Turkey,Germany,93.991822,115.38291
3453,1,1,2025-09-14,Finland,Greece,97.870674,81.275056
3453,2,1,2025-09-14,Turkey,Germany,92.425776,103.15285
3454,1,1,2025-09-14,Finland,Greece,98.784209,84.06073
3454,2,1,2025-09-14,Turkey,Germany,79.417673,88.837039
3455,1,1,2025-09-14,Finland,Greece,102.69291,81.361117
3455,2,1,2025-09-14,Turkey,Germany,74.426365,92.332078
3456,1,1,2025-09-14,Finland,Greece,83.265259,86.880012
3456,2,1,2025-09-14,Turkey,Germany,75.99524,95.805099
3457,1,1,2025-09-14,Finland,Greece,107.1113,84.201869
3457,2,1,2025-09-14,Turkey,Germany,68.244672,86.822881
3458,1,1,2025-09-14,Finland,Greece,95.952292,79.905643
3458,2,1,2025-09-14,Turkey,Germany,66.16007,103.40364
3459,1,1,2025-09-14,Finland,Greece,90.20604,57.337998
3459,2,1,2025-09-14,Turkey,Germany,78.477923,88.908395
3460,1,1,2025-09-14,Finland,Greece,94.300066,82.196848
3460,2,1,2025-09-14,Turkey,Germany,80.095657,75.255444
3461,1,1,2025-09-14,Finland,Greece,103.32137,69.457359
3461,2,1,2025-09-14,Turkey,Germany,79.786884,89.56587
3462,1,1,2025-09-14,Finland,Greece,95.536639,82.694489
3462,2,1,2025-09-14,Turkey,Germany,87.503208,114.68895
3463,1,1,2025-09-14,Finland,Greece,82.434287,73.854103
3463,2,1,2025-09-14,Turkey,Germany,98.435113,95.713996
3464,1,1,2025-09-14,Finland,Greece,85.26325,63.252442
3464,2,1,2025-09-14,Turkey,Germany,89.926826,109.47894
3465,1,1,2025-09-14,Finland,Greece,81.679565,72.188104
3465,2,1,2025-09-14,Turkey,Germany,65.116805,93.210833
3466,1,1,2025-09-14,Finland,Greece,102.78075,88.461302
3466,2,1,2025-09-14,Turkey,Germany,112.2188,97.458339
3467,1,1,2025-09-14,Finland,Greece,79.303967,76.747688
3467,2,1,2025-09-14,Turkey,Germany,80.889261,98.510621
3468,1,1,2025-09-14,Finland,Greece,81.496472,102.81856
3468,2,1,2025-09-14,Turkey,Germany,88.020845,106.65875
3469,1,1,2025-09-14,Finland,Greece,95.085035,70.821255
3469,2,1,2025-09-14,Turkey,Germany,90.439417,105.66771
3470,1,1,2025-09-14,Finland,Greece,82.082526,83.070642
3470,2,1,2025-09-14,Turkey,Germany,97.33427,73.980716
3471,1,1,2025-09-14,Finland,Greece,94.04281,97.703114
3471,2,1,2025-09-14,Turkey,Germany,58.32003,77.051245
3472,1,1,2025-09-14,Finland,Greece,91.886842,70.028149
3472,2,1,2025-09-14,Turkey,Germany,107.97428,99.315055
3473,1,1,2025-09-14,Finland,Greece,87.167703,78.999055
3473,2,1,2025-09-14,Turkey,Germany,88.848277,88.152093
3474,1,1,2025-09-14,Finland,Greece,90.833656,64.716509
3474,2,1,2025-09-14,Turkey,Germany,89.602474,98.320017000000007
3475,1,1,2025-09-14,Finland,Greece,95.28645,83.696927
3475,2,1,2025-09-14,Turkey,Germany,88.79428,110.32804
3476,1,1,2025-09-14,Finland,Greece,102.0893,78.650021
3476,2,1,2025-09-14,Turkey,Germany,101.37501,88.212851
3477,1,1,2025-09-14,Finland,Greece,91.485791,84.117703
3477,2,1,2025-09-14,Turkey,Germany,77.106534,92.725541
3478,1,1,2025-09-14,Finland,Greece,84.994023,83.543026
3478,2,1,2025-09-14,Turkey,Germany,71.92674,105.8749
3479,1,1,2025-09-14,Finland,Greece,85.837074,44.422327
3479,2,1,2025-09-14,Turkey,Germany,64.605864,99.347799
3480,1,1,2025-09-14,Finland,Greece,96.25491,73.405088
3480,2,1,2025-09-14,Turkey,Germany,86.513441,95.412867
3481,1,1,2025-09-14,Finland,Greece,96.634621,87.738726
3481,2,1,2025-09-14,Turkey,Germany,82.617213,93.829109
3482,1,1,2025-09-14,Finland,Greece,97.878732,96.277378
3482,2,1,2025-09-14,Turkey,Germany,90.824109000000007,74.883713
3483,1,1,2025-09-14,Finland,Greece,92.61055,65.853536
3483,2,1,2025-09-14,Turkey,Germany,93.699124,107.67166
3484,1,1,2025-09-14,Finland,Greece,85.781865,98.20462
3484,2,1,2025-09-14,Turkey,Germany,99.563208,103.38579
3485,1,1,2025-09-14,Finland,Greece,106.68809,96.791674
3485,2,1,2025-09-14,Turkey,Germany,84.024781,98.24966
3486,1,1,2025-09-14,Finland,Greece,93.315068,92.374702
3486,2,1,2025-09-14,Turkey,Germany,85.552777,99.969704
3487,1,1,2025-09-14,Finland,Greece,87.790951,68.254901
3487,2,1,2025-09-14,Turkey,Germany,75.474984,84.4711
3488,1,1,2025-09-14,Finland,Greece,87.644047,72.026347
3488,2,1,2025-09-14,Turkey,Germany,74.974986,90.234218
3489,1,1,2025-09-14,Finland,Greece,90.182114,82.165943
3489,2,1,2025-09-14,Turkey,Germany,61.467638,87.136836
3490,1,1,2025-09-14,Finland,Greece,104.80568,82.515559
3490,2,1,2025-09-14,Turkey,Germany,86.867055,102.64872
3491,1,1,2025-09-14,Finland,Greece,97.973568,85.832996
3491,2,1,2025-09-14,Turkey,Germany,96.093146,114.07839
3492,1,1,2025-09-14,Finland,Greece,98.041305,77.909447
3492,2,1,2025-09-14,Turkey,Germany,86.891211,114.6461
3493,1,1,2025-09-14,Finland,Greece,75.645373,85.540748
3493,2,1,2025-09-14,Turkey,Germany,77.49961,81.180911
3494,1,1,2025-09-14,Finland,Greece,101.95508,83.696348
3494,2,1,2025-09-14,Turkey,Germany,86.495576,53.024985
3495,1,1,2025-09-14,Finland,Greece,90.204896,70.762483
3495,2,1,2025-09-14,Turkey,Germany,70.972811,95.564257
3496,1,1,2025-09-14,Finland,Greece,68.844077,84.619097
3496,2,1,2025-09-14,Turkey,Germany,86.388984,82.13143
3497,1,1,2025-09-14,Finland,Greece,91.088151,95.900403
3497,2,1,2025-09-14,Turkey,Germany,83.313003,82.093847
3498,1,1,2025-09-14,Finland,Greece,89.480539,82.548628
3498,2,1,2025-09-14,Turkey,Germany,74.217649,83.078756
3499,1,1,2025-09-14,Finland,Greece,98.522419,81.643327
3499,2,1,2025-09-14,Turkey,Germany,74.360381,87.731969
3500,1,1,2025-09-14,Finland,Greece,104.57646,76.896242
3500,2,1,2025-09-14,Turkey,Germany,82.512328,101.40373
3501,1,1,2025-09-14,Finland,Greece,91.859929,82.634969
3501,2,1,2025-09-14,Turkey,Germany,86.697601,99.970005
3502,1,1,2025-09-14,Finland,Greece,88.646714,81.463517
3502,2,1,2025-09-14,Turkey,Germany,98.054305,94.879912
3503,1,1,2025-09-14,Finland,Greece,89.899909,74.955767
3503,2,1,2025-09-14,Turkey,Germany,94.604326,96.72193
3504,1,1,2025-09-14,Finland,Greece,90.132241,88.072528
3504,2,1,2025-09-14,Turkey,Germany,104.34776,106.4436
3505,1,1,2025-09-14,Finland,Greece,101.76175,65.337198
3505,2,1,2025-09-14,Turkey,Germany,83.085239,90.980903
3506,1,1,2025-09-14,Finland,Greece,98.929319,84.663754
3506,2,1,2025-09-14,Turkey,Germany,79.962998,91.107169
3507,1,1,2025-09-14,Finland,Greece,89.443388,88.619923
3507,2,1,2025-09-14,Turkey,Germany,61.568243,73.203286
3508,1,1,2025-09-14,Finland,Greece,92.638367,71.257472
3508,2,1,2025-09-14,Turkey,Germany,95.156457,94.532016
3509,1,1,2025-09-14,Finland,Greece,108.34722,68.105246
3509,2,1,2025-09-14,Turkey,Germany,86.211149,96.333653
3510,1,1,2025-09-14,Finland,Greece,103.91765,84.624521
3510,2,1,2025-09-14,Turkey,Germany,72.920224,92.850203
3511,1,1,2025-09-14,Finland,Greece,80.76955,77.137324
3511,2,1,2025-09-14,Turkey,Germany,88.914487,84.4607
3512,1,1,2025-09-14,Finland,Greece,106.35246,67.818961
3512,2,1,2025-09-14,Turkey,Germany,99.332066,99.36321
3513,1,1,2025-09-14,Finland,Greece,97.676702,110.34329
3513,2,1,2025-09-14,Turkey,Germany,49.676449,102.65583
3514,1,1,2025-09-14,Finland,Greece,94.34339,71.450279
3514,2,1,2025-09-14,Turkey,Germany,88.397852,82.348724
3515,1,1,2025-09-14,Finland,Greece,100.41749,95.875958
3515,2,1,2025-09-14,Turkey,Germany,86.900359,93.79212
3516,1,1,2025-09-14,Finland,Greece,84.464157,80.762548
3516,2,1,2025-09-14,Turkey,Germany,100.25998,92.916685
3517,1,1,2025-09-14,Finland,Greece,86.693686,71.558356
3517,2,1,2025-09-14,Turkey,Germany,84.719555,90.938967
3518,1,1,2025-09-14,Finland,Greece,88.316997,81.842285
3518,2,1,2025-09-14,Turkey,Germany,90.772205,78.333078
3519,1,1,2025-09-14,Finland,Greece,89.652359,81.230911
3519,2,1,2025-09-14,Turkey,Germany,69.222356,114.39205
3520,1,1,2025-09-14,Finland,Greece,109.99692,93.330293
3520,2,1,2025-09-14,Turkey,Germany,79.449304,92.895322
3521,1,1,2025-09-14,Finland,Greece,92.165128,93.78167
3521,2,1,2025-09-14,Turkey,Germany,93.099673,107.65888
3522,1,1,2025-09-14,Finland,Greece,93.655729,89.524111
3522,2,1,2025-09-14,Turkey,Germany,86.295522,85.001589
3523,1,1,2025-09-14,Finland,Greece,78.000694,70.98536
3523,2,1,2025-09-14,Turkey,Germany,93.486558,90.557626
3524,1,1,2025-09-14,Finland,Greece,84.695732,81.39834
3524,2,1,2025-09-14,Turkey,Germany,73.422554,99.439334
3525,1,1,2025-09-14,Finland,Greece,82.570531,67.695924
3525,2,1,2025-09-14,Turkey,Germany,93.840865,103.23621
3526,1,1,2025-09-14,Finland,Greece,92.925653,81.635359
3526,2,1,2025-09-14,Turkey,Germany,79.72887,87.281578
3527,1,1,2025-09-14,Finland,Greece,96.189486,85.857238
3527,2,1,2025-09-14,Turkey,Germany,57.269323,83.870334
3528,1,1,2025-09-14,Finland,Greece,93.012031,79.097481
3528,2,1,2025-09-14,Turkey,Germany,87.43075,98.070725
3529,1,1,2025-09-14,Finland,Greece,92.235309,70.877652
3529,2,1,2025-09-14,Turkey,Germany,74.589425,82.150867
3530,1,1,2025-09-14,Finland,Greece,102.36995,79.747159
3530,2,1,2025-09-14,Turkey,Germany,81.185501,113.49297
3531,1,1,2025-09-14,Finland,Greece,85.260809,74.784568
3531,2,1,2025-09-14,Turkey,Germany,78.133278,90.832172
3532,1,1,2025-09-14,Finland,Greece,104.55304,103.50995
3532,2,1,2025-09-14,Turkey,Germany,76.657462,84.848103
3533,1,1,2025-09-14,Finland,Greece,77.993153,77.702467
3533,2,1,2025-09-14,Turkey,Germany,78.149698,75.906677
3534,1,1,2025-09-14,Finland,Greece,99.479282,79.158323
3534,2,1,2025-09-14,Turkey,Germany,67.466099,95.096
3535,1,1,2025-09-14,Finland,Greece,100.55561,91.575583
3535,2,1,2025-09-14,Turkey,Germany,80.20006,100.46723
3536,1,1,2025-09-14,Finland,Greece,89.578077,86.631081
3536,2,1,2025-09-14,Turkey,Germany,84.790617,76.043898
3537,1,1,2025-09-14,Finland,Greece,91.99741,76.020906
3537,2,1,2025-09-14,Turkey,Germany,77.85364,86.272265
3538,1,1,2025-09-14,Finland,Greece,98.778406,85.80471
3538,2,1,2025-09-14,Turkey,Germany,101.24516,102.58302
3539,1,1,2025-09-14,Finland,Greece,88.021656,97.648995
3539,2,1,2025-09-14,Turkey,Germany,68.522411,87.593599
3540,1,1,2025-09-14,Finland,Greece,87.753685,68.880349
3540,2,1,2025-09-14,Turkey,Germany,96.416761,103.97854
3541,1,1,2025-09-14,Finland,Greece,87.467629,85.938075
3541,2,1,2025-09-14,Turkey,Germany,84.712472,92.391371
3542,1,1,2025-09-14,Finland,Greece,111.39763,71.693909
3542,2,1,2025-09-14,Turkey,Germany,84.527213,102.7142
3543,1,1,2025-09-14,Finland,Greece,83.749699,85.750079
3543,2,1,2025-09-14,Turkey,Germany,105.9222,108.41869
3544,1,1,2025-09-14,Finland,Greece,77.804679,89.606263
3544,2,1,2025-09-14,Turkey,Germany,62.469106,88.747043
3545,1,1,2025-09-14,Finland,Greece,92.343923,99.169161
3545,2,1,2025-09-14,Turkey,Germany,75.741815,98.327843
3546,1,1,2025-09-14,Finland,Greece,93.13405,69.48065
3546,2,1,2025-09-14,Turkey,Germany,74.014246,95.722091
3547,1,1,2025-09-14,Finland,Greece,89.320819,82.496316
3547,2,1,2025-09-14,Turkey,Germany,112.97941,92.644666
3548,1,1,2025-09-14,Finland,Greece,78.079392,81.859695
3548,2,1,2025-09-14,Turkey,Germany,74.286332,76.710483
3549,1,1,2025-09-14,Finland,Greece,92.397508,80.188641
3549,2,1,2025-09-14,Turkey,Germany,85.498902,107.73647
3550,1,1,2025-09-14,Finland,Greece,115.33875,89.300636
3550,2,1,2025-09-14,Turkey,Germany,92.970348,90.184782
3551,1,1,2025-09-14,Finland,Greece,89.061192,90.165541
3551,2,1,2025-09-14,Turkey,Germany,91.26326,102.49201
3552,1,1,2025-09-14,Finland,Greece,113.10396,106.54379
3552,2,1,2025-09-14,Turkey,Germany,93.258943,84.910156
3553,1,1,2025-09-14,Finland,Greece,97.9239,86.198816
3553,2,1,2025-09-14,Turkey,Germany,86.163919,101.26522
3554,1,1,2025-09-14,Finland,Greece,96.804172,93.505076
3554,2,1,2025-09-14,Turkey,Germany,72.617201,90.029293
3555,1,1,2025-09-14,Finland,Greece,103.55552,84.492307
3555,2,1,2025-09-14,Turkey,Germany,97.496378000000007,79.822126
3556,1,1,2025-09-14,Finland,Greece,92.527407,55.645064
3556,2,1,2025-09-14,Turkey,Germany,84.892203,102.98562
3557,1,1,2025-09-14,Finland,Greece,103.87813,90.681168
3557,2,1,2025-09-14,Turkey,Germany,103.15345,98.474317
3558,1,1,2025-09-14,Finland,Greece,94.998515,85.046268
3558,2,1,2025-09-14,Turkey,Germany,91.293834,101.61292
3559,1,1,2025-09-14,Finland,Greece,86.538647,88.397488
3559,2,1,2025-09-14,Turkey,Germany,72.75107,101.16349
3560,1,1,2025-09-14,Finland,Greece,97.58674,98.414711
3560,2,1,2025-09-14,Turkey,Germany,84.793727,109.88235
3561,1,1,2025-09-14,Finland,Greece,107.23327,90.483332
3561,2,1,2025-09-14,Turkey,Germany,73.25747,82.938721
3562,1,1,2025-09-14,Finland,Greece,95.038656,95.20461
3562,2,1,2025-09-14,Turkey,Germany,78.126689,92.57401
3563,1,1,2025-09-14,Finland,Greece,70.528194,109.33158
3563,2,1,2025-09-14,Turkey,Germany,78.78342,86.576882
3564,1,1,2025-09-14,Finland,Greece,82.397969,89.211365
3564,2,1,2025-09-14,Turkey,Germany,95.970793,103.38411
3565,1,1,2025-09-14,Finland,Greece,100.47198,76.931375
3565,2,1,2025-09-14,Turkey,Germany,88.301594,106.15173
3566,1,1,2025-09-14,Finland,Greece,109.19812,79.87249
3566,2,1,2025-09-14,Turkey,Germany,82.837233,105.74707
3567,1,1,2025-09-14,Finland,Greece,96.064917,79.067598
3567,2,1,2025-09-14,Turkey,Germany,74.237589,58.801827
3568,1,1,2025-09-14,Finland,Greece,100.7217,68.642749
3568,2,1,2025-09-14,Turkey,Germany,73.243491,98.888375
3569,1,1,2025-09-14,Finland,Greece,93.164382,81.909956
3569,2,1,2025-09-14,Turkey,Germany,62.11993,92.347635
3570,1,1,2025-09-14,Finland,Greece,91.563796,76.606305
3570,2,1,2025-09-14,Turkey,Germany,83.237147,86.424868
3571,1,1,2025-09-14,Finland,Greece,91.484969,75.162936
3571,2,1,2025-09-14,Turkey,Germany,90.376057,106.26114
3572,1,1,2025-09-14,Finland,Greece,56.696621,53.523298
3572,2,1,2025-09-14,Turkey,Germany,90.610185,85.987591
3573,1,1,2025-09-14,Finland,Greece,93.491179,74.212509
3573,2,1,2025-09-14,Turkey,Germany,96.307396,99.490206
3574,1,1,2025-09-14,Finland,Greece,79.513553,62.885688
3574,2,1,2025-09-14,Turkey,Germany,90.036832,101.79719
3575,1,1,2025-09-14,Finland,Greece,82.694484,94.251402
3575,2,1,2025-09-14,Turkey,Germany,77.744073,92.254057
3576,1,1,2025-09-14,Finland,Greece,106.29119,79.465362
3576,2,1,2025-09-14,Turkey,Germany,79.172965,95.988743
3577,1,1,2025-09-14,Finland,Greece,94.076528,84.065891
3577,2,1,2025-09-14,Turkey,Germany,71.565949,79.921308
3578,1,1,2025-09-14,Finland,Greece,81.201134,100.1782
3578,2,1,2025-09-14,Turkey,Germany,82.269213,94.916225
3579,1,1,2025-09-14,Finland,Greece,88.639838,101.89396
3579,2,1,2025-09-14,Turkey,Germany,84.596946,103.12669
3580,1,1,2025-09-14,Finland,Greece,104.89745,81.029708
3580,2,1,2025-09-14,Turkey,Germany,72.830131,109.59378
3581,1,1,2025-09-14,Finland,Greece,89.089262,92.959832
3581,2,1,2025-09-14,Turkey,Germany,100.21857,87.50678
3582,1,1,2025-09-14,Finland,Greece,102.27113,90.509825
3582,2,1,2025-09-14,Turkey,Germany,80.772312,104.31572
3583,1,1,2025-09-14,Finland,Greece,91.231934999999993,88.882485
3583,2,1,2025-09-14,Turkey,Germany,96.090062,89.656451
3584,1,1,2025-09-14,Finland,Greece,117.07353,93.843195
3584,2,1,2025-09-14,Turkey,Germany,88.901088,94.301008
3585,1,1,2025-09-14,Finland,Greece,102.56683,84.575522
3585,2,1,2025-09-14,Turkey,Germany,73.597607,101.18022
3586,1,1,2025-09-14,Finland,Greece,108.46784,76.58708
3586,2,1,2025-09-14,Turkey,Germany,82.167546,99.538629
3587,1,1,2025-09-14,Finland,Greece,83.249502,75.753642
3587,2,1,2025-09-14,Turkey,Germany,83.590057,90.745063
3588,1,1,2025-09-14,Finland,Greece,99.244527,75.156174
3588,2,1,2025-09-14,Turkey,Germany,91.740465,90.630929
3589,1,1,2025-09-14,Finland,Greece,72.857073,57.500614
3589,2,1,2025-09-14,Turkey,Germany,71.209766,100.52813
3590,1,1,2025-09-14,Finland,Greece,93.144492,94.476652
3590,2,1,2025-09-14,Turkey,Germany,84.127591,98.682661
3591,1,1,2025-09-14,Finland,Greece,94.31848,81.769369
3591,2,1,2025-09-14,Turkey,Germany,91.665661,79.24718
3592,1,1,2025-09-14,Finland,Greece,114.12363,105.20081
3592,2,1,2025-09-14,Turkey,Germany,60.110106,75.55391
3593,1,1,2025-09-14,Finland,Greece,86.989774,89.744755
3593,2,1,2025-09-14,Turkey,Germany,90.035343,86.73594
3594,1,1,2025-09-14,Finland,Greece,92.775517,60.403279
3594,2,1,2025-09-14,Turkey,Germany,56.942674,87.907931
3595,1,1,2025-09-14,Finland,Greece,76.321432,77.153166
3595,2,1,2025-09-14,Turkey,Germany,68.381093,83.672295
3596,1,1,2025-09-14,Finland,Greece,93.554769,90.962836
3596,2,1,2025-09-14,Turkey,Germany,77.056915,81.465861
3597,1,1,2025-09-14,Finland,Greece,76.579238,64.294386
3597,2,1,2025-09-14,Turkey,Germany,87.544041000000007,122.98123
3598,1,1,2025-09-14,Finland,Greece,85.259973,85.215724
3598,2,1,2025-09-14,Turkey,Germany,89.602938,100.5258
3599,1,1,2025-09-14,Finland,Greece,103.39138,77.143254
3599,2,1,2025-09-14,Turkey,Germany,83.854379,89.378032
3600,1,1,2025-09-14,Finland,Greece,92.65107,73.049608
3600,2,1,2025-09-14,Turkey,Germany,90.731443,85.331829
3601,1,1,2025-09-14,Finland,Greece,97.437411,91.137715
3601,2,1,2025-09-14,Turkey,Germany,61.910124,87.348522
3602,1,1,2025-09-14,Finland,Greece,88.763308,75.936976
3602,2,1,2025-09-14,Turkey,Germany,80.374155,95.038846
3603,1,1,2025-09-14,Finland,Greece,98.475636,73.703809
3603,2,1,2025-09-14,Turkey,Germany,74.842539,92.534266
3604,1,1,2025-09-14,Finland,Greece,56.997962,88.344569
3604,2,1,2025-09-14,Turkey,Germany,89.471224,89.485708
3605,1,1,2025-09-14,Finland,Greece,116.48941,69.628176
3605,2,1,2025-09-14,Turkey,Germany,87.566062,89.826277
3606,1,1,2025-09-14,Finland,Greece,91.451395,87.264728
3606,2,1,2025-09-14,Turkey,Germany,86.650705,96.00912
3607,1,1,2025-09-14,Finland,Greece,104.10301,92.604076
3607,2,1,2025-09-14,Turkey,Germany,88.308316,93.923943
3608,1,1,2025-09-14,Finland,Greece,102.64589,63.351704
3608,2,1,2025-09-14,Turkey,Germany,76.762308,87.012306
3609,1,1,2025-09-14,Finland,Greece,80.99162,86.5988
3609,2,1,2025-09-14,Turkey,Germany,84.386357,91.030354
3610,1,1,2025-09-14,Finland,Greece,97.354207,82.762291
3610,2,1,2025-09-14,Turkey,Germany,98.848064,89.573751
3611,1,1,2025-09-14,Finland,Greece,85.565708,82.568712
3611,2,1,2025-09-14,Turkey,Germany,79.625099,91.354375
3612,1,1,2025-09-14,Finland,Greece,92.849147,82.720451
3612,2,1,2025-09-14,Turkey,Germany,86.038982,94.484428
3613,1,1,2025-09-14,Finland,Greece,88.980631,71.271701
3613,2,1,2025-09-14,Turkey,Germany,75.247156,81.097526
3614,1,1,2025-09-14,Finland,Greece,73.579127,77.885656
3614,2,1,2025-09-14,Turkey,Germany,83.808899,86.039851
3615,1,1,2025-09-14,Finland,Greece,110.48819,93.031272
3615,2,1,2025-09-14,Turkey,Germany,83.930492,96.184273
3616,1,1,2025-09-14,Finland,Greece,82.506013,82.585975
3616,2,1,2025-09-14,Turkey,Germany,67.371432,83.217947
3617,1,1,2025-09-14,Finland,Greece,100.74185,76.024415
3617,2,1,2025-09-14,Turkey,Germany,94.130033,68.466391
3618,1,1,2025-09-14,Finland,Greece,89.447944,91.621488
3618,2,1,2025-09-14,Turkey,Germany,70.073542,93.335699
3619,1,1,2025-09-14,Finland,Greece,104.74385,90.841088
3619,2,1,2025-09-14,Turkey,Germany,90.664025,99.94523
3620,1,1,2025-09-14,Finland,Greece,109.28167,96.774034
3620,2,1,2025-09-14,Turkey,Germany,77.460726,98.736146
3621,1,1,2025-09-14,Finland,Greece,95.703696,70.722067
3621,2,1,2025-09-14,Turkey,Germany,93.034203,108.26615
3622,1,1,2025-09-14,Finland,Greece,78.77821,95.913981
3622,2,1,2025-09-14,Turkey,Germany,93.143511,104.41175
3623,1,1,2025-09-14,Finland,Greece,96.011829,79.290071
3623,2,1,2025-09-14,Turkey,Germany,78.422833,75.085449
3624,1,1,2025-09-14,Finland,Greece,94.21046,98.095958
3624,2,1,2025-09-14,Turkey,Germany,98.201101,89.792844
3625,1,1,2025-09-14,Finland,Greece,106.3936,81.977276
3625,2,1,2025-09-14,Turkey,Germany,88.939613,96.509459
3626,1,1,2025-09-14,Finland,Greece,89.16938,79.527659
3626,2,1,2025-09-14,Turkey,Germany,76.75752,92.176446
3627,1,1,2025-09-14,Finland,Greece,70.442193,85.197524
3627,2,1,2025-09-14,Turkey,Germany,72.380922,84.22014
3628,1,1,2025-09-14,Finland,Greece,94.860028,71.151418
3628,2,1,2025-09-14,Turkey,Germany,84.181294,82.82492
3629,1,1,2025-09-14,Finland,Greece,88.650655,78.387326
3629,2,1,2025-09-14,Turkey,Germany,81.516991,97.331736
3630,1,1,2025-09-14,Finland,Greece,94.421177,88.068344
3630,2,1,2025-09-14,Turkey,Germany,80.541733,90.056775
3631,1,1,2025-09-14,Finland,Greece,91.066828,91.155539
3631,2,1,2025-09-14,Turkey,Germany,78.847682,92.46301
3632,1,1,2025-09-14,Finland,Greece,101.1285,72.030686
3632,2,1,2025-09-14,Turkey,Germany,88.739743,103.41282
3633,1,1,2025-09-14,Finland,Greece,113.60342,84.279772
3633,2,1,2025-09-14,Turkey,Germany,68.551159,111.57596
3634,1,1,2025-09-14,Finland,Greece,94.139093,83.231939
3634,2,1,2025-09-14,Turkey,Germany,76.126177,102.56534
3635,1,1,2025-09-14,Finland,Greece,103.2907,96.774745
3635,2,1,2025-09-14,Turkey,Germany,95.436829,82.549179
3636,1,1,2025-09-14,Finland,Greece,80.245429,73.183853
3636,2,1,2025-09-14,Turkey,Germany,83.684779,93.01899
3637,1,1,2025-09-14,Finland,Greece,81.179492,74.005364
3637,2,1,2025-09-14,Turkey,Germany,82.220783,99.163907
3638,1,1,2025-09-14,Finland,Greece,92.242792,82.174845
3638,2,1,2025-09-14,Turkey,Germany,101.1324,87.034967
3639,1,1,2025-09-14,Finland,Greece,92.225088,91.809856
3639,2,1,2025-09-14,Turkey,Germany,81.799757,93.1987
3640,1,1,2025-09-14,Finland,Greece,94.216751,78.612686
3640,2,1,2025-09-14,Turkey,Germany,79.652846,73.158486
3641,1,1,2025-09-14,Finland,Greece,93.928413,89.278824
3641,2,1,2025-09-14,Turkey,Germany,82.57887,94.284896
3642,1,1,2025-09-14,Finland,Greece,83.999974,72.426808
3642,2,1,2025-09-14,Turkey,Germany,80.030659,96.98122
3643,1,1,2025-09-14,Finland,Greece,98.503413,95.172198
3643,2,1,2025-09-14,Turkey,Germany,84.491193,100.34207
3644,1,1,2025-09-14,Finland,Greece,91.102192,86.895533
3644,2,1,2025-09-14,Turkey,Germany,87.256473,113.19298
3645,1,1,2025-09-14,Finland,Greece,104.88098,94.498983
3645,2,1,2025-09-14,Turkey,Germany,89.470899,91.73228
3646,1,1,2025-09-14,Finland,Greece,75.096463,79.725223
3646,2,1,2025-09-14,Turkey,Germany,82.736387,88.671075
3647,1,1,2025-09-14,Finland,Greece,96.52381,74.251956
3647,2,1,2025-09-14,Turkey,Germany,61.295783,92.754971
3648,1,1,2025-09-14,Finland,Greece,80.55096,71.428237
3648,2,1,2025-09-14,Turkey,Germany,96.924708,101.92644
3649,1,1,2025-09-14,Finland,Greece,95.280474,86.074037
3649,2,1,2025-09-14,Turkey,Germany,84.097823,75.198971
3650,1,1,2025-09-14,Finland,Greece,92.617056,80.979415
3650,2,1,2025-09-14,Turkey,Germany,73.19465,79.636238
3651,1,1,2025-09-14,Finland,Greece,96.419731,79.256057
3651,2,1,2025-09-14,Turkey,Germany,78.61427,92.838764
3652,1,1,2025-09-14,Finland,Greece,106.53722,92.078986
3652,2,1,2025-09-14,Turkey,Germany,73.869201,103.70524
3653,1,1,2025-09-14,Finland,Greece,78.250533,70.550113
3653,2,1,2025-09-14,Turkey,Germany,79.406029,74.91066
3654,1,1,2025-09-14,Finland,Greece,100.98928,75.311401
3654,2,1,2025-09-14,Turkey,Germany,101.11507,91.123131
3655,1,1,2025-09-14,Finland,Greece,93.046509,79.162713
3655,2,1,2025-09-14,Turkey,Germany,99.224865,103.8381
3656,1,1,2025-09-14,Finland,Greece,98.084206,85.925093
3656,2,1,2025-09-14,Turkey,Germany,92.46677,82.684411
3657,1,1,2025-09-14,Finland,Greece,84.33772,76.083842
3657,2,1,2025-09-14,Turkey,Germany,81.916474,79.182197
3658,1,1,2025-09-14,Finland,Greece,97.442257,87.924382
3658,2,1,2025-09-14,Turkey,Germany,85.107979,97.638874
3659,1,1,2025-09-14,Finland,Greece,79.815473,70.154351
3659,2,1,2025-09-14,Turkey,Germany,91.032528,94.886291
3660,1,1,2025-09-14,Finland,Greece,104.37812,83.012313
3660,2,1,2025-09-14,Turkey,Germany,90.743407,99.407308
3661,1,1,2025-09-14,Finland,Greece,95.546415,76.237147
3661,2,1,2025-09-14,Turkey,Germany,92.101145,97.108322
3662,1,1,2025-09-14,Finland,Greece,87.295691,82.092517
3662,2,1,2025-09-14,Turkey,Germany,80.188767,95.025979
3663,1,1,2025-09-14,Finland,Greece,87.176979,69.90787
3663,2,1,2025-09-14,Turkey,Germany,82.08623,90.381903
3664,1,1,2025-09-14,Finland,Greece,77.969813,86.394651
3664,2,1,2025-09-14,Turkey,Germany,95.087394,87.606194
3665,1,1,2025-09-14,Finland,Greece,94.172471,67.488531
3665,2,1,2025-09-14,Turkey,Germany,79.343722,98.718603
3666,1,1,2025-09-14,Finland,Greece,88.860968,88.633254
3666,2,1,2025-09-14,Turkey,Germany,89.895901,107.21312
3667,1,1,2025-09-14,Finland,Greece,98.277738,92.985459
3667,2,1,2025-09-14,Turkey,Germany,69.724899,75.761222
3668,1,1,2025-09-14,Finland,Greece,87.571578,78.913092
3668,2,1,2025-09-14,Turkey,Germany,86.734041,98.409417
3669,1,1,2025-09-14,Finland,Greece,66.461495,82.220445
3669,2,1,2025-09-14,Turkey,Germany,107.0947,108.78534
3670,1,1,2025-09-14,Finland,Greece,83.18402,91.02724
3670,2,1,2025-09-14,Turkey,Germany,104.64837,110.30633
3671,1,1,2025-09-14,Finland,Greece,96.648651,77.36194
3671,2,1,2025-09-14,Turkey,Germany,70.607956,97.893223
3672,1,1,2025-09-14,Finland,Greece,108.10074,85.955141
3672,2,1,2025-09-14,Turkey,Germany,90.696198,86.596914
3673,1,1,2025-09-14,Finland,Greece,84.526577,99.498681
3673,2,1,2025-09-14,Turkey,Germany,93.371094,113.41008
3674,1,1,2025-09-14,Finland,Greece,96.734223,77.387672
3674,2,1,2025-09-14,Turkey,Germany,89.226086,99.667796
3675,1,1,2025-09-14,Finland,Greece,102.85276,67.710389
3675,2,1,2025-09-14,Turkey,Germany,91.911988,89.718741
3676,1,1,2025-09-14,Finland,Greece,83.164654,77.417472
3676,2,1,2025-09-14,Turkey,Germany,104.73517,89.059725
3677,1,1,2025-09-14,Finland,Greece,104.00283,76.346062
3677,2,1,2025-09-14,Turkey,Germany,84.027767,100.5616
3678,1,1,2025-09-14,Finland,Greece,105.12296,72.81007
3678,2,1,2025-09-14,Turkey,Germany,85.990086,86.867881
3679,1,1,2025-09-14,Finland,Greece,78.474382,66.752606
3679,2,1,2025-09-14,Turkey,Germany,95.398623,115.81159
3680,1,1,2025-09-14,Finland,Greece,90.363711,80.1515
3680,2,1,2025-09-14,Turkey,Germany,100.48913,112.88499
3681,1,1,2025-09-14,Finland,Greece,81.408913,75.812581
3681,2,1,2025-09-14,Turkey,Germany,65.26581,78.136044
3682,1,1,2025-09-14,Finland,Greece,91.209072,76.584388
3682,2,1,2025-09-14,Turkey,Germany,75.903726,78.111114
3683,1,1,2025-09-14,Finland,Greece,84.288249,79.663323
3683,2,1,2025-09-14,Turkey,Germany,78.950773,80.186697
3684,1,1,2025-09-14,Finland,Greece,105.55213,76.049203
3684,2,1,2025-09-14,Turkey,Germany,79.388488,76.886073
3685,1,1,2025-09-14,Finland,Greece,95.861581,84.116117
3685,2,1,2025-09-14,Turkey,Germany,93.360604,112.56529
3686,1,1,2025-09-14,Finland,Greece,85.066677,74.899078
3686,2,1,2025-09-14,Turkey,Germany,88.537089,105.50787
3687,1,1,2025-09-14,Finland,Greece,84.07456,78.272162
3687,2,1,2025-09-14,Turkey,Germany,75.51133,98.141138
3688,1,1,2025-09-14,Finland,Greece,85.779322,76.898838
3688,2,1,2025-09-14,Turkey,Germany,88.350838,106.04611
3689,1,1,2025-09-14,Finland,Greece,99.397906,69.448381
3689,2,1,2025-09-14,Turkey,Germany,68.732971,101.5342
3690,1,1,2025-09-14,Finland,Greece,113.5518,89.800341
3690,2,1,2025-09-14,Turkey,Germany,65.797749,77.567907
3691,1,1,2025-09-14,Finland,Greece,102.92152,91.802563
3691,2,1,2025-09-14,Turkey,Germany,94.740953,114.15272
3692,1,1,2025-09-14,Finland,Greece,92.572043,65.324557
3692,2,1,2025-09-14,Turkey,Germany,85.608039,74.825765
3693,1,1,2025-09-14,Finland,Greece,107.76765,108.35253
3693,2,1,2025-09-14,Turkey,Germany,64.97617,105.44383
3694,1,1,2025-09-14,Finland,Greece,93.960772,72.817253
3694,2,1,2025-09-14,Turkey,Germany,93.916256,99.182403
3695,1,1,2025-09-14,Finland,Greece,105.59315,93.124217
3695,2,1,2025-09-14,Turkey,Germany,73.425146,81.003825
3696,1,1,2025-09-14,Finland,Greece,102.39458,97.283548
3696,2,1,2025-09-14,Turkey,Germany,94.733213,92.93555
3697,1,1,2025-09-14,Finland,Greece,94.706256,96.976085
3697,2,1,2025-09-14,Turkey,Germany,70.820494,95.164056
3698,1,1,2025-09-14,Finland,Greece,97.544136,84.589589
3698,2,1,2025-09-14,Turkey,Germany,82.069979,83.64642
3699,1,1,2025-09-14,Finland,Greece,70.415817,66.343638
3699,2,1,2025-09-14,Turkey,Germany,78.85483,91.17259
3700,1,1,2025-09-14,Finland,Greece,100.90815,63.024612
3700,2,1,2025-09-14,Turkey,Germany,83.926621,82.200275
3701,1,1,2025-09-14,Finland,Greece,94.023376,68.722286
3701,2,1,2025-09-14,Turkey,Germany,89.663154,114.64142
3702,1,1,2025-09-14,Finland,Greece,98.243779,78.422548
3702,2,1,2025-09-14,Turkey,Germany,103.88236,93.939021
3703,1,1,2025-09-14,Finland,Greece,103.87247,86.538149
3703,2,1,2025-09-14,Turkey,Germany,59.340557,88.796326
3704,1,1,2025-09-14,Finland,Greece,105.81337,53.744063
3704,2,1,2025-09-14,Turkey,Germany,93.067212,78.602111
3705,1,1,2025-09-14,Finland,Greece,116.75469,99.943414
3705,2,1,2025-09-14,Turkey,Germany,96.397541,95.343775
3706,1,1,2025-09-14,Finland,Greece,88.687074,86.491424
3706,2,1,2025-09-14,Turkey,Germany,79.336087,93.032793
3707,1,1,2025-09-14,Finland,Greece,96.149057,80.409368
3707,2,1,2025-09-14,Turkey,Germany,104.81784,107.75502
3708,1,1,2025-09-14,Finland,Greece,104.54607,83.207569
3708,2,1,2025-09-14,Turkey,Germany,76.626851,97.524533
3709,1,1,2025-09-14,Finland,Greece,106.05048,78.701882
3709,2,1,2025-09-14,Turkey,Germany,78.60539,86.155628
3710,1,1,2025-09-14,Finland,Greece,98.202324,79.00277
3710,2,1,2025-09-14,Turkey,Germany,89.150374,94.243783
3711,1,1,2025-09-14,Finland,Greece,90.44544,73.349908
3711,2,1,2025-09-14,Turkey,Germany,72.562797,94.535918
3712,1,1,2025-09-14,Finland,Greece,94.885404,81.267894
3712,2,1,2025-09-14,Turkey,Germany,76.710792,84.473838
3713,1,1,2025-09-14,Finland,Greece,80.162762,73.502017
3713,2,1,2025-09-14,Turkey,Germany,103.04,75.67466
3714,1,1,2025-09-14,Finland,Greece,84.989803,82.592937
3714,2,1,2025-09-14,Turkey,Germany,65.839566,85.781578
3715,1,1,2025-09-14,Finland,Greece,90.951011,90.623131
3715,2,1,2025-09-14,Turkey,Germany,70.121001,89.330695
3716,1,1,2025-09-14,Finland,Greece,93.888558,83.700548
3716,2,1,2025-09-14,Turkey,Germany,88.28322,75.938481
3717,1,1,2025-09-14,Finland,Greece,78.948443,71.758931
3717,2,1,2025-09-14,Turkey,Germany,67.043798,91.855967
3718,1,1,2025-09-14,Finland,Greece,93.264035,85.178472
3718,2,1,2025-09-14,Turkey,Germany,82.570673,95.512048
3719,1,1,2025-09-14,Finland,Greece,103.1945,111.25316
3719,2,1,2025-09-14,Turkey,Germany,72.793892,96.793147
3720,1,1,2025-09-14,Finland,Greece,86.663813,77.961004
3720,2,1,2025-09-14,Turkey,Germany,85.184091,77.166685
3721,1,1,2025-09-14,Finland,Greece,90.664107,67.349493
3721,2,1,2025-09-14,Turkey,Germany,80.771291,98.995651
3722,1,1,2025-09-14,Finland,Greece,100.68221,70.992902
3722,2,1,2025-09-14,Turkey,Germany,94.823934,104.21956
3723,1,1,2025-09-14,Finland,Greece,96.372249,74.137815
3723,2,1,2025-09-14,Turkey,Germany,82.678241,92.976316
3724,1,1,2025-09-14,Finland,Greece,108.33345,95.00668
3724,2,1,2025-09-14,Turkey,Germany,46.94475,87.180247
3725,1,1,2025-09-14,Finland,Greece,75.325936,80.20877
3725,2,1,2025-09-14,Turkey,Germany,76.422001,114.64644
3726,1,1,2025-09-14,Finland,Greece,99.645856,84.950343
3726,2,1,2025-09-14,Turkey,Germany,95.046085,89.219458
3727,1,1,2025-09-14,Finland,Greece,104.87456,75.593413
3727,2,1,2025-09-14,Turkey,Germany,69.558003,94.579841
3728,1,1,2025-09-14,Finland,Greece,92.553243,71.802823
3728,2,1,2025-09-14,Turkey,Germany,76.983632,102.68936
3729,1,1,2025-09-14,Finland,Greece,98.626023,88.297832
3729,2,1,2025-09-14,Turkey,Germany,69.46985,71.351477
3730,1,1,2025-09-14,Finland,Greece,81.581188,86.6269
3730,2,1,2025-09-14,Turkey,Germany,75.176493,98.341616
3731,1,1,2025-09-14,Finland,Greece,102.4448,101.14041
3731,2,1,2025-09-14,Turkey,Germany,78.877169,91.766694
3732,1,1,2025-09-14,Finland,Greece,86.715845,78.746207
3732,2,1,2025-09-14,Turkey,Germany,69.011819,97.958392
3733,1,1,2025-09-14,Finland,Greece,96.454788,85.969743
3733,2,1,2025-09-14,Turkey,Germany,89.990014,87.466365
3734,1,1,2025-09-14,Finland,Greece,94.105307,70.38904
3734,2,1,2025-09-14,Turkey,Germany,111.17027,109.01736
3735,1,1,2025-09-14,Finland,Greece,72.196498,78.298963
3735,2,1,2025-09-14,Turkey,Germany,79.415242,103.22459
3736,1,1,2025-09-14,Finland,Greece,93.634412,75.300237
3736,2,1,2025-09-14,Turkey,Germany,85.558236,107.10108
3737,1,1,2025-09-14,Finland,Greece,85.890867,77.291524
3737,2,1,2025-09-14,Turkey,Germany,85.672713,110.54488
3738,1,1,2025-09-14,Finland,Greece,100.40742,90.300148
3738,2,1,2025-09-14,Turkey,Germany,91.549132,85.519343
3739,1,1,2025-09-14,Finland,Greece,78.121655,75.736118
3739,2,1,2025-09-14,Turkey,Germany,85.208673,105.05358
3740,1,1,2025-09-14,Finland,Greece,76.364203,71.755162
3740,2,1,2025-09-14,Turkey,Germany,79.152908,91.931727
3741,1,1,2025-09-14,Finland,Greece,86.907607,79.198198
3741,2,1,2025-09-14,Turkey,Germany,66.735932,88.957637
3742,1,1,2025-09-14,Finland,Greece,90.878671,79.212799
3742,2,1,2025-09-14,Turkey,Germany,83.870048,97.635838
3743,1,1,2025-09-14,Finland,Greece,100.54868,84.860119
3743,2,1,2025-09-14,Turkey,Germany,78.651494,92.042025
3744,1,1,2025-09-14,Finland,Greece,90.603005,83.296061
3744,2,1,2025-09-14,Turkey,Germany,98.714696,90.615585
3745,1,1,2025-09-14,Finland,Greece,94.076134,114.96885
3745,2,1,2025-09-14,Turkey,Germany,91.508233,93.492363
3746,1,1,2025-09-14,Finland,Greece,89.234624,71.617387
3746,2,1,2025-09-14,Turkey,Germany,81.650711,81.651083
3747,1,1,2025-09-14,Finland,Greece,106.11903,98.052908
3747,2,1,2025-09-14,Turkey,Germany,65.512109,81.299338
3748,1,1,2025-09-14,Finland,Greece,82.999782,86.951371
3748,2,1,2025-09-14,Turkey,Germany,88.514721,102.70612
3749,1,1,2025-09-14,Finland,Greece,99.699151,78.409136
3749,2,1,2025-09-14,Turkey,Germany,73.51839,100.7583
3750,1,1,2025-09-14,Finland,Greece,93.963911,72.836918
3750,2,1,2025-09-14,Turkey,Germany,73.882736,99.604837
3751,1,1,2025-09-14,Finland,Greece,97.741841,78.406541
3751,2,1,2025-09-14,Turkey,Germany,96.639794,100.15354
3752,1,1,2025-09-14,Finland,Greece,110.45671,78.867266
3752,2,1,2025-09-14,Turkey,Germany,67.250389,110.601
3753,1,1,2025-09-14,Finland,Greece,68.607759,90.1933
3753,2,1,2025-09-14,Turkey,Germany,72.323538,90.042952
3754,1,1,2025-09-14,Finland,Greece,77.8,103.71539
3754,2,1,2025-09-14,Turkey,Germany,50.131374,79.105685
3755,1,1,2025-09-14,Finland,Greece,97.24841,68.861795
3755,2,1,2025-09-14,Turkey,Germany,83.972171,101.61461
3756,1,1,2025-09-14,Finland,Greece,80.106603,75.150548
3756,2,1,2025-09-14,Turkey,Germany,65.912444,98.135295
3757,1,1,2025-09-14,Finland,Greece,85.445609,88.297662
3757,2,1,2025-09-14,Turkey,Germany,86.304064,105.31573
3758,1,1,2025-09-14,Finland,Greece,94.117662,75.970338
3758,2,1,2025-09-14,Turkey,Germany,90.71302,106.26664
3759,1,1,2025-09-14,Finland,Greece,88.202636,102.54081
3759,2,1,2025-09-14,Turkey,Germany,98.316842,97.962912
3760,1,1,2025-09-14,Finland,Greece,95.704032,83.613585
3760,2,1,2025-09-14,Turkey,Germany,103.58716,91.0003
3761,1,1,2025-09-14,Finland,Greece,106.67329,88.973495
3761,2,1,2025-09-14,Turkey,Germany,79.952087,104.39513
3762,1,1,2025-09-14,Finland,Greece,81.180724,94.653056
3762,2,1,2025-09-14,Turkey,Germany,117.46828,113.69123
3763,1,1,2025-09-14,Finland,Greece,94.557425,90.852373
3763,2,1,2025-09-14,Turkey,Germany,90.568694,89.213208
3764,1,1,2025-09-14,Finland,Greece,98.704782,77.757278
3764,2,1,2025-09-14,Turkey,Germany,75.899824,74.379807
3765,1,1,2025-09-14,Finland,Greece,108.70063,89.444477
3765,2,1,2025-09-14,Turkey,Germany,83.303561,103.42422
3766,1,1,2025-09-14,Finland,Greece,97.882557,84.385921
3766,2,1,2025-09-14,Turkey,Germany,58.992072,92.166116
3767,1,1,2025-09-14,Finland,Greece,104.20234,81.223765
3767,2,1,2025-09-14,Turkey,Germany,74.455077,85.041695
3768,1,1,2025-09-14,Finland,Greece,102.98073,86.453106
3768,2,1,2025-09-14,Turkey,Germany,90.232676,89.297697
3769,1,1,2025-09-14,Finland,Greece,97.998523,85.594981
3769,2,1,2025-09-14,Turkey,Germany,81.377827,78.711969
3770,1,1,2025-09-14,Finland,Greece,76.751704,88.933047
3770,2,1,2025-09-14,Turkey,Germany,81.879798,98.819802
3771,1,1,2025-09-14,Finland,Greece,86.984928,97.546664
3771,2,1,2025-09-14,Turkey,Germany,74.32818,83.330498
3772,1,1,2025-09-14,Finland,Greece,80.391373,74.829978
3772,2,1,2025-09-14,Turkey,Germany,93.594301,99.632379
3773,1,1,2025-09-14,Finland,Greece,63.710026,79.843054
3773,2,1,2025-09-14,Turkey,Germany,73.248514,74.136524
3774,1,1,2025-09-14,Finland,Greece,89.757811,79.394598
3774,2,1,2025-09-14,Turkey,Germany,94.57822,93.104839
3775,1,1,2025-09-14,Finland,Greece,91.027195,71.398828
3775,2,1,2025-09-14,Turkey,Germany,91.147404,98.214
3776,1,1,2025-09-14,Finland,Greece,90.071713,96.686701
3776,2,1,2025-09-14,Turkey,Germany,89.17952,77.947078
3777,1,1,2025-09-14,Finland,Greece,105.98401,85.898856
3777,2,1,2025-09-14,Turkey,Germany,93.435503,90.87706
3778,1,1,2025-09-14,Finland,Greece,91.411236,63.239284
3778,2,1,2025-09-14,Turkey,Germany,77.206081,100.80288
3779,1,1,2025-09-14,Finland,Greece,77.567526,56.817116
3779,2,1,2025-09-14,Turkey,Germany,75.351256,95.803161
3780,1,1,2025-09-14,Finland,Greece,85.824887,70.224583
3780,2,1,2025-09-14,Turkey,Germany,91.347392,93.710104
3781,1,1,2025-09-14,Finland,Greece,111.80682,100.0732
3781,2,1,2025-09-14,Turkey,Germany,78.510474,66.80529
3782,1,1,2025-09-14,Finland,Greece,93.487661,105.77628
3782,2,1,2025-09-14,Turkey,Germany,87.183312,99.246673
3783,1,1,2025-09-14,Finland,Greece,107.16267,78.692141
3783,2,1,2025-09-14,Turkey,Germany,62.716693,90.554047
3784,1,1,2025-09-14,Finland,Greece,105.69426,93.02147
3784,2,1,2025-09-14,Turkey,Germany,68.710031,95.715771
3785,1,1,2025-09-14,Finland,Greece,90.813919,104.8027
3785,2,1,2025-09-14,Turkey,Germany,69.759658,96.136653
3786,1,1,2025-09-14,Finland,Greece,90.099847,61.401855
3786,2,1,2025-09-14,Turkey,Germany,75.364806,94.262523
3787,1,1,2025-09-14,Finland,Greece,102.99242,90.448024
3787,2,1,2025-09-14,Turkey,Germany,62.84999,79.371942
3788,1,1,2025-09-14,Finland,Greece,91.109022,76.582245
3788,2,1,2025-09-14,Turkey,Germany,93.043663,96.507394
3789,1,1,2025-09-14,Finland,Greece,99.805939,91.772315
3789,2,1,2025-09-14,Turkey,Germany,89.763507,91.616308
3790,1,1,2025-09-14,Finland,Greece,88.271091,73.707768
3790,2,1,2025-09-14,Turkey,Germany,81.347904,76.417386
3791,1,1,2025-09-14,Finland,Greece,111.05836,86.656563
3791,2,1,2025-09-14,Turkey,Germany,92.250639,101.74991
3792,1,1,2025-09-14,Finland,Greece,89.415106,94.481498
3792,2,1,2025-09-14,Turkey,Germany,80.56879,100.61946
3793,1,1,2025-09-14,Finland,Greece,98.706678,75.830031
3793,2,1,2025-09-14,Turkey,Germany,99.12566,78.488689
3794,1,1,2025-09-14,Finland,Greece,70.025989,73.248304
3794,2,1,2025-09-14,Turkey,Germany,78.535245,98.156168
3795,1,1,2025-09-14,Finland,Greece,92.454527,85.831983
3795,2,1,2025-09-14,Turkey,Germany,77.592355,78.555347
3796,1,1,2025-09-14,Finland,Greece,78.555352,86.809908
3796,2,1,2025-09-14,Turkey,Germany,85.895446,95.828686
3797,1,1,2025-09-14,Finland,Greece,78.730654,89.664976
3797,2,1,2025-09-14,Turkey,Germany,83.329039,104.47877
3798,1,1,2025-09-14,Finland,Greece,104.914,90.319359
3798,2,1,2025-09-14,Turkey,Germany,77.532578,107.00273
3799,1,1,2025-09-14,Finland,Greece,86.144365,81.424223
3799,2,1,2025-09-14,Turkey,Germany,98.261421,80.662897
3800,1,1,2025-09-14,Finland,Greece,93.934284,83.959356
3800,2,1,2025-09-14,Turkey,Germany,81.767127,91.080219
3801,1,1,2025-09-14,Finland,Greece,79.450158,71.17776
3801,2,1,2025-09-14,Turkey,Germany,85.203721,82.468019
3802,1,1,2025-09-14,Finland,Greece,92.780914,87.637441
3802,2,1,2025-09-14,Turkey,Germany,80.30234,106.01373
3803,1,1,2025-09-14,Finland,Greece,94.683976,74.995095
3803,2,1,2025-09-14,Turkey,Germany,91.961831,95.783224
3804,1,1,2025-09-14,Finland,Greece,98.072876,86.365815
3804,2,1,2025-09-14,Turkey,Germany,75.932571,84.665486
3805,1,1,2025-09-14,Finland,Greece,74.241645,69.897954
3805,2,1,2025-09-14,Turkey,Germany,89.665568,91.076138
3806,1,1,2025-09-14,Finland,Greece,106.28149,88.216466
3806,2,1,2025-09-14,Turkey,Germany,74.122222,91.607384
3807,1,1,2025-09-14,Finland,Greece,93.418681,84.85202
3807,2,1,2025-09-14,Turkey,Germany,78.368476,80.83203
3808,1,1,2025-09-14,Finland,Greece,93.002098,94.518532
3808,2,1,2025-09-14,Turkey,Germany,95.752977,105.48371
3809,1,1,2025-09-14,Finland,Greece,73.888528,91.593845
3809,2,1,2025-09-14,Turkey,Germany,87.460259,99.49885
3810,1,1,2025-09-14,Finland,Greece,94.585176,85.002639
3810,2,1,2025-09-14,Turkey,Germany,79.512652,90.437226
3811,1,1,2025-09-14,Finland,Greece,88.264258,102.06226
3811,2,1,2025-09-14,Turkey,Germany,63.202963,74.641129
3812,1,1,2025-09-14,Finland,Greece,96.926396,83.355412
3812,2,1,2025-09-14,Turkey,Germany,101.61068,99.339552
3813,1,1,2025-09-14,Finland,Greece,95.747761,94.58865
3813,2,1,2025-09-14,Turkey,Germany,102.50926,107.08976
3814,1,1,2025-09-14,Finland,Greece,85.213969,80.176772
3814,2,1,2025-09-14,Turkey,Germany,86.043683,77.316058
3815,1,1,2025-09-14,Finland,Greece,79.414801,81.038089
3815,2,1,2025-09-14,Turkey,Germany,91.043764,100.56955
3816,1,1,2025-09-14,Finland,Greece,71.829859,94.9311
3816,2,1,2025-09-14,Turkey,Germany,81.864028,72.450567
3817,1,1,2025-09-14,Finland,Greece,106.2985,73.340511
3817,2,1,2025-09-14,Turkey,Germany,99.588086,118.95434
3818,1,1,2025-09-14,Finland,Greece,116.01534,84.815183
3818,2,1,2025-09-14,Turkey,Germany,89.696343,86.941238
3819,1,1,2025-09-14,Finland,Greece,75.76997,83.98477
3819,2,1,2025-09-14,Turkey,Germany,95.096713,115.2984
3820,1,1,2025-09-14,Finland,Greece,98.028023,88.17263
3820,2,1,2025-09-14,Turkey,Germany,68.992968,70.896707
3821,1,1,2025-09-14,Finland,Greece,80.750981,71.384152
3821,2,1,2025-09-14,Turkey,Germany,103.04857,97.858566
3822,1,1,2025-09-14,Finland,Greece,90.396217,88.043572
3822,2,1,2025-09-14,Turkey,Germany,89.684545,98.975683
3823,1,1,2025-09-14,Finland,Greece,93.798036,96.051538
3823,2,1,2025-09-14,Turkey,Germany,83.529705,83.758546
3824,1,1,2025-09-14,Finland,Greece,88.057514,76.312688
3824,2,1,2025-09-14,Turkey,Germany,91.452325,99.276702
3825,1,1,2025-09-14,Finland,Greece,65.676274,67.46098
3825,2,1,2025-09-14,Turkey,Germany,92.986004,102.67656
3826,1,1,2025-09-14,Finland,Greece,101.2298,101.55485
3826,2,1,2025-09-14,Turkey,Germany,69.140326,87.923875
3827,1,1,2025-09-14,Finland,Greece,79.488616,63.069338
3827,2,1,2025-09-14,Turkey,Germany,102.90622,85.52133
3828,1,1,2025-09-14,Finland,Greece,89.469369,85.274894
3828,2,1,2025-09-14,Turkey,Germany,75.218079,96.653557
3829,1,1,2025-09-14,Finland,Greece,106.30546,69.2998
3829,2,1,2025-09-14,Turkey,Germany,72.886375,93.014417
3830,1,1,2025-09-14,Finland,Greece,94.249845,78.246328
3830,2,1,2025-09-14,Turkey,Germany,65.871021,84.831864
3831,1,1,2025-09-14,Finland,Greece,86.26081,81.504652
3831,2,1,2025-09-14,Turkey,Germany,81.638335,88.383819
3832,1,1,2025-09-14,Finland,Greece,105.73754,92.682838
3832,2,1,2025-09-14,Turkey,Germany,81.469564,92.653221
3833,1,1,2025-09-14,Finland,Greece,106.25601,94.873031
3833,2,1,2025-09-14,Turkey,Germany,83.820036,94.013901
3834,1,1,2025-09-14,Finland,Greece,78.534678,72.399788
3834,2,1,2025-09-14,Turkey,Germany,82.634343,96.827489
3835,1,1,2025-09-14,Finland,Greece,81.586179,83.557551
3835,2,1,2025-09-14,Turkey,Germany,70.554094,71.043386
3836,1,1,2025-09-14,Finland,Greece,92.051977,70.108677
3836,2,1,2025-09-14,Turkey,Germany,107.35735,92.071892
3837,1,1,2025-09-14,Finland,Greece,91.585843,74.391637
3837,2,1,2025-09-14,Turkey,Germany,81.469953,91.444217
3838,1,1,2025-09-14,Finland,Greece,85.681002,87.743907
3838,2,1,2025-09-14,Turkey,Germany,81.427328,100.00857
3839,1,1,2025-09-14,Finland,Greece,86.793292,75.895621
3839,2,1,2025-09-14,Turkey,Germany,81.261701,115.05601
3840,1,1,2025-09-14,Finland,Greece,86.297619,97.505925
3840,2,1,2025-09-14,Turkey,Germany,76.168979,86.936629
3841,1,1,2025-09-14,Finland,Greece,115.27904,87.128944
3841,2,1,2025-09-14,Turkey,Germany,73.655236,94.356357
3842,1,1,2025-09-14,Finland,Greece,103.57754,83.546923
3842,2,1,2025-09-14,Turkey,Germany,82.612243,103.36363
3843,1,1,2025-09-14,Finland,Greece,97.627654,67.825906
3843,2,1,2025-09-14,Turkey,Germany,78.930696,96.50812
3844,1,1,2025-09-14,Finland,Greece,88.104611,67.748425
3844,2,1,2025-09-14,Turkey,Germany,105.79157,106.36914
3845,1,1,2025-09-14,Finland,Greece,87.035524,67.302768
3845,2,1,2025-09-14,Turkey,Germany,95.752415,105.65437
3846,1,1,2025-09-14,Finland,Greece,76.360331,89.192973
3846,2,1,2025-09-14,Turkey,Germany,57.963953,101.22892
3847,1,1,2025-09-14,Finland,Greece,84.822224,70.936444
3847,2,1,2025-09-14,Turkey,Germany,77.769165,102.50486
3848,1,1,2025-09-14,Finland,Greece,77.024909,72.589786
3848,2,1,2025-09-14,Turkey,Germany,77.492838,93.831412
3849,1,1,2025-09-14,Finland,Greece,95.498473,86.792345
3849,2,1,2025-09-14,Turkey,Germany,79.22901,87.775919
3850,1,1,2025-09-14,Finland,Greece,84.115818,89.832959
3850,2,1,2025-09-14,Turkey,Germany,62.508132,105.47422
3851,1,1,2025-09-14,Finland,Greece,102.57566,74.871334
3851,2,1,2025-09-14,Turkey,Germany,82.324969,80.169541
3852,1,1,2025-09-14,Finland,Greece,98.766992,80.521315
3852,2,1,2025-09-14,Turkey,Germany,96.765277,91.704653
3853,1,1,2025-09-14,Finland,Greece,76.156858,65.216953
3853,2,1,2025-09-14,Turkey,Germany,76.465766,81.813332
3854,1,1,2025-09-14,Finland,Greece,112.47468,90.572967
3854,2,1,2025-09-14,Turkey,Germany,89.429746,112.86861
3855,1,1,2025-09-14,Finland,Greece,101.19805,73.688922
3855,2,1,2025-09-14,Turkey,Germany,98.820496,102.96064
3856,1,1,2025-09-14,Finland,Greece,88.073611,66.07441
3856,2,1,2025-09-14,Turkey,Germany,91.671369,104.45478
3857,1,1,2025-09-14,Finland,Greece,75.843803,71.906715
3857,2,1,2025-09-14,Turkey,Germany,93.936606,101.67751
3858,1,1,2025-09-14,Finland,Greece,89.034825,71.673429
3858,2,1,2025-09-14,Turkey,Germany,82.435135,103.85626
3859,1,1,2025-09-14,Finland,Greece,89.807622,94.488601
3859,2,1,2025-09-14,Turkey,Germany,102.24293,85.126643
3860,1,1,2025-09-14,Finland,Greece,87.491289,66.861055
3860,2,1,2025-09-14,Turkey,Germany,88.245038,97.093524
3861,1,1,2025-09-14,Finland,Greece,121.76796,75.201823
3861,2,1,2025-09-14,Turkey,Germany,92.702033,109.70849
3862,1,1,2025-09-14,Finland,Greece,85.309279,97.199293
3862,2,1,2025-09-14,Turkey,Germany,89.803935,96.78112
3863,1,1,2025-09-14,Finland,Greece,97.637734,81.428918
3863,2,1,2025-09-14,Turkey,Germany,80.678543,92.470729
3864,1,1,2025-09-14,Finland,Greece,84.455179,73.295615
3864,2,1,2025-09-14,Turkey,Germany,85.387699,90.917046
3865,1,1,2025-09-14,Finland,Greece,105.08493,76.014751
3865,2,1,2025-09-14,Turkey,Germany,98.701697,119.89801
3866,1,1,2025-09-14,Finland,Greece,108.28097,79.683544
3866,2,1,2025-09-14,Turkey,Germany,65.218147,90.239916
3867,1,1,2025-09-14,Finland,Greece,101.22536,56.877926
3867,2,1,2025-09-14,Turkey,Germany,79.699768,92.878282
3868,1,1,2025-09-14,Finland,Greece,81.779822,56.456856
3868,2,1,2025-09-14,Turkey,Germany,59.127102,83.575484
3869,1,1,2025-09-14,Finland,Greece,82.659532,85.043241
3869,2,1,2025-09-14,Turkey,Germany,84.796594,84.736518
3870,1,1,2025-09-14,Finland,Greece,97.592941,77.0996
3870,2,1,2025-09-14,Turkey,Germany,77.751753,96.969623
3871,1,1,2025-09-14,Finland,Greece,103.19382,88.622312
3871,2,1,2025-09-14,Turkey,Germany,94.307083,93.81995
3872,1,1,2025-09-14,Finland,Greece,92.529673,84.592191
3872,2,1,2025-09-14,Turkey,Germany,74.188984,102.6166
3873,1,1,2025-09-14,Finland,Greece,95.04829,89.546683
3873,2,1,2025-09-14,Turkey,Germany,78.876406,103.42643
3874,1,1,2025-09-14,Finland,Greece,90.92278,85.62373
3874,2,1,2025-09-14,Turkey,Germany,99.800079,91.831804
3875,1,1,2025-09-14,Finland,Greece,92.619081,67.70662
3875,2,1,2025-09-14,Turkey,Germany,94.953867,102.48776
3876,1,1,2025-09-14,Finland,Greece,91.463082,72.543181
3876,2,1,2025-09-14,Turkey,Germany,94.708111,90.365962
3877,1,1,2025-09-14,Finland,Greece,103.67134,91.162369
3877,2,1,2025-09-14,Turkey,Germany,80.361602,114.94873
3878,1,1,2025-09-14,Finland,Greece,87.069177,66.990116
3878,2,1,2025-09-14,Turkey,Germany,94.983892,98.911236
3879,1,1,2025-09-14,Finland,Greece,89.159539,80.444844
3879,2,1,2025-09-14,Turkey,Germany,93.346476,83.084458
3880,1,1,2025-09-14,Finland,Greece,94.893471,73.03624
3880,2,1,2025-09-14,Turkey,Germany,87.435804,110.40523
3881,1,1,2025-09-14,Finland,Greece,77.178804,88.350813
3881,2,1,2025-09-14,Turkey,Germany,86.712405,88.461687
3882,1,1,2025-09-14,Finland,Greece,108.24211,69.004876
3882,2,1,2025-09-14,Turkey,Germany,80.272953,91.026114
3883,1,1,2025-09-14,Finland,Greece,98.662447,87.799886
3883,2,1,2025-09-14,Turkey,Germany,83.518028,88.878171
3884,1,1,2025-09-14,Finland,Greece,78.062439,51.86507
3884,2,1,2025-09-14,Turkey,Germany,97.469181,91.904442
3885,1,1,2025-09-14,Finland,Greece,85.231195,67.482407
3885,2,1,2025-09-14,Turkey,Germany,87.953942,96.8316
3886,1,1,2025-09-14,Finland,Greece,94.90295,83.151875
3886,2,1,2025-09-14,Turkey,Germany,78.973306,90.643414
3887,1,1,2025-09-14,Finland,Greece,117.55964,79.515957
3887,2,1,2025-09-14,Turkey,Germany,49.655083,83.56164
3888,1,1,2025-09-14,Finland,Greece,79.54847,75.074408
3888,2,1,2025-09-14,Turkey,Germany,83.172091,114.59854
3889,1,1,2025-09-14,Finland,Greece,80.065288,78.921701
3889,2,1,2025-09-14,Turkey,Germany,79.196898,92.613844
3890,1,1,2025-09-14,Finland,Greece,111.67647,79.58712
3890,2,1,2025-09-14,Turkey,Germany,76.437609,88.450479
3891,1,1,2025-09-14,Finland,Greece,102.22576,95.974176
3891,2,1,2025-09-14,Turkey,Germany,75.385724,104.10163
3892,1,1,2025-09-14,Finland,Greece,112.99101,98.874167
3892,2,1,2025-09-14,Turkey,Germany,90.361422,94.787382
3893,1,1,2025-09-14,Finland,Greece,98.041419,87.940686
3893,2,1,2025-09-14,Turkey,Germany,93.874384,103.06171
3894,1,1,2025-09-14,Finland,Greece,86.965001,92.635931
3894,2,1,2025-09-14,Turkey,Germany,76.858561,91.441917
3895,1,1,2025-09-14,Finland,Greece,105.98478,72.955812
3895,2,1,2025-09-14,Turkey,Germany,86.170256,81.180946
3896,1,1,2025-09-14,Finland,Greece,92.76717,80.795082
3896,2,1,2025-09-14,Turkey,Germany,83.630853,85.444574
3897,1,1,2025-09-14,Finland,Greece,115.10257,91.441208
3897,2,1,2025-09-14,Turkey,Germany,85.385758,109.10005
3898,1,1,2025-09-14,Finland,Greece,83.051158,55.881269
3898,2,1,2025-09-14,Turkey,Germany,80.686189,88.737686
3899,1,1,2025-09-14,Finland,Greece,82.238216,77.651063
3899,2,1,2025-09-14,Turkey,Germany,82.94365,76.331355
3900,1,1,2025-09-14,Finland,Greece,90.322406,79.816032
3900,2,1,2025-09-14,Turkey,Germany,66.773355,85.310888
3901,1,1,2025-09-14,Finland,Greece,92.108463,94.318741
3901,2,1,2025-09-14,Turkey,Germany,82.720204,94.565602
3902,1,1,2025-09-14,Finland,Greece,89.24833,71.587542
3902,2,1,2025-09-14,Turkey,Germany,86.226747,99.852073
3903,1,1,2025-09-14,Finland,Greece,101.72087,83.476545
3903,2,1,2025-09-14,Turkey,Germany,73.760764,91.520629
3904,1,1,2025-09-14,Finland,Greece,70.899164,96.767485
3904,2,1,2025-09-14,Turkey,Germany,77.080172,107.04083
3905,1,1,2025-09-14,Finland,Greece,100.59057,85.413746
3905,2,1,2025-09-14,Turkey,Germany,72.854351,97.614628
3906,1,1,2025-09-14,Finland,Greece,101.67005,84.413766
3906,2,1,2025-09-14,Turkey,Germany,99.011551,111.03693
3907,1,1,2025-09-14,Finland,Greece,90.879494,82.307683
3907,2,1,2025-09-14,Turkey,Germany,94.756264,93.280556
3908,1,1,2025-09-14,Finland,Greece,89.92118,78.049662
3908,2,1,2025-09-14,Turkey,Germany,70.869508,95.327167
3909,1,1,2025-09-14,Finland,Greece,104.19952,73.947076
3909,2,1,2025-09-14,Turkey,Germany,86.728487,105.10197
3910,1,1,2025-09-14,Finland,Greece,100.4921,78.484324
3910,2,1,2025-09-14,Turkey,Germany,84.92166,98.90881
3911,1,1,2025-09-14,Finland,Greece,101.82041,70.071682
3911,2,1,2025-09-14,Turkey,Germany,74.573047,98.326035
3912,1,1,2025-09-14,Finland,Greece,79.509319,94.195077
3912,2,1,2025-09-14,Turkey,Germany,86.72818,91.126868
3913,1,1,2025-09-14,Finland,Greece,91.504902,95.185291
3913,2,1,2025-09-14,Turkey,Germany,78.904436,93.114811
3914,1,1,2025-09-14,Finland,Greece,101.66049,69.724014
3914,2,1,2025-09-14,Turkey,Germany,83.635671,91.619864
3915,1,1,2025-09-14,Finland,Greece,91.600045,90.34922
3915,2,1,2025-09-14,Turkey,Germany,66.731249,88.516569
3916,1,1,2025-09-14,Finland,Greece,106.32992,90.685378
3916,2,1,2025-09-14,Turkey,Germany,74.364568,91.800561
3917,1,1,2025-09-14,Finland,Greece,114.3116,68.256345
3917,2,1,2025-09-14,Turkey,Germany,84.580919,106.81205
3918,1,1,2025-09-14,Finland,Greece,113.19594,61.539458
3918,2,1,2025-09-14,Turkey,Germany,74.23244,106.03048
3919,1,1,2025-09-14,Finland,Greece,98.343872,90.180505
3919,2,1,2025-09-14,Turkey,Germany,83.639763,97.192721
3920,1,1,2025-09-14,Finland,Greece,108.97123,107.20602
3920,2,1,2025-09-14,Turkey,Germany,61.342789,90.001534
3921,1,1,2025-09-14,Finland,Greece,101.52219,81.397644
3921,2,1,2025-09-14,Turkey,Germany,92.876161,107.67321
3922,1,1,2025-09-14,Finland,Greece,103.6444,88.397603
3922,2,1,2025-09-14,Turkey,Germany,86.720048,92.97742
3923,1,1,2025-09-14,Finland,Greece,84.953678,86.901422
3923,2,1,2025-09-14,Turkey,Germany,77.292999,72.245322
3924,1,1,2025-09-14,Finland,Greece,97.316326,104.44282
3924,2,1,2025-09-14,Turkey,Germany,90.501894,105.30753
3925,1,1,2025-09-14,Finland,Greece,99.921845,63.075778
3925,2,1,2025-09-14,Turkey,Germany,76.061768,81.429076
3926,1,1,2025-09-14,Finland,Greece,83.849153,69.570347
3926,2,1,2025-09-14,Turkey,Germany,81.870263,94.379013
3927,1,1,2025-09-14,Finland,Greece,98.31763,90.419456
3927,2,1,2025-09-14,Turkey,Germany,89.031381,93.459729
3928,1,1,2025-09-14,Finland,Greece,77.721156,82.562096
3928,2,1,2025-09-14,Turkey,Germany,81.879201,99.84882
3929,1,1,2025-09-14,Finland,Greece,81.109882,73.391299
3929,2,1,2025-09-14,Turkey,Germany,102.087,98.32171
3930,1,1,2025-09-14,Finland,Greece,101.02741,76.502578
3930,2,1,2025-09-14,Turkey,Germany,87.737833,125.16548
3931,1,1,2025-09-14,Finland,Greece,90.698386,89.709838
3931,2,1,2025-09-14,Turkey,Germany,80.40432,96.467247
3932,1,1,2025-09-14,Finland,Greece,104.69184,86.845587
3932,2,1,2025-09-14,Turkey,Germany,88.253517,97.607112
3933,1,1,2025-09-14,Finland,Greece,88.943398,91.495119
3933,2,1,2025-09-14,Turkey,Germany,77.495813,79.156379
3934,1,1,2025-09-14,Finland,Greece,89.042675,78.343244
3934,2,1,2025-09-14,Turkey,Germany,79.843227,86.652949
3935,1,1,2025-09-14,Finland,Greece,85.258304,78.34898
3935,2,1,2025-09-14,Turkey,Germany,81.986282,92.311183
3936,1,1,2025-09-14,Finland,Greece,92.84581,94.785565
3936,2,1,2025-09-14,Turkey,Germany,80.843414,99.522554
3937,1,1,2025-09-14,Finland,Greece,79.052699,88.460593
3937,2,1,2025-09-14,Turkey,Germany,89.319218,101.6648
3938,1,1,2025-09-14,Finland,Greece,88.043437,99.308416
3938,2,1,2025-09-14,Turkey,Germany,85.183601,97.586613
3939,1,1,2025-09-14,Finland,Greece,79.115694,84.463783
3939,2,1,2025-09-14,Turkey,Germany,99.332176,91.414513
3940,1,1,2025-09-14,Finland,Greece,115.23426,94.740933
3940,2,1,2025-09-14,Turkey,Germany,79.671169,92.891781
3941,1,1,2025-09-14,Finland,Greece,69.83443,69.788239
3941,2,1,2025-09-14,Turkey,Germany,106.95245,96.919678
3942,1,1,2025-09-14,Finland,Greece,99.759632,70.61823
3942,2,1,2025-09-14,Turkey,Germany,73.583649,96.230616
3943,1,1,2025-09-14,Finland,Greece,87.122403,74.735693
3943,2,1,2025-09-14,Turkey,Germany,86.792537,75.187274
3944,1,1,2025-09-14,Finland,Greece,101.83001,89.054351
3944,2,1,2025-09-14,Turkey,Germany,79.573218,111.59518
3945,1,1,2025-09-14,Finland,Greece,88.263797,67.933288
3945,2,1,2025-09-14,Turkey,Germany,108.53684,96.675332
3946,1,1,2025-09-14,Finland,Greece,122.3129,102.10561
3946,2,1,2025-09-14,Turkey,Germany,89.488141,84.81537
3947,1,1,2025-09-14,Finland,Greece,95.461162,86.39667
3947,2,1,2025-09-14,Turkey,Germany,68.9416,75.07671
3948,1,1,2025-09-14,Finland,Greece,77.251629,79.971079
3948,2,1,2025-09-14,Turkey,Germany,93.296468,86.201462
3949,1,1,2025-09-14,Finland,Greece,80.642164,68.106589
3949,2,1,2025-09-14,Turkey,Germany,90.269829,111.31674
3950,1,1,2025-09-14,Finland,Greece,97.663945,87.716016
3950,2,1,2025-09-14,Turkey,Germany,63.913517,88.053999
3951,1,1,2025-09-14,Finland,Greece,98.852062,90.749558
3951,2,1,2025-09-14,Turkey,Germany,72.834298,89.748724
3952,1,1,2025-09-14,Finland,Greece,96.595891,102.78168
3952,2,1,2025-09-14,Turkey,Germany,82.954241,96.342325
3953,1,1,2025-09-14,Finland,Greece,93.941121,73.594432
3953,2,1,2025-09-14,Turkey,Germany,94.272541,109.84213
3954,1,1,2025-09-14,Finland,Greece,94.487401,79.064362
3954,2,1,2025-09-14,Turkey,Germany,92.790543,99.974603
3955,1,1,2025-09-14,Finland,Greece,94.105193,90.53326
3955,2,1,2025-09-14,Turkey,Germany,88.114277,86.398313
3956,1,1,2025-09-14,Finland,Greece,87.123668,78.873549
3956,2,1,2025-09-14,Turkey,Germany,73.154214,100.9505
3957,1,1,2025-09-14,Finland,Greece,99.457609,93.119954
3957,2,1,2025-09-14,Turkey,Germany,88.390422,90.260793
3958,1,1,2025-09-14,Finland,Greece,85.924012,86.39071
3958,2,1,2025-09-14,Turkey,Germany,100.98931,103.10708
3959,1,1,2025-09-14,Finland,Greece,74.633706,79.053877
3959,2,1,2025-09-14,Turkey,Germany,80.333578,83.873639
3960,1,1,2025-09-14,Finland,Greece,74.665575,99.782259
3960,2,1,2025-09-14,Turkey,Germany,74.507335,87.614164
3961,1,1,2025-09-14,Finland,Greece,86.704537,81.628409
3961,2,1,2025-09-14,Turkey,Germany,97.582468,100.35144
3962,1,1,2025-09-14,Finland,Greece,86.362205,77.788422
3962,2,1,2025-09-14,Turkey,Germany,87.493237,76.76378
3963,1,1,2025-09-14,Finland,Greece,93.099791,78.810673
3963,2,1,2025-09-14,Turkey,Germany,76.190584,79.848675
3964,1,1,2025-09-14,Finland,Greece,93.18299,79.929251
3964,2,1,2025-09-14,Turkey,Germany,92.861514,93.260031
3965,1,1,2025-09-14,Finland,Greece,113.03397,70.93248
3965,2,1,2025-09-14,Turkey,Germany,84.901244,92.533475
3966,1,1,2025-09-14,Finland,Greece,86.599702,87.927532
3966,2,1,2025-09-14,Turkey,Germany,84.497898,100.95782
3967,1,1,2025-09-14,Finland,Greece,95.812961,83.775408
3967,2,1,2025-09-14,Turkey,Germany,85.015933,92.515388
3968,1,1,2025-09-14,Finland,Greece,74.136185,57.247559
3968,2,1,2025-09-14,Turkey,Germany,80.25532,95.989574
3969,1,1,2025-09-14,Finland,Greece,80.579034,76.773648
3969,2,1,2025-09-14,Turkey,Germany,75.425057,81.561325
3970,1,1,2025-09-14,Finland,Greece,103.13508,95.015885
3970,2,1,2025-09-14,Turkey,Germany,73.331376,89.020102
3971,1,1,2025-09-14,Finland,Greece,102.0423,74.185574
3971,2,1,2025-09-14,Turkey,Germany,78.001776,90.529334
3972,1,1,2025-09-14,Finland,Greece,95.413504,94.24721
3972,2,1,2025-09-14,Turkey,Germany,73.970041,97.74921
3973,1,1,2025-09-14,Finland,Greece,81.054399,95.199383
3973,2,1,2025-09-14,Turkey,Germany,81.265134,100.06805
3974,1,1,2025-09-14,Finland,Greece,111.02085,77.273055
3974,2,1,2025-09-14,Turkey,Germany,75.622778,86.991976
3975,1,1,2025-09-14,Finland,Greece,88.994567,78.451998
3975,2,1,2025-09-14,Turkey,Germany,89.209717,92.242283
3976,1,1,2025-09-14,Finland,Greece,104.34182,82.009845
3976,2,1,2025-09-14,Turkey,Germany,90.373548,106.91778
3977,1,1,2025-09-14,Finland,Greece,89.655941,71.842942
3977,2,1,2025-09-14,Turkey,Germany,74.90299,90.506177
3978,1,1,2025-09-14,Finland,Greece,81.083845,88.423779
3978,2,1,2025-09-14,Turkey,Germany,95.663161,96.300989
3979,1,1,2025-09-14,Finland,Greece,84.422932,81.051108
3979,2,1,2025-09-14,Turkey,Germany,78.9692,89.369334
3980,1,1,2025-09-14,Finland,Greece,90.14123,94.523398
3980,2,1,2025-09-14,Turkey,Germany,92.061242,101.87854
3981,1,1,2025-09-14,Finland,Greece,84.834693,62.399991
3981,2,1,2025-09-14,Turkey,Germany,77.880388,84.7828
3982,1,1,2025-09-14,Finland,Greece,82.722253,91.670199
3982,2,1,2025-09-14,Turkey,Germany,84.97734,104.21658
3983,1,1,2025-09-14,Finland,Greece,89.069348,55.420819
3983,2,1,2025-09-14,Turkey,Germany,85.660383,106.13775
3984,1,1,2025-09-14,Finland,Greece,94.856766,73.722635
3984,2,1,2025-09-14,Turkey,Germany,88.011812,97.424697
3985,1,1,2025-09-14,Finland,Greece,83.021395,90.635485
3985,2,1,2025-09-14,Turkey,Germany,93.849249,108.76166
3986,1,1,2025-09-14,Finland,Greece,84.831454,83.968885
3986,2,1,2025-09-14,Turkey,Germany,84.605489,94.612628
3987,1,1,2025-09-14,Finland,Greece,108.51303,90.906589
3987,2,1,2025-09-14,Turkey,Germany,57.032981,90.530421
3988,1,1,2025-09-14,Finland,Greece,92.147459,50.74963
3988,2,1,2025-09-14,Turkey,Germany,82.917969,103.29087
3989,1,1,2025-09-14,Finland,Greece,79.111708,95.603007
3989,2,1,2025-09-14,Turkey,Germany,54.902718,107.36353
3990,1,1,2025-09-14,Finland,Greece,84.329954,76.265193
3990,2,1,2025-09-14,Turkey,Germany,107.36178,113.01544
3991,1,1,2025-09-14,Finland,Greece,104.72766,77.984759
3991,2,1,2025-09-14,Turkey,Germany,79.681738,63.108765
3992,1,1,2025-09-14,Finland,Greece,99.495153,75.106299
3992,2,1,2025-09-14,Turkey,Germany,78.473248,97.59728
3993,1,1,2025-09-14,Finland,Greece,75.195755,71.315152
3993,2,1,2025-09-14,Turkey,Germany,95.036651,102.95771
3994,1,1,2025-09-14,Finland,Greece,101.68976,89.398671
3994,2,1,2025-09-14,Turkey,Germany,89.237835,91.036229
3995,1,1,2025-09-14,Finland,Greece,105.8513,79.25521
3995,2,1,2025-09-14,Turkey,Germany,78.73376,102.56921
3996,1,1,2025-09-14,Finland,Greece,93.217203,71.510928
3996,2,1,2025-09-14,Turkey,Germany,92.560285,115.79055
3997,1,1,2025-09-14,Finland,Greece,93.618134,88.672742
3997,2,1,2025-09-14,Turkey,Germany,79.872463,102.59021
3998,1,1,2025-09-14,Finland,Greece,108.66571,79.550752
3998,2,1,2025-09-14,Turkey,Germany,85.636372,93.961261
3999,1,1,2025-09-14,Finland,Greece,96.70851,67.104743
3999,2,1,2025-09-14,Turkey,Germany,80.159651,85.783363
4000,1,1,2025-09-14,Finland,Greece,98.299749,84.599687
4000,2,1,2025-09-14,Turkey,Germany,77.523681,85.19541
